split,image,image_path,group,width,height,resized_width,resized_height,x1,y1,x2,y2,w_px_640,h_px_640,area_px_640,short_px_640,size_bin,nearest_bat_px_640,bat_relation,edge_distance_px_640,blur_score,w_cell_p4,h_cell_p4,short_cell_p4,w_cell_p8,h_cell_p8,short_cell_p8,w_cell_p16,h_cell_p16,short_cell_p16,flag_full_none,full_flag_full_none,score_full_none,full_score_full_none,flag_r1_gray,full_flag_r1_gray,score_r1_gray,full_score_r1_gray,flag_r1_mean,full_flag_r1_mean,score_r1_mean,full_score_r1_mean,flag_r2_gray,full_flag_r2_gray,score_r2_gray,full_score_r2_gray,flag_r2_mean,full_flag_r2_mean,score_r2_mean,full_score_r2_mean,flag_r4_gray,full_flag_r4_gray,score_r4_gray,full_score_r4_gray,flag_r4_mean,full_flag_r4_mean,score_r4_mean,full_score_r4_mean,flag_r8_gray,full_flag_r8_gray,score_r8_gray,full_score_r8_gray,flag_r8_mean,full_flag_r8_mean,score_r8_mean,full_score_r8_mean
valid,000000005614_jpg.rf.962054456b085c76be3e71cb0709b487.jpg,/home/hplab/uxin/yolo11/pose_dataset/bbt5.v1i.yolov8/valid/images/000000005614_jpg.rf.962054456b085c76be3e71cb0709b487.jpg,000000005614,640.0,426.0,640,426,332.5,282.0,345.5,296.0,13.0,14.000000000000002,182.00000000000003,13.0,8-16,179.33279120116322,far,130.0,2447.52685546875,3.25,3.5000000000000004,3.25,1.625,1.7500000000000002,1.625,0.8125,0.8750000000000001,0.8125,1,1,0.33467453718185425,0.33467453718185425,0,1,0.0,0.33467453718185425,1,1,0.2639193832874298,0.33467453718185425,0,1,0.0,0.33467453718185425,0,1,0.0,0.33467453718185425,0,1,0.0,0.33467453718185425,1,1,0.3613772392272949,0.33467453718185425,0,1,0.0,0.33467453718185425,1,1,0.37153249979019165,0.33467453718185425
valid,000000010817_jpg.rf.3e587d78199227f867545e6449865171.jpg,/home/hplab/uxin/yolo11/pose_dataset/bbt5.v1i.yolov8/valid/images/000000010817_jpg.rf.3e587d78199227f867545e6449865171.jpg,000000010817,640.0,480.0,640,480,181.5,222.0,192.5,234.0,11.0,12.0,132.0,11.0,8-16,79.0,far,181.5,574.274169921875,2.75,3.0,2.75,1.375,1.5,1.375,0.6875,0.75,0.6875,1,1,0.7307120561599731,0.7307120561599731,0,1,0.0,0.7307120561599731,0,1,0.0,0.7307120561599731,0,1,0.0,0.7307120561599731,0,1,0.0,0.7307120561599731,1,1,0.7271968722343445,0.7307120561599731,1,1,0.7359654903411865,0.7307120561599731,1,1,0.7495562434196472,0.7307120561599731,1,1,0.7405813336372375,0.7307120561599731
valid,000000011107_jpg.rf.7beef039d304e3fd830d017e51fadeb0.jpg,/home/hplab/uxin/yolo11/pose_dataset/bbt5.v1i.yolov8/valid/images/000000011107_jpg.rf.7beef039d304e3fd830d017e51fadeb0.jpg,000000011107,640.0,500.0,640,500,387.5,329.5,398.5,342.5,11.0,13.0,143.0,11.0,8-16,142.89594115999236,far,157.5,2317.9541015625,2.75,3.25,2.75,1.375,1.625,1.375,0.6875,0.8125,0.6875,0,0,0.0,0.0,0,0,0.0,0.0,0,0,0.0,0.0,0,0,0.0,0.0,0,0,0.0,0.0,0,0,0.0,0.0,0,0,0.0,0.0,0,0,0.0,0.0,0,0,0.0,0.0
valid,000000018290_jpg.rf.ff1332156f1b398e0e1433dc6b488b62.jpg,/home/hplab/uxin/yolo11/pose_dataset/bbt5.v1i.yolov8/valid/images/000000018290_jpg.rf.ff1332156f1b398e0e1433dc6b488b62.jpg,000000018290,640.0,379.0,640,379,337.0,224.0,351.0,242.0,14.0,18.0,252.0,14.0,8-16,0.0,overlap,137.0,418.0708312988281,3.5,4.5,3.5,1.75,2.25,1.75,0.875,1.125,0.875,0,0,0.0,0.0,0,0,0.0,0.0,0,0,0.0,0.0,0,0,0.0,0.0,0,0,0.0,0.0,0,0,0.0,0.0,0,0,0.0,0.0,0,0,0.0,0.0,0,0,0.0,0.0
valid,000000019472_jpg.rf.2e9feb6d7d82e562809ef261252ecb35.jpg,/home/hplab/uxin/yolo11/pose_dataset/bbt5.v1i.yolov8/valid/images/000000019472_jpg.rf.2e9feb6d7d82e562809ef261252ecb35.jpg,000000019472,504.0,640.0,504,640,303.0,280.0,333.0,302.0,30.0,22.0,660.0,22.0,16-32,0.0,overlap,171.0,226.61306762695312,7.5,5.5,5.5,3.75,2.75,2.75,1.875,1.375,1.375,0,0,0.0,0.0,0,0,0.0,0.0,0,0,0.0,0.0,0,0,0.0,0.0,0,0,0.0,0.0,0,0,0.0,0.0,0,0,0.0,0.0,0,0,0.0,0.0,0,0,0.0,0.0
valid,000000035552_jpg.rf.34efd91d8606b813efb2a4e085b8adf5.jpg,/home/hplab/uxin/yolo11/pose_dataset/bbt5.v1i.yolov8/valid/images/000000035552_jpg.rf.34efd91d8606b813efb2a4e085b8adf5.jpg,000000035552,640.0,427.0,640,427,441.0,277.5,465.0,302.5,24.0,25.0,600.0,24.0,16-32,41.0,far,124.5,1863.9810791015625,6.0,6.25,6.0,3.0,3.125,3.0,1.5,1.5625,1.5,0,0,0.0,0.0,0,0,0.0,0.0,0,0,0.0,0.0,0,0,0.0,0.0,0,0,0.0,0.0,0,0,0.0,0.0,0,0,0.0,0.0,0,0,0.0,0.0,0,0,0.0,0.0
valid,000000036816_jpg.rf.d13161e5dd3c7f06dc6a1a43ab2648c2.jpg,/home/hplab/uxin/yolo11/pose_dataset/bbt5.v1i.yolov8/valid/images/000000036816_jpg.rf.d13161e5dd3c7f06dc6a1a43ab2648c2.jpg,000000036816,640.0,427.0,640,427,324.5,165.5,337.5,176.5,13.0,11.0,143.0,11.0,8-16,66.5,far,165.5,4185.857421875,3.25,2.75,2.75,1.625,1.375,1.375,0.8125,0.6875,0.6875,0,0,0.0,0.0,1,0,0.3614458739757538,0.0,1,0,0.42001867294311523,0.0,1,0,0.5764071941375732,0.0,1,0,0.6508608460426331,0.0,1,0,0.3955480754375458,0.0,1,0,0.48746761679649353,0.0,1,0,0.44771358370780945,0.0,1,0,0.3049820065498352,0.0
valid,000000043657_jpg.rf.7599b0b431a00676dbf55b722f944971.jpg,/home/hplab/uxin/yolo11/pose_dataset/bbt5.v1i.yolov8/valid/images/000000043657_jpg.rf.7599b0b431a00676dbf55b722f944971.jpg,000000043657,640.0,480.0,640,480,274.0,289.0,286.0,301.0,12.0,12.0,144.0,12.0,8-16,105.05355776935876,far,179.0,1108.5599365234375,3.0,3.0,3.0,1.5,1.5,1.5,0.75,0.75,0.75,0,0,0.0,0.0,0,0,0.0,0.0,1,0,0.46528446674346924,0.0,0,0,0.0,0.0,0,0,0.0,0.0,0,0,0.0,0.0,1,0,0.4241492748260498,0.0,0,0,0.0,0.0,0,0,0.0,0.0
valid,000000044795_jpg.rf.9b7d851b319565dd5310d369b58a8862.jpg,/home/hplab/uxin/yolo11/pose_dataset/bbt5.v1i.yolov8/valid/images/000000044795_jpg.rf.9b7d851b319565dd5310d369b58a8862.jpg,000000044795,640.0,426.0,640,426,497.5,205.0,514.5,223.0,17.0,18.0,306.0,17.0,16-32,70.5,far,125.5,150.4868927001953,4.25,4.5,4.25,2.125,2.25,2.125,1.0625,1.125,1.0625,1,1,0.7979443669319153,0.7979443669319153,1,1,0.5190684795379639,0.7979443669319153,1,1,0.8533877730369568,0.7979443669319153,0,1,0.0,0.7979443669319153,0,1,0.0,0.7979443669319153,1,1,0.6797606348991394,0.7979443669319153,1,1,0.7686310410499573,0.7979443669319153,1,1,0.7524933815002441,0.7979443669319153,1,1,0.7602015733718872,0.7979443669319153
valid,000000046981_jpg.rf.9601be643c7c200394c6c76bd83b94df.jpg,/home/hplab/uxin/yolo11/pose_dataset/bbt5.v1i.yolov8/valid/images/000000046981_jpg.rf.9601be643c7c200394c6c76bd83b94df.jpg,000000046981,640.0,480.0,640,480,114.5,192.0,131.5,212.0,17.0,20.0,340.0,17.0,16-32,0.0,overlap,114.5,1976.0091552734375,4.25,5.0,4.25,2.125,2.5,2.125,1.0625,1.25,1.0625,1,1,0.27608782052993774,0.27608782052993774,0,1,0.0,0.27608782052993774,1,1,0.7913994193077087,0.27608782052993774,0,1,0.0,0.27608782052993774,0,1,0.0,0.27608782052993774,0,1,0.0,0.27608782052993774,0,1,0.0,0.27608782052993774,0,1,0.0,0.27608782052993774,1,1,0.4063718020915985,0.27608782052993774
valid,000000047832_jpg.rf.1762de6ca76a4f170072eb4a6c1baccf.jpg,/home/hplab/uxin/yolo11/pose_dataset/bbt5.v1i.yolov8/valid/images/000000047832_jpg.rf.1762de6ca76a4f170072eb4a6c1baccf.jpg,000000047832,640.0,425.0,640,425,220.0,131.5,252.0,160.5,32.0,29.0,928.0,29.0,16-32,0.0,overlap,131.5,1290.13330078125,8.0,7.25,7.25,4.0,3.625,3.625,2.0,1.8125,1.8125,0,0,0.0,0.0,0,0,0.0,0.0,0,0,0.0,0.0,0,0,0.0,0.0,0,0,0.0,0.0,0,0,0.0,0.0,0,0,0.0,0.0,0,0,0.0,0.0,0,0,0.0,0.0
valid,000000048636_jpg.rf.0c7632787180f5d279a4b7592e093fbe.jpg,/home/hplab/uxin/yolo11/pose_dataset/bbt5.v1i.yolov8/valid/images/000000048636_jpg.rf.0c7632787180f5d279a4b7592e093fbe.jpg,000000048636,640.0,427.0,640,427,258.0,272.5,274.0,289.5,16.0,17.0,272.0,16.0,16-32,0.0,overlap,137.5,1183.7288818359375,4.0,4.25,4.0,2.0,2.125,2.0,1.0,1.0625,1.0,1,1,0.6407783031463623,0.6407783031463623,1,1,0.27595293521881104,0.6407783031463623,1,1,0.49642813205718994,0.6407783031463623,1,1,0.6434838175773621,0.6407783031463623,1,1,0.6315995454788208,0.6407783031463623,0,1,0.0,0.6407783031463623,1,1,0.3876878321170807,0.6407783031463623,1,1,0.6267254948616028,0.6407783031463623,1,1,0.6611453294754028,0.6407783031463623
valid,000000057827_jpg.rf.c2a73a308776f6b7926ea323ee3b8d50.jpg,/home/hplab/uxin/yolo11/pose_dataset/bbt5.v1i.yolov8/valid/images/000000057827_jpg.rf.c2a73a308776f6b7926ea323ee3b8d50.jpg,000000057827,640.0,480.0,640,480,439.5,173.5,454.5,188.5,15.0,15.0,225.0,15.0,8-16,112.5,far,173.5,4398.0986328125,3.75,3.75,3.75,1.875,1.875,1.875,0.9375,0.9375,0.9375,1,1,0.7431555986404419,0.7431555986404419,0,1,0.0,0.7431555986404419,0,1,0.0,0.7431555986404419,1,1,0.5823562145233154,0.7431555986404419,1,1,0.6922092437744141,0.7431555986404419,1,1,0.7510825991630554,0.7431555986404419,1,1,0.752736508846283,0.7431555986404419,1,1,0.7399687170982361,0.7431555986404419,1,1,0.7393819689750671,0.7431555986404419
valid,000000069194_jpg.rf.cba7b090a2a36e6c725390275a695373.jpg,/home/hplab/uxin/yolo11/pose_dataset/bbt5.v1i.yolov8/valid/images/000000069194_jpg.rf.cba7b090a2a36e6c725390275a695373.jpg,000000069194,640.0,453.0,640,453,6.5,179.0,33.5,203.0,27.0,24.0,648.0,24.0,16-32,136.5,far,6.5,586.5941772460938,6.75,6.0,6.0,3.375,3.0,3.0,1.6875,1.5,1.5,0,0,0.0,0.0,0,0,0.0,0.0,0,0,0.0,0.0,0,0,0.0,0.0,0,0,0.0,0.0,0,0,0.0,0.0,0,0,0.0,0.0,0,0,0.0,0.0,0,0,0.0,0.0
valid,000000118848_jpg.rf.2ef8740d0f09423889d7df9c9fb96636.jpg,/home/hplab/uxin/yolo11/pose_dataset/bbt5.v1i.yolov8/valid/images/000000118848_jpg.rf.2ef8740d0f09423889d7df9c9fb96636.jpg,000000118848,640.0,424.0,640,424,452.0,195.0,470.0,211.0,18.0,16.0,288.0,16.0,16-32,72.0,far,170.0,1470.992919921875,4.5,4.0,4.0,2.25,2.0,2.0,1.125,1.0,1.0,1,1,0.6776493787765503,0.6776493787765503,0,1,0.0,0.6776493787765503,0,1,0.0,0.6776493787765503,0,1,0.0,0.6776493787765503,1,1,0.4192669689655304,0.6776493787765503,0,1,0.0,0.6776493787765503,1,1,0.588490903377533,0.6776493787765503,1,1,0.6359707117080688,0.6776493787765503,1,1,0.7154977917671204,0.6776493787765503
valid,000000132615_jpg.rf.47f1de6c07d298c3ffae83980fe28325.jpg,/home/hplab/uxin/yolo11/pose_dataset/bbt5.v1i.yolov8/valid/images/000000132615_jpg.rf.47f1de6c07d298c3ffae83980fe28325.jpg,000000132615,640.0,427.0,640,427,257.0,270.0,275.0,288.0,18.0,18.0,324.0,18.0,16-32,0.0,overlap,139.0,625.4995727539062,4.5,4.5,4.5,2.25,2.25,2.25,1.125,1.125,1.125,1,1,0.683388888835907,0.683388888835907,1,1,0.7751083970069885,0.683388888835907,1,1,0.7360363006591797,0.683388888835907,1,1,0.675688624382019,0.683388888835907,1,1,0.6658909320831299,0.683388888835907,1,1,0.3785054683685303,0.683388888835907,1,1,0.43779805302619934,0.683388888835907,1,1,0.6372070908546448,0.683388888835907,1,1,0.6763688325881958,0.683388888835907
valid,000000145926_jpg.rf.54df5e5d0a6710b69a34722d3355b1fb.jpg,/home/hplab/uxin/yolo11/pose_dataset/bbt5.v1i.yolov8/valid/images/000000145926_jpg.rf.54df5e5d0a6710b69a34722d3355b1fb.jpg,000000145926,640.0,561.0,640,561,581.5,108.0,602.5,126.0,21.0,18.000000000000004,378.00000000000006,18.000000000000004,16-32,inf,no_bat,37.5,3142.0927734375,5.25,4.500000000000001,4.500000000000001,2.625,2.2500000000000004,2.2500000000000004,1.3125,1.1250000000000002,1.1250000000000002,0,0,0.0,0.0,0,0,0.0,0.0,0,0,0.0,0.0,0,0,0.0,0.0,0,0,0.0,0.0,0,0,0.0,0.0,0,0,0.0,0.0,0,0,0.0,0.0,0,0,0.0,0.0
valid,000000153080_jpg.rf.eb78df54eea6e1a51ae5ce2a9e973cfe.jpg,/home/hplab/uxin/yolo11/pose_dataset/bbt5.v1i.yolov8/valid/images/000000153080_jpg.rf.eb78df54eea6e1a51ae5ce2a9e973cfe.jpg,000000153080,640.0,428.0,640,428,534.5,133.5,549.5,148.5,15.0,14.999999999999998,224.99999999999997,14.999999999999998,8-16,62.36184731067546,far,90.5,740.9872436523438,3.75,3.7499999999999996,3.7499999999999996,1.875,1.8749999999999998,1.8749999999999998,0.9375,0.9374999999999999,0.9374999999999999,1,1,0.7551980018615723,0.7551980018615723,0,1,0.0,0.7551980018615723,1,1,0.7576161623001099,0.7551980018615723,1,1,0.742425799369812,0.7551980018615723,1,1,0.7240921258926392,0.7551980018615723,1,1,0.7669220566749573,0.7551980018615723,1,1,0.7537233829498291,0.7551980018615723,1,1,0.757866621017456,0.7551980018615723,1,1,0.7596549987792969,0.7551980018615723
valid,000000162189_jpg.rf.f8907983c738d1a47cac36086273c3cf.jpg,/home/hplab/uxin/yolo11/pose_dataset/bbt5.v1i.yolov8/valid/images/000000162189_jpg.rf.f8907983c738d1a47cac36086273c3cf.jpg,000000162189,640.0,427.0,640,427,583.0,283.0,595.0,297.0,12.0,14.0,168.0,12.0,8-16,78.60184476206649,far,45.0,3173.1181640625,3.0,3.5,3.0,1.5,1.75,1.5,0.75,0.875,0.75,0,0,0.0,0.0,0,0,0.0,0.0,0,0,0.0,0.0,0,0,0.0,0.0,0,0,0.0,0.0,0,0,0.0,0.0,0,0,0.0,0.0,0,0,0.0,0.0,0,0,0.0,0.0
valid,000000165638_jpg.rf.1cb83ee7e1f8ebbbde71922040bd24c1.jpg,/home/hplab/uxin/yolo11/pose_dataset/bbt5.v1i.yolov8/valid/images/000000165638_jpg.rf.1cb83ee7e1f8ebbbde71922040bd24c1.jpg,000000165638,640.0,428.0,640,428,533.5,147.0,548.5,161.0,15.0,13.999999999999998,209.99999999999997,13.999999999999998,8-16,62.0,far,91.5,13388.990234375,3.75,3.4999999999999996,3.4999999999999996,1.875,1.7499999999999998,1.7499999999999998,0.9375,0.8749999999999999,0.8749999999999999,0,0,0.0,0.0,1,0,0.7153453826904297,0.0,1,0,0.7706071734428406,0.0,0,0,0.0,0.0,0,0,0.0,0.0,0,0,0.0,0.0,0,0,0.0,0.0,0,0,0.0,0.0,0,0,0.0,0.0
valid,000000199720_jpg.rf.3b29d18bafae1543b3ad4f2ddb9394b3.jpg,/home/hplab/uxin/yolo11/pose_dataset/bbt5.v1i.yolov8/valid/images/000000199720_jpg.rf.3b29d18bafae1543b3ad4f2ddb9394b3.jpg,000000199720,640.0,446.0,640,446,194.0,215.0,216.0,233.0,22.0,18.0,396.0,18.0,16-32,inf,no_bat,194.0,108.03473663330078,5.5,4.5,4.5,2.75,2.25,2.25,1.375,1.125,1.125,0,0,0.0,0.0,0,0,0.0,0.0,1,0,0.37536218762397766,0.0,0,0,0.0,0.0,0,0,0.0,0.0,0,0,0.0,0.0,0,0,0.0,0.0,0,0,0.0,0.0,0,0,0.0,0.0
valid,000000208955_jpg.rf.ba145ea9c6dee1cf0342cffd2c39e657.jpg,/home/hplab/uxin/yolo11/pose_dataset/bbt5.v1i.yolov8/valid/images/000000208955_jpg.rf.ba145ea9c6dee1cf0342cffd2c39e657.jpg,000000208955,640.0,480.0,640,480,318.0,116.5,328.0,127.5,10.0,11.0,110.0,10.0,8-16,178.5,far,116.5,994.696533203125,2.5,2.75,2.5,1.25,1.375,1.25,0.625,0.6875,0.625,1,1,0.6967673897743225,0.6967673897743225,0,1,0.0,0.6967673897743225,1,1,0.7391197085380554,0.6967673897743225,0,1,0.0,0.6967673897743225,1,1,0.6710218787193298,0.6967673897743225,1,1,0.6842988133430481,0.6967673897743225,1,1,0.7150478959083557,0.6967673897743225,1,1,0.6736533045768738,0.6967673897743225,1,1,0.6808191537857056,0.6967673897743225
valid,000000219690_jpg.rf.a0a850921db448a05362068dee3cdae7.jpg,/home/hplab/uxin/yolo11/pose_dataset/bbt5.v1i.yolov8/valid/images/000000219690_jpg.rf.a0a850921db448a05362068dee3cdae7.jpg,000000219690,640.0,427.0,640,427,435.5,137.0,456.5,159.0,21.0,22.0,462.0,21.0,16-32,0.0,overlap,137.0,746.7130737304688,5.25,5.5,5.25,2.625,2.75,2.625,1.3125,1.375,1.3125,1,1,0.8534536361694336,0.8534536361694336,0,1,0.0,0.8534536361694336,1,1,0.8327404260635376,0.8534536361694336,1,1,0.6425912380218506,0.8534536361694336,1,1,0.7887596487998962,0.8534536361694336,1,1,0.8007614016532898,0.8534536361694336,1,1,0.7713407874107361,0.8534536361694336,1,1,0.7602989673614502,0.8534536361694336,1,1,0.8060832023620605,0.8534536361694336
valid,000000233348_jpg.rf.4146b87fdd1d92ca1916e474c1b64575.jpg,/home/hplab/uxin/yolo11/pose_dataset/bbt5.v1i.yolov8/valid/images/000000233348_jpg.rf.4146b87fdd1d92ca1916e474c1b64575.jpg,000000233348,640.0,425.0,640,425,318.5,22.0,329.5,34.0,11.0,12.0,132.0,11.0,8-16,104.67210707729161,far,22.0,3273.318603515625,2.75,3.0,2.75,1.375,1.5,1.375,0.6875,0.75,0.6875,1,1,0.7537751793861389,0.7537751793861389,1,1,0.4819813668727875,0.7537751793861389,1,1,0.7577853202819824,0.7537751793861389,1,1,0.6826795935630798,0.7537751793861389,1,1,0.7301139831542969,0.7537751793861389,1,1,0.7318418025970459,0.7537751793861389,1,1,0.7474320530891418,0.7537751793861389,1,1,0.7452244162559509,0.7537751793861389,1,1,0.7408523559570312,0.7537751793861389
valid,000000300772_jpg.rf.ea3aa3181e5842502bf15b6f0851685c.jpg,/home/hplab/uxin/yolo11/pose_dataset/bbt5.v1i.yolov8/valid/images/000000300772_jpg.rf.ea3aa3181e5842502bf15b6f0851685c.jpg,000000300772,640.0,640.0,640,640,66.0,137.0,102.0,171.0,36.0,34.0,1224.0,34.0,>=32,334.37852801877096,far,66.0,1068.8048095703125,9.0,8.5,8.5,4.5,4.25,4.25,2.25,2.125,2.125,0,0,0.0,0.0,0,0,0.0,0.0,0,0,0.0,0.0,0,0,0.0,0.0,0,0,0.0,0.0,0,0,0.0,0.0,0,0,0.0,0.0,0,0,0.0,0.0,0,0,0.0,0.0
valid,000000304083_jpg.rf.54430687eba17e818ae750adaa180c28.jpg,/home/hplab/uxin/yolo11/pose_dataset/bbt5.v1i.yolov8/valid/images/000000304083_jpg.rf.54430687eba17e818ae750adaa180c28.jpg,000000304083,640.0,480.0,640,480,273.5,305.5,292.5,324.5,19.0,19.0,361.0,19.0,16-32,0.0,overlap,155.5,383.0936584472656,4.75,4.75,4.75,2.375,2.375,2.375,1.1875,1.1875,1.1875,1,1,0.702294111251831,0.702294111251831,1,1,0.4334757626056671,0.702294111251831,1,1,0.40294045209884644,0.702294111251831,0,1,0.0,0.702294111251831,1,1,0.4105546474456787,0.702294111251831,0,1,0.0,0.702294111251831,0,1,0.0,0.702294111251831,0,1,0.0,0.702294111251831,1,1,0.6404754519462585,0.702294111251831
valid,000000318733_jpg.rf.67c537c5826ab8c21969942f5b7586c5.jpg,/home/hplab/uxin/yolo11/pose_dataset/bbt5.v1i.yolov8/valid/images/000000318733_jpg.rf.67c537c5826ab8c21969942f5b7586c5.jpg,000000318733,409.0,640.0,409,640,209.0,183.0,243.0,213.0,34.0,30.0,1020.0,30.0,16-32,0.0,overlap,166.0,482.3824157714844,8.5,7.5,7.5,4.25,3.75,3.75,2.125,1.875,1.875,0,0,0.0,0.0,0,0,0.0,0.0,0,0,0.0,0.0,0,0,0.0,0.0,0,0,0.0,0.0,0,0,0.0,0.0,0,0,0.0,0.0,0,0,0.0,0.0,0,0,0.0,0.0
valid,000000343227_jpg.rf.ae16e55509fa7a36a3a6dbd29edcafdc.jpg,/home/hplab/uxin/yolo11/pose_dataset/bbt5.v1i.yolov8/valid/images/000000343227_jpg.rf.ae16e55509fa7a36a3a6dbd29edcafdc.jpg,000000343227,640.0,427.0,640,427,362.5,80.0,387.5,112.0,25.0,32.0,800.0,25.0,16-32,200.35780493906395,far,80.0,30064.025390625,6.25,8.0,6.25,3.125,4.0,3.125,1.5625,2.0,1.5625,1,1,0.2507931888103485,0.2507931888103485,1,1,0.5449893474578857,0.2507931888103485,0,1,0.0,0.2507931888103485,1,1,0.2915002703666687,0.2507931888103485,0,1,0.0,0.2507931888103485,1,1,0.4436171054840088,0.2507931888103485,1,1,0.47173866629600525,0.2507931888103485,0,1,0.0,0.2507931888103485,0,1,0.0,0.2507931888103485
valid,000000359497_jpg.rf.3f3b4d6d03cc03d7dadc3f7f5c409a17.jpg,/home/hplab/uxin/yolo11/pose_dataset/bbt5.v1i.yolov8/valid/images/000000359497_jpg.rf.3f3b4d6d03cc03d7dadc3f7f5c409a17.jpg,000000359497,640.0,398.0,640,398,582.5,201.0,599.5,219.0,17.0,18.0,306.0,17.0,16-32,0.0,overlap,40.5,1172.02783203125,4.25,4.5,4.25,2.125,2.25,2.125,1.0625,1.125,1.0625,0,0,0.0,0.0,0,0,0.0,0.0,0,0,0.0,0.0,0,0,0.0,0.0,0,0,0.0,0.0,0,0,0.0,0.0,0,0,0.0,0.0,0,0,0.0,0.0,0,0,0.0,0.0
valid,000000360452_jpg.rf.ef220a54e1c471bfab3ce2b46b14faec.jpg,/home/hplab/uxin/yolo11/pose_dataset/bbt5.v1i.yolov8/valid/images/000000360452_jpg.rf.ef220a54e1c471bfab3ce2b46b14faec.jpg,000000360452,640.0,420.0,640,420,603.5,178.0,622.5,194.0,19.0,16.0,304.0,16.0,16-32,102.96115772464877,far,17.5,1941.7412109375,4.75,4.0,4.0,2.375,2.0,2.0,1.1875,1.0,1.0,1,1,0.7907664775848389,0.7907664775848389,0,1,0.0,0.7907664775848389,1,1,0.6382471919059753,0.7907664775848389,1,1,0.41060760617256165,0.7907664775848389,1,1,0.7282917499542236,0.7907664775848389,1,1,0.7812190055847168,0.7907664775848389,1,1,0.7929533123970032,0.7907664775848389,1,1,0.7911254167556763,0.7907664775848389,1,1,0.7933709621429443,0.7907664775848389
valid,000000378970_jpg.rf.ba058898ddc91208658ba6f036c0c464.jpg,/home/hplab/uxin/yolo11/pose_dataset/bbt5.v1i.yolov8/valid/images/000000378970_jpg.rf.ba058898ddc91208658ba6f036c0c464.jpg,000000378970,640.0,480.0,640,480,168.0,219.5,186.0,234.5,18.0,15.0,270.0,15.0,8-16,21.523243250030884,near,168.0,284.7549133300781,4.5,3.75,3.75,2.25,1.875,1.875,1.125,0.9375,0.9375,1,1,0.7418712377548218,0.7418712377548218,0,1,0.0,0.7418712377548218,1,1,0.7795998454093933,0.7418712377548218,1,1,0.7563024759292603,0.7418712377548218,1,1,0.765600860118866,0.7418712377548218,1,1,0.7746672034263611,0.7418712377548218,1,1,0.7637231945991516,0.7418712377548218,1,1,0.7645361423492432,0.7418712377548218,1,1,0.762790322303772,0.7418712377548218
valid,000000395291_jpg.rf.fff71460bab24fd97b09cfbd9a6d906a.jpg,/home/hplab/uxin/yolo11/pose_dataset/bbt5.v1i.yolov8/valid/images/000000395291_jpg.rf.fff71460bab24fd97b09cfbd9a6d906a.jpg,000000395291,640.0,480.0,640,480,17.0,196.0,37.0,218.0,20.0,22.0,440.0,20.0,16-32,236.2763212850581,far,17.0,927.8021240234375,5.0,5.5,5.0,2.5,2.75,2.5,1.25,1.375,1.25,1,1,0.8170462250709534,0.8170462250709534,0,1,0.0,0.8170462250709534,0,1,0.0,0.8170462250709534,0,1,0.0,0.8170462250709534,1,1,0.5991280674934387,0.8170462250709534,1,1,0.7775713205337524,0.8170462250709534,1,1,0.8177601099014282,0.8170462250709534,1,1,0.8213068246841431,0.8170462250709534,1,1,0.8217365741729736,0.8170462250709534
valid,000000449119_jpg.rf.57177b2ee0912dc4f6cdeea947aa46de.jpg,/home/hplab/uxin/yolo11/pose_dataset/bbt5.v1i.yolov8/valid/images/000000449119_jpg.rf.57177b2ee0912dc4f6cdeea947aa46de.jpg,000000449119,640.0,480.0,640,480,170.0,303.0,184.0,317.0,14.0,14.0,196.0,14.0,8-16,8.631338250816034,near,163.0,2245.198486328125,3.5,3.5,3.5,1.75,1.75,1.75,0.875,0.875,0.875,0,0,0.0,0.0,0,0,0.0,0.0,1,0,0.3352641761302948,0.0,0,0,0.0,0.0,0,0,0.0,0.0,0,0,0.0,0.0,0,0,0.0,0.0,0,0,0.0,0.0,0,0,0.0,0.0
valid,000000466422_jpg.rf.6f4a66aab8c98b7e454ca3e1a8c3b740.jpg,/home/hplab/uxin/yolo11/pose_dataset/bbt5.v1i.yolov8/valid/images/000000466422_jpg.rf.6f4a66aab8c98b7e454ca3e1a8c3b740.jpg,000000466422,427.0,640.0,427,640,194.0,290.0,216.0,308.0,22.0,18.0,396.0,18.0,16-32,111.4955156048888,far,194.0,3189.644287109375,5.5,4.5,4.5,2.75,2.25,2.25,1.375,1.125,1.125,1,1,0.4095309376716614,0.4095309376716614,0,1,0.0,0.4095309376716614,0,1,0.0,0.4095309376716614,0,1,0.0,0.4095309376716614,1,1,0.329274982213974,0.4095309376716614,0,1,0.0,0.4095309376716614,1,1,0.5732917785644531,0.4095309376716614,1,1,0.4799991846084595,0.4095309376716614,1,1,0.6232547163963318,0.4095309376716614
valid,000000471966_jpg.rf.d574bb278260c0fc13ca724f571111bb.jpg,/home/hplab/uxin/yolo11/pose_dataset/bbt5.v1i.yolov8/valid/images/000000471966_jpg.rf.d574bb278260c0fc13ca724f571111bb.jpg,000000471966,640.0,480.0,640,480,492.5,359.5,503.5,372.5,11.0,13.0,143.0,11.0,8-16,0.0,overlap,107.5,2249.829345703125,2.75,3.25,2.75,1.375,1.625,1.375,0.6875,0.8125,0.6875,0,0,0.0,0.0,0,0,0.0,0.0,1,0,0.38779279589653015,0.0,0,0,0.0,0.0,0,0,0.0,0.0,0,0,0.0,0.0,0,0,0.0,0.0,0,0,0.0,0.0,0,0,0.0,0.0
valid,000000485689_jpg.rf.14cac6051ea2945edfb2157b0b7474e7.jpg,/home/hplab/uxin/yolo11/pose_dataset/bbt5.v1i.yolov8/valid/images/000000485689_jpg.rf.14cac6051ea2945edfb2157b0b7474e7.jpg,000000485689,640.0,473.0,640,473,535.0,230.0,555.0,250.0,20.0,20.0,400.0,20.0,16-32,3.0,near,85.0,3174.01025390625,5.0,5.0,5.0,2.5,2.5,2.5,1.25,1.25,1.25,1,1,0.7788203954696655,0.7788203954696655,1,1,0.6538296937942505,0.7788203954696655,1,1,0.8111143112182617,0.7788203954696655,1,1,0.8006216883659363,0.7788203954696655,1,1,0.7898437976837158,0.7788203954696655,1,1,0.8179213404655457,0.7788203954696655,1,1,0.7988858222961426,0.7788203954696655,1,1,0.8053579926490784,0.7788203954696655,1,1,0.7972395420074463,0.7788203954696655
valid,000000491053_jpg.rf.136d08bc0011ecc227157c5280da94fc.jpg,/home/hplab/uxin/yolo11/pose_dataset/bbt5.v1i.yolov8/valid/images/000000491053_jpg.rf.136d08bc0011ecc227157c5280da94fc.jpg,000000491053,640.0,444.0,640,444,261.0,275.5,279.0,292.5,18.0,17.0,306.0,17.0,16-32,28.0,near,151.5,250.4516143798828,4.5,4.25,4.25,2.25,2.125,2.125,1.125,1.0625,1.0625,1,1,0.5307512283325195,0.5307512283325195,0,1,0.0,0.5307512283325195,0,1,0.0,0.5307512283325195,0,1,0.0,0.5307512283325195,0,1,0.0,0.5307512283325195,1,1,0.5737094283103943,0.5307512283325195,1,1,0.49513962864875793,0.5307512283325195,0,1,0.0,0.5307512283325195,0,1,0.0,0.5307512283325195
valid,000000492840_jpg.rf.676806658cbe4bc84ef0e9d094810560.jpg,/home/hplab/uxin/yolo11/pose_dataset/bbt5.v1i.yolov8/valid/images/000000492840_jpg.rf.676806658cbe4bc84ef0e9d094810560.jpg,000000492840,640.0,427.0,640,427,57.0,267.5,79.0,286.5,22.0,19.0,418.0,19.0,16-32,7.5,near,57.0,240.19212341308594,5.5,4.75,4.75,2.75,2.375,2.375,1.375,1.1875,1.1875,1,1,0.8212425708770752,0.8212425708770752,0,1,0.0,0.8212425708770752,1,1,0.7707257270812988,0.8212425708770752,1,1,0.8358628153800964,0.8212425708770752,1,1,0.828595757484436,0.8212425708770752,1,1,0.8347938656806946,0.8212425708770752,1,1,0.8360011577606201,0.8212425708770752,1,1,0.8280776739120483,0.8212425708770752,1,1,0.8366700410842896,0.8212425708770752
valid,000000492943_jpg.rf.27f43ccd0e731ba0554eee72e7993ddc.jpg,/home/hplab/uxin/yolo11/pose_dataset/bbt5.v1i.yolov8/valid/images/000000492943_jpg.rf.27f43ccd0e731ba0554eee72e7993ddc.jpg,000000492943,640.0,513.0,640,513,476.5,296.0,499.5,322.0,23.0,26.0,598.0,23.0,16-32,0.0,overlap,140.5,2208.885986328125,5.75,6.5,5.75,2.875,3.25,2.875,1.4375,1.625,1.4375,0,0,0.0,0.0,0,0,0.0,0.0,0,0,0.0,0.0,0,0,0.0,0.0,0,0,0.0,0.0,0,0,0.0,0.0,0,0,0.0,0.0,0,0,0.0,0.0,0,0,0.0,0.0
valid,000000507551_jpg.rf.848b62e457ed74bcf7b82a01b92d1711.jpg,/home/hplab/uxin/yolo11/pose_dataset/bbt5.v1i.yolov8/valid/images/000000507551_jpg.rf.848b62e457ed74bcf7b82a01b92d1711.jpg,000000507551,640.0,499.0,640,499,343.5,125.5,362.5,142.5,19.0,17.0,323.0,17.0,16-32,0.0,overlap,125.5,2116.109375,4.75,4.25,4.25,2.375,2.125,2.125,1.1875,1.0625,1.0625,0,0,0.0,0.0,1,0,0.2551667392253876,0.0,0,0,0.0,0.0,1,0,0.6880490779876709,0.0,1,0,0.7736924290657043,0.0,1,0,0.41043850779533386,0.0,1,0,0.39410823583602905,0.0,1,0,0.43574318289756775,0.0,1,0,0.3710726797580719,0.0
valid,000000508092_jpg.rf.9a1f6bcf801a71b0b5ce1058d8d339ca.jpg,/home/hplab/uxin/yolo11/pose_dataset/bbt5.v1i.yolov8/valid/images/000000508092_jpg.rf.9a1f6bcf801a71b0b5ce1058d8d339ca.jpg,000000508092,640.0,427.0,640,427,218.0,232.5,232.0,245.5,14.0,13.0,182.0,13.0,8-16,158.5,far,181.5,1023.8009643554688,3.5,3.25,3.25,1.75,1.625,1.625,0.875,0.8125,0.8125,0,0,0.0,0.0,0,0,0.0,0.0,0,0,0.0,0.0,0,0,0.0,0.0,0,0,0.0,0.0,0,0,0.0,0.0,0,0,0.0,0.0,0,0,0.0,0.0,0,0,0.0,0.0
valid,000000529515_jpg.rf.da032b4f724854fd62ee49bc22f6fec4.jpg,/home/hplab/uxin/yolo11/pose_dataset/bbt5.v1i.yolov8/valid/images/000000529515_jpg.rf.da032b4f724854fd62ee49bc22f6fec4.jpg,000000529515,640.0,512.0,640,512,508.5,294.0,525.5,312.0,17.0,18.0,306.0,17.0,16-32,174.79201926861535,far,114.5,1409.1317138671875,4.25,4.5,4.25,2.125,2.25,2.125,1.0625,1.125,1.0625,1,1,0.7511336207389832,0.7511336207389832,0,1,0.0,0.7511336207389832,0,1,0.0,0.7511336207389832,0,1,0.0,0.7511336207389832,1,1,0.6626976132392883,0.7511336207389832,1,1,0.7571777105331421,0.7511336207389832,1,1,0.7496046423912048,0.7511336207389832,1,1,0.7953042387962341,0.7511336207389832,1,1,0.7981628179550171,0.7511336207389832
valid,000000542024_jpg.rf.70a637755a1cd8bd0a4481c6ebf7a885.jpg,/home/hplab/uxin/yolo11/pose_dataset/bbt5.v1i.yolov8/valid/images/000000542024_jpg.rf.70a637755a1cd8bd0a4481c6ebf7a885.jpg,000000542024,640.0,427.0,640,427,55.0,148.0,79.0,170.0,24.0,22.0,528.0,22.0,16-32,inf,no_bat,55.0,1905.2178955078125,6.0,5.5,5.5,3.0,2.75,2.75,1.5,1.375,1.375,1,1,0.6202822923660278,0.6202822923660278,0,1,0.0,0.6202822923660278,0,1,0.0,0.6202822923660278,0,1,0.0,0.6202822923660278,0,1,0.0,0.6202822923660278,1,1,0.5075116157531738,0.6202822923660278,1,1,0.661346971988678,0.6202822923660278,1,1,0.28338637948036194,0.6202822923660278,1,1,0.495514452457428,0.6202822923660278
valid,000000556669_jpg.rf.fec22fe66ae0177c17de219f3ff644e8.jpg,/home/hplab/uxin/yolo11/pose_dataset/bbt5.v1i.yolov8/valid/images/000000556669_jpg.rf.fec22fe66ae0177c17de219f3ff644e8.jpg,000000556669,640.0,426.0,640,426,305.0,38.5,323.0,57.5,18.0,19.0,342.0,18.0,16-32,104.67210707729161,far,38.5,3928.69677734375,4.5,4.75,4.5,2.25,2.375,2.25,1.125,1.1875,1.125,1,1,0.7721408605575562,0.7721408605575562,1,1,0.7951081991195679,0.7721408605575562,1,1,0.7939433455467224,0.7721408605575562,1,1,0.7824608683586121,0.7721408605575562,1,1,0.7688763737678528,0.7721408605575562,1,1,0.7979981899261475,0.7721408605575562,1,1,0.7830893397331238,0.7721408605575562,1,1,0.7867962718009949,0.7721408605575562,1,1,0.7833291888237,0.7721408605575562
valid,000000574368_jpg.rf.9bedddc8af121cd24eecc7a55612f01b.jpg,/home/hplab/uxin/yolo11/pose_dataset/bbt5.v1i.yolov8/valid/images/000000574368_jpg.rf.9bedddc8af121cd24eecc7a55612f01b.jpg,000000574368,640.0,427.0,640,427,341.5,22.5,364.5,43.5,23.0,21.0,483.0,21.0,16-32,146.6714014387263,far,22.5,7095.87890625,5.75,5.25,5.25,2.875,2.625,2.625,1.4375,1.3125,1.3125,0,0,0.0,0.0,0,0,0.0,0.0,0,0,0.0,0.0,0,0,0.0,0.0,0,0,0.0,0.0,0,0,0.0,0.0,0,0,0.0,0.0,0,0,0.0,0.0,0,0,0.0,0.0
valid,007f85f5204b449a_jpg.rf.a4bf514a63e00ca8f5c95f3774990c9c.jpg,/home/hplab/uxin/yolo11/pose_dataset/bbt5.v1i.yolov8/valid/images/007f85f5204b449a_jpg.rf.a4bf514a63e00ca8f5c95f3774990c9c.jpg,007f85f5204b449a,640.0,640.0,640,640,311.5,208.5,330.5,227.5,19.0,19.0,361.0,19.0,16-32,121.0,far,208.5,886.7642211914062,4.75,4.75,4.75,2.375,2.375,2.375,1.1875,1.1875,1.1875,1,1,0.8268958926200867,0.8268958926200867,1,1,0.4070949852466583,0.8268958926200867,1,1,0.579692542552948,0.8268958926200867,1,1,0.7465609312057495,0.8268958926200867,1,1,0.7802350521087646,0.8268958926200867,1,1,0.8369017243385315,0.8268958926200867,1,1,0.838341474533081,0.8268958926200867,1,1,0.8361358046531677,0.8268958926200867,1,1,0.8349618911743164,0.8268958926200867
valid,00dc6a5abc773fe7_jpg.rf.615c22fee4319f379096c93723746f4e.jpg,/home/hplab/uxin/yolo11/pose_dataset/bbt5.v1i.yolov8/valid/images/00dc6a5abc773fe7_jpg.rf.615c22fee4319f379096c93723746f4e.jpg,00dc6a5abc773fe7,640.0,640.0,640,640,293.0,212.0,313.0,234.0,20.0,22.0,440.0,20.0,16-32,202.81580313180726,far,212.0,501.39727783203125,5.0,5.5,5.0,2.5,2.75,2.5,1.25,1.375,1.25,1,1,0.8287494778633118,0.8287494778633118,1,1,0.2760871946811676,0.8287494778633118,1,1,0.828799843788147,0.8287494778633118,1,1,0.8418245911598206,0.8287494778633118,1,1,0.8171945214271545,0.8287494778633118,1,1,0.8484954833984375,0.8287494778633118,1,1,0.8437506556510925,0.8287494778633118,1,1,0.8402112126350403,0.8287494778633118,1,1,0.8463084101676941,0.8287494778633118
valid,01b14046e3d9b90b_jpg.rf.3b906455c4813835eb3dc6094c5b730e.jpg,/home/hplab/uxin/yolo11/pose_dataset/bbt5.v1i.yolov8/valid/images/01b14046e3d9b90b_jpg.rf.3b906455c4813835eb3dc6094c5b730e.jpg,01b14046e3d9b90b,640.0,640.0,640,640,543.0,201.0,561.0,223.0,18.0,22.0,396.0,18.0,16-32,6.5,near,79.0,994.7359619140625,4.5,5.5,4.5,2.25,2.75,2.25,1.125,1.375,1.125,1,1,0.6740694046020508,0.6740694046020508,0,1,0.0,0.6740694046020508,0,1,0.0,0.6740694046020508,1,1,0.3944771885871887,0.6740694046020508,1,1,0.37258434295654297,0.6740694046020508,1,1,0.7612857818603516,0.6740694046020508,1,1,0.6969135999679565,0.6740694046020508,1,1,0.6821113228797913,0.6740694046020508,1,1,0.6181455850601196,0.6740694046020508
valid,021d77990d516631_jpg.rf.d78a874e7ffbec02f71ded3ad0860113.jpg,/home/hplab/uxin/yolo11/pose_dataset/bbt5.v1i.yolov8/valid/images/021d77990d516631_jpg.rf.d78a874e7ffbec02f71ded3ad0860113.jpg,021d77990d516631,640.0,640.0,640,640,270.5,357.0,289.5,383.0,19.0,26.0,494.0,19.0,16-32,125.5,far,257.0,426.18829345703125,4.75,6.5,4.75,2.375,3.25,2.375,1.1875,1.625,1.1875,1,1,0.8284353017807007,0.8284353017807007,0,1,0.0,0.8284353017807007,1,1,0.8450246453285217,0.8284353017807007,1,1,0.825172483921051,0.8284353017807007,1,1,0.816974937915802,0.8284353017807007,1,1,0.8531635999679565,0.8284353017807007,1,1,0.8460681438446045,0.8284353017807007,1,1,0.8422430753707886,0.8284353017807007,1,1,0.8361526727676392,0.8284353017807007
valid,026cd820a8575bc9_jpg.rf.8bc763d3a78facfc6e0546d4b7cb994f.jpg,/home/hplab/uxin/yolo11/pose_dataset/bbt5.v1i.yolov8/valid/images/026cd820a8575bc9_jpg.rf.8bc763d3a78facfc6e0546d4b7cb994f.jpg,026cd820a8575bc9,640.0,640.0,640,640,458.0,351.5,484.0,364.5,26.0,13.0,338.0,13.0,8-16,83.0,far,156.0,210.50794982910156,6.5,3.25,3.25,3.25,1.625,1.625,1.625,0.8125,0.8125,1,1,0.619193971157074,0.619193971157074,0,1,0.0,0.619193971157074,0,1,0.0,0.619193971157074,0,1,0.0,0.619193971157074,0,1,0.0,0.619193971157074,0,1,0.0,0.619193971157074,0,1,0.0,0.619193971157074,1,1,0.44331806898117065,0.619193971157074,1,1,0.7132964134216309,0.619193971157074
valid,030d76b1935dcb3e_jpg.rf.5814ff8e20ca66ba007937b8d51018df.jpg,/home/hplab/uxin/yolo11/pose_dataset/bbt5.v1i.yolov8/valid/images/030d76b1935dcb3e_jpg.rf.5814ff8e20ca66ba007937b8d51018df.jpg,030d76b1935dcb3e,640.0,640.0,640,640,323.5,286.5,334.5,299.5,11.0,13.0,143.0,11.0,8-16,21.242645786248,near,286.5,1255.979736328125,2.75,3.25,2.75,1.375,1.625,1.375,0.6875,0.8125,0.6875,0,0,0.0,0.0,0,0,0.0,0.0,0,0,0.0,0.0,0,0,0.0,0.0,0,0,0.0,0.0,1,0,0.47078773379325867,0.0,1,0,0.40188905596733093,0.0,1,0,0.34876590967178345,0.0,1,0,0.2889370322227478,0.0
valid,102605cf807ff97a_jpg.rf.3d7d5ba1d5f97b47a1a920850fddfc5e.jpg,/home/hplab/uxin/yolo11/pose_dataset/bbt5.v1i.yolov8/valid/images/102605cf807ff97a_jpg.rf.3d7d5ba1d5f97b47a1a920850fddfc5e.jpg,102605cf807ff97a,640.0,640.0,640,640,552.0,464.0,574.0,490.0,22.0,26.0,572.0,22.0,16-32,281.55372489100546,far,66.0,1988.717041015625,5.5,6.5,5.5,2.75,3.25,2.75,1.375,1.625,1.375,1,1,0.64671790599823,0.64671790599823,0,1,0.0,0.64671790599823,0,1,0.0,0.64671790599823,1,1,0.7862496972084045,0.64671790599823,1,1,0.7635079026222229,0.64671790599823,1,1,0.7654584646224976,0.64671790599823,1,1,0.7414395213127136,0.64671790599823,1,1,0.7149157524108887,0.64671790599823,1,1,0.6909633874893188,0.64671790599823
valid,113564c370d8610b_jpg.rf.fbf90b4ce51fb34a094af31cb45a6973.jpg,/home/hplab/uxin/yolo11/pose_dataset/bbt5.v1i.yolov8/valid/images/113564c370d8610b_jpg.rf.fbf90b4ce51fb34a094af31cb45a6973.jpg,113564c370d8610b,640.0,640.0,640,640,167.5,263.0,180.5,281.0,13.0,18.0,234.0,13.0,8-16,90.5165730681404,far,167.5,1103.8365478515625,3.25,4.5,3.25,1.625,2.25,1.625,0.8125,1.125,0.8125,0,0,0.0,0.0,0,0,0.0,0.0,0,0,0.0,0.0,0,0,0.0,0.0,0,0,0.0,0.0,0,0,0.0,0.0,0,0,0.0,0.0,0,0,0.0,0.0,0,0,0.0,0.0
valid,119_png_jpg.rf.312f16c05359877b49dbbb27c991a3fb.jpg,/home/hplab/uxin/yolo11/pose_dataset/bbt5.v1i.yolov8/valid/images/119_png_jpg.rf.312f16c05359877b49dbbb27c991a3fb.jpg,119_png,640.0,640.0,640,640,290.0,271.0,304.0,289.0,14.0,18.0,252.0,14.0,8-16,inf,no_bat,271.0,468.54705810546875,3.5,4.5,3.5,1.75,2.25,1.75,0.875,1.125,0.875,0,0,0.0,0.0,0,0,0.0,0.0,1,0,0.6354972720146179,0.0,0,0,0.0,0.0,0,0,0.0,0.0,0,0,0.0,0.0,0,0,0.0,0.0,0,0,0.0,0.0,0,0,0.0,0.0
valid,13db4af013f84b62_jpg.rf.1631ff3f214b531c41c1663388274a6e.jpg,/home/hplab/uxin/yolo11/pose_dataset/bbt5.v1i.yolov8/valid/images/13db4af013f84b62_jpg.rf.1631ff3f214b531c41c1663388274a6e.jpg,13db4af013f84b62,640.0,640.0,640,640,496.5,218.5,537.5,261.5,41.0,43.0,1763.0,41.0,>=32,222.0,far,102.5,815.5427856445312,10.25,10.75,10.25,5.125,5.375,5.125,2.5625,2.6875,2.5625,0,0,0.0,0.0,0,0,0.0,0.0,0,0,0.0,0.0,0,0,0.0,0.0,0,0,0.0,0.0,0,0,0.0,0.0,0,0,0.0,0.0,0,0,0.0,0.0,0,0,0.0,0.0
valid,146_png_jpg.rf.e8b8e7c21231d2d77ccd344d51270c57.jpg,/home/hplab/uxin/yolo11/pose_dataset/bbt5.v1i.yolov8/valid/images/146_png_jpg.rf.e8b8e7c21231d2d77ccd344d51270c57.jpg,146_png,640.0,640.0,640,640,239.5,175.5,254.5,202.5,15.0,27.0,405.0,15.0,8-16,inf,no_bat,175.5,429.12188720703125,3.75,6.75,3.75,1.875,3.375,1.875,0.9375,1.6875,0.9375,1,1,0.7965348958969116,0.7965348958969116,0,1,0.0,0.7965348958969116,1,1,0.3612508773803711,0.7965348958969116,1,1,0.7884093523025513,0.7965348958969116,1,1,0.7975112795829773,0.7965348958969116,1,1,0.8069636821746826,0.7965348958969116,1,1,0.8003017902374268,0.7965348958969116,1,1,0.8091458082199097,0.7965348958969116,1,1,0.809426486492157,0.7965348958969116
valid,154ce8f20b244f83_jpg.rf.82e8fc99592d677ee02d3a33c4cfd9d9.jpg,/home/hplab/uxin/yolo11/pose_dataset/bbt5.v1i.yolov8/valid/images/154ce8f20b244f83_jpg.rf.82e8fc99592d677ee02d3a33c4cfd9d9.jpg,154ce8f20b244f83,640.0,640.0,640,640,190.0,316.0,234.0,346.0,44.0,30.0,1320.0,30.0,16-32,71.5,far,190.0,634.1787719726562,11.0,7.5,7.5,5.5,3.75,3.75,2.75,1.875,1.875,1,1,0.8139278292655945,0.8139278292655945,1,1,0.7290126085281372,0.8139278292655945,1,1,0.728890597820282,0.8139278292655945,1,1,0.3951669931411743,0.8139278292655945,1,1,0.47663986682891846,0.8139278292655945,1,1,0.7161940932273865,0.8139278292655945,1,1,0.7610949873924255,0.8139278292655945,1,1,0.7754837870597839,0.8139278292655945,1,1,0.781987190246582,0.8139278292655945
valid,171a420a591aba8b_jpg.rf.5c85c03f399a1494b0093e203d332e7e.jpg,/home/hplab/uxin/yolo11/pose_dataset/bbt5.v1i.yolov8/valid/images/171a420a591aba8b_jpg.rf.5c85c03f399a1494b0093e203d332e7e.jpg,171a420a591aba8b,640.0,640.0,640,640,553.0,355.0,567.0,373.0,14.0,18.0,252.0,14.0,8-16,287.7577105830528,far,73.0,284.8694152832031,3.5,4.5,3.5,1.75,2.25,1.75,0.875,1.125,0.875,1,1,0.42719927430152893,0.42719927430152893,0,1,0.0,0.42719927430152893,0,1,0.0,0.42719927430152893,0,1,0.0,0.42719927430152893,1,1,0.5845596194267273,0.42719927430152893,0,1,0.0,0.42719927430152893,0,1,0.0,0.42719927430152893,1,1,0.5524729490280151,0.42719927430152893,1,1,0.5204631686210632,0.42719927430152893
valid,176_png_jpg.rf.02d14d11c2e2d0488d9aa3d45b80c045.jpg,/home/hplab/uxin/yolo11/pose_dataset/bbt5.v1i.yolov8/valid/images/176_png_jpg.rf.02d14d11c2e2d0488d9aa3d45b80c045.jpg,176_png,640.0,640.0,640,640,251.0,151.5,263.0,166.5,12.0,15.0,180.0,12.0,8-16,inf,no_bat,151.5,674.7907104492188,3.0,3.75,3.0,1.5,1.875,1.5,0.75,0.9375,0.75,0,0,0.0,0.0,0,0,0.0,0.0,0,0,0.0,0.0,0,0,0.0,0.0,0,0,0.0,0.0,0,0,0.0,0.0,0,0,0.0,0.0,0,0,0.0,0.0,0,0,0.0,0.0
valid,178_png_jpg.rf.8c85ba914a3f58fd46d6cc01f7b46b2c.jpg,/home/hplab/uxin/yolo11/pose_dataset/bbt5.v1i.yolov8/valid/images/178_png_jpg.rf.8c85ba914a3f58fd46d6cc01f7b46b2c.jpg,178_png,640.0,640.0,640,640,240.5,240.5,251.5,261.5,11.0,21.0,231.0,11.0,8-16,inf,no_bat,240.5,666.6664428710938,2.75,5.25,2.75,1.375,2.625,1.375,0.6875,1.3125,0.6875,0,0,0.0,0.0,0,0,0.0,0.0,1,0,0.3184025287628174,0.0,0,0,0.0,0.0,1,0,0.2758702039718628,0.0,0,0,0.0,0.0,0,0,0.0,0.0,0,0,0.0,0.0,0,0,0.0,0.0
valid,191_png_jpg.rf.98e1d6bd2097157c0c2801d181aa90a0.jpg,/home/hplab/uxin/yolo11/pose_dataset/bbt5.v1i.yolov8/valid/images/191_png_jpg.rf.98e1d6bd2097157c0c2801d181aa90a0.jpg,191_png,640.0,640.0,640,640,300.0,208.0,306.0,216.0,6.0,8.0,48.0,6.0,<8,inf,no_bat,208.0,718.8094482421875,1.5,2.0,1.5,0.75,1.0,0.75,0.375,0.5,0.375,0,0,0.0,0.0,0,0,0.0,0.0,1,0,0.5592114329338074,0.0,0,0,0.0,0.0,0,0,0.0,0.0,0,0,0.0,0.0,0,0,0.0,0.0,0,0,0.0,0.0,0,0,0.0,0.0
valid,19_png_jpg.rf.39e2f28ce01687b211a7d78200780100.jpg,/home/hplab/uxin/yolo11/pose_dataset/bbt5.v1i.yolov8/valid/images/19_png_jpg.rf.39e2f28ce01687b211a7d78200780100.jpg,19_png,640.0,640.0,640,640,222.5,212.5,239.5,231.5,17.0,19.0,323.0,17.0,16-32,inf,no_bat,212.5,212.03155517578125,4.25,4.75,4.25,2.125,2.375,2.125,1.0625,1.1875,1.0625,1,1,0.63716059923172,0.63716059923172,0,1,0.0,0.63716059923172,0,1,0.0,0.63716059923172,1,1,0.4732481837272644,0.63716059923172,1,1,0.5805448889732361,0.63716059923172,1,1,0.30749303102493286,0.63716059923172,1,1,0.6100490093231201,0.63716059923172,1,1,0.701068103313446,0.63716059923172,1,1,0.6374077796936035,0.63716059923172
valid,19aa926f2f7d9782_jpg.rf.70ef6ccc2323b4a3e146eb5392426a8e.jpg,/home/hplab/uxin/yolo11/pose_dataset/bbt5.v1i.yolov8/valid/images/19aa926f2f7d9782_jpg.rf.70ef6ccc2323b4a3e146eb5392426a8e.jpg,19aa926f2f7d9782,640.0,640.0,640,640,380.0,464.5,422.0,505.5,42.0,41.0,1722.0,41.0,>=32,169.0,far,134.5,45.69184494018555,10.5,10.25,10.25,5.25,5.125,5.125,2.625,2.5625,2.5625,1,1,0.664625883102417,0.664625883102417,0,1,0.0,0.664625883102417,0,1,0.0,0.664625883102417,1,1,0.7184309959411621,0.664625883102417,1,1,0.7001426815986633,0.664625883102417,1,1,0.5871858596801758,0.664625883102417,1,1,0.6339563727378845,0.664625883102417,1,1,0.6471839547157288,0.664625883102417,1,1,0.6739249229431152,0.664625883102417
valid,1b804276cb9bcf0f_jpg.rf.8b2fc380258ab4b506a74815b99f16cc.jpg,/home/hplab/uxin/yolo11/pose_dataset/bbt5.v1i.yolov8/valid/images/1b804276cb9bcf0f_jpg.rf.8b2fc380258ab4b506a74815b99f16cc.jpg,1b804276cb9bcf0f,640.0,640.0,640,640,270.5,230.5,391.5,401.5,121.0,171.0,20691.0,121.0,>=32,0.0,overlap,230.5,495.00201416015625,30.25,42.75,30.25,15.125,21.375,15.125,7.5625,10.6875,7.5625,0,0,0.0,0.0,0,0,0.0,0.0,0,0,0.0,0.0,0,0,0.0,0.0,0,0,0.0,0.0,0,0,0.0,0.0,0,0,0.0,0.0,0,0,0.0,0.0,0,0,0.0,0.0
valid,1ea91e878edc0ecc_jpg.rf.0cc7614f52b3dccd0f6b91df167edfed.jpg,/home/hplab/uxin/yolo11/pose_dataset/bbt5.v1i.yolov8/valid/images/1ea91e878edc0ecc_jpg.rf.0cc7614f52b3dccd0f6b91df167edfed.jpg,1ea91e878edc0ecc,640.0,640.0,640,640,138.0,173.5,166.0,202.5,28.0,29.0,812.0,28.0,16-32,268.0,far,138.0,19.796497344970703,7.0,7.25,7.0,3.5,3.625,3.5,1.75,1.8125,1.75,0,0,0.0,0.0,0,0,0.0,0.0,0,0,0.0,0.0,0,0,0.0,0.0,0,0,0.0,0.0,0,0,0.0,0.0,0,0,0.0,0.0,0,0,0.0,0.0,0,0,0.0,0.0
valid,20250312_140931_frame_261_20250327_202435_jpg.rf.3992709a326f067dd738364e93ceafb8.jpg,/home/hplab/uxin/yolo11/pose_dataset/bbt5.v1i.yolov8/valid/images/20250312_140931_frame_261_20250327_202435_jpg.rf.3992709a326f067dd738364e93ceafb8.jpg,20250312_140931_frame_261_20250327,640.0,360.0,640,360,342.5,237.5,359.5,252.5,17.0,15.0,255.0,15.0,8-16,0.0,overlap,107.5,5077.3291015625,4.25,3.75,3.75,2.125,1.875,1.875,1.0625,0.9375,0.9375,0,0,0.0,0.0,1,0,0.7488751411437988,0.0,1,0,0.7093935012817383,0.0,0,0,0.0,0.0,0,0,0.0,0.0,0,0,0.0,0.0,0,0,0.0,0.0,0,0,0.0,0.0,0,0,0.0,0.0
valid,20250312_142223_frame_6670_20250327_203104_jpg.rf.bf30c01a6d0b43c0baff914c276c3ebd.jpg,/home/hplab/uxin/yolo11/pose_dataset/bbt5.v1i.yolov8/valid/images/20250312_142223_frame_6670_20250327_203104_jpg.rf.bf30c01a6d0b43c0baff914c276c3ebd.jpg,20250312_142223_frame_6670_20250327,640.0,360.0,640,360,333.0,216.0,347.0,230.0,14.0,14.0,196.0,14.0,8-16,32.0,far,130.0,6288.83251953125,3.5,3.5,3.5,1.75,1.75,1.75,0.875,0.875,0.875,0,0,0.0,0.0,0,0,0.0,0.0,0,0,0.0,0.0,0,0,0.0,0.0,0,0,0.0,0.0,0,0,0.0,0.0,1,0,0.4727129638195038,0.0,1,0,0.5468835234642029,0.0,1,0,0.560402512550354,0.0
valid,20250312_142223_frame_6671_20250327_203104_jpg.rf.aa3f3773d85598b7836d13205eefcc1e.jpg,/home/hplab/uxin/yolo11/pose_dataset/bbt5.v1i.yolov8/valid/images/20250312_142223_frame_6671_20250327_203104_jpg.rf.aa3f3773d85598b7836d13205eefcc1e.jpg,20250312_142223_frame_6671_20250327,640.0,360.0,640,360,336.5,216.0,349.5,230.0,13.0,14.0,182.0,13.0,8-16,0.0,overlap,130.0,2779.75439453125,3.25,3.5,3.25,1.625,1.75,1.625,0.8125,0.875,0.8125,1,1,0.5947515964508057,0.5947515964508057,0,1,0.0,0.5947515964508057,1,1,0.7774376273155212,0.5947515964508057,0,1,0.0,0.5947515964508057,0,1,0.0,0.5947515964508057,1,1,0.32989439368247986,0.5947515964508057,1,1,0.5906411409378052,0.5947515964508057,1,1,0.40981894731521606,0.5947515964508057,1,1,0.47227004170417786,0.5947515964508057
valid,20250314_142948_frame_104_20250327_200116_jpg.rf.85e2f430e61c9c92ba94000df1cf2110.jpg,/home/hplab/uxin/yolo11/pose_dataset/bbt5.v1i.yolov8/valid/images/20250314_142948_frame_104_20250327_200116_jpg.rf.85e2f430e61c9c92ba94000df1cf2110.jpg,20250314_142948_frame_104_20250327,640.0,360.0,640,360,209.0,227.0,225.0,245.0,16.0,18.0,288.0,16.0,16-32,70.0,far,115.0,4425.60546875,4.0,4.5,4.0,2.0,2.25,2.0,1.0,1.125,1.0,1,1,0.7722340226173401,0.7722340226173401,0,1,0.0,0.7722340226173401,0,1,0.0,0.7722340226173401,0,1,0.0,0.7722340226173401,0,1,0.0,0.7722340226173401,0,1,0.0,0.7722340226173401,0,1,0.0,0.7722340226173401,1,1,0.3772699534893036,0.7722340226173401,1,1,0.34860363602638245,0.7722340226173401
valid,20250314_142948_frame_106_20250327_200119_jpg.rf.fbc8fe1fa4f08d9e88599747855ea0ec.jpg,/home/hplab/uxin/yolo11/pose_dataset/bbt5.v1i.yolov8/valid/images/20250314_142948_frame_106_20250327_200119_jpg.rf.fbc8fe1fa4f08d9e88599747855ea0ec.jpg,20250314_142948_frame_106_20250327,640.0,360.0,640,360,212.0,229.0,230.0,247.0,18.0,18.0,324.0,18.0,16-32,57.0,far,113.0,5848.38525390625,4.5,4.5,4.5,2.25,2.25,2.25,1.125,1.125,1.125,1,1,0.827818751335144,0.827818751335144,0,1,0.0,0.827818751335144,0,1,0.0,0.827818751335144,1,1,0.4072134792804718,0.827818751335144,0,1,0.0,0.827818751335144,1,1,0.7751410007476807,0.827818751335144,1,1,0.7593316435813904,0.827818751335144,1,1,0.7713593244552612,0.827818751335144,1,1,0.7959923148155212,0.827818751335144
valid,20250314_142948_frame_107_20250327_200120_jpg.rf.bca9af59ed795da97b6b0d6770548e38.jpg,/home/hplab/uxin/yolo11/pose_dataset/bbt5.v1i.yolov8/valid/images/20250314_142948_frame_107_20250327_200120_jpg.rf.bca9af59ed795da97b6b0d6770548e38.jpg,20250314_142948_frame_107_20250327,640.0,360.0,640,360,213.5,230.0,232.5,248.0,19.0,18.0,342.0,18.0,16-32,45.0,far,112.0,5855.994140625,4.75,4.5,4.5,2.375,2.25,2.25,1.1875,1.125,1.125,1,1,0.7716970443725586,0.7716970443725586,0,1,0.0,0.7716970443725586,0,1,0.0,0.7716970443725586,1,1,0.46615341305732727,0.7716970443725586,1,1,0.35842859745025635,0.7716970443725586,1,1,0.7143488526344299,0.7716970443725586,1,1,0.6927239894866943,0.7716970443725586,1,1,0.6717662215232849,0.7716970443725586,1,1,0.6970750689506531,0.7716970443725586
valid,205_png_jpg.rf.3152ca1efc637a1fc033549df92a5c00.jpg,/home/hplab/uxin/yolo11/pose_dataset/bbt5.v1i.yolov8/valid/images/205_png_jpg.rf.3152ca1efc637a1fc033549df92a5c00.jpg,205_png,640.0,640.0,640,640,332.0,120.5,348.0,135.5,16.0,15.0,240.0,15.0,8-16,inf,no_bat,120.5,203.90451049804688,4.0,3.75,3.75,2.0,1.875,1.875,1.0,0.9375,0.9375,1,1,0.7103111743927002,0.7103111743927002,0,1,0.0,0.7103111743927002,0,1,0.0,0.7103111743927002,0,1,0.0,0.7103111743927002,0,1,0.0,0.7103111743927002,1,1,0.6228975057601929,0.7103111743927002,1,1,0.7206394672393799,0.7103111743927002,1,1,0.7276491522789001,0.7103111743927002,1,1,0.7343156933784485,0.7103111743927002
valid,207734e06d6d344c_jpg.rf.5ca8fe57e8fc480c72c72bd01b6dac38.jpg,/home/hplab/uxin/yolo11/pose_dataset/bbt5.v1i.yolov8/valid/images/207734e06d6d344c_jpg.rf.5ca8fe57e8fc480c72c72bd01b6dac38.jpg,207734e06d6d344c,640.0,640.0,640,640,24.5,238.0,47.5,268.0,23.0,30.0,690.0,23.0,16-32,323.5869280425277,far,24.5,935.6276245117188,5.75,7.5,5.75,2.875,3.75,2.875,1.4375,1.875,1.4375,0,0,0.0,0.0,0,0,0.0,0.0,0,0,0.0,0.0,0,0,0.0,0.0,0,0,0.0,0.0,0,0,0.0,0.0,0,0,0.0,0.0,0,0,0.0,0.0,0,0,0.0,0.0
valid,209_png_jpg.rf.77b55ad4c12d639440d9bb2b2197f5a5.jpg,/home/hplab/uxin/yolo11/pose_dataset/bbt5.v1i.yolov8/valid/images/209_png_jpg.rf.77b55ad4c12d639440d9bb2b2197f5a5.jpg,209_png,640.0,640.0,640,640,335.0,300.5,353.0,325.5,18.0,25.0,450.0,18.0,16-32,inf,no_bat,287.0,79.33831787109375,4.5,6.25,4.5,2.25,3.125,2.25,1.125,1.5625,1.125,0,0,0.0,0.0,0,0,0.0,0.0,1,0,0.47713881731033325,0.0,0,0,0.0,0.0,0,0,0.0,0.0,0,0,0.0,0.0,0,0,0.0,0.0,0,0,0.0,0.0,0,0,0.0,0.0
valid,21825582d94bfb5a_jpg.rf.64151ca23748f43b86d94ebb2f8bb7b0.jpg,/home/hplab/uxin/yolo11/pose_dataset/bbt5.v1i.yolov8/valid/images/21825582d94bfb5a_jpg.rf.64151ca23748f43b86d94ebb2f8bb7b0.jpg,21825582d94bfb5a,640.0,640.0,640,640,476.5,388.5,491.5,407.5,15.0,19.0,285.0,15.0,8-16,0.0,overlap,148.5,470.1679382324219,3.75,4.75,3.75,1.875,2.375,1.875,0.9375,1.1875,0.9375,0,0,0.0,0.0,0,0,0.0,0.0,0,0,0.0,0.0,0,0,0.0,0.0,0,0,0.0,0.0,0,0,0.0,0.0,0,0,0.0,0.0,0,0,0.0,0.0,0,0,0.0,0.0
valid,25_png_jpg.rf.4574514679b7dd0145dd42c4c406eaa6.jpg,/home/hplab/uxin/yolo11/pose_dataset/bbt5.v1i.yolov8/valid/images/25_png_jpg.rf.4574514679b7dd0145dd42c4c406eaa6.jpg,25_png,640.0,640.0,640,640,369.5,217.0,398.5,257.0,29.0,40.0,1160.0,29.0,16-32,inf,no_bat,217.0,409.7066955566406,7.25,10.0,7.25,3.625,5.0,3.625,1.8125,2.5,1.8125,0,0,0.0,0.0,0,0,0.0,0.0,0,0,0.0,0.0,0,0,0.0,0.0,0,0,0.0,0.0,0,0,0.0,0.0,0,0,0.0,0.0,0,0,0.0,0.0,0,0,0.0,0.0
valid,263_png_jpg.rf.9d4e72a34d8a5769b22ffee5af6a99ef.jpg,/home/hplab/uxin/yolo11/pose_dataset/bbt5.v1i.yolov8/valid/images/263_png_jpg.rf.9d4e72a34d8a5769b22ffee5af6a99ef.jpg,263_png,640.0,640.0,640,640,332.5,79.5,341.5,90.5,9.0,11.0,99.0,9.0,8-16,inf,no_bat,79.5,627.2904052734375,2.25,2.75,2.25,1.125,1.375,1.125,0.5625,0.6875,0.5625,1,1,0.4738485813140869,0.4738485813140869,0,1,0.0,0.4738485813140869,0,1,0.0,0.4738485813140869,0,1,0.0,0.4738485813140869,0,1,0.0,0.4738485813140869,0,1,0.0,0.4738485813140869,0,1,0.0,0.4738485813140869,0,1,0.0,0.4738485813140869,0,1,0.0,0.4738485813140869
valid,289_png_jpg.rf.372888e4d08304f66670d167b167efab.jpg,/home/hplab/uxin/yolo11/pose_dataset/bbt5.v1i.yolov8/valid/images/289_png_jpg.rf.372888e4d08304f66670d167b167efab.jpg,289_png,640.0,640.0,640,640,297.5,137.0,306.5,149.0,9.0,12.0,108.0,9.0,8-16,inf,no_bat,137.0,321.0698547363281,2.25,3.0,2.25,1.125,1.5,1.125,0.5625,0.75,0.5625,1,1,0.5879940986633301,0.5879940986633301,0,1,0.0,0.5879940986633301,0,1,0.0,0.5879940986633301,0,1,0.0,0.5879940986633301,0,1,0.0,0.5879940986633301,0,1,0.0,0.5879940986633301,0,1,0.0,0.5879940986633301,0,1,0.0,0.5879940986633301,0,1,0.0,0.5879940986633301
valid,2bf5cc20242a06ea_jpg.rf.f3b02ad28fbd390da3fc9da04466926d.jpg,/home/hplab/uxin/yolo11/pose_dataset/bbt5.v1i.yolov8/valid/images/2bf5cc20242a06ea_jpg.rf.f3b02ad28fbd390da3fc9da04466926d.jpg,2bf5cc20242a06ea,640.0,640.0,640,640,163.5,404.5,182.5,421.5,19.0,17.0,323.0,17.0,16-32,3.5,near,163.5,209.59019470214844,4.75,4.25,4.25,2.375,2.125,2.125,1.1875,1.0625,1.0625,0,0,0.0,0.0,0,0,0.0,0.0,0,0,0.0,0.0,0,0,0.0,0.0,0,0,0.0,0.0,0,0,0.0,0.0,0,0,0.0,0.0,0,0,0.0,0.0,0,0,0.0,0.0
valid,329_png_jpg.rf.77c280ddc4e479d1b745d8b628933a98.jpg,/home/hplab/uxin/yolo11/pose_dataset/bbt5.v1i.yolov8/valid/images/329_png_jpg.rf.77c280ddc4e479d1b745d8b628933a98.jpg,329_png,640.0,640.0,640,640,275.0,110.5,283.0,121.5,8.0,11.0,88.0,8.0,8-16,inf,no_bat,110.5,528.1116943359375,2.0,2.75,2.0,1.0,1.375,1.0,0.5,0.6875,0.5,1,1,0.6701287627220154,0.6701287627220154,0,1,0.0,0.6701287627220154,0,1,0.0,0.6701287627220154,0,1,0.0,0.6701287627220154,0,1,0.0,0.6701287627220154,0,1,0.0,0.6701287627220154,0,1,0.0,0.6701287627220154,0,1,0.0,0.6701287627220154,1,1,0.3520478904247284,0.6701287627220154
valid,342_png_jpg.rf.c82bbe299f614838d295a2cf095b8415.jpg,/home/hplab/uxin/yolo11/pose_dataset/bbt5.v1i.yolov8/valid/images/342_png_jpg.rf.c82bbe299f614838d295a2cf095b8415.jpg,342_png,640.0,640.0,640,640,279.5,146.5,294.5,165.5,15.0,19.0,285.0,15.0,8-16,inf,no_bat,146.5,499.2464599609375,3.75,4.75,3.75,1.875,2.375,1.875,0.9375,1.1875,0.9375,1,1,0.7303583025932312,0.7303583025932312,0,1,0.0,0.7303583025932312,1,1,0.3765498697757721,0.7303583025932312,1,1,0.2532197833061218,0.7303583025932312,1,1,0.6677863001823425,0.7303583025932312,1,1,0.7494843602180481,0.7303583025932312,1,1,0.7563522458076477,0.7303583025932312,1,1,0.770477831363678,0.7303583025932312,1,1,0.7711467742919922,0.7303583025932312
valid,3527de1aa15d2124_jpg.rf.54f1b6b3438819f9d755ca3decbe7cb0.jpg,/home/hplab/uxin/yolo11/pose_dataset/bbt5.v1i.yolov8/valid/images/3527de1aa15d2124_jpg.rf.54f1b6b3438819f9d755ca3decbe7cb0.jpg,3527de1aa15d2124,640.0,640.0,640,640,358.0,200.0,376.0,220.0,18.0,20.0,360.0,18.0,16-32,160.5,far,200.0,226.51527404785156,4.5,5.0,4.5,2.25,2.5,2.25,1.125,1.25,1.125,1,1,0.7831507325172424,0.7831507325172424,0,1,0.0,0.7831507325172424,1,1,0.7814051508903503,0.7831507325172424,1,1,0.7638153433799744,0.7831507325172424,1,1,0.7749026417732239,0.7831507325172424,1,1,0.791509211063385,0.7831507325172424,1,1,0.7817242741584778,0.7831507325172424,1,1,0.7963434457778931,0.7831507325172424,1,1,0.7908670902252197,0.7831507325172424
valid,377_png_jpg.rf.25ee95d34c325b5b9fef66285c7d1556.jpg,/home/hplab/uxin/yolo11/pose_dataset/bbt5.v1i.yolov8/valid/images/377_png_jpg.rf.25ee95d34c325b5b9fef66285c7d1556.jpg,377_png,640.0,640.0,640,640,264.5,163.0,271.5,173.0,7.0,10.0,70.0,7.0,<8,inf,no_bat,163.0,224.88894653320312,1.75,2.5,1.75,0.875,1.25,0.875,0.4375,0.625,0.4375,0,0,0.0,0.0,0,0,0.0,0.0,0,0,0.0,0.0,0,0,0.0,0.0,0,0,0.0,0.0,0,0,0.0,0.0,0,0,0.0,0.0,0,0,0.0,0.0,0,0,0.0,0.0
valid,38_png_jpg.rf.582a7cd4a6f35a4b42d23c1337b503ff.jpg,/home/hplab/uxin/yolo11/pose_dataset/bbt5.v1i.yolov8/valid/images/38_png_jpg.rf.582a7cd4a6f35a4b42d23c1337b503ff.jpg,38_png,640.0,640.0,640,640,229.0,199.5,239.0,210.5,10.0,11.0,110.0,10.0,8-16,inf,no_bat,199.5,939.4434814453125,2.5,2.75,2.5,1.25,1.375,1.25,0.625,0.6875,0.625,0,0,0.0,0.0,0,0,0.0,0.0,1,0,0.403047651052475,0.0,0,0,0.0,0.0,0,0,0.0,0.0,0,0,0.0,0.0,0,0,0.0,0.0,0,0,0.0,0.0,0,0,0.0,0.0
valid,3H2A3253103_jpg.rf.ed1224d4003ed4344b6e91f53e583b06.jpg,/home/hplab/uxin/yolo11/pose_dataset/bbt5.v1i.yolov8/valid/images/3H2A3253103_jpg.rf.ed1224d4003ed4344b6e91f53e583b06.jpg,3H2A3253103,640.0,360.0,640,360,473.0,245.0,489.0,261.0,16.0,16.0,256.0,16.0,16-32,3.0,near,99.0,1714.505126953125,4.0,4.0,4.0,2.0,2.0,2.0,1.0,1.0,1.0,1,1,0.6842373013496399,0.6842373013496399,1,1,0.39602959156036377,0.6842373013496399,1,1,0.5667599439620972,0.6842373013496399,1,1,0.600117564201355,0.6842373013496399,1,1,0.5424445271492004,0.6842373013496399,1,1,0.5831339955329895,0.6842373013496399,1,1,0.613746166229248,0.6842373013496399,1,1,0.6701644659042358,0.6842373013496399,1,1,0.6880684494972229,0.6842373013496399
valid,3H2A7726040_jpg.rf.399346e9710dc4d4b3ffe597058c31a1.jpg,/home/hplab/uxin/yolo11/pose_dataset/bbt5.v1i.yolov8/valid/images/3H2A7726040_jpg.rf.399346e9710dc4d4b3ffe597058c31a1.jpg,3H2A7726040,640.0,360.0,640,360,566.5,169.0,579.5,183.0,13.0,14.0,182.0,13.0,8-16,427.54941234902896,far,60.5,1461.052490234375,3.25,3.5,3.25,1.625,1.75,1.625,0.8125,0.875,0.8125,0,0,0.0,0.0,1,0,0.5011657476425171,0.0,1,0,0.6676602959632874,0.0,0,0,0.0,0.0,0,0,0.0,0.0,0,0,0.0,0.0,0,0,0.0,0.0,0,0,0.0,0.0,0,0,0.0,0.0
valid,3H2A7726041_jpg.rf.cacb381593542d5162b3e2e6bc50c29b.jpg,/home/hplab/uxin/yolo11/pose_dataset/bbt5.v1i.yolov8/valid/images/3H2A7726041_jpg.rf.cacb381593542d5162b3e2e6bc50c29b.jpg,3H2A7726041,640.0,360.0,640,360,526.0,173.0,538.0,187.0,12.0,14.0,168.0,12.0,8-16,377.09581010666244,far,102.0,1701.704833984375,3.0,3.5,3.0,1.5,1.75,1.5,0.75,0.875,0.75,1,1,0.2532477378845215,0.2532477378845215,1,1,0.7781199812889099,0.2532477378845215,1,1,0.7760956287384033,0.2532477378845215,0,1,0.0,0.2532477378845215,1,1,0.28374651074409485,0.2532477378845215,0,1,0.0,0.2532477378845215,1,1,0.4793449342250824,0.2532477378845215,1,1,0.32434287667274475,0.2532477378845215,1,1,0.5439699292182922,0.2532477378845215
valid,3H2A7726042_jpg.rf.d6c1f4476e6c8784627557fbf7d8eb8d.jpg,/home/hplab/uxin/yolo11/pose_dataset/bbt5.v1i.yolov8/valid/images/3H2A7726042_jpg.rf.d6c1f4476e6c8784627557fbf7d8eb8d.jpg,3H2A7726042,640.0,360.0,640,360,484.0,174.5,498.0,189.5,14.0,15.0,210.0,14.0,8-16,323.0468232315557,far,142.0,1831.2628173828125,3.5,3.75,3.5,1.75,1.875,1.75,0.875,0.9375,0.875,1,1,0.2786579430103302,0.2786579430103302,1,1,0.7342392802238464,0.2786579430103302,1,1,0.7706998586654663,0.2786579430103302,0,1,0.0,0.2786579430103302,1,1,0.34134382009506226,0.2786579430103302,1,1,0.2760362923145294,0.2786579430103302,1,1,0.5277793407440186,0.2786579430103302,1,1,0.27351340651512146,0.2786579430103302,1,1,0.49156662821769714,0.2786579430103302
valid,3H2A7726044_jpg.rf.0c8ecde176b962cb188cb49c40cfc93c.jpg,/home/hplab/uxin/yolo11/pose_dataset/bbt5.v1i.yolov8/valid/images/3H2A7726044_jpg.rf.0c8ecde176b962cb188cb49c40cfc93c.jpg,3H2A7726044,640.0,360.0,640,360,402.0,181.5,416.0,194.5,14.0,12.999999999999998,181.99999999999997,12.999999999999998,8-16,221.5,far,165.5,2065.20654296875,3.5,3.2499999999999996,3.2499999999999996,1.75,1.6249999999999998,1.6249999999999998,0.875,0.8124999999999999,0.8124999999999999,1,1,0.5096921920776367,0.5096921920776367,1,1,0.7423670887947083,0.5096921920776367,1,1,0.7415591478347778,0.5096921920776367,1,1,0.6177515387535095,0.5096921920776367,1,1,0.7352902889251709,0.5096921920776367,1,1,0.5628495812416077,0.5096921920776367,1,1,0.6888161897659302,0.5096921920776367,1,1,0.4088362753391266,0.5096921920776367,1,1,0.6613152623176575,0.5096921920776367
valid,3H2A7726047_jpg.rf.36c5452b7692c0633c52108f3664e1a4.jpg,/home/hplab/uxin/yolo11/pose_dataset/bbt5.v1i.yolov8/valid/images/3H2A7726047_jpg.rf.36c5452b7692c0633c52108f3664e1a4.jpg,3H2A7726047,640.0,360.0,640,360,278.0,191.5,292.0,204.5,14.0,12.999999999999998,181.99999999999997,12.999999999999998,8-16,65.5,far,155.5,1798.6072998046875,3.5,3.2499999999999996,3.2499999999999996,1.75,1.6249999999999998,1.6249999999999998,0.875,0.8124999999999999,0.8124999999999999,0,0,0.0,0.0,0,0,0.0,0.0,0,0,0.0,0.0,0,0,0.0,0.0,0,0,0.0,0.0,0,0,0.0,0.0,0,0,0.0,0.0,0,0,0.0,0.0,0,0,0.0,0.0
valid,3H2A7726049_jpg.rf.38d80f4818b42d0800f4f14310ad78d2.jpg,/home/hplab/uxin/yolo11/pose_dataset/bbt5.v1i.yolov8/valid/images/3H2A7726049_jpg.rf.38d80f4818b42d0800f4f14310ad78d2.jpg,3H2A7726049,640.0,360.0,640,360,251.5,196.5,266.5,211.5,15.0,15.0,225.0,15.0,8-16,0.0,overlap,148.5,1015.7164916992188,3.75,3.75,3.75,1.875,1.875,1.875,0.9375,0.9375,0.9375,0,0,0.0,0.0,0,0,0.0,0.0,0,0,0.0,0.0,0,0,0.0,0.0,0,0,0.0,0.0,0,0,0.0,0.0,0,0,0.0,0.0,0,0,0.0,0.0,0,0,0.0,0.0
valid,3H2A7726057_jpg.rf.070014e0301ed9eea3ff7f2f3a3f7552.jpg,/home/hplab/uxin/yolo11/pose_dataset/bbt5.v1i.yolov8/valid/images/3H2A7726057_jpg.rf.070014e0301ed9eea3ff7f2f3a3f7552.jpg,3H2A7726057,640.0,360.0,640,360,536.0,229.5,548.0,242.5,12.0,12.999999999999998,155.99999999999997,12.0,8-16,222.15141232951908,far,92.0,269.1388244628906,3.0,3.2499999999999996,3.0,1.5,1.6249999999999998,1.5,0.75,0.8124999999999999,0.75,1,1,0.45253700017929077,0.45253700017929077,0,1,0.0,0.45253700017929077,0,1,0.0,0.45253700017929077,0,1,0.0,0.45253700017929077,0,1,0.0,0.45253700017929077,1,1,0.6667170524597168,0.45253700017929077,1,1,0.4862055778503418,0.45253700017929077,1,1,0.695544421672821,0.45253700017929077,1,1,0.6735845804214478,0.45253700017929077
valid,3f36ac7e7917a9c1_jpg.rf.aaed8bd144e0719ab90993c7aaae4024.jpg,/home/hplab/uxin/yolo11/pose_dataset/bbt5.v1i.yolov8/valid/images/3f36ac7e7917a9c1_jpg.rf.aaed8bd144e0719ab90993c7aaae4024.jpg,3f36ac7e7917a9c1,640.0,640.0,640,640,543.0,317.5,565.0,342.5,22.0,25.0,550.0,22.0,16-32,349.4352586674676,far,75.0,273.1481628417969,5.5,6.25,5.5,2.75,3.125,2.75,1.375,1.5625,1.375,1,1,0.8187960386276245,0.8187960386276245,1,1,0.30934208631515503,0.8187960386276245,1,1,0.7680858969688416,0.8187960386276245,1,1,0.8118429780006409,0.8187960386276245,1,1,0.8285332918167114,0.8187960386276245,1,1,0.8332574963569641,0.8187960386276245,1,1,0.8273062109947205,0.8187960386276245,1,1,0.8308926224708557,0.8187960386276245,1,1,0.8299076557159424,0.8187960386276245
valid,403_png_jpg.rf.f397aee12fc5d4fbb61d5fbc720c71f6.jpg,/home/hplab/uxin/yolo11/pose_dataset/bbt5.v1i.yolov8/valid/images/403_png_jpg.rf.f397aee12fc5d4fbb61d5fbc720c71f6.jpg,403_png,640.0,640.0,640,640,241.0,70.0,255.0,88.0,14.0,18.0,252.0,14.0,8-16,inf,no_bat,70.0,224.94998168945312,3.5,4.5,3.5,1.75,2.25,1.75,0.875,1.125,0.875,1,1,0.7123661041259766,0.7123661041259766,0,1,0.0,0.7123661041259766,0,1,0.0,0.7123661041259766,0,1,0.0,0.7123661041259766,0,1,0.0,0.7123661041259766,1,1,0.5864953398704529,0.7123661041259766,1,1,0.6930421590805054,0.7123661041259766,1,1,0.7036381363868713,0.7123661041259766,1,1,0.6922831535339355,0.7123661041259766
valid,413_png_jpg.rf.9a6c133118a6108ef4acd84b82ff19c9.jpg,/home/hplab/uxin/yolo11/pose_dataset/bbt5.v1i.yolov8/valid/images/413_png_jpg.rf.9a6c133118a6108ef4acd84b82ff19c9.jpg,413_png,640.0,640.0,640,640,251.0,129.5,271.0,156.5,20.0,27.0,540.0,20.0,16-32,inf,no_bat,129.5,376.6407775878906,5.0,6.75,5.0,2.5,3.375,2.5,1.25,1.6875,1.25,1,1,0.6323147416114807,0.6323147416114807,0,1,0.0,0.6323147416114807,0,1,0.0,0.6323147416114807,1,1,0.5445816516876221,0.6323147416114807,1,1,0.699514627456665,0.6323147416114807,0,1,0.0,0.6323147416114807,1,1,0.27114835381507874,0.6323147416114807,1,1,0.4798879325389862,0.6323147416114807,1,1,0.47504812479019165,0.6323147416114807
valid,43104d3009d6f3c0_jpg.rf.d7b9c32b4162f859fe9be7864c5e2cfc.jpg,/home/hplab/uxin/yolo11/pose_dataset/bbt5.v1i.yolov8/valid/images/43104d3009d6f3c0_jpg.rf.d7b9c32b4162f859fe9be7864c5e2cfc.jpg,43104d3009d6f3c0,640.0,640.0,640,640,363.5,394.0,374.5,410.0,11.0,16.0,176.0,11.0,8-16,113.80355881957296,far,230.0,418.2546081542969,2.75,4.0,2.75,1.375,2.0,1.375,0.6875,1.0,0.6875,0,0,0.0,0.0,0,0,0.0,0.0,0,0,0.0,0.0,0,0,0.0,0.0,0,0,0.0,0.0,0,0,0.0,0.0,0,0,0.0,0.0,0,0,0.0,0.0,0,0,0.0,0.0
valid,451_png_jpg.rf.376631913e7174b7fb32dd5be53018b1.jpg,/home/hplab/uxin/yolo11/pose_dataset/bbt5.v1i.yolov8/valid/images/451_png_jpg.rf.376631913e7174b7fb32dd5be53018b1.jpg,451_png,640.0,640.0,640,640,207.0,79.0,225.0,101.0,18.0,22.0,396.0,18.0,16-32,inf,no_bat,79.0,619.7857055664062,4.5,5.5,4.5,2.25,2.75,2.25,1.125,1.375,1.125,1,1,0.8201488852500916,0.8201488852500916,0,1,0.0,0.8201488852500916,0,1,0.0,0.8201488852500916,0,1,0.0,0.8201488852500916,1,1,0.3271574378013611,0.8201488852500916,1,1,0.8255394101142883,0.8201488852500916,1,1,0.8119908571243286,0.8201488852500916,1,1,0.791281521320343,0.8201488852500916,1,1,0.7820397019386292,0.8201488852500916
valid,45_png_jpg.rf.86323d2bae3493cfdb3837d2b6f0c575.jpg,/home/hplab/uxin/yolo11/pose_dataset/bbt5.v1i.yolov8/valid/images/45_png_jpg.rf.86323d2bae3493cfdb3837d2b6f0c575.jpg,45_png,640.0,640.0,640,640,191.0,228.0,211.0,264.0,20.0,36.0,720.0,20.0,16-32,inf,no_bat,191.0,409.3650207519531,5.0,9.0,5.0,2.5,4.5,2.5,1.25,2.25,1.25,1,1,0.7617394924163818,0.7617394924163818,1,1,0.5897812843322754,0.7617394924163818,1,1,0.8373869061470032,0.7617394924163818,1,1,0.7095798254013062,0.7617394924163818,1,1,0.7694768309593201,0.7617394924163818,1,1,0.7177122235298157,0.7617394924163818,1,1,0.7438148260116577,0.7617394924163818,1,1,0.7627951502799988,0.7617394924163818,1,1,0.7813981771469116,0.7617394924163818
valid,491_png_jpg.rf.8f1ebd12fa68a02e6047852f112f2752.jpg,/home/hplab/uxin/yolo11/pose_dataset/bbt5.v1i.yolov8/valid/images/491_png_jpg.rf.8f1ebd12fa68a02e6047852f112f2752.jpg,491_png,640.0,640.0,640,640,240.5,81.0,249.5,93.0,9.0,12.0,108.0,9.0,8-16,inf,no_bat,81.0,237.61138916015625,2.25,3.0,2.25,1.125,1.5,1.125,0.5625,0.75,0.5625,0,0,0.0,0.0,0,0,0.0,0.0,0,0,0.0,0.0,0,0,0.0,0.0,0,0,0.0,0.0,0,0,0.0,0.0,0,0,0.0,0.0,0,0,0.0,0.0,0,0,0.0,0.0
valid,4d8b718d2c4e19ef_jpg.rf.fae90b2a60b4f008cb32ecb6d107fd04.jpg,/home/hplab/uxin/yolo11/pose_dataset/bbt5.v1i.yolov8/valid/images/4d8b718d2c4e19ef_jpg.rf.fae90b2a60b4f008cb32ecb6d107fd04.jpg,4d8b718d2c4e19ef,640.0,640.0,640,640,281.5,310.0,292.5,322.0,11.0,12.0,132.0,11.0,8-16,29.068883707497267,near,281.5,319.8742370605469,2.75,3.0,2.75,1.375,1.5,1.375,0.6875,0.75,0.6875,0,0,0.0,0.0,0,0,0.0,0.0,0,0,0.0,0.0,0,0,0.0,0.0,0,0,0.0,0.0,0,0,0.0,0.0,0,0,0.0,0.0,0,0,0.0,0.0,0,0,0.0,0.0
valid,4d8b718d2c4e19ef_jpg.rf.fae90b2a60b4f008cb32ecb6d107fd04.jpg,/home/hplab/uxin/yolo11/pose_dataset/bbt5.v1i.yolov8/valid/images/4d8b718d2c4e19ef_jpg.rf.fae90b2a60b4f008cb32ecb6d107fd04.jpg,4d8b718d2c4e19ef,640.0,640.0,640,640,281.5,309.5,290.5,320.5,9.0,11.0,99.0,9.0,8-16,30.07074990750979,near,281.5,406.275634765625,2.25,2.75,2.25,1.125,1.375,1.125,0.5625,0.6875,0.5625,1,1,0.7293212413787842,0.7293212413787842,0,1,0.0,0.7293212413787842,1,1,0.6428372263908386,0.7293212413787842,0,1,0.0,0.7293212413787842,0,1,0.0,0.7293212413787842,1,1,0.2657180428504944,0.7293212413787842,1,1,0.3803641200065613,0.7293212413787842,1,1,0.5193911790847778,0.7293212413787842,1,1,0.5220305323600769,0.7293212413787842
valid,4e95d9e3aeb82530_jpg.rf.62577b3c14eef135bcb26b39ea1b05c1.jpg,/home/hplab/uxin/yolo11/pose_dataset/bbt5.v1i.yolov8/valid/images/4e95d9e3aeb82530_jpg.rf.62577b3c14eef135bcb26b39ea1b05c1.jpg,4e95d9e3aeb82530,640.0,640.0,640,640,42.0,351.0,78.0,395.0,36.0,44.0,1584.0,36.0,>=32,2.5,near,42.0,141.1535186767578,9.0,11.0,9.0,4.5,5.5,4.5,2.25,2.75,2.25,1,1,0.7987731099128723,0.7987731099128723,1,1,0.7997780442237854,0.7987731099128723,1,1,0.7810143232345581,0.7987731099128723,1,1,0.7788916230201721,0.7987731099128723,1,1,0.7914844155311584,0.7987731099128723,1,1,0.7787010669708252,0.7987731099128723,1,1,0.7780377864837646,0.7987731099128723,1,1,0.7965240478515625,0.7987731099128723,1,1,0.795820951461792,0.7987731099128723
valid,4e95d9e3aeb82530_jpg.rf.62577b3c14eef135bcb26b39ea1b05c1.jpg,/home/hplab/uxin/yolo11/pose_dataset/bbt5.v1i.yolov8/valid/images/4e95d9e3aeb82530_jpg.rf.62577b3c14eef135bcb26b39ea1b05c1.jpg,4e95d9e3aeb82530,640.0,640.0,640,640,0.0,321.0,18.0,363.0,18.0,42.0,756.0,18.0,16-32,34.5,far,0.0,464.12249755859375,4.5,10.5,4.5,2.25,5.25,2.25,1.125,2.625,1.125,1,1,0.31971484422683716,0.31971484422683716,0,1,0.0,0.31971484422683716,1,1,0.27692142128944397,0.31971484422683716,0,1,0.0,0.31971484422683716,1,1,0.3466774523258209,0.31971484422683716,1,1,0.31691497564315796,0.31971484422683716,1,1,0.41736075282096863,0.31971484422683716,1,1,0.43321675062179565,0.31971484422683716,1,1,0.452846884727478,0.31971484422683716
valid,501_png_jpg.rf.8c195729c2b53be7c8df47e0cebe7540.jpg,/home/hplab/uxin/yolo11/pose_dataset/bbt5.v1i.yolov8/valid/images/501_png_jpg.rf.8c195729c2b53be7c8df47e0cebe7540.jpg,501_png,640.0,640.0,640,640,285.5,130.5,298.5,151.5,13.0,21.0,273.0,13.0,8-16,inf,no_bat,130.5,363.4896240234375,3.25,5.25,3.25,1.625,2.625,1.625,0.8125,1.3125,0.8125,1,1,0.7624664902687073,0.7624664902687073,0,1,0.0,0.7624664902687073,0,1,0.0,0.7624664902687073,0,1,0.0,0.7624664902687073,1,1,0.4712303876876831,0.7624664902687073,1,1,0.5115761160850525,0.7624664902687073,1,1,0.5674827098846436,0.7624664902687073,1,1,0.6584049463272095,0.7624664902687073,1,1,0.7338793873786926,0.7624664902687073
valid,517_png_jpg.rf.255ed9d573bb789cbd86ec1be38199c0.jpg,/home/hplab/uxin/yolo11/pose_dataset/bbt5.v1i.yolov8/valid/images/517_png_jpg.rf.255ed9d573bb789cbd86ec1be38199c0.jpg,517_png,640.0,640.0,640,640,226.0,105.5,238.0,122.5,12.0,17.0,204.0,12.0,8-16,inf,no_bat,105.5,235.63375854492188,3.0,4.25,3.0,1.5,2.125,1.5,0.75,1.0625,0.75,1,1,0.7411161661148071,0.7411161661148071,0,1,0.0,0.7411161661148071,1,1,0.46923142671585083,0.7411161661148071,0,1,0.0,0.7411161661148071,0,1,0.0,0.7411161661148071,1,1,0.6050726771354675,0.7411161661148071,1,1,0.7053653001785278,0.7411161661148071,1,1,0.7517951130867004,0.7411161661148071,1,1,0.7383060455322266,0.7411161661148071
valid,524_png_jpg.rf.b71f035287527c3b6a205502ebd4df63.jpg,/home/hplab/uxin/yolo11/pose_dataset/bbt5.v1i.yolov8/valid/images/524_png_jpg.rf.b71f035287527c3b6a205502ebd4df63.jpg,524_png,640.0,640.0,640,640,281.0,155.0,295.0,183.0,14.0,28.0,392.0,14.0,8-16,inf,no_bat,155.0,655.4470825195312,3.5,7.0,3.5,1.75,3.5,1.75,0.875,1.75,0.875,0,0,0.0,0.0,0,0,0.0,0.0,0,0,0.0,0.0,0,0,0.0,0.0,0,0,0.0,0.0,0,0,0.0,0.0,0,0,0.0,0.0,0,0,0.0,0.0,0,0,0.0,0.0
valid,53_png_jpg.rf.5e5fceb9cfefb0843d1febd8dccfe469.jpg,/home/hplab/uxin/yolo11/pose_dataset/bbt5.v1i.yolov8/valid/images/53_png_jpg.rf.5e5fceb9cfefb0843d1febd8dccfe469.jpg,53_png,640.0,640.0,640,640,295.0,260.0,303.0,268.0,8.0,8.0,64.0,8.0,8-16,inf,no_bat,260.0,723.8037109375,2.0,2.0,2.0,1.0,1.0,1.0,0.5,0.5,0.5,0,0,0.0,0.0,0,0,0.0,0.0,1,0,0.7422359585762024,0.0,0,0,0.0,0.0,0,0,0.0,0.0,0,0,0.0,0.0,0,0,0.0,0.0,0,0,0.0,0.0,0,0,0.0,0.0
valid,547_png_jpg.rf.d27e310330ed5c022012269268521628.jpg,/home/hplab/uxin/yolo11/pose_dataset/bbt5.v1i.yolov8/valid/images/547_png_jpg.rf.d27e310330ed5c022012269268521628.jpg,547_png,640.0,640.0,640,640,276.5,151.0,295.5,185.0,19.0,34.0,646.0,19.0,16-32,inf,no_bat,151.0,447.1161193847656,4.75,8.5,4.75,2.375,4.25,2.375,1.1875,2.125,1.1875,1,1,0.62217777967453,0.62217777967453,0,1,0.0,0.62217777967453,0,1,0.0,0.62217777967453,1,1,0.5856350064277649,0.62217777967453,1,1,0.6037544012069702,0.62217777967453,1,1,0.6338368058204651,0.62217777967453,1,1,0.40763068199157715,0.62217777967453,1,1,0.46993744373321533,0.62217777967453,1,1,0.5238506197929382,0.62217777967453
valid,563_png_jpg.rf.d2b85e74152eb7a757da4dc84d71a28f.jpg,/home/hplab/uxin/yolo11/pose_dataset/bbt5.v1i.yolov8/valid/images/563_png_jpg.rf.d2b85e74152eb7a757da4dc84d71a28f.jpg,563_png,640.0,640.0,640,640,285.5,103.0,294.5,117.0,9.0,14.0,126.0,9.0,8-16,inf,no_bat,103.0,398.313232421875,2.25,3.5,2.25,1.125,1.75,1.125,0.5625,0.875,0.5625,1,1,0.7153885364532471,0.7153885364532471,0,1,0.0,0.7153885364532471,0,1,0.0,0.7153885364532471,0,1,0.0,0.7153885364532471,0,1,0.0,0.7153885364532471,1,1,0.5202822089195251,0.7153885364532471,1,1,0.6651902794837952,0.7153885364532471,1,1,0.7084571719169617,0.7153885364532471,1,1,0.7143644690513611,0.7153885364532471
valid,579c0baa92fbeca6_jpg.rf.ccf057d579542ec5690cba86853e8742.jpg,/home/hplab/uxin/yolo11/pose_dataset/bbt5.v1i.yolov8/valid/images/579c0baa92fbeca6_jpg.rf.ccf057d579542ec5690cba86853e8742.jpg,579c0baa92fbeca6,640.0,640.0,640,640,604.0,219.0,622.0,241.0,18.0,22.0,396.0,18.0,16-32,246.6576574931336,far,18.0,468.078369140625,4.5,5.5,4.5,2.25,2.75,2.25,1.125,1.375,1.125,0,0,0.0,0.0,0,0,0.0,0.0,0,0,0.0,0.0,0,0,0.0,0.0,0,0,0.0,0.0,0,0,0.0,0.0,0,0,0.0,0.0,0,0,0.0,0.0,0,0,0.0,0.0
valid,62002a7d9e682b13_jpg.rf.a42b78323b2b5d969445b21c33e6190c.jpg,/home/hplab/uxin/yolo11/pose_dataset/bbt5.v1i.yolov8/valid/images/62002a7d9e682b13_jpg.rf.a42b78323b2b5d969445b21c33e6190c.jpg,62002a7d9e682b13,640.0,640.0,640,640,586.5,131.0,617.5,175.0,31.0,44.0,1364.0,31.0,16-32,153.20737580155858,far,22.5,1096.9202880859375,7.75,11.0,7.75,3.875,5.5,3.875,1.9375,2.75,1.9375,0,0,0.0,0.0,0,0,0.0,0.0,0,0,0.0,0.0,0,0,0.0,0.0,0,0,0.0,0.0,0,0,0.0,0.0,0,0,0.0,0.0,0,0,0.0,0.0,0,0,0.0,0.0
valid,68_png_jpg.rf.03010094aa382e47b0a9112cba722bd1.jpg,/home/hplab/uxin/yolo11/pose_dataset/bbt5.v1i.yolov8/valid/images/68_png_jpg.rf.03010094aa382e47b0a9112cba722bd1.jpg,68_png,640.0,640.0,640,640,249.5,227.5,268.5,258.5,19.0,31.0,589.0,19.0,16-32,inf,no_bat,227.5,551.1713256835938,4.75,7.75,4.75,2.375,3.875,2.375,1.1875,1.9375,1.1875,0,0,0.0,0.0,0,0,0.0,0.0,0,0,0.0,0.0,0,0,0.0,0.0,0,0,0.0,0.0,0,0,0.0,0.0,0,0,0.0,0.0,0,0,0.0,0.0,0,0,0.0,0.0
valid,727da6d1babe404d_jpg.rf.c976bb5fd59987c3c77faae9293acf49.jpg,/home/hplab/uxin/yolo11/pose_dataset/bbt5.v1i.yolov8/valid/images/727da6d1babe404d_jpg.rf.c976bb5fd59987c3c77faae9293acf49.jpg,727da6d1babe404d,640.0,640.0,640,640,209.5,460.5,250.5,481.5,41.0,21.0,861.0,21.0,16-32,inf,no_bat,158.5,351.1570129394531,10.25,5.25,5.25,5.125,2.625,2.625,2.5625,1.3125,1.3125,0,0,0.0,0.0,0,0,0.0,0.0,0,0,0.0,0.0,0,0,0.0,0.0,0,0,0.0,0.0,0,0,0.0,0.0,0,0,0.0,0.0,0,0,0.0,0.0,0,0,0.0,0.0
valid,89_png_jpg.rf.8d41eb87a5c32f398cd1857e085848ef.jpg,/home/hplab/uxin/yolo11/pose_dataset/bbt5.v1i.yolov8/valid/images/89_png_jpg.rf.8d41eb87a5c32f398cd1857e085848ef.jpg,89_png,640.0,640.0,640,640,233.0,148.5,243.0,167.5,10.0,19.0,190.0,10.0,8-16,inf,no_bat,148.5,704.3978271484375,2.5,4.75,2.5,1.25,2.375,1.25,0.625,1.1875,0.625,0,0,0.0,0.0,0,0,0.0,0.0,0,0,0.0,0.0,0,0,0.0,0.0,0,0,0.0,0.0,0,0,0.0,0.0,0,0,0.0,0.0,0,0,0.0,0.0,0,0,0.0,0.0
valid,8cb6e6638849db37_jpg.rf.bee30a8e80173f3b0b628a0cfab09b78.jpg,/home/hplab/uxin/yolo11/pose_dataset/bbt5.v1i.yolov8/valid/images/8cb6e6638849db37_jpg.rf.bee30a8e80173f3b0b628a0cfab09b78.jpg,8cb6e6638849db37,640.0,640.0,640,640,239.0,320.0,249.0,332.0,10.0,12.0,120.0,10.0,8-16,inf,no_bat,239.0,2648.707275390625,2.5,3.0,2.5,1.25,1.5,1.25,0.625,0.75,0.625,0,0,0.0,0.0,0,0,0.0,0.0,0,0,0.0,0.0,0,0,0.0,0.0,0,0,0.0,0.0,0,0,0.0,0.0,0,0,0.0,0.0,0,0,0.0,0.0,0,0,0.0,0.0
valid,919b3a8fb1735e93_jpg.rf.d49fc507278db2494404baf56818fdb5.jpg,/home/hplab/uxin/yolo11/pose_dataset/bbt5.v1i.yolov8/valid/images/919b3a8fb1735e93_jpg.rf.d49fc507278db2494404baf56818fdb5.jpg,919b3a8fb1735e93,640.0,640.0,640,640,184.5,84.5,207.5,113.5,23.0,29.0,667.0,23.0,16-32,190.0,far,84.5,339.2709655761719,5.75,7.25,5.75,2.875,3.625,2.875,1.4375,1.8125,1.4375,1,1,0.7951827049255371,0.7951827049255371,0,1,0.0,0.7951827049255371,0,1,0.0,0.7951827049255371,0,1,0.0,0.7951827049255371,0,1,0.0,0.7951827049255371,1,1,0.553641676902771,0.7951827049255371,0,1,0.0,0.7951827049255371,1,1,0.7075499892234802,0.7951827049255371,1,1,0.7658295631408691,0.7951827049255371
valid,9aede4774e8404f2_jpg.rf.fc5cce7367ccd2fd86385d19fab65c44.jpg,/home/hplab/uxin/yolo11/pose_dataset/bbt5.v1i.yolov8/valid/images/9aede4774e8404f2_jpg.rf.fc5cce7367ccd2fd86385d19fab65c44.jpg,9aede4774e8404f2,640.0,640.0,640,640,118.0,260.5,136.0,277.5,18.0,17.0,306.0,17.0,16-32,0.0,overlap,118.0,1666.6737060546875,4.5,4.25,4.25,2.25,2.125,2.125,1.125,1.0625,1.0625,1,1,0.7534552216529846,0.7534552216529846,0,1,0.0,0.7534552216529846,0,1,0.0,0.7534552216529846,0,1,0.0,0.7534552216529846,0,1,0.0,0.7534552216529846,0,1,0.0,0.7534552216529846,0,1,0.0,0.7534552216529846,1,1,0.7983441948890686,0.7534552216529846,1,1,0.7684639692306519,0.7534552216529846
valid,baseball1035_png_jpg.rf.fec87ecbc1a7dc41688424c8803dec26.jpg,/home/hplab/uxin/yolo11/pose_dataset/bbt5.v1i.yolov8/valid/images/baseball1035_png_jpg.rf.fec87ecbc1a7dc41688424c8803dec26.jpg,baseball1035_png,640.0,640.0,640,640,362.5,340.0,389.5,380.0,27.0,40.0,1080.0,27.0,16-32,44.0,far,250.5,219.8444061279297,6.75,10.0,6.75,3.375,5.0,3.375,1.6875,2.5,1.6875,0,0,0.0,0.0,0,0,0.0,0.0,0,0,0.0,0.0,0,0,0.0,0.0,0,0,0.0,0.0,0,0,0.0,0.0,0,0,0.0,0.0,0,0,0.0,0.0,0,0,0.0,0.0
valid,baseball1042_png_jpg.rf.4320906bf3abdc026cdfd1877942075d.jpg,/home/hplab/uxin/yolo11/pose_dataset/bbt5.v1i.yolov8/valid/images/baseball1042_png_jpg.rf.4320906bf3abdc026cdfd1877942075d.jpg,baseball1042_png,640.0,640.0,640,640,272.0,320.0,306.0,356.0,34.0,36.0,1224.0,34.0,>=32,64.5,far,272.0,478.88189697265625,8.5,9.0,8.5,4.25,4.5,4.25,2.125,2.25,2.125,0,0,0.0,0.0,0,0,0.0,0.0,0,0,0.0,0.0,0,0,0.0,0.0,0,0,0.0,0.0,0,0,0.0,0.0,0,0,0.0,0.0,0,0,0.0,0.0,0,0,0.0,0.0
valid,baseball106_png_jpg.rf.6eaa37a71dd2edf74c6a3213835371b1.jpg,/home/hplab/uxin/yolo11/pose_dataset/bbt5.v1i.yolov8/valid/images/baseball106_png_jpg.rf.6eaa37a71dd2edf74c6a3213835371b1.jpg,baseball106_png,640.0,640.0,640,640,392.0,187.0,434.0,241.0,42.0,54.0,2268.0,42.0,>=32,91.64742222234077,far,187.0,365.91571044921875,10.5,13.5,10.5,5.25,6.75,5.25,2.625,3.375,2.625,0,0,0.0,0.0,0,0,0.0,0.0,0,0,0.0,0.0,0,0,0.0,0.0,0,0,0.0,0.0,0,0,0.0,0.0,0,0,0.0,0.0,0,0,0.0,0.0,0,0,0.0,0.0
valid,baseball1113_png_jpg.rf.ba0251ce956cbe3df9ca054f7d52140d.jpg,/home/hplab/uxin/yolo11/pose_dataset/bbt5.v1i.yolov8/valid/images/baseball1113_png_jpg.rf.ba0251ce956cbe3df9ca054f7d52140d.jpg,baseball1113_png,640.0,640.0,640,640,492.5,363.5,523.5,396.5,31.0,33.0,1023.0,31.0,16-32,25.0,near,116.5,315.8290100097656,7.75,8.25,7.75,3.875,4.125,3.875,1.9375,2.0625,1.9375,1,1,0.44636836647987366,0.44636836647987366,0,1,0.0,0.44636836647987366,0,1,0.0,0.44636836647987366,0,1,0.0,0.44636836647987366,0,1,0.0,0.44636836647987366,0,1,0.0,0.44636836647987366,0,1,0.0,0.44636836647987366,0,1,0.0,0.44636836647987366,0,1,0.0,0.44636836647987366
valid,baseball171_png_jpg.rf.6fd22dc67297febf00cb8c4a2438b654.jpg,/home/hplab/uxin/yolo11/pose_dataset/bbt5.v1i.yolov8/valid/images/baseball171_png_jpg.rf.6fd22dc67297febf00cb8c4a2438b654.jpg,baseball171_png,640.0,640.0,640,640,295.0,144.0,333.0,190.0,38.0,46.0,1748.0,38.0,>=32,inf,no_bat,144.0,100.68161010742188,9.5,11.5,9.5,4.75,5.75,4.75,2.375,2.875,2.375,0,0,0.0,0.0,0,0,0.0,0.0,0,0,0.0,0.0,0,0,0.0,0.0,0,0,0.0,0.0,0,0,0.0,0.0,0,0,0.0,0.0,0,0,0.0,0.0,0,0,0.0,0.0
valid,baseball1915_png_jpg.rf.b3a0463b00f36856a1baa1c32b23eafc.jpg,/home/hplab/uxin/yolo11/pose_dataset/bbt5.v1i.yolov8/valid/images/baseball1915_png_jpg.rf.b3a0463b00f36856a1baa1c32b23eafc.jpg,baseball1915_png,640.0,640.0,640,640,373.0,315.5,395.0,348.5,22.0,33.0,726.0,22.0,16-32,0.0,overlap,245.0,121.60295867919922,5.5,8.25,5.5,2.75,4.125,2.75,1.375,2.0625,1.375,0,0,0.0,0.0,0,0,0.0,0.0,0,0,0.0,0.0,0,0,0.0,0.0,0,0,0.0,0.0,0,0,0.0,0.0,0,0,0.0,0.0,0,0,0.0,0.0,0,0,0.0,0.0
valid,baseball1941_png_jpg.rf.99b1a68679fc4e54ff49a2d4b25cc55c.jpg,/home/hplab/uxin/yolo11/pose_dataset/bbt5.v1i.yolov8/valid/images/baseball1941_png_jpg.rf.99b1a68679fc4e54ff49a2d4b25cc55c.jpg,baseball1941_png,640.0,640.0,640,640,404.0,381.5,442.0,424.5,38.0,43.0,1634.0,38.0,>=32,47.0,far,198.0,479.5103759765625,9.5,10.75,9.5,4.75,5.375,4.75,2.375,2.6875,2.375,0,0,0.0,0.0,0,0,0.0,0.0,0,0,0.0,0.0,0,0,0.0,0.0,0,0,0.0,0.0,0,0,0.0,0.0,0,0,0.0,0.0,0,0,0.0,0.0,0,0,0.0,0.0
valid,baseball1945_png_jpg.rf.bcd4a310a39871ae9f2a12d0fccafcb0.jpg,/home/hplab/uxin/yolo11/pose_dataset/bbt5.v1i.yolov8/valid/images/baseball1945_png_jpg.rf.bcd4a310a39871ae9f2a12d0fccafcb0.jpg,baseball1945_png,640.0,640.0,640,640,403.5,357.5,428.5,390.5,25.0,33.0,825.0,25.0,16-32,0.0,overlap,211.5,241.8450927734375,6.25,8.25,6.25,3.125,4.125,3.125,1.5625,2.0625,1.5625,0,0,0.0,0.0,0,0,0.0,0.0,0,0,0.0,0.0,0,0,0.0,0.0,0,0,0.0,0.0,0,0,0.0,0.0,0,0,0.0,0.0,0,0,0.0,0.0,0,0,0.0,0.0
valid,baseball1946_png_jpg.rf.d20bc2fc179f78eece7b0d6a50cfa317.jpg,/home/hplab/uxin/yolo11/pose_dataset/bbt5.v1i.yolov8/valid/images/baseball1946_png_jpg.rf.d20bc2fc179f78eece7b0d6a50cfa317.jpg,baseball1946_png,640.0,640.0,640,640,335.0,338.0,365.0,372.0,30.0,34.0,1020.0,30.0,16-32,0.5,near,268.0,122.6396713256836,7.5,8.5,7.5,3.75,4.25,3.75,1.875,2.125,1.875,0,0,0.0,0.0,0,0,0.0,0.0,0,0,0.0,0.0,0,0,0.0,0.0,0,0,0.0,0.0,0,0,0.0,0.0,0,0,0.0,0.0,0,0,0.0,0.0,0,0,0.0,0.0
valid,baseball1953_png_jpg.rf.6c4d9fa77219ca208cca82f237f6ef7a.jpg,/home/hplab/uxin/yolo11/pose_dataset/bbt5.v1i.yolov8/valid/images/baseball1953_png_jpg.rf.6c4d9fa77219ca208cca82f237f6ef7a.jpg,baseball1953_png,640.0,640.0,640,640,397.0,371.0,431.0,407.0,34.0,36.0,1224.0,34.0,>=32,9.0,near,209.0,287.8890686035156,8.5,9.0,8.5,4.25,4.5,4.25,2.125,2.25,2.125,0,0,0.0,0.0,0,0,0.0,0.0,0,0,0.0,0.0,0,0,0.0,0.0,0,0,0.0,0.0,0,0,0.0,0.0,0,0,0.0,0.0,0,0,0.0,0.0,0,0,0.0,0.0
valid,baseball1967_png_jpg.rf.35812103f19c6900f54534b52701a4e0.jpg,/home/hplab/uxin/yolo11/pose_dataset/bbt5.v1i.yolov8/valid/images/baseball1967_png_jpg.rf.35812103f19c6900f54534b52701a4e0.jpg,baseball1967_png,640.0,640.0,640,640,284.5,304.0,317.5,342.0,33.0,38.0,1254.0,33.0,>=32,55.0,far,284.5,431.4598693847656,8.25,9.5,8.25,4.125,4.75,4.125,2.0625,2.375,2.0625,0,0,0.0,0.0,0,0,0.0,0.0,0,0,0.0,0.0,0,0,0.0,0.0,0,0,0.0,0.0,0,0,0.0,0.0,0,0,0.0,0.0,0,0,0.0,0.0,0,0,0.0,0.0
valid,baseball1968_png_jpg.rf.0a5cfd141dea4491117d0a04f8455c12.jpg,/home/hplab/uxin/yolo11/pose_dataset/bbt5.v1i.yolov8/valid/images/baseball1968_png_jpg.rf.0a5cfd141dea4491117d0a04f8455c12.jpg,baseball1968_png,640.0,640.0,640,640,373.5,378.0,416.5,418.0,43.0,40.0,1720.0,40.0,>=32,29.5,near,222.0,319.8809509277344,10.75,10.0,10.0,5.375,5.0,5.0,2.6875,2.5,2.5,0,0,0.0,0.0,0,0,0.0,0.0,0,0,0.0,0.0,0,0,0.0,0.0,0,0,0.0,0.0,0,0,0.0,0.0,0,0,0.0,0.0,0,0,0.0,0.0,0,0,0.0,0.0
valid,baseball201_png_jpg.rf.58d0b4192fa9aebdb8adecd1e7f3904d.jpg,/home/hplab/uxin/yolo11/pose_dataset/bbt5.v1i.yolov8/valid/images/baseball201_png_jpg.rf.58d0b4192fa9aebdb8adecd1e7f3904d.jpg,baseball201_png,640.0,640.0,640,640,246.5,233.5,287.5,284.5,41.0,51.0,2091.0,41.0,>=32,0.0,overlap,233.5,248.36325073242188,10.25,12.75,10.25,5.125,6.375,5.125,2.5625,3.1875,2.5625,0,0,0.0,0.0,0,0,0.0,0.0,0,0,0.0,0.0,0,0,0.0,0.0,0,0,0.0,0.0,0,0,0.0,0.0,0,0,0.0,0.0,0,0,0.0,0.0,0,0,0.0,0.0
valid,baseball2270_png_jpg.rf.d9ecbd52e12f6b31547a0bba7ae2334d.jpg,/home/hplab/uxin/yolo11/pose_dataset/bbt5.v1i.yolov8/valid/images/baseball2270_png_jpg.rf.d9ecbd52e12f6b31547a0bba7ae2334d.jpg,baseball2270_png,640.0,640.0,640,640,41.5,308.0,94.5,368.0,53.0,60.0,3180.0,53.0,>=32,6.264982043070834,near,41.5,26.308425903320312,13.25,15.0,13.25,6.625,7.5,6.625,3.3125,3.75,3.3125,0,0,0.0,0.0,0,0,0.0,0.0,0,0,0.0,0.0,0,0,0.0,0.0,0,0,0.0,0.0,0,0,0.0,0.0,0,0,0.0,0.0,0,0,0.0,0.0,0,0,0.0,0.0
valid,baseball2308_png_jpg.rf.cbf33ed594aca29618ebfee9ac20bc34.jpg,/home/hplab/uxin/yolo11/pose_dataset/bbt5.v1i.yolov8/valid/images/baseball2308_png_jpg.rf.cbf33ed594aca29618ebfee9ac20bc34.jpg,baseball2308_png,640.0,640.0,640,640,128.0,122.5,188.0,223.5,60.0,101.0,6060.0,60.0,>=32,0.0,overlap,122.5,62.51842498779297,15.0,25.25,15.0,7.5,12.625,7.5,3.75,6.3125,3.75,0,0,0.0,0.0,0,0,0.0,0.0,0,0,0.0,0.0,0,0,0.0,0.0,0,0,0.0,0.0,0,0,0.0,0.0,0,0,0.0,0.0,0,0,0.0,0.0,0,0,0.0,0.0
valid,baseball2313_png_jpg.rf.dbe3f146f31ecd12c1d1eadd1189083f.jpg,/home/hplab/uxin/yolo11/pose_dataset/bbt5.v1i.yolov8/valid/images/baseball2313_png_jpg.rf.dbe3f146f31ecd12c1d1eadd1189083f.jpg,baseball2313_png,640.0,640.0,640,640,200.5,282.5,295.5,381.5,95.0,99.0,9405.0,95.0,>=32,inf,no_bat,200.5,133.32083129882812,23.75,24.75,23.75,11.875,12.375,11.875,5.9375,6.1875,5.9375,0,0,0.0,0.0,0,0,0.0,0.0,0,0,0.0,0.0,0,0,0.0,0.0,0,0,0.0,0.0,0,0,0.0,0.0,0,0,0.0,0.0,0,0,0.0,0.0,0,0,0.0,0.0
valid,c5d6b787ff84c450_jpg.rf.7700d9f098f4cea7148bc0595c98c316.jpg,/home/hplab/uxin/yolo11/pose_dataset/bbt5.v1i.yolov8/valid/images/c5d6b787ff84c450_jpg.rf.7700d9f098f4cea7148bc0595c98c316.jpg,c5d6b787ff84c450,640.0,640.0,640,640,330.0,285.0,380.0,323.0,50.0,38.0,1900.0,38.0,>=32,164.35479913893602,far,260.0,343.7179870605469,12.5,9.5,9.5,6.25,4.75,4.75,3.125,2.375,2.375,0,0,0.0,0.0,0,0,0.0,0.0,0,0,0.0,0.0,0,0,0.0,0.0,0,0,0.0,0.0,0,0,0.0,0.0,0,0,0.0,0.0,0,0,0.0,0.0,0,0,0.0,0.0
valid,ca924f1305c3dd81_jpg.rf.b868a6da503f51a04fefcc5f4b6a048f.jpg,/home/hplab/uxin/yolo11/pose_dataset/bbt5.v1i.yolov8/valid/images/ca924f1305c3dd81_jpg.rf.b868a6da503f51a04fefcc5f4b6a048f.jpg,ca924f1305c3dd81,640.0,640.0,640,640,68.0,288.5,80.0,307.5,12.0,19.0,228.0,12.0,8-16,184.39088914585776,far,68.0,312.2364501953125,3.0,4.75,3.0,1.5,2.375,1.5,0.75,1.1875,0.75,1,1,0.6493487358093262,0.6493487358093262,0,1,0.0,0.6493487358093262,0,1,0.0,0.6493487358093262,0,1,0.0,0.6493487358093262,0,1,0.0,0.6493487358093262,0,1,0.0,0.6493487358093262,0,1,0.0,0.6493487358093262,1,1,0.55695641040802,0.6493487358093262,0,1,0.0,0.6493487358093262
valid,cc9a7f5b9f50a0e8_jpg.rf.874a68e864dcf45c4c848e950bd0f5f3.jpg,/home/hplab/uxin/yolo11/pose_dataset/bbt5.v1i.yolov8/valid/images/cc9a7f5b9f50a0e8_jpg.rf.874a68e864dcf45c4c848e950bd0f5f3.jpg,cc9a7f5b9f50a0e8,640.0,640.0,640,640,264.5,299.0,305.5,341.0,41.0,42.0,1722.0,41.0,>=32,0.0,overlap,264.5,383.92578125,10.25,10.5,10.25,5.125,5.25,5.125,2.5625,2.625,2.5625,0,0,0.0,0.0,0,0,0.0,0.0,0,0,0.0,0.0,0,0,0.0,0.0,0,0,0.0,0.0,0,0,0.0,0.0,0,0,0.0,0.0,0,0,0.0,0.0,0,0,0.0,0.0
valid,d48791c0f69d41af_jpg.rf.172559904559cc2a5534bdca4b1abaaf.jpg,/home/hplab/uxin/yolo11/pose_dataset/bbt5.v1i.yolov8/valid/images/d48791c0f69d41af_jpg.rf.172559904559cc2a5534bdca4b1abaaf.jpg,d48791c0f69d41af,640.0,640.0,640,640,468.5,375.5,479.5,390.5,11.0,15.0,165.0,11.0,8-16,98.0,far,160.5,172.3755645751953,2.75,3.75,2.75,1.375,1.875,1.375,0.6875,0.9375,0.6875,1,1,0.703019917011261,0.703019917011261,0,1,0.0,0.703019917011261,0,1,0.0,0.703019917011261,1,1,0.30817320942878723,0.703019917011261,0,1,0.0,0.703019917011261,1,1,0.7475945353507996,0.703019917011261,1,1,0.7370914220809937,0.703019917011261,1,1,0.7242853045463562,0.703019917011261,1,1,0.7247708439826965,0.703019917011261
valid,eb399dc2b6110a63_jpg.rf.0221eddc59e06a69462320623e617c66.jpg,/home/hplab/uxin/yolo11/pose_dataset/bbt5.v1i.yolov8/valid/images/eb399dc2b6110a63_jpg.rf.0221eddc59e06a69462320623e617c66.jpg,eb399dc2b6110a63,640.0,640.0,640,640,216.0,478.5,236.0,505.5,20.0,27.0,540.0,20.0,16-32,270.28919697242804,far,134.5,1221.9439697265625,5.0,6.75,5.0,2.5,3.375,2.5,1.25,1.6875,1.25,0,0,0.0,0.0,0,0,0.0,0.0,1,0,0.3740006983280182,0.0,0,0,0.0,0.0,0,0,0.0,0.0,0,0,0.0,0.0,0,0,0.0,0.0,0,0,0.0,0.0,0,0,0.0,0.0
valid,ed9d3bd77efabb5b_jpg.rf.3c2088fa98d30c356fe6b89bfb9bfbde.jpg,/home/hplab/uxin/yolo11/pose_dataset/bbt5.v1i.yolov8/valid/images/ed9d3bd77efabb5b_jpg.rf.3c2088fa98d30c356fe6b89bfb9bfbde.jpg,ed9d3bd77efabb5b,640.0,640.0,640,640,137.0,187.5,165.0,208.5,28.0,21.0,588.0,21.0,16-32,121.31055189059194,far,137.0,229.30215454101562,7.0,5.25,5.25,3.5,2.625,2.625,1.75,1.3125,1.3125,1,1,0.8003573417663574,0.8003573417663574,1,1,0.6585993766784668,0.8003573417663574,1,1,0.7728579640388489,0.8003573417663574,1,1,0.6981260776519775,0.8003573417663574,1,1,0.6680014133453369,0.8003573417663574,1,1,0.7381526827812195,0.8003573417663574,1,1,0.8057106137275696,0.8003573417663574,1,1,0.8084478974342346,0.8003573417663574,1,1,0.8226448893547058,0.8003573417663574
valid,f15c641e4a78b05c_jpg.rf.e90ead8bcae2c7d6371e1936d80fb038.jpg,/home/hplab/uxin/yolo11/pose_dataset/bbt5.v1i.yolov8/valid/images/f15c641e4a78b05c_jpg.rf.e90ead8bcae2c7d6371e1936d80fb038.jpg,f15c641e4a78b05c,640.0,640.0,640,640,390.5,228.5,407.5,253.5,17.0,25.0,425.0,17.0,16-32,282.0,far,228.5,153.0725555419922,4.25,6.25,4.25,2.125,3.125,2.125,1.0625,1.5625,1.0625,1,1,0.8100993037223816,0.8100993037223816,0,1,0.0,0.8100993037223816,1,1,0.6684939861297607,0.8100993037223816,1,1,0.7952747344970703,0.8100993037223816,1,1,0.7886092066764832,0.8100993037223816,1,1,0.8237031698226929,0.8100993037223816,1,1,0.8191900849342346,0.8100993037223816,1,1,0.8134323358535767,0.8100993037223816,1,1,0.8063449263572693,0.8100993037223816
valid,f2d149380bdca608_jpg.rf.18c5bf712cf146f1e7f71517bbb982ff.jpg,/home/hplab/uxin/yolo11/pose_dataset/bbt5.v1i.yolov8/valid/images/f2d149380bdca608_jpg.rf.18c5bf712cf146f1e7f71517bbb982ff.jpg,f2d149380bdca608,640.0,640.0,640,640,389.5,119.0,408.5,141.0,19.0,22.0,418.0,19.0,16-32,122.96747537458837,far,119.0,1075.7081298828125,4.75,5.5,4.75,2.375,2.75,2.375,1.1875,1.375,1.1875,1,1,0.765327513217926,0.765327513217926,0,1,0.0,0.765327513217926,1,1,0.7564502954483032,0.765327513217926,1,1,0.7923036813735962,0.765327513217926,1,1,0.7889707088470459,0.765327513217926,1,1,0.8000999689102173,0.765327513217926,1,1,0.7848595380783081,0.765327513217926,1,1,0.7498006224632263,0.765327513217926,1,1,0.7517743110656738,0.765327513217926
valid,f4262ed9529219ef_jpg.rf.33e259fbc7a6e8c4a30fb9d11ab5a3ba.jpg,/home/hplab/uxin/yolo11/pose_dataset/bbt5.v1i.yolov8/valid/images/f4262ed9529219ef_jpg.rf.33e259fbc7a6e8c4a30fb9d11ab5a3ba.jpg,f4262ed9529219ef,640.0,640.0,640,640,253.5,308.0,274.5,332.0,21.0,24.0,504.0,21.0,16-32,50.0,far,253.5,2160.89013671875,5.25,6.0,5.25,2.625,3.0,2.625,1.3125,1.5,1.3125,1,1,0.7867581844329834,0.7867581844329834,1,1,0.2844206988811493,0.7867581844329834,1,1,0.827256977558136,0.7867581844329834,1,1,0.6317552328109741,0.7867581844329834,1,1,0.5606817007064819,0.7867581844329834,1,1,0.5793307423591614,0.7867581844329834,1,1,0.7594785094261169,0.7867581844329834,1,1,0.7967749834060669,0.7867581844329834,1,1,0.7866426110267639,0.7867581844329834
valid,f8e969264fc43aa4_jpg.rf.6ad296717157c67627a04786761b86e7.jpg,/home/hplab/uxin/yolo11/pose_dataset/bbt5.v1i.yolov8/valid/images/f8e969264fc43aa4_jpg.rf.6ad296717157c67627a04786761b86e7.jpg,f8e969264fc43aa4,640.0,640.0,640,640,559.5,232.5,572.5,253.5,13.0,21.0,273.0,13.0,8-16,39.0,far,67.5,147.12376403808594,3.25,5.25,3.25,1.625,2.625,1.625,0.8125,1.3125,0.8125,1,1,0.32133859395980835,0.32133859395980835,0,1,0.0,0.32133859395980835,0,1,0.0,0.32133859395980835,0,1,0.0,0.32133859395980835,0,1,0.0,0.32133859395980835,0,1,0.0,0.32133859395980835,0,1,0.0,0.32133859395980835,1,1,0.4981270432472229,0.32133859395980835,1,1,0.417751282453537,0.32133859395980835
valid,frame1076_jpg.rf.3165ec166b32a68bd34570e3fd9c0cbd.jpg,/home/hplab/uxin/yolo11/pose_dataset/bbt5.v1i.yolov8/valid/images/frame1076_jpg.rf.3165ec166b32a68bd34570e3fd9c0cbd.jpg,frame1076,640.0,640.0,640,640,370.5,326.0,387.5,346.0,17.0,20.0,340.0,17.0,16-32,267.54672489118605,far,252.5,1398.2203369140625,4.25,5.0,4.25,2.125,2.5,2.125,1.0625,1.25,1.0625,0,0,0.0,0.0,0,0,0.0,0.0,1,0,0.8275862336158752,0.0,0,0,0.0,0.0,1,0,0.37549543380737305,0.0,0,0,0.0,0.0,0,0,0.0,0.0,0,0,0.0,0.0,0,0,0.0,0.0
valid,frame1107_jpg.rf.9312e6a617ce1a1fd82ff075cbca0861.jpg,/home/hplab/uxin/yolo11/pose_dataset/bbt5.v1i.yolov8/valid/images/frame1107_jpg.rf.9312e6a617ce1a1fd82ff075cbca0861.jpg,frame1107,640.0,640.0,640,640,529.0,282.5,551.0,305.5,22.0,23.0,506.0,22.0,16-32,399.3059603862682,far,89.0,985.9956665039062,5.5,5.75,5.5,2.75,2.875,2.75,1.375,1.4375,1.375,1,1,0.7486841678619385,0.7486841678619385,1,1,0.3782288432121277,0.7486841678619385,1,1,0.7863759994506836,0.7486841678619385,1,1,0.6390985250473022,0.7486841678619385,1,1,0.7526577711105347,0.7486841678619385,1,1,0.6504920721054077,0.7486841678619385,1,1,0.7366058826446533,0.7486841678619385,1,1,0.7608510255813599,0.7486841678619385,1,1,0.753014326095581,0.7486841678619385
valid,frame1352_jpg.rf.3edd38bda5e9c83895e0b6ef3750b5e0.jpg,/home/hplab/uxin/yolo11/pose_dataset/bbt5.v1i.yolov8/valid/images/frame1352_jpg.rf.3edd38bda5e9c83895e0b6ef3750b5e0.jpg,frame1352,640.0,640.0,640,640,550.5,210.0,567.5,230.0,17.0,20.0,340.0,17.0,16-32,135.0,far,72.5,1145.4444580078125,4.25,5.0,4.25,2.125,2.5,2.125,1.0625,1.25,1.0625,1,1,0.4812321066856384,0.4812321066856384,0,1,0.0,0.4812321066856384,1,1,0.7668158411979675,0.4812321066856384,0,1,0.0,0.4812321066856384,0,1,0.0,0.4812321066856384,0,1,0.0,0.4812321066856384,1,1,0.2729794979095459,0.4812321066856384,1,1,0.31044986844062805,0.4812321066856384,1,1,0.4630429446697235,0.4812321066856384
valid,frame1484_jpg.rf.4d9f8a2ddb067d1cc80f95632e4ad84c.jpg,/home/hplab/uxin/yolo11/pose_dataset/bbt5.v1i.yolov8/valid/images/frame1484_jpg.rf.4d9f8a2ddb067d1cc80f95632e4ad84c.jpg,frame1484,640.0,640.0,640,640,165.5,512.5,180.5,529.5,15.0,17.0,255.0,15.0,8-16,inf,no_bat,110.5,464.6423645019531,3.75,4.25,3.75,1.875,2.125,1.875,0.9375,1.0625,0.9375,0,0,0.0,0.0,0,0,0.0,0.0,1,0,0.4080280661582947,0.0,0,0,0.0,0.0,0,0,0.0,0.0,0,0,0.0,0.0,1,0,0.387212336063385,0.0,1,0,0.44191232323646545,0.0,1,0,0.5432426929473877,0.0
valid,image113_jpg.rf.78c27e4f91f1827e78e8d0225ad444bf.jpg,/home/hplab/uxin/yolo11/pose_dataset/bbt5.v1i.yolov8/valid/images/image113_jpg.rf.78c27e4f91f1827e78e8d0225ad444bf.jpg,image113,640.0,640.0,640,640,183.0,147.5,469.0,528.5,286.0,381.0,108966.0,286.0,>=32,inf,no_bat,111.5,720.8109130859375,71.5,95.25,71.5,35.75,47.625,35.75,17.875,23.8125,17.875,1,1,0.7941361665725708,0.7941361665725708,1,1,0.7987062931060791,0.7941361665725708,1,1,0.7958582639694214,0.7941361665725708,1,1,0.7903914451599121,0.7941361665725708,1,1,0.7918058633804321,0.7941361665725708,1,1,0.7941361665725708,0.7941361665725708,1,1,0.7941361665725708,0.7941361665725708,1,1,0.7941361665725708,0.7941361665725708,1,1,0.7941361665725708,0.7941361665725708
valid,image114_jpg.rf.97c1c21bd64311f145c70f473ce44831.jpg,/home/hplab/uxin/yolo11/pose_dataset/bbt5.v1i.yolov8/valid/images/image114_jpg.rf.97c1c21bd64311f145c70f473ce44831.jpg,image114,640.0,640.0,640,640,231.5,204.0,414.5,504.0,183.0,300.0,54900.0,183.0,>=32,inf,no_bat,136.0,2249.65380859375,45.75,75.0,45.75,22.875,37.5,22.875,11.4375,18.75,11.4375,1,1,0.263815313577652,0.263815313577652,1,1,0.6537778377532959,0.263815313577652,1,1,0.7572576403617859,0.263815313577652,1,1,0.6094473004341125,0.263815313577652,1,1,0.5552304983139038,0.263815313577652,1,1,0.263815313577652,0.263815313577652,1,1,0.263815313577652,0.263815313577652,1,1,0.263815313577652,0.263815313577652,1,1,0.263815313577652,0.263815313577652
valid,image125_jpeg_jpg.rf.68b690e8bb844556c9fb66099e982c10.jpg,/home/hplab/uxin/yolo11/pose_dataset/bbt5.v1i.yolov8/valid/images/image125_jpeg_jpg.rf.68b690e8bb844556c9fb66099e982c10.jpg,image125_jpeg,640.0,640.0,640,640,301.0,151.0,629.0,640.0,328.0,489.0,160392.0,328.0,>=32,inf,no_bat,0.0,65.08907318115234,82.0,122.25,82.0,41.0,61.125,41.0,20.5,30.5625,20.5,0,0,0.0,0.0,0,0,0.0,0.0,0,0,0.0,0.0,0,0,0.0,0.0,0,0,0.0,0.0,0,0,0.0,0.0,0,0,0.0,0.0,0,0,0.0,0.0,0,0,0.0,0.0
valid,image125_jpeg_jpg.rf.68b690e8bb844556c9fb66099e982c10.jpg,/home/hplab/uxin/yolo11/pose_dataset/bbt5.v1i.yolov8/valid/images/image125_jpeg_jpg.rf.68b690e8bb844556c9fb66099e982c10.jpg,image125_jpeg,640.0,640.0,640,640,137.5,140.5,410.5,639.5,273.0,499.0,136227.0,273.0,>=32,inf,no_bat,0.5,312.0455017089844,68.25,124.75,68.25,34.125,62.375,34.125,17.0625,31.1875,17.0625,1,1,0.3845922648906708,0.3845922648906708,1,1,0.3452569842338562,0.3845922648906708,1,1,0.33950167894363403,0.3845922648906708,1,1,0.38448086380958557,0.3845922648906708,1,1,0.3833746612071991,0.3845922648906708,1,1,0.3845922648906708,0.3845922648906708,1,1,0.3845922648906708,0.3845922648906708,1,1,0.3845922648906708,0.3845922648906708,1,1,0.3845922648906708,0.3845922648906708
valid,image129_jpg.rf.cf0c82d34874886a5950fdc59ae4a3ce.jpg,/home/hplab/uxin/yolo11/pose_dataset/bbt5.v1i.yolov8/valid/images/image129_jpg.rf.cf0c82d34874886a5950fdc59ae4a3ce.jpg,image129,640.0,640.0,640,640,279.0,107.5,413.0,298.5,134.0,191.0,25594.0,134.0,>=32,inf,no_bat,107.5,1156.4449462890625,33.5,47.75,33.5,16.75,23.875,16.75,8.375,11.9375,8.375,0,0,0.0,0.0,0,0,0.0,0.0,0,0,0.0,0.0,0,0,0.0,0.0,0,0,0.0,0.0,0,0,0.0,0.0,0,0,0.0,0.0,0,0,0.0,0.0,0,0,0.0,0.0
valid,image131_jpeg_jpg.rf.02a6128e896374f8dd4914b558b04332.jpg,/home/hplab/uxin/yolo11/pose_dataset/bbt5.v1i.yolov8/valid/images/image131_jpeg_jpg.rf.02a6128e896374f8dd4914b558b04332.jpg,image131_jpeg,640.0,640.0,640,640,209.0,35.5,489.0,524.5,280.0,489.0,136920.0,280.0,>=32,inf,no_bat,35.5,1179.8621826171875,70.0,122.25,70.0,35.0,61.125,35.0,17.5,30.5625,17.5,1,1,0.7404300570487976,0.7404300570487976,1,1,0.7407076954841614,0.7404300570487976,1,1,0.7435452342033386,0.7404300570487976,1,1,0.7447012066841125,0.7404300570487976,1,1,0.7431254386901855,0.7404300570487976,1,1,0.7404300570487976,0.7404300570487976,1,1,0.7404300570487976,0.7404300570487976,1,1,0.7404300570487976,0.7404300570487976,1,1,0.7404300570487976,0.7404300570487976
valid,image147_jpg.rf.cfd58d3be3d0a3f4dca3ed154964ff3a.jpg,/home/hplab/uxin/yolo11/pose_dataset/bbt5.v1i.yolov8/valid/images/image147_jpg.rf.cfd58d3be3d0a3f4dca3ed154964ff3a.jpg,image147,640.0,640.0,640,640,299.5,135.5,432.5,350.5,133.0,215.0,28595.0,133.0,>=32,inf,no_bat,135.5,1213.5264892578125,33.25,53.75,33.25,16.625,26.875,16.625,8.3125,13.4375,8.3125,1,1,0.9367265105247498,0.9367265105247498,1,1,0.9462480545043945,0.9367265105247498,1,1,0.9436853528022766,0.9367265105247498,1,1,0.93996262550354,0.9367265105247498,1,1,0.939154863357544,0.9367265105247498,1,1,0.9367265105247498,0.9367265105247498,1,1,0.9367265105247498,0.9367265105247498,1,1,0.9367265105247498,0.9367265105247498,1,1,0.9367265105247498,0.9367265105247498
valid,image147_jpg.rf.cfd58d3be3d0a3f4dca3ed154964ff3a.jpg,/home/hplab/uxin/yolo11/pose_dataset/bbt5.v1i.yolov8/valid/images/image147_jpg.rf.cfd58d3be3d0a3f4dca3ed154964ff3a.jpg,image147,640.0,640.0,640,640,0.5,128.5,125.5,345.5,125.0,217.0,27125.0,125.0,>=32,inf,no_bat,0.5,1684.628662109375,31.25,54.25,31.25,15.625,27.125,15.625,7.8125,13.5625,7.8125,1,1,0.9451372027397156,0.9451372027397156,1,1,0.9494144916534424,0.9451372027397156,1,1,0.9485416412353516,0.9451372027397156,1,1,0.9472624659538269,0.9451372027397156,1,1,0.9466400146484375,0.9451372027397156,1,1,0.9451372027397156,0.9451372027397156,1,1,0.9451372027397156,0.9451372027397156,1,1,0.9451372027397156,0.9451372027397156,1,1,0.9451372027397156,0.9451372027397156
valid,image147_jpg.rf.cfd58d3be3d0a3f4dca3ed154964ff3a.jpg,/home/hplab/uxin/yolo11/pose_dataset/bbt5.v1i.yolov8/valid/images/image147_jpg.rf.cfd58d3be3d0a3f4dca3ed154964ff3a.jpg,image147,640.0,640.0,640,640,19.5,399.0,158.5,615.0,139.0,216.0,30024.0,139.0,>=32,inf,no_bat,19.5,1704.6136474609375,34.75,54.0,34.75,17.375,27.0,17.375,8.6875,13.5,8.6875,1,1,0.9376735687255859,0.9376735687255859,1,1,0.9521695375442505,0.9376735687255859,1,1,0.9528472423553467,0.9376735687255859,1,1,0.9400274753570557,0.9376735687255859,1,1,0.9389708638191223,0.9376735687255859,1,1,0.9376735687255859,0.9376735687255859,1,1,0.9376735687255859,0.9376735687255859,1,1,0.9376735687255859,0.9376735687255859,1,1,0.9376735687255859,0.9376735687255859
valid,image147_jpg.rf.cfd58d3be3d0a3f4dca3ed154964ff3a.jpg,/home/hplab/uxin/yolo11/pose_dataset/bbt5.v1i.yolov8/valid/images/image147_jpg.rf.cfd58d3be3d0a3f4dca3ed154964ff3a.jpg,image147,640.0,640.0,640,640,163.0,408.0,293.0,620.0,130.0,212.0,27560.0,130.0,>=32,inf,no_bat,20.0,1869.3583984375,32.5,53.0,32.5,16.25,26.5,16.25,8.125,13.25,8.125,1,1,0.9337788820266724,0.9337788820266724,1,1,0.9358463883399963,0.9337788820266724,1,1,0.937617838382721,0.9337788820266724,1,1,0.9367235898971558,0.9337788820266724,1,1,0.9353184103965759,0.9337788820266724,1,1,0.9337788820266724,0.9337788820266724,1,1,0.9337788820266724,0.9337788820266724,1,1,0.9337788820266724,0.9337788820266724,1,1,0.9337788820266724,0.9337788820266724
valid,image147_jpg.rf.cfd58d3be3d0a3f4dca3ed154964ff3a.jpg,/home/hplab/uxin/yolo11/pose_dataset/bbt5.v1i.yolov8/valid/images/image147_jpg.rf.cfd58d3be3d0a3f4dca3ed154964ff3a.jpg,image147,640.0,640.0,640,640,386.0,285.5,518.0,494.5,132.0,209.0,27588.0,132.0,>=32,inf,no_bat,122.0,914.0515747070312,33.0,52.25,33.0,16.5,26.125,16.5,8.25,13.0625,8.25,1,1,0.6888594031333923,0.6888594031333923,1,1,0.9183488488197327,0.6888594031333923,1,1,0.9106005430221558,0.6888594031333923,1,1,0.781113862991333,0.6888594031333923,1,1,0.7994959950447083,0.6888594031333923,1,1,0.6888594031333923,0.6888594031333923,1,1,0.6888594031333923,0.6888594031333923,1,1,0.6888594031333923,0.6888594031333923,1,1,0.6888594031333923,0.6888594031333923
valid,image147_jpg.rf.cfd58d3be3d0a3f4dca3ed154964ff3a.jpg,/home/hplab/uxin/yolo11/pose_dataset/bbt5.v1i.yolov8/valid/images/image147_jpg.rf.cfd58d3be3d0a3f4dca3ed154964ff3a.jpg,image147,640.0,640.0,640,640,347.5,480.5,482.5,639.5,135.0,159.0,21465.0,135.0,>=32,inf,no_bat,0.5,740.4365844726562,33.75,39.75,33.75,16.875,19.875,16.875,8.4375,9.9375,8.4375,1,1,0.8182136416435242,0.8182136416435242,1,1,0.8598628044128418,0.8182136416435242,1,1,0.8464118838310242,0.8182136416435242,1,1,0.8333595991134644,0.8182136416435242,1,1,0.8261346220970154,0.8182136416435242,1,1,0.8182136416435242,0.8182136416435242,1,1,0.8182136416435242,0.8182136416435242,1,1,0.8182136416435242,0.8182136416435242,1,1,0.8182136416435242,0.8182136416435242
valid,image151_jpg.rf.0ff47644948e10a7cea1865b2bd46319.jpg,/home/hplab/uxin/yolo11/pose_dataset/bbt5.v1i.yolov8/valid/images/image151_jpg.rf.0ff47644948e10a7cea1865b2bd46319.jpg,image151,640.0,640.0,640,640,108.5,0.0,461.5,624.0,353.0,624.0,220272.0,353.0,>=32,inf,no_bat,0.0,1316.0262451171875,88.25,156.0,88.25,44.125,78.0,44.125,22.0625,39.0,22.0625,1,1,0.290577232837677,0.290577232837677,0,1,0.0,0.290577232837677,1,1,0.4336585998535156,0.290577232837677,1,1,0.2916337847709656,0.290577232837677,1,1,0.29204443097114563,0.290577232837677,1,1,0.290577232837677,0.290577232837677,1,1,0.290577232837677,0.290577232837677,1,1,0.290577232837677,0.290577232837677,1,1,0.290577232837677,0.290577232837677
valid,image152_jpeg_jpg.rf.e8041975f1593c93470d796a70eef4de.jpg,/home/hplab/uxin/yolo11/pose_dataset/bbt5.v1i.yolov8/valid/images/image152_jpeg_jpg.rf.e8041975f1593c93470d796a70eef4de.jpg,image152_jpeg,640.0,640.0,640,640,177.5,41.0,198.5,77.0,21.0,36.0,756.0,21.0,16-32,228.8864347225497,far,41.0,106.3934326171875,5.25,9.0,5.25,2.625,4.5,2.625,1.3125,2.25,1.3125,1,1,0.6840856671333313,0.6840856671333313,0,1,0.0,0.6840856671333313,1,1,0.6677812933921814,0.6840856671333313,1,1,0.558305025100708,0.6840856671333313,1,1,0.6994514465332031,0.6840856671333313,1,1,0.5926828384399414,0.6840856671333313,1,1,0.6803016662597656,0.6840856671333313,1,1,0.604498028755188,0.6840856671333313,1,1,0.6868064999580383,0.6840856671333313
valid,image156_jpg.rf.d1781cf56a035802b5df0a95c40aa55c.jpg,/home/hplab/uxin/yolo11/pose_dataset/bbt5.v1i.yolov8/valid/images/image156_jpg.rf.d1781cf56a035802b5df0a95c40aa55c.jpg,image156,640.0,640.0,640,640,434.5,1.5,625.5,510.5,191.0,509.0,97219.0,191.0,>=32,inf,no_bat,1.5,628.3284912109375,47.75,127.25,47.75,23.875,63.625,23.875,11.9375,31.8125,11.9375,1,1,0.6831164360046387,0.6831164360046387,1,1,0.5417206287384033,0.6831164360046387,1,1,0.6004353761672974,0.6831164360046387,1,1,0.7259300947189331,0.6831164360046387,1,1,0.6765995621681213,0.6831164360046387,1,1,0.7204526662826538,0.6831164360046387,1,1,0.6826791167259216,0.6831164360046387,1,1,0.6831164360046387,0.6831164360046387,1,1,0.6831164360046387,0.6831164360046387
valid,image16_jpg.rf.229212cdf94eef27935dd1ca4f06fbbf.jpg,/home/hplab/uxin/yolo11/pose_dataset/bbt5.v1i.yolov8/valid/images/image16_jpg.rf.229212cdf94eef27935dd1ca4f06fbbf.jpg,image16,640.0,640.0,640,640,54.0,52.0,586.0,600.0,532.0,548.0,291536.0,532.0,>=32,inf,no_bat,40.0,318.14056396484375,133.0,137.0,133.0,66.5,68.5,66.5,33.25,34.25,33.25,1,1,0.5366904735565186,0.5366904735565186,0,1,0.0,0.5366904735565186,1,1,0.5576126575469971,0.5366904735565186,1,1,0.5366904735565186,0.5366904735565186,1,1,0.5366904735565186,0.5366904735565186,1,1,0.5366904735565186,0.5366904735565186,1,1,0.5366904735565186,0.5366904735565186,1,1,0.5366904735565186,0.5366904735565186,1,1,0.5366904735565186,0.5366904735565186
valid,image17_jpg.rf.d7392e63924f57181f64e6ed7b9c93af.jpg,/home/hplab/uxin/yolo11/pose_dataset/bbt5.v1i.yolov8/valid/images/image17_jpg.rf.d7392e63924f57181f64e6ed7b9c93af.jpg,image17,640.0,640.0,640,640,33.0,128.0,323.0,504.0,290.0,376.0,109040.0,290.0,>=32,inf,no_bat,33.0,1628.7890625,72.5,94.0,72.5,36.25,47.0,36.25,18.125,23.5,18.125,1,1,0.762871265411377,0.762871265411377,1,1,0.8384894132614136,0.762871265411377,1,1,0.8240792751312256,0.762871265411377,1,1,0.762871265411377,0.762871265411377,1,1,0.762871265411377,0.762871265411377,1,1,0.762871265411377,0.762871265411377,1,1,0.762871265411377,0.762871265411377,1,1,0.762871265411377,0.762871265411377,1,1,0.762871265411377,0.762871265411377
valid,image17_jpg.rf.d7392e63924f57181f64e6ed7b9c93af.jpg,/home/hplab/uxin/yolo11/pose_dataset/bbt5.v1i.yolov8/valid/images/image17_jpg.rf.d7392e63924f57181f64e6ed7b9c93af.jpg,image17,640.0,640.0,640,640,332.5,144.0,617.5,524.0,285.0,380.0,108300.0,285.0,>=32,inf,no_bat,22.5,1586.2930908203125,71.25,95.0,71.25,35.625,47.5,35.625,17.8125,23.75,17.8125,1,1,0.7936996817588806,0.7936996817588806,1,1,0.8705680966377258,0.7936996817588806,1,1,0.8578256964683533,0.7936996817588806,1,1,0.7936996817588806,0.7936996817588806,1,1,0.7936996817588806,0.7936996817588806,1,1,0.7936996817588806,0.7936996817588806,1,1,0.7936996817588806,0.7936996817588806,1,1,0.7936996817588806,0.7936996817588806,1,1,0.7936996817588806,0.7936996817588806
valid,image197_jpeg_jpg.rf.6de4c75d4938a0d9fafa86b9ec4f42a2.jpg,/home/hplab/uxin/yolo11/pose_dataset/bbt5.v1i.yolov8/valid/images/image197_jpeg_jpg.rf.6de4c75d4938a0d9fafa86b9ec4f42a2.jpg,image197_jpeg,640.0,640.0,640,640,508.5,344.5,531.5,371.5,23.0,27.0,621.0,23.0,16-32,97.5,far,108.5,174.80264282226562,5.75,6.75,5.75,2.875,3.375,2.875,1.4375,1.6875,1.4375,1,1,0.8090640902519226,0.8090640902519226,1,1,0.8300332427024841,0.8090640902519226,1,1,0.8263369202613831,0.8090640902519226,1,1,0.8128412365913391,0.8090640902519226,1,1,0.8078560829162598,0.8090640902519226,1,1,0.8173601627349854,0.8090640902519226,1,1,0.8171265125274658,0.8090640902519226,1,1,0.81576007604599,0.8090640902519226,1,1,0.8171249628067017,0.8090640902519226
valid,image203_jpeg_jpg.rf.82efeef185228bfeac66ecd3b48dde12.jpg,/home/hplab/uxin/yolo11/pose_dataset/bbt5.v1i.yolov8/valid/images/image203_jpeg_jpg.rf.82efeef185228bfeac66ecd3b48dde12.jpg,image203_jpeg,640.0,640.0,640,640,202.5,289.0,377.5,445.0,175.0,156.0,27300.0,156.0,>=32,inf,no_bat,195.0,2247.947998046875,43.75,39.0,39.0,21.875,19.5,19.5,10.9375,9.75,9.75,1,1,0.8234835863113403,0.8234835863113403,1,1,0.8721803426742554,0.8234835863113403,1,1,0.8824052214622498,0.8234835863113403,1,1,0.9077431559562683,0.8234835863113403,1,1,0.8811960816383362,0.8234835863113403,1,1,0.8266708850860596,0.8234835863113403,1,1,0.8294861316680908,0.8234835863113403,1,1,0.8234835863113403,0.8234835863113403,1,1,0.8234835863113403,0.8234835863113403
valid,image209_jpeg_jpg.rf.0c984f33d46afb633e989b7e1284e4b6.jpg,/home/hplab/uxin/yolo11/pose_dataset/bbt5.v1i.yolov8/valid/images/image209_jpeg_jpg.rf.0c984f33d46afb633e989b7e1284e4b6.jpg,image209_jpeg,640.0,640.0,640,640,381.5,241.5,416.5,278.5,35.0,37.0,1295.0,35.0,>=32,190.0,far,223.5,647.1135864257812,8.75,9.25,8.75,4.375,4.625,4.375,2.1875,2.3125,2.1875,1,1,0.7563244700431824,0.7563244700431824,1,1,0.7566277980804443,0.7563244700431824,1,1,0.7829484939575195,0.7563244700431824,1,1,0.5225018262863159,0.7563244700431824,0,1,0.0,0.7563244700431824,1,1,0.6725121736526489,0.7563244700431824,1,1,0.6733946800231934,0.7563244700431824,1,1,0.7478849291801453,0.7563244700431824,1,1,0.7253673076629639,0.7563244700431824
valid,image27_jpg.rf.5f6b3ec87eb03012b221f58300a3483a.jpg,/home/hplab/uxin/yolo11/pose_dataset/bbt5.v1i.yolov8/valid/images/image27_jpg.rf.5f6b3ec87eb03012b221f58300a3483a.jpg,image27,640.0,640.0,640,640,142.0,53.5,504.0,594.5,362.0,541.0,195842.0,362.0,>=32,inf,no_bat,45.5,185.68653869628906,90.5,135.25,90.5,45.25,67.625,45.25,22.625,33.8125,22.625,1,1,0.6185397505760193,0.6185397505760193,1,1,0.6424615979194641,0.6185397505760193,1,1,0.6303918361663818,0.6185397505760193,1,1,0.6185397505760193,0.6185397505760193,1,1,0.6185397505760193,0.6185397505760193,1,1,0.6185397505760193,0.6185397505760193,1,1,0.6185397505760193,0.6185397505760193,1,1,0.6185397505760193,0.6185397505760193,1,1,0.6185397505760193,0.6185397505760193
valid,image47_jpeg_jpg.rf.e20c25833e577c948e5eb4da553671c8.jpg,/home/hplab/uxin/yolo11/pose_dataset/bbt5.v1i.yolov8/valid/images/image47_jpeg_jpg.rf.e20c25833e577c948e5eb4da553671c8.jpg,image47_jpeg,640.0,640.0,640,640,16.5,12.0,629.5,624.0,613.0,612.0,375156.0,612.0,>=32,inf,no_bat,10.5,736.9221801757812,153.25,153.0,153.0,76.625,76.5,76.5,38.3125,38.25,38.25,1,1,0.4300258457660675,0.4300258457660675,0,1,0.0,0.4300258457660675,0,1,0.0,0.4300258457660675,1,1,0.4300258457660675,0.4300258457660675,1,1,0.4300258457660675,0.4300258457660675,1,1,0.4300258457660675,0.4300258457660675,1,1,0.4300258457660675,0.4300258457660675,1,1,0.4300258457660675,0.4300258457660675,1,1,0.4300258457660675,0.4300258457660675
valid,image56_jpg.rf.5895bd552eb04f28434f7deae11d08dd.jpg,/home/hplab/uxin/yolo11/pose_dataset/bbt5.v1i.yolov8/valid/images/image56_jpg.rf.5895bd552eb04f28434f7deae11d08dd.jpg,image56,640.0,640.0,640,640,258.0,288.5,468.0,471.5,210.0,183.0,38430.0,183.0,>=32,0.0,overlap,168.5,771.8328857421875,52.5,45.75,45.75,26.25,22.875,22.875,13.125,11.4375,11.4375,0,0,0.0,0.0,0,0,0.0,0.0,0,0,0.0,0.0,0,0,0.0,0.0,0,0,0.0,0.0,0,0,0.0,0.0,0,0,0.0,0.0,0,0,0.0,0.0,0,0,0.0,0.0
valid,image71_jpeg_jpg.rf.7bf0cb60e31da7415b0344a104d65154.jpg,/home/hplab/uxin/yolo11/pose_dataset/bbt5.v1i.yolov8/valid/images/image71_jpeg_jpg.rf.7bf0cb60e31da7415b0344a104d65154.jpg,image71_jpeg,640.0,640.0,640,640,139.0,245.5,345.0,506.5,206.0,261.0,53766.0,206.0,>=32,inf,no_bat,133.5,3121.10205078125,51.5,65.25,51.5,25.75,32.625,25.75,12.875,16.3125,12.875,1,1,0.8315438628196716,0.8315438628196716,1,1,0.9126079082489014,0.8315438628196716,1,1,0.9089106321334839,0.8315438628196716,1,1,0.866818368434906,0.8315438628196716,1,1,0.8639085292816162,0.8315438628196716,1,1,0.8315438628196716,0.8315438628196716,1,1,0.8315438628196716,0.8315438628196716,1,1,0.8315438628196716,0.8315438628196716,1,1,0.8315438628196716,0.8315438628196716
valid,image88_jpg.rf.d492480e73bb7ffcc102389a3a30f382.jpg,/home/hplab/uxin/yolo11/pose_dataset/bbt5.v1i.yolov8/valid/images/image88_jpg.rf.d492480e73bb7ffcc102389a3a30f382.jpg,image88,640.0,640.0,640,640,376.0,237.5,580.0,518.5,204.0,281.0,57324.0,204.0,>=32,inf,no_bat,60.0,501.78619384765625,51.0,70.25,51.0,25.5,35.125,25.5,12.75,17.5625,12.75,1,1,0.9004902839660645,0.9004902839660645,1,1,0.9071353673934937,0.9004902839660645,1,1,0.9123662114143372,0.9004902839660645,1,1,0.9079495668411255,0.9004902839660645,1,1,0.9074388742446899,0.9004902839660645,1,1,0.9025830030441284,0.9004902839660645,1,1,0.9016180038452148,0.9004902839660645,1,1,0.9004902839660645,0.9004902839660645,1,1,0.9004902839660645,0.9004902839660645
