step,time_unix,metric,value
0,1789131942.557355,amp/overflow_retries,6.0
0,1789131942.557355,amp/scale,1024.0
0,1789131942.557355,gradient/clipped_norm,328.2931213378906
0,1789131942.557355,images/detect,0.0
0,1789131942.557355,images/pose,16.0
0,1789131942.557355,loss/backward,74.74808502197266
0,1789131942.557355,loss/detect_mean,0.0
0,1789131942.557355,loss/joint_mean,1.1679388284683228
0,1789131942.557355,loss/pose_mean,1.1679388284683228
0,1789131942.557355,lr/attention.decay,0.0
0,1789131942.557355,lr/attention.no_decay,0.0
0,1789131942.557355,lr/backbone.decay,0.0
0,1789131942.557355,lr/backbone.no_decay,0.0
0,1789131942.557355,lr/detect_head.decay,0.0
0,1789131942.557355,lr/detect_head.no_decay,0.0
0,1789131942.557355,lr/neck.decay,0.0
0,1789131942.557355,lr/neck.no_decay,0.0
0,1789131942.557355,lr/pose_head.decay,1.024128686327078e-06
0,1789131942.557355,lr/pose_head.no_decay,1.024128686327078e-06
0,1789131942.557355,pose/component_0,0.8337836861610413
0,1789131942.557355,pose/component_1,0.025619860738515854
0,1789131942.557355,pose/component_2,0.031432487070560455
0,1789131942.557355,pose/component_3,0.28027158975601196
0,1789131942.557355,pose/component_4,0.0032040318474173546
0,1789131942.557355,pose/component_5,0.0
1,1789131942.7513785,amp/overflow_retries,0.0
1,1789131942.7513785,amp/scale,1024.0
1,1789131942.7513785,gradient/clipped_norm,367.777587890625
1,1789131942.7513785,images/detect,0.0
1,1789131942.7513785,images/pose,16.0
1,1789131942.7513785,loss/backward,101.84672546386719
1,1789131942.7513785,loss/detect_mean,0.0
1,1789131942.7513785,loss/joint_mean,1.5913550853729248
1,1789131942.7513785,loss/pose_mean,1.5913550853729248
1,1789131942.7513785,lr/attention.decay,0.0
1,1789131942.7513785,lr/attention.no_decay,0.0
1,1789131942.7513785,lr/backbone.decay,0.0
1,1789131942.7513785,lr/backbone.no_decay,0.0
1,1789131942.7513785,lr/detect_head.decay,0.0
1,1789131942.7513785,lr/detect_head.no_decay,0.0
1,1789131942.7513785,lr/neck.decay,0.0
1,1789131942.7513785,lr/neck.no_decay,0.0
1,1789131942.7513785,lr/pose_head.decay,1.0482573726541556e-06
1,1789131942.7513785,lr/pose_head.no_decay,1.0482573726541556e-06
1,1789131942.7513785,pose/component_0,1.1753156185150146
1,1789131942.7513785,pose/component_1,0.06327226758003235
1,1789131942.7513785,pose/component_2,0.005607545375823975
1,1789131942.7513785,pose/component_3,0.6227949857711792
1,1789131942.7513785,pose/component_4,0.0025929000694304705
1,1789131942.7513785,pose/component_5,0.0
2,1789131942.9449775,amp/overflow_retries,0.0
2,1789131942.9449775,amp/scale,1024.0
2,1789131942.9449775,gradient/clipped_norm,408.9852600097656
2,1789131942.9449775,images/detect,0.0
2,1789131942.9449775,images/pose,16.0
2,1789131942.9449775,loss/backward,68.30313110351562
2,1789131942.9449775,loss/detect_mean,0.0
2,1789131942.9449775,loss/joint_mean,1.0672364234924316
2,1789131942.9449775,loss/pose_mean,1.0672364234924316
2,1789131942.9449775,lr/attention.decay,0.0
2,1789131942.9449775,lr/attention.no_decay,0.0
2,1789131942.9449775,lr/backbone.decay,0.0
2,1789131942.9449775,lr/backbone.no_decay,0.0
2,1789131942.9449775,lr/detect_head.decay,0.0
2,1789131942.9449775,lr/detect_head.no_decay,0.0
2,1789131942.9449775,lr/neck.decay,0.0
2,1789131942.9449775,lr/neck.no_decay,0.0
2,1789131942.9449775,lr/pose_head.decay,1.0723860589812334e-06
2,1789131942.9449775,lr/pose_head.no_decay,1.0723860589812334e-06
2,1789131942.9449775,pose/component_0,0.7359427809715271
2,1789131942.9449775,pose/component_1,0.018035728484392166
2,1789131942.9449775,pose/component_2,0.04815319553017616
2,1789131942.9449775,pose/component_3,0.30192041397094727
2,1789131942.9449775,pose/component_4,0.0020624161697924137
2,1789131942.9449775,pose/component_5,0.0
3,1789131943.1376686,amp/overflow_retries,0.0
3,1789131943.1376686,amp/scale,1024.0
3,1789131943.1376686,gradient/clipped_norm,362.3177490234375
3,1789131943.1376686,images/detect,0.0
3,1789131943.1376686,images/pose,16.0
3,1789131943.1376686,loss/backward,84.30500793457031
3,1789131943.1376686,loss/detect_mean,0.0
3,1789131943.1376686,loss/joint_mean,1.3172657489776611
3,1789131943.1376686,loss/pose_mean,1.3172657489776611
3,1789131943.1376686,lr/attention.decay,0.0
3,1789131943.1376686,lr/attention.no_decay,0.0
3,1789131943.1376686,lr/backbone.decay,0.0
3,1789131943.1376686,lr/backbone.no_decay,0.0
3,1789131943.1376686,lr/detect_head.decay,0.0
3,1789131943.1376686,lr/detect_head.no_decay,0.0
3,1789131943.1376686,lr/neck.decay,0.0
3,1789131943.1376686,lr/neck.no_decay,0.0
3,1789131943.1376686,lr/pose_head.decay,1.0965147453083111e-06
3,1789131943.1376686,lr/pose_head.no_decay,1.0965147453083111e-06
3,1789131943.1376686,pose/component_0,1.0506703853607178
3,1789131943.1376686,pose/component_1,0.031435541808605194
3,1789131943.1376686,pose/component_2,0.0011494930367916822
3,1789131943.1376686,pose/component_3,0.5203506350517273
3,1789131943.1376686,pose/component_4,0.002325866837054491
3,1789131943.1376686,pose/component_5,0.0
4,1789131943.3325603,amp/overflow_retries,0.0
4,1789131943.3325603,amp/scale,1024.0
4,1789131943.3325603,gradient/clipped_norm,301.6829528808594
4,1789131943.3325603,images/detect,0.0
4,1789131943.3325603,images/pose,16.0
4,1789131943.3325603,loss/backward,75.30638122558594
4,1789131943.3325603,loss/detect_mean,0.0
4,1789131943.3325603,loss/joint_mean,1.1766622066497803
4,1789131943.3325603,loss/pose_mean,1.1766622066497803
4,1789131943.3325603,lr/attention.decay,0.0
4,1789131943.3325603,lr/attention.no_decay,0.0
4,1789131943.3325603,lr/backbone.decay,0.0
4,1789131943.3325603,lr/backbone.no_decay,0.0
4,1789131943.3325603,lr/detect_head.decay,0.0
4,1789131943.3325603,lr/detect_head.no_decay,0.0
4,1789131943.3325603,lr/neck.decay,0.0
4,1789131943.3325603,lr/neck.no_decay,0.0
4,1789131943.3325603,lr/pose_head.decay,1.120643431635389e-06
4,1789131943.3325603,lr/pose_head.no_decay,1.120643431635389e-06
4,1789131943.3325603,pose/component_0,0.7944694757461548
4,1789131943.3325603,pose/component_1,0.012970143929123878
4,1789131943.3325603,pose/component_2,0.003471178701147437
4,1789131943.3325603,pose/component_3,0.35201480984687805
4,1789131943.3325603,pose/component_4,0.00203029066324234
4,1789131943.3325603,pose/component_5,0.0
5,1789131944.2559388,amp/overflow_retries,4.0
5,1789131944.2559388,amp/scale,64.0
5,1789131944.2559388,gradient/clipped_norm,4367.8388671875
5,1789131944.2559388,images/detect,0.0
5,1789131944.2559388,images/pose,16.0
5,1789131944.2559388,loss/backward,90.57061767578125
5,1789131944.2559388,loss/detect_mean,0.0
5,1789131944.2559388,loss/joint_mean,1.415165901184082
5,1789131944.2559388,loss/pose_mean,1.415165901184082
5,1789131944.2559388,lr/attention.decay,0.0
5,1789131944.2559388,lr/attention.no_decay,0.0
5,1789131944.2559388,lr/backbone.decay,0.0
5,1789131944.2559388,lr/backbone.no_decay,0.0
5,1789131944.2559388,lr/detect_head.decay,0.0
5,1789131944.2559388,lr/detect_head.no_decay,0.0
5,1789131944.2559388,lr/neck.decay,0.0
5,1789131944.2559388,lr/neck.no_decay,0.0
5,1789131944.2559388,lr/pose_head.decay,1.1447721179624666e-06
5,1789131944.2559388,lr/pose_head.no_decay,1.1447721179624666e-06
5,1789131944.2559388,pose/component_0,0.8611129522323608
5,1789131944.2559388,pose/component_1,0.029130805283784866
5,1789131944.2559388,pose/component_2,0.07025299966335297
5,1789131944.2559388,pose/component_3,0.5242368578910828
5,1789131944.2559388,pose/component_4,0.003893935587257147
5,1789131944.2559388,pose/component_5,0.13577470183372498
6,1789131944.448558,amp/overflow_retries,0.0
6,1789131944.448558,amp/scale,64.0
6,1789131944.448558,gradient/clipped_norm,229.0778045654297
6,1789131944.448558,images/detect,0.0
6,1789131944.448558,images/pose,16.0
6,1789131944.448558,loss/backward,57.141693115234375
6,1789131944.448558,loss/detect_mean,0.0
6,1789131944.448558,loss/joint_mean,0.8928389549255371
6,1789131944.448558,loss/pose_mean,0.8928389549255371
6,1789131944.448558,lr/attention.decay,0.0
6,1789131944.448558,lr/attention.no_decay,0.0
6,1789131944.448558,lr/backbone.decay,0.0
6,1789131944.448558,lr/backbone.no_decay,0.0
6,1789131944.448558,lr/detect_head.decay,0.0
6,1789131944.448558,lr/detect_head.no_decay,0.0
6,1789131944.448558,lr/neck.decay,0.0
6,1789131944.448558,lr/neck.no_decay,0.0
6,1789131944.448558,lr/pose_head.decay,1.1689008042895443e-06
6,1789131944.448558,lr/pose_head.no_decay,1.1689008042895443e-06
6,1789131944.448558,pose/component_0,0.5836056470870972
6,1789131944.448558,pose/component_1,0.011352688074111938
6,1789131944.448558,pose/component_2,0.0036586548667401075
6,1789131944.448558,pose/component_3,0.27864518761634827
6,1789131944.448558,pose/component_4,0.0022253980860114098
6,1789131944.448558,pose/component_5,0.0
7,1789131944.640402,amp/overflow_retries,0.0
7,1789131944.640402,amp/scale,64.0
7,1789131944.640402,gradient/clipped_norm,3533.1552734375
7,1789131944.640402,images/detect,0.0
7,1789131944.640402,images/pose,16.0
7,1789131944.640402,loss/backward,156.09393310546875
7,1789131944.640402,loss/detect_mean,0.0
7,1789131944.640402,loss/joint_mean,2.438967704772949
7,1789131944.640402,loss/pose_mean,2.438967704772949
7,1789131944.640402,lr/attention.decay,0.0
7,1789131944.640402,lr/attention.no_decay,0.0
7,1789131944.640402,lr/backbone.decay,0.0
7,1789131944.640402,lr/backbone.no_decay,0.0
7,1789131944.640402,lr/detect_head.decay,0.0
7,1789131944.640402,lr/detect_head.no_decay,0.0
7,1789131944.640402,lr/neck.decay,0.0
7,1789131944.640402,lr/neck.no_decay,0.0
7,1789131944.640402,lr/pose_head.decay,1.193029490616622e-06
7,1789131944.640402,lr/pose_head.no_decay,1.193029490616622e-06
7,1789131944.640402,pose/component_0,1.136756181716919
7,1789131944.640402,pose/component_1,0.15817342698574066
7,1789131944.640402,pose/component_2,0.1888425350189209
7,1789131944.640402,pose/component_3,0.5989871025085449
7,1789131944.640402,pose/component_4,0.0037395027466118336
7,1789131944.640402,pose/component_5,0.0
8,1789131944.8321416,amp/overflow_retries,0.0
8,1789131944.8321416,amp/scale,64.0
8,1789131944.8321416,gradient/clipped_norm,421.71343994140625
8,1789131944.8321416,images/detect,0.0
8,1789131944.8321416,images/pose,16.0
8,1789131944.8321416,loss/backward,84.18119812011719
8,1789131944.8321416,loss/detect_mean,0.0
8,1789131944.8321416,loss/joint_mean,1.315331220626831
8,1789131944.8321416,loss/pose_mean,1.315331220626831
8,1789131944.8321416,lr/attention.decay,0.0
8,1789131944.8321416,lr/attention.no_decay,0.0
8,1789131944.8321416,lr/backbone.decay,0.0
8,1789131944.8321416,lr/backbone.no_decay,0.0
8,1789131944.8321416,lr/detect_head.decay,0.0
8,1789131944.8321416,lr/detect_head.no_decay,0.0
8,1789131944.8321416,lr/neck.decay,0.0
8,1789131944.8321416,lr/neck.no_decay,0.0
8,1789131944.8321416,lr/pose_head.decay,1.2171581769436998e-06
8,1789131944.8321416,lr/pose_head.no_decay,1.2171581769436998e-06
8,1789131944.8321416,pose/component_0,0.9534839391708374
8,1789131944.8321416,pose/component_1,0.013115267269313335
8,1789131944.8321416,pose/component_2,0.010826783254742622
8,1789131944.8321416,pose/component_3,0.39464807510375977
8,1789131944.8321416,pose/component_4,0.0026900810189545155
8,1789131944.8321416,pose/component_5,0.0
9,1789131945.024128,amp/overflow_retries,0.0
9,1789131945.024128,amp/scale,64.0
9,1789131945.024128,gradient/clipped_norm,260.359375
9,1789131945.024128,images/detect,0.0
9,1789131945.024128,images/pose,16.0
9,1789131945.024128,loss/backward,72.53950500488281
9,1789131945.024128,loss/detect_mean,0.0
9,1789131945.024128,loss/joint_mean,1.133429765701294
9,1789131945.024128,loss/pose_mean,1.133429765701294
9,1789131945.024128,lr/attention.decay,0.0
9,1789131945.024128,lr/attention.no_decay,0.0
9,1789131945.024128,lr/backbone.decay,0.0
9,1789131945.024128,lr/backbone.no_decay,0.0
9,1789131945.024128,lr/detect_head.decay,0.0
9,1789131945.024128,lr/detect_head.no_decay,0.0
9,1789131945.024128,lr/neck.decay,0.0
9,1789131945.024128,lr/neck.no_decay,0.0
9,1789131945.024128,lr/pose_head.decay,1.2412868632707776e-06
9,1789131945.024128,lr/pose_head.no_decay,1.2412868632707776e-06
9,1789131945.024128,pose/component_0,0.7195611596107483
9,1789131945.024128,pose/component_1,0.04148660600185394
9,1789131945.024128,pose/component_2,0.030415045097470284
9,1789131945.024128,pose/component_3,0.5484851598739624
9,1789131945.024128,pose/component_4,0.0028982481453567743
9,1789131945.024128,pose/component_5,0.0
10,1789131945.217855,amp/overflow_retries,0.0
10,1789131945.217855,amp/scale,64.0
10,1789131945.217855,gradient/clipped_norm,360.3704833984375
10,1789131945.217855,images/detect,0.0
10,1789131945.217855,images/pose,16.0
10,1789131945.217855,loss/backward,76.81411743164062
10,1789131945.217855,loss/detect_mean,0.0
10,1789131945.217855,loss/joint_mean,1.2002205848693848
10,1789131945.217855,loss/pose_mean,1.2002205848693848
10,1789131945.217855,lr/attention.decay,0.0
10,1789131945.217855,lr/attention.no_decay,0.0
10,1789131945.217855,lr/backbone.decay,0.0
10,1789131945.217855,lr/backbone.no_decay,0.0
10,1789131945.217855,lr/detect_head.decay,0.0
10,1789131945.217855,lr/detect_head.no_decay,0.0
10,1789131945.217855,lr/neck.decay,0.0
10,1789131945.217855,lr/neck.no_decay,0.0
10,1789131945.217855,lr/pose_head.decay,1.2654155495978553e-06
10,1789131945.217855,lr/pose_head.no_decay,1.2654155495978553e-06
10,1789131945.217855,pose/component_0,0.8155268430709839
10,1789131945.217855,pose/component_1,0.011777806095778942
10,1789131945.217855,pose/component_2,0.012336471118032932
10,1789131945.217855,pose/component_3,0.4994875490665436
10,1789131945.217855,pose/component_4,0.0037423502653837204
10,1789131945.217855,pose/component_5,0.0
11,1789131945.4137855,amp/overflow_retries,0.0
11,1789131945.4137855,amp/scale,64.0
11,1789131945.4137855,gradient/clipped_norm,373.8023681640625
11,1789131945.4137855,images/detect,0.0
11,1789131945.4137855,images/pose,16.0
11,1789131945.4137855,loss/backward,80.3514175415039
11,1789131945.4137855,loss/detect_mean,0.0
11,1789131945.4137855,loss/joint_mean,1.2554908990859985
11,1789131945.4137855,loss/pose_mean,1.2554908990859985
11,1789131945.4137855,lr/attention.decay,0.0
11,1789131945.4137855,lr/attention.no_decay,0.0
11,1789131945.4137855,lr/backbone.decay,0.0
11,1789131945.4137855,lr/backbone.no_decay,0.0
11,1789131945.4137855,lr/detect_head.decay,0.0
11,1789131945.4137855,lr/detect_head.no_decay,0.0
11,1789131945.4137855,lr/neck.decay,0.0
11,1789131945.4137855,lr/neck.no_decay,0.0
11,1789131945.4137855,lr/pose_head.decay,1.2895442359249332e-06
11,1789131945.4137855,lr/pose_head.no_decay,1.2895442359249332e-06
11,1789131945.4137855,pose/component_0,0.8574333190917969
11,1789131945.4137855,pose/component_1,0.02992221526801586
11,1789131945.4137855,pose/component_2,0.03744575008749962
11,1789131945.4137855,pose/component_3,0.3505603075027466
11,1789131945.4137855,pose/component_4,0.0022135477047413588
11,1789131945.4137855,pose/component_5,0.0
12,1789131945.6059947,amp/overflow_retries,0.0
12,1789131945.6059947,amp/scale,64.0
12,1789131945.6059947,gradient/clipped_norm,342.1806640625
12,1789131945.6059947,images/detect,0.0
12,1789131945.6059947,images/pose,16.0
12,1789131945.6059947,loss/backward,76.74886322021484
12,1789131945.6059947,loss/detect_mean,0.0
12,1789131945.6059947,loss/joint_mean,1.199200987815857
12,1789131945.6059947,loss/pose_mean,1.199200987815857
12,1789131945.6059947,lr/attention.decay,0.0
12,1789131945.6059947,lr/attention.no_decay,0.0
12,1789131945.6059947,lr/backbone.decay,0.0
12,1789131945.6059947,lr/backbone.no_decay,0.0
12,1789131945.6059947,lr/detect_head.decay,0.0
12,1789131945.6059947,lr/detect_head.no_decay,0.0
12,1789131945.6059947,lr/neck.decay,0.0
12,1789131945.6059947,lr/neck.no_decay,0.0
12,1789131945.6059947,lr/pose_head.decay,1.3136729222520108e-06
12,1789131945.6059947,lr/pose_head.no_decay,1.3136729222520108e-06
12,1789131945.6059947,pose/component_0,0.8758168816566467
12,1789131945.6059947,pose/component_1,0.023599863052368164
12,1789131945.6059947,pose/component_2,0.023410478606820107
12,1789131945.6059947,pose/component_3,0.2843051254749298
12,1789131945.6059947,pose/component_4,0.005306083243340254
12,1789131945.6059947,pose/component_5,0.0
13,1789131945.7978745,amp/overflow_retries,0.0
13,1789131945.7978745,amp/scale,64.0
13,1789131945.7978745,gradient/clipped_norm,3068.0634765625
13,1789131945.7978745,images/detect,0.0
13,1789131945.7978745,images/pose,16.0
13,1789131945.7978745,loss/backward,119.21138763427734
13,1789131945.7978745,loss/detect_mean,0.0
13,1789131945.7978745,loss/joint_mean,1.8626779317855835
13,1789131945.7978745,loss/pose_mean,1.8626779317855835
13,1789131945.7978745,lr/attention.decay,0.0
13,1789131945.7978745,lr/attention.no_decay,0.0
13,1789131945.7978745,lr/backbone.decay,0.0
13,1789131945.7978745,lr/backbone.no_decay,0.0
13,1789131945.7978745,lr/detect_head.decay,0.0
13,1789131945.7978745,lr/detect_head.no_decay,0.0
13,1789131945.7978745,lr/neck.decay,0.0
13,1789131945.7978745,lr/neck.no_decay,0.0
13,1789131945.7978745,lr/pose_head.decay,1.3378016085790885e-06
13,1789131945.7978745,lr/pose_head.no_decay,1.3378016085790885e-06
13,1789131945.7978745,pose/component_0,1.0029537677764893
13,1789131945.7978745,pose/component_1,0.10656655579805374
13,1789131945.7978745,pose/component_2,0.003817133605480194
13,1789131945.7978745,pose/component_3,0.5525926351547241
13,1789131945.7978745,pose/component_4,0.0033237519674003124
13,1789131945.7978745,pose/component_5,0.0
14,1789131945.989752,amp/overflow_retries,0.0
14,1789131945.989752,amp/scale,64.0
14,1789131945.989752,gradient/clipped_norm,262.0853271484375
14,1789131945.989752,images/detect,0.0
14,1789131945.989752,images/pose,16.0
14,1789131945.989752,loss/backward,69.27012634277344
14,1789131945.989752,loss/detect_mean,0.0
14,1789131945.989752,loss/joint_mean,1.082345724105835
14,1789131945.989752,loss/pose_mean,1.082345724105835
14,1789131945.989752,lr/attention.decay,0.0
14,1789131945.989752,lr/attention.no_decay,0.0
14,1789131945.989752,lr/backbone.decay,0.0
14,1789131945.989752,lr/backbone.no_decay,0.0
14,1789131945.989752,lr/detect_head.decay,0.0
14,1789131945.989752,lr/detect_head.no_decay,0.0
14,1789131945.989752,lr/neck.decay,0.0
14,1789131945.989752,lr/neck.no_decay,0.0
14,1789131945.989752,lr/pose_head.decay,1.3619302949061663e-06
14,1789131945.989752,lr/pose_head.no_decay,1.3619302949061663e-06
14,1789131945.989752,pose/component_0,0.6653063297271729
14,1789131945.989752,pose/component_1,0.008813288062810898
14,1789131945.989752,pose/component_2,0.00907965749502182
14,1789131945.989752,pose/component_3,0.35898375511169434
14,1789131945.989752,pose/component_4,0.0024665091186761856
14,1789131945.989752,pose/component_5,0.0
15,1789131946.1818082,amp/overflow_retries,0.0
15,1789131946.1818082,amp/scale,64.0
15,1789131946.1818082,gradient/clipped_norm,343.347900390625
15,1789131946.1818082,images/detect,0.0
15,1789131946.1818082,images/pose,16.0
15,1789131946.1818082,loss/backward,69.90154266357422
15,1789131946.1818082,loss/detect_mean,0.0
15,1789131946.1818082,loss/joint_mean,1.0922116041183472
15,1789131946.1818082,loss/pose_mean,1.0922116041183472
15,1789131946.1818082,lr/attention.decay,0.0
15,1789131946.1818082,lr/attention.no_decay,0.0
15,1789131946.1818082,lr/backbone.decay,0.0
15,1789131946.1818082,lr/backbone.no_decay,0.0
15,1789131946.1818082,lr/detect_head.decay,0.0
15,1789131946.1818082,lr/detect_head.no_decay,0.0
15,1789131946.1818082,lr/neck.decay,0.0
15,1789131946.1818082,lr/neck.no_decay,0.0
15,1789131946.1818082,lr/pose_head.decay,1.3860589812332442e-06
15,1789131946.1818082,lr/pose_head.no_decay,1.3860589812332442e-06
15,1789131946.1818082,pose/component_0,0.8851767778396606
15,1789131946.1818082,pose/component_1,0.016826052218675613
15,1789131946.1818082,pose/component_2,0.0016115003963932395
15,1789131946.1818082,pose/component_3,0.3276927173137665
15,1789131946.1818082,pose/component_4,0.002251212252303958
15,1789131946.1818082,pose/component_5,0.0
16,1789131946.3739364,amp/overflow_retries,0.0
16,1789131946.3739364,amp/scale,64.0
16,1789131946.3739364,gradient/clipped_norm,2899.826904296875
16,1789131946.3739364,images/detect,0.0
16,1789131946.3739364,images/pose,16.0
16,1789131946.3739364,loss/backward,109.53834533691406
16,1789131946.3739364,loss/detect_mean,0.0
16,1789131946.3739364,loss/joint_mean,1.7115366458892822
16,1789131946.3739364,loss/pose_mean,1.7115366458892822
16,1789131946.3739364,lr/attention.decay,0.0
16,1789131946.3739364,lr/attention.no_decay,0.0
16,1789131946.3739364,lr/backbone.decay,0.0
16,1789131946.3739364,lr/backbone.no_decay,0.0
16,1789131946.3739364,lr/detect_head.decay,0.0
16,1789131946.3739364,lr/detect_head.no_decay,0.0
16,1789131946.3739364,lr/neck.decay,0.0
16,1789131946.3739364,lr/neck.no_decay,0.0
16,1789131946.3739364,lr/pose_head.decay,1.4101876675603217e-06
16,1789131946.3739364,lr/pose_head.no_decay,1.4101876675603217e-06
16,1789131946.3739364,pose/component_0,1.0019501447677612
16,1789131946.3739364,pose/component_1,0.017303144559264183
16,1789131946.3739364,pose/component_2,0.014404990710318089
16,1789131946.3739364,pose/component_3,0.5598790049552917
16,1789131946.3739364,pose/component_4,0.0036832981277257204
16,1789131946.3739364,pose/component_5,0.0
17,1789131946.5657458,amp/overflow_retries,0.0
17,1789131946.5657458,amp/scale,64.0
17,1789131946.5657458,gradient/clipped_norm,280.26708984375
17,1789131946.5657458,images/detect,0.0
17,1789131946.5657458,images/pose,16.0
17,1789131946.5657458,loss/backward,72.58243560791016
17,1789131946.5657458,loss/detect_mean,0.0
17,1789131946.5657458,loss/joint_mean,1.1341005563735962
17,1789131946.5657458,loss/pose_mean,1.1341005563735962
17,1789131946.5657458,lr/attention.decay,0.0
17,1789131946.5657458,lr/attention.no_decay,0.0
17,1789131946.5657458,lr/backbone.decay,0.0
17,1789131946.5657458,lr/backbone.no_decay,0.0
17,1789131946.5657458,lr/detect_head.decay,0.0
17,1789131946.5657458,lr/detect_head.no_decay,0.0
17,1789131946.5657458,lr/neck.decay,0.0
17,1789131946.5657458,lr/neck.no_decay,0.0
17,1789131946.5657458,lr/pose_head.decay,1.4343163538873997e-06
17,1789131946.5657458,lr/pose_head.no_decay,1.4343163538873997e-06
17,1789131946.5657458,pose/component_0,0.8072018027305603
17,1789131946.5657458,pose/component_1,0.020708149299025536
17,1789131946.5657458,pose/component_2,0.0022995576728135347
17,1789131946.5657458,pose/component_3,0.27409830689430237
17,1789131946.5657458,pose/component_4,0.0025765413884073496
17,1789131946.5657458,pose/component_5,0.0
18,1789131946.75828,amp/overflow_retries,0.0
18,1789131946.75828,amp/scale,64.0
18,1789131946.75828,gradient/clipped_norm,440.8081970214844
18,1789131946.75828,images/detect,0.0
18,1789131946.75828,images/pose,16.0
18,1789131946.75828,loss/backward,98.15250396728516
18,1789131946.75828,loss/detect_mean,0.0
18,1789131946.75828,loss/joint_mean,1.5336328744888306
18,1789131946.75828,loss/pose_mean,1.5336328744888306
18,1789131946.75828,lr/attention.decay,0.0
18,1789131946.75828,lr/attention.no_decay,0.0
18,1789131946.75828,lr/backbone.decay,0.0
18,1789131946.75828,lr/backbone.no_decay,0.0
18,1789131946.75828,lr/detect_head.decay,0.0
18,1789131946.75828,lr/detect_head.no_decay,0.0
18,1789131946.75828,lr/neck.decay,0.0
18,1789131946.75828,lr/neck.no_decay,0.0
18,1789131946.75828,lr/pose_head.decay,1.4584450402144772e-06
18,1789131946.75828,lr/pose_head.no_decay,1.4584450402144772e-06
18,1789131946.75828,pose/component_0,0.9178528189659119
18,1789131946.75828,pose/component_1,0.03657345846295357
18,1789131946.75828,pose/component_2,0.06874477863311768
18,1789131946.75828,pose/component_3,0.5194743275642395
18,1789131946.75828,pose/component_4,0.0030163638293743134
18,1789131946.75828,pose/component_5,0.0
19,1789131946.951171,amp/overflow_retries,0.0
19,1789131946.951171,amp/scale,64.0
19,1789131946.951171,gradient/clipped_norm,300.0595703125
19,1789131946.951171,images/detect,0.0
19,1789131946.951171,images/pose,16.0
19,1789131946.951171,loss/backward,62.08776092529297
19,1789131946.951171,loss/detect_mean,0.0
19,1789131946.951171,loss/joint_mean,0.9701212644577026
19,1789131946.951171,loss/pose_mean,0.9701212644577026
19,1789131946.951171,lr/attention.decay,0.0
19,1789131946.951171,lr/attention.no_decay,0.0
19,1789131946.951171,lr/backbone.decay,0.0
19,1789131946.951171,lr/backbone.no_decay,0.0
19,1789131946.951171,lr/detect_head.decay,0.0
19,1789131946.951171,lr/detect_head.no_decay,0.0
19,1789131946.951171,lr/neck.decay,0.0
19,1789131946.951171,lr/neck.no_decay,0.0
19,1789131946.951171,lr/pose_head.decay,1.4825737265415552e-06
19,1789131946.951171,lr/pose_head.no_decay,1.4825737265415552e-06
19,1789131946.951171,pose/component_0,0.5785715579986572
19,1789131946.951171,pose/component_1,0.015173809602856636
19,1789131946.951171,pose/component_2,0.012918113730847836
19,1789131946.951171,pose/component_3,0.31868141889572144
19,1789131946.951171,pose/component_4,0.003039359813556075
19,1789131946.951171,pose/component_5,0.0
20,1789131947.1430264,amp/overflow_retries,0.0
20,1789131947.1430264,amp/scale,64.0
20,1789131947.1430264,gradient/clipped_norm,394.8106384277344
20,1789131947.1430264,images/detect,0.0
20,1789131947.1430264,images/pose,16.0
20,1789131947.1430264,loss/backward,83.38111877441406
20,1789131947.1430264,loss/detect_mean,0.0
20,1789131947.1430264,loss/joint_mean,1.3028299808502197
20,1789131947.1430264,loss/pose_mean,1.3028299808502197
20,1789131947.1430264,lr/attention.decay,0.0
20,1789131947.1430264,lr/attention.no_decay,0.0
20,1789131947.1430264,lr/backbone.decay,0.0
20,1789131947.1430264,lr/backbone.no_decay,0.0
20,1789131947.1430264,lr/detect_head.decay,0.0
20,1789131947.1430264,lr/detect_head.no_decay,0.0
20,1789131947.1430264,lr/neck.decay,0.0
20,1789131947.1430264,lr/neck.no_decay,0.0
20,1789131947.1430264,lr/pose_head.decay,1.5067024128686331e-06
20,1789131947.1430264,lr/pose_head.no_decay,1.5067024128686331e-06
20,1789131947.1430264,pose/component_0,0.9661730527877808
20,1789131947.1430264,pose/component_1,0.030471324920654297
20,1789131947.1430264,pose/component_2,0.0439605638384819
20,1789131947.1430264,pose/component_3,0.29024240374565125
20,1789131947.1430264,pose/component_4,0.0025709255132824183
20,1789131947.1430264,pose/component_5,0.0
21,1789131947.5161796,amp/overflow_retries,1.0
21,1789131947.5161796,amp/scale,32.0
21,1789131947.5161796,gradient/clipped_norm,3955.93017578125
21,1789131947.5161796,images/detect,0.0
21,1789131947.5161796,images/pose,16.0
21,1789131947.5161796,loss/backward,115.49555969238281
21,1789131947.5161796,loss/detect_mean,0.0
21,1789131947.5161796,loss/joint_mean,1.8046181201934814
21,1789131947.5161796,loss/pose_mean,1.8046181201934814
21,1789131947.5161796,lr/attention.decay,0.0
21,1789131947.5161796,lr/attention.no_decay,0.0
21,1789131947.5161796,lr/backbone.decay,0.0
21,1789131947.5161796,lr/backbone.no_decay,0.0
21,1789131947.5161796,lr/detect_head.decay,0.0
21,1789131947.5161796,lr/detect_head.no_decay,0.0
21,1789131947.5161796,lr/neck.decay,0.0
21,1789131947.5161796,lr/neck.no_decay,0.0
21,1789131947.5161796,lr/pose_head.decay,1.5308310991957106e-06
21,1789131947.5161796,lr/pose_head.no_decay,1.5308310991957106e-06
21,1789131947.5161796,pose/component_0,1.145456314086914
21,1789131947.5161796,pose/component_1,0.05019332468509674
21,1789131947.5161796,pose/component_2,0.004918916616588831
21,1789131947.5161796,pose/component_3,0.5809370279312134
21,1789131947.5161796,pose/component_4,0.0034377295523881912
21,1789131947.5161796,pose/component_5,0.0
22,1789131947.7084556,amp/overflow_retries,0.0
22,1789131947.7084556,amp/scale,32.0
22,1789131947.7084556,gradient/clipped_norm,374.4560546875
22,1789131947.7084556,images/detect,0.0
22,1789131947.7084556,images/pose,16.0
22,1789131947.7084556,loss/backward,92.53657531738281
22,1789131947.7084556,loss/detect_mean,0.0
22,1789131947.7084556,loss/joint_mean,1.4458839893341064
22,1789131947.7084556,loss/pose_mean,1.4458839893341064
22,1789131947.7084556,lr/attention.decay,0.0
22,1789131947.7084556,lr/attention.no_decay,0.0
22,1789131947.7084556,lr/backbone.decay,0.0
22,1789131947.7084556,lr/backbone.no_decay,0.0
22,1789131947.7084556,lr/detect_head.decay,0.0
22,1789131947.7084556,lr/detect_head.no_decay,0.0
22,1789131947.7084556,lr/neck.decay,0.0
22,1789131947.7084556,lr/neck.no_decay,0.0
22,1789131947.7084556,lr/pose_head.decay,1.5549597855227882e-06
22,1789131947.7084556,lr/pose_head.no_decay,1.5549597855227882e-06
22,1789131947.7084556,pose/component_0,1.0580302476882935
22,1789131947.7084556,pose/component_1,0.08606479316949844
22,1789131947.7084556,pose/component_2,0.0037546094972640276
22,1789131947.7084556,pose/component_3,0.5971206426620483
22,1789131947.7084556,pose/component_4,0.0024712197482585907
22,1789131947.7084556,pose/component_5,0.0
23,1789131947.9009666,amp/overflow_retries,0.0
23,1789131947.9009666,amp/scale,32.0
23,1789131947.9009666,gradient/clipped_norm,290.02398681640625
23,1789131947.9009666,images/detect,0.0
23,1789131947.9009666,images/pose,16.0
23,1789131947.9009666,loss/backward,78.22129821777344
23,1789131947.9009666,loss/detect_mean,0.0
23,1789131947.9009666,loss/joint_mean,1.22220778465271
23,1789131947.9009666,loss/pose_mean,1.22220778465271
23,1789131947.9009666,lr/attention.decay,0.0
23,1789131947.9009666,lr/attention.no_decay,0.0
23,1789131947.9009666,lr/backbone.decay,0.0
23,1789131947.9009666,lr/backbone.no_decay,0.0
23,1789131947.9009666,lr/detect_head.decay,0.0
23,1789131947.9009666,lr/detect_head.no_decay,0.0
23,1789131947.9009666,lr/neck.decay,0.0
23,1789131947.9009666,lr/neck.no_decay,0.0
23,1789131947.9009666,lr/pose_head.decay,1.5790884718498661e-06
23,1789131947.9009666,lr/pose_head.no_decay,1.5790884718498661e-06
23,1789131947.9009666,pose/component_0,0.8114010691642761
23,1789131947.9009666,pose/component_1,0.012181878089904785
23,1789131947.9009666,pose/component_2,0.002611450618132949
23,1789131947.9009666,pose/component_3,0.3054109811782837
23,1789131947.9009666,pose/component_4,0.002760410774499178
23,1789131947.9009666,pose/component_5,0.0
24,1789131948.09372,amp/overflow_retries,0.0
24,1789131948.09372,amp/scale,32.0
24,1789131948.09372,gradient/clipped_norm,345.332275390625
24,1789131948.09372,images/detect,0.0
24,1789131948.09372,images/pose,16.0
24,1789131948.09372,loss/backward,74.85602569580078
24,1789131948.09372,loss/detect_mean,0.0
24,1789131948.09372,loss/joint_mean,1.1696254014968872
24,1789131948.09372,loss/pose_mean,1.1696254014968872
24,1789131948.09372,lr/attention.decay,0.0
24,1789131948.09372,lr/attention.no_decay,0.0
24,1789131948.09372,lr/backbone.decay,0.0
24,1789131948.09372,lr/backbone.no_decay,0.0
24,1789131948.09372,lr/detect_head.decay,0.0
24,1789131948.09372,lr/detect_head.no_decay,0.0
24,1789131948.09372,lr/neck.decay,0.0
24,1789131948.09372,lr/neck.no_decay,0.0
24,1789131948.09372,lr/pose_head.decay,1.603217158176944e-06
24,1789131948.09372,lr/pose_head.no_decay,1.603217158176944e-06
24,1789131948.09372,pose/component_0,0.7931374311447144
24,1789131948.09372,pose/component_1,0.0175499077886343
24,1789131948.09372,pose/component_2,0.021435244008898735
24,1789131948.09372,pose/component_3,0.3738590478897095
24,1789131948.09372,pose/component_4,0.003306696191430092
24,1789131948.09372,pose/component_5,0.0
25,1789131948.2861907,amp/overflow_retries,0.0
25,1789131948.2861907,amp/scale,32.0
25,1789131948.2861907,gradient/clipped_norm,454.7011413574219
25,1789131948.2861907,images/detect,0.0
25,1789131948.2861907,images/pose,16.0
25,1789131948.2861907,loss/backward,70.14236450195312
25,1789131948.2861907,loss/detect_mean,0.0
25,1789131948.2861907,loss/joint_mean,1.0959744453430176
25,1789131948.2861907,loss/pose_mean,1.0959744453430176
25,1789131948.2861907,lr/attention.decay,0.0
25,1789131948.2861907,lr/attention.no_decay,0.0
25,1789131948.2861907,lr/backbone.decay,0.0
25,1789131948.2861907,lr/backbone.no_decay,0.0
25,1789131948.2861907,lr/detect_head.decay,0.0
25,1789131948.2861907,lr/detect_head.no_decay,0.0
25,1789131948.2861907,lr/neck.decay,0.0
25,1789131948.2861907,lr/neck.no_decay,0.0
25,1789131948.2861907,lr/pose_head.decay,1.6273458445040218e-06
25,1789131948.2861907,lr/pose_head.no_decay,1.6273458445040218e-06
25,1789131948.2861907,pose/component_0,0.6312345266342163
25,1789131948.2861907,pose/component_1,0.028402090072631836
25,1789131948.2861907,pose/component_2,0.012597605586051941
25,1789131948.2861907,pose/component_3,0.47374439239501953
25,1789131948.2861907,pose/component_4,0.002205473370850086
25,1789131948.2861907,pose/component_5,0.0
26,1789131948.4792433,amp/overflow_retries,0.0
26,1789131948.4792433,amp/scale,32.0
26,1789131948.4792433,gradient/clipped_norm,261.0082092285156
26,1789131948.4792433,images/detect,0.0
26,1789131948.4792433,images/pose,16.0
26,1789131948.4792433,loss/backward,61.08591079711914
26,1789131948.4792433,loss/detect_mean,0.0
26,1789131948.4792433,loss/joint_mean,0.9544673562049866
26,1789131948.4792433,loss/pose_mean,0.9544673562049866
26,1789131948.4792433,lr/attention.decay,0.0
26,1789131948.4792433,lr/attention.no_decay,0.0
26,1789131948.4792433,lr/backbone.decay,0.0
26,1789131948.4792433,lr/backbone.no_decay,0.0
26,1789131948.4792433,lr/detect_head.decay,0.0
26,1789131948.4792433,lr/detect_head.no_decay,0.0
26,1789131948.4792433,lr/neck.decay,0.0
26,1789131948.4792433,lr/neck.no_decay,0.0
26,1789131948.4792433,lr/pose_head.decay,1.6514745308310995e-06
26,1789131948.4792433,lr/pose_head.no_decay,1.6514745308310995e-06
26,1789131948.4792433,pose/component_0,0.5748993158340454
26,1789131948.4792433,pose/component_1,0.010756459087133408
26,1789131948.4792433,pose/component_2,0.001702686189673841
26,1789131948.4792433,pose/component_3,0.3235219120979309
26,1789131948.4792433,pose/component_4,0.0023831226862967014
26,1789131948.4792433,pose/component_5,0.0
27,1789131948.6722634,amp/overflow_retries,0.0
27,1789131948.6722634,amp/scale,32.0
27,1789131948.6722634,gradient/clipped_norm,327.5442810058594
27,1789131948.6722634,images/detect,0.0
27,1789131948.6722634,images/pose,16.0
27,1789131948.6722634,loss/backward,82.67731475830078
27,1789131948.6722634,loss/detect_mean,0.0
27,1789131948.6722634,loss/joint_mean,1.2918330430984497
27,1789131948.6722634,loss/pose_mean,1.2918330430984497
27,1789131948.6722634,lr/attention.decay,0.0
27,1789131948.6722634,lr/attention.no_decay,0.0
27,1789131948.6722634,lr/backbone.decay,0.0
27,1789131948.6722634,lr/backbone.no_decay,0.0
27,1789131948.6722634,lr/detect_head.decay,0.0
27,1789131948.6722634,lr/detect_head.no_decay,0.0
27,1789131948.6722634,lr/neck.decay,0.0
27,1789131948.6722634,lr/neck.no_decay,0.0
27,1789131948.6722634,lr/pose_head.decay,1.675603217158177e-06
27,1789131948.6722634,lr/pose_head.no_decay,1.675603217158177e-06
27,1789131948.6722634,pose/component_0,0.8974142074584961
27,1789131948.6722634,pose/component_1,0.135320246219635
27,1789131948.6722634,pose/component_2,0.030081497505307198
27,1789131948.6722634,pose/component_3,0.48848414421081543
27,1789131948.6722634,pose/component_4,0.003933446481823921
27,1789131948.6722634,pose/component_5,0.0
28,1789131948.864491,amp/overflow_retries,0.0
28,1789131948.864491,amp/scale,32.0
28,1789131948.864491,gradient/clipped_norm,313.6770935058594
28,1789131948.864491,images/detect,0.0
28,1789131948.864491,images/pose,16.0
28,1789131948.864491,loss/backward,69.85652160644531
28,1789131948.864491,loss/detect_mean,0.0
28,1789131948.864491,loss/joint_mean,1.091508150100708
28,1789131948.864491,loss/pose_mean,1.091508150100708
28,1789131948.864491,lr/attention.decay,0.0
28,1789131948.864491,lr/attention.no_decay,0.0
28,1789131948.864491,lr/backbone.decay,0.0
28,1789131948.864491,lr/backbone.no_decay,0.0
28,1789131948.864491,lr/detect_head.decay,0.0
28,1789131948.864491,lr/detect_head.no_decay,0.0
28,1789131948.864491,lr/neck.decay,0.0
28,1789131948.864491,lr/neck.no_decay,0.0
28,1789131948.864491,lr/pose_head.decay,1.699731903485255e-06
28,1789131948.864491,lr/pose_head.no_decay,1.699731903485255e-06
28,1789131948.864491,pose/component_0,0.7879860997200012
28,1789131948.864491,pose/component_1,0.06570279598236084
28,1789131948.864491,pose/component_2,0.026580095291137695
28,1789131948.864491,pose/component_3,0.42167195677757263
28,1789131948.864491,pose/component_4,0.003084995085373521
28,1789131948.864491,pose/component_5,0.0
29,1789131949.0563424,amp/overflow_retries,0.0
29,1789131949.0563424,amp/scale,32.0
29,1789131949.0563424,gradient/clipped_norm,352.79791259765625
29,1789131949.0563424,images/detect,0.0
29,1789131949.0563424,images/pose,16.0
29,1789131949.0563424,loss/backward,77.94084167480469
29,1789131949.0563424,loss/detect_mean,0.0
29,1789131949.0563424,loss/joint_mean,1.2178256511688232
29,1789131949.0563424,loss/pose_mean,1.2178256511688232
29,1789131949.0563424,lr/attention.decay,0.0
29,1789131949.0563424,lr/attention.no_decay,0.0
29,1789131949.0563424,lr/backbone.decay,0.0
29,1789131949.0563424,lr/backbone.no_decay,0.0
29,1789131949.0563424,lr/detect_head.decay,0.0
29,1789131949.0563424,lr/detect_head.no_decay,0.0
29,1789131949.0563424,lr/neck.decay,0.0
29,1789131949.0563424,lr/neck.no_decay,0.0
29,1789131949.0563424,lr/pose_head.decay,1.7238605898123328e-06
29,1789131949.0563424,lr/pose_head.no_decay,1.7238605898123328e-06
29,1789131949.0563424,pose/component_0,0.8567479252815247
29,1789131949.0563424,pose/component_1,0.013297774828970432
29,1789131949.0563424,pose/component_2,0.11095282435417175
29,1789131949.0563424,pose/component_3,0.34920641779899597
29,1789131949.0563424,pose/component_4,0.0021276073530316353
29,1789131949.0563424,pose/component_5,0.0
30,1789131949.248793,amp/overflow_retries,0.0
30,1789131949.248793,amp/scale,32.0
30,1789131949.248793,gradient/clipped_norm,402.69049072265625
30,1789131949.248793,images/detect,0.0
30,1789131949.248793,images/pose,16.0
30,1789131949.248793,loss/backward,92.0328598022461
30,1789131949.248793,loss/detect_mean,0.0
30,1789131949.248793,loss/joint_mean,1.4380134344100952
30,1789131949.248793,loss/pose_mean,1.4380134344100952
30,1789131949.248793,lr/attention.decay,0.0
30,1789131949.248793,lr/attention.no_decay,0.0
30,1789131949.248793,lr/backbone.decay,0.0
30,1789131949.248793,lr/backbone.no_decay,0.0
30,1789131949.248793,lr/detect_head.decay,0.0
30,1789131949.248793,lr/detect_head.no_decay,0.0
30,1789131949.248793,lr/neck.decay,0.0
30,1789131949.248793,lr/neck.no_decay,0.0
30,1789131949.248793,lr/pose_head.decay,1.7479892761394105e-06
30,1789131949.248793,lr/pose_head.no_decay,1.7479892761394105e-06
30,1789131949.248793,pose/component_0,1.1343578100204468
30,1789131949.248793,pose/component_1,0.0730263814330101
30,1789131949.248793,pose/component_2,0.011237836442887783
30,1789131949.248793,pose/component_3,0.5873309969902039
30,1789131949.248793,pose/component_4,0.0030303397215902805
30,1789131949.248793,pose/component_5,0.0
31,1789131949.440863,amp/overflow_retries,0.0
31,1789131949.440863,amp/scale,32.0
31,1789131949.440863,gradient/clipped_norm,268.4071960449219
31,1789131949.440863,images/detect,0.0
31,1789131949.440863,images/pose,16.0
31,1789131949.440863,loss/backward,50.81366729736328
31,1789131949.440863,loss/detect_mean,0.0
31,1789131949.440863,loss/joint_mean,0.7939635515213013
31,1789131949.440863,loss/pose_mean,0.7939635515213013
31,1789131949.440863,lr/attention.decay,0.0
31,1789131949.440863,lr/attention.no_decay,0.0
31,1789131949.440863,lr/backbone.decay,0.0
31,1789131949.440863,lr/backbone.no_decay,0.0
31,1789131949.440863,lr/detect_head.decay,0.0
31,1789131949.440863,lr/detect_head.no_decay,0.0
31,1789131949.440863,lr/neck.decay,0.0
31,1789131949.440863,lr/neck.no_decay,0.0
31,1789131949.440863,lr/pose_head.decay,1.772117962466488e-06
31,1789131949.440863,lr/pose_head.no_decay,1.772117962466488e-06
31,1789131949.440863,pose/component_0,0.5832661390304565
31,1789131949.440863,pose/component_1,0.012009816244244576
31,1789131949.440863,pose/component_2,0.0015157387824729085
31,1789131949.440863,pose/component_3,0.23847375810146332
31,1789131949.440863,pose/component_4,0.0023309674579650164
31,1789131949.440863,pose/component_5,0.0
32,1789131949.633186,amp/overflow_retries,0.0
32,1789131949.633186,amp/scale,32.0
32,1789131949.633186,gradient/clipped_norm,318.4337158203125
32,1789131949.633186,images/detect,0.0
32,1789131949.633186,images/pose,16.0
32,1789131949.633186,loss/backward,68.35414123535156
32,1789131949.633186,loss/detect_mean,0.0
32,1789131949.633186,loss/joint_mean,1.0680334568023682
32,1789131949.633186,loss/pose_mean,1.0680334568023682
32,1789131949.633186,lr/attention.decay,0.0
32,1789131949.633186,lr/attention.no_decay,0.0
32,1789131949.633186,lr/backbone.decay,0.0
32,1789131949.633186,lr/backbone.no_decay,0.0
32,1789131949.633186,lr/detect_head.decay,0.0
32,1789131949.633186,lr/detect_head.no_decay,0.0
32,1789131949.633186,lr/neck.decay,0.0
32,1789131949.633186,lr/neck.no_decay,0.0
32,1789131949.633186,lr/pose_head.decay,1.796246648793566e-06
32,1789131949.633186,lr/pose_head.no_decay,1.796246648793566e-06
32,1789131949.633186,pose/component_0,0.627175509929657
32,1789131949.633186,pose/component_1,0.008526170626282692
32,1789131949.633186,pose/component_2,0.06779744476079941
32,1789131949.633186,pose/component_3,0.3195030689239502
32,1789131949.633186,pose/component_4,0.002437917049974203
32,1789131949.633186,pose/component_5,0.0
33,1789131949.8256116,amp/overflow_retries,0.0
33,1789131949.8256116,amp/scale,32.0
33,1789131949.8256116,gradient/clipped_norm,366.5487365722656
33,1789131949.8256116,images/detect,0.0
33,1789131949.8256116,images/pose,16.0
33,1789131949.8256116,loss/backward,64.3404541015625
33,1789131949.8256116,loss/detect_mean,0.0
33,1789131949.8256116,loss/joint_mean,1.005319595336914
33,1789131949.8256116,loss/pose_mean,1.005319595336914
33,1789131949.8256116,lr/attention.decay,0.0
33,1789131949.8256116,lr/attention.no_decay,0.0
33,1789131949.8256116,lr/backbone.decay,0.0
33,1789131949.8256116,lr/backbone.no_decay,0.0
33,1789131949.8256116,lr/detect_head.decay,0.0
33,1789131949.8256116,lr/detect_head.no_decay,0.0
33,1789131949.8256116,lr/neck.decay,0.0
33,1789131949.8256116,lr/neck.no_decay,0.0
33,1789131949.8256116,lr/pose_head.decay,1.8203753351206437e-06
33,1789131949.8256116,lr/pose_head.no_decay,1.8203753351206437e-06
33,1789131949.8256116,pose/component_0,0.8546961545944214
33,1789131949.8256116,pose/component_1,0.017621133476495743
33,1789131949.8256116,pose/component_2,0.005039719864726067
33,1789131949.8256116,pose/component_3,0.37037941813468933
33,1789131949.8256116,pose/component_4,0.003636576235294342
33,1789131949.8256116,pose/component_5,0.0
34,1789131950.0178628,amp/overflow_retries,0.0
34,1789131950.0178628,amp/scale,32.0
34,1789131950.0178628,gradient/clipped_norm,446.67962646484375
34,1789131950.0178628,images/detect,0.0
34,1789131950.0178628,images/pose,16.0
34,1789131950.0178628,loss/backward,87.37162017822266
34,1789131950.0178628,loss/detect_mean,0.0
34,1789131950.0178628,loss/joint_mean,1.365181565284729
34,1789131950.0178628,loss/pose_mean,1.365181565284729
34,1789131950.0178628,lr/attention.decay,0.0
34,1789131950.0178628,lr/attention.no_decay,0.0
34,1789131950.0178628,lr/backbone.decay,0.0
34,1789131950.0178628,lr/backbone.no_decay,0.0
34,1789131950.0178628,lr/detect_head.decay,0.0
34,1789131950.0178628,lr/detect_head.no_decay,0.0
34,1789131950.0178628,lr/neck.decay,0.0
34,1789131950.0178628,lr/neck.no_decay,0.0
34,1789131950.0178628,lr/pose_head.decay,1.8445040214477215e-06
34,1789131950.0178628,lr/pose_head.no_decay,1.8445040214477215e-06
34,1789131950.0178628,pose/component_0,0.9447901248931885
34,1789131950.0178628,pose/component_1,0.021417345851659775
34,1789131950.0178628,pose/component_2,0.047578245401382446
34,1789131950.0178628,pose/component_3,0.3975287079811096
34,1789131950.0178628,pose/component_4,0.004290706478059292
34,1789131950.0178628,pose/component_5,0.0
35,1789131950.210396,amp/overflow_retries,0.0
35,1789131950.210396,amp/scale,32.0
35,1789131950.210396,gradient/clipped_norm,294.0475769042969
35,1789131950.210396,images/detect,0.0
35,1789131950.210396,images/pose,16.0
35,1789131950.210396,loss/backward,79.08180236816406
35,1789131950.210396,loss/detect_mean,0.0
35,1789131950.210396,loss/joint_mean,1.2356531620025635
35,1789131950.210396,loss/pose_mean,1.2356531620025635
35,1789131950.210396,lr/attention.decay,0.0
35,1789131950.210396,lr/attention.no_decay,0.0
35,1789131950.210396,lr/backbone.decay,0.0
35,1789131950.210396,lr/backbone.no_decay,0.0
35,1789131950.210396,lr/detect_head.decay,0.0
35,1789131950.210396,lr/detect_head.no_decay,0.0
35,1789131950.210396,lr/neck.decay,0.0
35,1789131950.210396,lr/neck.no_decay,0.0
35,1789131950.210396,lr/pose_head.decay,1.868632707774799e-06
35,1789131950.210396,lr/pose_head.no_decay,1.868632707774799e-06
35,1789131950.210396,pose/component_0,1.0285929441452026
35,1789131950.210396,pose/component_1,0.020479151979088783
35,1789131950.210396,pose/component_2,0.013512469828128815
35,1789131950.210396,pose/component_3,0.4160962998867035
35,1789131950.210396,pose/component_4,0.0042366874404251575
35,1789131950.210396,pose/component_5,0.0
36,1789131950.4024732,amp/overflow_retries,0.0
36,1789131950.4024732,amp/scale,32.0
36,1789131950.4024732,gradient/clipped_norm,384.8375549316406
36,1789131950.4024732,images/detect,0.0
36,1789131950.4024732,images/pose,16.0
36,1789131950.4024732,loss/backward,87.36115264892578
36,1789131950.4024732,loss/detect_mean,0.0
36,1789131950.4024732,loss/joint_mean,1.3650180101394653
36,1789131950.4024732,loss/pose_mean,1.3650180101394653
36,1789131950.4024732,lr/attention.decay,0.0
36,1789131950.4024732,lr/attention.no_decay,0.0
36,1789131950.4024732,lr/backbone.decay,0.0
36,1789131950.4024732,lr/backbone.no_decay,0.0
36,1789131950.4024732,lr/detect_head.decay,0.0
36,1789131950.4024732,lr/detect_head.no_decay,0.0
36,1789131950.4024732,lr/neck.decay,0.0
36,1789131950.4024732,lr/neck.no_decay,0.0
36,1789131950.4024732,lr/pose_head.decay,1.892761394101877e-06
36,1789131950.4024732,lr/pose_head.no_decay,1.892761394101877e-06
36,1789131950.4024732,pose/component_0,1.0696532726287842
36,1789131950.4024732,pose/component_1,0.029693467542529106
36,1789131950.4024732,pose/component_2,0.005804903339594603
36,1789131950.4024732,pose/component_3,0.41228461265563965
36,1789131950.4024732,pose/component_4,0.002615483244881034
36,1789131950.4024732,pose/component_5,0.0
37,1789131950.5946012,amp/overflow_retries,0.0
37,1789131950.5946012,amp/scale,32.0
37,1789131950.5946012,gradient/clipped_norm,326.205810546875
37,1789131950.5946012,images/detect,0.0
37,1789131950.5946012,images/pose,16.0
37,1789131950.5946012,loss/backward,80.87078094482422
37,1789131950.5946012,loss/detect_mean,0.0
37,1789131950.5946012,loss/joint_mean,1.2636059522628784
37,1789131950.5946012,loss/pose_mean,1.2636059522628784
37,1789131950.5946012,lr/attention.decay,0.0
37,1789131950.5946012,lr/attention.no_decay,0.0
37,1789131950.5946012,lr/backbone.decay,0.0
37,1789131950.5946012,lr/backbone.no_decay,0.0
37,1789131950.5946012,lr/detect_head.decay,0.0
37,1789131950.5946012,lr/detect_head.no_decay,0.0
37,1789131950.5946012,lr/neck.decay,0.0
37,1789131950.5946012,lr/neck.no_decay,0.0
37,1789131950.5946012,lr/pose_head.decay,1.9168900804289547e-06
37,1789131950.5946012,lr/pose_head.no_decay,1.9168900804289547e-06
37,1789131950.5946012,pose/component_0,0.8807641863822937
37,1789131950.5946012,pose/component_1,0.015728680416941643
37,1789131950.5946012,pose/component_2,0.003661141265183687
37,1789131950.5946012,pose/component_3,0.2822977900505066
37,1789131950.5946012,pose/component_4,0.0028934504371136427
37,1789131950.5946012,pose/component_5,0.0
38,1789131950.7872868,amp/overflow_retries,0.0
38,1789131950.7872868,amp/scale,32.0
38,1789131950.7872868,gradient/clipped_norm,288.0209045410156
38,1789131950.7872868,images/detect,0.0
38,1789131950.7872868,images/pose,16.0
38,1789131950.7872868,loss/backward,77.55160522460938
38,1789131950.7872868,loss/detect_mean,0.0
38,1789131950.7872868,loss/joint_mean,1.2117438316345215
38,1789131950.7872868,loss/pose_mean,1.2117438316345215
38,1789131950.7872868,lr/attention.decay,0.0
38,1789131950.7872868,lr/attention.no_decay,0.0
38,1789131950.7872868,lr/backbone.decay,0.0
38,1789131950.7872868,lr/backbone.no_decay,0.0
38,1789131950.7872868,lr/detect_head.decay,0.0
38,1789131950.7872868,lr/detect_head.no_decay,0.0
38,1789131950.7872868,lr/neck.decay,0.0
38,1789131950.7872868,lr/neck.no_decay,0.0
38,1789131950.7872868,lr/pose_head.decay,1.941018766756032e-06
38,1789131950.7872868,lr/pose_head.no_decay,1.941018766756032e-06
38,1789131950.7872868,pose/component_0,0.9199713468551636
38,1789131950.7872868,pose/component_1,0.013600651174783707
38,1789131950.7872868,pose/component_2,0.0009426238248124719
38,1789131950.7872868,pose/component_3,0.2975199222564697
38,1789131950.7872868,pose/component_4,0.0021885153837502003
38,1789131950.7872868,pose/component_5,0.0
39,1789131950.9807315,amp/overflow_retries,0.0
39,1789131950.9807315,amp/scale,32.0
39,1789131950.9807315,gradient/clipped_norm,354.5241394042969
39,1789131950.9807315,images/detect,0.0
39,1789131950.9807315,images/pose,16.0
39,1789131950.9807315,loss/backward,64.07149505615234
39,1789131950.9807315,loss/detect_mean,0.0
39,1789131950.9807315,loss/joint_mean,1.0011171102523804
39,1789131950.9807315,loss/pose_mean,1.0011171102523804
39,1789131950.9807315,lr/attention.decay,0.0
39,1789131950.9807315,lr/attention.no_decay,0.0
39,1789131950.9807315,lr/backbone.decay,0.0
39,1789131950.9807315,lr/backbone.no_decay,0.0
39,1789131950.9807315,lr/detect_head.decay,0.0
39,1789131950.9807315,lr/detect_head.no_decay,0.0
39,1789131950.9807315,lr/neck.decay,0.0
39,1789131950.9807315,lr/neck.no_decay,0.0
39,1789131950.9807315,lr/pose_head.decay,1.96514745308311e-06
39,1789131950.9807315,lr/pose_head.no_decay,1.96514745308311e-06
39,1789131950.9807315,pose/component_0,0.579852819442749
39,1789131950.9807315,pose/component_1,0.02906360663473606
39,1789131950.9807315,pose/component_2,0.028181644156575203
39,1789131950.9807315,pose/component_3,0.31908565759658813
39,1789131950.9807315,pose/component_4,0.002126863691955805
39,1789131950.9807315,pose/component_5,0.0
40,1789131951.1728714,amp/overflow_retries,0.0
40,1789131951.1728714,amp/scale,32.0
40,1789131951.1728714,gradient/clipped_norm,332.12841796875
40,1789131951.1728714,images/detect,0.0
40,1789131951.1728714,images/pose,16.0
40,1789131951.1728714,loss/backward,70.95307922363281
40,1789131951.1728714,loss/detect_mean,0.0
40,1789131951.1728714,loss/joint_mean,1.1086418628692627
40,1789131951.1728714,loss/pose_mean,1.1086418628692627
40,1789131951.1728714,lr/attention.decay,0.0
40,1789131951.1728714,lr/attention.no_decay,0.0
40,1789131951.1728714,lr/backbone.decay,0.0
40,1789131951.1728714,lr/backbone.no_decay,0.0
40,1789131951.1728714,lr/detect_head.decay,0.0
40,1789131951.1728714,lr/detect_head.no_decay,0.0
40,1789131951.1728714,lr/neck.decay,0.0
40,1789131951.1728714,lr/neck.no_decay,0.0
40,1789131951.1728714,lr/pose_head.decay,1.9892761394101877e-06
40,1789131951.1728714,lr/pose_head.no_decay,1.9892761394101877e-06
40,1789131951.1728714,pose/component_0,0.7238757610321045
40,1789131951.1728714,pose/component_1,0.01898728683590889
40,1789131951.1728714,pose/component_2,0.004159513860940933
40,1789131951.1728714,pose/component_3,0.6061962842941284
40,1789131951.1728714,pose/component_4,0.0023850337602198124
40,1789131951.1728714,pose/component_5,0.0
41,1789131951.3646564,amp/overflow_retries,0.0
41,1789131951.3646564,amp/scale,32.0
41,1789131951.3646564,gradient/clipped_norm,394.8044128417969
41,1789131951.3646564,images/detect,0.0
41,1789131951.3646564,images/pose,16.0
41,1789131951.3646564,loss/backward,102.09761047363281
41,1789131951.3646564,loss/detect_mean,0.0
41,1789131951.3646564,loss/joint_mean,1.5952751636505127
41,1789131951.3646564,loss/pose_mean,1.5952751636505127
41,1789131951.3646564,lr/attention.decay,0.0
41,1789131951.3646564,lr/attention.no_decay,0.0
41,1789131951.3646564,lr/backbone.decay,0.0
41,1789131951.3646564,lr/backbone.no_decay,0.0
41,1789131951.3646564,lr/detect_head.decay,0.0
41,1789131951.3646564,lr/detect_head.no_decay,0.0
41,1789131951.3646564,lr/neck.decay,0.0
41,1789131951.3646564,lr/neck.no_decay,0.0
41,1789131951.3646564,lr/pose_head.decay,2.0134048257372656e-06
41,1789131951.3646564,lr/pose_head.no_decay,2.0134048257372656e-06
41,1789131951.3646564,pose/component_0,1.2372876405715942
41,1789131951.3646564,pose/component_1,0.028048187494277954
41,1789131951.3646564,pose/component_2,0.03471531346440315
41,1789131951.3646564,pose/component_3,0.35025355219841003
41,1789131951.3646564,pose/component_4,0.004031505901366472
41,1789131951.3646564,pose/component_5,0.0
42,1789131951.5569592,amp/overflow_retries,0.0
42,1789131951.5569592,amp/scale,32.0
42,1789131951.5569592,gradient/clipped_norm,3328.13916015625
42,1789131951.5569592,images/detect,0.0
42,1789131951.5569592,images/pose,16.0
42,1789131951.5569592,loss/backward,93.55097961425781
42,1789131951.5569592,loss/detect_mean,0.0
42,1789131951.5569592,loss/joint_mean,1.4617340564727783
42,1789131951.5569592,loss/pose_mean,1.4617340564727783
42,1789131951.5569592,lr/attention.decay,0.0
42,1789131951.5569592,lr/attention.no_decay,0.0
42,1789131951.5569592,lr/backbone.decay,0.0
42,1789131951.5569592,lr/backbone.no_decay,0.0
42,1789131951.5569592,lr/detect_head.decay,0.0
42,1789131951.5569592,lr/detect_head.no_decay,0.0
42,1789131951.5569592,lr/neck.decay,0.0
42,1789131951.5569592,lr/neck.no_decay,0.0
42,1789131951.5569592,lr/pose_head.decay,2.037533512064343e-06
42,1789131951.5569592,lr/pose_head.no_decay,2.037533512064343e-06
42,1789131951.5569592,pose/component_0,0.9663153290748596
42,1789131951.5569592,pose/component_1,0.011683416552841663
42,1789131951.5569592,pose/component_2,0.020814476534724236
42,1789131951.5569592,pose/component_3,0.28840628266334534
42,1789131951.5569592,pose/component_4,0.003828623564913869
42,1789131951.5569592,pose/component_5,0.0
43,1789131951.749737,amp/overflow_retries,0.0
43,1789131951.749737,amp/scale,32.0
43,1789131951.749737,gradient/clipped_norm,2488.993896484375
43,1789131951.749737,images/detect,0.0
43,1789131951.749737,images/pose,16.0
43,1789131951.749737,loss/backward,81.36567687988281
43,1789131951.749737,loss/detect_mean,0.0
43,1789131951.749737,loss/joint_mean,1.271338701248169
43,1789131951.749737,loss/pose_mean,1.271338701248169
43,1789131951.749737,lr/attention.decay,0.0
43,1789131951.749737,lr/attention.no_decay,0.0
43,1789131951.749737,lr/backbone.decay,0.0
43,1789131951.749737,lr/backbone.no_decay,0.0
43,1789131951.749737,lr/detect_head.decay,0.0
43,1789131951.749737,lr/detect_head.no_decay,0.0
43,1789131951.749737,lr/neck.decay,0.0
43,1789131951.749737,lr/neck.no_decay,0.0
43,1789131951.749737,lr/pose_head.decay,2.061662198391421e-06
43,1789131951.749737,lr/pose_head.no_decay,2.061662198391421e-06
43,1789131951.749737,pose/component_0,0.7219135165214539
43,1789131951.749737,pose/component_1,0.028168201446533203
43,1789131951.749737,pose/component_2,0.03935563191771507
43,1789131951.749737,pose/component_3,0.42185017466545105
43,1789131951.749737,pose/component_4,0.002824039664119482
43,1789131951.749737,pose/component_5,0.0
44,1789131951.9423788,amp/overflow_retries,0.0
44,1789131951.9423788,amp/scale,32.0
44,1789131951.9423788,gradient/clipped_norm,353.5582275390625
44,1789131951.9423788,images/detect,0.0
44,1789131951.9423788,images/pose,16.0
44,1789131951.9423788,loss/backward,80.83212280273438
44,1789131951.9423788,loss/detect_mean,0.0
44,1789131951.9423788,loss/joint_mean,1.2630019187927246
44,1789131951.9423788,loss/pose_mean,1.2630019187927246
44,1789131951.9423788,lr/attention.decay,0.0
44,1789131951.9423788,lr/attention.no_decay,0.0
44,1789131951.9423788,lr/backbone.decay,0.0
44,1789131951.9423788,lr/backbone.no_decay,0.0
44,1789131951.9423788,lr/detect_head.decay,0.0
44,1789131951.9423788,lr/detect_head.no_decay,0.0
44,1789131951.9423788,lr/neck.decay,0.0
44,1789131951.9423788,lr/neck.no_decay,0.0
44,1789131951.9423788,lr/pose_head.decay,2.0857908847184986e-06
44,1789131951.9423788,lr/pose_head.no_decay,2.0857908847184986e-06
44,1789131951.9423788,pose/component_0,0.8889452219009399
44,1789131951.9423788,pose/component_1,0.02728450298309326
44,1789131951.9423788,pose/component_2,0.017207784578204155
44,1789131951.9423788,pose/component_3,0.5541906356811523
44,1789131951.9423788,pose/component_4,0.002782105468213558
44,1789131951.9423788,pose/component_5,0.0
45,1789131952.1348946,amp/overflow_retries,0.0
45,1789131952.1348946,amp/scale,32.0
45,1789131952.1348946,gradient/clipped_norm,315.51019287109375
45,1789131952.1348946,images/detect,0.0
45,1789131952.1348946,images/pose,16.0
45,1789131952.1348946,loss/backward,79.4269790649414
45,1789131952.1348946,loss/detect_mean,0.0
45,1789131952.1348946,loss/joint_mean,1.2410465478897095
45,1789131952.1348946,loss/pose_mean,1.2410465478897095
45,1789131952.1348946,lr/attention.decay,0.0
45,1789131952.1348946,lr/attention.no_decay,0.0
45,1789131952.1348946,lr/backbone.decay,0.0
45,1789131952.1348946,lr/backbone.no_decay,0.0
45,1789131952.1348946,lr/detect_head.decay,0.0
45,1789131952.1348946,lr/detect_head.no_decay,0.0
45,1789131952.1348946,lr/neck.decay,0.0
45,1789131952.1348946,lr/neck.no_decay,0.0
45,1789131952.1348946,lr/pose_head.decay,2.1099195710455766e-06
45,1789131952.1348946,lr/pose_head.no_decay,2.1099195710455766e-06
45,1789131952.1348946,pose/component_0,0.8906955122947693
45,1789131952.1348946,pose/component_1,0.03279971331357956
45,1789131952.1348946,pose/component_2,0.011390036903321743
45,1789131952.1348946,pose/component_3,0.48576653003692627
45,1789131952.1348946,pose/component_4,0.002590141026303172
45,1789131952.1348946,pose/component_5,0.0
46,1789131952.3277023,amp/overflow_retries,0.0
46,1789131952.3277023,amp/scale,32.0
46,1789131952.3277023,gradient/clipped_norm,351.5389404296875
46,1789131952.3277023,images/detect,0.0
46,1789131952.3277023,images/pose,16.0
46,1789131952.3277023,loss/backward,79.224609375
46,1789131952.3277023,loss/detect_mean,0.0
46,1789131952.3277023,loss/joint_mean,1.237884521484375
46,1789131952.3277023,loss/pose_mean,1.237884521484375
46,1789131952.3277023,lr/attention.decay,0.0
46,1789131952.3277023,lr/attention.no_decay,0.0
46,1789131952.3277023,lr/backbone.decay,0.0
46,1789131952.3277023,lr/backbone.no_decay,0.0
46,1789131952.3277023,lr/detect_head.decay,0.0
46,1789131952.3277023,lr/detect_head.no_decay,0.0
46,1789131952.3277023,lr/neck.decay,0.0
46,1789131952.3277023,lr/neck.no_decay,0.0
46,1789131952.3277023,lr/pose_head.decay,2.1340482573726545e-06
46,1789131952.3277023,lr/pose_head.no_decay,2.1340482573726545e-06
46,1789131952.3277023,pose/component_0,0.8521444797515869
46,1789131952.3277023,pose/component_1,0.037588298320770264
46,1789131952.3277023,pose/component_2,0.004046082962304354
46,1789131952.3277023,pose/component_3,0.6068239212036133
46,1789131952.3277023,pose/component_4,0.0024527988862246275
46,1789131952.3277023,pose/component_5,0.0
47,1789131952.5202782,amp/overflow_retries,0.0
47,1789131952.5202782,amp/scale,32.0
47,1789131952.5202782,gradient/clipped_norm,2824.577880859375
47,1789131952.5202782,images/detect,0.0
47,1789131952.5202782,images/pose,16.0
47,1789131952.5202782,loss/backward,77.10215759277344
47,1789131952.5202782,loss/detect_mean,0.0
47,1789131952.5202782,loss/joint_mean,1.204721212387085
47,1789131952.5202782,loss/pose_mean,1.204721212387085
47,1789131952.5202782,lr/attention.decay,0.0
47,1789131952.5202782,lr/attention.no_decay,0.0
47,1789131952.5202782,lr/backbone.decay,0.0
47,1789131952.5202782,lr/backbone.no_decay,0.0
47,1789131952.5202782,lr/detect_head.decay,0.0
47,1789131952.5202782,lr/detect_head.no_decay,0.0
47,1789131952.5202782,lr/neck.decay,0.0
47,1789131952.5202782,lr/neck.no_decay,0.0
47,1789131952.5202782,lr/pose_head.decay,2.158176943699732e-06
47,1789131952.5202782,lr/pose_head.no_decay,2.158176943699732e-06
47,1789131952.5202782,pose/component_0,0.7083232998847961
47,1789131952.5202782,pose/component_1,0.016120655462145805
47,1789131952.5202782,pose/component_2,0.00946898851543665
47,1789131952.5202782,pose/component_3,0.28709515929222107
47,1789131952.5202782,pose/component_4,0.003397027961909771
47,1789131952.5202782,pose/component_5,0.0
48,1789131952.7132885,amp/overflow_retries,0.0
48,1789131952.7132885,amp/scale,32.0
48,1789131952.7132885,gradient/clipped_norm,413.8699645996094
48,1789131952.7132885,images/detect,0.0
48,1789131952.7132885,images/pose,16.0
48,1789131952.7132885,loss/backward,73.75994873046875
48,1789131952.7132885,loss/detect_mean,0.0
48,1789131952.7132885,loss/joint_mean,1.1524991989135742
48,1789131952.7132885,loss/pose_mean,1.1524991989135742
48,1789131952.7132885,lr/attention.decay,0.0
48,1789131952.7132885,lr/attention.no_decay,0.0
48,1789131952.7132885,lr/backbone.decay,0.0
48,1789131952.7132885,lr/backbone.no_decay,0.0
48,1789131952.7132885,lr/detect_head.decay,0.0
48,1789131952.7132885,lr/detect_head.no_decay,0.0
48,1789131952.7132885,lr/neck.decay,0.0
48,1789131952.7132885,lr/neck.no_decay,0.0
48,1789131952.7132885,lr/pose_head.decay,2.18230563002681e-06
48,1789131952.7132885,lr/pose_head.no_decay,2.18230563002681e-06
48,1789131952.7132885,pose/component_0,0.7953283190727234
48,1789131952.7132885,pose/component_1,0.01112415362149477
48,1789131952.7132885,pose/component_2,0.004008040763437748
48,1789131952.7132885,pose/component_3,0.41472384333610535
48,1789131952.7132885,pose/component_4,0.0028699575923383236
48,1789131952.7132885,pose/component_5,0.0
49,1789131952.9055374,amp/overflow_retries,0.0
49,1789131952.9055374,amp/scale,32.0
49,1789131952.9055374,gradient/clipped_norm,3686.769775390625
49,1789131952.9055374,images/detect,0.0
49,1789131952.9055374,images/pose,16.0
49,1789131952.9055374,loss/backward,126.82855987548828
49,1789131952.9055374,loss/detect_mean,0.0
49,1789131952.9055374,loss/joint_mean,1.9816962480545044
49,1789131952.9055374,loss/pose_mean,1.9816962480545044
49,1789131952.9055374,lr/attention.decay,0.0
49,1789131952.9055374,lr/attention.no_decay,0.0
49,1789131952.9055374,lr/backbone.decay,0.0
49,1789131952.9055374,lr/backbone.no_decay,0.0
49,1789131952.9055374,lr/detect_head.decay,0.0
49,1789131952.9055374,lr/detect_head.no_decay,0.0
49,1789131952.9055374,lr/neck.decay,0.0
49,1789131952.9055374,lr/neck.no_decay,0.0
49,1789131952.9055374,lr/pose_head.decay,2.2064343163538875e-06
49,1789131952.9055374,lr/pose_head.no_decay,2.2064343163538875e-06
49,1789131952.9055374,pose/component_0,0.9551596641540527
49,1789131952.9055374,pose/component_1,0.04445452243089676
49,1789131952.9055374,pose/component_2,0.030937284231185913
49,1789131952.9055374,pose/component_3,0.5570321679115295
49,1789131952.9055374,pose/component_4,0.0018599212635308504
49,1789131952.9055374,pose/component_5,0.0
50,1789131953.0977898,amp/overflow_retries,0.0
50,1789131953.0977898,amp/scale,32.0
50,1789131953.0977898,gradient/clipped_norm,319.28070068359375
50,1789131953.0977898,images/detect,0.0
50,1789131953.0977898,images/pose,16.0
50,1789131953.0977898,loss/backward,79.48059844970703
50,1789131953.0977898,loss/detect_mean,0.0
50,1789131953.0977898,loss/joint_mean,1.2418843507766724
50,1789131953.0977898,loss/pose_mean,1.2418843507766724
50,1789131953.0977898,lr/attention.decay,0.0
50,1789131953.0977898,lr/attention.no_decay,0.0
50,1789131953.0977898,lr/backbone.decay,0.0
50,1789131953.0977898,lr/backbone.no_decay,0.0
50,1789131953.0977898,lr/detect_head.decay,0.0
50,1789131953.0977898,lr/detect_head.no_decay,0.0
50,1789131953.0977898,lr/neck.decay,0.0
50,1789131953.0977898,lr/neck.no_decay,0.0
50,1789131953.0977898,lr/pose_head.decay,2.2305630026809655e-06
50,1789131953.0977898,lr/pose_head.no_decay,2.2305630026809655e-06
50,1789131953.0977898,pose/component_0,0.8232079148292542
50,1789131953.0977898,pose/component_1,0.013466870412230492
50,1789131953.0977898,pose/component_2,0.004174422938376665
50,1789131953.0977898,pose/component_3,0.2776901125907898
50,1789131953.0977898,pose/component_4,0.003523914609104395
50,1789131953.0977898,pose/component_5,0.0
51,1789131953.290596,amp/overflow_retries,0.0
51,1789131953.290596,amp/scale,32.0
51,1789131953.290596,gradient/clipped_norm,367.5403137207031
51,1789131953.290596,images/detect,0.0
51,1789131953.290596,images/pose,16.0
51,1789131953.290596,loss/backward,77.73573303222656
51,1789131953.290596,loss/detect_mean,0.0
51,1789131953.290596,loss/joint_mean,1.21462082862854
51,1789131953.290596,loss/pose_mean,1.21462082862854
51,1789131953.290596,lr/attention.decay,0.0
51,1789131953.290596,lr/attention.no_decay,0.0
51,1789131953.290596,lr/backbone.decay,0.0
51,1789131953.290596,lr/backbone.no_decay,0.0
51,1789131953.290596,lr/detect_head.decay,0.0
51,1789131953.290596,lr/detect_head.no_decay,0.0
51,1789131953.290596,lr/neck.decay,0.0
51,1789131953.290596,lr/neck.no_decay,0.0
51,1789131953.290596,lr/pose_head.decay,2.2546916890080434e-06
51,1789131953.290596,lr/pose_head.no_decay,2.2546916890080434e-06
51,1789131953.290596,pose/component_0,0.8062885999679565
51,1789131953.290596,pose/component_1,0.015231745317578316
51,1789131953.290596,pose/component_2,0.042732786387205124
51,1789131953.290596,pose/component_3,0.31299805641174316
51,1789131953.290596,pose/component_4,0.0033101020380854607
51,1789131953.290596,pose/component_5,0.0
52,1789131953.4831254,amp/overflow_retries,0.0
52,1789131953.4831254,amp/scale,32.0
52,1789131953.4831254,gradient/clipped_norm,386.2336730957031
52,1789131953.4831254,images/detect,0.0
52,1789131953.4831254,images/pose,16.0
52,1789131953.4831254,loss/backward,78.67939758300781
52,1789131953.4831254,loss/detect_mean,0.0
52,1789131953.4831254,loss/joint_mean,1.229365587234497
52,1789131953.4831254,loss/pose_mean,1.229365587234497
52,1789131953.4831254,lr/attention.decay,0.0
52,1789131953.4831254,lr/attention.no_decay,0.0
52,1789131953.4831254,lr/backbone.decay,0.0
52,1789131953.4831254,lr/backbone.no_decay,0.0
52,1789131953.4831254,lr/detect_head.decay,0.0
52,1789131953.4831254,lr/detect_head.no_decay,0.0
52,1789131953.4831254,lr/neck.decay,0.0
52,1789131953.4831254,lr/neck.no_decay,0.0
52,1789131953.4831254,lr/pose_head.decay,2.278820375335121e-06
52,1789131953.4831254,lr/pose_head.no_decay,2.278820375335121e-06
52,1789131953.4831254,pose/component_0,0.8507518768310547
52,1789131953.4831254,pose/component_1,0.017565377056598663
52,1789131953.4831254,pose/component_2,0.007969479076564312
52,1789131953.4831254,pose/component_3,0.43042489886283875
52,1789131953.4831254,pose/component_4,0.002170596504583955
52,1789131953.4831254,pose/component_5,0.0
53,1789131953.675865,amp/overflow_retries,0.0
53,1789131953.675865,amp/scale,32.0
53,1789131953.675865,gradient/clipped_norm,482.4064636230469
53,1789131953.675865,images/detect,0.0
53,1789131953.675865,images/pose,16.0
53,1789131953.675865,loss/backward,99.35227966308594
53,1789131953.675865,loss/detect_mean,0.0
53,1789131953.675865,loss/joint_mean,1.5523793697357178
53,1789131953.675865,loss/pose_mean,1.5523793697357178
53,1789131953.675865,lr/attention.decay,0.0
53,1789131953.675865,lr/attention.no_decay,0.0
53,1789131953.675865,lr/backbone.decay,0.0
53,1789131953.675865,lr/backbone.no_decay,0.0
53,1789131953.675865,lr/detect_head.decay,0.0
53,1789131953.675865,lr/detect_head.no_decay,0.0
53,1789131953.675865,lr/neck.decay,0.0
53,1789131953.675865,lr/neck.no_decay,0.0
53,1789131953.675865,lr/pose_head.decay,2.302949061662199e-06
53,1789131953.675865,lr/pose_head.no_decay,2.302949061662199e-06
53,1789131953.675865,pose/component_0,1.1073335409164429
53,1789131953.675865,pose/component_1,0.03759905323386192
53,1789131953.675865,pose/component_2,0.003675298299640417
53,1789131953.675865,pose/component_3,0.61888587474823
53,1789131953.675865,pose/component_4,0.002232364611700177
53,1789131953.675865,pose/component_5,0.0
54,1789131953.867942,amp/overflow_retries,0.0
54,1789131953.867942,amp/scale,32.0
54,1789131953.867942,gradient/clipped_norm,387.87481689453125
54,1789131953.867942,images/detect,0.0
54,1789131953.867942,images/pose,16.0
54,1789131953.867942,loss/backward,75.3171157836914
54,1789131953.867942,loss/detect_mean,0.0
54,1789131953.867942,loss/joint_mean,1.1768299341201782
54,1789131953.867942,loss/pose_mean,1.1768299341201782
54,1789131953.867942,lr/attention.decay,0.0
54,1789131953.867942,lr/attention.no_decay,0.0
54,1789131953.867942,lr/backbone.decay,0.0
54,1789131953.867942,lr/backbone.no_decay,0.0
54,1789131953.867942,lr/detect_head.decay,0.0
54,1789131953.867942,lr/detect_head.no_decay,0.0
54,1789131953.867942,lr/neck.decay,0.0
54,1789131953.867942,lr/neck.no_decay,0.0
54,1789131953.867942,lr/pose_head.decay,2.3270777479892764e-06
54,1789131953.867942,lr/pose_head.no_decay,2.3270777479892764e-06
54,1789131953.867942,pose/component_0,0.7537474632263184
54,1789131953.867942,pose/component_1,0.02025596797466278
54,1789131953.867942,pose/component_2,0.0030465193558484316
54,1789131953.867942,pose/component_3,0.4334845244884491
54,1789131953.867942,pose/component_4,0.0028167502023279667
54,1789131953.867942,pose/component_5,0.0
55,1789131954.060637,amp/overflow_retries,0.0
55,1789131954.060637,amp/scale,32.0
55,1789131954.060637,gradient/clipped_norm,384.9623718261719
55,1789131954.060637,images/detect,0.0
55,1789131954.060637,images/pose,16.0
55,1789131954.060637,loss/backward,70.5464859008789
55,1789131954.060637,loss/detect_mean,0.0
55,1789131954.060637,loss/joint_mean,1.102288842201233
55,1789131954.060637,loss/pose_mean,1.102288842201233
55,1789131954.060637,lr/attention.decay,0.0
55,1789131954.060637,lr/attention.no_decay,0.0
55,1789131954.060637,lr/backbone.decay,0.0
55,1789131954.060637,lr/backbone.no_decay,0.0
55,1789131954.060637,lr/detect_head.decay,0.0
55,1789131954.060637,lr/detect_head.no_decay,0.0
55,1789131954.060637,lr/neck.decay,0.0
55,1789131954.060637,lr/neck.no_decay,0.0
55,1789131954.060637,lr/pose_head.decay,2.351206434316354e-06
55,1789131954.060637,lr/pose_head.no_decay,2.351206434316354e-06
55,1789131954.060637,pose/component_0,0.7412790060043335
55,1789131954.060637,pose/component_1,0.013028264045715332
55,1789131954.060637,pose/component_2,0.005425090901553631
55,1789131954.060637,pose/component_3,0.39449700713157654
55,1789131954.060637,pose/component_4,0.002867476548999548
55,1789131954.060637,pose/component_5,0.0
56,1789131954.253632,amp/overflow_retries,0.0
56,1789131954.253632,amp/scale,32.0
56,1789131954.253632,gradient/clipped_norm,329.51416015625
56,1789131954.253632,images/detect,0.0
56,1789131954.253632,images/pose,16.0
56,1789131954.253632,loss/backward,69.62296295166016
56,1789131954.253632,loss/detect_mean,0.0
56,1789131954.253632,loss/joint_mean,1.08785879611969
56,1789131954.253632,loss/pose_mean,1.08785879611969
56,1789131954.253632,lr/attention.decay,0.0
56,1789131954.253632,lr/attention.no_decay,0.0
56,1789131954.253632,lr/backbone.decay,0.0
56,1789131954.253632,lr/backbone.no_decay,0.0
56,1789131954.253632,lr/detect_head.decay,0.0
56,1789131954.253632,lr/detect_head.no_decay,0.0
56,1789131954.253632,lr/neck.decay,0.0
56,1789131954.253632,lr/neck.no_decay,0.0
56,1789131954.253632,lr/pose_head.decay,2.375335120643432e-06
56,1789131954.253632,lr/pose_head.no_decay,2.375335120643432e-06
56,1789131954.253632,pose/component_0,0.8278002738952637
56,1789131954.253632,pose/component_1,0.03418312594294548
56,1789131954.253632,pose/component_2,0.005887588951736689
56,1789131954.253632,pose/component_3,0.4282740354537964
56,1789131954.253632,pose/component_4,0.0020260291639715433
56,1789131954.253632,pose/component_5,0.0
57,1789131954.445962,amp/overflow_retries,0.0
57,1789131954.445962,amp/scale,32.0
57,1789131954.445962,gradient/clipped_norm,395.04473876953125
57,1789131954.445962,images/detect,0.0
57,1789131954.445962,images/pose,16.0
57,1789131954.445962,loss/backward,83.36061096191406
57,1789131954.445962,loss/detect_mean,0.0
57,1789131954.445962,loss/joint_mean,1.3025095462799072
57,1789131954.445962,loss/pose_mean,1.3025095462799072
57,1789131954.445962,lr/attention.decay,0.0
57,1789131954.445962,lr/attention.no_decay,0.0
57,1789131954.445962,lr/backbone.decay,0.0
57,1789131954.445962,lr/backbone.no_decay,0.0
57,1789131954.445962,lr/detect_head.decay,0.0
57,1789131954.445962,lr/detect_head.no_decay,0.0
57,1789131954.445962,lr/neck.decay,0.0
57,1789131954.445962,lr/neck.no_decay,0.0
57,1789131954.445962,lr/pose_head.decay,2.3994638069705094e-06
57,1789131954.445962,lr/pose_head.no_decay,2.3994638069705094e-06
57,1789131954.445962,pose/component_0,0.8559949994087219
57,1789131954.445962,pose/component_1,0.01598839834332466
57,1789131954.445962,pose/component_2,0.02295566163957119
57,1789131954.445962,pose/component_3,0.3853016793727875
57,1789131954.445962,pose/component_4,0.0021533025428652763
57,1789131954.445962,pose/component_5,0.0
58,1789131954.6381521,amp/overflow_retries,0.0
58,1789131954.6381521,amp/scale,32.0
58,1789131954.6381521,gradient/clipped_norm,408.9251403808594
58,1789131954.6381521,images/detect,0.0
58,1789131954.6381521,images/pose,16.0
58,1789131954.6381521,loss/backward,67.07524871826172
58,1789131954.6381521,loss/detect_mean,0.0
58,1789131954.6381521,loss/joint_mean,1.0480507612228394
58,1789131954.6381521,loss/pose_mean,1.0480507612228394
58,1789131954.6381521,lr/attention.decay,0.0
58,1789131954.6381521,lr/attention.no_decay,0.0
58,1789131954.6381521,lr/backbone.decay,0.0
58,1789131954.6381521,lr/backbone.no_decay,0.0
58,1789131954.6381521,lr/detect_head.decay,0.0
58,1789131954.6381521,lr/detect_head.no_decay,0.0
58,1789131954.6381521,lr/neck.decay,0.0
58,1789131954.6381521,lr/neck.no_decay,0.0
58,1789131954.6381521,lr/pose_head.decay,2.4235924932975874e-06
58,1789131954.6381521,lr/pose_head.no_decay,2.4235924932975874e-06
58,1789131954.6381521,pose/component_0,0.5398377776145935
58,1789131954.6381521,pose/component_1,0.01628338173031807
58,1789131954.6381521,pose/component_2,0.1951434463262558
58,1789131954.6381521,pose/component_3,0.4147558808326721
58,1789131954.6381521,pose/component_4,0.001935866428539157
58,1789131954.6381521,pose/component_5,0.0
59,1789131954.8301806,amp/overflow_retries,0.0
59,1789131954.8301806,amp/scale,32.0
59,1789131954.8301806,gradient/clipped_norm,281.8495788574219
59,1789131954.8301806,images/detect,0.0
59,1789131954.8301806,images/pose,16.0
59,1789131954.8301806,loss/backward,79.47810363769531
59,1789131954.8301806,loss/detect_mean,0.0
59,1789131954.8301806,loss/joint_mean,1.2418453693389893
59,1789131954.8301806,loss/pose_mean,1.2418453693389893
59,1789131954.8301806,lr/attention.decay,0.0
59,1789131954.8301806,lr/attention.no_decay,0.0
59,1789131954.8301806,lr/backbone.decay,0.0
59,1789131954.8301806,lr/backbone.no_decay,0.0
59,1789131954.8301806,lr/detect_head.decay,0.0
59,1789131954.8301806,lr/detect_head.no_decay,0.0
59,1789131954.8301806,lr/neck.decay,0.0
59,1789131954.8301806,lr/neck.no_decay,0.0
59,1789131954.8301806,lr/pose_head.decay,2.4477211796246654e-06
59,1789131954.8301806,lr/pose_head.no_decay,2.4477211796246654e-06
59,1789131954.8301806,pose/component_0,0.8935707211494446
59,1789131954.8301806,pose/component_1,0.014846427366137505
59,1789131954.8301806,pose/component_2,0.02086039073765278
59,1789131954.8301806,pose/component_3,0.3412405848503113
59,1789131954.8301806,pose/component_4,0.002537938067689538
59,1789131954.8301806,pose/component_5,0.0
60,1789131955.0232108,amp/overflow_retries,0.0
60,1789131955.0232108,amp/scale,32.0
60,1789131955.0232108,gradient/clipped_norm,424.7322998046875
60,1789131955.0232108,images/detect,0.0
60,1789131955.0232108,images/pose,16.0
60,1789131955.0232108,loss/backward,64.71939849853516
60,1789131955.0232108,loss/detect_mean,0.0
60,1789131955.0232108,loss/joint_mean,1.0112406015396118
60,1789131955.0232108,loss/pose_mean,1.0112406015396118
60,1789131955.0232108,lr/attention.decay,0.0
60,1789131955.0232108,lr/attention.no_decay,0.0
60,1789131955.0232108,lr/backbone.decay,0.0
60,1789131955.0232108,lr/backbone.no_decay,0.0
60,1789131955.0232108,lr/detect_head.decay,0.0
60,1789131955.0232108,lr/detect_head.no_decay,0.0
60,1789131955.0232108,lr/neck.decay,0.0
60,1789131955.0232108,lr/neck.no_decay,0.0
60,1789131955.0232108,lr/pose_head.decay,2.471849865951743e-06
60,1789131955.0232108,lr/pose_head.no_decay,2.471849865951743e-06
60,1789131955.0232108,pose/component_0,0.6641355156898499
60,1789131955.0232108,pose/component_1,0.012264889664947987
60,1789131955.0232108,pose/component_2,0.001267900108359754
60,1789131955.0232108,pose/component_3,0.3263317942619324
60,1789131955.0232108,pose/component_4,0.0020380327478051186
60,1789131955.0232108,pose/component_5,0.0
61,1789131955.2164083,amp/overflow_retries,0.0
61,1789131955.2164083,amp/scale,32.0
61,1789131955.2164083,gradient/clipped_norm,336.8074951171875
61,1789131955.2164083,images/detect,0.0
61,1789131955.2164083,images/pose,16.0
61,1789131955.2164083,loss/backward,82.80764770507812
61,1789131955.2164083,loss/detect_mean,0.0
61,1789131955.2164083,loss/joint_mean,1.2938694953918457
61,1789131955.2164083,loss/pose_mean,1.2938694953918457
61,1789131955.2164083,lr/attention.decay,0.0
61,1789131955.2164083,lr/attention.no_decay,0.0
61,1789131955.2164083,lr/backbone.decay,0.0
61,1789131955.2164083,lr/backbone.no_decay,0.0
61,1789131955.2164083,lr/detect_head.decay,0.0
61,1789131955.2164083,lr/detect_head.no_decay,0.0
61,1789131955.2164083,lr/neck.decay,0.0
61,1789131955.2164083,lr/neck.no_decay,0.0
61,1789131955.2164083,lr/pose_head.decay,2.495978552278821e-06
61,1789131955.2164083,lr/pose_head.no_decay,2.495978552278821e-06
61,1789131955.2164083,pose/component_0,0.724629819393158
61,1789131955.2164083,pose/component_1,0.022257577627897263
61,1789131955.2164083,pose/component_2,0.08695381134748459
61,1789131955.2164083,pose/component_3,0.39877504110336304
61,1789131955.2164083,pose/component_4,0.0026572272181510925
61,1789131955.2164083,pose/component_5,0.0
62,1789131955.4097776,amp/overflow_retries,0.0
62,1789131955.4097776,amp/scale,32.0
62,1789131955.4097776,gradient/clipped_norm,326.8954162597656
62,1789131955.4097776,images/detect,0.0
62,1789131955.4097776,images/pose,16.0
62,1789131955.4097776,loss/backward,68.87654113769531
62,1789131955.4097776,loss/detect_mean,0.0
62,1789131955.4097776,loss/joint_mean,1.0761959552764893
62,1789131955.4097776,loss/pose_mean,1.0761959552764893
62,1789131955.4097776,lr/attention.decay,0.0
62,1789131955.4097776,lr/attention.no_decay,0.0
62,1789131955.4097776,lr/backbone.decay,0.0
62,1789131955.4097776,lr/backbone.no_decay,0.0
62,1789131955.4097776,lr/detect_head.decay,0.0
62,1789131955.4097776,lr/detect_head.no_decay,0.0
62,1789131955.4097776,lr/neck.decay,0.0
62,1789131955.4097776,lr/neck.no_decay,0.0
62,1789131955.4097776,lr/pose_head.decay,2.5201072386058984e-06
62,1789131955.4097776,lr/pose_head.no_decay,2.5201072386058984e-06
62,1789131955.4097776,pose/component_0,0.8093443512916565
62,1789131955.4097776,pose/component_1,0.015710337087512016
62,1789131955.4097776,pose/component_2,0.003231037175282836
62,1789131955.4097776,pose/component_3,0.4735153317451477
62,1789131955.4097776,pose/component_4,0.002863211091607809
62,1789131955.4097776,pose/component_5,0.0
63,1789131955.6017334,amp/overflow_retries,0.0
63,1789131955.6017334,amp/scale,32.0
63,1789131955.6017334,gradient/clipped_norm,268.2148742675781
63,1789131955.6017334,images/detect,0.0
63,1789131955.6017334,images/pose,16.0
63,1789131955.6017334,loss/backward,70.8321762084961
63,1789131955.6017334,loss/detect_mean,0.0
63,1789131955.6017334,loss/joint_mean,1.1067527532577515
63,1789131955.6017334,loss/pose_mean,1.1067527532577515
63,1789131955.6017334,lr/attention.decay,0.0
63,1789131955.6017334,lr/attention.no_decay,0.0
63,1789131955.6017334,lr/backbone.decay,0.0
63,1789131955.6017334,lr/backbone.no_decay,0.0
63,1789131955.6017334,lr/detect_head.decay,0.0
63,1789131955.6017334,lr/detect_head.no_decay,0.0
63,1789131955.6017334,lr/neck.decay,0.0
63,1789131955.6017334,lr/neck.no_decay,0.0
63,1789131955.6017334,lr/pose_head.decay,2.5442359249329763e-06
63,1789131955.6017334,lr/pose_head.no_decay,2.5442359249329763e-06
63,1789131955.6017334,pose/component_0,0.8691806793212891
63,1789131955.6017334,pose/component_1,0.0670219212770462
63,1789131955.6017334,pose/component_2,0.030508091673254967
63,1789131955.6017334,pose/component_3,0.4246821403503418
63,1789131955.6017334,pose/component_4,0.003999604843556881
63,1789131955.6017334,pose/component_5,0.0
64,1789131955.7940257,amp/overflow_retries,0.0
64,1789131955.7940257,amp/scale,32.0
64,1789131955.7940257,gradient/clipped_norm,328.818115234375
64,1789131955.7940257,images/detect,0.0
64,1789131955.7940257,images/pose,16.0
64,1789131955.7940257,loss/backward,84.54180908203125
64,1789131955.7940257,loss/detect_mean,0.0
64,1789131955.7940257,loss/joint_mean,1.3209657669067383
64,1789131955.7940257,loss/pose_mean,1.3209657669067383
64,1789131955.7940257,lr/attention.decay,0.0
64,1789131955.7940257,lr/attention.no_decay,0.0
64,1789131955.7940257,lr/backbone.decay,0.0
64,1789131955.7940257,lr/backbone.no_decay,0.0
64,1789131955.7940257,lr/detect_head.decay,0.0
64,1789131955.7940257,lr/detect_head.no_decay,0.0
64,1789131955.7940257,lr/neck.decay,0.0
64,1789131955.7940257,lr/neck.no_decay,0.0
64,1789131955.7940257,lr/pose_head.decay,2.5683646112600543e-06
64,1789131955.7940257,lr/pose_head.no_decay,2.5683646112600543e-06
64,1789131955.7940257,pose/component_0,0.8432950377464294
64,1789131955.7940257,pose/component_1,0.0368000790476799
64,1789131955.7940257,pose/component_2,0.00883934460580349
64,1789131955.7940257,pose/component_3,0.41058677434921265
64,1789131955.7940257,pose/component_4,0.00380782806314528
64,1789131955.7940257,pose/component_5,0.0
65,1789131955.9867013,amp/overflow_retries,0.0
65,1789131955.9867013,amp/scale,32.0
65,1789131955.9867013,gradient/clipped_norm,324.2544860839844
65,1789131955.9867013,images/detect,0.0
65,1789131955.9867013,images/pose,16.0
65,1789131955.9867013,loss/backward,83.04536437988281
65,1789131955.9867013,loss/detect_mean,0.0
65,1789131955.9867013,loss/joint_mean,1.297583818435669
65,1789131955.9867013,loss/pose_mean,1.297583818435669
65,1789131955.9867013,lr/attention.decay,0.0
65,1789131955.9867013,lr/attention.no_decay,0.0
65,1789131955.9867013,lr/backbone.decay,0.0
65,1789131955.9867013,lr/backbone.no_decay,0.0
65,1789131955.9867013,lr/detect_head.decay,0.0
65,1789131955.9867013,lr/detect_head.no_decay,0.0
65,1789131955.9867013,lr/neck.decay,0.0
65,1789131955.9867013,lr/neck.no_decay,0.0
65,1789131955.9867013,lr/pose_head.decay,2.5924932975871318e-06
65,1789131955.9867013,lr/pose_head.no_decay,2.5924932975871318e-06
65,1789131955.9867013,pose/component_0,0.9125031232833862
65,1789131955.9867013,pose/component_1,0.023652585223317146
65,1789131955.9867013,pose/component_2,0.016461893916130066
65,1789131955.9867013,pose/component_3,0.40276819467544556
65,1789131955.9867013,pose/component_4,0.0024605663493275642
65,1789131955.9867013,pose/component_5,0.0
66,1789131956.1789675,amp/overflow_retries,0.0
66,1789131956.1789675,amp/scale,32.0
66,1789131956.1789675,gradient/clipped_norm,3239.827880859375
66,1789131956.1789675,images/detect,0.0
66,1789131956.1789675,images/pose,16.0
66,1789131956.1789675,loss/backward,126.19841003417969
66,1789131956.1789675,loss/detect_mean,0.0
66,1789131956.1789675,loss/joint_mean,1.9718501567840576
66,1789131956.1789675,loss/pose_mean,1.9718501567840576
66,1789131956.1789675,lr/attention.decay,0.0
66,1789131956.1789675,lr/attention.no_decay,0.0
66,1789131956.1789675,lr/backbone.decay,0.0
66,1789131956.1789675,lr/backbone.no_decay,0.0
66,1789131956.1789675,lr/detect_head.decay,0.0
66,1789131956.1789675,lr/detect_head.no_decay,0.0
66,1789131956.1789675,lr/neck.decay,0.0
66,1789131956.1789675,lr/neck.no_decay,0.0
66,1789131956.1789675,lr/pose_head.decay,2.6166219839142093e-06
66,1789131956.1789675,lr/pose_head.no_decay,2.6166219839142093e-06
66,1789131956.1789675,pose/component_0,1.0624537467956543
66,1789131956.1789675,pose/component_1,0.0491277314722538
66,1789131956.1789675,pose/component_2,0.008845377713441849
66,1789131956.1789675,pose/component_3,0.45894157886505127
66,1789131956.1789675,pose/component_4,0.002892819931730628
66,1789131956.1789675,pose/component_5,0.002878475934267044
67,1789131956.371579,amp/overflow_retries,0.0
67,1789131956.371579,amp/scale,32.0
67,1789131956.371579,gradient/clipped_norm,266.83746337890625
67,1789131956.371579,images/detect,0.0
67,1789131956.371579,images/pose,16.0
67,1789131956.371579,loss/backward,80.57807159423828
67,1789131956.371579,loss/detect_mean,0.0
67,1789131956.371579,loss/joint_mean,1.2590323686599731
67,1789131956.371579,loss/pose_mean,1.2590323686599731
67,1789131956.371579,lr/attention.decay,0.0
67,1789131956.371579,lr/attention.no_decay,0.0
67,1789131956.371579,lr/backbone.decay,0.0
67,1789131956.371579,lr/backbone.no_decay,0.0
67,1789131956.371579,lr/detect_head.decay,0.0
67,1789131956.371579,lr/detect_head.no_decay,0.0
67,1789131956.371579,lr/neck.decay,0.0
67,1789131956.371579,lr/neck.no_decay,0.0
67,1789131956.371579,lr/pose_head.decay,2.6407506702412873e-06
67,1789131956.371579,lr/pose_head.no_decay,2.6407506702412873e-06
67,1789131956.371579,pose/component_0,1.0172425508499146
67,1789131956.371579,pose/component_1,0.02145775780081749
67,1789131956.371579,pose/component_2,0.013109495863318443
67,1789131956.371579,pose/component_3,0.3262970745563507
67,1789131956.371579,pose/component_4,0.0029378109611570835
67,1789131956.371579,pose/component_5,0.0
68,1789131956.5638533,amp/overflow_retries,0.0
68,1789131956.5638533,amp/scale,32.0
68,1789131956.5638533,gradient/clipped_norm,3316.447265625
68,1789131956.5638533,images/detect,0.0
68,1789131956.5638533,images/pose,16.0
68,1789131956.5638533,loss/backward,96.45283508300781
68,1789131956.5638533,loss/detect_mean,0.0
68,1789131956.5638533,loss/joint_mean,1.507075548171997
68,1789131956.5638533,loss/pose_mean,1.507075548171997
68,1789131956.5638533,lr/attention.decay,0.0
68,1789131956.5638533,lr/attention.no_decay,0.0
68,1789131956.5638533,lr/backbone.decay,0.0
68,1789131956.5638533,lr/backbone.no_decay,0.0
68,1789131956.5638533,lr/detect_head.decay,0.0
68,1789131956.5638533,lr/detect_head.no_decay,0.0
68,1789131956.5638533,lr/neck.decay,0.0
68,1789131956.5638533,lr/neck.no_decay,0.0
68,1789131956.5638533,lr/pose_head.decay,2.6648793565683652e-06
68,1789131956.5638533,lr/pose_head.no_decay,2.6648793565683652e-06
68,1789131956.5638533,pose/component_0,1.126939296722412
68,1789131956.5638533,pose/component_1,0.059963006526231766
68,1789131956.5638533,pose/component_2,0.02763540856540203
68,1789131956.5638533,pose/component_3,0.4970787763595581
68,1789131956.5638533,pose/component_4,0.0024294578470289707
68,1789131956.5638533,pose/component_5,0.0
69,1789131956.7564826,amp/overflow_retries,0.0
69,1789131956.7564826,amp/scale,32.0
69,1789131956.7564826,gradient/clipped_norm,316.0174560546875
69,1789131956.7564826,images/detect,0.0
69,1789131956.7564826,images/pose,16.0
69,1789131956.7564826,loss/backward,69.663330078125
69,1789131956.7564826,loss/detect_mean,0.0
69,1789131956.7564826,loss/joint_mean,1.0884895324707031
69,1789131956.7564826,loss/pose_mean,1.0884895324707031
69,1789131956.7564826,lr/attention.decay,0.0
69,1789131956.7564826,lr/attention.no_decay,0.0
69,1789131956.7564826,lr/backbone.decay,0.0
69,1789131956.7564826,lr/backbone.no_decay,0.0
69,1789131956.7564826,lr/detect_head.decay,0.0
69,1789131956.7564826,lr/detect_head.no_decay,0.0
69,1789131956.7564826,lr/neck.decay,0.0
69,1789131956.7564826,lr/neck.no_decay,0.0
69,1789131956.7564826,lr/pose_head.decay,2.6890080428954423e-06
69,1789131956.7564826,lr/pose_head.no_decay,2.6890080428954423e-06
69,1789131956.7564826,pose/component_0,0.7549623847007751
69,1789131956.7564826,pose/component_1,0.010099504142999649
69,1789131956.7564826,pose/component_2,0.012711679562926292
69,1789131956.7564826,pose/component_3,0.2658299207687378
69,1789131956.7564826,pose/component_4,0.002506408840417862
69,1789131956.7564826,pose/component_5,0.0
70,1789131956.948665,amp/overflow_retries,0.0
70,1789131956.948665,amp/scale,32.0
70,1789131956.948665,gradient/clipped_norm,372.04888916015625
70,1789131956.948665,images/detect,0.0
70,1789131956.948665,images/pose,16.0
70,1789131956.948665,loss/backward,76.57953643798828
70,1789131956.948665,loss/detect_mean,0.0
70,1789131956.948665,loss/joint_mean,1.196555256843567
70,1789131956.948665,loss/pose_mean,1.196555256843567
70,1789131956.948665,lr/attention.decay,0.0
70,1789131956.948665,lr/attention.no_decay,0.0
70,1789131956.948665,lr/backbone.decay,0.0
70,1789131956.948665,lr/backbone.no_decay,0.0
70,1789131956.948665,lr/detect_head.decay,0.0
70,1789131956.948665,lr/detect_head.no_decay,0.0
70,1789131956.948665,lr/neck.decay,0.0
70,1789131956.948665,lr/neck.no_decay,0.0
70,1789131956.948665,lr/pose_head.decay,2.7131367292225203e-06
70,1789131956.948665,lr/pose_head.no_decay,2.7131367292225203e-06
70,1789131956.948665,pose/component_0,0.8473069071769714
70,1789131956.948665,pose/component_1,0.01763959601521492
70,1789131956.948665,pose/component_2,0.00099488056730479
70,1789131956.948665,pose/component_3,0.35808253288269043
70,1789131956.948665,pose/component_4,0.002518880181014538
70,1789131956.948665,pose/component_5,0.0
71,1789131957.1409466,amp/overflow_retries,0.0
71,1789131957.1409466,amp/scale,32.0
71,1789131957.1409466,gradient/clipped_norm,417.1424255371094
71,1789131957.1409466,images/detect,0.0
71,1789131957.1409466,images/pose,16.0
71,1789131957.1409466,loss/backward,77.91096496582031
71,1789131957.1409466,loss/detect_mean,0.0
71,1789131957.1409466,loss/joint_mean,1.2173588275909424
71,1789131957.1409466,loss/pose_mean,1.2173588275909424
71,1789131957.1409466,lr/attention.decay,0.0
71,1789131957.1409466,lr/attention.no_decay,0.0
71,1789131957.1409466,lr/backbone.decay,0.0
71,1789131957.1409466,lr/backbone.no_decay,0.0
71,1789131957.1409466,lr/detect_head.decay,0.0
71,1789131957.1409466,lr/detect_head.no_decay,0.0
71,1789131957.1409466,lr/neck.decay,0.0
71,1789131957.1409466,lr/neck.no_decay,0.0
71,1789131957.1409466,lr/pose_head.decay,2.7372654155495982e-06
71,1789131957.1409466,lr/pose_head.no_decay,2.7372654155495982e-06
71,1789131957.1409466,pose/component_0,0.9105457663536072
71,1789131957.1409466,pose/component_1,0.0192255862057209
71,1789131957.1409466,pose/component_2,0.0037755626253783703
71,1789131957.1409466,pose/component_3,0.36869314312934875
71,1789131957.1409466,pose/component_4,0.003054349683225155
71,1789131957.1409466,pose/component_5,0.0
72,1789131957.5049248,amp/overflow_retries,0.0
72,1789131957.5049248,amp/scale,32.0
72,1789131957.5049248,gradient/clipped_norm,294.38250732421875
72,1789131957.5049248,images/detect,0.0
72,1789131957.5049248,images/pose,16.0
72,1789131957.5049248,loss/backward,77.65430450439453
72,1789131957.5049248,loss/detect_mean,0.0
72,1789131957.5049248,loss/joint_mean,1.2133485078811646
72,1789131957.5049248,loss/pose_mean,1.2133485078811646
72,1789131957.5049248,lr/attention.decay,0.0
72,1789131957.5049248,lr/attention.no_decay,0.0
72,1789131957.5049248,lr/backbone.decay,0.0
72,1789131957.5049248,lr/backbone.no_decay,0.0
72,1789131957.5049248,lr/detect_head.decay,0.0
72,1789131957.5049248,lr/detect_head.no_decay,0.0
72,1789131957.5049248,lr/neck.decay,0.0
72,1789131957.5049248,lr/neck.no_decay,0.0
72,1789131957.5049248,lr/pose_head.decay,2.7613941018766753e-06
72,1789131957.5049248,lr/pose_head.no_decay,2.7613941018766753e-06
72,1789131957.5049248,pose/component_0,0.7239607572555542
72,1789131957.5049248,pose/component_1,0.016207866370677948
72,1789131957.5049248,pose/component_2,0.005215688608586788
72,1789131957.5049248,pose/component_3,0.31158003211021423
72,1789131957.5049248,pose/component_4,0.0025363904424011707
72,1789131957.5049248,pose/component_5,0.0
73,1789131957.698091,amp/overflow_retries,0.0
73,1789131957.698091,amp/scale,32.0
73,1789131957.698091,gradient/clipped_norm,3725.447998046875
73,1789131957.698091,images/detect,0.0
73,1789131957.698091,images/pose,16.0
73,1789131957.698091,loss/backward,114.27864074707031
73,1789131957.698091,loss/detect_mean,0.0
73,1789131957.698091,loss/joint_mean,1.7856037616729736
73,1789131957.698091,loss/pose_mean,1.7856037616729736
73,1789131957.698091,lr/attention.decay,0.0
73,1789131957.698091,lr/attention.no_decay,0.0
73,1789131957.698091,lr/backbone.decay,0.0
73,1789131957.698091,lr/backbone.no_decay,0.0
73,1789131957.698091,lr/detect_head.decay,0.0
73,1789131957.698091,lr/detect_head.no_decay,0.0
73,1789131957.698091,lr/neck.decay,0.0
73,1789131957.698091,lr/neck.no_decay,0.0
73,1789131957.698091,lr/pose_head.decay,2.7855227882037537e-06
73,1789131957.698091,lr/pose_head.no_decay,2.7855227882037537e-06
73,1789131957.698091,pose/component_0,0.8900063037872314
73,1789131957.698091,pose/component_1,0.035489823669195175
73,1789131957.698091,pose/component_2,0.008046654053032398
73,1789131957.698091,pose/component_3,0.3400868773460388
73,1789131957.698091,pose/component_4,0.002301945351064205
73,1789131957.698091,pose/component_5,0.0
74,1789131957.891354,amp/overflow_retries,0.0
74,1789131957.891354,amp/scale,32.0
74,1789131957.891354,gradient/clipped_norm,347.0882568359375
74,1789131957.891354,images/detect,0.0
74,1789131957.891354,images/pose,16.0
74,1789131957.891354,loss/backward,89.39618682861328
74,1789131957.891354,loss/detect_mean,0.0
74,1789131957.891354,loss/joint_mean,1.3968154191970825
74,1789131957.891354,loss/pose_mean,1.3968154191970825
74,1789131957.891354,lr/attention.decay,0.0
74,1789131957.891354,lr/attention.no_decay,0.0
74,1789131957.891354,lr/backbone.decay,0.0
74,1789131957.891354,lr/backbone.no_decay,0.0
74,1789131957.891354,lr/detect_head.decay,0.0
74,1789131957.891354,lr/detect_head.no_decay,0.0
74,1789131957.891354,lr/neck.decay,0.0
74,1789131957.891354,lr/neck.no_decay,0.0
74,1789131957.891354,lr/pose_head.decay,2.8096514745308312e-06
74,1789131957.891354,lr/pose_head.no_decay,2.8096514745308312e-06
74,1789131957.891354,pose/component_0,0.9178439378738403
74,1789131957.891354,pose/component_1,0.019190652295947075
74,1789131957.891354,pose/component_2,0.09663338214159012
74,1789131957.891354,pose/component_3,0.34576037526130676
74,1789131957.891354,pose/component_4,0.0027622287161648273
74,1789131957.891354,pose/component_5,0.0
75,1789131958.0836136,amp/overflow_retries,0.0
75,1789131958.0836136,amp/scale,32.0
75,1789131958.0836136,gradient/clipped_norm,350.0677185058594
75,1789131958.0836136,images/detect,0.0
75,1789131958.0836136,images/pose,16.0
75,1789131958.0836136,loss/backward,77.99742889404297
75,1789131958.0836136,loss/detect_mean,0.0
75,1789131958.0836136,loss/joint_mean,1.2187098264694214
75,1789131958.0836136,loss/pose_mean,1.2187098264694214
75,1789131958.0836136,lr/attention.decay,0.0
75,1789131958.0836136,lr/attention.no_decay,0.0
75,1789131958.0836136,lr/backbone.decay,0.0
75,1789131958.0836136,lr/backbone.no_decay,0.0
75,1789131958.0836136,lr/detect_head.decay,0.0
75,1789131958.0836136,lr/detect_head.no_decay,0.0
75,1789131958.0836136,lr/neck.decay,0.0
75,1789131958.0836136,lr/neck.no_decay,0.0
75,1789131958.0836136,lr/pose_head.decay,2.833780160857909e-06
75,1789131958.0836136,lr/pose_head.no_decay,2.833780160857909e-06
75,1789131958.0836136,pose/component_0,0.7790009379386902
75,1789131958.0836136,pose/component_1,0.018871894106268883
75,1789131958.0836136,pose/component_2,0.002624250017106533
75,1789131958.0836136,pose/component_3,0.41296419501304626
75,1789131958.0836136,pose/component_4,0.0017959910910576582
75,1789131958.0836136,pose/component_5,0.0
76,1789131958.2763653,amp/overflow_retries,0.0
76,1789131958.2763653,amp/scale,32.0
76,1789131958.2763653,gradient/clipped_norm,355.18585205078125
76,1789131958.2763653,images/detect,0.0
76,1789131958.2763653,images/pose,16.0
76,1789131958.2763653,loss/backward,68.87001037597656
76,1789131958.2763653,loss/detect_mean,0.0
76,1789131958.2763653,loss/joint_mean,1.0760939121246338
76,1789131958.2763653,loss/pose_mean,1.0760939121246338
76,1789131958.2763653,lr/attention.decay,0.0
76,1789131958.2763653,lr/attention.no_decay,0.0
76,1789131958.2763653,lr/backbone.decay,0.0
76,1789131958.2763653,lr/backbone.no_decay,0.0
76,1789131958.2763653,lr/detect_head.decay,0.0
76,1789131958.2763653,lr/detect_head.no_decay,0.0
76,1789131958.2763653,lr/neck.decay,0.0
76,1789131958.2763653,lr/neck.no_decay,0.0
76,1789131958.2763653,lr/pose_head.decay,2.857908847184987e-06
76,1789131958.2763653,lr/pose_head.no_decay,2.857908847184987e-06
76,1789131958.2763653,pose/component_0,0.7550382614135742
76,1789131958.2763653,pose/component_1,0.07044655084609985
76,1789131958.2763653,pose/component_2,0.007471732795238495
76,1789131958.2763653,pose/component_3,0.2995030879974365
76,1789131958.2763653,pose/component_4,0.0033917389810085297
76,1789131958.2763653,pose/component_5,0.0
77,1789131958.4697855,amp/overflow_retries,0.0
77,1789131958.4697855,amp/scale,32.0
77,1789131958.4697855,gradient/clipped_norm,465.7709655761719
77,1789131958.4697855,images/detect,0.0
77,1789131958.4697855,images/pose,16.0
77,1789131958.4697855,loss/backward,88.53547668457031
77,1789131958.4697855,loss/detect_mean,0.0
77,1789131958.4697855,loss/joint_mean,1.3833668231964111
77,1789131958.4697855,loss/pose_mean,1.3833668231964111
77,1789131958.4697855,lr/attention.decay,0.0
77,1789131958.4697855,lr/attention.no_decay,0.0
77,1789131958.4697855,lr/backbone.decay,0.0
77,1789131958.4697855,lr/backbone.no_decay,0.0
77,1789131958.4697855,lr/detect_head.decay,0.0
77,1789131958.4697855,lr/detect_head.no_decay,0.0
77,1789131958.4697855,lr/neck.decay,0.0
77,1789131958.4697855,lr/neck.no_decay,0.0
77,1789131958.4697855,lr/pose_head.decay,2.8820375335120642e-06
77,1789131958.4697855,lr/pose_head.no_decay,2.8820375335120642e-06
77,1789131958.4697855,pose/component_0,1.0832411050796509
77,1789131958.4697855,pose/component_1,0.02280011773109436
77,1789131958.4697855,pose/component_2,0.00503428652882576
77,1789131958.4697855,pose/component_3,0.47197651863098145
77,1789131958.4697855,pose/component_4,0.0025995210744440556
77,1789131958.4697855,pose/component_5,0.0
78,1789131958.6622782,amp/overflow_retries,0.0
78,1789131958.6622782,amp/scale,32.0
78,1789131958.6622782,gradient/clipped_norm,323.3587646484375
78,1789131958.6622782,images/detect,0.0
78,1789131958.6622782,images/pose,16.0
78,1789131958.6622782,loss/backward,73.98249816894531
78,1789131958.6622782,loss/detect_mean,0.0
78,1789131958.6622782,loss/joint_mean,1.1559765338897705
78,1789131958.6622782,loss/pose_mean,1.1559765338897705
78,1789131958.6622782,lr/attention.decay,0.0
78,1789131958.6622782,lr/attention.no_decay,0.0
78,1789131958.6622782,lr/backbone.decay,0.0
78,1789131958.6622782,lr/backbone.no_decay,0.0
78,1789131958.6622782,lr/detect_head.decay,0.0
78,1789131958.6622782,lr/detect_head.no_decay,0.0
78,1789131958.6622782,lr/neck.decay,0.0
78,1789131958.6622782,lr/neck.no_decay,0.0
78,1789131958.6622782,lr/pose_head.decay,2.9061662198391426e-06
78,1789131958.6622782,lr/pose_head.no_decay,2.9061662198391426e-06
78,1789131958.6622782,pose/component_0,0.8063225150108337
78,1789131958.6622782,pose/component_1,0.03366490453481674
78,1789131958.6622782,pose/component_2,0.0008217800059355795
78,1789131958.6622782,pose/component_3,0.4557741582393646
78,1789131958.6622782,pose/component_4,0.003032190725207329
78,1789131958.6622782,pose/component_5,0.0
79,1789131958.8548234,amp/overflow_retries,0.0
79,1789131958.8548234,amp/scale,32.0
79,1789131958.8548234,gradient/clipped_norm,375.23504638671875
79,1789131958.8548234,images/detect,0.0
79,1789131958.8548234,images/pose,16.0
79,1789131958.8548234,loss/backward,92.58856964111328
79,1789131958.8548234,loss/detect_mean,0.0
79,1789131958.8548234,loss/joint_mean,1.446696400642395
79,1789131958.8548234,loss/pose_mean,1.446696400642395
79,1789131958.8548234,lr/attention.decay,0.0
79,1789131958.8548234,lr/attention.no_decay,0.0
79,1789131958.8548234,lr/backbone.decay,0.0
79,1789131958.8548234,lr/backbone.no_decay,0.0
79,1789131958.8548234,lr/detect_head.decay,0.0
79,1789131958.8548234,lr/detect_head.no_decay,0.0
79,1789131958.8548234,lr/neck.decay,0.0
79,1789131958.8548234,lr/neck.no_decay,0.0
79,1789131958.8548234,lr/pose_head.decay,2.93029490616622e-06
79,1789131958.8548234,lr/pose_head.no_decay,2.93029490616622e-06
79,1789131958.8548234,pose/component_0,1.065016746520996
79,1789131958.8548234,pose/component_1,0.04472711682319641
79,1789131958.8548234,pose/component_2,0.002809537574648857
79,1789131958.8548234,pose/component_3,0.36011776328086853
79,1789131958.8548234,pose/component_4,0.002365694148465991
79,1789131958.8548234,pose/component_5,0.0
80,1789131959.0478742,amp/overflow_retries,0.0
80,1789131959.0478742,amp/scale,32.0
80,1789131959.0478742,gradient/clipped_norm,2773.070556640625
80,1789131959.0478742,images/detect,0.0
80,1789131959.0478742,images/pose,16.0
80,1789131959.0478742,loss/backward,182.0875244140625
80,1789131959.0478742,loss/detect_mean,0.0
80,1789131959.0478742,loss/joint_mean,2.8451175689697266
80,1789131959.0478742,loss/pose_mean,2.8451175689697266
80,1789131959.0478742,lr/attention.decay,0.0
80,1789131959.0478742,lr/attention.no_decay,0.0
80,1789131959.0478742,lr/backbone.decay,0.0
80,1789131959.0478742,lr/backbone.no_decay,0.0
80,1789131959.0478742,lr/detect_head.decay,0.0
80,1789131959.0478742,lr/detect_head.no_decay,0.0
80,1789131959.0478742,lr/neck.decay,0.0
80,1789131959.0478742,lr/neck.no_decay,0.0
80,1789131959.0478742,lr/pose_head.decay,2.954423592493298e-06
80,1789131959.0478742,lr/pose_head.no_decay,2.954423592493298e-06
80,1789131959.0478742,pose/component_0,1.2151485681533813
80,1789131959.0478742,pose/component_1,0.25028377771377563
80,1789131959.0478742,pose/component_2,0.03402959927916527
80,1789131959.0478742,pose/component_3,0.5981828570365906
80,1789131959.0478742,pose/component_4,0.0028469269163906574
80,1789131959.0478742,pose/component_5,0.16731584072113037
81,1789131959.2410982,amp/overflow_retries,0.0
81,1789131959.2410982,amp/scale,32.0
81,1789131959.2410982,gradient/clipped_norm,400.5770568847656
81,1789131959.2410982,images/detect,0.0
81,1789131959.2410982,images/pose,16.0
81,1789131959.2410982,loss/backward,69.9358901977539
81,1789131959.2410982,loss/detect_mean,0.0
81,1789131959.2410982,loss/joint_mean,1.0927482843399048
81,1789131959.2410982,loss/pose_mean,1.0927482843399048
81,1789131959.2410982,lr/attention.decay,0.0
81,1789131959.2410982,lr/attention.no_decay,0.0
81,1789131959.2410982,lr/backbone.decay,0.0
81,1789131959.2410982,lr/backbone.no_decay,0.0
81,1789131959.2410982,lr/detect_head.decay,0.0
81,1789131959.2410982,lr/detect_head.no_decay,0.0
81,1789131959.2410982,lr/neck.decay,0.0
81,1789131959.2410982,lr/neck.no_decay,0.0
81,1789131959.2410982,lr/pose_head.decay,2.9785522788203756e-06
81,1789131959.2410982,lr/pose_head.no_decay,2.9785522788203756e-06
81,1789131959.2410982,pose/component_0,0.7254305481910706
81,1789131959.2410982,pose/component_1,0.025205783545970917
81,1789131959.2410982,pose/component_2,0.0011969303013756871
81,1789131959.2410982,pose/component_3,0.4313126802444458
81,1789131959.2410982,pose/component_4,0.00236211228184402
81,1789131959.2410982,pose/component_5,0.0
82,1789131959.4346635,amp/overflow_retries,0.0
82,1789131959.4346635,amp/scale,32.0
82,1789131959.4346635,gradient/clipped_norm,279.3856201171875
82,1789131959.4346635,images/detect,0.0
82,1789131959.4346635,images/pose,16.0
82,1789131959.4346635,loss/backward,73.17385864257812
82,1789131959.4346635,loss/detect_mean,0.0
82,1789131959.4346635,loss/joint_mean,1.1433415412902832
82,1789131959.4346635,loss/pose_mean,1.1433415412902832
82,1789131959.4346635,lr/attention.decay,0.0
82,1789131959.4346635,lr/attention.no_decay,0.0
82,1789131959.4346635,lr/backbone.decay,0.0
82,1789131959.4346635,lr/backbone.no_decay,0.0
82,1789131959.4346635,lr/detect_head.decay,0.0
82,1789131959.4346635,lr/detect_head.no_decay,0.0
82,1789131959.4346635,lr/neck.decay,0.0
82,1789131959.4346635,lr/neck.no_decay,0.0
82,1789131959.4346635,lr/pose_head.decay,3.002680965147453e-06
82,1789131959.4346635,lr/pose_head.no_decay,3.002680965147453e-06
82,1789131959.4346635,pose/component_0,0.7646356225013733
82,1789131959.4346635,pose/component_1,0.02487865649163723
82,1789131959.4346635,pose/component_2,0.014349842444062233
82,1789131959.4346635,pose/component_3,0.45574650168418884
82,1789131959.4346635,pose/component_4,0.002583620836958289
82,1789131959.4346635,pose/component_5,0.0
83,1789131959.6268086,amp/overflow_retries,0.0
83,1789131959.6268086,amp/scale,32.0
83,1789131959.6268086,gradient/clipped_norm,281.0599365234375
83,1789131959.6268086,images/detect,0.0
83,1789131959.6268086,images/pose,16.0
83,1789131959.6268086,loss/backward,70.24014282226562
83,1789131959.6268086,loss/detect_mean,0.0
83,1789131959.6268086,loss/joint_mean,1.0975022315979004
83,1789131959.6268086,loss/pose_mean,1.0975022315979004
83,1789131959.6268086,lr/attention.decay,0.0
83,1789131959.6268086,lr/attention.no_decay,0.0
83,1789131959.6268086,lr/backbone.decay,0.0
83,1789131959.6268086,lr/backbone.no_decay,0.0
83,1789131959.6268086,lr/detect_head.decay,0.0
83,1789131959.6268086,lr/detect_head.no_decay,0.0
83,1789131959.6268086,lr/neck.decay,0.0
83,1789131959.6268086,lr/neck.no_decay,0.0
83,1789131959.6268086,lr/pose_head.decay,3.0268096514745315e-06
83,1789131959.6268086,lr/pose_head.no_decay,3.0268096514745315e-06
83,1789131959.6268086,pose/component_0,0.7512782216072083
83,1789131959.6268086,pose/component_1,0.012817664071917534
83,1789131959.6268086,pose/component_2,0.006424106657505035
83,1789131959.6268086,pose/component_3,0.26388901472091675
83,1789131959.6268086,pose/component_4,0.002039460465312004
83,1789131959.6268086,pose/component_5,0.0
84,1789131959.8195517,amp/overflow_retries,0.0
84,1789131959.8195517,amp/scale,32.0
84,1789131959.8195517,gradient/clipped_norm,333.83062744140625
84,1789131959.8195517,images/detect,0.0
84,1789131959.8195517,images/pose,16.0
84,1789131959.8195517,loss/backward,80.60858154296875
84,1789131959.8195517,loss/detect_mean,0.0
84,1789131959.8195517,loss/joint_mean,1.2595090866088867
84,1789131959.8195517,loss/pose_mean,1.2595090866088867
84,1789131959.8195517,lr/attention.decay,0.0
84,1789131959.8195517,lr/attention.no_decay,0.0
84,1789131959.8195517,lr/backbone.decay,0.0
84,1789131959.8195517,lr/backbone.no_decay,0.0
84,1789131959.8195517,lr/detect_head.decay,0.0
84,1789131959.8195517,lr/detect_head.no_decay,0.0
84,1789131959.8195517,lr/neck.decay,0.0
84,1789131959.8195517,lr/neck.no_decay,0.0
84,1789131959.8195517,lr/pose_head.decay,3.050938337801609e-06
84,1789131959.8195517,lr/pose_head.no_decay,3.050938337801609e-06
84,1789131959.8195517,pose/component_0,0.8782898187637329
84,1789131959.8195517,pose/component_1,0.010793223977088928
84,1789131959.8195517,pose/component_2,0.06410364806652069
84,1789131959.8195517,pose/component_3,0.30187952518463135
84,1789131959.8195517,pose/component_4,0.003962037153542042
84,1789131959.8195517,pose/component_5,0.0
85,1789131960.015275,amp/overflow_retries,0.0
85,1789131960.015275,amp/scale,32.0
85,1789131960.015275,gradient/clipped_norm,367.2640686035156
85,1789131960.015275,images/detect,0.0
85,1789131960.015275,images/pose,16.0
85,1789131960.015275,loss/backward,74.82356262207031
85,1789131960.015275,loss/detect_mean,0.0
85,1789131960.015275,loss/joint_mean,1.1691181659698486
85,1789131960.015275,loss/pose_mean,1.1691181659698486
85,1789131960.015275,lr/attention.decay,0.0
85,1789131960.015275,lr/attention.no_decay,0.0
85,1789131960.015275,lr/backbone.decay,0.0
85,1789131960.015275,lr/backbone.no_decay,0.0
85,1789131960.015275,lr/detect_head.decay,0.0
85,1789131960.015275,lr/detect_head.no_decay,0.0
85,1789131960.015275,lr/neck.decay,0.0
85,1789131960.015275,lr/neck.no_decay,0.0
85,1789131960.015275,lr/pose_head.decay,3.075067024128686e-06
85,1789131960.015275,lr/pose_head.no_decay,3.075067024128686e-06
85,1789131960.015275,pose/component_0,0.9160753488540649
85,1789131960.015275,pose/component_1,0.020886637270450592
85,1789131960.015275,pose/component_2,0.0012950390810146928
85,1789131960.015275,pose/component_3,0.3599567413330078
85,1789131960.015275,pose/component_4,0.0024171588011085987
85,1789131960.015275,pose/component_5,0.0
86,1789131960.2084873,amp/overflow_retries,0.0
86,1789131960.2084873,amp/scale,32.0
86,1789131960.2084873,gradient/clipped_norm,342.1247863769531
86,1789131960.2084873,images/detect,0.0
86,1789131960.2084873,images/pose,16.0
86,1789131960.2084873,loss/backward,70.56172180175781
86,1789131960.2084873,loss/detect_mean,0.0
86,1789131960.2084873,loss/joint_mean,1.1025269031524658
86,1789131960.2084873,loss/pose_mean,1.1025269031524658
86,1789131960.2084873,lr/attention.decay,0.0
86,1789131960.2084873,lr/attention.no_decay,0.0
86,1789131960.2084873,lr/backbone.decay,0.0
86,1789131960.2084873,lr/backbone.no_decay,0.0
86,1789131960.2084873,lr/detect_head.decay,0.0
86,1789131960.2084873,lr/detect_head.no_decay,0.0
86,1789131960.2084873,lr/neck.decay,0.0
86,1789131960.2084873,lr/neck.no_decay,0.0
86,1789131960.2084873,lr/pose_head.decay,3.0991957104557645e-06
86,1789131960.2084873,lr/pose_head.no_decay,3.0991957104557645e-06
86,1789131960.2084873,pose/component_0,0.8400319814682007
86,1789131960.2084873,pose/component_1,0.023802297189831734
86,1789131960.2084873,pose/component_2,0.004285068716853857
86,1789131960.2084873,pose/component_3,0.27901434898376465
86,1789131960.2084873,pose/component_4,0.0027062646113336086
86,1789131960.2084873,pose/component_5,0.0
87,1789131960.4013226,amp/overflow_retries,0.0
87,1789131960.4013226,amp/scale,32.0
87,1789131960.4013226,gradient/clipped_norm,407.51715087890625
87,1789131960.4013226,images/detect,0.0
87,1789131960.4013226,images/pose,16.0
87,1789131960.4013226,loss/backward,79.14544677734375
87,1789131960.4013226,loss/detect_mean,0.0
87,1789131960.4013226,loss/joint_mean,1.236647605895996
87,1789131960.4013226,loss/pose_mean,1.236647605895996
87,1789131960.4013226,lr/attention.decay,0.0
87,1789131960.4013226,lr/attention.no_decay,0.0
87,1789131960.4013226,lr/backbone.decay,0.0
87,1789131960.4013226,lr/backbone.no_decay,0.0
87,1789131960.4013226,lr/detect_head.decay,0.0
87,1789131960.4013226,lr/detect_head.no_decay,0.0
87,1789131960.4013226,lr/neck.decay,0.0
87,1789131960.4013226,lr/neck.no_decay,0.0
87,1789131960.4013226,lr/pose_head.decay,3.123324396782842e-06
87,1789131960.4013226,lr/pose_head.no_decay,3.123324396782842e-06
87,1789131960.4013226,pose/component_0,0.8981391191482544
87,1789131960.4013226,pose/component_1,0.014368569478392601
87,1789131960.4013226,pose/component_2,0.0016021115006878972
87,1789131960.4013226,pose/component_3,0.31443920731544495
87,1789131960.4013226,pose/component_4,0.002122775185853243
87,1789131960.4013226,pose/component_5,0.0
88,1789131960.594888,amp/overflow_retries,0.0
88,1789131960.594888,amp/scale,32.0
88,1789131960.594888,gradient/clipped_norm,324.5548095703125
88,1789131960.594888,images/detect,0.0
88,1789131960.594888,images/pose,16.0
88,1789131960.594888,loss/backward,68.7963638305664
88,1789131960.594888,loss/detect_mean,0.0
88,1789131960.594888,loss/joint_mean,1.0749431848526
88,1789131960.594888,loss/pose_mean,1.0749431848526
88,1789131960.594888,lr/attention.decay,0.0
88,1789131960.594888,lr/attention.no_decay,0.0
88,1789131960.594888,lr/backbone.decay,0.0
88,1789131960.594888,lr/backbone.no_decay,0.0
88,1789131960.594888,lr/detect_head.decay,0.0
88,1789131960.594888,lr/detect_head.no_decay,0.0
88,1789131960.594888,lr/neck.decay,0.0
88,1789131960.594888,lr/neck.no_decay,0.0
88,1789131960.594888,lr/pose_head.decay,3.14745308310992e-06
88,1789131960.594888,lr/pose_head.no_decay,3.14745308310992e-06
88,1789131960.594888,pose/component_0,0.7803822755813599
88,1789131960.594888,pose/component_1,0.015482747927308083
88,1789131960.594888,pose/component_2,0.00669586006551981
88,1789131960.594888,pose/component_3,0.29787421226501465
88,1789131960.594888,pose/component_4,0.0035711158998310566
88,1789131960.594888,pose/component_5,0.0
89,1789131960.788641,amp/overflow_retries,0.0
89,1789131960.788641,amp/scale,32.0
89,1789131960.788641,gradient/clipped_norm,385.6116638183594
89,1789131960.788641,images/detect,0.0
89,1789131960.788641,images/pose,16.0
89,1789131960.788641,loss/backward,82.19688415527344
89,1789131960.788641,loss/detect_mean,0.0
89,1789131960.788641,loss/joint_mean,1.2843263149261475
89,1789131960.788641,loss/pose_mean,1.2843263149261475
89,1789131960.788641,lr/attention.decay,0.0
89,1789131960.788641,lr/attention.no_decay,0.0
89,1789131960.788641,lr/backbone.decay,0.0
89,1789131960.788641,lr/backbone.no_decay,0.0
89,1789131960.788641,lr/detect_head.decay,0.0
89,1789131960.788641,lr/detect_head.no_decay,0.0
89,1789131960.788641,lr/neck.decay,0.0
89,1789131960.788641,lr/neck.no_decay,0.0
89,1789131960.788641,lr/pose_head.decay,3.1715817694369975e-06
89,1789131960.788641,lr/pose_head.no_decay,3.1715817694369975e-06
89,1789131960.788641,pose/component_0,0.8815919160842896
89,1789131960.788641,pose/component_1,0.02007608860731125
89,1789131960.788641,pose/component_2,0.06724641472101212
89,1789131960.788641,pose/component_3,0.4446432590484619
89,1789131960.788641,pose/component_4,0.0032672970555722713
89,1789131960.788641,pose/component_5,0.0
90,1789131960.981845,amp/overflow_retries,0.0
90,1789131960.981845,amp/scale,32.0
90,1789131960.981845,gradient/clipped_norm,304.1972961425781
90,1789131960.981845,images/detect,0.0
90,1789131960.981845,images/pose,16.0
90,1789131960.981845,loss/backward,87.35476684570312
90,1789131960.981845,loss/detect_mean,0.0
90,1789131960.981845,loss/joint_mean,1.3649182319641113
90,1789131960.981845,loss/pose_mean,1.3649182319641113
90,1789131960.981845,lr/attention.decay,0.0
90,1789131960.981845,lr/attention.no_decay,0.0
90,1789131960.981845,lr/backbone.decay,0.0
90,1789131960.981845,lr/backbone.no_decay,0.0
90,1789131960.981845,lr/detect_head.decay,0.0
90,1789131960.981845,lr/detect_head.no_decay,0.0
90,1789131960.981845,lr/neck.decay,0.0
90,1789131960.981845,lr/neck.no_decay,0.0
90,1789131960.981845,lr/pose_head.decay,3.195710455764075e-06
90,1789131960.981845,lr/pose_head.no_decay,3.195710455764075e-06
90,1789131960.981845,pose/component_0,0.7535046935081482
90,1789131960.981845,pose/component_1,0.02893124520778656
90,1789131960.981845,pose/component_2,0.0498097687959671
90,1789131960.981845,pose/component_3,0.4677572548389435
90,1789131960.981845,pose/component_4,0.0025562183000147343
90,1789131960.981845,pose/component_5,0.0
91,1789131961.1745505,amp/overflow_retries,0.0
91,1789131961.1745505,amp/scale,32.0
91,1789131961.1745505,gradient/clipped_norm,398.3678283691406
91,1789131961.1745505,images/detect,0.0
91,1789131961.1745505,images/pose,16.0
91,1789131961.1745505,loss/backward,90.19305419921875
91,1789131961.1745505,loss/detect_mean,0.0
91,1789131961.1745505,loss/joint_mean,1.409266471862793
91,1789131961.1745505,loss/pose_mean,1.409266471862793
91,1789131961.1745505,lr/attention.decay,0.0
91,1789131961.1745505,lr/attention.no_decay,0.0
91,1789131961.1745505,lr/backbone.decay,0.0
91,1789131961.1745505,lr/backbone.no_decay,0.0
91,1789131961.1745505,lr/detect_head.decay,0.0
91,1789131961.1745505,lr/detect_head.no_decay,0.0
91,1789131961.1745505,lr/neck.decay,0.0
91,1789131961.1745505,lr/neck.no_decay,0.0
91,1789131961.1745505,lr/pose_head.decay,3.2198391420911534e-06
91,1789131961.1745505,lr/pose_head.no_decay,3.2198391420911534e-06
91,1789131961.1745505,pose/component_0,1.0505890846252441
91,1789131961.1745505,pose/component_1,0.03197217732667923
91,1789131961.1745505,pose/component_2,0.005237792152911425
91,1789131961.1745505,pose/component_3,0.4982934594154358
91,1789131961.1745505,pose/component_4,0.003058066125959158
91,1789131961.1745505,pose/component_5,0.0
92,1789131961.367493,amp/overflow_retries,0.0
92,1789131961.367493,amp/scale,32.0
92,1789131961.367493,gradient/clipped_norm,3008.536865234375
92,1789131961.367493,images/detect,0.0
92,1789131961.367493,images/pose,16.0
92,1789131961.367493,loss/backward,117.88052368164062
92,1789131961.367493,loss/detect_mean,0.0
92,1789131961.367493,loss/joint_mean,1.8418831825256348
92,1789131961.367493,loss/pose_mean,1.8418831825256348
92,1789131961.367493,lr/attention.decay,0.0
92,1789131961.367493,lr/attention.no_decay,0.0
92,1789131961.367493,lr/backbone.decay,0.0
92,1789131961.367493,lr/backbone.no_decay,0.0
92,1789131961.367493,lr/detect_head.decay,0.0
92,1789131961.367493,lr/detect_head.no_decay,0.0
92,1789131961.367493,lr/neck.decay,0.0
92,1789131961.367493,lr/neck.no_decay,0.0
92,1789131961.367493,lr/pose_head.decay,3.243967828418231e-06
92,1789131961.367493,lr/pose_head.no_decay,3.243967828418231e-06
92,1789131961.367493,pose/component_0,1.052551507949829
92,1789131961.367493,pose/component_1,0.026062440127134323
92,1789131961.367493,pose/component_2,0.008657609112560749
92,1789131961.367493,pose/component_3,0.5787138342857361
92,1789131961.367493,pose/component_4,0.0042883967980742455
92,1789131961.367493,pose/component_5,0.0
93,1789131961.5611458,amp/overflow_retries,0.0
93,1789131961.5611458,amp/scale,32.0
93,1789131961.5611458,gradient/clipped_norm,261.5103454589844
93,1789131961.5611458,images/detect,0.0
93,1789131961.5611458,images/pose,16.0
93,1789131961.5611458,loss/backward,69.70622253417969
93,1789131961.5611458,loss/detect_mean,0.0
93,1789131961.5611458,loss/joint_mean,1.0891597270965576
93,1789131961.5611458,loss/pose_mean,1.0891597270965576
93,1789131961.5611458,lr/attention.decay,0.0
93,1789131961.5611458,lr/attention.no_decay,0.0
93,1789131961.5611458,lr/backbone.decay,0.0
93,1789131961.5611458,lr/backbone.no_decay,0.0
93,1789131961.5611458,lr/detect_head.decay,0.0
93,1789131961.5611458,lr/detect_head.no_decay,0.0
93,1789131961.5611458,lr/neck.decay,0.0
93,1789131961.5611458,lr/neck.no_decay,0.0
93,1789131961.5611458,lr/pose_head.decay,3.2680965147453085e-06
93,1789131961.5611458,lr/pose_head.no_decay,3.2680965147453085e-06
93,1789131961.5611458,pose/component_0,0.7421600818634033
93,1789131961.5611458,pose/component_1,0.00972248986363411
93,1789131961.5611458,pose/component_2,0.0024315002374351025
93,1789131961.5611458,pose/component_3,0.39413806796073914
93,1789131961.5611458,pose/component_4,0.002259758999571204
93,1789131961.5611458,pose/component_5,0.0
94,1789131961.7542396,amp/overflow_retries,0.0
94,1789131961.7542396,amp/scale,32.0
94,1789131961.7542396,gradient/clipped_norm,3908.736083984375
94,1789131961.7542396,images/detect,0.0
94,1789131961.7542396,images/pose,16.0
94,1789131961.7542396,loss/backward,117.16077423095703
94,1789131961.7542396,loss/detect_mean,0.0
94,1789131961.7542396,loss/joint_mean,1.8306370973587036
94,1789131961.7542396,loss/pose_mean,1.8306370973587036
94,1789131961.7542396,lr/attention.decay,0.0
94,1789131961.7542396,lr/attention.no_decay,0.0
94,1789131961.7542396,lr/backbone.decay,0.0
94,1789131961.7542396,lr/backbone.no_decay,0.0
94,1789131961.7542396,lr/detect_head.decay,0.0
94,1789131961.7542396,lr/detect_head.no_decay,0.0
94,1789131961.7542396,lr/neck.decay,0.0
94,1789131961.7542396,lr/neck.no_decay,0.0
94,1789131961.7542396,lr/pose_head.decay,3.2922252010723864e-06
94,1789131961.7542396,lr/pose_head.no_decay,3.2922252010723864e-06
94,1789131961.7542396,pose/component_0,0.7255594730377197
94,1789131961.7542396,pose/component_1,0.04220407456159592
94,1789131961.7542396,pose/component_2,0.07581216841936111
94,1789131961.7542396,pose/component_3,0.463486909866333
94,1789131961.7542396,pose/component_4,0.002575694117695093
94,1789131961.7542396,pose/component_5,0.0
95,1789131961.947481,amp/overflow_retries,0.0
95,1789131961.947481,amp/scale,32.0
95,1789131961.947481,gradient/clipped_norm,363.3567810058594
95,1789131961.947481,images/detect,0.0
95,1789131961.947481,images/pose,16.0
95,1789131961.947481,loss/backward,77.37114715576172
95,1789131961.947481,loss/detect_mean,0.0
95,1789131961.947481,loss/joint_mean,1.2089241743087769
95,1789131961.947481,loss/pose_mean,1.2089241743087769
95,1789131961.947481,lr/attention.decay,0.0
95,1789131961.947481,lr/attention.no_decay,0.0
95,1789131961.947481,lr/backbone.decay,0.0
95,1789131961.947481,lr/backbone.no_decay,0.0
95,1789131961.947481,lr/detect_head.decay,0.0
95,1789131961.947481,lr/detect_head.no_decay,0.0
95,1789131961.947481,lr/neck.decay,0.0
95,1789131961.947481,lr/neck.no_decay,0.0
95,1789131961.947481,lr/pose_head.decay,3.316353887399464e-06
95,1789131961.947481,lr/pose_head.no_decay,3.316353887399464e-06
95,1789131961.947481,pose/component_0,0.8887996673583984
95,1789131961.947481,pose/component_1,0.012691032141447067
95,1789131961.947481,pose/component_2,0.0030047849286347628
95,1789131961.947481,pose/component_3,0.3707443177700043
95,1789131961.947481,pose/component_4,0.003672207472845912
95,1789131961.947481,pose/component_5,0.0
96,1789131962.1402378,amp/overflow_retries,0.0
96,1789131962.1402378,amp/scale,32.0
96,1789131962.1402378,gradient/clipped_norm,427.8586120605469
96,1789131962.1402378,images/detect,0.0
96,1789131962.1402378,images/pose,16.0
96,1789131962.1402378,loss/backward,71.75601196289062
96,1789131962.1402378,loss/detect_mean,0.0
96,1789131962.1402378,loss/joint_mean,1.121187686920166
96,1789131962.1402378,loss/pose_mean,1.121187686920166
96,1789131962.1402378,lr/attention.decay,0.0
96,1789131962.1402378,lr/attention.no_decay,0.0
96,1789131962.1402378,lr/backbone.decay,0.0
96,1789131962.1402378,lr/backbone.no_decay,0.0
96,1789131962.1402378,lr/detect_head.decay,0.0
96,1789131962.1402378,lr/detect_head.no_decay,0.0
96,1789131962.1402378,lr/neck.decay,0.0
96,1789131962.1402378,lr/neck.no_decay,0.0
96,1789131962.1402378,lr/pose_head.decay,3.3404825737265423e-06
96,1789131962.1402378,lr/pose_head.no_decay,3.3404825737265423e-06
96,1789131962.1402378,pose/component_0,0.7336901426315308
96,1789131962.1402378,pose/component_1,0.025119781494140625
96,1789131962.1402378,pose/component_2,0.009471631608903408
96,1789131962.1402378,pose/component_3,0.4576840400695801
96,1789131962.1402378,pose/component_4,0.002437832299619913
96,1789131962.1402378,pose/component_5,0.0
97,1789131962.334458,amp/overflow_retries,0.0
97,1789131962.334458,amp/scale,32.0
97,1789131962.334458,gradient/clipped_norm,444.32794189453125
97,1789131962.334458,images/detect,0.0
97,1789131962.334458,images/pose,16.0
97,1789131962.334458,loss/backward,95.24626159667969
97,1789131962.334458,loss/detect_mean,0.0
97,1789131962.334458,loss/joint_mean,1.4882228374481201
97,1789131962.334458,loss/pose_mean,1.4882228374481201
97,1789131962.334458,lr/attention.decay,0.0
97,1789131962.334458,lr/attention.no_decay,0.0
97,1789131962.334458,lr/backbone.decay,0.0
97,1789131962.334458,lr/backbone.no_decay,0.0
97,1789131962.334458,lr/detect_head.decay,0.0
97,1789131962.334458,lr/detect_head.no_decay,0.0
97,1789131962.334458,lr/neck.decay,0.0
97,1789131962.334458,lr/neck.no_decay,0.0
97,1789131962.334458,lr/pose_head.decay,3.3646112600536194e-06
97,1789131962.334458,lr/pose_head.no_decay,3.3646112600536194e-06
97,1789131962.334458,pose/component_0,0.9481381773948669
97,1789131962.334458,pose/component_1,0.019716471433639526
97,1789131962.334458,pose/component_2,0.00632568309083581
97,1789131962.334458,pose/component_3,0.5847455859184265
97,1789131962.334458,pose/component_4,0.00249230838380754
97,1789131962.334458,pose/component_5,0.0
98,1789131962.5279045,amp/overflow_retries,0.0
98,1789131962.5279045,amp/scale,32.0
98,1789131962.5279045,gradient/clipped_norm,262.97613525390625
98,1789131962.5279045,images/detect,0.0
98,1789131962.5279045,images/pose,16.0
98,1789131962.5279045,loss/backward,65.4211654663086
98,1789131962.5279045,loss/detect_mean,0.0
98,1789131962.5279045,loss/joint_mean,1.0222057104110718
98,1789131962.5279045,loss/pose_mean,1.0222057104110718
98,1789131962.5279045,lr/attention.decay,0.0
98,1789131962.5279045,lr/attention.no_decay,0.0
98,1789131962.5279045,lr/backbone.decay,0.0
98,1789131962.5279045,lr/backbone.no_decay,0.0
98,1789131962.5279045,lr/detect_head.decay,0.0
98,1789131962.5279045,lr/detect_head.no_decay,0.0
98,1789131962.5279045,lr/neck.decay,0.0
98,1789131962.5279045,lr/neck.no_decay,0.0
98,1789131962.5279045,lr/pose_head.decay,3.3887399463806974e-06
98,1789131962.5279045,lr/pose_head.no_decay,3.3887399463806974e-06
98,1789131962.5279045,pose/component_0,0.8052719831466675
98,1789131962.5279045,pose/component_1,0.015319445170462132
98,1789131962.5279045,pose/component_2,0.03840944543480873
98,1789131962.5279045,pose/component_3,0.2642640173435211
98,1789131962.5279045,pose/component_4,0.003050232771784067
98,1789131962.5279045,pose/component_5,0.0
99,1789131962.7206519,amp/overflow_retries,0.0
99,1789131962.7206519,amp/scale,32.0
99,1789131962.7206519,gradient/clipped_norm,319.548583984375
99,1789131962.7206519,images/detect,0.0
99,1789131962.7206519,images/pose,16.0
99,1789131962.7206519,loss/backward,72.74653625488281
99,1789131962.7206519,loss/detect_mean,0.0
99,1789131962.7206519,loss/joint_mean,1.136664628982544
99,1789131962.7206519,loss/pose_mean,1.136664628982544
99,1789131962.7206519,lr/attention.decay,0.0
99,1789131962.7206519,lr/attention.no_decay,0.0
99,1789131962.7206519,lr/backbone.decay,0.0
99,1789131962.7206519,lr/backbone.no_decay,0.0
99,1789131962.7206519,lr/detect_head.decay,0.0
99,1789131962.7206519,lr/detect_head.no_decay,0.0
99,1789131962.7206519,lr/neck.decay,0.0
99,1789131962.7206519,lr/neck.no_decay,0.0
99,1789131962.7206519,lr/pose_head.decay,3.4128686327077753e-06
99,1789131962.7206519,lr/pose_head.no_decay,3.4128686327077753e-06
99,1789131962.7206519,pose/component_0,0.8097006678581238
99,1789131962.7206519,pose/component_1,0.04834883660078049
99,1789131962.7206519,pose/component_2,0.016917698085308075
99,1789131962.7206519,pose/component_3,0.39903587102890015
99,1789131962.7206519,pose/component_4,0.0026314612478017807
99,1789131962.7206519,pose/component_5,0.0
100,1789131962.9137492,amp/overflow_retries,0.0
100,1789131962.9137492,amp/scale,32.0
100,1789131962.9137492,gradient/clipped_norm,391.3849182128906
100,1789131962.9137492,images/detect,0.0
100,1789131962.9137492,images/pose,16.0
100,1789131962.9137492,loss/backward,68.22579956054688
100,1789131962.9137492,loss/detect_mean,0.0
100,1789131962.9137492,loss/joint_mean,1.066028118133545
100,1789131962.9137492,loss/pose_mean,1.066028118133545
100,1789131962.9137492,lr/attention.decay,0.0
100,1789131962.9137492,lr/attention.no_decay,0.0
100,1789131962.9137492,lr/backbone.decay,0.0
100,1789131962.9137492,lr/backbone.no_decay,0.0
100,1789131962.9137492,lr/detect_head.decay,0.0
100,1789131962.9137492,lr/detect_head.no_decay,0.0
100,1789131962.9137492,lr/neck.decay,0.0
100,1789131962.9137492,lr/neck.no_decay,0.0
100,1789131962.9137492,lr/pose_head.decay,3.436997319034853e-06
100,1789131962.9137492,lr/pose_head.no_decay,3.436997319034853e-06
100,1789131962.9137492,pose/component_0,0.782011866569519
100,1789131962.9137492,pose/component_1,0.012375354766845703
100,1789131962.9137492,pose/component_2,0.0051549156196415424
100,1789131962.9137492,pose/component_3,0.2784446179866791
100,1789131962.9137492,pose/component_4,0.0024253572337329388
100,1789131962.9137492,pose/component_5,0.0
101,1789131963.1066687,amp/overflow_retries,0.0
101,1789131963.1066687,amp/scale,32.0
101,1789131963.1066687,gradient/clipped_norm,3766.85400390625
101,1789131963.1066687,images/detect,0.0
101,1789131963.1066687,images/pose,16.0
101,1789131963.1066687,loss/backward,58.4725227355957
101,1789131963.1066687,loss/detect_mean,0.0
101,1789131963.1066687,loss/joint_mean,0.9136331677436829
101,1789131963.1066687,loss/pose_mean,0.9136331677436829
101,1789131963.1066687,lr/attention.decay,0.0
101,1789131963.1066687,lr/attention.no_decay,0.0
101,1789131963.1066687,lr/backbone.decay,0.0
101,1789131963.1066687,lr/backbone.no_decay,0.0
101,1789131963.1066687,lr/detect_head.decay,0.0
101,1789131963.1066687,lr/detect_head.no_decay,0.0
101,1789131963.1066687,lr/neck.decay,0.0
101,1789131963.1066687,lr/neck.no_decay,0.0
101,1789131963.1066687,lr/pose_head.decay,3.4611260053619312e-06
101,1789131963.1066687,lr/pose_head.no_decay,3.4611260053619312e-06
101,1789131963.1066687,pose/component_0,0.5970011949539185
101,1789131963.1066687,pose/component_1,0.02020789124071598
101,1789131963.1066687,pose/component_2,0.03204050287604332
101,1789131963.1066687,pose/component_3,0.2671384811401367
101,1789131963.1066687,pose/component_4,0.004620044492185116
101,1789131963.1066687,pose/component_5,0.0
102,1789131963.3003132,amp/overflow_retries,0.0
102,1789131963.3003132,amp/scale,32.0
102,1789131963.3003132,gradient/clipped_norm,384.3609619140625
102,1789131963.3003132,images/detect,0.0
102,1789131963.3003132,images/pose,16.0
102,1789131963.3003132,loss/backward,98.50025177001953
102,1789131963.3003132,loss/detect_mean,0.0
102,1789131963.3003132,loss/joint_mean,1.5390664339065552
102,1789131963.3003132,loss/pose_mean,1.5390664339065552
102,1789131963.3003132,lr/attention.decay,0.0
102,1789131963.3003132,lr/attention.no_decay,0.0
102,1789131963.3003132,lr/backbone.decay,0.0
102,1789131963.3003132,lr/backbone.no_decay,0.0
102,1789131963.3003132,lr/detect_head.decay,0.0
102,1789131963.3003132,lr/detect_head.no_decay,0.0
102,1789131963.3003132,lr/neck.decay,0.0
102,1789131963.3003132,lr/neck.no_decay,0.0
102,1789131963.3003132,lr/pose_head.decay,3.4852546916890083e-06
102,1789131963.3003132,lr/pose_head.no_decay,3.4852546916890083e-06
102,1789131963.3003132,pose/component_0,1.1187145709991455
102,1789131963.3003132,pose/component_1,0.022320032119750977
102,1789131963.3003132,pose/component_2,0.058527640998363495
102,1789131963.3003132,pose/component_3,0.3621514141559601
102,1789131963.3003132,pose/component_4,0.0027292778249830008
102,1789131963.3003132,pose/component_5,0.0
103,1789131963.4933183,amp/overflow_retries,0.0
103,1789131963.4933183,amp/scale,32.0
103,1789131963.4933183,gradient/clipped_norm,420.95166015625
103,1789131963.4933183,images/detect,0.0
103,1789131963.4933183,images/pose,16.0
103,1789131963.4933183,loss/backward,88.48766326904297
103,1789131963.4933183,loss/detect_mean,0.0
103,1789131963.4933183,loss/joint_mean,1.3826197385787964
103,1789131963.4933183,loss/pose_mean,1.3826197385787964
103,1789131963.4933183,lr/attention.decay,0.0
103,1789131963.4933183,lr/attention.no_decay,0.0
103,1789131963.4933183,lr/backbone.decay,0.0
103,1789131963.4933183,lr/backbone.no_decay,0.0
103,1789131963.4933183,lr/detect_head.decay,0.0
103,1789131963.4933183,lr/detect_head.no_decay,0.0
103,1789131963.4933183,lr/neck.decay,0.0
103,1789131963.4933183,lr/neck.no_decay,0.0
103,1789131963.4933183,lr/pose_head.decay,3.5093833780160867e-06
103,1789131963.4933183,lr/pose_head.no_decay,3.5093833780160867e-06
103,1789131963.4933183,pose/component_0,1.0621039867401123
103,1789131963.4933183,pose/component_1,0.024953693151474
103,1789131963.4933183,pose/component_2,0.014174647629261017
103,1789131963.4933183,pose/component_3,0.42894241213798523
103,1789131963.4933183,pose/component_4,0.0019654175266623497
103,1789131963.4933183,pose/component_5,0.0
104,1789131963.6871145,amp/overflow_retries,0.0
104,1789131963.6871145,amp/scale,32.0
104,1789131963.6871145,gradient/clipped_norm,361.4308166503906
104,1789131963.6871145,images/detect,0.0
104,1789131963.6871145,images/pose,16.0
104,1789131963.6871145,loss/backward,70.0482406616211
104,1789131963.6871145,loss/detect_mean,0.0
104,1789131963.6871145,loss/joint_mean,1.0945037603378296
104,1789131963.6871145,loss/pose_mean,1.0945037603378296
104,1789131963.6871145,lr/attention.decay,0.0
104,1789131963.6871145,lr/attention.no_decay,0.0
104,1789131963.6871145,lr/backbone.decay,0.0
104,1789131963.6871145,lr/backbone.no_decay,0.0
104,1789131963.6871145,lr/detect_head.decay,0.0
104,1789131963.6871145,lr/detect_head.no_decay,0.0
104,1789131963.6871145,lr/neck.decay,0.0
104,1789131963.6871145,lr/neck.no_decay,0.0
104,1789131963.6871145,lr/pose_head.decay,3.5335120643431642e-06
104,1789131963.6871145,lr/pose_head.no_decay,3.5335120643431642e-06
104,1789131963.6871145,pose/component_0,0.8347211480140686
104,1789131963.6871145,pose/component_1,0.01646343432366848
104,1789131963.6871145,pose/component_2,0.0022260777186602354
104,1789131963.6871145,pose/component_3,0.2571604251861572
104,1789131963.6871145,pose/component_4,0.002214588224887848
104,1789131963.6871145,pose/component_5,0.0
105,1789131963.8802297,amp/overflow_retries,0.0
105,1789131963.8802297,amp/scale,32.0
105,1789131963.8802297,gradient/clipped_norm,270.18377685546875
105,1789131963.8802297,images/detect,0.0
105,1789131963.8802297,images/pose,16.0
105,1789131963.8802297,loss/backward,75.11458587646484
105,1789131963.8802297,loss/detect_mean,0.0
105,1789131963.8802297,loss/joint_mean,1.1736654043197632
105,1789131963.8802297,loss/pose_mean,1.1736654043197632
105,1789131963.8802297,lr/attention.decay,0.0
105,1789131963.8802297,lr/attention.no_decay,0.0
105,1789131963.8802297,lr/backbone.decay,0.0
105,1789131963.8802297,lr/backbone.no_decay,0.0
105,1789131963.8802297,lr/detect_head.decay,0.0
105,1789131963.8802297,lr/detect_head.no_decay,0.0
105,1789131963.8802297,lr/neck.decay,0.0
105,1789131963.8802297,lr/neck.no_decay,0.0
105,1789131963.8802297,lr/pose_head.decay,3.5576407506702413e-06
105,1789131963.8802297,lr/pose_head.no_decay,3.5576407506702413e-06
105,1789131963.8802297,pose/component_0,0.7607067227363586
105,1789131963.8802297,pose/component_1,0.017502758651971817
105,1789131963.8802297,pose/component_2,0.0008779002819210291
105,1789131963.8802297,pose/component_3,0.35294535756111145
105,1789131963.8802297,pose/component_4,0.0022955862805247307
105,1789131963.8802297,pose/component_5,0.0
106,1789131964.074417,amp/overflow_retries,0.0
106,1789131964.074417,amp/scale,32.0
106,1789131964.074417,gradient/clipped_norm,388.5107727050781
106,1789131964.074417,images/detect,0.0
106,1789131964.074417,images/pose,16.0
106,1789131964.074417,loss/backward,78.43467712402344
106,1789131964.074417,loss/detect_mean,0.0
106,1789131964.074417,loss/joint_mean,1.2255418300628662
106,1789131964.074417,loss/pose_mean,1.2255418300628662
106,1789131964.074417,lr/attention.decay,0.0
106,1789131964.074417,lr/attention.no_decay,0.0
106,1789131964.074417,lr/backbone.decay,0.0
106,1789131964.074417,lr/backbone.no_decay,0.0
106,1789131964.074417,lr/detect_head.decay,0.0
106,1789131964.074417,lr/detect_head.no_decay,0.0
106,1789131964.074417,lr/neck.decay,0.0
106,1789131964.074417,lr/neck.no_decay,0.0
106,1789131964.074417,lr/pose_head.decay,3.58176943699732e-06
106,1789131964.074417,lr/pose_head.no_decay,3.58176943699732e-06
106,1789131964.074417,pose/component_0,0.745823323726654
106,1789131964.074417,pose/component_1,0.025967419147491455
106,1789131964.074417,pose/component_2,0.13188394904136658
106,1789131964.074417,pose/component_3,0.5444260835647583
106,1789131964.074417,pose/component_4,0.0024096877314150333
106,1789131964.074417,pose/component_5,0.0
107,1789131964.2678623,amp/overflow_retries,0.0
107,1789131964.2678623,amp/scale,32.0
107,1789131964.2678623,gradient/clipped_norm,455.7647705078125
107,1789131964.2678623,images/detect,0.0
107,1789131964.2678623,images/pose,16.0
107,1789131964.2678623,loss/backward,97.8538818359375
107,1789131964.2678623,loss/detect_mean,0.0
107,1789131964.2678623,loss/joint_mean,1.5289669036865234
107,1789131964.2678623,loss/pose_mean,1.5289669036865234
107,1789131964.2678623,lr/attention.decay,0.0
107,1789131964.2678623,lr/attention.no_decay,0.0
107,1789131964.2678623,lr/backbone.decay,0.0
107,1789131964.2678623,lr/backbone.no_decay,0.0
107,1789131964.2678623,lr/detect_head.decay,0.0
107,1789131964.2678623,lr/detect_head.no_decay,0.0
107,1789131964.2678623,lr/neck.decay,0.0
107,1789131964.2678623,lr/neck.no_decay,0.0
107,1789131964.2678623,lr/pose_head.decay,3.6058981233243972e-06
107,1789131964.2678623,lr/pose_head.no_decay,3.6058981233243972e-06
107,1789131964.2678623,pose/component_0,1.2310067415237427
107,1789131964.2678623,pose/component_1,0.06426989287137985
107,1789131964.2678623,pose/component_2,0.04382308945059776
107,1789131964.2678623,pose/component_3,0.4212448000907898
107,1789131964.2678623,pose/component_4,0.0022692724596709013
107,1789131964.2678623,pose/component_5,0.0
108,1789131964.4608748,amp/overflow_retries,0.0
108,1789131964.4608748,amp/scale,32.0
108,1789131964.4608748,gradient/clipped_norm,323.6584777832031
108,1789131964.4608748,images/detect,0.0
108,1789131964.4608748,images/pose,16.0
108,1789131964.4608748,loss/backward,70.5751953125
108,1789131964.4608748,loss/detect_mean,0.0
108,1789131964.4608748,loss/joint_mean,1.1027374267578125
108,1789131964.4608748,loss/pose_mean,1.1027374267578125
108,1789131964.4608748,lr/attention.decay,0.0
108,1789131964.4608748,lr/attention.no_decay,0.0
108,1789131964.4608748,lr/backbone.decay,0.0
108,1789131964.4608748,lr/backbone.no_decay,0.0
108,1789131964.4608748,lr/detect_head.decay,0.0
108,1789131964.4608748,lr/detect_head.no_decay,0.0
108,1789131964.4608748,lr/neck.decay,0.0
108,1789131964.4608748,lr/neck.no_decay,0.0
108,1789131964.4608748,lr/pose_head.decay,3.6300268096514748e-06
108,1789131964.4608748,lr/pose_head.no_decay,3.6300268096514748e-06
108,1789131964.4608748,pose/component_0,0.8129723072052002
108,1789131964.4608748,pose/component_1,0.014178482815623283
108,1789131964.4608748,pose/component_2,0.03257041051983833
108,1789131964.4608748,pose/component_3,0.3937940001487732
108,1789131964.4608748,pose/component_4,0.002313351258635521
108,1789131964.4608748,pose/component_5,0.0
109,1789131964.6536593,amp/overflow_retries,0.0
109,1789131964.6536593,amp/scale,32.0
109,1789131964.6536593,gradient/clipped_norm,312.2973327636719
109,1789131964.6536593,images/detect,0.0
109,1789131964.6536593,images/pose,16.0
109,1789131964.6536593,loss/backward,82.64031982421875
109,1789131964.6536593,loss/detect_mean,0.0
109,1789131964.6536593,loss/joint_mean,1.291254997253418
109,1789131964.6536593,loss/pose_mean,1.291254997253418
109,1789131964.6536593,lr/attention.decay,0.0
109,1789131964.6536593,lr/attention.no_decay,0.0
109,1789131964.6536593,lr/backbone.decay,0.0
109,1789131964.6536593,lr/backbone.no_decay,0.0
109,1789131964.6536593,lr/detect_head.decay,0.0
109,1789131964.6536593,lr/detect_head.no_decay,0.0
109,1789131964.6536593,lr/neck.decay,0.0
109,1789131964.6536593,lr/neck.no_decay,0.0
109,1789131964.6536593,lr/pose_head.decay,3.654155495978553e-06
109,1789131964.6536593,lr/pose_head.no_decay,3.654155495978553e-06
109,1789131964.6536593,pose/component_0,0.9767759442329407
109,1789131964.6536593,pose/component_1,0.03481503576040268
109,1789131964.6536593,pose/component_2,0.0027011625934392214
109,1789131964.6536593,pose/component_3,0.5231135487556458
109,1789131964.6536593,pose/component_4,0.00472279591485858
109,1789131964.6536593,pose/component_5,0.0
110,1789131964.8473275,amp/overflow_retries,0.0
110,1789131964.8473275,amp/scale,32.0
110,1789131964.8473275,gradient/clipped_norm,2818.310546875
110,1789131964.8473275,images/detect,0.0
110,1789131964.8473275,images/pose,16.0
110,1789131964.8473275,loss/backward,77.39283752441406
110,1789131964.8473275,loss/detect_mean,0.0
110,1789131964.8473275,loss/joint_mean,1.2092630863189697
110,1789131964.8473275,loss/pose_mean,1.2092630863189697
110,1789131964.8473275,lr/attention.decay,0.0
110,1789131964.8473275,lr/attention.no_decay,0.0
110,1789131964.8473275,lr/backbone.decay,0.0
110,1789131964.8473275,lr/backbone.no_decay,0.0
110,1789131964.8473275,lr/detect_head.decay,0.0
110,1789131964.8473275,lr/detect_head.no_decay,0.0
110,1789131964.8473275,lr/neck.decay,0.0
110,1789131964.8473275,lr/neck.no_decay,0.0
110,1789131964.8473275,lr/pose_head.decay,3.6782841823056302e-06
110,1789131964.8473275,lr/pose_head.no_decay,3.6782841823056302e-06
110,1789131964.8473275,pose/component_0,0.8898288011550903
110,1789131964.8473275,pose/component_1,0.06268978118896484
110,1789131964.8473275,pose/component_2,0.0035612089559435844
110,1789131964.8473275,pose/component_3,0.44447949528694153
110,1789131964.8473275,pose/component_4,0.0030308521818369627
110,1789131964.8473275,pose/component_5,0.0
111,1789131965.0406384,amp/overflow_retries,0.0
111,1789131965.0406384,amp/scale,32.0
111,1789131965.0406384,gradient/clipped_norm,442.3785400390625
111,1789131965.0406384,images/detect,0.0
111,1789131965.0406384,images/pose,16.0
111,1789131965.0406384,loss/backward,102.65238952636719
111,1789131965.0406384,loss/detect_mean,0.0
111,1789131965.0406384,loss/joint_mean,1.6039435863494873
111,1789131965.0406384,loss/pose_mean,1.6039435863494873
111,1789131965.0406384,lr/attention.decay,0.0
111,1789131965.0406384,lr/attention.no_decay,0.0
111,1789131965.0406384,lr/backbone.decay,0.0
111,1789131965.0406384,lr/backbone.no_decay,0.0
111,1789131965.0406384,lr/detect_head.decay,0.0
111,1789131965.0406384,lr/detect_head.no_decay,0.0
111,1789131965.0406384,lr/neck.decay,0.0
111,1789131965.0406384,lr/neck.no_decay,0.0
111,1789131965.0406384,lr/pose_head.decay,3.7024128686327078e-06
111,1789131965.0406384,lr/pose_head.no_decay,3.7024128686327078e-06
111,1789131965.0406384,pose/component_0,0.9755299091339111
111,1789131965.0406384,pose/component_1,0.11533841490745544
111,1789131965.0406384,pose/component_2,0.011339051648974419
111,1789131965.0406384,pose/component_3,0.5052638053894043
111,1789131965.0406384,pose/component_4,0.002549228258430958
111,1789131965.0406384,pose/component_5,0.0
112,1789131965.2335393,amp/overflow_retries,0.0
112,1789131965.2335393,amp/scale,32.0
112,1789131965.2335393,gradient/clipped_norm,3376.8076171875
112,1789131965.2335393,images/detect,0.0
112,1789131965.2335393,images/pose,16.0
112,1789131965.2335393,loss/backward,94.849853515625
112,1789131965.2335393,loss/detect_mean,0.0
112,1789131965.2335393,loss/joint_mean,1.4820289611816406
112,1789131965.2335393,loss/pose_mean,1.4820289611816406
112,1789131965.2335393,lr/attention.decay,0.0
112,1789131965.2335393,lr/attention.no_decay,0.0
112,1789131965.2335393,lr/backbone.decay,0.0
112,1789131965.2335393,lr/backbone.no_decay,0.0
112,1789131965.2335393,lr/detect_head.decay,0.0
112,1789131965.2335393,lr/detect_head.no_decay,0.0
112,1789131965.2335393,lr/neck.decay,0.0
112,1789131965.2335393,lr/neck.no_decay,0.0
112,1789131965.2335393,lr/pose_head.decay,3.726541554959786e-06
112,1789131965.2335393,lr/pose_head.no_decay,3.726541554959786e-06
112,1789131965.2335393,pose/component_0,0.9508798718452454
112,1789131965.2335393,pose/component_1,0.03863246738910675
112,1789131965.2335393,pose/component_2,0.04903718829154968
112,1789131965.2335393,pose/component_3,0.4647042155265808
112,1789131965.2335393,pose/component_4,0.0024778242222964764
112,1789131965.2335393,pose/component_5,0.0
113,1789131965.4269545,amp/overflow_retries,0.0
113,1789131965.4269545,amp/scale,32.0
113,1789131965.4269545,gradient/clipped_norm,343.5074768066406
113,1789131965.4269545,images/detect,0.0
113,1789131965.4269545,images/pose,16.0
113,1789131965.4269545,loss/backward,83.79583740234375
113,1789131965.4269545,loss/detect_mean,0.0
113,1789131965.4269545,loss/joint_mean,1.309309959411621
113,1789131965.4269545,loss/pose_mean,1.309309959411621
113,1789131965.4269545,lr/attention.decay,0.0
113,1789131965.4269545,lr/attention.no_decay,0.0
113,1789131965.4269545,lr/backbone.decay,0.0
113,1789131965.4269545,lr/backbone.no_decay,0.0
113,1789131965.4269545,lr/detect_head.decay,0.0
113,1789131965.4269545,lr/detect_head.no_decay,0.0
113,1789131965.4269545,lr/neck.decay,0.0
113,1789131965.4269545,lr/neck.no_decay,0.0
113,1789131965.4269545,lr/pose_head.decay,3.7506702412868633e-06
113,1789131965.4269545,lr/pose_head.no_decay,3.7506702412868633e-06
113,1789131965.4269545,pose/component_0,0.9276362657546997
113,1789131965.4269545,pose/component_1,0.03405782952904701
113,1789131965.4269545,pose/component_2,0.014584233053028584
113,1789131965.4269545,pose/component_3,0.46495309472084045
113,1789131965.4269545,pose/component_4,0.0029095816425979137
113,1789131965.4269545,pose/component_5,0.0
114,1789131965.6203034,amp/overflow_retries,0.0
114,1789131965.6203034,amp/scale,32.0
114,1789131965.6203034,gradient/clipped_norm,360.9228820800781
114,1789131965.6203034,images/detect,0.0
114,1789131965.6203034,images/pose,16.0
114,1789131965.6203034,loss/backward,70.77275085449219
114,1789131965.6203034,loss/detect_mean,0.0
114,1789131965.6203034,loss/joint_mean,1.1058242321014404
114,1789131965.6203034,loss/pose_mean,1.1058242321014404
114,1789131965.6203034,lr/attention.decay,0.0
114,1789131965.6203034,lr/attention.no_decay,0.0
114,1789131965.6203034,lr/backbone.decay,0.0
114,1789131965.6203034,lr/backbone.no_decay,0.0
114,1789131965.6203034,lr/detect_head.decay,0.0
114,1789131965.6203034,lr/detect_head.no_decay,0.0
114,1789131965.6203034,lr/neck.decay,0.0
114,1789131965.6203034,lr/neck.no_decay,0.0
114,1789131965.6203034,lr/pose_head.decay,3.774798927613942e-06
114,1789131965.6203034,lr/pose_head.no_decay,3.774798927613942e-06
114,1789131965.6203034,pose/component_0,0.743516206741333
114,1789131965.6203034,pose/component_1,0.017817392945289612
114,1789131965.6203034,pose/component_2,0.01675598695874214
114,1789131965.6203034,pose/component_3,0.34759995341300964
114,1789131965.6203034,pose/component_4,0.0027090085204690695
114,1789131965.6203034,pose/component_5,0.0
115,1789131965.813814,amp/overflow_retries,0.0
115,1789131965.813814,amp/scale,32.0
115,1789131965.813814,gradient/clipped_norm,393.65716552734375
115,1789131965.813814,images/detect,0.0
115,1789131965.813814,images/pose,16.0
115,1789131965.813814,loss/backward,76.71781921386719
115,1789131965.813814,loss/detect_mean,0.0
115,1789131965.813814,loss/joint_mean,1.1987159252166748
115,1789131965.813814,loss/pose_mean,1.1987159252166748
115,1789131965.813814,lr/attention.decay,0.0
115,1789131965.813814,lr/attention.no_decay,0.0
115,1789131965.813814,lr/backbone.decay,0.0
115,1789131965.813814,lr/backbone.no_decay,0.0
115,1789131965.813814,lr/detect_head.decay,0.0
115,1789131965.813814,lr/detect_head.no_decay,0.0
115,1789131965.813814,lr/neck.decay,0.0
115,1789131965.813814,lr/neck.no_decay,0.0
115,1789131965.813814,lr/pose_head.decay,3.798927613941019e-06
115,1789131965.813814,lr/pose_head.no_decay,3.798927613941019e-06
115,1789131965.813814,pose/component_0,0.8249082565307617
115,1789131965.813814,pose/component_1,0.016675347462296486
115,1789131965.813814,pose/component_2,0.008729149587452412
115,1789131965.813814,pose/component_3,0.34080928564071655
115,1789131965.813814,pose/component_4,0.0028952539432793856
115,1789131965.813814,pose/component_5,0.0
116,1789131966.006771,amp/overflow_retries,0.0
116,1789131966.006771,amp/scale,32.0
116,1789131966.006771,gradient/clipped_norm,296.9190673828125
116,1789131966.006771,images/detect,0.0
116,1789131966.006771,images/pose,16.0
116,1789131966.006771,loss/backward,82.66058349609375
116,1789131966.006771,loss/detect_mean,0.0
116,1789131966.006771,loss/joint_mean,1.2915716171264648
116,1789131966.006771,loss/pose_mean,1.2915716171264648
116,1789131966.006771,lr/attention.decay,0.0
116,1789131966.006771,lr/attention.no_decay,0.0
116,1789131966.006771,lr/backbone.decay,0.0
116,1789131966.006771,lr/backbone.no_decay,0.0
116,1789131966.006771,lr/detect_head.decay,0.0
116,1789131966.006771,lr/detect_head.no_decay,0.0
116,1789131966.006771,lr/neck.decay,0.0
116,1789131966.006771,lr/neck.no_decay,0.0
116,1789131966.006771,lr/pose_head.decay,3.823056300268096e-06
116,1789131966.006771,lr/pose_head.no_decay,3.823056300268096e-06
116,1789131966.006771,pose/component_0,1.0400245189666748
116,1789131966.006771,pose/component_1,0.03710305690765381
116,1789131966.006771,pose/component_2,0.004461188334971666
116,1789131966.006771,pose/component_3,0.4284929037094116
116,1789131966.006771,pose/component_4,0.002799615263938904
116,1789131966.006771,pose/component_5,0.0
117,1789131966.1996596,amp/overflow_retries,0.0
117,1789131966.1996596,amp/scale,32.0
117,1789131966.1996596,gradient/clipped_norm,402.68511962890625
117,1789131966.1996596,images/detect,0.0
117,1789131966.1996596,images/pose,16.0
117,1789131966.1996596,loss/backward,73.11783599853516
117,1789131966.1996596,loss/detect_mean,0.0
117,1789131966.1996596,loss/joint_mean,1.1424661874771118
117,1789131966.1996596,loss/pose_mean,1.1424661874771118
117,1789131966.1996596,lr/attention.decay,0.0
117,1789131966.1996596,lr/attention.no_decay,0.0
117,1789131966.1996596,lr/backbone.decay,0.0
117,1789131966.1996596,lr/backbone.no_decay,0.0
117,1789131966.1996596,lr/detect_head.decay,0.0
117,1789131966.1996596,lr/detect_head.no_decay,0.0
117,1789131966.1996596,lr/neck.decay,0.0
117,1789131966.1996596,lr/neck.no_decay,0.0
117,1789131966.1996596,lr/pose_head.decay,3.847184986595175e-06
117,1789131966.1996596,lr/pose_head.no_decay,3.847184986595175e-06
117,1789131966.1996596,pose/component_0,0.7353293299674988
117,1789131966.1996596,pose/component_1,0.012796076014637947
117,1789131966.1996596,pose/component_2,0.01615154929459095
117,1789131966.1996596,pose/component_3,0.24117746949195862
117,1789131966.1996596,pose/component_4,0.001891185762360692
117,1789131966.1996596,pose/component_5,0.0
118,1789131966.392832,amp/overflow_retries,0.0
118,1789131966.392832,amp/scale,32.0
118,1789131966.392832,gradient/clipped_norm,296.63885498046875
118,1789131966.392832,images/detect,0.0
118,1789131966.392832,images/pose,16.0
118,1789131966.392832,loss/backward,76.39146423339844
118,1789131966.392832,loss/detect_mean,0.0
118,1789131966.392832,loss/joint_mean,1.1936166286468506
118,1789131966.392832,loss/pose_mean,1.1936166286468506
118,1789131966.392832,lr/attention.decay,0.0
118,1789131966.392832,lr/attention.no_decay,0.0
118,1789131966.392832,lr/backbone.decay,0.0
118,1789131966.392832,lr/backbone.no_decay,0.0
118,1789131966.392832,lr/detect_head.decay,0.0
118,1789131966.392832,lr/detect_head.no_decay,0.0
118,1789131966.392832,lr/neck.decay,0.0
118,1789131966.392832,lr/neck.no_decay,0.0
118,1789131966.392832,lr/pose_head.decay,3.871313672922252e-06
118,1789131966.392832,lr/pose_head.no_decay,3.871313672922252e-06
118,1789131966.392832,pose/component_0,0.8067933917045593
118,1789131966.392832,pose/component_1,0.01815430074930191
118,1789131966.392832,pose/component_2,0.0025688628666102886
118,1789131966.392832,pose/component_3,0.2394527792930603
118,1789131966.392832,pose/component_4,0.0031149121932685375
118,1789131966.392832,pose/component_5,0.0
119,1789131966.5856638,amp/overflow_retries,0.0
119,1789131966.5856638,amp/scale,32.0
119,1789131966.5856638,gradient/clipped_norm,3245.909423828125
119,1789131966.5856638,images/detect,0.0
119,1789131966.5856638,images/pose,16.0
119,1789131966.5856638,loss/backward,133.6345672607422
119,1789131966.5856638,loss/detect_mean,0.0
119,1789131966.5856638,loss/joint_mean,2.0880401134490967
119,1789131966.5856638,loss/pose_mean,2.0880401134490967
119,1789131966.5856638,lr/attention.decay,0.0
119,1789131966.5856638,lr/attention.no_decay,0.0
119,1789131966.5856638,lr/backbone.decay,0.0
119,1789131966.5856638,lr/backbone.no_decay,0.0
119,1789131966.5856638,lr/detect_head.decay,0.0
119,1789131966.5856638,lr/detect_head.no_decay,0.0
119,1789131966.5856638,lr/neck.decay,0.0
119,1789131966.5856638,lr/neck.no_decay,0.0
119,1789131966.5856638,lr/pose_head.decay,3.895442359249331e-06
119,1789131966.5856638,lr/pose_head.no_decay,3.895442359249331e-06
119,1789131966.5856638,pose/component_0,1.0786539316177368
119,1789131966.5856638,pose/component_1,0.02801528573036194
119,1789131966.5856638,pose/component_2,0.03833140805363655
119,1789131966.5856638,pose/component_3,0.5726726055145264
119,1789131966.5856638,pose/component_4,0.0033751027658581734
119,1789131966.5856638,pose/component_5,0.0
120,1789131966.7785296,amp/overflow_retries,0.0
120,1789131966.7785296,amp/scale,32.0
120,1789131966.7785296,gradient/clipped_norm,353.0020446777344
120,1789131966.7785296,images/detect,0.0
120,1789131966.7785296,images/pose,16.0
120,1789131966.7785296,loss/backward,85.09233093261719
120,1789131966.7785296,loss/detect_mean,0.0
120,1789131966.7785296,loss/joint_mean,1.3295676708221436
120,1789131966.7785296,loss/pose_mean,1.3295676708221436
120,1789131966.7785296,lr/attention.decay,0.0
120,1789131966.7785296,lr/attention.no_decay,0.0
120,1789131966.7785296,lr/backbone.decay,0.0
120,1789131966.7785296,lr/backbone.no_decay,0.0
120,1789131966.7785296,lr/detect_head.decay,0.0
120,1789131966.7785296,lr/detect_head.no_decay,0.0
120,1789131966.7785296,lr/neck.decay,0.0
120,1789131966.7785296,lr/neck.no_decay,0.0
120,1789131966.7785296,lr/pose_head.decay,3.919571045576408e-06
120,1789131966.7785296,lr/pose_head.no_decay,3.919571045576408e-06
120,1789131966.7785296,pose/component_0,0.9080455303192139
120,1789131966.7785296,pose/component_1,0.016747750341892242
120,1789131966.7785296,pose/component_2,0.032649654895067215
120,1789131966.7785296,pose/component_3,0.33529233932495117
120,1789131966.7785296,pose/component_4,0.002391386078670621
120,1789131966.7785296,pose/component_5,0.0
121,1789131966.9718714,amp/overflow_retries,0.0
121,1789131966.9718714,amp/scale,32.0
121,1789131966.9718714,gradient/clipped_norm,322.0379333496094
121,1789131966.9718714,images/detect,0.0
121,1789131966.9718714,images/pose,16.0
121,1789131966.9718714,loss/backward,74.03038787841797
121,1789131966.9718714,loss/detect_mean,0.0
121,1789131966.9718714,loss/joint_mean,1.1567248106002808
121,1789131966.9718714,loss/pose_mean,1.1567248106002808
121,1789131966.9718714,lr/attention.decay,0.0
121,1789131966.9718714,lr/attention.no_decay,0.0
121,1789131966.9718714,lr/backbone.decay,0.0
121,1789131966.9718714,lr/backbone.no_decay,0.0
121,1789131966.9718714,lr/detect_head.decay,0.0
121,1789131966.9718714,lr/detect_head.no_decay,0.0
121,1789131966.9718714,lr/neck.decay,0.0
121,1789131966.9718714,lr/neck.no_decay,0.0
121,1789131966.9718714,lr/pose_head.decay,3.943699731903485e-06
121,1789131966.9718714,lr/pose_head.no_decay,3.943699731903485e-06
121,1789131966.9718714,pose/component_0,0.7913611531257629
121,1789131966.9718714,pose/component_1,0.02372267097234726
121,1789131966.9718714,pose/component_2,0.0046282364055514336
121,1789131966.9718714,pose/component_3,0.3560381531715393
121,1789131966.9718714,pose/component_4,0.0023410653229802847
121,1789131966.9718714,pose/component_5,0.0
122,1789131967.1649194,amp/overflow_retries,0.0
122,1789131967.1649194,amp/scale,32.0
122,1789131967.1649194,gradient/clipped_norm,401.812255859375
122,1789131967.1649194,images/detect,0.0
122,1789131967.1649194,images/pose,16.0
122,1789131967.1649194,loss/backward,81.79771423339844
122,1789131967.1649194,loss/detect_mean,0.0
122,1789131967.1649194,loss/joint_mean,1.2780892848968506
122,1789131967.1649194,loss/pose_mean,1.2780892848968506
122,1789131967.1649194,lr/attention.decay,0.0
122,1789131967.1649194,lr/attention.no_decay,0.0
122,1789131967.1649194,lr/backbone.decay,0.0
122,1789131967.1649194,lr/backbone.no_decay,0.0
122,1789131967.1649194,lr/detect_head.decay,0.0
122,1789131967.1649194,lr/detect_head.no_decay,0.0
122,1789131967.1649194,lr/neck.decay,0.0
122,1789131967.1649194,lr/neck.no_decay,0.0
122,1789131967.1649194,lr/pose_head.decay,3.967828418230564e-06
122,1789131967.1649194,lr/pose_head.no_decay,3.967828418230564e-06
122,1789131967.1649194,pose/component_0,0.8722341060638428
122,1789131967.1649194,pose/component_1,0.0149613618850708
122,1789131967.1649194,pose/component_2,0.0020285670179873705
122,1789131967.1649194,pose/component_3,0.4027664065361023
122,1789131967.1649194,pose/component_4,0.0034958738833665848
122,1789131967.1649194,pose/component_5,0.0
123,1789131967.3586638,amp/overflow_retries,0.0
123,1789131967.3586638,amp/scale,32.0
123,1789131967.3586638,gradient/clipped_norm,315.9853820800781
123,1789131967.3586638,images/detect,0.0
123,1789131967.3586638,images/pose,16.0
123,1789131967.3586638,loss/backward,62.313812255859375
123,1789131967.3586638,loss/detect_mean,0.0
123,1789131967.3586638,loss/joint_mean,0.9736533164978027
123,1789131967.3586638,loss/pose_mean,0.9736533164978027
123,1789131967.3586638,lr/attention.decay,0.0
123,1789131967.3586638,lr/attention.no_decay,0.0
123,1789131967.3586638,lr/backbone.decay,0.0
123,1789131967.3586638,lr/backbone.no_decay,0.0
123,1789131967.3586638,lr/detect_head.decay,0.0
123,1789131967.3586638,lr/detect_head.no_decay,0.0
123,1789131967.3586638,lr/neck.decay,0.0
123,1789131967.3586638,lr/neck.no_decay,0.0
123,1789131967.3586638,lr/pose_head.decay,3.991957104557641e-06
123,1789131967.3586638,lr/pose_head.no_decay,3.991957104557641e-06
123,1789131967.3586638,pose/component_0,0.6646336913108826
123,1789131967.3586638,pose/component_1,0.02087753266096115
123,1789131967.3586638,pose/component_2,0.005046819802373648
123,1789131967.3586638,pose/component_3,0.40093204379081726
123,1789131967.3586638,pose/component_4,0.0027527010533958673
123,1789131967.3586638,pose/component_5,0.0
124,1789131967.5519505,amp/overflow_retries,0.0
124,1789131967.5519505,amp/scale,32.0
124,1789131967.5519505,gradient/clipped_norm,274.6338195800781
124,1789131967.5519505,images/detect,0.0
124,1789131967.5519505,images/pose,16.0
124,1789131967.5519505,loss/backward,72.20990753173828
124,1789131967.5519505,loss/detect_mean,0.0
124,1789131967.5519505,loss/joint_mean,1.1282798051834106
124,1789131967.5519505,loss/pose_mean,1.1282798051834106
124,1789131967.5519505,lr/attention.decay,0.0
124,1789131967.5519505,lr/attention.no_decay,0.0
124,1789131967.5519505,lr/backbone.decay,0.0
124,1789131967.5519505,lr/backbone.no_decay,0.0
124,1789131967.5519505,lr/detect_head.decay,0.0
124,1789131967.5519505,lr/detect_head.no_decay,0.0
124,1789131967.5519505,lr/neck.decay,0.0
124,1789131967.5519505,lr/neck.no_decay,0.0
124,1789131967.5519505,lr/pose_head.decay,4.01608579088472e-06
124,1789131967.5519505,lr/pose_head.no_decay,4.01608579088472e-06
124,1789131967.5519505,pose/component_0,0.7581551671028137
124,1789131967.5519505,pose/component_1,0.022691883146762848
124,1789131967.5519505,pose/component_2,0.06132888421416283
124,1789131967.5519505,pose/component_3,0.3175811171531677
124,1789131967.5519505,pose/component_4,0.0028133501764386892
124,1789131967.5519505,pose/component_5,0.0
125,1789131967.7455363,amp/overflow_retries,0.0
125,1789131967.7455363,amp/scale,32.0
125,1789131967.7455363,gradient/clipped_norm,382.11932373046875
125,1789131967.7455363,images/detect,0.0
125,1789131967.7455363,images/pose,16.0
125,1789131967.7455363,loss/backward,85.07160949707031
125,1789131967.7455363,loss/detect_mean,0.0
125,1789131967.7455363,loss/joint_mean,1.3292438983917236
125,1789131967.7455363,loss/pose_mean,1.3292438983917236
125,1789131967.7455363,lr/attention.decay,0.0
125,1789131967.7455363,lr/attention.no_decay,0.0
125,1789131967.7455363,lr/backbone.decay,0.0
125,1789131967.7455363,lr/backbone.no_decay,0.0
125,1789131967.7455363,lr/detect_head.decay,0.0
125,1789131967.7455363,lr/detect_head.no_decay,0.0
125,1789131967.7455363,lr/neck.decay,0.0
125,1789131967.7455363,lr/neck.no_decay,0.0
125,1789131967.7455363,lr/pose_head.decay,4.040214477211797e-06
125,1789131967.7455363,lr/pose_head.no_decay,4.040214477211797e-06
125,1789131967.7455363,pose/component_0,0.9394298791885376
125,1789131967.7455363,pose/component_1,0.019037440419197083
125,1789131967.7455363,pose/component_2,0.010948505252599716
125,1789131967.7455363,pose/component_3,0.3646426200866699
125,1789131967.7455363,pose/component_4,0.0021208564285188913
125,1789131967.7455363,pose/component_5,0.0
126,1789131967.9387512,amp/overflow_retries,0.0
126,1789131967.9387512,amp/scale,32.0
126,1789131967.9387512,gradient/clipped_norm,369.1824035644531
126,1789131967.9387512,images/detect,0.0
126,1789131967.9387512,images/pose,16.0
126,1789131967.9387512,loss/backward,78.52726745605469
126,1789131967.9387512,loss/detect_mean,0.0
126,1789131967.9387512,loss/joint_mean,1.2269885540008545
126,1789131967.9387512,loss/pose_mean,1.2269885540008545
126,1789131967.9387512,lr/attention.decay,0.0
126,1789131967.9387512,lr/attention.no_decay,0.0
126,1789131967.9387512,lr/backbone.decay,0.0
126,1789131967.9387512,lr/backbone.no_decay,0.0
126,1789131967.9387512,lr/detect_head.decay,0.0
126,1789131967.9387512,lr/detect_head.no_decay,0.0
126,1789131967.9387512,lr/neck.decay,0.0
126,1789131967.9387512,lr/neck.no_decay,0.0
126,1789131967.9387512,lr/pose_head.decay,4.064343163538874e-06
126,1789131967.9387512,lr/pose_head.no_decay,4.064343163538874e-06
126,1789131967.9387512,pose/component_0,0.8413534164428711
126,1789131967.9387512,pose/component_1,0.039021529257297516
126,1789131967.9387512,pose/component_2,0.0039438847452402115
126,1789131967.9387512,pose/component_3,0.4313969612121582
126,1789131967.9387512,pose/component_4,0.0025314297527074814
126,1789131967.9387512,pose/component_5,0.0
127,1789131968.132315,amp/overflow_retries,0.0
127,1789131968.132315,amp/scale,32.0
127,1789131968.132315,gradient/clipped_norm,311.9964294433594
127,1789131968.132315,images/detect,0.0
127,1789131968.132315,images/pose,16.0
127,1789131968.132315,loss/backward,61.455047607421875
127,1789131968.132315,loss/detect_mean,0.0
127,1789131968.132315,loss/joint_mean,0.9602351188659668
127,1789131968.132315,loss/pose_mean,0.9602351188659668
127,1789131968.132315,lr/attention.decay,0.0
127,1789131968.132315,lr/attention.no_decay,0.0
127,1789131968.132315,lr/backbone.decay,0.0
127,1789131968.132315,lr/backbone.no_decay,0.0
127,1789131968.132315,lr/detect_head.decay,0.0
127,1789131968.132315,lr/detect_head.no_decay,0.0
127,1789131968.132315,lr/neck.decay,0.0
127,1789131968.132315,lr/neck.no_decay,0.0
127,1789131968.132315,lr/pose_head.decay,4.088471849865953e-06
127,1789131968.132315,lr/pose_head.no_decay,4.088471849865953e-06
127,1789131968.132315,pose/component_0,0.627886176109314
127,1789131968.132315,pose/component_1,0.011165076866745949
127,1789131968.132315,pose/component_2,0.003668870311230421
127,1789131968.132315,pose/component_3,0.26414063572883606
127,1789131968.132315,pose/component_4,0.0020680134184658527
127,1789131968.132315,pose/component_5,0.0
128,1789131968.3251116,amp/overflow_retries,0.0
128,1789131968.3251116,amp/scale,32.0
128,1789131968.3251116,gradient/clipped_norm,333.31427001953125
128,1789131968.3251116,images/detect,0.0
128,1789131968.3251116,images/pose,16.0
128,1789131968.3251116,loss/backward,80.73827362060547
128,1789131968.3251116,loss/detect_mean,0.0
128,1789131968.3251116,loss/joint_mean,1.2615355253219604
128,1789131968.3251116,loss/pose_mean,1.2615355253219604
128,1789131968.3251116,lr/attention.decay,0.0
128,1789131968.3251116,lr/attention.no_decay,0.0
128,1789131968.3251116,lr/backbone.decay,0.0
128,1789131968.3251116,lr/backbone.no_decay,0.0
128,1789131968.3251116,lr/detect_head.decay,0.0
128,1789131968.3251116,lr/detect_head.no_decay,0.0
128,1789131968.3251116,lr/neck.decay,0.0
128,1789131968.3251116,lr/neck.no_decay,0.0
128,1789131968.3251116,lr/pose_head.decay,4.11260053619303e-06
128,1789131968.3251116,lr/pose_head.no_decay,4.11260053619303e-06
128,1789131968.3251116,pose/component_0,0.9621418714523315
128,1789131968.3251116,pose/component_1,0.08822652697563171
128,1789131968.3251116,pose/component_2,0.004641565959900618
128,1789131968.3251116,pose/component_3,0.39851900935173035
128,1789131968.3251116,pose/component_4,0.0023857811465859413
128,1789131968.3251116,pose/component_5,0.0
129,1789131968.5181391,amp/overflow_retries,0.0
129,1789131968.5181391,amp/scale,32.0
129,1789131968.5181391,gradient/clipped_norm,349.9591979980469
129,1789131968.5181391,images/detect,0.0
129,1789131968.5181391,images/pose,16.0
129,1789131968.5181391,loss/backward,66.06008911132812
129,1789131968.5181391,loss/detect_mean,0.0
129,1789131968.5181391,loss/joint_mean,1.032188892364502
129,1789131968.5181391,loss/pose_mean,1.032188892364502
129,1789131968.5181391,lr/attention.decay,0.0
129,1789131968.5181391,lr/attention.no_decay,0.0
129,1789131968.5181391,lr/backbone.decay,0.0
129,1789131968.5181391,lr/backbone.no_decay,0.0
129,1789131968.5181391,lr/detect_head.decay,0.0
129,1789131968.5181391,lr/detect_head.no_decay,0.0
129,1789131968.5181391,lr/neck.decay,0.0
129,1789131968.5181391,lr/neck.no_decay,0.0
129,1789131968.5181391,lr/pose_head.decay,4.136729222520108e-06
129,1789131968.5181391,lr/pose_head.no_decay,4.136729222520108e-06
129,1789131968.5181391,pose/component_0,0.7405995726585388
129,1789131968.5181391,pose/component_1,0.021342962980270386
129,1789131968.5181391,pose/component_2,0.008013431914150715
129,1789131968.5181391,pose/component_3,0.3805188834667206
129,1789131968.5181391,pose/component_4,0.0022518306504935026
129,1789131968.5181391,pose/component_5,0.0
130,1789131968.7109663,amp/overflow_retries,0.0
130,1789131968.7109663,amp/scale,32.0
130,1789131968.7109663,gradient/clipped_norm,326.7670593261719
130,1789131968.7109663,images/detect,0.0
130,1789131968.7109663,images/pose,16.0
130,1789131968.7109663,loss/backward,80.58686828613281
130,1789131968.7109663,loss/detect_mean,0.0
130,1789131968.7109663,loss/joint_mean,1.2591698169708252
130,1789131968.7109663,loss/pose_mean,1.2591698169708252
130,1789131968.7109663,lr/attention.decay,0.0
130,1789131968.7109663,lr/attention.no_decay,0.0
130,1789131968.7109663,lr/backbone.decay,0.0
130,1789131968.7109663,lr/backbone.no_decay,0.0
130,1789131968.7109663,lr/detect_head.decay,0.0
130,1789131968.7109663,lr/detect_head.no_decay,0.0
130,1789131968.7109663,lr/neck.decay,0.0
130,1789131968.7109663,lr/neck.no_decay,0.0
130,1789131968.7109663,lr/pose_head.decay,4.160857908847186e-06
130,1789131968.7109663,lr/pose_head.no_decay,4.160857908847186e-06
130,1789131968.7109663,pose/component_0,0.8385661244392395
130,1789131968.7109663,pose/component_1,0.02982872910797596
130,1789131968.7109663,pose/component_2,0.0016258459072560072
130,1789131968.7109663,pose/component_3,0.3668126165866852
130,1789131968.7109663,pose/component_4,0.002156016882508993
130,1789131968.7109663,pose/component_5,0.0
131,1789131968.9037256,amp/overflow_retries,0.0
131,1789131968.9037256,amp/scale,32.0
131,1789131968.9037256,gradient/clipped_norm,389.38232421875
131,1789131968.9037256,images/detect,0.0
131,1789131968.9037256,images/pose,16.0
131,1789131968.9037256,loss/backward,81.03053283691406
131,1789131968.9037256,loss/detect_mean,0.0
131,1789131968.9037256,loss/joint_mean,1.2661020755767822
131,1789131968.9037256,loss/pose_mean,1.2661020755767822
131,1789131968.9037256,lr/attention.decay,0.0
131,1789131968.9037256,lr/attention.no_decay,0.0
131,1789131968.9037256,lr/backbone.decay,0.0
131,1789131968.9037256,lr/backbone.no_decay,0.0
131,1789131968.9037256,lr/detect_head.decay,0.0
131,1789131968.9037256,lr/detect_head.no_decay,0.0
131,1789131968.9037256,lr/neck.decay,0.0
131,1789131968.9037256,lr/neck.no_decay,0.0
131,1789131968.9037256,lr/pose_head.decay,4.184986595174263e-06
131,1789131968.9037256,lr/pose_head.no_decay,4.184986595174263e-06
131,1789131968.9037256,pose/component_0,0.9335461258888245
131,1789131968.9037256,pose/component_1,0.02412879467010498
131,1789131968.9037256,pose/component_2,0.0047019184567034245
131,1789131968.9037256,pose/component_3,0.3782532215118408
131,1789131968.9037256,pose/component_4,0.002668808214366436
131,1789131968.9037256,pose/component_5,0.0
132,1789131969.0983078,amp/overflow_retries,0.0
132,1789131969.0983078,amp/scale,32.0
132,1789131969.0983078,gradient/clipped_norm,314.0245666503906
132,1789131969.0983078,images/detect,0.0
132,1789131969.0983078,images/pose,16.0
132,1789131969.0983078,loss/backward,77.31953430175781
132,1789131969.0983078,loss/detect_mean,0.0
132,1789131969.0983078,loss/joint_mean,1.2081177234649658
132,1789131969.0983078,loss/pose_mean,1.2081177234649658
132,1789131969.0983078,lr/attention.decay,0.0
132,1789131969.0983078,lr/attention.no_decay,0.0
132,1789131969.0983078,lr/backbone.decay,0.0
132,1789131969.0983078,lr/backbone.no_decay,0.0
132,1789131969.0983078,lr/detect_head.decay,0.0
132,1789131969.0983078,lr/detect_head.no_decay,0.0
132,1789131969.0983078,lr/neck.decay,0.0
132,1789131969.0983078,lr/neck.no_decay,0.0
132,1789131969.0983078,lr/pose_head.decay,4.209115281501342e-06
132,1789131969.0983078,lr/pose_head.no_decay,4.209115281501342e-06
132,1789131969.0983078,pose/component_0,0.8269167542457581
132,1789131969.0983078,pose/component_1,0.029993362724781036
132,1789131969.0983078,pose/component_2,0.0038817545864731073
132,1789131969.0983078,pose/component_3,0.3295557498931885
132,1789131969.0983078,pose/component_4,0.002950314898043871
132,1789131969.0983078,pose/component_5,0.0
133,1789131969.2915518,amp/overflow_retries,0.0
133,1789131969.2915518,amp/scale,32.0
133,1789131969.2915518,gradient/clipped_norm,396.9185485839844
133,1789131969.2915518,images/detect,0.0
133,1789131969.2915518,images/pose,16.0
133,1789131969.2915518,loss/backward,90.3048095703125
133,1789131969.2915518,loss/detect_mean,0.0
133,1789131969.2915518,loss/joint_mean,1.4110126495361328
133,1789131969.2915518,loss/pose_mean,1.4110126495361328
133,1789131969.2915518,lr/attention.decay,0.0
133,1789131969.2915518,lr/attention.no_decay,0.0
133,1789131969.2915518,lr/backbone.decay,0.0
133,1789131969.2915518,lr/backbone.no_decay,0.0
133,1789131969.2915518,lr/detect_head.decay,0.0
133,1789131969.2915518,lr/detect_head.no_decay,0.0
133,1789131969.2915518,lr/neck.decay,0.0
133,1789131969.2915518,lr/neck.no_decay,0.0
133,1789131969.2915518,lr/pose_head.decay,4.233243967828419e-06
133,1789131969.2915518,lr/pose_head.no_decay,4.233243967828419e-06
133,1789131969.2915518,pose/component_0,0.785397469997406
133,1789131969.2915518,pose/component_1,0.1185794472694397
133,1789131969.2915518,pose/component_2,0.07744654268026352
133,1789131969.2915518,pose/component_3,0.45739665627479553
133,1789131969.2915518,pose/component_4,0.002182204043492675
133,1789131969.2915518,pose/component_5,0.0
134,1789131969.48549,amp/overflow_retries,0.0
134,1789131969.48549,amp/scale,32.0
134,1789131969.48549,gradient/clipped_norm,310.2406005859375
134,1789131969.48549,images/detect,0.0
134,1789131969.48549,images/pose,16.0
134,1789131969.48549,loss/backward,74.00839233398438
134,1789131969.48549,loss/detect_mean,0.0
134,1789131969.48549,loss/joint_mean,1.1563811302185059
134,1789131969.48549,loss/pose_mean,1.1563811302185059
134,1789131969.48549,lr/attention.decay,0.0
134,1789131969.48549,lr/attention.no_decay,0.0
134,1789131969.48549,lr/backbone.decay,0.0
134,1789131969.48549,lr/backbone.no_decay,0.0
134,1789131969.48549,lr/detect_head.decay,0.0
134,1789131969.48549,lr/detect_head.no_decay,0.0
134,1789131969.48549,lr/neck.decay,0.0
134,1789131969.48549,lr/neck.no_decay,0.0
134,1789131969.48549,lr/pose_head.decay,4.257372654155497e-06
134,1789131969.48549,lr/pose_head.no_decay,4.257372654155497e-06
134,1789131969.48549,pose/component_0,0.7491644024848938
134,1789131969.48549,pose/component_1,0.01836119405925274
134,1789131969.48549,pose/component_2,0.06435012072324753
134,1789131969.48549,pose/component_3,0.34077876806259155
134,1789131969.48549,pose/component_4,0.0025905536022037268
134,1789131969.48549,pose/component_5,0.0
135,1789131969.678296,amp/overflow_retries,0.0
135,1789131969.678296,amp/scale,32.0
135,1789131969.678296,gradient/clipped_norm,478.0336608886719
135,1789131969.678296,images/detect,0.0
135,1789131969.678296,images/pose,16.0
135,1789131969.678296,loss/backward,74.81597137451172
135,1789131969.678296,loss/detect_mean,0.0
135,1789131969.678296,loss/joint_mean,1.1689995527267456
135,1789131969.678296,loss/pose_mean,1.1689995527267456
135,1789131969.678296,lr/attention.decay,0.0
135,1789131969.678296,lr/attention.no_decay,0.0
135,1789131969.678296,lr/backbone.decay,0.0
135,1789131969.678296,lr/backbone.no_decay,0.0
135,1789131969.678296,lr/detect_head.decay,0.0
135,1789131969.678296,lr/detect_head.no_decay,0.0
135,1789131969.678296,lr/neck.decay,0.0
135,1789131969.678296,lr/neck.no_decay,0.0
135,1789131969.678296,lr/pose_head.decay,4.281501340482575e-06
135,1789131969.678296,lr/pose_head.no_decay,4.281501340482575e-06
135,1789131969.678296,pose/component_0,0.8444210886955261
135,1789131969.678296,pose/component_1,0.016993530094623566
135,1789131969.678296,pose/component_2,0.005648194812238216
135,1789131969.678296,pose/component_3,0.34007132053375244
135,1789131969.678296,pose/component_4,0.0019807799253612757
135,1789131969.678296,pose/component_5,0.0
136,1789131969.871752,amp/overflow_retries,0.0
136,1789131969.871752,amp/scale,32.0
136,1789131969.871752,gradient/clipped_norm,360.8591003417969
136,1789131969.871752,images/detect,0.0
136,1789131969.871752,images/pose,16.0
136,1789131969.871752,loss/backward,61.07073974609375
136,1789131969.871752,loss/detect_mean,0.0
136,1789131969.871752,loss/joint_mean,0.9542303085327148
136,1789131969.871752,loss/pose_mean,0.9542303085327148
136,1789131969.871752,lr/attention.decay,0.0
136,1789131969.871752,lr/attention.no_decay,0.0
136,1789131969.871752,lr/backbone.decay,0.0
136,1789131969.871752,lr/backbone.no_decay,0.0
136,1789131969.871752,lr/detect_head.decay,0.0
136,1789131969.871752,lr/detect_head.no_decay,0.0
136,1789131969.871752,lr/neck.decay,0.0
136,1789131969.871752,lr/neck.no_decay,0.0
136,1789131969.871752,lr/pose_head.decay,4.305630026809652e-06
136,1789131969.871752,lr/pose_head.no_decay,4.305630026809652e-06
136,1789131969.871752,pose/component_0,0.6933310031890869
136,1789131969.871752,pose/component_1,0.011636989191174507
136,1789131969.871752,pose/component_2,0.0011050550965592265
136,1789131969.871752,pose/component_3,0.30683648586273193
136,1789131969.871752,pose/component_4,0.0019374561961740255
136,1789131969.871752,pose/component_5,0.0
137,1789131970.0655663,amp/overflow_retries,0.0
137,1789131970.0655663,amp/scale,32.0
137,1789131970.0655663,gradient/clipped_norm,395.544677734375
137,1789131970.0655663,images/detect,0.0
137,1789131970.0655663,images/pose,16.0
137,1789131970.0655663,loss/backward,72.83926391601562
137,1789131970.0655663,loss/detect_mean,0.0
137,1789131970.0655663,loss/joint_mean,1.1381134986877441
137,1789131970.0655663,loss/pose_mean,1.1381134986877441
137,1789131970.0655663,lr/attention.decay,0.0
137,1789131970.0655663,lr/attention.no_decay,0.0
137,1789131970.0655663,lr/backbone.decay,0.0
137,1789131970.0655663,lr/backbone.no_decay,0.0
137,1789131970.0655663,lr/detect_head.decay,0.0
137,1789131970.0655663,lr/detect_head.no_decay,0.0
137,1789131970.0655663,lr/neck.decay,0.0
137,1789131970.0655663,lr/neck.no_decay,0.0
137,1789131970.0655663,lr/pose_head.decay,4.32975871313673e-06
137,1789131970.0655663,lr/pose_head.no_decay,4.32975871313673e-06
137,1789131970.0655663,pose/component_0,0.9150472283363342
137,1789131970.0655663,pose/component_1,0.025219373404979706
137,1789131970.0655663,pose/component_2,0.005750733893364668
137,1789131970.0655663,pose/component_3,0.4846172630786896
137,1789131970.0655663,pose/component_4,0.0021403466816991568
137,1789131970.0655663,pose/component_5,0.0
138,1789131970.2597313,amp/overflow_retries,0.0
138,1789131970.2597313,amp/scale,32.0
138,1789131970.2597313,gradient/clipped_norm,397.1295166015625
138,1789131970.2597313,images/detect,0.0
138,1789131970.2597313,images/pose,16.0
138,1789131970.2597313,loss/backward,79.01953125
138,1789131970.2597313,loss/detect_mean,0.0
138,1789131970.2597313,loss/joint_mean,1.23468017578125
138,1789131970.2597313,loss/pose_mean,1.23468017578125
138,1789131970.2597313,lr/attention.decay,0.0
138,1789131970.2597313,lr/attention.no_decay,0.0
138,1789131970.2597313,lr/backbone.decay,0.0
138,1789131970.2597313,lr/backbone.no_decay,0.0
138,1789131970.2597313,lr/detect_head.decay,0.0
138,1789131970.2597313,lr/detect_head.no_decay,0.0
138,1789131970.2597313,lr/neck.decay,0.0
138,1789131970.2597313,lr/neck.no_decay,0.0
138,1789131970.2597313,lr/pose_head.decay,4.353887399463808e-06
138,1789131970.2597313,lr/pose_head.no_decay,4.353887399463808e-06
138,1789131970.2597313,pose/component_0,0.8803009986877441
138,1789131970.2597313,pose/component_1,0.019151460379362106
138,1789131970.2597313,pose/component_2,0.0017328365938737988
138,1789131970.2597313,pose/component_3,0.3855946362018585
138,1789131970.2597313,pose/component_4,0.0017838837811723351
138,1789131970.2597313,pose/component_5,0.0
139,1789131970.4528878,amp/overflow_retries,0.0
139,1789131970.4528878,amp/scale,32.0
139,1789131970.4528878,gradient/clipped_norm,419.6790771484375
139,1789131970.4528878,images/detect,0.0
139,1789131970.4528878,images/pose,16.0
139,1789131970.4528878,loss/backward,74.2315902709961
139,1789131970.4528878,loss/detect_mean,0.0
139,1789131970.4528878,loss/joint_mean,1.159868597984314
139,1789131970.4528878,loss/pose_mean,1.159868597984314
139,1789131970.4528878,lr/attention.decay,0.0
139,1789131970.4528878,lr/attention.no_decay,0.0
139,1789131970.4528878,lr/backbone.decay,0.0
139,1789131970.4528878,lr/backbone.no_decay,0.0
139,1789131970.4528878,lr/detect_head.decay,0.0
139,1789131970.4528878,lr/detect_head.no_decay,0.0
139,1789131970.4528878,lr/neck.decay,0.0
139,1789131970.4528878,lr/neck.no_decay,0.0
139,1789131970.4528878,lr/pose_head.decay,4.378016085790885e-06
139,1789131970.4528878,lr/pose_head.no_decay,4.378016085790885e-06
139,1789131970.4528878,pose/component_0,0.787361204624176
139,1789131970.4528878,pose/component_1,0.025899339467287064
139,1789131970.4528878,pose/component_2,0.015374915674328804
139,1789131970.4528878,pose/component_3,0.43808263540267944
139,1789131970.4528878,pose/component_4,0.0025129953864961863
139,1789131970.4528878,pose/component_5,0.0
140,1789131970.645861,amp/overflow_retries,0.0
140,1789131970.645861,amp/scale,32.0
140,1789131970.645861,gradient/clipped_norm,306.1374816894531
140,1789131970.645861,images/detect,0.0
140,1789131970.645861,images/pose,16.0
140,1789131970.645861,loss/backward,72.11344146728516
140,1789131970.645861,loss/detect_mean,0.0
140,1789131970.645861,loss/joint_mean,1.1267725229263306
140,1789131970.645861,loss/pose_mean,1.1267725229263306
140,1789131970.645861,lr/attention.decay,0.0
140,1789131970.645861,lr/attention.no_decay,0.0
140,1789131970.645861,lr/backbone.decay,0.0
140,1789131970.645861,lr/backbone.no_decay,0.0
140,1789131970.645861,lr/detect_head.decay,0.0
140,1789131970.645861,lr/detect_head.no_decay,0.0
140,1789131970.645861,lr/neck.decay,0.0
140,1789131970.645861,lr/neck.no_decay,0.0
140,1789131970.645861,lr/pose_head.decay,4.402144772117962e-06
140,1789131970.645861,lr/pose_head.no_decay,4.402144772117962e-06
140,1789131970.645861,pose/component_0,0.9086437225341797
140,1789131970.645861,pose/component_1,0.01787935197353363
140,1789131970.645861,pose/component_2,0.015249442309141159
140,1789131970.645861,pose/component_3,0.29134050011634827
140,1789131970.645861,pose/component_4,0.003227379871532321
140,1789131970.645861,pose/component_5,0.0
141,1789131970.8383737,amp/overflow_retries,0.0
141,1789131970.8383737,amp/scale,32.0
141,1789131970.8383737,gradient/clipped_norm,349.45654296875
141,1789131970.8383737,images/detect,0.0
141,1789131970.8383737,images/pose,16.0
141,1789131970.8383737,loss/backward,74.66876983642578
141,1789131970.8383737,loss/detect_mean,0.0
141,1789131970.8383737,loss/joint_mean,1.1666995286941528
141,1789131970.8383737,loss/pose_mean,1.1666995286941528
141,1789131970.8383737,lr/attention.decay,0.0
141,1789131970.8383737,lr/attention.no_decay,0.0
141,1789131970.8383737,lr/backbone.decay,0.0
141,1789131970.8383737,lr/backbone.no_decay,0.0
141,1789131970.8383737,lr/detect_head.decay,0.0
141,1789131970.8383737,lr/detect_head.no_decay,0.0
141,1789131970.8383737,lr/neck.decay,0.0
141,1789131970.8383737,lr/neck.no_decay,0.0
141,1789131970.8383737,lr/pose_head.decay,4.426273458445041e-06
141,1789131970.8383737,lr/pose_head.no_decay,4.426273458445041e-06
141,1789131970.8383737,pose/component_0,0.8973812460899353
141,1789131970.8383737,pose/component_1,0.015565551817417145
141,1789131970.8383737,pose/component_2,0.003125884337350726
141,1789131970.8383737,pose/component_3,0.3501136600971222
141,1789131970.8383737,pose/component_4,0.002499767579138279
141,1789131970.8383737,pose/component_5,0.0
142,1789131971.0309737,amp/overflow_retries,0.0
142,1789131971.0309737,amp/scale,32.0
142,1789131971.0309737,gradient/clipped_norm,348.0641784667969
142,1789131971.0309737,images/detect,0.0
142,1789131971.0309737,images/pose,16.0
142,1789131971.0309737,loss/backward,68.92668914794922
142,1789131971.0309737,loss/detect_mean,0.0
142,1789131971.0309737,loss/joint_mean,1.0769795179367065
142,1789131971.0309737,loss/pose_mean,1.0769795179367065
142,1789131971.0309737,lr/attention.decay,0.0
142,1789131971.0309737,lr/attention.no_decay,0.0
142,1789131971.0309737,lr/backbone.decay,0.0
142,1789131971.0309737,lr/backbone.no_decay,0.0
142,1789131971.0309737,lr/detect_head.decay,0.0
142,1789131971.0309737,lr/detect_head.no_decay,0.0
142,1789131971.0309737,lr/neck.decay,0.0
142,1789131971.0309737,lr/neck.no_decay,0.0
142,1789131971.0309737,lr/pose_head.decay,4.450402144772118e-06
142,1789131971.0309737,lr/pose_head.no_decay,4.450402144772118e-06
142,1789131971.0309737,pose/component_0,0.7989026308059692
142,1789131971.0309737,pose/component_1,0.00888826884329319
142,1789131971.0309737,pose/component_2,0.0027509317733347416
142,1789131971.0309737,pose/component_3,0.33642706274986267
142,1789131971.0309737,pose/component_4,0.0027902466244995594
142,1789131971.0309737,pose/component_5,0.0
143,1789131971.2244577,amp/overflow_retries,0.0
143,1789131971.2244577,amp/scale,32.0
143,1789131971.2244577,gradient/clipped_norm,296.40118408203125
143,1789131971.2244577,images/detect,0.0
143,1789131971.2244577,images/pose,16.0
143,1789131971.2244577,loss/backward,79.88438415527344
143,1789131971.2244577,loss/detect_mean,0.0
143,1789131971.2244577,loss/joint_mean,1.2481935024261475
143,1789131971.2244577,loss/pose_mean,1.2481935024261475
143,1789131971.2244577,lr/attention.decay,0.0
143,1789131971.2244577,lr/attention.no_decay,0.0
143,1789131971.2244577,lr/backbone.decay,0.0
143,1789131971.2244577,lr/backbone.no_decay,0.0
143,1789131971.2244577,lr/detect_head.decay,0.0
143,1789131971.2244577,lr/detect_head.no_decay,0.0
143,1789131971.2244577,lr/neck.decay,0.0
143,1789131971.2244577,lr/neck.no_decay,0.0
143,1789131971.2244577,lr/pose_head.decay,4.474530831099197e-06
143,1789131971.2244577,lr/pose_head.no_decay,4.474530831099197e-06
143,1789131971.2244577,pose/component_0,0.9773051142692566
143,1789131971.2244577,pose/component_1,0.016870006918907166
143,1789131971.2244577,pose/component_2,0.02066809870302677
143,1789131971.2244577,pose/component_3,0.49087896943092346
143,1789131971.2244577,pose/component_4,0.003374524414539337
143,1789131971.2244577,pose/component_5,0.0
144,1789131971.4173224,amp/overflow_retries,0.0
144,1789131971.4173224,amp/scale,32.0
144,1789131971.4173224,gradient/clipped_norm,309.68463134765625
144,1789131971.4173224,images/detect,0.0
144,1789131971.4173224,images/pose,16.0
144,1789131971.4173224,loss/backward,81.11036682128906
144,1789131971.4173224,loss/detect_mean,0.0
144,1789131971.4173224,loss/joint_mean,1.2673494815826416
144,1789131971.4173224,loss/pose_mean,1.2673494815826416
144,1789131971.4173224,lr/attention.decay,0.0
144,1789131971.4173224,lr/attention.no_decay,0.0
144,1789131971.4173224,lr/backbone.decay,0.0
144,1789131971.4173224,lr/backbone.no_decay,0.0
144,1789131971.4173224,lr/detect_head.decay,0.0
144,1789131971.4173224,lr/detect_head.no_decay,0.0
144,1789131971.4173224,lr/neck.decay,0.0
144,1789131971.4173224,lr/neck.no_decay,0.0
144,1789131971.4173224,lr/pose_head.decay,4.498659517426274e-06
144,1789131971.4173224,lr/pose_head.no_decay,4.498659517426274e-06
144,1789131971.4173224,pose/component_0,0.8465429544448853
144,1789131971.4173224,pose/component_1,0.016807932406663895
144,1789131971.4173224,pose/component_2,0.005200798157602549
144,1789131971.4173224,pose/component_3,0.5009582042694092
144,1789131971.4173224,pose/component_4,0.0026808222755789757
144,1789131971.4173224,pose/component_5,0.0
145,1789131971.609905,amp/overflow_retries,0.0
145,1789131971.609905,amp/scale,32.0
145,1789131971.609905,gradient/clipped_norm,338.0089416503906
145,1789131971.609905,images/detect,0.0
145,1789131971.609905,images/pose,16.0
145,1789131971.609905,loss/backward,63.044551849365234
145,1789131971.609905,loss/detect_mean,0.0
145,1789131971.609905,loss/joint_mean,0.9850711226463318
145,1789131971.609905,loss/pose_mean,0.9850711226463318
145,1789131971.609905,lr/attention.decay,0.0
145,1789131971.609905,lr/attention.no_decay,0.0
145,1789131971.609905,lr/backbone.decay,0.0
145,1789131971.609905,lr/backbone.no_decay,0.0
145,1789131971.609905,lr/detect_head.decay,0.0
145,1789131971.609905,lr/detect_head.no_decay,0.0
145,1789131971.609905,lr/neck.decay,0.0
145,1789131971.609905,lr/neck.no_decay,0.0
145,1789131971.609905,lr/pose_head.decay,4.522788203753351e-06
145,1789131971.609905,lr/pose_head.no_decay,4.522788203753351e-06
145,1789131971.609905,pose/component_0,0.7204336524009705
145,1789131971.609905,pose/component_1,0.016437634825706482
145,1789131971.609905,pose/component_2,0.0023264228366315365
145,1789131971.609905,pose/component_3,0.3299556374549866
145,1789131971.609905,pose/component_4,0.0016762141603976488
145,1789131971.609905,pose/component_5,0.0
146,1789131971.802722,amp/overflow_retries,0.0
146,1789131971.802722,amp/scale,32.0
146,1789131971.802722,gradient/clipped_norm,402.2864074707031
146,1789131971.802722,images/detect,0.0
146,1789131971.802722,images/pose,16.0
146,1789131971.802722,loss/backward,83.95905303955078
146,1789131971.802722,loss/detect_mean,0.0
146,1789131971.802722,loss/joint_mean,1.311860203742981
146,1789131971.802722,loss/pose_mean,1.311860203742981
146,1789131971.802722,lr/attention.decay,0.0
146,1789131971.802722,lr/attention.no_decay,0.0
146,1789131971.802722,lr/backbone.decay,0.0
146,1789131971.802722,lr/backbone.no_decay,0.0
146,1789131971.802722,lr/detect_head.decay,0.0
146,1789131971.802722,lr/detect_head.no_decay,0.0
146,1789131971.802722,lr/neck.decay,0.0
146,1789131971.802722,lr/neck.no_decay,0.0
146,1789131971.802722,lr/pose_head.decay,4.54691689008043e-06
146,1789131971.802722,lr/pose_head.no_decay,4.54691689008043e-06
146,1789131971.802722,pose/component_0,0.9368604421615601
146,1789131971.802722,pose/component_1,0.031178254634141922
146,1789131971.802722,pose/component_2,0.022028805688023567
146,1789131971.802722,pose/component_3,0.46257317066192627
146,1789131971.802722,pose/component_4,0.0027366518042981625
146,1789131971.802722,pose/component_5,0.0
147,1789131971.9955826,amp/overflow_retries,0.0
147,1789131971.9955826,amp/scale,32.0
147,1789131971.9955826,gradient/clipped_norm,337.0141906738281
147,1789131971.9955826,images/detect,0.0
147,1789131971.9955826,images/pose,16.0
147,1789131971.9955826,loss/backward,67.13089752197266
147,1789131971.9955826,loss/detect_mean,0.0
147,1789131971.9955826,loss/joint_mean,1.0489202737808228
147,1789131971.9955826,loss/pose_mean,1.0489202737808228
147,1789131971.9955826,lr/attention.decay,0.0
147,1789131971.9955826,lr/attention.no_decay,0.0
147,1789131971.9955826,lr/backbone.decay,0.0
147,1789131971.9955826,lr/backbone.no_decay,0.0
147,1789131971.9955826,lr/detect_head.decay,0.0
147,1789131971.9955826,lr/detect_head.no_decay,0.0
147,1789131971.9955826,lr/neck.decay,0.0
147,1789131971.9955826,lr/neck.no_decay,0.0
147,1789131971.9955826,lr/pose_head.decay,4.571045576407507e-06
147,1789131971.9955826,lr/pose_head.no_decay,4.571045576407507e-06
147,1789131971.9955826,pose/component_0,0.8216521143913269
147,1789131971.9955826,pose/component_1,0.00979358796030283
147,1789131971.9955826,pose/component_2,0.0008823795360513031
147,1789131971.9955826,pose/component_3,0.3156105577945709
147,1789131971.9955826,pose/component_4,0.003150070086121559
147,1789131971.9955826,pose/component_5,0.0
148,1789131972.188529,amp/overflow_retries,0.0
148,1789131972.188529,amp/scale,32.0
148,1789131972.188529,gradient/clipped_norm,338.13641357421875
148,1789131972.188529,images/detect,0.0
148,1789131972.188529,images/pose,16.0
148,1789131972.188529,loss/backward,84.81153869628906
148,1789131972.188529,loss/detect_mean,0.0
148,1789131972.188529,loss/joint_mean,1.3251802921295166
148,1789131972.188529,loss/pose_mean,1.3251802921295166
148,1789131972.188529,lr/attention.decay,0.0
148,1789131972.188529,lr/attention.no_decay,0.0
148,1789131972.188529,lr/backbone.decay,0.0
148,1789131972.188529,lr/backbone.no_decay,0.0
148,1789131972.188529,lr/detect_head.decay,0.0
148,1789131972.188529,lr/detect_head.no_decay,0.0
148,1789131972.188529,lr/neck.decay,0.0
148,1789131972.188529,lr/neck.no_decay,0.0
148,1789131972.188529,lr/pose_head.decay,4.595174262734586e-06
148,1789131972.188529,lr/pose_head.no_decay,4.595174262734586e-06
148,1789131972.188529,pose/component_0,0.7812257409095764
148,1789131972.188529,pose/component_1,0.023711323738098145
148,1789131972.188529,pose/component_2,0.06999682635068893
148,1789131972.188529,pose/component_3,0.32085710763931274
148,1789131972.188529,pose/component_4,0.0035209902562201023
148,1789131972.188529,pose/component_5,0.0
149,1789131972.3813972,amp/overflow_retries,0.0
149,1789131972.3813972,amp/scale,32.0
149,1789131972.3813972,gradient/clipped_norm,390.671630859375
149,1789131972.3813972,images/detect,0.0
149,1789131972.3813972,images/pose,16.0
149,1789131972.3813972,loss/backward,91.90849304199219
149,1789131972.3813972,loss/detect_mean,0.0
149,1789131972.3813972,loss/joint_mean,1.436070203781128
149,1789131972.3813972,loss/pose_mean,1.436070203781128
149,1789131972.3813972,lr/attention.decay,0.0
149,1789131972.3813972,lr/attention.no_decay,0.0
149,1789131972.3813972,lr/backbone.decay,0.0
149,1789131972.3813972,lr/backbone.no_decay,0.0
149,1789131972.3813972,lr/detect_head.decay,0.0
149,1789131972.3813972,lr/detect_head.no_decay,0.0
149,1789131972.3813972,lr/neck.decay,0.0
149,1789131972.3813972,lr/neck.no_decay,0.0
149,1789131972.3813972,lr/pose_head.decay,4.619302949061663e-06
149,1789131972.3813972,lr/pose_head.no_decay,4.619302949061663e-06
149,1789131972.3813972,pose/component_0,0.9510875940322876
149,1789131972.3813972,pose/component_1,0.01777927204966545
149,1789131972.3813972,pose/component_2,0.013379842042922974
149,1789131972.3813972,pose/component_3,0.5323856472969055
149,1789131972.3813972,pose/component_4,0.003693624632433057
149,1789131972.3813972,pose/component_5,0.0
150,1789131972.5743344,amp/overflow_retries,0.0
150,1789131972.5743344,amp/scale,32.0
150,1789131972.5743344,gradient/clipped_norm,348.3214111328125
150,1789131972.5743344,images/detect,0.0
150,1789131972.5743344,images/pose,16.0
150,1789131972.5743344,loss/backward,66.16448211669922
150,1789131972.5743344,loss/detect_mean,0.0
150,1789131972.5743344,loss/joint_mean,1.0338200330734253
150,1789131972.5743344,loss/pose_mean,1.0338200330734253
150,1789131972.5743344,lr/attention.decay,0.0
150,1789131972.5743344,lr/attention.no_decay,0.0
150,1789131972.5743344,lr/backbone.decay,0.0
150,1789131972.5743344,lr/backbone.no_decay,0.0
150,1789131972.5743344,lr/detect_head.decay,0.0
150,1789131972.5743344,lr/detect_head.no_decay,0.0
150,1789131972.5743344,lr/neck.decay,0.0
150,1789131972.5743344,lr/neck.no_decay,0.0
150,1789131972.5743344,lr/pose_head.decay,4.64343163538874e-06
150,1789131972.5743344,lr/pose_head.no_decay,4.64343163538874e-06
150,1789131972.5743344,pose/component_0,0.7339622974395752
150,1789131972.5743344,pose/component_1,0.03306597098708153
150,1789131972.5743344,pose/component_2,0.04878109320998192
150,1789131972.5743344,pose/component_3,0.3326394557952881
150,1789131972.5743344,pose/component_4,0.0026459034997969866
150,1789131972.5743344,pose/component_5,0.0
151,1789131972.7673607,amp/overflow_retries,0.0
151,1789131972.7673607,amp/scale,32.0
151,1789131972.7673607,gradient/clipped_norm,340.2958679199219
151,1789131972.7673607,images/detect,0.0
151,1789131972.7673607,images/pose,16.0
151,1789131972.7673607,loss/backward,85.48501586914062
151,1789131972.7673607,loss/detect_mean,0.0
151,1789131972.7673607,loss/joint_mean,1.3357033729553223
151,1789131972.7673607,loss/pose_mean,1.3357033729553223
151,1789131972.7673607,lr/attention.decay,0.0
151,1789131972.7673607,lr/attention.no_decay,0.0
151,1789131972.7673607,lr/backbone.decay,0.0
151,1789131972.7673607,lr/backbone.no_decay,0.0
151,1789131972.7673607,lr/detect_head.decay,0.0
151,1789131972.7673607,lr/detect_head.no_decay,0.0
151,1789131972.7673607,lr/neck.decay,0.0
151,1789131972.7673607,lr/neck.no_decay,0.0
151,1789131972.7673607,lr/pose_head.decay,4.667560321715819e-06
151,1789131972.7673607,lr/pose_head.no_decay,4.667560321715819e-06
151,1789131972.7673607,pose/component_0,0.8600811958312988
151,1789131972.7673607,pose/component_1,0.02703504078090191
151,1789131972.7673607,pose/component_2,0.017343226820230484
151,1789131972.7673607,pose/component_3,0.3937053978443146
151,1789131972.7673607,pose/component_4,0.0019197133369743824
151,1789131972.7673607,pose/component_5,0.0
152,1789131972.960079,amp/overflow_retries,0.0
152,1789131972.960079,amp/scale,32.0
152,1789131972.960079,gradient/clipped_norm,261.1925048828125
152,1789131972.960079,images/detect,0.0
152,1789131972.960079,images/pose,16.0
152,1789131972.960079,loss/backward,67.37471008300781
152,1789131972.960079,loss/detect_mean,0.0
152,1789131972.960079,loss/joint_mean,1.052729845046997
152,1789131972.960079,loss/pose_mean,1.052729845046997
152,1789131972.960079,lr/attention.decay,0.0
152,1789131972.960079,lr/attention.no_decay,0.0
152,1789131972.960079,lr/backbone.decay,0.0
152,1789131972.960079,lr/backbone.no_decay,0.0
152,1789131972.960079,lr/detect_head.decay,0.0
152,1789131972.960079,lr/detect_head.no_decay,0.0
152,1789131972.960079,lr/neck.decay,0.0
152,1789131972.960079,lr/neck.no_decay,0.0
152,1789131972.960079,lr/pose_head.decay,4.691689008042896e-06
152,1789131972.960079,lr/pose_head.no_decay,4.691689008042896e-06
152,1789131972.960079,pose/component_0,0.7684899568557739
152,1789131972.960079,pose/component_1,0.022017735987901688
152,1789131972.960079,pose/component_2,0.002705540508031845
152,1789131972.960079,pose/component_3,0.29083114862442017
152,1789131972.960079,pose/component_4,0.0021505174227058887
152,1789131972.960079,pose/component_5,0.0
153,1789131973.1530948,amp/overflow_retries,0.0
153,1789131973.1530948,amp/scale,32.0
153,1789131973.1530948,gradient/clipped_norm,325.55511474609375
153,1789131973.1530948,images/detect,0.0
153,1789131973.1530948,images/pose,16.0
153,1789131973.1530948,loss/backward,66.113525390625
153,1789131973.1530948,loss/detect_mean,0.0
153,1789131973.1530948,loss/joint_mean,1.0330238342285156
153,1789131973.1530948,loss/pose_mean,1.0330238342285156
153,1789131973.1530948,lr/attention.decay,0.0
153,1789131973.1530948,lr/attention.no_decay,0.0
153,1789131973.1530948,lr/backbone.decay,0.0
153,1789131973.1530948,lr/backbone.no_decay,0.0
153,1789131973.1530948,lr/detect_head.decay,0.0
153,1789131973.1530948,lr/detect_head.no_decay,0.0
153,1789131973.1530948,lr/neck.decay,0.0
153,1789131973.1530948,lr/neck.no_decay,0.0
153,1789131973.1530948,lr/pose_head.decay,4.715817694369974e-06
153,1789131973.1530948,lr/pose_head.no_decay,4.715817694369974e-06
153,1789131973.1530948,pose/component_0,0.7189500331878662
153,1789131973.1530948,pose/component_1,0.018288439139723778
153,1789131973.1530948,pose/component_2,0.01570090278983116
153,1789131973.1530948,pose/component_3,0.23016329109668732
153,1789131973.1530948,pose/component_4,0.0019776273984462023
153,1789131973.1530948,pose/component_5,0.0
154,1789131973.3460383,amp/overflow_retries,0.0
154,1789131973.3460383,amp/scale,32.0
154,1789131973.3460383,gradient/clipped_norm,373.9422607421875
154,1789131973.3460383,images/detect,0.0
154,1789131973.3460383,images/pose,16.0
154,1789131973.3460383,loss/backward,95.26044464111328
154,1789131973.3460383,loss/detect_mean,0.0
154,1789131973.3460383,loss/joint_mean,1.488444447517395
154,1789131973.3460383,loss/pose_mean,1.488444447517395
154,1789131973.3460383,lr/attention.decay,0.0
154,1789131973.3460383,lr/attention.no_decay,0.0
154,1789131973.3460383,lr/backbone.decay,0.0
154,1789131973.3460383,lr/backbone.no_decay,0.0
154,1789131973.3460383,lr/detect_head.decay,0.0
154,1789131973.3460383,lr/detect_head.no_decay,0.0
154,1789131973.3460383,lr/neck.decay,0.0
154,1789131973.3460383,lr/neck.no_decay,0.0
154,1789131973.3460383,lr/pose_head.decay,4.739946380697052e-06
154,1789131973.3460383,lr/pose_head.no_decay,4.739946380697052e-06
154,1789131973.3460383,pose/component_0,1.028571605682373
154,1789131973.3460383,pose/component_1,0.014431942254304886
154,1789131973.3460383,pose/component_2,0.020787235349416733
154,1789131973.3460383,pose/component_3,0.49202150106430054
154,1789131973.3460383,pose/component_4,0.0030942431185394526
154,1789131973.3460383,pose/component_5,0.0
155,1789131973.5395296,amp/overflow_retries,0.0
155,1789131973.5395296,amp/scale,32.0
155,1789131973.5395296,gradient/clipped_norm,299.1787414550781
155,1789131973.5395296,images/detect,0.0
155,1789131973.5395296,images/pose,16.0
155,1789131973.5395296,loss/backward,84.15963745117188
155,1789131973.5395296,loss/detect_mean,0.0
155,1789131973.5395296,loss/joint_mean,1.3149943351745605
155,1789131973.5395296,loss/pose_mean,1.3149943351745605
155,1789131973.5395296,lr/attention.decay,0.0
155,1789131973.5395296,lr/attention.no_decay,0.0
155,1789131973.5395296,lr/backbone.decay,0.0
155,1789131973.5395296,lr/backbone.no_decay,0.0
155,1789131973.5395296,lr/detect_head.decay,0.0
155,1789131973.5395296,lr/detect_head.no_decay,0.0
155,1789131973.5395296,lr/neck.decay,0.0
155,1789131973.5395296,lr/neck.no_decay,0.0
155,1789131973.5395296,lr/pose_head.decay,4.764075067024129e-06
155,1789131973.5395296,lr/pose_head.no_decay,4.764075067024129e-06
155,1789131973.5395296,pose/component_0,0.841874361038208
155,1789131973.5395296,pose/component_1,0.0586998388171196
155,1789131973.5395296,pose/component_2,0.022207824513316154
155,1789131973.5395296,pose/component_3,0.5204172134399414
155,1789131973.5395296,pose/component_4,0.003196445293724537
155,1789131973.5395296,pose/component_5,0.0
156,1789131973.7323112,amp/overflow_retries,0.0
156,1789131973.7323112,amp/scale,32.0
156,1789131973.7323112,gradient/clipped_norm,407.5084228515625
156,1789131973.7323112,images/detect,0.0
156,1789131973.7323112,images/pose,16.0
156,1789131973.7323112,loss/backward,87.0270767211914
156,1789131973.7323112,loss/detect_mean,0.0
156,1789131973.7323112,loss/joint_mean,1.3597980737686157
156,1789131973.7323112,loss/pose_mean,1.3597980737686157
156,1789131973.7323112,lr/attention.decay,0.0
156,1789131973.7323112,lr/attention.no_decay,0.0
156,1789131973.7323112,lr/backbone.decay,0.0
156,1789131973.7323112,lr/backbone.no_decay,0.0
156,1789131973.7323112,lr/detect_head.decay,0.0
156,1789131973.7323112,lr/detect_head.no_decay,0.0
156,1789131973.7323112,lr/neck.decay,0.0
156,1789131973.7323112,lr/neck.no_decay,0.0
156,1789131973.7323112,lr/pose_head.decay,4.7882037533512075e-06
156,1789131973.7323112,lr/pose_head.no_decay,4.7882037533512075e-06
156,1789131973.7323112,pose/component_0,0.9829068779945374
156,1789131973.7323112,pose/component_1,0.08237792551517487
156,1789131973.7323112,pose/component_2,0.0065392376855015755
156,1789131973.7323112,pose/component_3,0.36076679825782776
156,1789131973.7323112,pose/component_4,0.004403730854392052
156,1789131973.7323112,pose/component_5,0.0
157,1789131973.9258084,amp/overflow_retries,0.0
157,1789131973.9258084,amp/scale,32.0
157,1789131973.9258084,gradient/clipped_norm,371.8380126953125
157,1789131973.9258084,images/detect,0.0
157,1789131973.9258084,images/pose,16.0
157,1789131973.9258084,loss/backward,90.16626739501953
157,1789131973.9258084,loss/detect_mean,0.0
157,1789131973.9258084,loss/joint_mean,1.4088479280471802
157,1789131973.9258084,loss/pose_mean,1.4088479280471802
157,1789131973.9258084,lr/attention.decay,0.0
157,1789131973.9258084,lr/attention.no_decay,0.0
157,1789131973.9258084,lr/backbone.decay,0.0
157,1789131973.9258084,lr/backbone.no_decay,0.0
157,1789131973.9258084,lr/detect_head.decay,0.0
157,1789131973.9258084,lr/detect_head.no_decay,0.0
157,1789131973.9258084,lr/neck.decay,0.0
157,1789131973.9258084,lr/neck.no_decay,0.0
157,1789131973.9258084,lr/pose_head.decay,4.812332439678285e-06
157,1789131973.9258084,lr/pose_head.no_decay,4.812332439678285e-06
157,1789131973.9258084,pose/component_0,0.8912491798400879
157,1789131973.9258084,pose/component_1,0.0258839949965477
157,1789131973.9258084,pose/component_2,0.056849755346775055
157,1789131973.9258084,pose/component_3,0.36196768283843994
157,1789131973.9258084,pose/component_4,0.002892959862947464
157,1789131973.9258084,pose/component_5,0.0
158,1789131974.1202002,amp/overflow_retries,0.0
158,1789131974.1202002,amp/scale,32.0
158,1789131974.1202002,gradient/clipped_norm,291.341064453125
158,1789131974.1202002,images/detect,0.0
158,1789131974.1202002,images/pose,16.0
158,1789131974.1202002,loss/backward,70.94578552246094
158,1789131974.1202002,loss/detect_mean,0.0
158,1789131974.1202002,loss/joint_mean,1.1085278987884521
158,1789131974.1202002,loss/pose_mean,1.1085278987884521
158,1789131974.1202002,lr/attention.decay,0.0
158,1789131974.1202002,lr/attention.no_decay,0.0
158,1789131974.1202002,lr/backbone.decay,0.0
158,1789131974.1202002,lr/backbone.no_decay,0.0
158,1789131974.1202002,lr/detect_head.decay,0.0
158,1789131974.1202002,lr/detect_head.no_decay,0.0
158,1789131974.1202002,lr/neck.decay,0.0
158,1789131974.1202002,lr/neck.no_decay,0.0
158,1789131974.1202002,lr/pose_head.decay,4.8364611260053626e-06
158,1789131974.1202002,lr/pose_head.no_decay,4.8364611260053626e-06
158,1789131974.1202002,pose/component_0,0.8228824734687805
158,1789131974.1202002,pose/component_1,0.014358214102685452
158,1789131974.1202002,pose/component_2,0.005592102184891701
158,1789131974.1202002,pose/component_3,0.2598111629486084
158,1789131974.1202002,pose/component_4,0.0028204265981912613
158,1789131974.1202002,pose/component_5,0.0
159,1789131974.3136864,amp/overflow_retries,0.0
159,1789131974.3136864,amp/scale,32.0
159,1789131974.3136864,gradient/clipped_norm,315.87628173828125
159,1789131974.3136864,images/detect,0.0
159,1789131974.3136864,images/pose,16.0
159,1789131974.3136864,loss/backward,61.86200714111328
159,1789131974.3136864,loss/detect_mean,0.0
159,1789131974.3136864,loss/joint_mean,0.966593861579895
159,1789131974.3136864,loss/pose_mean,0.966593861579895
159,1789131974.3136864,lr/attention.decay,0.0
159,1789131974.3136864,lr/attention.no_decay,0.0
159,1789131974.3136864,lr/backbone.decay,0.0
159,1789131974.3136864,lr/backbone.no_decay,0.0
159,1789131974.3136864,lr/detect_head.decay,0.0
159,1789131974.3136864,lr/detect_head.no_decay,0.0
159,1789131974.3136864,lr/neck.decay,0.0
159,1789131974.3136864,lr/neck.no_decay,0.0
159,1789131974.3136864,lr/pose_head.decay,4.8605898123324405e-06
159,1789131974.3136864,lr/pose_head.no_decay,4.8605898123324405e-06
159,1789131974.3136864,pose/component_0,0.6390067338943481
159,1789131974.3136864,pose/component_1,0.014377990737557411
159,1789131974.3136864,pose/component_2,0.01660310849547386
159,1789131974.3136864,pose/component_3,0.3419960141181946
159,1789131974.3136864,pose/component_4,0.0022626365534961224
159,1789131974.3136864,pose/component_5,0.0
160,1789131974.5066574,amp/overflow_retries,0.0
160,1789131974.5066574,amp/scale,32.0
160,1789131974.5066574,gradient/clipped_norm,295.9026794433594
160,1789131974.5066574,images/detect,0.0
160,1789131974.5066574,images/pose,16.0
160,1789131974.5066574,loss/backward,83.45626831054688
160,1789131974.5066574,loss/detect_mean,0.0
160,1789131974.5066574,loss/joint_mean,1.304004192352295
160,1789131974.5066574,loss/pose_mean,1.304004192352295
160,1789131974.5066574,lr/attention.decay,0.0
160,1789131974.5066574,lr/attention.no_decay,0.0
160,1789131974.5066574,lr/backbone.decay,0.0
160,1789131974.5066574,lr/backbone.no_decay,0.0
160,1789131974.5066574,lr/detect_head.decay,0.0
160,1789131974.5066574,lr/detect_head.no_decay,0.0
160,1789131974.5066574,lr/neck.decay,0.0
160,1789131974.5066574,lr/neck.no_decay,0.0
160,1789131974.5066574,lr/pose_head.decay,4.884718498659518e-06
160,1789131974.5066574,lr/pose_head.no_decay,4.884718498659518e-06
160,1789131974.5066574,pose/component_0,1.0179778337478638
160,1789131974.5066574,pose/component_1,0.016050275415182114
160,1789131974.5066574,pose/component_2,0.0025138105265796185
160,1789131974.5066574,pose/component_3,0.41789954900741577
160,1789131974.5066574,pose/component_4,0.002793105784803629
160,1789131974.5066574,pose/component_5,0.0
161,1789131974.7001216,amp/overflow_retries,0.0
161,1789131974.7001216,amp/scale,32.0
161,1789131974.7001216,gradient/clipped_norm,3452.1904296875
161,1789131974.7001216,images/detect,0.0
161,1789131974.7001216,images/pose,16.0
161,1789131974.7001216,loss/backward,90.61918640136719
161,1789131974.7001216,loss/detect_mean,0.0
161,1789131974.7001216,loss/joint_mean,1.4159247875213623
161,1789131974.7001216,loss/pose_mean,1.4159247875213623
161,1789131974.7001216,lr/attention.decay,0.0
161,1789131974.7001216,lr/attention.no_decay,0.0
161,1789131974.7001216,lr/backbone.decay,0.0
161,1789131974.7001216,lr/backbone.no_decay,0.0
161,1789131974.7001216,lr/detect_head.decay,0.0
161,1789131974.7001216,lr/detect_head.no_decay,0.0
161,1789131974.7001216,lr/neck.decay,0.0
161,1789131974.7001216,lr/neck.no_decay,0.0
161,1789131974.7001216,lr/pose_head.decay,4.9088471849865956e-06
161,1789131974.7001216,lr/pose_head.no_decay,4.9088471849865956e-06
161,1789131974.7001216,pose/component_0,0.908509373664856
161,1789131974.7001216,pose/component_1,0.04230084270238876
161,1789131974.7001216,pose/component_2,0.01409846916794777
161,1789131974.7001216,pose/component_3,0.3543003797531128
161,1789131974.7001216,pose/component_4,0.0030580121092498302
161,1789131974.7001216,pose/component_5,0.0
162,1789131974.8931768,amp/overflow_retries,0.0
162,1789131974.8931768,amp/scale,32.0
162,1789131974.8931768,gradient/clipped_norm,217.25303649902344
162,1789131974.8931768,images/detect,0.0
162,1789131974.8931768,images/pose,16.0
162,1789131974.8931768,loss/backward,68.46300506591797
162,1789131974.8931768,loss/detect_mean,0.0
162,1789131974.8931768,loss/joint_mean,1.0697344541549683
162,1789131974.8931768,loss/pose_mean,1.0697344541549683
162,1789131974.8931768,lr/attention.decay,0.0
162,1789131974.8931768,lr/attention.no_decay,0.0
162,1789131974.8931768,lr/backbone.decay,0.0
162,1789131974.8931768,lr/backbone.no_decay,0.0
162,1789131974.8931768,lr/detect_head.decay,0.0
162,1789131974.8931768,lr/detect_head.no_decay,0.0
162,1789131974.8931768,lr/neck.decay,0.0
162,1789131974.8931768,lr/neck.no_decay,0.0
162,1789131974.8931768,lr/pose_head.decay,4.9329758713136735e-06
162,1789131974.8931768,lr/pose_head.no_decay,4.9329758713136735e-06
162,1789131974.8931768,pose/component_0,0.830486536026001
162,1789131974.8931768,pose/component_1,0.02091294154524803
162,1789131974.8931768,pose/component_2,0.0071858614683151245
162,1789131974.8931768,pose/component_3,0.32176727056503296
162,1789131974.8931768,pose/component_4,0.00429989118129015
162,1789131974.8931768,pose/component_5,0.0
163,1789131975.0864596,amp/overflow_retries,0.0
163,1789131975.0864596,amp/scale,32.0
163,1789131975.0864596,gradient/clipped_norm,306.8365783691406
163,1789131975.0864596,images/detect,0.0
163,1789131975.0864596,images/pose,16.0
163,1789131975.0864596,loss/backward,70.61592864990234
163,1789131975.0864596,loss/detect_mean,0.0
163,1789131975.0864596,loss/joint_mean,1.1033738851547241
163,1789131975.0864596,loss/pose_mean,1.1033738851547241
163,1789131975.0864596,lr/attention.decay,0.0
163,1789131975.0864596,lr/attention.no_decay,0.0
163,1789131975.0864596,lr/backbone.decay,0.0
163,1789131975.0864596,lr/backbone.no_decay,0.0
163,1789131975.0864596,lr/detect_head.decay,0.0
163,1789131975.0864596,lr/detect_head.no_decay,0.0
163,1789131975.0864596,lr/neck.decay,0.0
163,1789131975.0864596,lr/neck.no_decay,0.0
163,1789131975.0864596,lr/pose_head.decay,4.9571045576407515e-06
163,1789131975.0864596,lr/pose_head.no_decay,4.9571045576407515e-06
163,1789131975.0864596,pose/component_0,0.7891119718551636
163,1789131975.0864596,pose/component_1,0.01927163638174534
163,1789131975.0864596,pose/component_2,0.004609202966094017
163,1789131975.0864596,pose/component_3,0.35798516869544983
163,1789131975.0864596,pose/component_4,0.0028559111524373293
163,1789131975.0864596,pose/component_5,0.0
164,1789131975.2793403,amp/overflow_retries,0.0
164,1789131975.2793403,amp/scale,32.0
164,1789131975.2793403,gradient/clipped_norm,359.8365173339844
164,1789131975.2793403,images/detect,0.0
164,1789131975.2793403,images/pose,16.0
164,1789131975.2793403,loss/backward,61.002166748046875
164,1789131975.2793403,loss/detect_mean,0.0
164,1789131975.2793403,loss/joint_mean,0.9531588554382324
164,1789131975.2793403,loss/pose_mean,0.9531588554382324
164,1789131975.2793403,lr/attention.decay,0.0
164,1789131975.2793403,lr/attention.no_decay,0.0
164,1789131975.2793403,lr/backbone.decay,0.0
164,1789131975.2793403,lr/backbone.no_decay,0.0
164,1789131975.2793403,lr/detect_head.decay,0.0
164,1789131975.2793403,lr/detect_head.no_decay,0.0
164,1789131975.2793403,lr/neck.decay,0.0
164,1789131975.2793403,lr/neck.no_decay,0.0
164,1789131975.2793403,lr/pose_head.decay,4.981233243967829e-06
164,1789131975.2793403,lr/pose_head.no_decay,4.981233243967829e-06
164,1789131975.2793403,pose/component_0,0.617175817489624
164,1789131975.2793403,pose/component_1,0.006438783369958401
164,1789131975.2793403,pose/component_2,0.0028843346517533064
164,1789131975.2793403,pose/component_3,0.3355731964111328
164,1789131975.2793403,pose/component_4,0.00198211963288486
164,1789131975.2793403,pose/component_5,0.0
165,1789131975.4728947,amp/overflow_retries,0.0
165,1789131975.4728947,amp/scale,32.0
165,1789131975.4728947,gradient/clipped_norm,3215.614013671875
165,1789131975.4728947,images/detect,0.0
165,1789131975.4728947,images/pose,16.0
165,1789131975.4728947,loss/backward,85.2135009765625
165,1789131975.4728947,loss/detect_mean,0.0
165,1789131975.4728947,loss/joint_mean,1.331460952758789
165,1789131975.4728947,loss/pose_mean,1.331460952758789
165,1789131975.4728947,lr/attention.decay,0.0
165,1789131975.4728947,lr/attention.no_decay,0.0
165,1789131975.4728947,lr/backbone.decay,0.0
165,1789131975.4728947,lr/backbone.no_decay,0.0
165,1789131975.4728947,lr/detect_head.decay,0.0
165,1789131975.4728947,lr/detect_head.no_decay,0.0
165,1789131975.4728947,lr/neck.decay,0.0
165,1789131975.4728947,lr/neck.no_decay,0.0
165,1789131975.4728947,lr/pose_head.decay,5.0053619302949065e-06
165,1789131975.4728947,lr/pose_head.no_decay,5.0053619302949065e-06
165,1789131975.4728947,pose/component_0,0.9617025852203369
165,1789131975.4728947,pose/component_1,0.013929340988397598
165,1789131975.4728947,pose/component_2,0.040491946041584015
165,1789131975.4728947,pose/component_3,0.35237258672714233
165,1789131975.4728947,pose/component_4,0.004335126373916864
165,1789131975.4728947,pose/component_5,0.0
166,1789131975.6661181,amp/overflow_retries,0.0
166,1789131975.6661181,amp/scale,32.0
166,1789131975.6661181,gradient/clipped_norm,289.34295654296875
166,1789131975.6661181,images/detect,0.0
166,1789131975.6661181,images/pose,16.0
166,1789131975.6661181,loss/backward,64.94636535644531
166,1789131975.6661181,loss/detect_mean,0.0
166,1789131975.6661181,loss/joint_mean,1.014786958694458
166,1789131975.6661181,loss/pose_mean,1.014786958694458
166,1789131975.6661181,lr/attention.decay,0.0
166,1789131975.6661181,lr/attention.no_decay,0.0
166,1789131975.6661181,lr/backbone.decay,0.0
166,1789131975.6661181,lr/backbone.no_decay,0.0
166,1789131975.6661181,lr/detect_head.decay,0.0
166,1789131975.6661181,lr/detect_head.no_decay,0.0
166,1789131975.6661181,lr/neck.decay,0.0
166,1789131975.6661181,lr/neck.no_decay,0.0
166,1789131975.6661181,lr/pose_head.decay,5.0294906166219845e-06
166,1789131975.6661181,lr/pose_head.no_decay,5.0294906166219845e-06
166,1789131975.6661181,pose/component_0,0.6435325741767883
166,1789131975.6661181,pose/component_1,0.011189461685717106
166,1789131975.6661181,pose/component_2,0.0025130684953182936
166,1789131975.6661181,pose/component_3,0.5400658845901489
166,1789131975.6661181,pose/component_4,0.002234511775895953
166,1789131975.6661181,pose/component_5,0.0
167,1789131975.859813,amp/overflow_retries,0.0
167,1789131975.859813,amp/scale,32.0
167,1789131975.859813,gradient/clipped_norm,330.84747314453125
167,1789131975.859813,images/detect,0.0
167,1789131975.859813,images/pose,16.0
167,1789131975.859813,loss/backward,64.72409057617188
167,1789131975.859813,loss/detect_mean,0.0
167,1789131975.859813,loss/joint_mean,1.0113139152526855
167,1789131975.859813,loss/pose_mean,1.0113139152526855
167,1789131975.859813,lr/attention.decay,0.0
167,1789131975.859813,lr/attention.no_decay,0.0
167,1789131975.859813,lr/backbone.decay,0.0
167,1789131975.859813,lr/backbone.no_decay,0.0
167,1789131975.859813,lr/detect_head.decay,0.0
167,1789131975.859813,lr/detect_head.no_decay,0.0
167,1789131975.859813,lr/neck.decay,0.0
167,1789131975.859813,lr/neck.no_decay,0.0
167,1789131975.859813,lr/pose_head.decay,5.0536193029490624e-06
167,1789131975.859813,lr/pose_head.no_decay,5.0536193029490624e-06
167,1789131975.859813,pose/component_0,0.7910193800926208
167,1789131975.859813,pose/component_1,0.0389397032558918
167,1789131975.859813,pose/component_2,0.004019496496766806
167,1789131975.859813,pose/component_3,0.3370669186115265
167,1789131975.859813,pose/component_4,0.002749464474618435
167,1789131975.859813,pose/component_5,0.0
168,1789131976.053562,amp/overflow_retries,0.0
168,1789131976.053562,amp/scale,32.0
168,1789131976.053562,gradient/clipped_norm,420.8858337402344
168,1789131976.053562,images/detect,0.0
168,1789131976.053562,images/pose,16.0
168,1789131976.053562,loss/backward,80.94293212890625
168,1789131976.053562,loss/detect_mean,0.0
168,1789131976.053562,loss/joint_mean,1.2647333145141602
168,1789131976.053562,loss/pose_mean,1.2647333145141602
168,1789131976.053562,lr/attention.decay,0.0
168,1789131976.053562,lr/attention.no_decay,0.0
168,1789131976.053562,lr/backbone.decay,0.0
168,1789131976.053562,lr/backbone.no_decay,0.0
168,1789131976.053562,lr/detect_head.decay,0.0
168,1789131976.053562,lr/detect_head.no_decay,0.0
168,1789131976.053562,lr/neck.decay,0.0
168,1789131976.053562,lr/neck.no_decay,0.0
168,1789131976.053562,lr/pose_head.decay,5.07774798927614e-06
168,1789131976.053562,lr/pose_head.no_decay,5.07774798927614e-06
168,1789131976.053562,pose/component_0,0.8803775310516357
168,1789131976.053562,pose/component_1,0.02023545652627945
168,1789131976.053562,pose/component_2,0.008335072547197342
168,1789131976.053562,pose/component_3,0.4706164598464966
168,1789131976.053562,pose/component_4,0.0023684760089963675
168,1789131976.053562,pose/component_5,0.0
169,1789131976.2472024,amp/overflow_retries,0.0
169,1789131976.2472024,amp/scale,32.0
169,1789131976.2472024,gradient/clipped_norm,417.75714111328125
169,1789131976.2472024,images/detect,0.0
169,1789131976.2472024,images/pose,16.0
169,1789131976.2472024,loss/backward,81.93373107910156
169,1789131976.2472024,loss/detect_mean,0.0
169,1789131976.2472024,loss/joint_mean,1.280214548110962
169,1789131976.2472024,loss/pose_mean,1.280214548110962
169,1789131976.2472024,lr/attention.decay,0.0
169,1789131976.2472024,lr/attention.no_decay,0.0
169,1789131976.2472024,lr/backbone.decay,0.0
169,1789131976.2472024,lr/backbone.no_decay,0.0
169,1789131976.2472024,lr/detect_head.decay,0.0
169,1789131976.2472024,lr/detect_head.no_decay,0.0
169,1789131976.2472024,lr/neck.decay,0.0
169,1789131976.2472024,lr/neck.no_decay,0.0
169,1789131976.2472024,lr/pose_head.decay,5.1018766756032175e-06
169,1789131976.2472024,lr/pose_head.no_decay,5.1018766756032175e-06
169,1789131976.2472024,pose/component_0,0.872838020324707
169,1789131976.2472024,pose/component_1,0.01451287791132927
169,1789131976.2472024,pose/component_2,0.021173441782593727
169,1789131976.2472024,pose/component_3,0.43456313014030457
169,1789131976.2472024,pose/component_4,0.002386372769251466
169,1789131976.2472024,pose/component_5,0.0
170,1789131976.4408472,amp/overflow_retries,0.0
170,1789131976.4408472,amp/scale,32.0
170,1789131976.4408472,gradient/clipped_norm,338.2734069824219
170,1789131976.4408472,images/detect,0.0
170,1789131976.4408472,images/pose,16.0
170,1789131976.4408472,loss/backward,70.53500366210938
170,1789131976.4408472,loss/detect_mean,0.0
170,1789131976.4408472,loss/joint_mean,1.102109432220459
170,1789131976.4408472,loss/pose_mean,1.102109432220459
170,1789131976.4408472,lr/attention.decay,0.0
170,1789131976.4408472,lr/attention.no_decay,0.0
170,1789131976.4408472,lr/backbone.decay,0.0
170,1789131976.4408472,lr/backbone.no_decay,0.0
170,1789131976.4408472,lr/detect_head.decay,0.0
170,1789131976.4408472,lr/detect_head.no_decay,0.0
170,1789131976.4408472,lr/neck.decay,0.0
170,1789131976.4408472,lr/neck.no_decay,0.0
170,1789131976.4408472,lr/pose_head.decay,5.1260053619302954e-06
170,1789131976.4408472,lr/pose_head.no_decay,5.1260053619302954e-06
170,1789131976.4408472,pose/component_0,0.7517306208610535
170,1789131976.4408472,pose/component_1,0.017891407012939453
170,1789131976.4408472,pose/component_2,0.0072027756832540035
170,1789131976.4408472,pose/component_3,0.3476681113243103
170,1789131976.4408472,pose/component_4,0.002111444715410471
170,1789131976.4408472,pose/component_5,0.0
171,1789131976.6332903,amp/overflow_retries,0.0
171,1789131976.6332903,amp/scale,32.0
171,1789131976.6332903,gradient/clipped_norm,351.9737854003906
171,1789131976.6332903,images/detect,0.0
171,1789131976.6332903,images/pose,16.0
171,1789131976.6332903,loss/backward,69.63362884521484
171,1789131976.6332903,loss/detect_mean,0.0
171,1789131976.6332903,loss/joint_mean,1.088025450706482
171,1789131976.6332903,loss/pose_mean,1.088025450706482
171,1789131976.6332903,lr/attention.decay,0.0
171,1789131976.6332903,lr/attention.no_decay,0.0
171,1789131976.6332903,lr/backbone.decay,0.0
171,1789131976.6332903,lr/backbone.no_decay,0.0
171,1789131976.6332903,lr/detect_head.decay,0.0
171,1789131976.6332903,lr/detect_head.no_decay,0.0
171,1789131976.6332903,lr/neck.decay,0.0
171,1789131976.6332903,lr/neck.no_decay,0.0
171,1789131976.6332903,lr/pose_head.decay,5.1501340482573725e-06
171,1789131976.6332903,lr/pose_head.no_decay,5.1501340482573725e-06
171,1789131976.6332903,pose/component_0,0.7646545767784119
171,1789131976.6332903,pose/component_1,0.008181773126125336
171,1789131976.6332903,pose/component_2,0.0009789281757548451
171,1789131976.6332903,pose/component_3,0.43023189902305603
171,1789131976.6332903,pose/component_4,0.0023808968253433704
171,1789131976.6332903,pose/component_5,0.0
172,1789131976.8266225,amp/overflow_retries,0.0
172,1789131976.8266225,amp/scale,32.0
172,1789131976.8266225,gradient/clipped_norm,313.52044677734375
172,1789131976.8266225,images/detect,0.0
172,1789131976.8266225,images/pose,16.0
172,1789131976.8266225,loss/backward,67.18455505371094
172,1789131976.8266225,loss/detect_mean,0.0
172,1789131976.8266225,loss/joint_mean,1.0497586727142334
172,1789131976.8266225,loss/pose_mean,1.0497586727142334
172,1789131976.8266225,lr/attention.decay,0.0
172,1789131976.8266225,lr/attention.no_decay,0.0
172,1789131976.8266225,lr/backbone.decay,0.0
172,1789131976.8266225,lr/backbone.no_decay,0.0
172,1789131976.8266225,lr/detect_head.decay,0.0
172,1789131976.8266225,lr/detect_head.no_decay,0.0
172,1789131976.8266225,lr/neck.decay,0.0
172,1789131976.8266225,lr/neck.no_decay,0.0
172,1789131976.8266225,lr/pose_head.decay,5.174262734584451e-06
172,1789131976.8266225,lr/pose_head.no_decay,5.174262734584451e-06
172,1789131976.8266225,pose/component_0,0.7277321815490723
172,1789131976.8266225,pose/component_1,0.01994914747774601
172,1789131976.8266225,pose/component_2,0.010277604684233665
172,1789131976.8266225,pose/component_3,0.3134905993938446
172,1789131976.8266225,pose/component_4,0.002110953675583005
172,1789131976.8266225,pose/component_5,0.0
173,1789131977.0202014,amp/overflow_retries,0.0
173,1789131977.0202014,amp/scale,32.0
173,1789131977.0202014,gradient/clipped_norm,261.5548095703125
173,1789131977.0202014,images/detect,0.0
173,1789131977.0202014,images/pose,16.0
173,1789131977.0202014,loss/backward,58.2226448059082
173,1789131977.0202014,loss/detect_mean,0.0
173,1789131977.0202014,loss/joint_mean,0.9097288250923157
173,1789131977.0202014,loss/pose_mean,0.9097288250923157
173,1789131977.0202014,lr/attention.decay,0.0
173,1789131977.0202014,lr/attention.no_decay,0.0
173,1789131977.0202014,lr/backbone.decay,0.0
173,1789131977.0202014,lr/backbone.no_decay,0.0
173,1789131977.0202014,lr/detect_head.decay,0.0
173,1789131977.0202014,lr/detect_head.no_decay,0.0
173,1789131977.0202014,lr/neck.decay,0.0
173,1789131977.0202014,lr/neck.no_decay,0.0
173,1789131977.0202014,lr/pose_head.decay,5.1983914209115284e-06
173,1789131977.0202014,lr/pose_head.no_decay,5.1983914209115284e-06
173,1789131977.0202014,pose/component_0,0.6091034412384033
173,1789131977.0202014,pose/component_1,0.007291725836694241
173,1789131977.0202014,pose/component_2,0.02256259135901928
173,1789131977.0202014,pose/component_3,0.26675036549568176
173,1789131977.0202014,pose/component_4,0.0027128111105412245
173,1789131977.0202014,pose/component_5,0.0
174,1789131977.2132506,amp/overflow_retries,0.0
174,1789131977.2132506,amp/scale,32.0
174,1789131977.2132506,gradient/clipped_norm,371.57989501953125
174,1789131977.2132506,images/detect,0.0
174,1789131977.2132506,images/pose,16.0
174,1789131977.2132506,loss/backward,94.23585510253906
174,1789131977.2132506,loss/detect_mean,0.0
174,1789131977.2132506,loss/joint_mean,1.4724352359771729
174,1789131977.2132506,loss/pose_mean,1.4724352359771729
174,1789131977.2132506,lr/attention.decay,0.0
174,1789131977.2132506,lr/attention.no_decay,0.0
174,1789131977.2132506,lr/backbone.decay,0.0
174,1789131977.2132506,lr/backbone.no_decay,0.0
174,1789131977.2132506,lr/detect_head.decay,0.0
174,1789131977.2132506,lr/detect_head.no_decay,0.0
174,1789131977.2132506,lr/neck.decay,0.0
174,1789131977.2132506,lr/neck.no_decay,0.0
174,1789131977.2132506,lr/pose_head.decay,5.222520107238606e-06
174,1789131977.2132506,lr/pose_head.no_decay,5.222520107238606e-06
174,1789131977.2132506,pose/component_0,1.0930222272872925
174,1789131977.2132506,pose/component_1,0.039009179919958115
174,1789131977.2132506,pose/component_2,0.0021075140684843063
174,1789131977.2132506,pose/component_3,0.5207559466362
174,1789131977.2132506,pose/component_4,0.002783006988465786
174,1789131977.2132506,pose/component_5,0.0
175,1789131977.40621,amp/overflow_retries,0.0
175,1789131977.40621,amp/scale,32.0
175,1789131977.40621,gradient/clipped_norm,284.0924377441406
175,1789131977.40621,images/detect,0.0
175,1789131977.40621,images/pose,16.0
175,1789131977.40621,loss/backward,79.75689697265625
175,1789131977.40621,loss/detect_mean,0.0
175,1789131977.40621,loss/joint_mean,1.246201515197754
175,1789131977.40621,loss/pose_mean,1.246201515197754
175,1789131977.40621,lr/attention.decay,0.0
175,1789131977.40621,lr/attention.no_decay,0.0
175,1789131977.40621,lr/backbone.decay,0.0
175,1789131977.40621,lr/backbone.no_decay,0.0
175,1789131977.40621,lr/detect_head.decay,0.0
175,1789131977.40621,lr/detect_head.no_decay,0.0
175,1789131977.40621,lr/neck.decay,0.0
175,1789131977.40621,lr/neck.no_decay,0.0
175,1789131977.40621,lr/pose_head.decay,5.246648793565684e-06
175,1789131977.40621,lr/pose_head.no_decay,5.246648793565684e-06
175,1789131977.40621,pose/component_0,0.91606605052948
175,1789131977.40621,pose/component_1,0.01984366774559021
175,1789131977.40621,pose/component_2,0.00855420995503664
175,1789131977.40621,pose/component_3,0.453948050737381
175,1789131977.40621,pose/component_4,0.0033432980999350548
175,1789131977.40621,pose/component_5,0.0
176,1789131977.599309,amp/overflow_retries,0.0
176,1789131977.599309,amp/scale,32.0
176,1789131977.599309,gradient/clipped_norm,306.8275451660156
176,1789131977.599309,images/detect,0.0
176,1789131977.599309,images/pose,16.0
176,1789131977.599309,loss/backward,66.54619598388672
176,1789131977.599309,loss/detect_mean,0.0
176,1789131977.599309,loss/joint_mean,1.03978431224823
176,1789131977.599309,loss/pose_mean,1.03978431224823
176,1789131977.599309,lr/attention.decay,0.0
176,1789131977.599309,lr/attention.no_decay,0.0
176,1789131977.599309,lr/backbone.decay,0.0
176,1789131977.599309,lr/backbone.no_decay,0.0
176,1789131977.599309,lr/detect_head.decay,0.0
176,1789131977.599309,lr/detect_head.no_decay,0.0
176,1789131977.599309,lr/neck.decay,0.0
176,1789131977.599309,lr/neck.no_decay,0.0
176,1789131977.599309,lr/pose_head.decay,5.2707774798927614e-06
176,1789131977.599309,lr/pose_head.no_decay,5.2707774798927614e-06
176,1789131977.599309,pose/component_0,0.760323703289032
176,1789131977.599309,pose/component_1,0.009264691732823849
176,1789131977.599309,pose/component_2,0.0034675810020416975
176,1789131977.599309,pose/component_3,0.26538383960723877
176,1789131977.599309,pose/component_4,0.0025381494779139757
176,1789131977.599309,pose/component_5,0.0
177,1789131977.7926385,amp/overflow_retries,0.0
177,1789131977.7926385,amp/scale,32.0
177,1789131977.7926385,gradient/clipped_norm,320.04046630859375
177,1789131977.7926385,images/detect,0.0
177,1789131977.7926385,images/pose,16.0
177,1789131977.7926385,loss/backward,78.73181915283203
177,1789131977.7926385,loss/detect_mean,0.0
177,1789131977.7926385,loss/joint_mean,1.2301846742630005
177,1789131977.7926385,loss/pose_mean,1.2301846742630005
177,1789131977.7926385,lr/attention.decay,0.0
177,1789131977.7926385,lr/attention.no_decay,0.0
177,1789131977.7926385,lr/backbone.decay,0.0
177,1789131977.7926385,lr/backbone.no_decay,0.0
177,1789131977.7926385,lr/detect_head.decay,0.0
177,1789131977.7926385,lr/detect_head.no_decay,0.0
177,1789131977.7926385,lr/neck.decay,0.0
177,1789131977.7926385,lr/neck.no_decay,0.0
177,1789131977.7926385,lr/pose_head.decay,5.294906166219839e-06
177,1789131977.7926385,lr/pose_head.no_decay,5.294906166219839e-06
177,1789131977.7926385,pose/component_0,0.8100612163543701
177,1789131977.7926385,pose/component_1,0.020369458943605423
177,1789131977.7926385,pose/component_2,0.009290516376495361
177,1789131977.7926385,pose/component_3,0.48464614152908325
177,1789131977.7926385,pose/component_4,0.0025094514712691307
177,1789131977.7926385,pose/component_5,0.0
178,1789131977.9854903,amp/overflow_retries,0.0
178,1789131977.9854903,amp/scale,32.0
178,1789131977.9854903,gradient/clipped_norm,311.2790832519531
178,1789131977.9854903,images/detect,0.0
178,1789131977.9854903,images/pose,16.0
178,1789131977.9854903,loss/backward,85.10562896728516
178,1789131977.9854903,loss/detect_mean,0.0
178,1789131977.9854903,loss/joint_mean,1.3297754526138306
178,1789131977.9854903,loss/pose_mean,1.3297754526138306
178,1789131977.9854903,lr/attention.decay,0.0
178,1789131977.9854903,lr/attention.no_decay,0.0
178,1789131977.9854903,lr/backbone.decay,0.0
178,1789131977.9854903,lr/backbone.no_decay,0.0
178,1789131977.9854903,lr/detect_head.decay,0.0
178,1789131977.9854903,lr/detect_head.no_decay,0.0
178,1789131977.9854903,lr/neck.decay,0.0
178,1789131977.9854903,lr/neck.no_decay,0.0
178,1789131977.9854903,lr/pose_head.decay,5.319034852546917e-06
178,1789131977.9854903,lr/pose_head.no_decay,5.319034852546917e-06
178,1789131977.9854903,pose/component_0,1.0577809810638428
178,1789131977.9854903,pose/component_1,0.04005243256688118
178,1789131977.9854903,pose/component_2,0.01849108561873436
178,1789131977.9854903,pose/component_3,0.3990407884120941
178,1789131977.9854903,pose/component_4,0.0034465861972421408
178,1789131977.9854903,pose/component_5,0.0
179,1789131978.179327,amp/overflow_retries,0.0
179,1789131978.179327,amp/scale,32.0
179,1789131978.179327,gradient/clipped_norm,323.6980895996094
179,1789131978.179327,images/detect,0.0
179,1789131978.179327,images/pose,16.0
179,1789131978.179327,loss/backward,59.93378448486328
179,1789131978.179327,loss/detect_mean,0.0
179,1789131978.179327,loss/joint_mean,0.9364653825759888
179,1789131978.179327,loss/pose_mean,0.9364653825759888
179,1789131978.179327,lr/attention.decay,0.0
179,1789131978.179327,lr/attention.no_decay,0.0
179,1789131978.179327,lr/backbone.decay,0.0
179,1789131978.179327,lr/backbone.no_decay,0.0
179,1789131978.179327,lr/detect_head.decay,0.0
179,1789131978.179327,lr/detect_head.no_decay,0.0
179,1789131978.179327,lr/neck.decay,0.0
179,1789131978.179327,lr/neck.no_decay,0.0
179,1789131978.179327,lr/pose_head.decay,5.343163538873995e-06
179,1789131978.179327,lr/pose_head.no_decay,5.343163538873995e-06
179,1789131978.179327,pose/component_0,0.7123052477836609
179,1789131978.179327,pose/component_1,0.01794910430908203
179,1789131978.179327,pose/component_2,0.010756349191069603
179,1789131978.179327,pose/component_3,0.3143073320388794
179,1789131978.179327,pose/component_4,0.002704750979319215
179,1789131978.179327,pose/component_5,0.0
180,1789131978.3722572,amp/overflow_retries,0.0
180,1789131978.3722572,amp/scale,32.0
180,1789131978.3722572,gradient/clipped_norm,2776.459716796875
180,1789131978.3722572,images/detect,0.0
180,1789131978.3722572,images/pose,16.0
180,1789131978.3722572,loss/backward,102.76469421386719
180,1789131978.3722572,loss/detect_mean,0.0
180,1789131978.3722572,loss/joint_mean,1.6056983470916748
180,1789131978.3722572,loss/pose_mean,1.6056983470916748
180,1789131978.3722572,lr/attention.decay,0.0
180,1789131978.3722572,lr/attention.no_decay,0.0
180,1789131978.3722572,lr/backbone.decay,0.0
180,1789131978.3722572,lr/backbone.no_decay,0.0
180,1789131978.3722572,lr/detect_head.decay,0.0
180,1789131978.3722572,lr/detect_head.no_decay,0.0
180,1789131978.3722572,lr/neck.decay,0.0
180,1789131978.3722572,lr/neck.no_decay,0.0
180,1789131978.3722572,lr/pose_head.decay,5.367292225201073e-06
180,1789131978.3722572,lr/pose_head.no_decay,5.367292225201073e-06
180,1789131978.3722572,pose/component_0,0.9698406457901001
180,1789131978.3722572,pose/component_1,0.08749409019947052
180,1789131978.3722572,pose/component_2,0.009112057276070118
180,1789131978.3722572,pose/component_3,0.437849223613739
180,1789131978.3722572,pose/component_4,0.0032646346371620893
180,1789131978.3722572,pose/component_5,0.0
181,1789131978.565768,amp/overflow_retries,0.0
181,1789131978.565768,amp/scale,32.0
181,1789131978.565768,gradient/clipped_norm,404.4610900878906
181,1789131978.565768,images/detect,0.0
181,1789131978.565768,images/pose,16.0
181,1789131978.565768,loss/backward,94.85029602050781
181,1789131978.565768,loss/detect_mean,0.0
181,1789131978.565768,loss/joint_mean,1.4820358753204346
181,1789131978.565768,loss/pose_mean,1.4820358753204346
181,1789131978.565768,lr/attention.decay,0.0
181,1789131978.565768,lr/attention.no_decay,0.0
181,1789131978.565768,lr/backbone.decay,0.0
181,1789131978.565768,lr/backbone.no_decay,0.0
181,1789131978.565768,lr/detect_head.decay,0.0
181,1789131978.565768,lr/detect_head.no_decay,0.0
181,1789131978.565768,lr/neck.decay,0.0
181,1789131978.565768,lr/neck.no_decay,0.0
181,1789131978.565768,lr/pose_head.decay,5.39142091152815e-06
181,1789131978.565768,lr/pose_head.no_decay,5.39142091152815e-06
181,1789131978.565768,pose/component_0,1.1128296852111816
181,1789131978.565768,pose/component_1,0.025267094373703003
181,1789131978.565768,pose/component_2,0.020107965916395187
181,1789131978.565768,pose/component_3,0.431567907333374
181,1789131978.565768,pose/component_4,0.002301399130374193
181,1789131978.565768,pose/component_5,0.0
182,1789131978.7590184,amp/overflow_retries,0.0
182,1789131978.7590184,amp/scale,32.0
182,1789131978.7590184,gradient/clipped_norm,334.9693908691406
182,1789131978.7590184,images/detect,0.0
182,1789131978.7590184,images/pose,16.0
182,1789131978.7590184,loss/backward,65.59158325195312
182,1789131978.7590184,loss/detect_mean,0.0
182,1789131978.7590184,loss/joint_mean,1.0248684883117676
182,1789131978.7590184,loss/pose_mean,1.0248684883117676
182,1789131978.7590184,lr/attention.decay,0.0
182,1789131978.7590184,lr/attention.no_decay,0.0
182,1789131978.7590184,lr/backbone.decay,0.0
182,1789131978.7590184,lr/backbone.no_decay,0.0
182,1789131978.7590184,lr/detect_head.decay,0.0
182,1789131978.7590184,lr/detect_head.no_decay,0.0
182,1789131978.7590184,lr/neck.decay,0.0
182,1789131978.7590184,lr/neck.no_decay,0.0
182,1789131978.7590184,lr/pose_head.decay,5.415549597855228e-06
182,1789131978.7590184,lr/pose_head.no_decay,5.415549597855228e-06
182,1789131978.7590184,pose/component_0,0.6660658121109009
182,1789131978.7590184,pose/component_1,0.015272954478859901
182,1789131978.7590184,pose/component_2,0.0951911062002182
182,1789131978.7590184,pose/component_3,0.29953405261039734
182,1789131978.7590184,pose/component_4,0.002321505919098854
182,1789131978.7590184,pose/component_5,0.0
183,1789131978.9519494,amp/overflow_retries,0.0
183,1789131978.9519494,amp/scale,32.0
183,1789131978.9519494,gradient/clipped_norm,347.74627685546875
183,1789131978.9519494,images/detect,0.0
183,1789131978.9519494,images/pose,16.0
183,1789131978.9519494,loss/backward,73.35403442382812
183,1789131978.9519494,loss/detect_mean,0.0
183,1789131978.9519494,loss/joint_mean,1.1461567878723145
183,1789131978.9519494,loss/pose_mean,1.1461567878723145
183,1789131978.9519494,lr/attention.decay,0.0
183,1789131978.9519494,lr/attention.no_decay,0.0
183,1789131978.9519494,lr/backbone.decay,0.0
183,1789131978.9519494,lr/backbone.no_decay,0.0
183,1789131978.9519494,lr/detect_head.decay,0.0
183,1789131978.9519494,lr/detect_head.no_decay,0.0
183,1789131978.9519494,lr/neck.decay,0.0
183,1789131978.9519494,lr/neck.no_decay,0.0
183,1789131978.9519494,lr/pose_head.decay,5.439678284182306e-06
183,1789131978.9519494,lr/pose_head.no_decay,5.439678284182306e-06
183,1789131978.9519494,pose/component_0,0.8512735366821289
183,1789131978.9519494,pose/component_1,0.014782807789742947
183,1789131978.9519494,pose/component_2,0.015991365537047386
183,1789131978.9519494,pose/component_3,0.2882865369319916
183,1789131978.9519494,pose/component_4,0.003528425469994545
183,1789131978.9519494,pose/component_5,0.0
184,1789131979.1449978,amp/overflow_retries,0.0
184,1789131979.1449978,amp/scale,32.0
184,1789131979.1449978,gradient/clipped_norm,309.70025634765625
184,1789131979.1449978,images/detect,0.0
184,1789131979.1449978,images/pose,16.0
184,1789131979.1449978,loss/backward,64.69210815429688
184,1789131979.1449978,loss/detect_mean,0.0
184,1789131979.1449978,loss/joint_mean,1.0108141899108887
184,1789131979.1449978,loss/pose_mean,1.0108141899108887
184,1789131979.1449978,lr/attention.decay,0.0
184,1789131979.1449978,lr/attention.no_decay,0.0
184,1789131979.1449978,lr/backbone.decay,0.0
184,1789131979.1449978,lr/backbone.no_decay,0.0
184,1789131979.1449978,lr/detect_head.decay,0.0
184,1789131979.1449978,lr/detect_head.no_decay,0.0
184,1789131979.1449978,lr/neck.decay,0.0
184,1789131979.1449978,lr/neck.no_decay,0.0
184,1789131979.1449978,lr/pose_head.decay,5.463806970509384e-06
184,1789131979.1449978,lr/pose_head.no_decay,5.463806970509384e-06
184,1789131979.1449978,pose/component_0,0.7759077548980713
184,1789131979.1449978,pose/component_1,0.015270830132067204
184,1789131979.1449978,pose/component_2,0.010921217501163483
184,1789131979.1449978,pose/component_3,0.2582959830760956
184,1789131979.1449978,pose/component_4,0.0018829058390110731
184,1789131979.1449978,pose/component_5,0.0
185,1789131979.338001,amp/overflow_retries,0.0
185,1789131979.338001,amp/scale,32.0
185,1789131979.338001,gradient/clipped_norm,294.42559814453125
185,1789131979.338001,images/detect,0.0
185,1789131979.338001,images/pose,16.0
185,1789131979.338001,loss/backward,78.58037567138672
185,1789131979.338001,loss/detect_mean,0.0
185,1789131979.338001,loss/joint_mean,1.2278183698654175
185,1789131979.338001,loss/pose_mean,1.2278183698654175
185,1789131979.338001,lr/attention.decay,0.0
185,1789131979.338001,lr/attention.no_decay,0.0
185,1789131979.338001,lr/backbone.decay,0.0
185,1789131979.338001,lr/backbone.no_decay,0.0
185,1789131979.338001,lr/detect_head.decay,0.0
185,1789131979.338001,lr/detect_head.no_decay,0.0
185,1789131979.338001,lr/neck.decay,0.0
185,1789131979.338001,lr/neck.no_decay,0.0
185,1789131979.338001,lr/pose_head.decay,5.487935656836461e-06
185,1789131979.338001,lr/pose_head.no_decay,5.487935656836461e-06
185,1789131979.338001,pose/component_0,0.7997798919677734
185,1789131979.338001,pose/component_1,0.053935032337903976
185,1789131979.338001,pose/component_2,0.07722946256399155
185,1789131979.338001,pose/component_3,0.40683475136756897
185,1789131979.338001,pose/component_4,0.0037806928157806396
185,1789131979.338001,pose/component_5,0.0
186,1789131979.5317268,amp/overflow_retries,0.0
186,1789131979.5317268,amp/scale,32.0
186,1789131979.5317268,gradient/clipped_norm,275.1231689453125
186,1789131979.5317268,images/detect,0.0
186,1789131979.5317268,images/pose,16.0
186,1789131979.5317268,loss/backward,64.1011962890625
186,1789131979.5317268,loss/detect_mean,0.0
186,1789131979.5317268,loss/joint_mean,1.0015811920166016
186,1789131979.5317268,loss/pose_mean,1.0015811920166016
186,1789131979.5317268,lr/attention.decay,0.0
186,1789131979.5317268,lr/attention.no_decay,0.0
186,1789131979.5317268,lr/backbone.decay,0.0
186,1789131979.5317268,lr/backbone.no_decay,0.0
186,1789131979.5317268,lr/detect_head.decay,0.0
186,1789131979.5317268,lr/detect_head.no_decay,0.0
186,1789131979.5317268,lr/neck.decay,0.0
186,1789131979.5317268,lr/neck.no_decay,0.0
186,1789131979.5317268,lr/pose_head.decay,5.512064343163539e-06
186,1789131979.5317268,lr/pose_head.no_decay,5.512064343163539e-06
186,1789131979.5317268,pose/component_0,0.7243828773498535
186,1789131979.5317268,pose/component_1,0.011479666456580162
186,1789131979.5317268,pose/component_2,0.002957727760076523
186,1789131979.5317268,pose/component_3,0.28000399470329285
186,1789131979.5317268,pose/component_4,0.002315124496817589
186,1789131979.5317268,pose/component_5,0.0
187,1789131979.7245262,amp/overflow_retries,0.0
187,1789131979.7245262,amp/scale,32.0
187,1789131979.7245262,gradient/clipped_norm,408.8919372558594
187,1789131979.7245262,images/detect,0.0
187,1789131979.7245262,images/pose,16.0
187,1789131979.7245262,loss/backward,87.84761810302734
187,1789131979.7245262,loss/detect_mean,0.0
187,1789131979.7245262,loss/joint_mean,1.3726190328598022
187,1789131979.7245262,loss/pose_mean,1.3726190328598022
187,1789131979.7245262,lr/attention.decay,0.0
187,1789131979.7245262,lr/attention.no_decay,0.0
187,1789131979.7245262,lr/backbone.decay,0.0
187,1789131979.7245262,lr/backbone.no_decay,0.0
187,1789131979.7245262,lr/detect_head.decay,0.0
187,1789131979.7245262,lr/detect_head.no_decay,0.0
187,1789131979.7245262,lr/neck.decay,0.0
187,1789131979.7245262,lr/neck.no_decay,0.0
187,1789131979.7245262,lr/pose_head.decay,5.536193029490617e-06
187,1789131979.7245262,lr/pose_head.no_decay,5.536193029490617e-06
187,1789131979.7245262,pose/component_0,0.9798344373703003
187,1789131979.7245262,pose/component_1,0.03750547021627426
187,1789131979.7245262,pose/component_2,0.030459458008408546
187,1789131979.7245262,pose/component_3,0.4619717001914978
187,1789131979.7245262,pose/component_4,0.0023893527686595917
187,1789131979.7245262,pose/component_5,0.0
188,1789131979.9193187,amp/overflow_retries,0.0
188,1789131979.9193187,amp/scale,32.0
188,1789131979.9193187,gradient/clipped_norm,305.5627136230469
188,1789131979.9193187,images/detect,0.0
188,1789131979.9193187,images/pose,16.0
188,1789131979.9193187,loss/backward,74.95864868164062
188,1789131979.9193187,loss/detect_mean,0.0
188,1789131979.9193187,loss/joint_mean,1.1712288856506348
188,1789131979.9193187,loss/pose_mean,1.1712288856506348
188,1789131979.9193187,lr/attention.decay,0.0
188,1789131979.9193187,lr/attention.no_decay,0.0
188,1789131979.9193187,lr/backbone.decay,0.0
188,1789131979.9193187,lr/backbone.no_decay,0.0
188,1789131979.9193187,lr/detect_head.decay,0.0
188,1789131979.9193187,lr/detect_head.no_decay,0.0
188,1789131979.9193187,lr/neck.decay,0.0
188,1789131979.9193187,lr/neck.no_decay,0.0
188,1789131979.9193187,lr/pose_head.decay,5.560321715817695e-06
188,1789131979.9193187,lr/pose_head.no_decay,5.560321715817695e-06
188,1789131979.9193187,pose/component_0,0.8590141534805298
188,1789131979.9193187,pose/component_1,0.009320367127656937
188,1789131979.9193187,pose/component_2,0.006117330398410559
188,1789131979.9193187,pose/component_3,0.334786057472229
188,1789131979.9193187,pose/component_4,0.0026271245442330837
188,1789131979.9193187,pose/component_5,0.0
189,1789131980.1131566,amp/overflow_retries,0.0
189,1789131980.1131566,amp/scale,32.0
189,1789131980.1131566,gradient/clipped_norm,333.6363830566406
189,1789131980.1131566,images/detect,0.0
189,1789131980.1131566,images/pose,16.0
189,1789131980.1131566,loss/backward,84.45540618896484
189,1789131980.1131566,loss/detect_mean,0.0
189,1789131980.1131566,loss/joint_mean,1.3196157217025757
189,1789131980.1131566,loss/pose_mean,1.3196157217025757
189,1789131980.1131566,lr/attention.decay,0.0
189,1789131980.1131566,lr/attention.no_decay,0.0
189,1789131980.1131566,lr/backbone.decay,0.0
189,1789131980.1131566,lr/backbone.no_decay,0.0
189,1789131980.1131566,lr/detect_head.decay,0.0
189,1789131980.1131566,lr/detect_head.no_decay,0.0
189,1789131980.1131566,lr/neck.decay,0.0
189,1789131980.1131566,lr/neck.no_decay,0.0
189,1789131980.1131566,lr/pose_head.decay,5.584450402144773e-06
189,1789131980.1131566,lr/pose_head.no_decay,5.584450402144773e-06
189,1789131980.1131566,pose/component_0,0.9601919651031494
189,1789131980.1131566,pose/component_1,0.06234331429004669
189,1789131980.1131566,pose/component_2,0.009154119528830051
189,1789131980.1131566,pose/component_3,0.4022473096847534
189,1789131980.1131566,pose/component_4,0.0028836908750236034
189,1789131980.1131566,pose/component_5,0.0
190,1789131980.3064399,amp/overflow_retries,0.0
190,1789131980.3064399,amp/scale,32.0
190,1789131980.3064399,gradient/clipped_norm,3125.116943359375
190,1789131980.3064399,images/detect,0.0
190,1789131980.3064399,images/pose,16.0
190,1789131980.3064399,loss/backward,99.94902801513672
190,1789131980.3064399,loss/detect_mean,0.0
190,1789131980.3064399,loss/joint_mean,1.5617035627365112
190,1789131980.3064399,loss/pose_mean,1.5617035627365112
190,1789131980.3064399,lr/attention.decay,0.0
190,1789131980.3064399,lr/attention.no_decay,0.0
190,1789131980.3064399,lr/backbone.decay,0.0
190,1789131980.3064399,lr/backbone.no_decay,0.0
190,1789131980.3064399,lr/detect_head.decay,0.0
190,1789131980.3064399,lr/detect_head.no_decay,0.0
190,1789131980.3064399,lr/neck.decay,0.0
190,1789131980.3064399,lr/neck.no_decay,0.0
190,1789131980.3064399,lr/pose_head.decay,5.60857908847185e-06
190,1789131980.3064399,lr/pose_head.no_decay,5.60857908847185e-06
190,1789131980.3064399,pose/component_0,0.6668642163276672
190,1789131980.3064399,pose/component_1,0.019319556653499603
190,1789131980.3064399,pose/component_2,0.052799712866544724
190,1789131980.3064399,pose/component_3,0.42759573459625244
190,1789131980.3064399,pose/component_4,0.0037378063425421715
190,1789131980.3064399,pose/component_5,0.0
191,1789131980.4993575,amp/overflow_retries,0.0
191,1789131980.4993575,amp/scale,32.0
191,1789131980.4993575,gradient/clipped_norm,294.27557373046875
191,1789131980.4993575,images/detect,0.0
191,1789131980.4993575,images/pose,16.0
191,1789131980.4993575,loss/backward,67.5516357421875
191,1789131980.4993575,loss/detect_mean,0.0
191,1789131980.4993575,loss/joint_mean,1.0554943084716797
191,1789131980.4993575,loss/pose_mean,1.0554943084716797
191,1789131980.4993575,lr/attention.decay,0.0
191,1789131980.4993575,lr/attention.no_decay,0.0
191,1789131980.4993575,lr/backbone.decay,0.0
191,1789131980.4993575,lr/backbone.no_decay,0.0
191,1789131980.4993575,lr/detect_head.decay,0.0
191,1789131980.4993575,lr/detect_head.no_decay,0.0
191,1789131980.4993575,lr/neck.decay,0.0
191,1789131980.4993575,lr/neck.no_decay,0.0
191,1789131980.4993575,lr/pose_head.decay,5.632707774798928e-06
191,1789131980.4993575,lr/pose_head.no_decay,5.632707774798928e-06
191,1789131980.4993575,pose/component_0,0.6996352076530457
191,1789131980.4993575,pose/component_1,0.011592593044042587
191,1789131980.4993575,pose/component_2,0.0685441792011261
191,1789131980.4993575,pose/component_3,0.26678699254989624
191,1789131980.4993575,pose/component_4,0.0022040714975446463
191,1789131980.4993575,pose/component_5,0.0
192,1789131980.6924882,amp/overflow_retries,0.0
192,1789131980.6924882,amp/scale,32.0
192,1789131980.6924882,gradient/clipped_norm,290.8289489746094
192,1789131980.6924882,images/detect,0.0
192,1789131980.6924882,images/pose,16.0
192,1789131980.6924882,loss/backward,89.50621795654297
192,1789131980.6924882,loss/detect_mean,0.0
192,1789131980.6924882,loss/joint_mean,1.3985346555709839
192,1789131980.6924882,loss/pose_mean,1.3985346555709839
192,1789131980.6924882,lr/attention.decay,0.0
192,1789131980.6924882,lr/attention.no_decay,0.0
192,1789131980.6924882,lr/backbone.decay,0.0
192,1789131980.6924882,lr/backbone.no_decay,0.0
192,1789131980.6924882,lr/detect_head.decay,0.0
192,1789131980.6924882,lr/detect_head.no_decay,0.0
192,1789131980.6924882,lr/neck.decay,0.0
192,1789131980.6924882,lr/neck.no_decay,0.0
192,1789131980.6924882,lr/pose_head.decay,5.656836461126006e-06
192,1789131980.6924882,lr/pose_head.no_decay,5.656836461126006e-06
192,1789131980.6924882,pose/component_0,0.8969241976737976
192,1789131980.6924882,pose/component_1,0.0351300910115242
192,1789131980.6924882,pose/component_2,0.006345404777675867
192,1789131980.6924882,pose/component_3,0.5505505204200745
192,1789131980.6924882,pose/component_4,0.0025028889067471027
192,1789131980.6924882,pose/component_5,0.0
193,1789131980.8870304,amp/overflow_retries,0.0
193,1789131980.8870304,amp/scale,32.0
193,1789131980.8870304,gradient/clipped_norm,335.52447509765625
193,1789131980.8870304,images/detect,0.0
193,1789131980.8870304,images/pose,16.0
193,1789131980.8870304,loss/backward,87.18125915527344
193,1789131980.8870304,loss/detect_mean,0.0
193,1789131980.8870304,loss/joint_mean,1.3622071743011475
193,1789131980.8870304,loss/pose_mean,1.3622071743011475
193,1789131980.8870304,lr/attention.decay,0.0
193,1789131980.8870304,lr/attention.no_decay,0.0
193,1789131980.8870304,lr/backbone.decay,0.0
193,1789131980.8870304,lr/backbone.no_decay,0.0
193,1789131980.8870304,lr/detect_head.decay,0.0
193,1789131980.8870304,lr/detect_head.no_decay,0.0
193,1789131980.8870304,lr/neck.decay,0.0
193,1789131980.8870304,lr/neck.no_decay,0.0
193,1789131980.8870304,lr/pose_head.decay,5.680965147453083e-06
193,1789131980.8870304,lr/pose_head.no_decay,5.680965147453083e-06
193,1789131980.8870304,pose/component_0,0.8233723044395447
193,1789131980.8870304,pose/component_1,0.09228621423244476
193,1789131980.8870304,pose/component_2,0.04083676263689995
193,1789131980.8870304,pose/component_3,0.495847225189209
193,1789131980.8870304,pose/component_4,0.002693649847060442
193,1789131980.8870304,pose/component_5,0.0
194,1789131981.0799599,amp/overflow_retries,0.0
194,1789131981.0799599,amp/scale,32.0
194,1789131981.0799599,gradient/clipped_norm,431.05816650390625
194,1789131981.0799599,images/detect,0.0
194,1789131981.0799599,images/pose,16.0
194,1789131981.0799599,loss/backward,82.38175964355469
194,1789131981.0799599,loss/detect_mean,0.0
194,1789131981.0799599,loss/joint_mean,1.287214994430542
194,1789131981.0799599,loss/pose_mean,1.287214994430542
194,1789131981.0799599,lr/attention.decay,0.0
194,1789131981.0799599,lr/attention.no_decay,0.0
194,1789131981.0799599,lr/backbone.decay,0.0
194,1789131981.0799599,lr/backbone.no_decay,0.0
194,1789131981.0799599,lr/detect_head.decay,0.0
194,1789131981.0799599,lr/detect_head.no_decay,0.0
194,1789131981.0799599,lr/neck.decay,0.0
194,1789131981.0799599,lr/neck.no_decay,0.0
194,1789131981.0799599,lr/pose_head.decay,5.705093833780162e-06
194,1789131981.0799599,lr/pose_head.no_decay,5.705093833780162e-06
194,1789131981.0799599,pose/component_0,0.7943372130393982
194,1789131981.0799599,pose/component_1,0.022464903071522713
194,1789131981.0799599,pose/component_2,0.0075575560331344604
194,1789131981.0799599,pose/component_3,0.4263037443161011
194,1789131981.0799599,pose/component_4,0.0027602589689195156
194,1789131981.0799599,pose/component_5,0.0
195,1789131981.2733781,amp/overflow_retries,0.0
195,1789131981.2733781,amp/scale,32.0
195,1789131981.2733781,gradient/clipped_norm,4087.507080078125
195,1789131981.2733781,images/detect,0.0
195,1789131981.2733781,images/pose,16.0
195,1789131981.2733781,loss/backward,109.55496215820312
195,1789131981.2733781,loss/detect_mean,0.0
195,1789131981.2733781,loss/joint_mean,1.7117962837219238
195,1789131981.2733781,loss/pose_mean,1.7117962837219238
195,1789131981.2733781,lr/attention.decay,0.0
195,1789131981.2733781,lr/attention.no_decay,0.0
195,1789131981.2733781,lr/backbone.decay,0.0
195,1789131981.2733781,lr/backbone.no_decay,0.0
195,1789131981.2733781,lr/detect_head.decay,0.0
195,1789131981.2733781,lr/detect_head.no_decay,0.0
195,1789131981.2733781,lr/neck.decay,0.0
195,1789131981.2733781,lr/neck.no_decay,0.0
195,1789131981.2733781,lr/pose_head.decay,5.729222520107239e-06
195,1789131981.2733781,lr/pose_head.no_decay,5.729222520107239e-06
195,1789131981.2733781,pose/component_0,1.188084363937378
195,1789131981.2733781,pose/component_1,0.14253297448158264
195,1789131981.2733781,pose/component_2,0.00845301989465952
195,1789131981.2733781,pose/component_3,0.43577662110328674
195,1789131981.2733781,pose/component_4,0.0023141049314290285
195,1789131981.2733781,pose/component_5,0.0
196,1789131981.466604,amp/overflow_retries,0.0
196,1789131981.466604,amp/scale,32.0
196,1789131981.466604,gradient/clipped_norm,511.1116943359375
196,1789131981.466604,images/detect,0.0
196,1789131981.466604,images/pose,16.0
196,1789131981.466604,loss/backward,71.88426208496094
196,1789131981.466604,loss/detect_mean,0.0
196,1789131981.466604,loss/joint_mean,1.1231915950775146
196,1789131981.466604,loss/pose_mean,1.1231915950775146
196,1789131981.466604,lr/attention.decay,0.0
196,1789131981.466604,lr/attention.no_decay,0.0
196,1789131981.466604,lr/backbone.decay,0.0
196,1789131981.466604,lr/backbone.no_decay,0.0
196,1789131981.466604,lr/detect_head.decay,0.0
196,1789131981.466604,lr/detect_head.no_decay,0.0
196,1789131981.466604,lr/neck.decay,0.0
196,1789131981.466604,lr/neck.no_decay,0.0
196,1789131981.466604,lr/pose_head.decay,5.753351206434317e-06
196,1789131981.466604,lr/pose_head.no_decay,5.753351206434317e-06
196,1789131981.466604,pose/component_0,0.6978623867034912
196,1789131981.466604,pose/component_1,0.01340484619140625
196,1789131981.466604,pose/component_2,0.005518297664821148
196,1789131981.466604,pose/component_3,0.26794442534446716
196,1789131981.466604,pose/component_4,0.001699497690424323
196,1789131981.466604,pose/component_5,0.0
197,1789131981.6597838,amp/overflow_retries,0.0
197,1789131981.6597838,amp/scale,32.0
197,1789131981.6597838,gradient/clipped_norm,264.0448913574219
197,1789131981.6597838,images/detect,0.0
197,1789131981.6597838,images/pose,16.0
197,1789131981.6597838,loss/backward,75.64112091064453
197,1789131981.6597838,loss/detect_mean,0.0
197,1789131981.6597838,loss/joint_mean,1.1818925142288208
197,1789131981.6597838,loss/pose_mean,1.1818925142288208
197,1789131981.6597838,lr/attention.decay,0.0
197,1789131981.6597838,lr/attention.no_decay,0.0
197,1789131981.6597838,lr/backbone.decay,0.0
197,1789131981.6597838,lr/backbone.no_decay,0.0
197,1789131981.6597838,lr/detect_head.decay,0.0
197,1789131981.6597838,lr/detect_head.no_decay,0.0
197,1789131981.6597838,lr/neck.decay,0.0
197,1789131981.6597838,lr/neck.no_decay,0.0
197,1789131981.6597838,lr/pose_head.decay,5.777479892761395e-06
197,1789131981.6597838,lr/pose_head.no_decay,5.777479892761395e-06
197,1789131981.6597838,pose/component_0,0.776576817035675
197,1789131981.6597838,pose/component_1,0.019848868250846863
197,1789131981.6597838,pose/component_2,0.0014620991423726082
197,1789131981.6597838,pose/component_3,0.3838184177875519
197,1789131981.6597838,pose/component_4,0.0021817348897457123
197,1789131981.6597838,pose/component_5,0.0
198,1789131981.8534083,amp/overflow_retries,0.0
198,1789131981.8534083,amp/scale,32.0
198,1789131981.8534083,gradient/clipped_norm,285.6138916015625
198,1789131981.8534083,images/detect,0.0
198,1789131981.8534083,images/pose,16.0
198,1789131981.8534083,loss/backward,67.78172302246094
198,1789131981.8534083,loss/detect_mean,0.0
198,1789131981.8534083,loss/joint_mean,1.0590894222259521
198,1789131981.8534083,loss/pose_mean,1.0590894222259521
198,1789131981.8534083,lr/attention.decay,0.0
198,1789131981.8534083,lr/attention.no_decay,0.0
198,1789131981.8534083,lr/backbone.decay,0.0
198,1789131981.8534083,lr/backbone.no_decay,0.0
198,1789131981.8534083,lr/detect_head.decay,0.0
198,1789131981.8534083,lr/detect_head.no_decay,0.0
198,1789131981.8534083,lr/neck.decay,0.0
198,1789131981.8534083,lr/neck.no_decay,0.0
198,1789131981.8534083,lr/pose_head.decay,5.801608579088472e-06
198,1789131981.8534083,lr/pose_head.no_decay,5.801608579088472e-06
198,1789131981.8534083,pose/component_0,0.7938424944877625
198,1789131981.8534083,pose/component_1,0.013598665595054626
198,1789131981.8534083,pose/component_2,0.003924536984413862
198,1789131981.8534083,pose/component_3,0.36856356263160706
198,1789131981.8534083,pose/component_4,0.0033286737743765116
198,1789131981.8534083,pose/component_5,0.0
199,1789131982.0464098,amp/overflow_retries,0.0
199,1789131982.0464098,amp/scale,32.0
199,1789131982.0464098,gradient/clipped_norm,393.0171203613281
199,1789131982.0464098,images/detect,0.0
199,1789131982.0464098,images/pose,16.0
199,1789131982.0464098,loss/backward,91.43755340576172
199,1789131982.0464098,loss/detect_mean,0.0
199,1789131982.0464098,loss/joint_mean,1.4287117719650269
199,1789131982.0464098,loss/pose_mean,1.4287117719650269
199,1789131982.0464098,lr/attention.decay,0.0
199,1789131982.0464098,lr/attention.no_decay,0.0
199,1789131982.0464098,lr/backbone.decay,0.0
199,1789131982.0464098,lr/backbone.no_decay,0.0
199,1789131982.0464098,lr/detect_head.decay,0.0
199,1789131982.0464098,lr/detect_head.no_decay,0.0
199,1789131982.0464098,lr/neck.decay,0.0
199,1789131982.0464098,lr/neck.no_decay,0.0
199,1789131982.0464098,lr/pose_head.decay,5.825737265415551e-06
199,1789131982.0464098,lr/pose_head.no_decay,5.825737265415551e-06
199,1789131982.0464098,pose/component_0,0.8742952346801758
199,1789131982.0464098,pose/component_1,0.01487663947045803
199,1789131982.0464098,pose/component_2,0.008578060194849968
199,1789131982.0464098,pose/component_3,0.28886649012565613
199,1789131982.0464098,pose/component_4,0.0043742419220507145
199,1789131982.0464098,pose/component_5,0.0
200,1789131982.2393212,amp/overflow_retries,0.0
200,1789131982.2393212,amp/scale,32.0
200,1789131982.2393212,gradient/clipped_norm,442.23785400390625
200,1789131982.2393212,images/detect,0.0
200,1789131982.2393212,images/pose,16.0
200,1789131982.2393212,loss/backward,72.91657257080078
200,1789131982.2393212,loss/detect_mean,0.0
200,1789131982.2393212,loss/joint_mean,1.1393214464187622
200,1789131982.2393212,loss/pose_mean,1.1393214464187622
200,1789131982.2393212,lr/attention.decay,0.0
200,1789131982.2393212,lr/attention.no_decay,0.0
200,1789131982.2393212,lr/backbone.decay,0.0
200,1789131982.2393212,lr/backbone.no_decay,0.0
200,1789131982.2393212,lr/detect_head.decay,0.0
200,1789131982.2393212,lr/detect_head.no_decay,0.0
200,1789131982.2393212,lr/neck.decay,0.0
200,1789131982.2393212,lr/neck.no_decay,0.0
200,1789131982.2393212,lr/pose_head.decay,5.849865951742628e-06
200,1789131982.2393212,lr/pose_head.no_decay,5.849865951742628e-06
200,1789131982.2393212,pose/component_0,0.691270112991333
200,1789131982.2393212,pose/component_1,0.015953760594129562
200,1789131982.2393212,pose/component_2,0.016697226092219353
200,1789131982.2393212,pose/component_3,0.34882819652557373
200,1789131982.2393212,pose/component_4,0.0019399228040128946
200,1789131982.2393212,pose/component_5,0.0
201,1789131982.4329307,amp/overflow_retries,0.0
201,1789131982.4329307,amp/scale,32.0
201,1789131982.4329307,gradient/clipped_norm,264.3197937011719
201,1789131982.4329307,images/detect,0.0
201,1789131982.4329307,images/pose,16.0
201,1789131982.4329307,loss/backward,63.52379608154297
201,1789131982.4329307,loss/detect_mean,0.0
201,1789131982.4329307,loss/joint_mean,0.9925593137741089
201,1789131982.4329307,loss/pose_mean,0.9925593137741089
201,1789131982.4329307,lr/attention.decay,0.0
201,1789131982.4329307,lr/attention.no_decay,0.0
201,1789131982.4329307,lr/backbone.decay,0.0
201,1789131982.4329307,lr/backbone.no_decay,0.0
201,1789131982.4329307,lr/detect_head.decay,0.0
201,1789131982.4329307,lr/detect_head.no_decay,0.0
201,1789131982.4329307,lr/neck.decay,0.0
201,1789131982.4329307,lr/neck.no_decay,0.0
201,1789131982.4329307,lr/pose_head.decay,5.873994638069705e-06
201,1789131982.4329307,lr/pose_head.no_decay,5.873994638069705e-06
201,1789131982.4329307,pose/component_0,0.698676586151123
201,1789131982.4329307,pose/component_1,0.007464890833944082
201,1789131982.4329307,pose/component_2,0.005976335145533085
201,1789131982.4329307,pose/component_3,0.5122805833816528
201,1789131982.4329307,pose/component_4,0.00232945685274899
201,1789131982.4329307,pose/component_5,0.0
202,1789131982.626058,amp/overflow_retries,0.0
202,1789131982.626058,amp/scale,32.0
202,1789131982.626058,gradient/clipped_norm,315.54632568359375
202,1789131982.626058,images/detect,0.0
202,1789131982.626058,images/pose,16.0
202,1789131982.626058,loss/backward,81.18572998046875
202,1789131982.626058,loss/detect_mean,0.0
202,1789131982.626058,loss/joint_mean,1.2685270309448242
202,1789131982.626058,loss/pose_mean,1.2685270309448242
202,1789131982.626058,lr/attention.decay,0.0
202,1789131982.626058,lr/attention.no_decay,0.0
202,1789131982.626058,lr/backbone.decay,0.0
202,1789131982.626058,lr/backbone.no_decay,0.0
202,1789131982.626058,lr/detect_head.decay,0.0
202,1789131982.626058,lr/detect_head.no_decay,0.0
202,1789131982.626058,lr/neck.decay,0.0
202,1789131982.626058,lr/neck.no_decay,0.0
202,1789131982.626058,lr/pose_head.decay,5.898123324396784e-06
202,1789131982.626058,lr/pose_head.no_decay,5.898123324396784e-06
202,1789131982.626058,pose/component_0,0.8657419085502625
202,1789131982.626058,pose/component_1,0.03390029817819595
202,1789131982.626058,pose/component_2,0.028211306780576706
202,1789131982.626058,pose/component_3,0.5003374814987183
202,1789131982.626058,pose/component_4,0.0037797149270772934
202,1789131982.626058,pose/component_5,0.0
203,1789131982.8188393,amp/overflow_retries,0.0
203,1789131982.8188393,amp/scale,32.0
203,1789131982.8188393,gradient/clipped_norm,314.9945068359375
203,1789131982.8188393,images/detect,0.0
203,1789131982.8188393,images/pose,16.0
203,1789131982.8188393,loss/backward,61.651023864746094
203,1789131982.8188393,loss/detect_mean,0.0
203,1789131982.8188393,loss/joint_mean,0.9632972478866577
203,1789131982.8188393,loss/pose_mean,0.9632972478866577
203,1789131982.8188393,lr/attention.decay,0.0
203,1789131982.8188393,lr/attention.no_decay,0.0
203,1789131982.8188393,lr/backbone.decay,0.0
203,1789131982.8188393,lr/backbone.no_decay,0.0
203,1789131982.8188393,lr/detect_head.decay,0.0
203,1789131982.8188393,lr/detect_head.no_decay,0.0
203,1789131982.8188393,lr/neck.decay,0.0
203,1789131982.8188393,lr/neck.no_decay,0.0
203,1789131982.8188393,lr/pose_head.decay,5.922252010723861e-06
203,1789131982.8188393,lr/pose_head.no_decay,5.922252010723861e-06
203,1789131982.8188393,pose/component_0,0.5622172951698303
203,1789131982.8188393,pose/component_1,0.015510236844420433
203,1789131982.8188393,pose/component_2,0.0030993695836514235
203,1789131982.8188393,pose/component_3,0.34338587522506714
203,1789131982.8188393,pose/component_4,0.002363987499848008
203,1789131982.8188393,pose/component_5,0.0
204,1789131983.0117865,amp/overflow_retries,0.0
204,1789131983.0117865,amp/scale,32.0
204,1789131983.0117865,gradient/clipped_norm,241.76348876953125
204,1789131983.0117865,images/detect,0.0
204,1789131983.0117865,images/pose,16.0
204,1789131983.0117865,loss/backward,75.15925598144531
204,1789131983.0117865,loss/detect_mean,0.0
204,1789131983.0117865,loss/joint_mean,1.174363374710083
204,1789131983.0117865,loss/pose_mean,1.174363374710083
204,1789131983.0117865,lr/attention.decay,0.0
204,1789131983.0117865,lr/attention.no_decay,0.0
204,1789131983.0117865,lr/backbone.decay,0.0
204,1789131983.0117865,lr/backbone.no_decay,0.0
204,1789131983.0117865,lr/detect_head.decay,0.0
204,1789131983.0117865,lr/detect_head.no_decay,0.0
204,1789131983.0117865,lr/neck.decay,0.0
204,1789131983.0117865,lr/neck.no_decay,0.0
204,1789131983.0117865,lr/pose_head.decay,5.94638069705094e-06
204,1789131983.0117865,lr/pose_head.no_decay,5.94638069705094e-06
204,1789131983.0117865,pose/component_0,0.8867278695106506
204,1789131983.0117865,pose/component_1,0.024751396849751472
204,1789131983.0117865,pose/component_2,0.014283444732427597
204,1789131983.0117865,pose/component_3,0.3572709560394287
204,1789131983.0117865,pose/component_4,0.004110618494451046
204,1789131983.0117865,pose/component_5,0.0
205,1789131983.2056706,amp/overflow_retries,0.0
205,1789131983.2056706,amp/scale,32.0
205,1789131983.2056706,gradient/clipped_norm,388.4073181152344
205,1789131983.2056706,images/detect,0.0
205,1789131983.2056706,images/pose,16.0
205,1789131983.2056706,loss/backward,86.11199951171875
205,1789131983.2056706,loss/detect_mean,0.0
205,1789131983.2056706,loss/joint_mean,1.3454999923706055
205,1789131983.2056706,loss/pose_mean,1.3454999923706055
205,1789131983.2056706,lr/attention.decay,0.0
205,1789131983.2056706,lr/attention.no_decay,0.0
205,1789131983.2056706,lr/backbone.decay,0.0
205,1789131983.2056706,lr/backbone.no_decay,0.0
205,1789131983.2056706,lr/detect_head.decay,0.0
205,1789131983.2056706,lr/detect_head.no_decay,0.0
205,1789131983.2056706,lr/neck.decay,0.0
205,1789131983.2056706,lr/neck.no_decay,0.0
205,1789131983.2056706,lr/pose_head.decay,5.970509383378017e-06
205,1789131983.2056706,lr/pose_head.no_decay,5.970509383378017e-06
205,1789131983.2056706,pose/component_0,0.9050175547599792
205,1789131983.2056706,pose/component_1,0.015019423328340054
205,1789131983.2056706,pose/component_2,0.00225451891310513
205,1789131983.2056706,pose/component_3,0.4025624394416809
205,1789131983.2056706,pose/component_4,0.00242671649903059
205,1789131983.2056706,pose/component_5,0.0
206,1789131983.3985205,amp/overflow_retries,0.0
206,1789131983.3985205,amp/scale,32.0
206,1789131983.3985205,gradient/clipped_norm,3366.017822265625
206,1789131983.3985205,images/detect,0.0
206,1789131983.3985205,images/pose,16.0
206,1789131983.3985205,loss/backward,70.83374786376953
206,1789131983.3985205,loss/detect_mean,0.0
206,1789131983.3985205,loss/joint_mean,1.106777310371399
206,1789131983.3985205,loss/pose_mean,1.106777310371399
206,1789131983.3985205,lr/attention.decay,0.0
206,1789131983.3985205,lr/attention.no_decay,0.0
206,1789131983.3985205,lr/backbone.decay,0.0
206,1789131983.3985205,lr/backbone.no_decay,0.0
206,1789131983.3985205,lr/detect_head.decay,0.0
206,1789131983.3985205,lr/detect_head.no_decay,0.0
206,1789131983.3985205,lr/neck.decay,0.0
206,1789131983.3985205,lr/neck.no_decay,0.0
206,1789131983.3985205,lr/pose_head.decay,5.994638069705094e-06
206,1789131983.3985205,lr/pose_head.no_decay,5.994638069705094e-06
206,1789131983.3985205,pose/component_0,0.8273593783378601
206,1789131983.3985205,pose/component_1,0.03761507570743561
206,1789131983.3985205,pose/component_2,0.00993411149829626
206,1789131983.3985205,pose/component_3,0.3240393102169037
206,1789131983.3985205,pose/component_4,0.0034830947406589985
206,1789131983.3985205,pose/component_5,0.0
207,1789131983.5914588,amp/overflow_retries,0.0
207,1789131983.5914588,amp/scale,32.0
207,1789131983.5914588,gradient/clipped_norm,281.657470703125
207,1789131983.5914588,images/detect,0.0
207,1789131983.5914588,images/pose,16.0
207,1789131983.5914588,loss/backward,76.1763916015625
207,1789131983.5914588,loss/detect_mean,0.0
207,1789131983.5914588,loss/joint_mean,1.190256118774414
207,1789131983.5914588,loss/pose_mean,1.190256118774414
207,1789131983.5914588,lr/attention.decay,0.0
207,1789131983.5914588,lr/attention.no_decay,0.0
207,1789131983.5914588,lr/backbone.decay,0.0
207,1789131983.5914588,lr/backbone.no_decay,0.0
207,1789131983.5914588,lr/detect_head.decay,0.0
207,1789131983.5914588,lr/detect_head.no_decay,0.0
207,1789131983.5914588,lr/neck.decay,0.0
207,1789131983.5914588,lr/neck.no_decay,0.0
207,1789131983.5914588,lr/pose_head.decay,6.018766756032173e-06
207,1789131983.5914588,lr/pose_head.no_decay,6.018766756032173e-06
207,1789131983.5914588,pose/component_0,0.8847355246543884
207,1789131983.5914588,pose/component_1,0.02133624255657196
207,1789131983.5914588,pose/component_2,0.003296868409961462
207,1789131983.5914588,pose/component_3,0.375287801027298
207,1789131983.5914588,pose/component_4,0.0023300708271563053
207,1789131983.5914588,pose/component_5,0.0
208,1789131983.7847395,amp/overflow_retries,0.0
208,1789131983.7847395,amp/scale,32.0
208,1789131983.7847395,gradient/clipped_norm,322.2248840332031
208,1789131983.7847395,images/detect,0.0
208,1789131983.7847395,images/pose,16.0
208,1789131983.7847395,loss/backward,62.797645568847656
208,1789131983.7847395,loss/detect_mean,0.0
208,1789131983.7847395,loss/joint_mean,0.9812132120132446
208,1789131983.7847395,loss/pose_mean,0.9812132120132446
208,1789131983.7847395,lr/attention.decay,0.0
208,1789131983.7847395,lr/attention.no_decay,0.0
208,1789131983.7847395,lr/backbone.decay,0.0
208,1789131983.7847395,lr/backbone.no_decay,0.0
208,1789131983.7847395,lr/detect_head.decay,0.0
208,1789131983.7847395,lr/detect_head.no_decay,0.0
208,1789131983.7847395,lr/neck.decay,0.0
208,1789131983.7847395,lr/neck.no_decay,0.0
208,1789131983.7847395,lr/pose_head.decay,6.04289544235925e-06
208,1789131983.7847395,lr/pose_head.no_decay,6.04289544235925e-06
208,1789131983.7847395,pose/component_0,0.5941710472106934
208,1789131983.7847395,pose/component_1,0.007748177275061607
208,1789131983.7847395,pose/component_2,0.02150518074631691
208,1789131983.7847395,pose/component_3,0.3104562759399414
208,1789131983.7847395,pose/component_4,0.002499460941180587
208,1789131983.7847395,pose/component_5,0.0
209,1789131983.9782364,amp/overflow_retries,0.0
209,1789131983.9782364,amp/scale,32.0
209,1789131983.9782364,gradient/clipped_norm,256.1773681640625
209,1789131983.9782364,images/detect,0.0
209,1789131983.9782364,images/pose,16.0
209,1789131983.9782364,loss/backward,61.32445526123047
209,1789131983.9782364,loss/detect_mean,0.0
209,1789131983.9782364,loss/joint_mean,0.9581946134567261
209,1789131983.9782364,loss/pose_mean,0.9581946134567261
209,1789131983.9782364,lr/attention.decay,0.0
209,1789131983.9782364,lr/attention.no_decay,0.0
209,1789131983.9782364,lr/backbone.decay,0.0
209,1789131983.9782364,lr/backbone.no_decay,0.0
209,1789131983.9782364,lr/detect_head.decay,0.0
209,1789131983.9782364,lr/detect_head.no_decay,0.0
209,1789131983.9782364,lr/neck.decay,0.0
209,1789131983.9782364,lr/neck.no_decay,0.0
209,1789131983.9782364,lr/pose_head.decay,6.067024128686327e-06
209,1789131983.9782364,lr/pose_head.no_decay,6.067024128686327e-06
209,1789131983.9782364,pose/component_0,0.738518476486206
209,1789131983.9782364,pose/component_1,0.01909545436501503
209,1789131983.9782364,pose/component_2,0.005067117977887392
209,1789131983.9782364,pose/component_3,0.3534543216228485
209,1789131983.9782364,pose/component_4,0.002461120719090104
209,1789131983.9782364,pose/component_5,0.0
210,1789131984.1717584,amp/overflow_retries,0.0
210,1789131984.1717584,amp/scale,32.0
210,1789131984.1717584,gradient/clipped_norm,357.6513366699219
210,1789131984.1717584,images/detect,0.0
210,1789131984.1717584,images/pose,16.0
210,1789131984.1717584,loss/backward,72.37028503417969
210,1789131984.1717584,loss/detect_mean,0.0
210,1789131984.1717584,loss/joint_mean,1.1307857036590576
210,1789131984.1717584,loss/pose_mean,1.1307857036590576
210,1789131984.1717584,lr/attention.decay,0.0
210,1789131984.1717584,lr/attention.no_decay,0.0
210,1789131984.1717584,lr/backbone.decay,0.0
210,1789131984.1717584,lr/backbone.no_decay,0.0
210,1789131984.1717584,lr/detect_head.decay,0.0
210,1789131984.1717584,lr/detect_head.no_decay,0.0
210,1789131984.1717584,lr/neck.decay,0.0
210,1789131984.1717584,lr/neck.no_decay,0.0
210,1789131984.1717584,lr/pose_head.decay,6.091152815013406e-06
210,1789131984.1717584,lr/pose_head.no_decay,6.091152815013406e-06
210,1789131984.1717584,pose/component_0,0.7891216278076172
210,1789131984.1717584,pose/component_1,0.03167080879211426
210,1789131984.1717584,pose/component_2,0.010450957342982292
210,1789131984.1717584,pose/component_3,0.30028024315834045
210,1789131984.1717584,pose/component_4,0.00192936637904495
210,1789131984.1717584,pose/component_5,0.0
211,1789131984.3643956,amp/overflow_retries,0.0
211,1789131984.3643956,amp/scale,32.0
211,1789131984.3643956,gradient/clipped_norm,334.2444763183594
211,1789131984.3643956,images/detect,0.0
211,1789131984.3643956,images/pose,16.0
211,1789131984.3643956,loss/backward,85.07809448242188
211,1789131984.3643956,loss/detect_mean,0.0
211,1789131984.3643956,loss/joint_mean,1.3293452262878418
211,1789131984.3643956,loss/pose_mean,1.3293452262878418
211,1789131984.3643956,lr/attention.decay,0.0
211,1789131984.3643956,lr/attention.no_decay,0.0
211,1789131984.3643956,lr/backbone.decay,0.0
211,1789131984.3643956,lr/backbone.no_decay,0.0
211,1789131984.3643956,lr/detect_head.decay,0.0
211,1789131984.3643956,lr/detect_head.no_decay,0.0
211,1789131984.3643956,lr/neck.decay,0.0
211,1789131984.3643956,lr/neck.no_decay,0.0
211,1789131984.3643956,lr/pose_head.decay,6.115281501340483e-06
211,1789131984.3643956,lr/pose_head.no_decay,6.115281501340483e-06
211,1789131984.3643956,pose/component_0,0.9277631640434265
211,1789131984.3643956,pose/component_1,0.028285250067710876
211,1789131984.3643956,pose/component_2,0.009683996438980103
211,1789131984.3643956,pose/component_3,0.45158156752586365
211,1789131984.3643956,pose/component_4,0.0037965974770486355
211,1789131984.3643956,pose/component_5,0.0
212,1789131984.5572462,amp/overflow_retries,0.0
212,1789131984.5572462,amp/scale,32.0
212,1789131984.5572462,gradient/clipped_norm,3599.43798828125
212,1789131984.5572462,images/detect,0.0
212,1789131984.5572462,images/pose,16.0
212,1789131984.5572462,loss/backward,98.17839050292969
212,1789131984.5572462,loss/detect_mean,0.0
212,1789131984.5572462,loss/joint_mean,1.5340373516082764
212,1789131984.5572462,loss/pose_mean,1.5340373516082764
212,1789131984.5572462,lr/attention.decay,0.0
212,1789131984.5572462,lr/attention.no_decay,0.0
212,1789131984.5572462,lr/backbone.decay,0.0
212,1789131984.5572462,lr/backbone.no_decay,0.0
212,1789131984.5572462,lr/detect_head.decay,0.0
212,1789131984.5572462,lr/detect_head.no_decay,0.0
212,1789131984.5572462,lr/neck.decay,0.0
212,1789131984.5572462,lr/neck.no_decay,0.0
212,1789131984.5572462,lr/pose_head.decay,6.139410187667562e-06
212,1789131984.5572462,lr/pose_head.no_decay,6.139410187667562e-06
212,1789131984.5572462,pose/component_0,1.0187631845474243
212,1789131984.5572462,pose/component_1,0.034035876393318176
212,1789131984.5572462,pose/component_2,0.0012066304916515946
212,1789131984.5572462,pose/component_3,0.5048278570175171
212,1789131984.5572462,pose/component_4,0.00235679536126554
212,1789131984.5572462,pose/component_5,0.0
213,1789131984.7500837,amp/overflow_retries,0.0
213,1789131984.7500837,amp/scale,32.0
213,1789131984.7500837,gradient/clipped_norm,415.97235107421875
213,1789131984.7500837,images/detect,0.0
213,1789131984.7500837,images/pose,16.0
213,1789131984.7500837,loss/backward,87.34872436523438
213,1789131984.7500837,loss/detect_mean,0.0
213,1789131984.7500837,loss/joint_mean,1.364823818206787
213,1789131984.7500837,loss/pose_mean,1.364823818206787
213,1789131984.7500837,lr/attention.decay,0.0
213,1789131984.7500837,lr/attention.no_decay,0.0
213,1789131984.7500837,lr/backbone.decay,0.0
213,1789131984.7500837,lr/backbone.no_decay,0.0
213,1789131984.7500837,lr/detect_head.decay,0.0
213,1789131984.7500837,lr/detect_head.no_decay,0.0
213,1789131984.7500837,lr/neck.decay,0.0
213,1789131984.7500837,lr/neck.no_decay,0.0
213,1789131984.7500837,lr/pose_head.decay,6.163538873994639e-06
213,1789131984.7500837,lr/pose_head.no_decay,6.163538873994639e-06
213,1789131984.7500837,pose/component_0,0.9755910634994507
213,1789131984.7500837,pose/component_1,0.030121246352791786
213,1789131984.7500837,pose/component_2,0.11452111601829529
213,1789131984.7500837,pose/component_3,0.3898757994174957
213,1789131984.7500837,pose/component_4,0.007076804526150227
213,1789131984.7500837,pose/component_5,0.0
214,1789131984.9428914,amp/overflow_retries,0.0
214,1789131984.9428914,amp/scale,32.0
214,1789131984.9428914,gradient/clipped_norm,336.7191467285156
214,1789131984.9428914,images/detect,0.0
214,1789131984.9428914,images/pose,16.0
214,1789131984.9428914,loss/backward,60.34320831298828
214,1789131984.9428914,loss/detect_mean,0.0
214,1789131984.9428914,loss/joint_mean,0.9428626298904419
214,1789131984.9428914,loss/pose_mean,0.9428626298904419
214,1789131984.9428914,lr/attention.decay,0.0
214,1789131984.9428914,lr/attention.no_decay,0.0
214,1789131984.9428914,lr/backbone.decay,0.0
214,1789131984.9428914,lr/backbone.no_decay,0.0
214,1789131984.9428914,lr/detect_head.decay,0.0
214,1789131984.9428914,lr/detect_head.no_decay,0.0
214,1789131984.9428914,lr/neck.decay,0.0
214,1789131984.9428914,lr/neck.no_decay,0.0
214,1789131984.9428914,lr/pose_head.decay,6.187667560321716e-06
214,1789131984.9428914,lr/pose_head.no_decay,6.187667560321716e-06
214,1789131984.9428914,pose/component_0,0.6390376687049866
214,1789131984.9428914,pose/component_1,0.01933443546295166
214,1789131984.9428914,pose/component_2,0.005577735137194395
214,1789131984.9428914,pose/component_3,0.3273271918296814
214,1789131984.9428914,pose/component_4,0.0022228341549634933
214,1789131984.9428914,pose/component_5,0.0
215,1789131985.1355326,amp/overflow_retries,0.0
215,1789131985.1355326,amp/scale,32.0
215,1789131985.1355326,gradient/clipped_norm,3443.380126953125
215,1789131985.1355326,images/detect,0.0
215,1789131985.1355326,images/pose,16.0
215,1789131985.1355326,loss/backward,95.2685546875
215,1789131985.1355326,loss/detect_mean,0.0
215,1789131985.1355326,loss/joint_mean,1.4885711669921875
215,1789131985.1355326,loss/pose_mean,1.4885711669921875
215,1789131985.1355326,lr/attention.decay,0.0
215,1789131985.1355326,lr/attention.no_decay,0.0
215,1789131985.1355326,lr/backbone.decay,0.0
215,1789131985.1355326,lr/backbone.no_decay,0.0
215,1789131985.1355326,lr/detect_head.decay,0.0
215,1789131985.1355326,lr/detect_head.no_decay,0.0
215,1789131985.1355326,lr/neck.decay,0.0
215,1789131985.1355326,lr/neck.no_decay,0.0
215,1789131985.1355326,lr/pose_head.decay,6.211796246648795e-06
215,1789131985.1355326,lr/pose_head.no_decay,6.211796246648795e-06
215,1789131985.1355326,pose/component_0,0.9581953883171082
215,1789131985.1355326,pose/component_1,0.01596994325518608
215,1789131985.1355326,pose/component_2,0.07775744795799255
215,1789131985.1355326,pose/component_3,0.37829574942588806
215,1789131985.1355326,pose/component_4,0.003577561117708683
215,1789131985.1355326,pose/component_5,0.0
216,1789131985.3282728,amp/overflow_retries,0.0
216,1789131985.3282728,amp/scale,32.0
216,1789131985.3282728,gradient/clipped_norm,224.5655517578125
216,1789131985.3282728,images/detect,0.0
216,1789131985.3282728,images/pose,16.0
216,1789131985.3282728,loss/backward,59.11725616455078
216,1789131985.3282728,loss/detect_mean,0.0
216,1789131985.3282728,loss/joint_mean,0.923707127571106
216,1789131985.3282728,loss/pose_mean,0.923707127571106
216,1789131985.3282728,lr/attention.decay,0.0
216,1789131985.3282728,lr/attention.no_decay,0.0
216,1789131985.3282728,lr/backbone.decay,0.0
216,1789131985.3282728,lr/backbone.no_decay,0.0
216,1789131985.3282728,lr/detect_head.decay,0.0
216,1789131985.3282728,lr/detect_head.no_decay,0.0
216,1789131985.3282728,lr/neck.decay,0.0
216,1789131985.3282728,lr/neck.no_decay,0.0
216,1789131985.3282728,lr/pose_head.decay,6.235924932975872e-06
216,1789131985.3282728,lr/pose_head.no_decay,6.235924932975872e-06
216,1789131985.3282728,pose/component_0,0.6050118207931519
216,1789131985.3282728,pose/component_1,0.009001347236335278
216,1789131985.3282728,pose/component_2,0.011393636465072632
216,1789131985.3282728,pose/component_3,0.2919572591781616
216,1789131985.3282728,pose/component_4,0.0025345487520098686
216,1789131985.3282728,pose/component_5,0.0
217,1789131985.5216906,amp/overflow_retries,0.0
217,1789131985.5216906,amp/scale,32.0
217,1789131985.5216906,gradient/clipped_norm,421.50897216796875
217,1789131985.5216906,images/detect,0.0
217,1789131985.5216906,images/pose,16.0
217,1789131985.5216906,loss/backward,67.14078521728516
217,1789131985.5216906,loss/detect_mean,0.0
217,1789131985.5216906,loss/joint_mean,1.0490747690200806
217,1789131985.5216906,loss/pose_mean,1.0490747690200806
217,1789131985.5216906,lr/attention.decay,0.0
217,1789131985.5216906,lr/attention.no_decay,0.0
217,1789131985.5216906,lr/backbone.decay,0.0
217,1789131985.5216906,lr/backbone.no_decay,0.0
217,1789131985.5216906,lr/detect_head.decay,0.0
217,1789131985.5216906,lr/detect_head.no_decay,0.0
217,1789131985.5216906,lr/neck.decay,0.0
217,1789131985.5216906,lr/neck.no_decay,0.0
217,1789131985.5216906,lr/pose_head.decay,6.260053619302949e-06
217,1789131985.5216906,lr/pose_head.no_decay,6.260053619302949e-06
217,1789131985.5216906,pose/component_0,0.7696514129638672
217,1789131985.5216906,pose/component_1,0.009304957464337349
217,1789131985.5216906,pose/component_2,0.0022411607205867767
217,1789131985.5216906,pose/component_3,0.2825002074241638
217,1789131985.5216906,pose/component_4,0.002521711401641369
217,1789131985.5216906,pose/component_5,0.0
218,1789131985.7144847,amp/overflow_retries,0.0
218,1789131985.7144847,amp/scale,32.0
218,1789131985.7144847,gradient/clipped_norm,334.0102233886719
218,1789131985.7144847,images/detect,0.0
218,1789131985.7144847,images/pose,16.0
218,1789131985.7144847,loss/backward,80.90686798095703
218,1789131985.7144847,loss/detect_mean,0.0
218,1789131985.7144847,loss/joint_mean,1.2641698122024536
218,1789131985.7144847,loss/pose_mean,1.2641698122024536
218,1789131985.7144847,lr/attention.decay,0.0
218,1789131985.7144847,lr/attention.no_decay,0.0
218,1789131985.7144847,lr/backbone.decay,0.0
218,1789131985.7144847,lr/backbone.no_decay,0.0
218,1789131985.7144847,lr/detect_head.decay,0.0
218,1789131985.7144847,lr/detect_head.no_decay,0.0
218,1789131985.7144847,lr/neck.decay,0.0
218,1789131985.7144847,lr/neck.no_decay,0.0
218,1789131985.7144847,lr/pose_head.decay,6.284182305630027e-06
218,1789131985.7144847,lr/pose_head.no_decay,6.284182305630027e-06
218,1789131985.7144847,pose/component_0,0.9514368772506714
218,1789131985.7144847,pose/component_1,0.02829725295305252
218,1789131985.7144847,pose/component_2,0.021174931898713112
218,1789131985.7144847,pose/component_3,0.46528103947639465
218,1789131985.7144847,pose/component_4,0.00430907541885972
218,1789131985.7144847,pose/component_5,0.0
219,1789131985.90733,amp/overflow_retries,0.0
219,1789131985.90733,amp/scale,32.0
219,1789131985.90733,gradient/clipped_norm,240.00172424316406
219,1789131985.90733,images/detect,0.0
219,1789131985.90733,images/pose,16.0
219,1789131985.90733,loss/backward,73.07854461669922
219,1789131985.90733,loss/detect_mean,0.0
219,1789131985.90733,loss/joint_mean,1.1418522596359253
219,1789131985.90733,loss/pose_mean,1.1418522596359253
219,1789131985.90733,lr/attention.decay,0.0
219,1789131985.90733,lr/attention.no_decay,0.0
219,1789131985.90733,lr/backbone.decay,0.0
219,1789131985.90733,lr/backbone.no_decay,0.0
219,1789131985.90733,lr/detect_head.decay,0.0
219,1789131985.90733,lr/detect_head.no_decay,0.0
219,1789131985.90733,lr/neck.decay,0.0
219,1789131985.90733,lr/neck.no_decay,0.0
219,1789131985.90733,lr/pose_head.decay,6.308310991957105e-06
219,1789131985.90733,lr/pose_head.no_decay,6.308310991957105e-06
219,1789131985.90733,pose/component_0,0.7596210837364197
219,1789131985.90733,pose/component_1,0.01832546666264534
219,1789131985.90733,pose/component_2,0.007663013879209757
219,1789131985.90733,pose/component_3,0.36424320936203003
219,1789131985.90733,pose/component_4,0.002198748756200075
219,1789131985.90733,pose/component_5,0.0
220,1789131986.0999858,amp/overflow_retries,0.0
220,1789131986.0999858,amp/scale,32.0
220,1789131986.0999858,gradient/clipped_norm,423.1611022949219
220,1789131986.0999858,images/detect,0.0
220,1789131986.0999858,images/pose,16.0
220,1789131986.0999858,loss/backward,75.59510040283203
220,1789131986.0999858,loss/detect_mean,0.0
220,1789131986.0999858,loss/joint_mean,1.1811734437942505
220,1789131986.0999858,loss/pose_mean,1.1811734437942505
220,1789131986.0999858,lr/attention.decay,0.0
220,1789131986.0999858,lr/attention.no_decay,0.0
220,1789131986.0999858,lr/backbone.decay,0.0
220,1789131986.0999858,lr/backbone.no_decay,0.0
220,1789131986.0999858,lr/detect_head.decay,0.0
220,1789131986.0999858,lr/detect_head.no_decay,0.0
220,1789131986.0999858,lr/neck.decay,0.0
220,1789131986.0999858,lr/neck.no_decay,0.0
220,1789131986.0999858,lr/pose_head.decay,6.332439678284182e-06
220,1789131986.0999858,lr/pose_head.no_decay,6.332439678284182e-06
220,1789131986.0999858,pose/component_0,0.7408130764961243
220,1789131986.0999858,pose/component_1,0.03262816369533539
220,1789131986.0999858,pose/component_2,0.030436920002102852
220,1789131986.0999858,pose/component_3,0.40310433506965637
220,1789131986.0999858,pose/component_4,0.002683594822883606
220,1789131986.0999858,pose/component_5,0.0
221,1789131986.293229,amp/overflow_retries,0.0
221,1789131986.293229,amp/scale,32.0
221,1789131986.293229,gradient/clipped_norm,351.49176025390625
221,1789131986.293229,images/detect,0.0
221,1789131986.293229,images/pose,16.0
221,1789131986.293229,loss/backward,91.05380249023438
221,1789131986.293229,loss/detect_mean,0.0
221,1789131986.293229,loss/joint_mean,1.422715663909912
221,1789131986.293229,loss/pose_mean,1.422715663909912
221,1789131986.293229,lr/attention.decay,0.0
221,1789131986.293229,lr/attention.no_decay,0.0
221,1789131986.293229,lr/backbone.decay,0.0
221,1789131986.293229,lr/backbone.no_decay,0.0
221,1789131986.293229,lr/detect_head.decay,0.0
221,1789131986.293229,lr/detect_head.no_decay,0.0
221,1789131986.293229,lr/neck.decay,0.0
221,1789131986.293229,lr/neck.no_decay,0.0
221,1789131986.293229,lr/pose_head.decay,6.35656836461126e-06
221,1789131986.293229,lr/pose_head.no_decay,6.35656836461126e-06
221,1789131986.293229,pose/component_0,1.12479829788208
221,1789131986.293229,pose/component_1,0.06477583199739456
221,1789131986.293229,pose/component_2,0.023965811356902122
221,1789131986.293229,pose/component_3,0.6467570066452026
221,1789131986.293229,pose/component_4,0.0029200755525380373
221,1789131986.293229,pose/component_5,0.0
222,1789131986.4860973,amp/overflow_retries,0.0
222,1789131986.4860973,amp/scale,32.0
222,1789131986.4860973,gradient/clipped_norm,314.0350341796875
222,1789131986.4860973,images/detect,0.0
222,1789131986.4860973,images/pose,16.0
222,1789131986.4860973,loss/backward,72.03189086914062
222,1789131986.4860973,loss/detect_mean,0.0
222,1789131986.4860973,loss/joint_mean,1.1254982948303223
222,1789131986.4860973,loss/pose_mean,1.1254982948303223
222,1789131986.4860973,lr/attention.decay,0.0
222,1789131986.4860973,lr/attention.no_decay,0.0
222,1789131986.4860973,lr/backbone.decay,0.0
222,1789131986.4860973,lr/backbone.no_decay,0.0
222,1789131986.4860973,lr/detect_head.decay,0.0
222,1789131986.4860973,lr/detect_head.no_decay,0.0
222,1789131986.4860973,lr/neck.decay,0.0
222,1789131986.4860973,lr/neck.no_decay,0.0
222,1789131986.4860973,lr/pose_head.decay,6.380697050938338e-06
222,1789131986.4860973,lr/pose_head.no_decay,6.380697050938338e-06
222,1789131986.4860973,pose/component_0,0.8757088780403137
222,1789131986.4860973,pose/component_1,0.014769738540053368
222,1789131986.4860973,pose/component_2,0.004041166510432959
222,1789131986.4860973,pose/component_3,0.3506535589694977
222,1789131986.4860973,pose/component_4,0.0020364737138152122
222,1789131986.4860973,pose/component_5,0.0
223,1789131986.6793044,amp/overflow_retries,0.0
223,1789131986.6793044,amp/scale,32.0
223,1789131986.6793044,gradient/clipped_norm,344.0542297363281
223,1789131986.6793044,images/detect,0.0
223,1789131986.6793044,images/pose,16.0
223,1789131986.6793044,loss/backward,65.73773193359375
223,1789131986.6793044,loss/detect_mean,0.0
223,1789131986.6793044,loss/joint_mean,1.0271520614624023
223,1789131986.6793044,loss/pose_mean,1.0271520614624023
223,1789131986.6793044,lr/attention.decay,0.0
223,1789131986.6793044,lr/attention.no_decay,0.0
223,1789131986.6793044,lr/backbone.decay,0.0
223,1789131986.6793044,lr/backbone.no_decay,0.0
223,1789131986.6793044,lr/detect_head.decay,0.0
223,1789131986.6793044,lr/detect_head.no_decay,0.0
223,1789131986.6793044,lr/neck.decay,0.0
223,1789131986.6793044,lr/neck.no_decay,0.0
223,1789131986.6793044,lr/pose_head.decay,6.404825737265416e-06
223,1789131986.6793044,lr/pose_head.no_decay,6.404825737265416e-06
223,1789131986.6793044,pose/component_0,0.7017387747764587
223,1789131986.6793044,pose/component_1,0.02763565443456173
223,1789131986.6793044,pose/component_2,0.03314536064863205
223,1789131986.6793044,pose/component_3,0.29308274388313293
223,1789131986.6793044,pose/component_4,0.0024634082801640034
223,1789131986.6793044,pose/component_5,0.0
224,1789131986.872509,amp/overflow_retries,0.0
224,1789131986.872509,amp/scale,32.0
224,1789131986.872509,gradient/clipped_norm,316.3918762207031
224,1789131986.872509,images/detect,0.0
224,1789131986.872509,images/pose,16.0
224,1789131986.872509,loss/backward,87.2898178100586
224,1789131986.872509,loss/detect_mean,0.0
224,1789131986.872509,loss/joint_mean,1.3639034032821655
224,1789131986.872509,loss/pose_mean,1.3639034032821655
224,1789131986.872509,lr/attention.decay,0.0
224,1789131986.872509,lr/attention.no_decay,0.0
224,1789131986.872509,lr/backbone.decay,0.0
224,1789131986.872509,lr/backbone.no_decay,0.0
224,1789131986.872509,lr/detect_head.decay,0.0
224,1789131986.872509,lr/detect_head.no_decay,0.0
224,1789131986.872509,lr/neck.decay,0.0
224,1789131986.872509,lr/neck.no_decay,0.0
224,1789131986.872509,lr/pose_head.decay,6.428954423592494e-06
224,1789131986.872509,lr/pose_head.no_decay,6.428954423592494e-06
224,1789131986.872509,pose/component_0,0.929425060749054
224,1789131986.872509,pose/component_1,0.010944942943751812
224,1789131986.872509,pose/component_2,0.07287387549877167
224,1789131986.872509,pose/component_3,0.5476093888282776
224,1789131986.872509,pose/component_4,0.006590798497200012
224,1789131986.872509,pose/component_5,0.0
225,1789131987.0655284,amp/overflow_retries,0.0
225,1789131987.0655284,amp/scale,32.0
225,1789131987.0655284,gradient/clipped_norm,3151.875244140625
225,1789131987.0655284,images/detect,0.0
225,1789131987.0655284,images/pose,16.0
225,1789131987.0655284,loss/backward,87.47193908691406
225,1789131987.0655284,loss/detect_mean,0.0
225,1789131987.0655284,loss/joint_mean,1.3667490482330322
225,1789131987.0655284,loss/pose_mean,1.3667490482330322
225,1789131987.0655284,lr/attention.decay,0.0
225,1789131987.0655284,lr/attention.no_decay,0.0
225,1789131987.0655284,lr/backbone.decay,0.0
225,1789131987.0655284,lr/backbone.no_decay,0.0
225,1789131987.0655284,lr/detect_head.decay,0.0
225,1789131987.0655284,lr/detect_head.no_decay,0.0
225,1789131987.0655284,lr/neck.decay,0.0
225,1789131987.0655284,lr/neck.no_decay,0.0
225,1789131987.0655284,lr/pose_head.decay,6.453083109919571e-06
225,1789131987.0655284,lr/pose_head.no_decay,6.453083109919571e-06
225,1789131987.0655284,pose/component_0,0.7962773442268372
225,1789131987.0655284,pose/component_1,0.025071125477552414
225,1789131987.0655284,pose/component_2,0.009024133905768394
225,1789131987.0655284,pose/component_3,0.3405166268348694
225,1789131987.0655284,pose/component_4,0.0037104645743966103
225,1789131987.0655284,pose/component_5,0.0
226,1789131987.2583265,amp/overflow_retries,0.0
226,1789131987.2583265,amp/scale,32.0
226,1789131987.2583265,gradient/clipped_norm,382.708740234375
226,1789131987.2583265,images/detect,0.0
226,1789131987.2583265,images/pose,16.0
226,1789131987.2583265,loss/backward,93.06558227539062
226,1789131987.2583265,loss/detect_mean,0.0
226,1789131987.2583265,loss/joint_mean,1.4541497230529785
226,1789131987.2583265,loss/pose_mean,1.4541497230529785
226,1789131987.2583265,lr/attention.decay,0.0
226,1789131987.2583265,lr/attention.no_decay,0.0
226,1789131987.2583265,lr/backbone.decay,0.0
226,1789131987.2583265,lr/backbone.no_decay,0.0
226,1789131987.2583265,lr/detect_head.decay,0.0
226,1789131987.2583265,lr/detect_head.no_decay,0.0
226,1789131987.2583265,lr/neck.decay,0.0
226,1789131987.2583265,lr/neck.no_decay,0.0
226,1789131987.2583265,lr/pose_head.decay,6.477211796246649e-06
226,1789131987.2583265,lr/pose_head.no_decay,6.477211796246649e-06
226,1789131987.2583265,pose/component_0,0.997884213924408
226,1789131987.2583265,pose/component_1,0.026441235095262527
226,1789131987.2583265,pose/component_2,0.03660183027386665
226,1789131987.2583265,pose/component_3,0.4686759412288666
226,1789131987.2583265,pose/component_4,0.002848334377631545
226,1789131987.2583265,pose/component_5,0.0
227,1789131987.451956,amp/overflow_retries,0.0
227,1789131987.451956,amp/scale,32.0
227,1789131987.451956,gradient/clipped_norm,302.8079833984375
227,1789131987.451956,images/detect,0.0
227,1789131987.451956,images/pose,16.0
227,1789131987.451956,loss/backward,73.39697265625
227,1789131987.451956,loss/detect_mean,0.0
227,1789131987.451956,loss/joint_mean,1.1468276977539062
227,1789131987.451956,loss/pose_mean,1.1468276977539062
227,1789131987.451956,lr/attention.decay,0.0
227,1789131987.451956,lr/attention.no_decay,0.0
227,1789131987.451956,lr/backbone.decay,0.0
227,1789131987.451956,lr/backbone.no_decay,0.0
227,1789131987.451956,lr/detect_head.decay,0.0
227,1789131987.451956,lr/detect_head.no_decay,0.0
227,1789131987.451956,lr/neck.decay,0.0
227,1789131987.451956,lr/neck.no_decay,0.0
227,1789131987.451956,lr/pose_head.decay,6.501340482573727e-06
227,1789131987.451956,lr/pose_head.no_decay,6.501340482573727e-06
227,1789131987.451956,pose/component_0,0.8276187181472778
227,1789131987.451956,pose/component_1,0.016657045111060143
227,1789131987.451956,pose/component_2,0.05677635595202446
227,1789131987.451956,pose/component_3,0.4591224491596222
227,1789131987.451956,pose/component_4,0.0025850292295217514
227,1789131987.451956,pose/component_5,0.0
228,1789131987.6456606,amp/overflow_retries,0.0
228,1789131987.6456606,amp/scale,32.0
228,1789131987.6456606,gradient/clipped_norm,365.7163391113281
228,1789131987.6456606,images/detect,0.0
228,1789131987.6456606,images/pose,16.0
228,1789131987.6456606,loss/backward,76.11890411376953
228,1789131987.6456606,loss/detect_mean,0.0
228,1789131987.6456606,loss/joint_mean,1.189357876777649
228,1789131987.6456606,loss/pose_mean,1.189357876777649
228,1789131987.6456606,lr/attention.decay,0.0
228,1789131987.6456606,lr/attention.no_decay,0.0
228,1789131987.6456606,lr/backbone.decay,0.0
228,1789131987.6456606,lr/backbone.no_decay,0.0
228,1789131987.6456606,lr/detect_head.decay,0.0
228,1789131987.6456606,lr/detect_head.no_decay,0.0
228,1789131987.6456606,lr/neck.decay,0.0
228,1789131987.6456606,lr/neck.no_decay,0.0
228,1789131987.6456606,lr/pose_head.decay,6.525469168900804e-06
228,1789131987.6456606,lr/pose_head.no_decay,6.525469168900804e-06
228,1789131987.6456606,pose/component_0,0.7596074938774109
228,1789131987.6456606,pose/component_1,0.023457152768969536
228,1789131987.6456606,pose/component_2,0.07322552800178528
228,1789131987.6456606,pose/component_3,0.44047218561172485
228,1789131987.6456606,pose/component_4,0.0027721214573830366
228,1789131987.6456606,pose/component_5,0.0
229,1789131987.8384104,amp/overflow_retries,0.0
229,1789131987.8384104,amp/scale,32.0
229,1789131987.8384104,gradient/clipped_norm,318.0547180175781
229,1789131987.8384104,images/detect,0.0
229,1789131987.8384104,images/pose,16.0
229,1789131987.8384104,loss/backward,83.42249298095703
229,1789131987.8384104,loss/detect_mean,0.0
229,1789131987.8384104,loss/joint_mean,1.3034764528274536
229,1789131987.8384104,loss/pose_mean,1.3034764528274536
229,1789131987.8384104,lr/attention.decay,0.0
229,1789131987.8384104,lr/attention.no_decay,0.0
229,1789131987.8384104,lr/backbone.decay,0.0
229,1789131987.8384104,lr/backbone.no_decay,0.0
229,1789131987.8384104,lr/detect_head.decay,0.0
229,1789131987.8384104,lr/detect_head.no_decay,0.0
229,1789131987.8384104,lr/neck.decay,0.0
229,1789131987.8384104,lr/neck.no_decay,0.0
229,1789131987.8384104,lr/pose_head.decay,6.549597855227883e-06
229,1789131987.8384104,lr/pose_head.no_decay,6.549597855227883e-06
229,1789131987.8384104,pose/component_0,0.972460925579071
229,1789131987.8384104,pose/component_1,0.07620344310998917
229,1789131987.8384104,pose/component_2,0.0034940994810312986
229,1789131987.8384104,pose/component_3,0.4086507260799408
229,1789131987.8384104,pose/component_4,0.0025918663013726473
229,1789131987.8384104,pose/component_5,0.0
230,1789131988.0327017,amp/overflow_retries,0.0
230,1789131988.0327017,amp/scale,32.0
230,1789131988.0327017,gradient/clipped_norm,275.49725341796875
230,1789131988.0327017,images/detect,0.0
230,1789131988.0327017,images/pose,16.0
230,1789131988.0327017,loss/backward,70.19110107421875
230,1789131988.0327017,loss/detect_mean,0.0
230,1789131988.0327017,loss/joint_mean,1.096735954284668
230,1789131988.0327017,loss/pose_mean,1.096735954284668
230,1789131988.0327017,lr/attention.decay,0.0
230,1789131988.0327017,lr/attention.no_decay,0.0
230,1789131988.0327017,lr/backbone.decay,0.0
230,1789131988.0327017,lr/backbone.no_decay,0.0
230,1789131988.0327017,lr/detect_head.decay,0.0
230,1789131988.0327017,lr/detect_head.no_decay,0.0
230,1789131988.0327017,lr/neck.decay,0.0
230,1789131988.0327017,lr/neck.no_decay,0.0
230,1789131988.0327017,lr/pose_head.decay,6.57372654155496e-06
230,1789131988.0327017,lr/pose_head.no_decay,6.57372654155496e-06
230,1789131988.0327017,pose/component_0,0.7379067540168762
230,1789131988.0327017,pose/component_1,0.019094280898571014
230,1789131988.0327017,pose/component_2,0.009937181137502193
230,1789131988.0327017,pose/component_3,0.3905138671398163
230,1789131988.0327017,pose/component_4,0.0020601111464202404
230,1789131988.0327017,pose/component_5,0.0
231,1789131988.226742,amp/overflow_retries,0.0
231,1789131988.226742,amp/scale,32.0
231,1789131988.226742,gradient/clipped_norm,386.3976745605469
231,1789131988.226742,images/detect,0.0
231,1789131988.226742,images/pose,16.0
231,1789131988.226742,loss/backward,89.46389770507812
231,1789131988.226742,loss/detect_mean,0.0
231,1789131988.226742,loss/joint_mean,1.3978734016418457
231,1789131988.226742,loss/pose_mean,1.3978734016418457
231,1789131988.226742,lr/attention.decay,0.0
231,1789131988.226742,lr/attention.no_decay,0.0
231,1789131988.226742,lr/backbone.decay,0.0
231,1789131988.226742,lr/backbone.no_decay,0.0
231,1789131988.226742,lr/detect_head.decay,0.0
231,1789131988.226742,lr/detect_head.no_decay,0.0
231,1789131988.226742,lr/neck.decay,0.0
231,1789131988.226742,lr/neck.no_decay,0.0
231,1789131988.226742,lr/pose_head.decay,6.597855227882038e-06
231,1789131988.226742,lr/pose_head.no_decay,6.597855227882038e-06
231,1789131988.226742,pose/component_0,0.9478115439414978
231,1789131988.226742,pose/component_1,0.023082686588168144
231,1789131988.226742,pose/component_2,0.0022598959039896727
231,1789131988.226742,pose/component_3,0.44762417674064636
231,1789131988.226742,pose/component_4,0.0021314502228051424
231,1789131988.226742,pose/component_5,0.0
232,1789131988.4194221,amp/overflow_retries,0.0
232,1789131988.4194221,amp/scale,32.0
232,1789131988.4194221,gradient/clipped_norm,351.21417236328125
232,1789131988.4194221,images/detect,0.0
232,1789131988.4194221,images/pose,16.0
232,1789131988.4194221,loss/backward,78.41756439208984
232,1789131988.4194221,loss/detect_mean,0.0
232,1789131988.4194221,loss/joint_mean,1.2252744436264038
232,1789131988.4194221,loss/pose_mean,1.2252744436264038
232,1789131988.4194221,lr/attention.decay,0.0
232,1789131988.4194221,lr/attention.no_decay,0.0
232,1789131988.4194221,lr/backbone.decay,0.0
232,1789131988.4194221,lr/backbone.no_decay,0.0
232,1789131988.4194221,lr/detect_head.decay,0.0
232,1789131988.4194221,lr/detect_head.no_decay,0.0
232,1789131988.4194221,lr/neck.decay,0.0
232,1789131988.4194221,lr/neck.no_decay,0.0
232,1789131988.4194221,lr/pose_head.decay,6.621983914209116e-06
232,1789131988.4194221,lr/pose_head.no_decay,6.621983914209116e-06
232,1789131988.4194221,pose/component_0,0.9629190564155579
232,1789131988.4194221,pose/component_1,0.027129242196679115
232,1789131988.4194221,pose/component_2,0.0171897504478693
232,1789131988.4194221,pose/component_3,0.43793985247612
232,1789131988.4194221,pose/component_4,0.0018506345804780722
232,1789131988.4194221,pose/component_5,0.0
233,1789131988.620808,amp/overflow_retries,0.0
233,1789131988.620808,amp/scale,32.0
233,1789131988.620808,gradient/clipped_norm,359.44854736328125
233,1789131988.620808,images/detect,0.0
233,1789131988.620808,images/pose,16.0
233,1789131988.620808,loss/backward,91.35489654541016
233,1789131988.620808,loss/detect_mean,0.0
233,1789131988.620808,loss/joint_mean,1.4274202585220337
233,1789131988.620808,loss/pose_mean,1.4274202585220337
233,1789131988.620808,lr/attention.decay,0.0
233,1789131988.620808,lr/attention.no_decay,0.0
233,1789131988.620808,lr/backbone.decay,0.0
233,1789131988.620808,lr/backbone.no_decay,0.0
233,1789131988.620808,lr/detect_head.decay,0.0
233,1789131988.620808,lr/detect_head.no_decay,0.0
233,1789131988.620808,lr/neck.decay,0.0
233,1789131988.620808,lr/neck.no_decay,0.0
233,1789131988.620808,lr/pose_head.decay,6.646112600536193e-06
233,1789131988.620808,lr/pose_head.no_decay,6.646112600536193e-06
233,1789131988.620808,pose/component_0,0.8947796821594238
233,1789131988.620808,pose/component_1,0.023478560149669647
233,1789131988.620808,pose/component_2,0.06056835502386093
233,1789131988.620808,pose/component_3,0.6356889009475708
233,1789131988.620808,pose/component_4,0.0022480604238808155
233,1789131988.620808,pose/component_5,0.0
234,1789131988.8134458,amp/overflow_retries,0.0
234,1789131988.8134458,amp/scale,32.0
234,1789131988.8134458,gradient/clipped_norm,323.9800720214844
234,1789131988.8134458,images/detect,0.0
234,1789131988.8134458,images/pose,16.0
234,1789131988.8134458,loss/backward,73.20768737792969
234,1789131988.8134458,loss/detect_mean,0.0
234,1789131988.8134458,loss/joint_mean,1.1438701152801514
234,1789131988.8134458,loss/pose_mean,1.1438701152801514
234,1789131988.8134458,lr/attention.decay,0.0
234,1789131988.8134458,lr/attention.no_decay,0.0
234,1789131988.8134458,lr/backbone.decay,0.0
234,1789131988.8134458,lr/backbone.no_decay,0.0
234,1789131988.8134458,lr/detect_head.decay,0.0
234,1789131988.8134458,lr/detect_head.no_decay,0.0
234,1789131988.8134458,lr/neck.decay,0.0
234,1789131988.8134458,lr/neck.no_decay,0.0
234,1789131988.8134458,lr/pose_head.decay,6.6702412868632716e-06
234,1789131988.8134458,lr/pose_head.no_decay,6.6702412868632716e-06
234,1789131988.8134458,pose/component_0,0.8363787531852722
234,1789131988.8134458,pose/component_1,0.025726694613695145
234,1789131988.8134458,pose/component_2,0.006485431455075741
234,1789131988.8134458,pose/component_3,0.3320111632347107
234,1789131988.8134458,pose/component_4,0.0024089054204523563
234,1789131988.8134458,pose/component_5,0.0
235,1789131989.0063818,amp/overflow_retries,0.0
235,1789131989.0063818,amp/scale,32.0
235,1789131989.0063818,gradient/clipped_norm,276.50274658203125
235,1789131989.0063818,images/detect,0.0
235,1789131989.0063818,images/pose,16.0
235,1789131989.0063818,loss/backward,79.06474304199219
235,1789131989.0063818,loss/detect_mean,0.0
235,1789131989.0063818,loss/joint_mean,1.235386610031128
235,1789131989.0063818,loss/pose_mean,1.235386610031128
235,1789131989.0063818,lr/attention.decay,0.0
235,1789131989.0063818,lr/attention.no_decay,0.0
235,1789131989.0063818,lr/backbone.decay,0.0
235,1789131989.0063818,lr/backbone.no_decay,0.0
235,1789131989.0063818,lr/detect_head.decay,0.0
235,1789131989.0063818,lr/detect_head.no_decay,0.0
235,1789131989.0063818,lr/neck.decay,0.0
235,1789131989.0063818,lr/neck.no_decay,0.0
235,1789131989.0063818,lr/pose_head.decay,6.694369973190349e-06
235,1789131989.0063818,lr/pose_head.no_decay,6.694369973190349e-06
235,1789131989.0063818,pose/component_0,0.8431347012519836
235,1789131989.0063818,pose/component_1,0.024957217276096344
235,1789131989.0063818,pose/component_2,0.009667787700891495
235,1789131989.0063818,pose/component_3,0.422970712184906
235,1789131989.0063818,pose/component_4,0.0024532717652618885
235,1789131989.0063818,pose/component_5,0.0
236,1789131989.199667,amp/overflow_retries,0.0
236,1789131989.199667,amp/scale,32.0
236,1789131989.199667,gradient/clipped_norm,367.30340576171875
236,1789131989.199667,images/detect,0.0
236,1789131989.199667,images/pose,16.0
236,1789131989.199667,loss/backward,76.87547302246094
236,1789131989.199667,loss/detect_mean,0.0
236,1789131989.199667,loss/joint_mean,1.2011792659759521
236,1789131989.199667,loss/pose_mean,1.2011792659759521
236,1789131989.199667,lr/attention.decay,0.0
236,1789131989.199667,lr/attention.no_decay,0.0
236,1789131989.199667,lr/backbone.decay,0.0
236,1789131989.199667,lr/backbone.no_decay,0.0
236,1789131989.199667,lr/detect_head.decay,0.0
236,1789131989.199667,lr/detect_head.no_decay,0.0
236,1789131989.199667,lr/neck.decay,0.0
236,1789131989.199667,lr/neck.no_decay,0.0
236,1789131989.199667,lr/pose_head.decay,6.718498659517426e-06
236,1789131989.199667,lr/pose_head.no_decay,6.718498659517426e-06
236,1789131989.199667,pose/component_0,0.8266804218292236
236,1789131989.199667,pose/component_1,0.012197131291031837
236,1789131989.199667,pose/component_2,0.001519009005278349
236,1789131989.199667,pose/component_3,0.31545525789260864
236,1789131989.199667,pose/component_4,0.0021625161170959473
236,1789131989.199667,pose/component_5,0.0
237,1789131989.3926356,amp/overflow_retries,0.0
237,1789131989.3926356,amp/scale,32.0
237,1789131989.3926356,gradient/clipped_norm,273.89794921875
237,1789131989.3926356,images/detect,0.0
237,1789131989.3926356,images/pose,16.0
237,1789131989.3926356,loss/backward,72.71024322509766
237,1789131989.3926356,loss/detect_mean,0.0
237,1789131989.3926356,loss/joint_mean,1.1360975503921509
237,1789131989.3926356,loss/pose_mean,1.1360975503921509
237,1789131989.3926356,lr/attention.decay,0.0
237,1789131989.3926356,lr/attention.no_decay,0.0
237,1789131989.3926356,lr/backbone.decay,0.0
237,1789131989.3926356,lr/backbone.no_decay,0.0
237,1789131989.3926356,lr/detect_head.decay,0.0
237,1789131989.3926356,lr/detect_head.no_decay,0.0
237,1789131989.3926356,lr/neck.decay,0.0
237,1789131989.3926356,lr/neck.no_decay,0.0
237,1789131989.3926356,lr/pose_head.decay,6.742627345844505e-06
237,1789131989.3926356,lr/pose_head.no_decay,6.742627345844505e-06
237,1789131989.3926356,pose/component_0,0.7171284556388855
237,1789131989.3926356,pose/component_1,0.011499881744384766
237,1789131989.3926356,pose/component_2,0.017070923000574112
237,1789131989.3926356,pose/component_3,0.4326994717121124
237,1789131989.3926356,pose/component_4,0.002180560724809766
237,1789131989.3926356,pose/component_5,0.0
238,1789131989.586431,amp/overflow_retries,0.0
238,1789131989.586431,amp/scale,32.0
238,1789131989.586431,gradient/clipped_norm,3367.5576171875
238,1789131989.586431,images/detect,0.0
238,1789131989.586431,images/pose,16.0
238,1789131989.586431,loss/backward,111.54082489013672
238,1789131989.586431,loss/detect_mean,0.0
238,1789131989.586431,loss/joint_mean,1.7428253889083862
238,1789131989.586431,loss/pose_mean,1.7428253889083862
238,1789131989.586431,lr/attention.decay,0.0
238,1789131989.586431,lr/attention.no_decay,0.0
238,1789131989.586431,lr/backbone.decay,0.0
238,1789131989.586431,lr/backbone.no_decay,0.0
238,1789131989.586431,lr/detect_head.decay,0.0
238,1789131989.586431,lr/detect_head.no_decay,0.0
238,1789131989.586431,lr/neck.decay,0.0
238,1789131989.586431,lr/neck.no_decay,0.0
238,1789131989.586431,lr/pose_head.decay,6.766756032171582e-06
238,1789131989.586431,lr/pose_head.no_decay,6.766756032171582e-06
238,1789131989.586431,pose/component_0,1.08920419216156
238,1789131989.586431,pose/component_1,0.02795662358403206
238,1789131989.586431,pose/component_2,0.006269678473472595
238,1789131989.586431,pose/component_3,0.3649555444717407
238,1789131989.586431,pose/component_4,0.0029656430706381798
238,1789131989.586431,pose/component_5,0.0
239,1789131989.779343,amp/overflow_retries,0.0
239,1789131989.779343,amp/scale,32.0
239,1789131989.779343,gradient/clipped_norm,2934.079345703125
239,1789131989.779343,images/detect,0.0
239,1789131989.779343,images/pose,16.0
239,1789131989.779343,loss/backward,119.21067810058594
239,1789131989.779343,loss/detect_mean,0.0
239,1789131989.779343,loss/joint_mean,1.8626668453216553
239,1789131989.779343,loss/pose_mean,1.8626668453216553
239,1789131989.779343,lr/attention.decay,0.0
239,1789131989.779343,lr/attention.no_decay,0.0
239,1789131989.779343,lr/backbone.decay,0.0
239,1789131989.779343,lr/backbone.no_decay,0.0
239,1789131989.779343,lr/detect_head.decay,0.0
239,1789131989.779343,lr/detect_head.no_decay,0.0
239,1789131989.779343,lr/neck.decay,0.0
239,1789131989.779343,lr/neck.no_decay,0.0
239,1789131989.779343,lr/pose_head.decay,6.7908847184986605e-06
239,1789131989.779343,lr/pose_head.no_decay,6.7908847184986605e-06
239,1789131989.779343,pose/component_0,0.8427609801292419
239,1789131989.779343,pose/component_1,0.03160674870014191
239,1789131989.779343,pose/component_2,0.06871520727872849
239,1789131989.779343,pose/component_3,0.32468390464782715
239,1789131989.779343,pose/component_4,0.0036021710839122534
239,1789131989.779343,pose/component_5,0.0
240,1789131989.973129,amp/overflow_retries,0.0
240,1789131989.973129,amp/scale,32.0
240,1789131989.973129,gradient/clipped_norm,378.5563049316406
240,1789131989.973129,images/detect,0.0
240,1789131989.973129,images/pose,16.0
240,1789131989.973129,loss/backward,81.21761322021484
240,1789131989.973129,loss/detect_mean,0.0
240,1789131989.973129,loss/joint_mean,1.269025206565857
240,1789131989.973129,loss/pose_mean,1.269025206565857
240,1789131989.973129,lr/attention.decay,0.0
240,1789131989.973129,lr/attention.no_decay,0.0
240,1789131989.973129,lr/backbone.decay,0.0
240,1789131989.973129,lr/backbone.no_decay,0.0
240,1789131989.973129,lr/detect_head.decay,0.0
240,1789131989.973129,lr/detect_head.no_decay,0.0
240,1789131989.973129,lr/neck.decay,0.0
240,1789131989.973129,lr/neck.no_decay,0.0
240,1789131989.973129,lr/pose_head.decay,6.815013404825738e-06
240,1789131989.973129,lr/pose_head.no_decay,6.815013404825738e-06
240,1789131989.973129,pose/component_0,0.9536503553390503
240,1789131989.973129,pose/component_1,0.021640364080667496
240,1789131989.973129,pose/component_2,0.02077297680079937
240,1789131989.973129,pose/component_3,0.3578416705131531
240,1789131989.973129,pose/component_4,0.007304455153644085
240,1789131989.973129,pose/component_5,0.0
241,1789131990.165816,amp/overflow_retries,0.0
241,1789131990.165816,amp/scale,32.0
241,1789131990.165816,gradient/clipped_norm,2951.493408203125
241,1789131990.165816,images/detect,0.0
241,1789131990.165816,images/pose,16.0
241,1789131990.165816,loss/backward,116.60423278808594
241,1789131990.165816,loss/detect_mean,0.0
241,1789131990.165816,loss/joint_mean,1.8219411373138428
241,1789131990.165816,loss/pose_mean,1.8219411373138428
241,1789131990.165816,lr/attention.decay,0.0
241,1789131990.165816,lr/attention.no_decay,0.0
241,1789131990.165816,lr/backbone.decay,0.0
241,1789131990.165816,lr/backbone.no_decay,0.0
241,1789131990.165816,lr/detect_head.decay,0.0
241,1789131990.165816,lr/detect_head.no_decay,0.0
241,1789131990.165816,lr/neck.decay,0.0
241,1789131990.165816,lr/neck.no_decay,0.0
241,1789131990.165816,lr/pose_head.decay,6.839142091152815e-06
241,1789131990.165816,lr/pose_head.no_decay,6.839142091152815e-06
241,1789131990.165816,pose/component_0,0.9141380786895752
241,1789131990.165816,pose/component_1,0.02536475658416748
241,1789131990.165816,pose/component_2,0.008260514587163925
241,1789131990.165816,pose/component_3,0.44635674357414246
241,1789131990.165816,pose/component_4,0.003165277186781168
241,1789131990.165816,pose/component_5,0.0
242,1789131990.358566,amp/overflow_retries,0.0
242,1789131990.358566,amp/scale,32.0
242,1789131990.358566,gradient/clipped_norm,369.9592590332031
242,1789131990.358566,images/detect,0.0
242,1789131990.358566,images/pose,16.0
242,1789131990.358566,loss/backward,93.79737854003906
242,1789131990.358566,loss/detect_mean,0.0
242,1789131990.358566,loss/joint_mean,1.4655840396881104
242,1789131990.358566,loss/pose_mean,1.4655840396881104
242,1789131990.358566,lr/attention.decay,0.0
242,1789131990.358566,lr/attention.no_decay,0.0
242,1789131990.358566,lr/backbone.decay,0.0
242,1789131990.358566,lr/backbone.no_decay,0.0
242,1789131990.358566,lr/detect_head.decay,0.0
242,1789131990.358566,lr/detect_head.no_decay,0.0
242,1789131990.358566,lr/neck.decay,0.0
242,1789131990.358566,lr/neck.no_decay,0.0
242,1789131990.358566,lr/pose_head.decay,6.8632707774798935e-06
242,1789131990.358566,lr/pose_head.no_decay,6.8632707774798935e-06
242,1789131990.358566,pose/component_0,0.9817065000534058
242,1789131990.358566,pose/component_1,0.026644008234143257
242,1789131990.358566,pose/component_2,0.003885718295350671
242,1789131990.358566,pose/component_3,0.46069207787513733
242,1789131990.358566,pose/component_4,0.002302606124430895
242,1789131990.358566,pose/component_5,0.0
243,1789131990.5514512,amp/overflow_retries,0.0
243,1789131990.5514512,amp/scale,32.0
243,1789131990.5514512,gradient/clipped_norm,309.9657897949219
243,1789131990.5514512,images/detect,0.0
243,1789131990.5514512,images/pose,16.0
243,1789131990.5514512,loss/backward,72.87507629394531
243,1789131990.5514512,loss/detect_mean,0.0
243,1789131990.5514512,loss/joint_mean,1.1386730670928955
243,1789131990.5514512,loss/pose_mean,1.1386730670928955
243,1789131990.5514512,lr/attention.decay,0.0
243,1789131990.5514512,lr/attention.no_decay,0.0
243,1789131990.5514512,lr/backbone.decay,0.0
243,1789131990.5514512,lr/backbone.no_decay,0.0
243,1789131990.5514512,lr/detect_head.decay,0.0
243,1789131990.5514512,lr/detect_head.no_decay,0.0
243,1789131990.5514512,lr/neck.decay,0.0
243,1789131990.5514512,lr/neck.no_decay,0.0
243,1789131990.5514512,lr/pose_head.decay,6.887399463806971e-06
243,1789131990.5514512,lr/pose_head.no_decay,6.887399463806971e-06
243,1789131990.5514512,pose/component_0,0.7721906900405884
243,1789131990.5514512,pose/component_1,0.016522377729415894
243,1789131990.5514512,pose/component_2,0.003764909692108631
243,1789131990.5514512,pose/component_3,0.3569115400314331
243,1789131990.5514512,pose/component_4,0.0022520660422742367
243,1789131990.5514512,pose/component_5,0.0
244,1789131990.7440128,amp/overflow_retries,0.0
244,1789131990.7440128,amp/scale,32.0
244,1789131990.7440128,gradient/clipped_norm,377.24139404296875
244,1789131990.7440128,images/detect,0.0
244,1789131990.7440128,images/pose,16.0
244,1789131990.7440128,loss/backward,77.97986602783203
244,1789131990.7440128,loss/detect_mean,0.0
244,1789131990.7440128,loss/joint_mean,1.2184354066848755
244,1789131990.7440128,loss/pose_mean,1.2184354066848755
244,1789131990.7440128,lr/attention.decay,0.0
244,1789131990.7440128,lr/attention.no_decay,0.0
244,1789131990.7440128,lr/backbone.decay,0.0
244,1789131990.7440128,lr/backbone.no_decay,0.0
244,1789131990.7440128,lr/detect_head.decay,0.0
244,1789131990.7440128,lr/detect_head.no_decay,0.0
244,1789131990.7440128,lr/neck.decay,0.0
244,1789131990.7440128,lr/neck.no_decay,0.0
244,1789131990.7440128,lr/pose_head.decay,6.911528150134049e-06
244,1789131990.7440128,lr/pose_head.no_decay,6.911528150134049e-06
244,1789131990.7440128,pose/component_0,0.8338096141815186
244,1789131990.7440128,pose/component_1,0.015785353258252144
244,1789131990.7440128,pose/component_2,0.03666653484106064
244,1789131990.7440128,pose/component_3,0.3751983046531677
244,1789131990.7440128,pose/component_4,0.0029023378156125546
244,1789131990.7440128,pose/component_5,0.0
245,1789131990.9373467,amp/overflow_retries,0.0
245,1789131990.9373467,amp/scale,32.0
245,1789131990.9373467,gradient/clipped_norm,322.14898681640625
245,1789131990.9373467,images/detect,0.0
245,1789131990.9373467,images/pose,16.0
245,1789131990.9373467,loss/backward,77.08660888671875
245,1789131990.9373467,loss/detect_mean,0.0
245,1789131990.9373467,loss/joint_mean,1.2044782638549805
245,1789131990.9373467,loss/pose_mean,1.2044782638549805
245,1789131990.9373467,lr/attention.decay,0.0
245,1789131990.9373467,lr/attention.no_decay,0.0
245,1789131990.9373467,lr/backbone.decay,0.0
245,1789131990.9373467,lr/backbone.no_decay,0.0
245,1789131990.9373467,lr/detect_head.decay,0.0
245,1789131990.9373467,lr/detect_head.no_decay,0.0
245,1789131990.9373467,lr/neck.decay,0.0
245,1789131990.9373467,lr/neck.no_decay,0.0
245,1789131990.9373467,lr/pose_head.decay,6.9356568364611265e-06
245,1789131990.9373467,lr/pose_head.no_decay,6.9356568364611265e-06
245,1789131990.9373467,pose/component_0,0.8298719525337219
245,1789131990.9373467,pose/component_1,0.02575293928384781
245,1789131990.9373467,pose/component_2,0.00948875118046999
245,1789131990.9373467,pose/component_3,0.38450998067855835
245,1789131990.9373467,pose/component_4,0.002589215524494648
245,1789131990.9373467,pose/component_5,0.0
246,1789131991.1306975,amp/overflow_retries,0.0
246,1789131991.1306975,amp/scale,32.0
246,1789131991.1306975,gradient/clipped_norm,353.1018371582031
246,1789131991.1306975,images/detect,0.0
246,1789131991.1306975,images/pose,16.0
246,1789131991.1306975,loss/backward,75.01890563964844
246,1789131991.1306975,loss/detect_mean,0.0
246,1789131991.1306975,loss/joint_mean,1.1721704006195068
246,1789131991.1306975,loss/pose_mean,1.1721704006195068
246,1789131991.1306975,lr/attention.decay,0.0
246,1789131991.1306975,lr/attention.no_decay,0.0
246,1789131991.1306975,lr/backbone.decay,0.0
246,1789131991.1306975,lr/backbone.no_decay,0.0
246,1789131991.1306975,lr/detect_head.decay,0.0
246,1789131991.1306975,lr/detect_head.no_decay,0.0
246,1789131991.1306975,lr/neck.decay,0.0
246,1789131991.1306975,lr/neck.no_decay,0.0
246,1789131991.1306975,lr/pose_head.decay,6.959785522788204e-06
246,1789131991.1306975,lr/pose_head.no_decay,6.959785522788204e-06
246,1789131991.1306975,pose/component_0,0.8682805895805359
246,1789131991.1306975,pose/component_1,0.026790618896484375
246,1789131991.1306975,pose/component_2,0.004025578498840332
246,1789131991.1306975,pose/component_3,0.49827590584754944
246,1789131991.1306975,pose/component_4,0.003722595516592264
246,1789131991.1306975,pose/component_5,0.0
247,1789131991.3242304,amp/overflow_retries,0.0
247,1789131991.3242304,amp/scale,32.0
247,1789131991.3242304,gradient/clipped_norm,328.39385986328125
247,1789131991.3242304,images/detect,0.0
247,1789131991.3242304,images/pose,16.0
247,1789131991.3242304,loss/backward,70.40176391601562
247,1789131991.3242304,loss/detect_mean,0.0
247,1789131991.3242304,loss/joint_mean,1.1000275611877441
247,1789131991.3242304,loss/pose_mean,1.1000275611877441
247,1789131991.3242304,lr/attention.decay,0.0
247,1789131991.3242304,lr/attention.no_decay,0.0
247,1789131991.3242304,lr/backbone.decay,0.0
247,1789131991.3242304,lr/backbone.no_decay,0.0
247,1789131991.3242304,lr/detect_head.decay,0.0
247,1789131991.3242304,lr/detect_head.no_decay,0.0
247,1789131991.3242304,lr/neck.decay,0.0
247,1789131991.3242304,lr/neck.no_decay,0.0
247,1789131991.3242304,lr/pose_head.decay,6.983914209115282e-06
247,1789131991.3242304,lr/pose_head.no_decay,6.983914209115282e-06
247,1789131991.3242304,pose/component_0,0.667428731918335
247,1789131991.3242304,pose/component_1,0.014189681969583035
247,1789131991.3242304,pose/component_2,0.003887831000611186
247,1789131991.3242304,pose/component_3,0.30076131224632263
247,1789131991.3242304,pose/component_4,0.0027207774110138416
247,1789131991.3242304,pose/component_5,0.0
248,1789131991.5174072,amp/overflow_retries,0.0
248,1789131991.5174072,amp/scale,32.0
248,1789131991.5174072,gradient/clipped_norm,494.42431640625
248,1789131991.5174072,images/detect,0.0
248,1789131991.5174072,images/pose,16.0
248,1789131991.5174072,loss/backward,62.55518341064453
248,1789131991.5174072,loss/detect_mean,0.0
248,1789131991.5174072,loss/joint_mean,0.9774247407913208
248,1789131991.5174072,loss/pose_mean,0.9774247407913208
248,1789131991.5174072,lr/attention.decay,0.0
248,1789131991.5174072,lr/attention.no_decay,0.0
248,1789131991.5174072,lr/backbone.decay,0.0
248,1789131991.5174072,lr/backbone.no_decay,0.0
248,1789131991.5174072,lr/detect_head.decay,0.0
248,1789131991.5174072,lr/detect_head.no_decay,0.0
248,1789131991.5174072,lr/neck.decay,0.0
248,1789131991.5174072,lr/neck.no_decay,0.0
248,1789131991.5174072,lr/pose_head.decay,7.0080428954423595e-06
248,1789131991.5174072,lr/pose_head.no_decay,7.0080428954423595e-06
248,1789131991.5174072,pose/component_0,0.7757298946380615
248,1789131991.5174072,pose/component_1,0.012435680255293846
248,1789131991.5174072,pose/component_2,0.001785630825906992
248,1789131991.5174072,pose/component_3,0.2501172423362732
248,1789131991.5174072,pose/component_4,0.0027832842897623777
248,1789131991.5174072,pose/component_5,0.0
249,1789131991.7103608,amp/overflow_retries,0.0
249,1789131991.7103608,amp/scale,32.0
249,1789131991.7103608,gradient/clipped_norm,320.2319030761719
249,1789131991.7103608,images/detect,0.0
249,1789131991.7103608,images/pose,16.0
249,1789131991.7103608,loss/backward,66.97090148925781
249,1789131991.7103608,loss/detect_mean,0.0
249,1789131991.7103608,loss/joint_mean,1.0464203357696533
249,1789131991.7103608,loss/pose_mean,1.0464203357696533
249,1789131991.7103608,lr/attention.decay,0.0
249,1789131991.7103608,lr/attention.no_decay,0.0
249,1789131991.7103608,lr/backbone.decay,0.0
249,1789131991.7103608,lr/backbone.no_decay,0.0
249,1789131991.7103608,lr/detect_head.decay,0.0
249,1789131991.7103608,lr/detect_head.no_decay,0.0
249,1789131991.7103608,lr/neck.decay,0.0
249,1789131991.7103608,lr/neck.no_decay,0.0
249,1789131991.7103608,lr/pose_head.decay,7.032171581769438e-06
249,1789131991.7103608,lr/pose_head.no_decay,7.032171581769438e-06
249,1789131991.7103608,pose/component_0,0.7560317516326904
249,1789131991.7103608,pose/component_1,0.031346239149570465
249,1789131991.7103608,pose/component_2,0.05950799956917763
249,1789131991.7103608,pose/component_3,0.37156978249549866
249,1789131991.7103608,pose/component_4,0.003803549101576209
249,1789131991.7103608,pose/component_5,0.0
250,1789131991.9037097,amp/overflow_retries,0.0
250,1789131991.9037097,amp/scale,32.0
250,1789131991.9037097,gradient/clipped_norm,351.4712219238281
250,1789131991.9037097,images/detect,0.0
250,1789131991.9037097,images/pose,16.0
250,1789131991.9037097,loss/backward,79.87127685546875
250,1789131991.9037097,loss/detect_mean,0.0
250,1789131991.9037097,loss/joint_mean,1.2479887008666992
250,1789131991.9037097,loss/pose_mean,1.2479887008666992
250,1789131991.9037097,lr/attention.decay,0.0
250,1789131991.9037097,lr/attention.no_decay,0.0
250,1789131991.9037097,lr/backbone.decay,0.0
250,1789131991.9037097,lr/backbone.no_decay,0.0
250,1789131991.9037097,lr/detect_head.decay,0.0
250,1789131991.9037097,lr/detect_head.no_decay,0.0
250,1789131991.9037097,lr/neck.decay,0.0
250,1789131991.9037097,lr/neck.no_decay,0.0
250,1789131991.9037097,lr/pose_head.decay,7.056300268096515e-06
250,1789131991.9037097,lr/pose_head.no_decay,7.056300268096515e-06
250,1789131991.9037097,pose/component_0,0.7889976501464844
250,1789131991.9037097,pose/component_1,0.0392129048705101
250,1789131991.9037097,pose/component_2,0.025680065155029297
250,1789131991.9037097,pose/component_3,0.6179101467132568
250,1789131991.9037097,pose/component_4,0.002464037388563156
250,1789131991.9037097,pose/component_5,0.0
251,1789131992.0965302,amp/overflow_retries,0.0
251,1789131992.0965302,amp/scale,32.0
251,1789131992.0965302,gradient/clipped_norm,387.73370361328125
251,1789131992.0965302,images/detect,0.0
251,1789131992.0965302,images/pose,16.0
251,1789131992.0965302,loss/backward,95.26719665527344
251,1789131992.0965302,loss/detect_mean,0.0
251,1789131992.0965302,loss/joint_mean,1.4885499477386475
251,1789131992.0965302,loss/pose_mean,1.4885499477386475
251,1789131992.0965302,lr/attention.decay,0.0
251,1789131992.0965302,lr/attention.no_decay,0.0
251,1789131992.0965302,lr/backbone.decay,0.0
251,1789131992.0965302,lr/backbone.no_decay,0.0
251,1789131992.0965302,lr/detect_head.decay,0.0
251,1789131992.0965302,lr/detect_head.no_decay,0.0
251,1789131992.0965302,lr/neck.decay,0.0
251,1789131992.0965302,lr/neck.no_decay,0.0
251,1789131992.0965302,lr/pose_head.decay,7.0804289544235925e-06
251,1789131992.0965302,lr/pose_head.no_decay,7.0804289544235925e-06
251,1789131992.0965302,pose/component_0,1.0892404317855835
251,1789131992.0965302,pose/component_1,0.01899516023695469
251,1789131992.0965302,pose/component_2,0.007136188913136721
251,1789131992.0965302,pose/component_3,0.44653642177581787
251,1789131992.0965302,pose/component_4,0.005133048631250858
251,1789131992.0965302,pose/component_5,0.0
252,1789131992.2895486,amp/overflow_retries,0.0
252,1789131992.2895486,amp/scale,32.0
252,1789131992.2895486,gradient/clipped_norm,333.2757873535156
252,1789131992.2895486,images/detect,0.0
252,1789131992.2895486,images/pose,16.0
252,1789131992.2895486,loss/backward,76.31470489501953
252,1789131992.2895486,loss/detect_mean,0.0
252,1789131992.2895486,loss/joint_mean,1.1924172639846802
252,1789131992.2895486,loss/pose_mean,1.1924172639846802
252,1789131992.2895486,lr/attention.decay,0.0
252,1789131992.2895486,lr/attention.no_decay,0.0
252,1789131992.2895486,lr/backbone.decay,0.0
252,1789131992.2895486,lr/backbone.no_decay,0.0
252,1789131992.2895486,lr/detect_head.decay,0.0
252,1789131992.2895486,lr/detect_head.no_decay,0.0
252,1789131992.2895486,lr/neck.decay,0.0
252,1789131992.2895486,lr/neck.no_decay,0.0
252,1789131992.2895486,lr/pose_head.decay,7.104557640750671e-06
252,1789131992.2895486,lr/pose_head.no_decay,7.104557640750671e-06
252,1789131992.2895486,pose/component_0,0.8527010083198547
252,1789131992.2895486,pose/component_1,0.026878133416175842
252,1789131992.2895486,pose/component_2,0.018370112404227257
252,1789131992.2895486,pose/component_3,0.3818279802799225
252,1789131992.2895486,pose/component_4,0.0035106842406094074
252,1789131992.2895486,pose/component_5,0.0
253,1789131992.4824197,amp/overflow_retries,0.0
253,1789131992.4824197,amp/scale,32.0
253,1789131992.4824197,gradient/clipped_norm,322.9615783691406
253,1789131992.4824197,images/detect,0.0
253,1789131992.4824197,images/pose,16.0
253,1789131992.4824197,loss/backward,71.64747619628906
253,1789131992.4824197,loss/detect_mean,0.0
253,1789131992.4824197,loss/joint_mean,1.1194918155670166
253,1789131992.4824197,loss/pose_mean,1.1194918155670166
253,1789131992.4824197,lr/attention.decay,0.0
253,1789131992.4824197,lr/attention.no_decay,0.0
253,1789131992.4824197,lr/backbone.decay,0.0
253,1789131992.4824197,lr/backbone.no_decay,0.0
253,1789131992.4824197,lr/detect_head.decay,0.0
253,1789131992.4824197,lr/detect_head.no_decay,0.0
253,1789131992.4824197,lr/neck.decay,0.0
253,1789131992.4824197,lr/neck.no_decay,0.0
253,1789131992.4824197,lr/pose_head.decay,7.128686327077748e-06
253,1789131992.4824197,lr/pose_head.no_decay,7.128686327077748e-06
253,1789131992.4824197,pose/component_0,0.7218025922775269
253,1789131992.4824197,pose/component_1,0.014903470873832703
253,1789131992.4824197,pose/component_2,0.008687162771821022
253,1789131992.4824197,pose/component_3,0.3579370081424713
253,1789131992.4824197,pose/component_4,0.0020801525097340345
253,1789131992.4824197,pose/component_5,0.0
254,1789131992.674955,amp/overflow_retries,0.0
254,1789131992.674955,amp/scale,32.0
254,1789131992.674955,gradient/clipped_norm,292.7857971191406
254,1789131992.674955,images/detect,0.0
254,1789131992.674955,images/pose,16.0
254,1789131992.674955,loss/backward,55.517234802246094
254,1789131992.674955,loss/detect_mean,0.0
254,1789131992.674955,loss/joint_mean,0.8674567937850952
254,1789131992.674955,loss/pose_mean,0.8674567937850952
254,1789131992.674955,lr/attention.decay,0.0
254,1789131992.674955,lr/attention.no_decay,0.0
254,1789131992.674955,lr/backbone.decay,0.0
254,1789131992.674955,lr/backbone.no_decay,0.0
254,1789131992.674955,lr/detect_head.decay,0.0
254,1789131992.674955,lr/detect_head.no_decay,0.0
254,1789131992.674955,lr/neck.decay,0.0
254,1789131992.674955,lr/neck.no_decay,0.0
254,1789131992.674955,lr/pose_head.decay,7.152815013404827e-06
254,1789131992.674955,lr/pose_head.no_decay,7.152815013404827e-06
254,1789131992.674955,pose/component_0,0.571440577507019
254,1789131992.674955,pose/component_1,0.008751085959374905
254,1789131992.674955,pose/component_2,0.008421999402344227
254,1789131992.674955,pose/component_3,0.21892400085926056
254,1789131992.674955,pose/component_4,0.002088388428092003
254,1789131992.674955,pose/component_5,0.0
255,1789131992.8686087,amp/overflow_retries,0.0
255,1789131992.8686087,amp/scale,32.0
255,1789131992.8686087,gradient/clipped_norm,391.7630310058594
255,1789131992.8686087,images/detect,0.0
255,1789131992.8686087,images/pose,16.0
255,1789131992.8686087,loss/backward,78.23934936523438
255,1789131992.8686087,loss/detect_mean,0.0
255,1789131992.8686087,loss/joint_mean,1.222489833831787
255,1789131992.8686087,loss/pose_mean,1.222489833831787
255,1789131992.8686087,lr/attention.decay,0.0
255,1789131992.8686087,lr/attention.no_decay,0.0
255,1789131992.8686087,lr/backbone.decay,0.0
255,1789131992.8686087,lr/backbone.no_decay,0.0
255,1789131992.8686087,lr/detect_head.decay,0.0
255,1789131992.8686087,lr/detect_head.no_decay,0.0
255,1789131992.8686087,lr/neck.decay,0.0
255,1789131992.8686087,lr/neck.no_decay,0.0
255,1789131992.8686087,lr/pose_head.decay,7.176943699731904e-06
255,1789131992.8686087,lr/pose_head.no_decay,7.176943699731904e-06
255,1789131992.8686087,pose/component_0,1.0186553001403809
255,1789131992.8686087,pose/component_1,0.01958235539495945
255,1789131992.8686087,pose/component_2,0.007978944107890129
255,1789131992.8686087,pose/component_3,0.5131081938743591
255,1789131992.8686087,pose/component_4,0.002852712059393525
255,1789131992.8686087,pose/component_5,0.0
256,1789131993.0622828,amp/overflow_retries,0.0
256,1789131993.0622828,amp/scale,32.0
256,1789131993.0622828,gradient/clipped_norm,3762.70166015625
256,1789131993.0622828,images/detect,0.0
256,1789131993.0622828,images/pose,16.0
256,1789131993.0622828,loss/backward,96.30322265625
256,1789131993.0622828,loss/detect_mean,0.0
256,1789131993.0622828,loss/joint_mean,1.5047378540039062
256,1789131993.0622828,loss/pose_mean,1.5047378540039062
256,1789131993.0622828,lr/attention.decay,0.0
256,1789131993.0622828,lr/attention.no_decay,0.0
256,1789131993.0622828,lr/backbone.decay,0.0
256,1789131993.0622828,lr/backbone.no_decay,0.0
256,1789131993.0622828,lr/detect_head.decay,0.0
256,1789131993.0622828,lr/detect_head.no_decay,0.0
256,1789131993.0622828,lr/neck.decay,0.0
256,1789131993.0622828,lr/neck.no_decay,0.0
256,1789131993.0622828,lr/pose_head.decay,7.201072386058981e-06
256,1789131993.0622828,lr/pose_head.no_decay,7.201072386058981e-06
256,1789131993.0622828,pose/component_0,0.8779030442237854
256,1789131993.0622828,pose/component_1,0.01749981939792633
256,1789131993.0622828,pose/component_2,0.0020955372601747513
256,1789131993.0622828,pose/component_3,0.7371035218238831
256,1789131993.0622828,pose/component_4,0.0023644331376999617
256,1789131993.0622828,pose/component_5,0.0
257,1789131993.2565978,amp/overflow_retries,0.0
257,1789131993.2565978,amp/scale,32.0
257,1789131993.2565978,gradient/clipped_norm,427.86077880859375
257,1789131993.2565978,images/detect,0.0
257,1789131993.2565978,images/pose,16.0
257,1789131993.2565978,loss/backward,92.71401977539062
257,1789131993.2565978,loss/detect_mean,0.0
257,1789131993.2565978,loss/joint_mean,1.4486565589904785
257,1789131993.2565978,loss/pose_mean,1.4486565589904785
257,1789131993.2565978,lr/attention.decay,0.0
257,1789131993.2565978,lr/attention.no_decay,0.0
257,1789131993.2565978,lr/backbone.decay,0.0
257,1789131993.2565978,lr/backbone.no_decay,0.0
257,1789131993.2565978,lr/detect_head.decay,0.0
257,1789131993.2565978,lr/detect_head.no_decay,0.0
257,1789131993.2565978,lr/neck.decay,0.0
257,1789131993.2565978,lr/neck.no_decay,0.0
257,1789131993.2565978,lr/pose_head.decay,7.22520107238606e-06
257,1789131993.2565978,lr/pose_head.no_decay,7.22520107238606e-06
257,1789131993.2565978,pose/component_0,0.999811053276062
257,1789131993.2565978,pose/component_1,0.026814501732587814
257,1789131993.2565978,pose/component_2,0.0015135434223338962
257,1789131993.2565978,pose/component_3,0.6106130480766296
257,1789131993.2565978,pose/component_4,0.002739994553849101
257,1789131993.2565978,pose/component_5,0.0
258,1789131993.4498076,amp/overflow_retries,0.0
258,1789131993.4498076,amp/scale,32.0
258,1789131993.4498076,gradient/clipped_norm,442.1552734375
258,1789131993.4498076,images/detect,0.0
258,1789131993.4498076,images/pose,16.0
258,1789131993.4498076,loss/backward,98.88723754882812
258,1789131993.4498076,loss/detect_mean,0.0
258,1789131993.4498076,loss/joint_mean,1.5451130867004395
258,1789131993.4498076,loss/pose_mean,1.5451130867004395
258,1789131993.4498076,lr/attention.decay,0.0
258,1789131993.4498076,lr/attention.no_decay,0.0
258,1789131993.4498076,lr/backbone.decay,0.0
258,1789131993.4498076,lr/backbone.no_decay,0.0
258,1789131993.4498076,lr/detect_head.decay,0.0
258,1789131993.4498076,lr/detect_head.no_decay,0.0
258,1789131993.4498076,lr/neck.decay,0.0
258,1789131993.4498076,lr/neck.no_decay,0.0
258,1789131993.4498076,lr/pose_head.decay,7.249329758713137e-06
258,1789131993.4498076,lr/pose_head.no_decay,7.249329758713137e-06
258,1789131993.4498076,pose/component_0,1.2010457515716553
258,1789131993.4498076,pose/component_1,0.03419911861419678
258,1789131993.4498076,pose/component_2,0.0033342717215418816
258,1789131993.4498076,pose/component_3,0.5479049682617188
258,1789131993.4498076,pose/component_4,0.0026494786143302917
258,1789131993.4498076,pose/component_5,0.0
259,1789131993.6439736,amp/overflow_retries,0.0
259,1789131993.6439736,amp/scale,32.0
259,1789131993.6439736,gradient/clipped_norm,284.3445129394531
259,1789131993.6439736,images/detect,0.0
259,1789131993.6439736,images/pose,16.0
259,1789131993.6439736,loss/backward,76.98713684082031
259,1789131993.6439736,loss/detect_mean,0.0
259,1789131993.6439736,loss/joint_mean,1.2029240131378174
259,1789131993.6439736,loss/pose_mean,1.2029240131378174
259,1789131993.6439736,lr/attention.decay,0.0
259,1789131993.6439736,lr/attention.no_decay,0.0
259,1789131993.6439736,lr/backbone.decay,0.0
259,1789131993.6439736,lr/backbone.no_decay,0.0
259,1789131993.6439736,lr/detect_head.decay,0.0
259,1789131993.6439736,lr/detect_head.no_decay,0.0
259,1789131993.6439736,lr/neck.decay,0.0
259,1789131993.6439736,lr/neck.no_decay,0.0
259,1789131993.6439736,lr/pose_head.decay,7.273458445040216e-06
259,1789131993.6439736,lr/pose_head.no_decay,7.273458445040216e-06
259,1789131993.6439736,pose/component_0,0.870222270488739
259,1789131993.6439736,pose/component_1,0.015273512341082096
259,1789131993.6439736,pose/component_2,0.004593373276293278
259,1789131993.6439736,pose/component_3,0.4712223410606384
259,1789131993.6439736,pose/component_4,0.0024374399799853563
259,1789131993.6439736,pose/component_5,0.0
260,1789131993.8372896,amp/overflow_retries,0.0
260,1789131993.8372896,amp/scale,32.0
260,1789131993.8372896,gradient/clipped_norm,330.9499206542969
260,1789131993.8372896,images/detect,0.0
260,1789131993.8372896,images/pose,16.0
260,1789131993.8372896,loss/backward,66.22957611083984
260,1789131993.8372896,loss/detect_mean,0.0
260,1789131993.8372896,loss/joint_mean,1.0348371267318726
260,1789131993.8372896,loss/pose_mean,1.0348371267318726
260,1789131993.8372896,lr/attention.decay,0.0
260,1789131993.8372896,lr/attention.no_decay,0.0
260,1789131993.8372896,lr/backbone.decay,0.0
260,1789131993.8372896,lr/backbone.no_decay,0.0
260,1789131993.8372896,lr/detect_head.decay,0.0
260,1789131993.8372896,lr/detect_head.no_decay,0.0
260,1789131993.8372896,lr/neck.decay,0.0
260,1789131993.8372896,lr/neck.no_decay,0.0
260,1789131993.8372896,lr/pose_head.decay,7.297587131367293e-06
260,1789131993.8372896,lr/pose_head.no_decay,7.297587131367293e-06
260,1789131993.8372896,pose/component_0,0.6563400626182556
260,1789131993.8372896,pose/component_1,0.018681034445762634
260,1789131993.8372896,pose/component_2,0.06120755150914192
260,1789131993.8372896,pose/component_3,0.33636045455932617
260,1789131993.8372896,pose/component_4,0.0023066799622029066
260,1789131993.8372896,pose/component_5,0.0
261,1789131994.0301,amp/overflow_retries,0.0
261,1789131994.0301,amp/scale,32.0
261,1789131994.0301,gradient/clipped_norm,419.5582580566406
261,1789131994.0301,images/detect,0.0
261,1789131994.0301,images/pose,16.0
261,1789131994.0301,loss/backward,92.89852905273438
261,1789131994.0301,loss/detect_mean,0.0
261,1789131994.0301,loss/joint_mean,1.4515395164489746
261,1789131994.0301,loss/pose_mean,1.4515395164489746
261,1789131994.0301,lr/attention.decay,0.0
261,1789131994.0301,lr/attention.no_decay,0.0
261,1789131994.0301,lr/backbone.decay,0.0
261,1789131994.0301,lr/backbone.no_decay,0.0
261,1789131994.0301,lr/detect_head.decay,0.0
261,1789131994.0301,lr/detect_head.no_decay,0.0
261,1789131994.0301,lr/neck.decay,0.0
261,1789131994.0301,lr/neck.no_decay,0.0
261,1789131994.0301,lr/pose_head.decay,7.32171581769437e-06
261,1789131994.0301,lr/pose_head.no_decay,7.32171581769437e-06
261,1789131994.0301,pose/component_0,1.027590036392212
261,1789131994.0301,pose/component_1,0.023220205679535866
261,1789131994.0301,pose/component_2,0.004707624204456806
261,1789131994.0301,pose/component_3,0.4323861002922058
261,1789131994.0301,pose/component_4,0.0028142458759248257
261,1789131994.0301,pose/component_5,0.0
262,1789131994.22396,amp/overflow_retries,0.0
262,1789131994.22396,amp/scale,32.0
262,1789131994.22396,gradient/clipped_norm,392.8255310058594
262,1789131994.22396,images/detect,0.0
262,1789131994.22396,images/pose,16.0
262,1789131994.22396,loss/backward,72.52169036865234
262,1789131994.22396,loss/detect_mean,0.0
262,1789131994.22396,loss/joint_mean,1.1331514120101929
262,1789131994.22396,loss/pose_mean,1.1331514120101929
262,1789131994.22396,lr/attention.decay,0.0
262,1789131994.22396,lr/attention.no_decay,0.0
262,1789131994.22396,lr/backbone.decay,0.0
262,1789131994.22396,lr/backbone.no_decay,0.0
262,1789131994.22396,lr/detect_head.decay,0.0
262,1789131994.22396,lr/detect_head.no_decay,0.0
262,1789131994.22396,lr/neck.decay,0.0
262,1789131994.22396,lr/neck.no_decay,0.0
262,1789131994.22396,lr/pose_head.decay,7.345844504021449e-06
262,1789131994.22396,lr/pose_head.no_decay,7.345844504021449e-06
262,1789131994.22396,pose/component_0,0.8096998929977417
262,1789131994.22396,pose/component_1,0.01522842887789011
262,1789131994.22396,pose/component_2,0.052188705652952194
262,1789131994.22396,pose/component_3,0.37786778807640076
262,1789131994.22396,pose/component_4,0.0028280760161578655
262,1789131994.22396,pose/component_5,0.0
263,1789131994.4173372,amp/overflow_retries,0.0
263,1789131994.4173372,amp/scale,32.0
263,1789131994.4173372,gradient/clipped_norm,341.62286376953125
263,1789131994.4173372,images/detect,0.0
263,1789131994.4173372,images/pose,16.0
263,1789131994.4173372,loss/backward,61.689517974853516
263,1789131994.4173372,loss/detect_mean,0.0
263,1789131994.4173372,loss/joint_mean,0.9638987183570862
263,1789131994.4173372,loss/pose_mean,0.9638987183570862
263,1789131994.4173372,lr/attention.decay,0.0
263,1789131994.4173372,lr/attention.no_decay,0.0
263,1789131994.4173372,lr/backbone.decay,0.0
263,1789131994.4173372,lr/backbone.no_decay,0.0
263,1789131994.4173372,lr/detect_head.decay,0.0
263,1789131994.4173372,lr/detect_head.no_decay,0.0
263,1789131994.4173372,lr/neck.decay,0.0
263,1789131994.4173372,lr/neck.no_decay,0.0
263,1789131994.4173372,lr/pose_head.decay,7.369973190348526e-06
263,1789131994.4173372,lr/pose_head.no_decay,7.369973190348526e-06
263,1789131994.4173372,pose/component_0,0.689473569393158
263,1789131994.4173372,pose/component_1,0.015966124832630157
263,1789131994.4173372,pose/component_2,0.0023947188165038824
263,1789131994.4173372,pose/component_3,0.29124048352241516
263,1789131994.4173372,pose/component_4,0.0027834249194711447
263,1789131994.4173372,pose/component_5,0.0
264,1789131994.6103225,amp/overflow_retries,0.0
264,1789131994.6103225,amp/scale,32.0
264,1789131994.6103225,gradient/clipped_norm,334.93450927734375
264,1789131994.6103225,images/detect,0.0
264,1789131994.6103225,images/pose,16.0
264,1789131994.6103225,loss/backward,80.15148162841797
264,1789131994.6103225,loss/detect_mean,0.0
264,1789131994.6103225,loss/joint_mean,1.2523669004440308
264,1789131994.6103225,loss/pose_mean,1.2523669004440308
264,1789131994.6103225,lr/attention.decay,0.0
264,1789131994.6103225,lr/attention.no_decay,0.0
264,1789131994.6103225,lr/backbone.decay,0.0
264,1789131994.6103225,lr/backbone.no_decay,0.0
264,1789131994.6103225,lr/detect_head.decay,0.0
264,1789131994.6103225,lr/detect_head.no_decay,0.0
264,1789131994.6103225,lr/neck.decay,0.0
264,1789131994.6103225,lr/neck.no_decay,0.0
264,1789131994.6103225,lr/pose_head.decay,7.394101876675604e-06
264,1789131994.6103225,lr/pose_head.no_decay,7.394101876675604e-06
264,1789131994.6103225,pose/component_0,0.9157608151435852
264,1789131994.6103225,pose/component_1,0.016810573637485504
264,1789131994.6103225,pose/component_2,0.0028294462244957685
264,1789131994.6103225,pose/component_3,0.5183627009391785
264,1789131994.6103225,pose/component_4,0.0032674663234502077
264,1789131994.6103225,pose/component_5,0.0
265,1789131994.802848,amp/overflow_retries,0.0
265,1789131994.802848,amp/scale,32.0
265,1789131994.802848,gradient/clipped_norm,295.18212890625
265,1789131994.802848,images/detect,0.0
265,1789131994.802848,images/pose,16.0
265,1789131994.802848,loss/backward,62.38475799560547
265,1789131994.802848,loss/detect_mean,0.0
265,1789131994.802848,loss/joint_mean,0.9747618436813354
265,1789131994.802848,loss/pose_mean,0.9747618436813354
265,1789131994.802848,lr/attention.decay,0.0
265,1789131994.802848,lr/attention.no_decay,0.0
265,1789131994.802848,lr/backbone.decay,0.0
265,1789131994.802848,lr/backbone.no_decay,0.0
265,1789131994.802848,lr/detect_head.decay,0.0
265,1789131994.802848,lr/detect_head.no_decay,0.0
265,1789131994.802848,lr/neck.decay,0.0
265,1789131994.802848,lr/neck.no_decay,0.0
265,1789131994.802848,lr/pose_head.decay,7.418230563002682e-06
265,1789131994.802848,lr/pose_head.no_decay,7.418230563002682e-06
265,1789131994.802848,pose/component_0,0.5841987729072571
265,1789131994.802848,pose/component_1,0.009316635318100452
265,1789131994.802848,pose/component_2,0.09599322080612183
265,1789131994.802848,pose/component_3,0.23011144995689392
265,1789131994.802848,pose/component_4,0.00213143159635365
265,1789131994.802848,pose/component_5,0.0
266,1789131994.9958403,amp/overflow_retries,0.0
266,1789131994.9958403,amp/scale,32.0
266,1789131994.9958403,gradient/clipped_norm,293.2623291015625
266,1789131994.9958403,images/detect,0.0
266,1789131994.9958403,images/pose,16.0
266,1789131994.9958403,loss/backward,77.86198425292969
266,1789131994.9958403,loss/detect_mean,0.0
266,1789131994.9958403,loss/joint_mean,1.2165935039520264
266,1789131994.9958403,loss/pose_mean,1.2165935039520264
266,1789131994.9958403,lr/attention.decay,0.0
266,1789131994.9958403,lr/attention.no_decay,0.0
266,1789131994.9958403,lr/backbone.decay,0.0
266,1789131994.9958403,lr/backbone.no_decay,0.0
266,1789131994.9958403,lr/detect_head.decay,0.0
266,1789131994.9958403,lr/detect_head.no_decay,0.0
266,1789131994.9958403,lr/neck.decay,0.0
266,1789131994.9958403,lr/neck.no_decay,0.0
266,1789131994.9958403,lr/pose_head.decay,7.442359249329759e-06
266,1789131994.9958403,lr/pose_head.no_decay,7.442359249329759e-06
266,1789131994.9958403,pose/component_0,0.8261803388595581
266,1789131994.9958403,pose/component_1,0.021169571205973625
266,1789131994.9958403,pose/component_2,0.0048629785887897015
266,1789131994.9958403,pose/component_3,0.3164188861846924
266,1789131994.9958403,pose/component_4,0.002255199011415243
266,1789131994.9958403,pose/component_5,0.0
267,1789131995.1888113,amp/overflow_retries,0.0
267,1789131995.1888113,amp/scale,32.0
267,1789131995.1888113,gradient/clipped_norm,375.8294677734375
267,1789131995.1888113,images/detect,0.0
267,1789131995.1888113,images/pose,16.0
267,1789131995.1888113,loss/backward,64.67595672607422
267,1789131995.1888113,loss/detect_mean,0.0
267,1789131995.1888113,loss/joint_mean,1.0105618238449097
267,1789131995.1888113,loss/pose_mean,1.0105618238449097
267,1789131995.1888113,lr/attention.decay,0.0
267,1789131995.1888113,lr/attention.no_decay,0.0
267,1789131995.1888113,lr/backbone.decay,0.0
267,1789131995.1888113,lr/backbone.no_decay,0.0
267,1789131995.1888113,lr/detect_head.decay,0.0
267,1789131995.1888113,lr/detect_head.no_decay,0.0
267,1789131995.1888113,lr/neck.decay,0.0
267,1789131995.1888113,lr/neck.no_decay,0.0
267,1789131995.1888113,lr/pose_head.decay,7.466487935656838e-06
267,1789131995.1888113,lr/pose_head.no_decay,7.466487935656838e-06
267,1789131995.1888113,pose/component_0,0.6653323173522949
267,1789131995.1888113,pose/component_1,0.10423330962657928
267,1789131995.1888113,pose/component_2,0.08595436811447144
267,1789131995.1888113,pose/component_3,0.3959513008594513
267,1789131995.1888113,pose/component_4,0.003630679566413164
267,1789131995.1888113,pose/component_5,0.0
268,1789131995.3824332,amp/overflow_retries,0.0
268,1789131995.3824332,amp/scale,32.0
268,1789131995.3824332,gradient/clipped_norm,475.5335998535156
268,1789131995.3824332,images/detect,0.0
268,1789131995.3824332,images/pose,16.0
268,1789131995.3824332,loss/backward,97.019775390625
268,1789131995.3824332,loss/detect_mean,0.0
268,1789131995.3824332,loss/joint_mean,1.5159339904785156
268,1789131995.3824332,loss/pose_mean,1.5159339904785156
268,1789131995.3824332,lr/attention.decay,0.0
268,1789131995.3824332,lr/attention.no_decay,0.0
268,1789131995.3824332,lr/backbone.decay,0.0
268,1789131995.3824332,lr/backbone.no_decay,0.0
268,1789131995.3824332,lr/detect_head.decay,0.0
268,1789131995.3824332,lr/detect_head.no_decay,0.0
268,1789131995.3824332,lr/neck.decay,0.0
268,1789131995.3824332,lr/neck.no_decay,0.0
268,1789131995.3824332,lr/pose_head.decay,7.490616621983915e-06
268,1789131995.3824332,lr/pose_head.no_decay,7.490616621983915e-06
268,1789131995.3824332,pose/component_0,0.9570190906524658
268,1789131995.3824332,pose/component_1,0.04316718876361847
268,1789131995.3824332,pose/component_2,0.08494109660387039
268,1789131995.3824332,pose/component_3,0.565248966217041
268,1789131995.3824332,pose/component_4,0.002309054136276245
268,1789131995.3824332,pose/component_5,0.0
269,1789131995.575901,amp/overflow_retries,0.0
269,1789131995.575901,amp/scale,32.0
269,1789131995.575901,gradient/clipped_norm,361.83270263671875
269,1789131995.575901,images/detect,0.0
269,1789131995.575901,images/pose,16.0
269,1789131995.575901,loss/backward,71.98870086669922
269,1789131995.575901,loss/detect_mean,0.0
269,1789131995.575901,loss/joint_mean,1.1248234510421753
269,1789131995.575901,loss/pose_mean,1.1248234510421753
269,1789131995.575901,lr/attention.decay,0.0
269,1789131995.575901,lr/attention.no_decay,0.0
269,1789131995.575901,lr/backbone.decay,0.0
269,1789131995.575901,lr/backbone.no_decay,0.0
269,1789131995.575901,lr/detect_head.decay,0.0
269,1789131995.575901,lr/detect_head.no_decay,0.0
269,1789131995.575901,lr/neck.decay,0.0
269,1789131995.575901,lr/neck.no_decay,0.0
269,1789131995.575901,lr/pose_head.decay,7.514745308310993e-06
269,1789131995.575901,lr/pose_head.no_decay,7.514745308310993e-06
269,1789131995.575901,pose/component_0,0.6891311407089233
269,1789131995.575901,pose/component_1,0.01684611849486828
269,1789131995.575901,pose/component_2,0.03533175215125084
269,1789131995.575901,pose/component_3,0.47364965081214905
269,1789131995.575901,pose/component_4,0.00207105022855103
269,1789131995.575901,pose/component_5,0.0
270,1789131995.7691891,amp/overflow_retries,0.0
270,1789131995.7691891,amp/scale,32.0
270,1789131995.7691891,gradient/clipped_norm,449.7264709472656
270,1789131995.7691891,images/detect,0.0
270,1789131995.7691891,images/pose,16.0
270,1789131995.7691891,loss/backward,104.43781280517578
270,1789131995.7691891,loss/detect_mean,0.0
270,1789131995.7691891,loss/joint_mean,1.6318408250808716
270,1789131995.7691891,loss/pose_mean,1.6318408250808716
270,1789131995.7691891,lr/attention.decay,0.0
270,1789131995.7691891,lr/attention.no_decay,0.0
270,1789131995.7691891,lr/backbone.decay,0.0
270,1789131995.7691891,lr/backbone.no_decay,0.0
270,1789131995.7691891,lr/detect_head.decay,0.0
270,1789131995.7691891,lr/detect_head.no_decay,0.0
270,1789131995.7691891,lr/neck.decay,0.0
270,1789131995.7691891,lr/neck.no_decay,0.0
270,1789131995.7691891,lr/pose_head.decay,7.538873994638071e-06
270,1789131995.7691891,lr/pose_head.no_decay,7.538873994638071e-06
270,1789131995.7691891,pose/component_0,1.1554150581359863
270,1789131995.7691891,pose/component_1,0.08829833567142487
270,1789131995.7691891,pose/component_2,0.08982203900814056
270,1789131995.7691891,pose/component_3,0.4199649393558502
270,1789131995.7691891,pose/component_4,0.002981707686558366
270,1789131995.7691891,pose/component_5,0.0
271,1789131995.962072,amp/overflow_retries,0.0
271,1789131995.962072,amp/scale,32.0
271,1789131995.962072,gradient/clipped_norm,314.5149841308594
271,1789131995.962072,images/detect,0.0
271,1789131995.962072,images/pose,16.0
271,1789131995.962072,loss/backward,75.9559326171875
271,1789131995.962072,loss/detect_mean,0.0
271,1789131995.962072,loss/joint_mean,1.1868114471435547
271,1789131995.962072,loss/pose_mean,1.1868114471435547
271,1789131995.962072,lr/attention.decay,0.0
271,1789131995.962072,lr/attention.no_decay,0.0
271,1789131995.962072,lr/backbone.decay,0.0
271,1789131995.962072,lr/backbone.no_decay,0.0
271,1789131995.962072,lr/detect_head.decay,0.0
271,1789131995.962072,lr/detect_head.no_decay,0.0
271,1789131995.962072,lr/neck.decay,0.0
271,1789131995.962072,lr/neck.no_decay,0.0
271,1789131995.962072,lr/pose_head.decay,7.563002680965148e-06
271,1789131995.962072,lr/pose_head.no_decay,7.563002680965148e-06
271,1789131995.962072,pose/component_0,0.7533947229385376
271,1789131995.962072,pose/component_1,0.013197438791394234
271,1789131995.962072,pose/component_2,0.0041062128730118275
271,1789131995.962072,pose/component_3,0.4194064140319824
271,1789131995.962072,pose/component_4,0.002856925595551729
271,1789131995.962072,pose/component_5,0.0
272,1789131996.154957,amp/overflow_retries,0.0
272,1789131996.154957,amp/scale,32.0
272,1789131996.154957,gradient/clipped_norm,321.1747741699219
272,1789131996.154957,images/detect,0.0
272,1789131996.154957,images/pose,16.0
272,1789131996.154957,loss/backward,75.06668090820312
272,1789131996.154957,loss/detect_mean,0.0
272,1789131996.154957,loss/joint_mean,1.1729168891906738
272,1789131996.154957,loss/pose_mean,1.1729168891906738
272,1789131996.154957,lr/attention.decay,0.0
272,1789131996.154957,lr/attention.no_decay,0.0
272,1789131996.154957,lr/backbone.decay,0.0
272,1789131996.154957,lr/backbone.no_decay,0.0
272,1789131996.154957,lr/detect_head.decay,0.0
272,1789131996.154957,lr/detect_head.no_decay,0.0
272,1789131996.154957,lr/neck.decay,0.0
272,1789131996.154957,lr/neck.no_decay,0.0
272,1789131996.154957,lr/pose_head.decay,7.587131367292226e-06
272,1789131996.154957,lr/pose_head.no_decay,7.587131367292226e-06
272,1789131996.154957,pose/component_0,0.7836108803749084
272,1789131996.154957,pose/component_1,0.023622162640094757
272,1789131996.154957,pose/component_2,0.024798721075057983
272,1789131996.154957,pose/component_3,0.3887634873390198
272,1789131996.154957,pose/component_4,0.0028605558909475803
272,1789131996.154957,pose/component_5,0.0
273,1789131996.3483818,amp/overflow_retries,0.0
273,1789131996.3483818,amp/scale,32.0
273,1789131996.3483818,gradient/clipped_norm,385.3267517089844
273,1789131996.3483818,images/detect,0.0
273,1789131996.3483818,images/pose,16.0
273,1789131996.3483818,loss/backward,97.33340454101562
273,1789131996.3483818,loss/detect_mean,0.0
273,1789131996.3483818,loss/joint_mean,1.5208344459533691
273,1789131996.3483818,loss/pose_mean,1.5208344459533691
273,1789131996.3483818,lr/attention.decay,0.0
273,1789131996.3483818,lr/attention.no_decay,0.0
273,1789131996.3483818,lr/backbone.decay,0.0
273,1789131996.3483818,lr/backbone.no_decay,0.0
273,1789131996.3483818,lr/detect_head.decay,0.0
273,1789131996.3483818,lr/detect_head.no_decay,0.0
273,1789131996.3483818,lr/neck.decay,0.0
273,1789131996.3483818,lr/neck.no_decay,0.0
273,1789131996.3483818,lr/pose_head.decay,7.611260053619304e-06
273,1789131996.3483818,lr/pose_head.no_decay,7.611260053619304e-06
273,1789131996.3483818,pose/component_0,1.009310245513916
273,1789131996.3483818,pose/component_1,0.011807169765233994
273,1789131996.3483818,pose/component_2,0.0029879554640501738
273,1789131996.3483818,pose/component_3,0.3557010293006897
273,1789131996.3483818,pose/component_4,0.0020803052466362715
273,1789131996.3483818,pose/component_5,0.0
274,1789131996.5412185,amp/overflow_retries,0.0
274,1789131996.5412185,amp/scale,32.0
274,1789131996.5412185,gradient/clipped_norm,350.65264892578125
274,1789131996.5412185,images/detect,0.0
274,1789131996.5412185,images/pose,16.0
274,1789131996.5412185,loss/backward,96.54434967041016
274,1789131996.5412185,loss/detect_mean,0.0
274,1789131996.5412185,loss/joint_mean,1.5085054636001587
274,1789131996.5412185,loss/pose_mean,1.5085054636001587
274,1789131996.5412185,lr/attention.decay,0.0
274,1789131996.5412185,lr/attention.no_decay,0.0
274,1789131996.5412185,lr/backbone.decay,0.0
274,1789131996.5412185,lr/backbone.no_decay,0.0
274,1789131996.5412185,lr/detect_head.decay,0.0
274,1789131996.5412185,lr/detect_head.no_decay,0.0
274,1789131996.5412185,lr/neck.decay,0.0
274,1789131996.5412185,lr/neck.no_decay,0.0
274,1789131996.5412185,lr/pose_head.decay,7.635388739946382e-06
274,1789131996.5412185,lr/pose_head.no_decay,7.635388739946382e-06
274,1789131996.5412185,pose/component_0,1.0792855024337769
274,1789131996.5412185,pose/component_1,0.04591967537999153
274,1789131996.5412185,pose/component_2,0.08948162943124771
274,1789131996.5412185,pose/component_3,0.6004402041435242
274,1789131996.5412185,pose/component_4,0.003011126536875963
274,1789131996.5412185,pose/component_5,0.0
275,1789131996.7341833,amp/overflow_retries,0.0
275,1789131996.7341833,amp/scale,32.0
275,1789131996.7341833,gradient/clipped_norm,3073.232421875
275,1789131996.7341833,images/detect,0.0
275,1789131996.7341833,images/pose,16.0
275,1789131996.7341833,loss/backward,155.80075073242188
275,1789131996.7341833,loss/detect_mean,0.0
275,1789131996.7341833,loss/joint_mean,2.434386730194092
275,1789131996.7341833,loss/pose_mean,2.434386730194092
275,1789131996.7341833,lr/attention.decay,0.0
275,1789131996.7341833,lr/attention.no_decay,0.0
275,1789131996.7341833,lr/backbone.decay,0.0
275,1789131996.7341833,lr/backbone.no_decay,0.0
275,1789131996.7341833,lr/detect_head.decay,0.0
275,1789131996.7341833,lr/detect_head.no_decay,0.0
275,1789131996.7341833,lr/neck.decay,0.0
275,1789131996.7341833,lr/neck.no_decay,0.0
275,1789131996.7341833,lr/pose_head.decay,7.659517426273459e-06
275,1789131996.7341833,lr/pose_head.no_decay,7.659517426273459e-06
275,1789131996.7341833,pose/component_0,0.9003100395202637
275,1789131996.7341833,pose/component_1,0.08118405938148499
275,1789131996.7341833,pose/component_2,0.18288294970989227
275,1789131996.7341833,pose/component_3,0.6017149686813354
275,1789131996.7341833,pose/component_4,0.0047951918095350266
275,1789131996.7341833,pose/component_5,0.5390732288360596
276,1789131996.9270422,amp/overflow_retries,0.0
276,1789131996.9270422,amp/scale,32.0
276,1789131996.9270422,gradient/clipped_norm,254.7657928466797
276,1789131996.9270422,images/detect,0.0
276,1789131996.9270422,images/pose,16.0
276,1789131996.9270422,loss/backward,57.79123306274414
276,1789131996.9270422,loss/detect_mean,0.0
276,1789131996.9270422,loss/joint_mean,0.9029880166053772
276,1789131996.9270422,loss/pose_mean,0.9029880166053772
276,1789131996.9270422,lr/attention.decay,0.0
276,1789131996.9270422,lr/attention.no_decay,0.0
276,1789131996.9270422,lr/backbone.decay,0.0
276,1789131996.9270422,lr/backbone.no_decay,0.0
276,1789131996.9270422,lr/detect_head.decay,0.0
276,1789131996.9270422,lr/detect_head.no_decay,0.0
276,1789131996.9270422,lr/neck.decay,0.0
276,1789131996.9270422,lr/neck.no_decay,0.0
276,1789131996.9270422,lr/pose_head.decay,7.683646112600536e-06
276,1789131996.9270422,lr/pose_head.no_decay,7.683646112600536e-06
276,1789131996.9270422,pose/component_0,0.7577751278877258
276,1789131996.9270422,pose/component_1,0.02057812549173832
276,1789131996.9270422,pose/component_2,0.0012609576806426048
276,1789131996.9270422,pose/component_3,0.24491582810878754
276,1789131996.9270422,pose/component_4,0.0022910877596586943
276,1789131996.9270422,pose/component_5,0.0
277,1789131997.1196144,amp/overflow_retries,0.0
277,1789131997.1196144,amp/scale,32.0
277,1789131997.1196144,gradient/clipped_norm,394.90606689453125
277,1789131997.1196144,images/detect,0.0
277,1789131997.1196144,images/pose,16.0
277,1789131997.1196144,loss/backward,77.9446792602539
277,1789131997.1196144,loss/detect_mean,0.0
277,1789131997.1196144,loss/joint_mean,1.2178856134414673
277,1789131997.1196144,loss/pose_mean,1.2178856134414673
277,1789131997.1196144,lr/attention.decay,0.0
277,1789131997.1196144,lr/attention.no_decay,0.0
277,1789131997.1196144,lr/backbone.decay,0.0
277,1789131997.1196144,lr/backbone.no_decay,0.0
277,1789131997.1196144,lr/detect_head.decay,0.0
277,1789131997.1196144,lr/detect_head.no_decay,0.0
277,1789131997.1196144,lr/neck.decay,0.0
277,1789131997.1196144,lr/neck.no_decay,0.0
277,1789131997.1196144,lr/pose_head.decay,7.707774798927615e-06
277,1789131997.1196144,lr/pose_head.no_decay,7.707774798927615e-06
277,1789131997.1196144,pose/component_0,0.9707236289978027
277,1789131997.1196144,pose/component_1,0.019816581159830093
277,1789131997.1196144,pose/component_2,0.0047315992414951324
277,1789131997.1196144,pose/component_3,0.3960195481777191
277,1789131997.1196144,pose/component_4,0.001979358959943056
277,1789131997.1196144,pose/component_5,0.0
278,1789131997.3136954,amp/overflow_retries,0.0
278,1789131997.3136954,amp/scale,32.0
278,1789131997.3136954,gradient/clipped_norm,352.72943115234375
278,1789131997.3136954,images/detect,0.0
278,1789131997.3136954,images/pose,16.0
278,1789131997.3136954,loss/backward,83.72110748291016
278,1789131997.3136954,loss/detect_mean,0.0
278,1789131997.3136954,loss/joint_mean,1.3081423044204712
278,1789131997.3136954,loss/pose_mean,1.3081423044204712
278,1789131997.3136954,lr/attention.decay,0.0
278,1789131997.3136954,lr/attention.no_decay,0.0
278,1789131997.3136954,lr/backbone.decay,0.0
278,1789131997.3136954,lr/backbone.no_decay,0.0
278,1789131997.3136954,lr/detect_head.decay,0.0
278,1789131997.3136954,lr/detect_head.no_decay,0.0
278,1789131997.3136954,lr/neck.decay,0.0
278,1789131997.3136954,lr/neck.no_decay,0.0
278,1789131997.3136954,lr/pose_head.decay,7.731903485254692e-06
278,1789131997.3136954,lr/pose_head.no_decay,7.731903485254692e-06
278,1789131997.3136954,pose/component_0,0.9243910908699036
278,1789131997.3136954,pose/component_1,0.015016522258520126
278,1789131997.3136954,pose/component_2,0.0016175295459106565
278,1789131997.3136954,pose/component_3,0.3587261736392975
278,1789131997.3136954,pose/component_4,0.002693447982892394
278,1789131997.3136954,pose/component_5,0.0
279,1789131997.5066721,amp/overflow_retries,0.0
279,1789131997.5066721,amp/scale,32.0
279,1789131997.5066721,gradient/clipped_norm,2884.556884765625
279,1789131997.5066721,images/detect,0.0
279,1789131997.5066721,images/pose,16.0
279,1789131997.5066721,loss/backward,153.9390106201172
279,1789131997.5066721,loss/detect_mean,0.0
279,1789131997.5066721,loss/joint_mean,2.405297040939331
279,1789131997.5066721,loss/pose_mean,2.405297040939331
279,1789131997.5066721,lr/attention.decay,0.0
279,1789131997.5066721,lr/attention.no_decay,0.0
279,1789131997.5066721,lr/backbone.decay,0.0
279,1789131997.5066721,lr/backbone.no_decay,0.0
279,1789131997.5066721,lr/detect_head.decay,0.0
279,1789131997.5066721,lr/detect_head.no_decay,0.0
279,1789131997.5066721,lr/neck.decay,0.0
279,1789131997.5066721,lr/neck.no_decay,0.0
279,1789131997.5066721,lr/pose_head.decay,7.75603217158177e-06
279,1789131997.5066721,lr/pose_head.no_decay,7.75603217158177e-06
279,1789131997.5066721,pose/component_0,1.0096367597579956
279,1789131997.5066721,pose/component_1,0.024088498204946518
279,1789131997.5066721,pose/component_2,0.18286961317062378
279,1789131997.5066721,pose/component_3,0.45856598019599915
279,1789131997.5066721,pose/component_4,0.004972172901034355
279,1789131997.5066721,pose/component_5,0.0
280,1789131997.6996667,amp/overflow_retries,0.0
280,1789131997.6996667,amp/scale,32.0
280,1789131997.6996667,gradient/clipped_norm,284.0093078613281
280,1789131997.6996667,images/detect,0.0
280,1789131997.6996667,images/pose,16.0
280,1789131997.6996667,loss/backward,77.84690856933594
280,1789131997.6996667,loss/detect_mean,0.0
280,1789131997.6996667,loss/joint_mean,1.216357946395874
280,1789131997.6996667,loss/pose_mean,1.216357946395874
280,1789131997.6996667,lr/attention.decay,0.0
280,1789131997.6996667,lr/attention.no_decay,0.0
280,1789131997.6996667,lr/backbone.decay,0.0
280,1789131997.6996667,lr/backbone.no_decay,0.0
280,1789131997.6996667,lr/detect_head.decay,0.0
280,1789131997.6996667,lr/detect_head.no_decay,0.0
280,1789131997.6996667,lr/neck.decay,0.0
280,1789131997.6996667,lr/neck.no_decay,0.0
280,1789131997.6996667,lr/pose_head.decay,7.780160857908848e-06
280,1789131997.6996667,lr/pose_head.no_decay,7.780160857908848e-06
280,1789131997.6996667,pose/component_0,0.7786679267883301
280,1789131997.6996667,pose/component_1,0.015346563421189785
280,1789131997.6996667,pose/component_2,0.046559058129787445
280,1789131997.6996667,pose/component_3,0.48930713534355164
280,1789131997.6996667,pose/component_4,0.00275190407410264
280,1789131997.6996667,pose/component_5,0.0
281,1789131997.89315,amp/overflow_retries,0.0
281,1789131997.89315,amp/scale,32.0
281,1789131997.89315,gradient/clipped_norm,466.0406494140625
281,1789131997.89315,images/detect,0.0
281,1789131997.89315,images/pose,16.0
281,1789131997.89315,loss/backward,76.26924896240234
281,1789131997.89315,loss/detect_mean,0.0
281,1789131997.89315,loss/joint_mean,1.1917070150375366
281,1789131997.89315,loss/pose_mean,1.1917070150375366
281,1789131997.89315,lr/attention.decay,0.0
281,1789131997.89315,lr/attention.no_decay,0.0
281,1789131997.89315,lr/backbone.decay,0.0
281,1789131997.89315,lr/backbone.no_decay,0.0
281,1789131997.89315,lr/detect_head.decay,0.0
281,1789131997.89315,lr/detect_head.no_decay,0.0
281,1789131997.89315,lr/neck.decay,0.0
281,1789131997.89315,lr/neck.no_decay,0.0
281,1789131997.89315,lr/pose_head.decay,7.804289544235925e-06
281,1789131997.89315,lr/pose_head.no_decay,7.804289544235925e-06
281,1789131997.89315,pose/component_0,0.8812655210494995
281,1789131997.89315,pose/component_1,0.014748359099030495
281,1789131997.89315,pose/component_2,0.0015550715615972877
281,1789131997.89315,pose/component_3,0.37174949049949646
281,1789131997.89315,pose/component_4,0.002194060245528817
281,1789131997.89315,pose/component_5,0.0
282,1789131998.0861385,amp/overflow_retries,0.0
282,1789131998.0861385,amp/scale,32.0
282,1789131998.0861385,gradient/clipped_norm,3965.441162109375
282,1789131998.0861385,images/detect,0.0
282,1789131998.0861385,images/pose,16.0
282,1789131998.0861385,loss/backward,96.3133544921875
282,1789131998.0861385,loss/detect_mean,0.0
282,1789131998.0861385,loss/joint_mean,1.5048961639404297
282,1789131998.0861385,loss/pose_mean,1.5048961639404297
282,1789131998.0861385,lr/attention.decay,0.0
282,1789131998.0861385,lr/attention.no_decay,0.0
282,1789131998.0861385,lr/backbone.decay,0.0
282,1789131998.0861385,lr/backbone.no_decay,0.0
282,1789131998.0861385,lr/detect_head.decay,0.0
282,1789131998.0861385,lr/detect_head.no_decay,0.0
282,1789131998.0861385,lr/neck.decay,0.0
282,1789131998.0861385,lr/neck.no_decay,0.0
282,1789131998.0861385,lr/pose_head.decay,7.828418230563002e-06
282,1789131998.0861385,lr/pose_head.no_decay,7.828418230563002e-06
282,1789131998.0861385,pose/component_0,0.8242192268371582
282,1789131998.0861385,pose/component_1,0.017823675647377968
282,1789131998.0861385,pose/component_2,0.1343921720981598
282,1789131998.0861385,pose/component_3,0.38969886302948
282,1789131998.0861385,pose/component_4,0.003923327662050724
282,1789131998.0861385,pose/component_5,0.0
283,1789131998.279951,amp/overflow_retries,0.0
283,1789131998.279951,amp/scale,32.0
283,1789131998.279951,gradient/clipped_norm,263.5491638183594
283,1789131998.279951,images/detect,0.0
283,1789131998.279951,images/pose,16.0
283,1789131998.279951,loss/backward,71.08124542236328
283,1789131998.279951,loss/detect_mean,0.0
283,1789131998.279951,loss/joint_mean,1.1106444597244263
283,1789131998.279951,loss/pose_mean,1.1106444597244263
283,1789131998.279951,lr/attention.decay,0.0
283,1789131998.279951,lr/attention.no_decay,0.0
283,1789131998.279951,lr/backbone.decay,0.0
283,1789131998.279951,lr/backbone.no_decay,0.0
283,1789131998.279951,lr/detect_head.decay,0.0
283,1789131998.279951,lr/detect_head.no_decay,0.0
283,1789131998.279951,lr/neck.decay,0.0
283,1789131998.279951,lr/neck.no_decay,0.0
283,1789131998.279951,lr/pose_head.decay,7.852546916890081e-06
283,1789131998.279951,lr/pose_head.no_decay,7.852546916890081e-06
283,1789131998.279951,pose/component_0,0.8065963387489319
283,1789131998.279951,pose/component_1,0.02201368287205696
283,1789131998.279951,pose/component_2,0.014141816645860672
283,1789131998.279951,pose/component_3,0.6023751497268677
283,1789131998.279951,pose/component_4,0.0036291342694312334
283,1789131998.279951,pose/component_5,0.0
284,1789131998.4739783,amp/overflow_retries,0.0
284,1789131998.4739783,amp/scale,32.0
284,1789131998.4739783,gradient/clipped_norm,230.0842742919922
284,1789131998.4739783,images/detect,0.0
284,1789131998.4739783,images/pose,16.0
284,1789131998.4739783,loss/backward,66.32460021972656
284,1789131998.4739783,loss/detect_mean,0.0
284,1789131998.4739783,loss/joint_mean,1.0363218784332275
284,1789131998.4739783,loss/pose_mean,1.0363218784332275
284,1789131998.4739783,lr/attention.decay,0.0
284,1789131998.4739783,lr/attention.no_decay,0.0
284,1789131998.4739783,lr/backbone.decay,0.0
284,1789131998.4739783,lr/backbone.no_decay,0.0
284,1789131998.4739783,lr/detect_head.decay,0.0
284,1789131998.4739783,lr/detect_head.no_decay,0.0
284,1789131998.4739783,lr/neck.decay,0.0
284,1789131998.4739783,lr/neck.no_decay,0.0
284,1789131998.4739783,lr/pose_head.decay,7.876675603217158e-06
284,1789131998.4739783,lr/pose_head.no_decay,7.876675603217158e-06
284,1789131998.4739783,pose/component_0,0.7497361302375793
284,1789131998.4739783,pose/component_1,0.01253694947808981
284,1789131998.4739783,pose/component_2,0.05551238730549812
284,1789131998.4739783,pose/component_3,0.2866794168949127
284,1789131998.4739783,pose/component_4,0.0032137634698301554
284,1789131998.4739783,pose/component_5,0.0
285,1789131998.6674657,amp/overflow_retries,0.0
285,1789131998.6674657,amp/scale,32.0
285,1789131998.6674657,gradient/clipped_norm,363.4949645996094
285,1789131998.6674657,images/detect,0.0
285,1789131998.6674657,images/pose,16.0
285,1789131998.6674657,loss/backward,63.138206481933594
285,1789131998.6674657,loss/detect_mean,0.0
285,1789131998.6674657,loss/joint_mean,0.9865344762802124
285,1789131998.6674657,loss/pose_mean,0.9865344762802124
285,1789131998.6674657,lr/attention.decay,0.0
285,1789131998.6674657,lr/attention.no_decay,0.0
285,1789131998.6674657,lr/backbone.decay,0.0
285,1789131998.6674657,lr/backbone.no_decay,0.0
285,1789131998.6674657,lr/detect_head.decay,0.0
285,1789131998.6674657,lr/detect_head.no_decay,0.0
285,1789131998.6674657,lr/neck.decay,0.0
285,1789131998.6674657,lr/neck.no_decay,0.0
285,1789131998.6674657,lr/pose_head.decay,7.900804289544237e-06
285,1789131998.6674657,lr/pose_head.no_decay,7.900804289544237e-06
285,1789131998.6674657,pose/component_0,0.7049247026443481
285,1789131998.6674657,pose/component_1,0.008732655085623264
285,1789131998.6674657,pose/component_2,0.0023088627494871616
285,1789131998.6674657,pose/component_3,0.28230640292167664
285,1789131998.6674657,pose/component_4,0.002330407965928316
285,1789131998.6674657,pose/component_5,0.0
286,1789131998.8604975,amp/overflow_retries,0.0
286,1789131998.8604975,amp/scale,32.0
286,1789131998.8604975,gradient/clipped_norm,332.7339782714844
286,1789131998.8604975,images/detect,0.0
286,1789131998.8604975,images/pose,16.0
286,1789131998.8604975,loss/backward,88.71403503417969
286,1789131998.8604975,loss/detect_mean,0.0
286,1789131998.8604975,loss/joint_mean,1.3861567974090576
286,1789131998.8604975,loss/pose_mean,1.3861567974090576
286,1789131998.8604975,lr/attention.decay,0.0
286,1789131998.8604975,lr/attention.no_decay,0.0
286,1789131998.8604975,lr/backbone.decay,0.0
286,1789131998.8604975,lr/backbone.no_decay,0.0
286,1789131998.8604975,lr/detect_head.decay,0.0
286,1789131998.8604975,lr/detect_head.no_decay,0.0
286,1789131998.8604975,lr/neck.decay,0.0
286,1789131998.8604975,lr/neck.no_decay,0.0
286,1789131998.8604975,lr/pose_head.decay,7.924932975871314e-06
286,1789131998.8604975,lr/pose_head.no_decay,7.924932975871314e-06
286,1789131998.8604975,pose/component_0,1.0273332595825195
286,1789131998.8604975,pose/component_1,0.02413196489214897
286,1789131998.8604975,pose/component_2,0.07941652834415436
286,1789131998.8604975,pose/component_3,0.49077194929122925
286,1789131998.8604975,pose/component_4,0.0041500539518892765
286,1789131998.8604975,pose/component_5,0.0
287,1789131999.0537179,amp/overflow_retries,0.0
287,1789131999.0537179,amp/scale,32.0
287,1789131999.0537179,gradient/clipped_norm,333.1432189941406
287,1789131999.0537179,images/detect,0.0
287,1789131999.0537179,images/pose,16.0
287,1789131999.0537179,loss/backward,71.96878051757812
287,1789131999.0537179,loss/detect_mean,0.0
287,1789131999.0537179,loss/joint_mean,1.1245121955871582
287,1789131999.0537179,loss/pose_mean,1.1245121955871582
287,1789131999.0537179,lr/attention.decay,0.0
287,1789131999.0537179,lr/attention.no_decay,0.0
287,1789131999.0537179,lr/backbone.decay,0.0
287,1789131999.0537179,lr/backbone.no_decay,0.0
287,1789131999.0537179,lr/detect_head.decay,0.0
287,1789131999.0537179,lr/detect_head.no_decay,0.0
287,1789131999.0537179,lr/neck.decay,0.0
287,1789131999.0537179,lr/neck.no_decay,0.0
287,1789131999.0537179,lr/pose_head.decay,7.949061662198391e-06
287,1789131999.0537179,lr/pose_head.no_decay,7.949061662198391e-06
287,1789131999.0537179,pose/component_0,0.7566314339637756
287,1789131999.0537179,pose/component_1,0.01336783915758133
287,1789131999.0537179,pose/component_2,0.04636608809232712
287,1789131999.0537179,pose/component_3,0.3319900929927826
287,1789131999.0537179,pose/component_4,0.0032060686498880386
287,1789131999.0537179,pose/component_5,0.0
288,1789131999.2479827,amp/overflow_retries,0.0
288,1789131999.2479827,amp/scale,32.0
288,1789131999.2479827,gradient/clipped_norm,333.9576110839844
288,1789131999.2479827,images/detect,0.0
288,1789131999.2479827,images/pose,16.0
288,1789131999.2479827,loss/backward,69.3995361328125
288,1789131999.2479827,loss/detect_mean,0.0
288,1789131999.2479827,loss/joint_mean,1.0843677520751953
288,1789131999.2479827,loss/pose_mean,1.0843677520751953
288,1789131999.2479827,lr/attention.decay,0.0
288,1789131999.2479827,lr/attention.no_decay,0.0
288,1789131999.2479827,lr/backbone.decay,0.0
288,1789131999.2479827,lr/backbone.no_decay,0.0
288,1789131999.2479827,lr/detect_head.decay,0.0
288,1789131999.2479827,lr/detect_head.no_decay,0.0
288,1789131999.2479827,lr/neck.decay,0.0
288,1789131999.2479827,lr/neck.no_decay,0.0
288,1789131999.2479827,lr/pose_head.decay,7.97319034852547e-06
288,1789131999.2479827,lr/pose_head.no_decay,7.97319034852547e-06
288,1789131999.2479827,pose/component_0,0.8006324172019958
288,1789131999.2479827,pose/component_1,0.016969051212072372
288,1789131999.2479827,pose/component_2,0.009088867343962193
288,1789131999.2479827,pose/component_3,0.3284728527069092
288,1789131999.2479827,pose/component_4,0.002269887365400791
288,1789131999.2479827,pose/component_5,0.0
289,1789131999.4411333,amp/overflow_retries,0.0
289,1789131999.4411333,amp/scale,32.0
289,1789131999.4411333,gradient/clipped_norm,333.8312683105469
289,1789131999.4411333,images/detect,0.0
289,1789131999.4411333,images/pose,16.0
289,1789131999.4411333,loss/backward,74.36482238769531
289,1789131999.4411333,loss/detect_mean,0.0
289,1789131999.4411333,loss/joint_mean,1.1619503498077393
289,1789131999.4411333,loss/pose_mean,1.1619503498077393
289,1789131999.4411333,lr/attention.decay,0.0
289,1789131999.4411333,lr/attention.no_decay,0.0
289,1789131999.4411333,lr/backbone.decay,0.0
289,1789131999.4411333,lr/backbone.no_decay,0.0
289,1789131999.4411333,lr/detect_head.decay,0.0
289,1789131999.4411333,lr/detect_head.no_decay,0.0
289,1789131999.4411333,lr/neck.decay,0.0
289,1789131999.4411333,lr/neck.no_decay,0.0
289,1789131999.4411333,lr/pose_head.decay,7.997319034852547e-06
289,1789131999.4411333,lr/pose_head.no_decay,7.997319034852547e-06
289,1789131999.4411333,pose/component_0,0.6459730267524719
289,1789131999.4411333,pose/component_1,0.03236870467662811
289,1789131999.4411333,pose/component_2,0.059675972908735275
289,1789131999.4411333,pose/component_3,0.28269872069358826
289,1789131999.4411333,pose/component_4,0.0026240884326398373
289,1789131999.4411333,pose/component_5,0.0
290,1789131999.6341395,amp/overflow_retries,0.0
290,1789131999.6341395,amp/scale,32.0
290,1789131999.6341395,gradient/clipped_norm,1503.1123046875
290,1789131999.6341395,images/detect,0.0
290,1789131999.6341395,images/pose,16.0
290,1789131999.6341395,loss/backward,81.28923034667969
290,1789131999.6341395,loss/detect_mean,0.0
290,1789131999.6341395,loss/joint_mean,1.2701442241668701
290,1789131999.6341395,loss/pose_mean,1.2701442241668701
290,1789131999.6341395,lr/attention.decay,0.0
290,1789131999.6341395,lr/attention.no_decay,0.0
290,1789131999.6341395,lr/backbone.decay,0.0
290,1789131999.6341395,lr/backbone.no_decay,0.0
290,1789131999.6341395,lr/detect_head.decay,0.0
290,1789131999.6341395,lr/detect_head.no_decay,0.0
290,1789131999.6341395,lr/neck.decay,0.0
290,1789131999.6341395,lr/neck.no_decay,0.0
290,1789131999.6341395,lr/pose_head.decay,8.021447721179624e-06
290,1789131999.6341395,lr/pose_head.no_decay,8.021447721179624e-06
290,1789131999.6341395,pose/component_0,0.9144318103790283
290,1789131999.6341395,pose/component_1,0.17626118659973145
290,1789131999.6341395,pose/component_2,0.006121620070189238
290,1789131999.6341395,pose/component_3,0.3903351426124573
290,1789131999.6341395,pose/component_4,0.0026687588542699814
290,1789131999.6341395,pose/component_5,0.13481254875659943
291,1789131999.8278337,amp/overflow_retries,0.0
291,1789131999.8278337,amp/scale,32.0
291,1789131999.8278337,gradient/clipped_norm,373.39862060546875
291,1789131999.8278337,images/detect,0.0
291,1789131999.8278337,images/pose,16.0
291,1789131999.8278337,loss/backward,78.784423828125
291,1789131999.8278337,loss/detect_mean,0.0
291,1789131999.8278337,loss/joint_mean,1.2310066223144531
291,1789131999.8278337,loss/pose_mean,1.2310066223144531
291,1789131999.8278337,lr/attention.decay,0.0
291,1789131999.8278337,lr/attention.no_decay,0.0
291,1789131999.8278337,lr/backbone.decay,0.0
291,1789131999.8278337,lr/backbone.no_decay,0.0
291,1789131999.8278337,lr/detect_head.decay,0.0
291,1789131999.8278337,lr/detect_head.no_decay,0.0
291,1789131999.8278337,lr/neck.decay,0.0
291,1789131999.8278337,lr/neck.no_decay,0.0
291,1789131999.8278337,lr/pose_head.decay,8.045576407506703e-06
291,1789131999.8278337,lr/pose_head.no_decay,8.045576407506703e-06
291,1789131999.8278337,pose/component_0,0.8264389634132385
291,1789131999.8278337,pose/component_1,0.03621291369199753
291,1789131999.8278337,pose/component_2,0.04109692946076393
291,1789131999.8278337,pose/component_3,0.46557721495628357
291,1789131999.8278337,pose/component_4,0.0021486463956534863
291,1789131999.8278337,pose/component_5,0.0
292,1789132000.0209363,amp/overflow_retries,0.0
292,1789132000.0209363,amp/scale,32.0
292,1789132000.0209363,gradient/clipped_norm,421.4109191894531
292,1789132000.0209363,images/detect,0.0
292,1789132000.0209363,images/pose,16.0
292,1789132000.0209363,loss/backward,63.58555603027344
292,1789132000.0209363,loss/detect_mean,0.0
292,1789132000.0209363,loss/joint_mean,0.9935243129730225
292,1789132000.0209363,loss/pose_mean,0.9935243129730225
292,1789132000.0209363,lr/attention.decay,0.0
292,1789132000.0209363,lr/attention.no_decay,0.0
292,1789132000.0209363,lr/backbone.decay,0.0
292,1789132000.0209363,lr/backbone.no_decay,0.0
292,1789132000.0209363,lr/detect_head.decay,0.0
292,1789132000.0209363,lr/detect_head.no_decay,0.0
292,1789132000.0209363,lr/neck.decay,0.0
292,1789132000.0209363,lr/neck.no_decay,0.0
292,1789132000.0209363,lr/pose_head.decay,8.06970509383378e-06
292,1789132000.0209363,lr/pose_head.no_decay,8.06970509383378e-06
292,1789132000.0209363,pose/component_0,0.7055431604385376
292,1789132000.0209363,pose/component_1,0.012433355674147606
292,1789132000.0209363,pose/component_2,0.0010209151078015566
292,1789132000.0209363,pose/component_3,0.24737411737442017
292,1789132000.0209363,pose/component_4,0.0018507239874452353
292,1789132000.0209363,pose/component_5,0.0
293,1789132000.2142107,amp/overflow_retries,0.0
293,1789132000.2142107,amp/scale,32.0
293,1789132000.2142107,gradient/clipped_norm,366.3954162597656
293,1789132000.2142107,images/detect,0.0
293,1789132000.2142107,images/pose,16.0
293,1789132000.2142107,loss/backward,75.63887023925781
293,1789132000.2142107,loss/detect_mean,0.0
293,1789132000.2142107,loss/joint_mean,1.1818573474884033
293,1789132000.2142107,loss/pose_mean,1.1818573474884033
293,1789132000.2142107,lr/attention.decay,0.0
293,1789132000.2142107,lr/attention.no_decay,0.0
293,1789132000.2142107,lr/backbone.decay,0.0
293,1789132000.2142107,lr/backbone.no_decay,0.0
293,1789132000.2142107,lr/detect_head.decay,0.0
293,1789132000.2142107,lr/detect_head.no_decay,0.0
293,1789132000.2142107,lr/neck.decay,0.0
293,1789132000.2142107,lr/neck.no_decay,0.0
293,1789132000.2142107,lr/pose_head.decay,8.093833780160859e-06
293,1789132000.2142107,lr/pose_head.no_decay,8.093833780160859e-06
293,1789132000.2142107,pose/component_0,0.7911580204963684
293,1789132000.2142107,pose/component_1,0.015137887559831142
293,1789132000.2142107,pose/component_2,0.002453696681186557
293,1789132000.2142107,pose/component_3,0.3196881115436554
293,1789132000.2142107,pose/component_4,0.00207670871168375
293,1789132000.2142107,pose/component_5,0.0
294,1789132000.4070733,amp/overflow_retries,0.0
294,1789132000.4070733,amp/scale,32.0
294,1789132000.4070733,gradient/clipped_norm,319.14404296875
294,1789132000.4070733,images/detect,0.0
294,1789132000.4070733,images/pose,16.0
294,1789132000.4070733,loss/backward,73.29210662841797
294,1789132000.4070733,loss/detect_mean,0.0
294,1789132000.4070733,loss/joint_mean,1.1451891660690308
294,1789132000.4070733,loss/pose_mean,1.1451891660690308
294,1789132000.4070733,lr/attention.decay,0.0
294,1789132000.4070733,lr/attention.no_decay,0.0
294,1789132000.4070733,lr/backbone.decay,0.0
294,1789132000.4070733,lr/backbone.no_decay,0.0
294,1789132000.4070733,lr/detect_head.decay,0.0
294,1789132000.4070733,lr/detect_head.no_decay,0.0
294,1789132000.4070733,lr/neck.decay,0.0
294,1789132000.4070733,lr/neck.no_decay,0.0
294,1789132000.4070733,lr/pose_head.decay,8.117962466487936e-06
294,1789132000.4070733,lr/pose_head.no_decay,8.117962466487936e-06
294,1789132000.4070733,pose/component_0,0.7613771557807922
294,1789132000.4070733,pose/component_1,0.013499638997018337
294,1789132000.4070733,pose/component_2,0.020490290597081184
294,1789132000.4070733,pose/component_3,0.2518668472766876
294,1789132000.4070733,pose/component_4,0.0024548075161874294
294,1789132000.4070733,pose/component_5,0.0
295,1789132000.6002738,amp/overflow_retries,0.0
295,1789132000.6002738,amp/scale,32.0
295,1789132000.6002738,gradient/clipped_norm,210.22142028808594
295,1789132000.6002738,images/detect,0.0
295,1789132000.6002738,images/pose,16.0
295,1789132000.6002738,loss/backward,65.8548812866211
295,1789132000.6002738,loss/detect_mean,0.0
295,1789132000.6002738,loss/joint_mean,1.0289825201034546
295,1789132000.6002738,loss/pose_mean,1.0289825201034546
295,1789132000.6002738,lr/attention.decay,0.0
295,1789132000.6002738,lr/attention.no_decay,0.0
295,1789132000.6002738,lr/backbone.decay,0.0
295,1789132000.6002738,lr/backbone.no_decay,0.0
295,1789132000.6002738,lr/detect_head.decay,0.0
295,1789132000.6002738,lr/detect_head.no_decay,0.0
295,1789132000.6002738,lr/neck.decay,0.0
295,1789132000.6002738,lr/neck.no_decay,0.0
295,1789132000.6002738,lr/pose_head.decay,8.142091152815013e-06
295,1789132000.6002738,lr/pose_head.no_decay,8.142091152815013e-06
295,1789132000.6002738,pose/component_0,0.7299200892448425
295,1789132000.6002738,pose/component_1,0.02145574614405632
295,1789132000.6002738,pose/component_2,0.0046081687323749065
295,1789132000.6002738,pose/component_3,0.31029853224754333
295,1789132000.6002738,pose/component_4,0.0029534620698541403
295,1789132000.6002738,pose/component_5,0.0
296,1789132000.7927895,amp/overflow_retries,0.0
296,1789132000.7927895,amp/scale,32.0
296,1789132000.7927895,gradient/clipped_norm,369.8418884277344
296,1789132000.7927895,images/detect,0.0
296,1789132000.7927895,images/pose,16.0
296,1789132000.7927895,loss/backward,81.42535400390625
296,1789132000.7927895,loss/detect_mean,0.0
296,1789132000.7927895,loss/joint_mean,1.2722711563110352
296,1789132000.7927895,loss/pose_mean,1.2722711563110352
296,1789132000.7927895,lr/attention.decay,0.0
296,1789132000.7927895,lr/attention.no_decay,0.0
296,1789132000.7927895,lr/backbone.decay,0.0
296,1789132000.7927895,lr/backbone.no_decay,0.0
296,1789132000.7927895,lr/detect_head.decay,0.0
296,1789132000.7927895,lr/detect_head.no_decay,0.0
296,1789132000.7927895,lr/neck.decay,0.0
296,1789132000.7927895,lr/neck.no_decay,0.0
296,1789132000.7927895,lr/pose_head.decay,8.166219839142092e-06
296,1789132000.7927895,lr/pose_head.no_decay,8.166219839142092e-06
296,1789132000.7927895,pose/component_0,0.7417647838592529
296,1789132000.7927895,pose/component_1,0.014211317524313927
296,1789132000.7927895,pose/component_2,0.01716858707368374
296,1789132000.7927895,pose/component_3,0.5008891820907593
296,1789132000.7927895,pose/component_4,0.0022264798171818256
296,1789132000.7927895,pose/component_5,0.0
297,1789132000.985582,amp/overflow_retries,0.0
297,1789132000.985582,amp/scale,32.0
297,1789132000.985582,gradient/clipped_norm,377.6432800292969
297,1789132000.985582,images/detect,0.0
297,1789132000.985582,images/pose,16.0
297,1789132000.985582,loss/backward,79.42483520507812
297,1789132000.985582,loss/detect_mean,0.0
297,1789132000.985582,loss/joint_mean,1.2410130500793457
297,1789132000.985582,loss/pose_mean,1.2410130500793457
297,1789132000.985582,lr/attention.decay,0.0
297,1789132000.985582,lr/attention.no_decay,0.0
297,1789132000.985582,lr/backbone.decay,0.0
297,1789132000.985582,lr/backbone.no_decay,0.0
297,1789132000.985582,lr/detect_head.decay,0.0
297,1789132000.985582,lr/detect_head.no_decay,0.0
297,1789132000.985582,lr/neck.decay,0.0
297,1789132000.985582,lr/neck.no_decay,0.0
297,1789132000.985582,lr/pose_head.decay,8.190348525469169e-06
297,1789132000.985582,lr/pose_head.no_decay,8.190348525469169e-06
297,1789132000.985582,pose/component_0,1.01051926612854
297,1789132000.985582,pose/component_1,0.017278892919421196
297,1789132000.985582,pose/component_2,0.0018350939499214292
297,1789132000.985582,pose/component_3,0.3995465338230133
297,1789132000.985582,pose/component_4,0.0042612673714756966
297,1789132000.985582,pose/component_5,0.0
298,1789132001.17837,amp/overflow_retries,0.0
298,1789132001.17837,amp/scale,32.0
298,1789132001.17837,gradient/clipped_norm,348.68975830078125
298,1789132001.17837,images/detect,0.0
298,1789132001.17837,images/pose,16.0
298,1789132001.17837,loss/backward,64.46369934082031
298,1789132001.17837,loss/detect_mean,0.0
298,1789132001.17837,loss/joint_mean,1.0072453022003174
298,1789132001.17837,loss/pose_mean,1.0072453022003174
298,1789132001.17837,lr/attention.decay,0.0
298,1789132001.17837,lr/attention.no_decay,0.0
298,1789132001.17837,lr/backbone.decay,0.0
298,1789132001.17837,lr/backbone.no_decay,0.0
298,1789132001.17837,lr/detect_head.decay,0.0
298,1789132001.17837,lr/detect_head.no_decay,0.0
298,1789132001.17837,lr/neck.decay,0.0
298,1789132001.17837,lr/neck.no_decay,0.0
298,1789132001.17837,lr/pose_head.decay,8.214477211796246e-06
298,1789132001.17837,lr/pose_head.no_decay,8.214477211796246e-06
298,1789132001.17837,pose/component_0,0.7142041325569153
298,1789132001.17837,pose/component_1,0.015103991143405437
298,1789132001.17837,pose/component_2,0.0012107259826734662
298,1789132001.17837,pose/component_3,0.22922249138355255
298,1789132001.17837,pose/component_4,0.0020652655512094498
298,1789132001.17837,pose/component_5,0.0
299,1789132001.3719823,amp/overflow_retries,0.0
299,1789132001.3719823,amp/scale,32.0
299,1789132001.3719823,gradient/clipped_norm,362.2695007324219
299,1789132001.3719823,images/detect,0.0
299,1789132001.3719823,images/pose,16.0
299,1789132001.3719823,loss/backward,72.70335388183594
299,1789132001.3719823,loss/detect_mean,0.0
299,1789132001.3719823,loss/joint_mean,1.1359899044036865
299,1789132001.3719823,loss/pose_mean,1.1359899044036865
299,1789132001.3719823,lr/attention.decay,0.0
299,1789132001.3719823,lr/attention.no_decay,0.0
299,1789132001.3719823,lr/backbone.decay,0.0
299,1789132001.3719823,lr/backbone.no_decay,0.0
299,1789132001.3719823,lr/detect_head.decay,0.0
299,1789132001.3719823,lr/detect_head.no_decay,0.0
299,1789132001.3719823,lr/neck.decay,0.0
299,1789132001.3719823,lr/neck.no_decay,0.0
299,1789132001.3719823,lr/pose_head.decay,8.238605898123325e-06
299,1789132001.3719823,lr/pose_head.no_decay,8.238605898123325e-06
299,1789132001.3719823,pose/component_0,0.7785704731941223
299,1789132001.3719823,pose/component_1,0.007360049989074469
299,1789132001.3719823,pose/component_2,0.005528425332158804
299,1789132001.3719823,pose/component_3,0.333283931016922
299,1789132001.3719823,pose/component_4,0.002086515072733164
299,1789132001.3719823,pose/component_5,0.0
300,1789132001.5650697,amp/overflow_retries,0.0
300,1789132001.5650697,amp/scale,32.0
300,1789132001.5650697,gradient/clipped_norm,255.544677734375
300,1789132001.5650697,images/detect,0.0
300,1789132001.5650697,images/pose,16.0
300,1789132001.5650697,loss/backward,59.45243453979492
300,1789132001.5650697,loss/detect_mean,0.0
300,1789132001.5650697,loss/joint_mean,0.9289442896842957
300,1789132001.5650697,loss/pose_mean,0.9289442896842957
300,1789132001.5650697,lr/attention.decay,0.0
300,1789132001.5650697,lr/attention.no_decay,0.0
300,1789132001.5650697,lr/backbone.decay,0.0
300,1789132001.5650697,lr/backbone.no_decay,0.0
300,1789132001.5650697,lr/detect_head.decay,0.0
300,1789132001.5650697,lr/detect_head.no_decay,0.0
300,1789132001.5650697,lr/neck.decay,0.0
300,1789132001.5650697,lr/neck.no_decay,0.0
300,1789132001.5650697,lr/pose_head.decay,8.262734584450402e-06
300,1789132001.5650697,lr/pose_head.no_decay,8.262734584450402e-06
300,1789132001.5650697,pose/component_0,0.7037239074707031
300,1789132001.5650697,pose/component_1,0.027033653110265732
300,1789132001.5650697,pose/component_2,0.009299739263951778
300,1789132001.5650697,pose/component_3,0.2758600413799286
300,1789132001.5650697,pose/component_4,0.0026916395872831345
300,1789132001.5650697,pose/component_5,0.0
301,1789132001.758039,amp/overflow_retries,0.0
301,1789132001.758039,amp/scale,32.0
301,1789132001.758039,gradient/clipped_norm,4361.1611328125
301,1789132001.758039,images/detect,0.0
301,1789132001.758039,images/pose,16.0
301,1789132001.758039,loss/backward,62.06867980957031
301,1789132001.758039,loss/detect_mean,0.0
301,1789132001.758039,loss/joint_mean,0.9698231220245361
301,1789132001.758039,loss/pose_mean,0.9698231220245361
301,1789132001.758039,lr/attention.decay,0.0
301,1789132001.758039,lr/attention.no_decay,0.0
301,1789132001.758039,lr/backbone.decay,0.0
301,1789132001.758039,lr/backbone.no_decay,0.0
301,1789132001.758039,lr/detect_head.decay,0.0
301,1789132001.758039,lr/detect_head.no_decay,0.0
301,1789132001.758039,lr/neck.decay,0.0
301,1789132001.758039,lr/neck.no_decay,0.0
301,1789132001.758039,lr/pose_head.decay,8.28686327077748e-06
301,1789132001.758039,lr/pose_head.no_decay,8.28686327077748e-06
301,1789132001.758039,pose/component_0,0.6151925921440125
301,1789132001.758039,pose/component_1,0.019329071044921875
301,1789132001.758039,pose/component_2,0.02394930087029934
301,1789132001.758039,pose/component_3,0.2852542996406555
301,1789132001.758039,pose/component_4,0.0030703782103955746
301,1789132001.758039,pose/component_5,0.0
302,1789132001.9510026,amp/overflow_retries,0.0
302,1789132001.9510026,amp/scale,32.0
302,1789132001.9510026,gradient/clipped_norm,416.7181396484375
302,1789132001.9510026,images/detect,0.0
302,1789132001.9510026,images/pose,16.0
302,1789132001.9510026,loss/backward,82.8287582397461
302,1789132001.9510026,loss/detect_mean,0.0
302,1789132001.9510026,loss/joint_mean,1.2941993474960327
302,1789132001.9510026,loss/pose_mean,1.2941993474960327
302,1789132001.9510026,lr/attention.decay,0.0
302,1789132001.9510026,lr/attention.no_decay,0.0
302,1789132001.9510026,lr/backbone.decay,0.0
302,1789132001.9510026,lr/backbone.no_decay,0.0
302,1789132001.9510026,lr/detect_head.decay,0.0
302,1789132001.9510026,lr/detect_head.no_decay,0.0
302,1789132001.9510026,lr/neck.decay,0.0
302,1789132001.9510026,lr/neck.no_decay,0.0
302,1789132001.9510026,lr/pose_head.decay,8.310991957104558e-06
302,1789132001.9510026,lr/pose_head.no_decay,8.310991957104558e-06
302,1789132001.9510026,pose/component_0,0.8276122212409973
302,1789132001.9510026,pose/component_1,0.023193391039967537
302,1789132001.9510026,pose/component_2,0.002232779748737812
302,1789132001.9510026,pose/component_3,0.45508378744125366
302,1789132001.9510026,pose/component_4,0.0017926176078617573
302,1789132001.9510026,pose/component_5,0.0
303,1789132002.1441557,amp/overflow_retries,0.0
303,1789132002.1441557,amp/scale,32.0
303,1789132002.1441557,gradient/clipped_norm,403.13177490234375
303,1789132002.1441557,images/detect,0.0
303,1789132002.1441557,images/pose,16.0
303,1789132002.1441557,loss/backward,81.82503509521484
303,1789132002.1441557,loss/detect_mean,0.0
303,1789132002.1441557,loss/joint_mean,1.278516173362732
303,1789132002.1441557,loss/pose_mean,1.278516173362732
303,1789132002.1441557,lr/attention.decay,0.0
303,1789132002.1441557,lr/attention.no_decay,0.0
303,1789132002.1441557,lr/backbone.decay,0.0
303,1789132002.1441557,lr/backbone.no_decay,0.0
303,1789132002.1441557,lr/detect_head.decay,0.0
303,1789132002.1441557,lr/detect_head.no_decay,0.0
303,1789132002.1441557,lr/neck.decay,0.0
303,1789132002.1441557,lr/neck.no_decay,0.0
303,1789132002.1441557,lr/pose_head.decay,8.335120643431635e-06
303,1789132002.1441557,lr/pose_head.no_decay,8.335120643431635e-06
303,1789132002.1441557,pose/component_0,0.8957075476646423
303,1789132002.1441557,pose/component_1,0.014046240597963333
303,1789132002.1441557,pose/component_2,0.0029749958775937557
303,1789132002.1441557,pose/component_3,0.3569316267967224
303,1789132002.1441557,pose/component_4,0.0020812845323234797
303,1789132002.1441557,pose/component_5,0.0
304,1789132002.3372798,amp/overflow_retries,0.0
304,1789132002.3372798,amp/scale,32.0
304,1789132002.3372798,gradient/clipped_norm,424.0164794921875
304,1789132002.3372798,images/detect,0.0
304,1789132002.3372798,images/pose,16.0
304,1789132002.3372798,loss/backward,69.73577880859375
304,1789132002.3372798,loss/detect_mean,0.0
304,1789132002.3372798,loss/joint_mean,1.0896215438842773
304,1789132002.3372798,loss/pose_mean,1.0896215438842773
304,1789132002.3372798,lr/attention.decay,0.0
304,1789132002.3372798,lr/attention.no_decay,0.0
304,1789132002.3372798,lr/backbone.decay,0.0
304,1789132002.3372798,lr/backbone.no_decay,0.0
304,1789132002.3372798,lr/detect_head.decay,0.0
304,1789132002.3372798,lr/detect_head.no_decay,0.0
304,1789132002.3372798,lr/neck.decay,0.0
304,1789132002.3372798,lr/neck.no_decay,0.0
304,1789132002.3372798,lr/pose_head.decay,8.359249329758714e-06
304,1789132002.3372798,lr/pose_head.no_decay,8.359249329758714e-06
304,1789132002.3372798,pose/component_0,0.7408159375190735
304,1789132002.3372798,pose/component_1,0.014096174389123917
304,1789132002.3372798,pose/component_2,0.003494271310046315
304,1789132002.3372798,pose/component_3,0.31623193621635437
304,1789132002.3372798,pose/component_4,0.002212048973888159
304,1789132002.3372798,pose/component_5,0.0
305,1789132002.531247,amp/overflow_retries,0.0
305,1789132002.531247,amp/scale,32.0
305,1789132002.531247,gradient/clipped_norm,426.1744689941406
305,1789132002.531247,images/detect,0.0
305,1789132002.531247,images/pose,16.0
305,1789132002.531247,loss/backward,64.58499145507812
305,1789132002.531247,loss/detect_mean,0.0
305,1789132002.531247,loss/joint_mean,1.0091404914855957
305,1789132002.531247,loss/pose_mean,1.0091404914855957
305,1789132002.531247,lr/attention.decay,0.0
305,1789132002.531247,lr/attention.no_decay,0.0
305,1789132002.531247,lr/backbone.decay,0.0
305,1789132002.531247,lr/backbone.no_decay,0.0
305,1789132002.531247,lr/detect_head.decay,0.0
305,1789132002.531247,lr/detect_head.no_decay,0.0
305,1789132002.531247,lr/neck.decay,0.0
305,1789132002.531247,lr/neck.no_decay,0.0
305,1789132002.531247,lr/pose_head.decay,8.38337801608579e-06
305,1789132002.531247,lr/pose_head.no_decay,8.38337801608579e-06
305,1789132002.531247,pose/component_0,0.6455099582672119
305,1789132002.531247,pose/component_1,0.02442474290728569
305,1789132002.531247,pose/component_2,0.020016761496663094
305,1789132002.531247,pose/component_3,0.35588282346725464
305,1789132002.531247,pose/component_4,0.001997709507122636
305,1789132002.531247,pose/component_5,0.0
306,1789132002.7239335,amp/overflow_retries,0.0
306,1789132002.7239335,amp/scale,32.0
306,1789132002.7239335,gradient/clipped_norm,454.09002685546875
306,1789132002.7239335,images/detect,0.0
306,1789132002.7239335,images/pose,16.0
306,1789132002.7239335,loss/backward,83.55098724365234
306,1789132002.7239335,loss/detect_mean,0.0
306,1789132002.7239335,loss/joint_mean,1.3054841756820679
306,1789132002.7239335,loss/pose_mean,1.3054841756820679
306,1789132002.7239335,lr/attention.decay,0.0
306,1789132002.7239335,lr/attention.no_decay,0.0
306,1789132002.7239335,lr/backbone.decay,0.0
306,1789132002.7239335,lr/backbone.no_decay,0.0
306,1789132002.7239335,lr/detect_head.decay,0.0
306,1789132002.7239335,lr/detect_head.no_decay,0.0
306,1789132002.7239335,lr/neck.decay,0.0
306,1789132002.7239335,lr/neck.no_decay,0.0
306,1789132002.7239335,lr/pose_head.decay,8.407506702412868e-06
306,1789132002.7239335,lr/pose_head.no_decay,8.407506702412868e-06
306,1789132002.7239335,pose/component_0,0.7219903469085693
306,1789132002.7239335,pose/component_1,0.018759125843644142
306,1789132002.7239335,pose/component_2,0.03315679356455803
306,1789132002.7239335,pose/component_3,0.3784477412700653
306,1789132002.7239335,pose/component_4,0.0026981604751199484
306,1789132002.7239335,pose/component_5,0.0
307,1789132002.916796,amp/overflow_retries,0.0
307,1789132002.916796,amp/scale,32.0
307,1789132002.916796,gradient/clipped_norm,399.7347412109375
307,1789132002.916796,images/detect,0.0
307,1789132002.916796,images/pose,16.0
307,1789132002.916796,loss/backward,92.25407409667969
307,1789132002.916796,loss/detect_mean,0.0
307,1789132002.916796,loss/joint_mean,1.4414699077606201
307,1789132002.916796,loss/pose_mean,1.4414699077606201
307,1789132002.916796,lr/attention.decay,0.0
307,1789132002.916796,lr/attention.no_decay,0.0
307,1789132002.916796,lr/backbone.decay,0.0
307,1789132002.916796,lr/backbone.no_decay,0.0
307,1789132002.916796,lr/detect_head.decay,0.0
307,1789132002.916796,lr/detect_head.no_decay,0.0
307,1789132002.916796,lr/neck.decay,0.0
307,1789132002.916796,lr/neck.no_decay,0.0
307,1789132002.916796,lr/pose_head.decay,8.431635388739947e-06
307,1789132002.916796,lr/pose_head.no_decay,8.431635388739947e-06
307,1789132002.916796,pose/component_0,0.972854733467102
307,1789132002.916796,pose/component_1,0.012485390529036522
307,1789132002.916796,pose/component_2,0.010454165749251842
307,1789132002.916796,pose/component_3,0.3704516291618347
307,1789132002.916796,pose/component_4,0.003502490697428584
307,1789132002.916796,pose/component_5,0.0
308,1789132003.110551,amp/overflow_retries,0.0
308,1789132003.110551,amp/scale,32.0
308,1789132003.110551,gradient/clipped_norm,358.8680725097656
308,1789132003.110551,images/detect,0.0
308,1789132003.110551,images/pose,16.0
308,1789132003.110551,loss/backward,63.682586669921875
308,1789132003.110551,loss/detect_mean,0.0
308,1789132003.110551,loss/joint_mean,0.9950404167175293
308,1789132003.110551,loss/pose_mean,0.9950404167175293
308,1789132003.110551,lr/attention.decay,0.0
308,1789132003.110551,lr/attention.no_decay,0.0
308,1789132003.110551,lr/backbone.decay,0.0
308,1789132003.110551,lr/backbone.no_decay,0.0
308,1789132003.110551,lr/detect_head.decay,0.0
308,1789132003.110551,lr/detect_head.no_decay,0.0
308,1789132003.110551,lr/neck.decay,0.0
308,1789132003.110551,lr/neck.no_decay,0.0
308,1789132003.110551,lr/pose_head.decay,8.455764075067024e-06
308,1789132003.110551,lr/pose_head.no_decay,8.455764075067024e-06
308,1789132003.110551,pose/component_0,0.6409645676612854
308,1789132003.110551,pose/component_1,0.03164827823638916
308,1789132003.110551,pose/component_2,0.00289838295429945
308,1789132003.110551,pose/component_3,0.34065574407577515
308,1789132003.110551,pose/component_4,0.0016564023680984974
308,1789132003.110551,pose/component_5,0.0
309,1789132003.3033552,amp/overflow_retries,0.0
309,1789132003.3033552,amp/scale,32.0
309,1789132003.3033552,gradient/clipped_norm,2515.963134765625
309,1789132003.3033552,images/detect,0.0
309,1789132003.3033552,images/pose,16.0
309,1789132003.3033552,loss/backward,108.21238708496094
309,1789132003.3033552,loss/detect_mean,0.0
309,1789132003.3033552,loss/joint_mean,1.6908185482025146
309,1789132003.3033552,loss/pose_mean,1.6908185482025146
309,1789132003.3033552,lr/attention.decay,0.0
309,1789132003.3033552,lr/attention.no_decay,0.0
309,1789132003.3033552,lr/backbone.decay,0.0
309,1789132003.3033552,lr/backbone.no_decay,0.0
309,1789132003.3033552,lr/detect_head.decay,0.0
309,1789132003.3033552,lr/detect_head.no_decay,0.0
309,1789132003.3033552,lr/neck.decay,0.0
309,1789132003.3033552,lr/neck.no_decay,0.0
309,1789132003.3033552,lr/pose_head.decay,8.479892761394103e-06
309,1789132003.3033552,lr/pose_head.no_decay,8.479892761394103e-06
309,1789132003.3033552,pose/component_0,0.9873676300048828
309,1789132003.3033552,pose/component_1,0.014707105234265327
309,1789132003.3033552,pose/component_2,0.01378842256963253
309,1789132003.3033552,pose/component_3,0.4901174008846283
309,1789132003.3033552,pose/component_4,0.0035020639188587666
309,1789132003.3033552,pose/component_5,0.0
310,1789132003.4963145,amp/overflow_retries,0.0
310,1789132003.4963145,amp/scale,32.0
310,1789132003.4963145,gradient/clipped_norm,445.6779479980469
310,1789132003.4963145,images/detect,0.0
310,1789132003.4963145,images/pose,16.0
310,1789132003.4963145,loss/backward,69.75688171386719
310,1789132003.4963145,loss/detect_mean,0.0
310,1789132003.4963145,loss/joint_mean,1.0899512767791748
310,1789132003.4963145,loss/pose_mean,1.0899512767791748
310,1789132003.4963145,lr/attention.decay,0.0
310,1789132003.4963145,lr/attention.no_decay,0.0
310,1789132003.4963145,lr/backbone.decay,0.0
310,1789132003.4963145,lr/backbone.no_decay,0.0
310,1789132003.4963145,lr/detect_head.decay,0.0
310,1789132003.4963145,lr/detect_head.no_decay,0.0
310,1789132003.4963145,lr/neck.decay,0.0
310,1789132003.4963145,lr/neck.no_decay,0.0
310,1789132003.4963145,lr/pose_head.decay,8.50402144772118e-06
310,1789132003.4963145,lr/pose_head.no_decay,8.50402144772118e-06
310,1789132003.4963145,pose/component_0,0.8918505311012268
310,1789132003.4963145,pose/component_1,0.012757075019180775
310,1789132003.4963145,pose/component_2,0.002231193007901311
310,1789132003.4963145,pose/component_3,0.3476707935333252
310,1789132003.4963145,pose/component_4,0.0016710066702216864
310,1789132003.4963145,pose/component_5,0.0
311,1789132003.6900284,amp/overflow_retries,0.0
311,1789132003.6900284,amp/scale,32.0
311,1789132003.6900284,gradient/clipped_norm,406.0866394042969
311,1789132003.6900284,images/detect,0.0
311,1789132003.6900284,images/pose,16.0
311,1789132003.6900284,loss/backward,80.21691131591797
311,1789132003.6900284,loss/detect_mean,0.0
311,1789132003.6900284,loss/joint_mean,1.2533892393112183
311,1789132003.6900284,loss/pose_mean,1.2533892393112183
311,1789132003.6900284,lr/attention.decay,0.0
311,1789132003.6900284,lr/attention.no_decay,0.0
311,1789132003.6900284,lr/backbone.decay,0.0
311,1789132003.6900284,lr/backbone.no_decay,0.0
311,1789132003.6900284,lr/detect_head.decay,0.0
311,1789132003.6900284,lr/detect_head.no_decay,0.0
311,1789132003.6900284,lr/neck.decay,0.0
311,1789132003.6900284,lr/neck.no_decay,0.0
311,1789132003.6900284,lr/pose_head.decay,8.528150134048257e-06
311,1789132003.6900284,lr/pose_head.no_decay,8.528150134048257e-06
311,1789132003.6900284,pose/component_0,0.9250324368476868
311,1789132003.6900284,pose/component_1,0.02301931381225586
311,1789132003.6900284,pose/component_2,0.031114397570490837
311,1789132003.6900284,pose/component_3,0.37760019302368164
311,1789132003.6900284,pose/component_4,0.0035505183041095734
311,1789132003.6900284,pose/component_5,0.0
312,1789132003.8827748,amp/overflow_retries,0.0
312,1789132003.8827748,amp/scale,32.0
312,1789132003.8827748,gradient/clipped_norm,412.28399658203125
312,1789132003.8827748,images/detect,0.0
312,1789132003.8827748,images/pose,16.0
312,1789132003.8827748,loss/backward,79.37202453613281
312,1789132003.8827748,loss/detect_mean,0.0
312,1789132003.8827748,loss/joint_mean,1.2401878833770752
312,1789132003.8827748,loss/pose_mean,1.2401878833770752
312,1789132003.8827748,lr/attention.decay,0.0
312,1789132003.8827748,lr/attention.no_decay,0.0
312,1789132003.8827748,lr/backbone.decay,0.0
312,1789132003.8827748,lr/backbone.no_decay,0.0
312,1789132003.8827748,lr/detect_head.decay,0.0
312,1789132003.8827748,lr/detect_head.no_decay,0.0
312,1789132003.8827748,lr/neck.decay,0.0
312,1789132003.8827748,lr/neck.no_decay,0.0
312,1789132003.8827748,lr/pose_head.decay,8.552278820375336e-06
312,1789132003.8827748,lr/pose_head.no_decay,8.552278820375336e-06
312,1789132003.8827748,pose/component_0,0.9570608139038086
312,1789132003.8827748,pose/component_1,0.025513479486107826
312,1789132003.8827748,pose/component_2,0.0012315341737121344
312,1789132003.8827748,pose/component_3,0.45552146434783936
312,1789132003.8827748,pose/component_4,0.0019662585109472275
312,1789132003.8827748,pose/component_5,0.0
313,1789132004.076498,amp/overflow_retries,0.0
313,1789132004.076498,amp/scale,32.0
313,1789132004.076498,gradient/clipped_norm,357.6297912597656
313,1789132004.076498,images/detect,0.0
313,1789132004.076498,images/pose,16.0
313,1789132004.076498,loss/backward,86.32071685791016
313,1789132004.076498,loss/detect_mean,0.0
313,1789132004.076498,loss/joint_mean,1.3487612009048462
313,1789132004.076498,loss/pose_mean,1.3487612009048462
313,1789132004.076498,lr/attention.decay,0.0
313,1789132004.076498,lr/attention.no_decay,0.0
313,1789132004.076498,lr/backbone.decay,0.0
313,1789132004.076498,lr/backbone.no_decay,0.0
313,1789132004.076498,lr/detect_head.decay,0.0
313,1789132004.076498,lr/detect_head.no_decay,0.0
313,1789132004.076498,lr/neck.decay,0.0
313,1789132004.076498,lr/neck.no_decay,0.0
313,1789132004.076498,lr/pose_head.decay,8.576407506702413e-06
313,1789132004.076498,lr/pose_head.no_decay,8.576407506702413e-06
313,1789132004.076498,pose/component_0,0.875889778137207
313,1789132004.076498,pose/component_1,0.0417524054646492
313,1789132004.076498,pose/component_2,0.01600429229438305
313,1789132004.076498,pose/component_3,0.5802371501922607
313,1789132004.076498,pose/component_4,0.0018690878059715033
313,1789132004.076498,pose/component_5,0.0
314,1789132004.2695155,amp/overflow_retries,0.0
314,1789132004.2695155,amp/scale,32.0
314,1789132004.2695155,gradient/clipped_norm,300.5500793457031
314,1789132004.2695155,images/detect,0.0
314,1789132004.2695155,images/pose,16.0
314,1789132004.2695155,loss/backward,72.43461608886719
314,1789132004.2695155,loss/detect_mean,0.0
314,1789132004.2695155,loss/joint_mean,1.1317908763885498
314,1789132004.2695155,loss/pose_mean,1.1317908763885498
314,1789132004.2695155,lr/attention.decay,0.0
314,1789132004.2695155,lr/attention.no_decay,0.0
314,1789132004.2695155,lr/backbone.decay,0.0
314,1789132004.2695155,lr/backbone.no_decay,0.0
314,1789132004.2695155,lr/detect_head.decay,0.0
314,1789132004.2695155,lr/detect_head.no_decay,0.0
314,1789132004.2695155,lr/neck.decay,0.0
314,1789132004.2695155,lr/neck.no_decay,0.0
314,1789132004.2695155,lr/pose_head.decay,8.600536193029492e-06
314,1789132004.2695155,lr/pose_head.no_decay,8.600536193029492e-06
314,1789132004.2695155,pose/component_0,0.8002656102180481
314,1789132004.2695155,pose/component_1,0.014004452154040337
314,1789132004.2695155,pose/component_2,0.031104564666748047
314,1789132004.2695155,pose/component_3,0.37176772952079773
314,1789132004.2695155,pose/component_4,0.0032833137083798647
314,1789132004.2695155,pose/component_5,0.0
315,1789132004.4630222,amp/overflow_retries,0.0
315,1789132004.4630222,amp/scale,32.0
315,1789132004.4630222,gradient/clipped_norm,340.8462829589844
315,1789132004.4630222,images/detect,0.0
315,1789132004.4630222,images/pose,16.0
315,1789132004.4630222,loss/backward,78.3575439453125
315,1789132004.4630222,loss/detect_mean,0.0
315,1789132004.4630222,loss/joint_mean,1.2243366241455078
315,1789132004.4630222,loss/pose_mean,1.2243366241455078
315,1789132004.4630222,lr/attention.decay,0.0
315,1789132004.4630222,lr/attention.no_decay,0.0
315,1789132004.4630222,lr/backbone.decay,0.0
315,1789132004.4630222,lr/backbone.no_decay,0.0
315,1789132004.4630222,lr/detect_head.decay,0.0
315,1789132004.4630222,lr/detect_head.no_decay,0.0
315,1789132004.4630222,lr/neck.decay,0.0
315,1789132004.4630222,lr/neck.no_decay,0.0
315,1789132004.4630222,lr/pose_head.decay,8.624664879356569e-06
315,1789132004.4630222,lr/pose_head.no_decay,8.624664879356569e-06
315,1789132004.4630222,pose/component_0,0.8312969207763672
315,1789132004.4630222,pose/component_1,0.023245247080922127
315,1789132004.4630222,pose/component_2,0.05260840430855751
315,1789132004.4630222,pose/component_3,0.45282626152038574
315,1789132004.4630222,pose/component_4,0.0022044891957193613
315,1789132004.4630222,pose/component_5,0.0
316,1789132004.6561341,amp/overflow_retries,0.0
316,1789132004.6561341,amp/scale,32.0
316,1789132004.6561341,gradient/clipped_norm,3575.939697265625
316,1789132004.6561341,images/detect,0.0
316,1789132004.6561341,images/pose,16.0
316,1789132004.6561341,loss/backward,85.05210876464844
316,1789132004.6561341,loss/detect_mean,0.0
316,1789132004.6561341,loss/joint_mean,1.3289391994476318
316,1789132004.6561341,loss/pose_mean,1.3289391994476318
316,1789132004.6561341,lr/attention.decay,0.0
316,1789132004.6561341,lr/attention.no_decay,0.0
316,1789132004.6561341,lr/backbone.decay,0.0
316,1789132004.6561341,lr/backbone.no_decay,0.0
316,1789132004.6561341,lr/detect_head.decay,0.0
316,1789132004.6561341,lr/detect_head.no_decay,0.0
316,1789132004.6561341,lr/neck.decay,0.0
316,1789132004.6561341,lr/neck.no_decay,0.0
316,1789132004.6561341,lr/pose_head.decay,8.648793565683646e-06
316,1789132004.6561341,lr/pose_head.no_decay,8.648793565683646e-06
316,1789132004.6561341,pose/component_0,0.7997920513153076
316,1789132004.6561341,pose/component_1,0.08031336963176727
316,1789132004.6561341,pose/component_2,0.02372620813548565
316,1789132004.6561341,pose/component_3,0.5158194303512573
316,1789132004.6561341,pose/component_4,0.005808413028717041
316,1789132004.6561341,pose/component_5,0.0
317,1789132004.848965,amp/overflow_retries,0.0
317,1789132004.848965,amp/scale,32.0
317,1789132004.848965,gradient/clipped_norm,310.0137634277344
317,1789132004.848965,images/detect,0.0
317,1789132004.848965,images/pose,16.0
317,1789132004.848965,loss/backward,67.74427032470703
317,1789132004.848965,loss/detect_mean,0.0
317,1789132004.848965,loss/joint_mean,1.0585042238235474
317,1789132004.848965,loss/pose_mean,1.0585042238235474
317,1789132004.848965,lr/attention.decay,0.0
317,1789132004.848965,lr/attention.no_decay,0.0
317,1789132004.848965,lr/backbone.decay,0.0
317,1789132004.848965,lr/backbone.no_decay,0.0
317,1789132004.848965,lr/detect_head.decay,0.0
317,1789132004.848965,lr/detect_head.no_decay,0.0
317,1789132004.848965,lr/neck.decay,0.0
317,1789132004.848965,lr/neck.no_decay,0.0
317,1789132004.848965,lr/pose_head.decay,8.672922252010725e-06
317,1789132004.848965,lr/pose_head.no_decay,8.672922252010725e-06
317,1789132004.848965,pose/component_0,0.6834268569946289
317,1789132004.848965,pose/component_1,0.031040150672197342
317,1789132004.848965,pose/component_2,0.00837834645062685
317,1789132004.848965,pose/component_3,0.2817729413509369
317,1789132004.848965,pose/component_4,0.0025253011845052242
317,1789132004.848965,pose/component_5,0.0
318,1789132005.0416968,amp/overflow_retries,0.0
318,1789132005.0416968,amp/scale,32.0
318,1789132005.0416968,gradient/clipped_norm,281.4540100097656
318,1789132005.0416968,images/detect,0.0
318,1789132005.0416968,images/pose,16.0
318,1789132005.0416968,loss/backward,65.86157989501953
318,1789132005.0416968,loss/detect_mean,0.0
318,1789132005.0416968,loss/joint_mean,1.0290871858596802
318,1789132005.0416968,loss/pose_mean,1.0290871858596802
318,1789132005.0416968,lr/attention.decay,0.0
318,1789132005.0416968,lr/attention.no_decay,0.0
318,1789132005.0416968,lr/backbone.decay,0.0
318,1789132005.0416968,lr/backbone.no_decay,0.0
318,1789132005.0416968,lr/detect_head.decay,0.0
318,1789132005.0416968,lr/detect_head.no_decay,0.0
318,1789132005.0416968,lr/neck.decay,0.0
318,1789132005.0416968,lr/neck.no_decay,0.0
318,1789132005.0416968,lr/pose_head.decay,8.697050938337802e-06
318,1789132005.0416968,lr/pose_head.no_decay,8.697050938337802e-06
318,1789132005.0416968,pose/component_0,0.7373675107955933
318,1789132005.0416968,pose/component_1,0.011090918444097042
318,1789132005.0416968,pose/component_2,0.0025057001039385796
318,1789132005.0416968,pose/component_3,0.3442550301551819
318,1789132005.0416968,pose/component_4,0.0023265767376869917
318,1789132005.0416968,pose/component_5,0.0
319,1789132005.2356741,amp/overflow_retries,0.0
319,1789132005.2356741,amp/scale,32.0
319,1789132005.2356741,gradient/clipped_norm,317.1303405761719
319,1789132005.2356741,images/detect,0.0
319,1789132005.2356741,images/pose,16.0
319,1789132005.2356741,loss/backward,68.96707153320312
319,1789132005.2356741,loss/detect_mean,0.0
319,1789132005.2356741,loss/joint_mean,1.0776104927062988
319,1789132005.2356741,loss/pose_mean,1.0776104927062988
319,1789132005.2356741,lr/attention.decay,0.0
319,1789132005.2356741,lr/attention.no_decay,0.0
319,1789132005.2356741,lr/backbone.decay,0.0
319,1789132005.2356741,lr/backbone.no_decay,0.0
319,1789132005.2356741,lr/detect_head.decay,0.0
319,1789132005.2356741,lr/detect_head.no_decay,0.0
319,1789132005.2356741,lr/neck.decay,0.0
319,1789132005.2356741,lr/neck.no_decay,0.0
319,1789132005.2356741,lr/pose_head.decay,8.72117962466488e-06
319,1789132005.2356741,lr/pose_head.no_decay,8.72117962466488e-06
319,1789132005.2356741,pose/component_0,0.7855297327041626
319,1789132005.2356741,pose/component_1,0.014402185566723347
319,1789132005.2356741,pose/component_2,0.010166900232434273
319,1789132005.2356741,pose/component_3,0.3578936755657196
319,1789132005.2356741,pose/component_4,0.0022490243427455425
319,1789132005.2356741,pose/component_5,0.0
320,1789132005.4293334,amp/overflow_retries,0.0
320,1789132005.4293334,amp/scale,32.0
320,1789132005.4293334,gradient/clipped_norm,342.3665466308594
320,1789132005.4293334,images/detect,0.0
320,1789132005.4293334,images/pose,16.0
320,1789132005.4293334,loss/backward,89.34330749511719
320,1789132005.4293334,loss/detect_mean,0.0
320,1789132005.4293334,loss/joint_mean,1.395989179611206
320,1789132005.4293334,loss/pose_mean,1.395989179611206
320,1789132005.4293334,lr/attention.decay,0.0
320,1789132005.4293334,lr/attention.no_decay,0.0
320,1789132005.4293334,lr/backbone.decay,0.0
320,1789132005.4293334,lr/backbone.no_decay,0.0
320,1789132005.4293334,lr/detect_head.decay,0.0
320,1789132005.4293334,lr/detect_head.no_decay,0.0
320,1789132005.4293334,lr/neck.decay,0.0
320,1789132005.4293334,lr/neck.no_decay,0.0
320,1789132005.4293334,lr/pose_head.decay,8.745308310991958e-06
320,1789132005.4293334,lr/pose_head.no_decay,8.745308310991958e-06
320,1789132005.4293334,pose/component_0,0.889890193939209
320,1789132005.4293334,pose/component_1,0.0481637567281723
320,1789132005.4293334,pose/component_2,0.054245613515377045
320,1789132005.4293334,pose/component_3,0.7320705652236938
320,1789132005.4293334,pose/component_4,0.0028164484538137913
320,1789132005.4293334,pose/component_5,0.0
321,1789132005.6222773,amp/overflow_retries,0.0
321,1789132005.6222773,amp/scale,32.0
321,1789132005.6222773,gradient/clipped_norm,362.2839660644531
321,1789132005.6222773,images/detect,0.0
321,1789132005.6222773,images/pose,16.0
321,1789132005.6222773,loss/backward,88.65562438964844
321,1789132005.6222773,loss/detect_mean,0.0
321,1789132005.6222773,loss/joint_mean,1.3852441310882568
321,1789132005.6222773,loss/pose_mean,1.3852441310882568
321,1789132005.6222773,lr/attention.decay,0.0
321,1789132005.6222773,lr/attention.no_decay,0.0
321,1789132005.6222773,lr/backbone.decay,0.0
321,1789132005.6222773,lr/backbone.no_decay,0.0
321,1789132005.6222773,lr/detect_head.decay,0.0
321,1789132005.6222773,lr/detect_head.no_decay,0.0
321,1789132005.6222773,lr/neck.decay,0.0
321,1789132005.6222773,lr/neck.no_decay,0.0
321,1789132005.6222773,lr/pose_head.decay,8.769436997319035e-06
321,1789132005.6222773,lr/pose_head.no_decay,8.769436997319035e-06
321,1789132005.6222773,pose/component_0,0.795225203037262
321,1789132005.6222773,pose/component_1,0.44508156180381775
321,1789132005.6222773,pose/component_2,0.05003959313035011
321,1789132005.6222773,pose/component_3,0.48928967118263245
321,1789132005.6222773,pose/component_4,0.0021819162648171186
321,1789132005.6222773,pose/component_5,0.0
322,1789132005.8151588,amp/overflow_retries,0.0
322,1789132005.8151588,amp/scale,32.0
322,1789132005.8151588,gradient/clipped_norm,424.00244140625
322,1789132005.8151588,images/detect,0.0
322,1789132005.8151588,images/pose,16.0
322,1789132005.8151588,loss/backward,67.13648223876953
322,1789132005.8151588,loss/detect_mean,0.0
322,1789132005.8151588,loss/joint_mean,1.049007534980774
322,1789132005.8151588,loss/pose_mean,1.049007534980774
322,1789132005.8151588,lr/attention.decay,0.0
322,1789132005.8151588,lr/attention.no_decay,0.0
322,1789132005.8151588,lr/backbone.decay,0.0
322,1789132005.8151588,lr/backbone.no_decay,0.0
322,1789132005.8151588,lr/detect_head.decay,0.0
322,1789132005.8151588,lr/detect_head.no_decay,0.0
322,1789132005.8151588,lr/neck.decay,0.0
322,1789132005.8151588,lr/neck.no_decay,0.0
322,1789132005.8151588,lr/pose_head.decay,8.793565683646113e-06
322,1789132005.8151588,lr/pose_head.no_decay,8.793565683646113e-06
322,1789132005.8151588,pose/component_0,0.7338218092918396
322,1789132005.8151588,pose/component_1,0.014445412904024124
322,1789132005.8151588,pose/component_2,0.0018457481637597084
322,1789132005.8151588,pose/component_3,0.4143511652946472
322,1789132005.8151588,pose/component_4,0.0015243238303810358
322,1789132005.8151588,pose/component_5,0.0
323,1789132006.0079267,amp/overflow_retries,0.0
323,1789132006.0079267,amp/scale,32.0
323,1789132006.0079267,gradient/clipped_norm,348.9935607910156
323,1789132006.0079267,images/detect,0.0
323,1789132006.0079267,images/pose,16.0
323,1789132006.0079267,loss/backward,96.41679382324219
323,1789132006.0079267,loss/detect_mean,0.0
323,1789132006.0079267,loss/joint_mean,1.5065124034881592
323,1789132006.0079267,loss/pose_mean,1.5065124034881592
323,1789132006.0079267,lr/attention.decay,0.0
323,1789132006.0079267,lr/attention.no_decay,0.0
323,1789132006.0079267,lr/backbone.decay,0.0
323,1789132006.0079267,lr/backbone.no_decay,0.0
323,1789132006.0079267,lr/detect_head.decay,0.0
323,1789132006.0079267,lr/detect_head.no_decay,0.0
323,1789132006.0079267,lr/neck.decay,0.0
323,1789132006.0079267,lr/neck.no_decay,0.0
323,1789132006.0079267,lr/pose_head.decay,8.81769436997319e-06
323,1789132006.0079267,lr/pose_head.no_decay,8.81769436997319e-06
323,1789132006.0079267,pose/component_0,1.088925838470459
323,1789132006.0079267,pose/component_1,0.07017175108194351
323,1789132006.0079267,pose/component_2,0.002888997085392475
323,1789132006.0079267,pose/component_3,0.3799791634082794
323,1789132006.0079267,pose/component_4,0.0020928033627569675
323,1789132006.0079267,pose/component_5,0.0
324,1789132006.2026145,amp/overflow_retries,0.0
324,1789132006.2026145,amp/scale,32.0
324,1789132006.2026145,gradient/clipped_norm,304.3044738769531
324,1789132006.2026145,images/detect,0.0
324,1789132006.2026145,images/pose,16.0
324,1789132006.2026145,loss/backward,66.19715118408203
324,1789132006.2026145,loss/detect_mean,0.0
324,1789132006.2026145,loss/joint_mean,1.0343304872512817
324,1789132006.2026145,loss/pose_mean,1.0343304872512817
324,1789132006.2026145,lr/attention.decay,0.0
324,1789132006.2026145,lr/attention.no_decay,0.0
324,1789132006.2026145,lr/backbone.decay,0.0
324,1789132006.2026145,lr/backbone.no_decay,0.0
324,1789132006.2026145,lr/detect_head.decay,0.0
324,1789132006.2026145,lr/detect_head.no_decay,0.0
324,1789132006.2026145,lr/neck.decay,0.0
324,1789132006.2026145,lr/neck.no_decay,0.0
324,1789132006.2026145,lr/pose_head.decay,8.84182305630027e-06
324,1789132006.2026145,lr/pose_head.no_decay,8.84182305630027e-06
324,1789132006.2026145,pose/component_0,0.5581188201904297
324,1789132006.2026145,pose/component_1,0.2727268636226654
324,1789132006.2026145,pose/component_2,0.012705007568001747
324,1789132006.2026145,pose/component_3,0.39955830574035645
324,1789132006.2026145,pose/component_4,0.0019574249163269997
324,1789132006.2026145,pose/component_5,0.0
325,1789132006.3974774,amp/overflow_retries,0.0
325,1789132006.3974774,amp/scale,32.0
325,1789132006.3974774,gradient/clipped_norm,379.5354919433594
325,1789132006.3974774,images/detect,0.0
325,1789132006.3974774,images/pose,16.0
325,1789132006.3974774,loss/backward,66.69405364990234
325,1789132006.3974774,loss/detect_mean,0.0
325,1789132006.3974774,loss/joint_mean,1.0420945882797241
325,1789132006.3974774,loss/pose_mean,1.0420945882797241
325,1789132006.3974774,lr/attention.decay,0.0
325,1789132006.3974774,lr/attention.no_decay,0.0
325,1789132006.3974774,lr/backbone.decay,0.0
325,1789132006.3974774,lr/backbone.no_decay,0.0
325,1789132006.3974774,lr/detect_head.decay,0.0
325,1789132006.3974774,lr/detect_head.no_decay,0.0
325,1789132006.3974774,lr/neck.decay,0.0
325,1789132006.3974774,lr/neck.no_decay,0.0
325,1789132006.3974774,lr/pose_head.decay,8.865951742627346e-06
325,1789132006.3974774,lr/pose_head.no_decay,8.865951742627346e-06
325,1789132006.3974774,pose/component_0,0.7430195808410645
325,1789132006.3974774,pose/component_1,0.03573167324066162
325,1789132006.3974774,pose/component_2,0.018405811861157417
325,1789132006.3974774,pose/component_3,0.4402919411659241
325,1789132006.3974774,pose/component_4,0.0035658872220665216
325,1789132006.3974774,pose/component_5,0.0
326,1789132006.5917964,amp/overflow_retries,0.0
326,1789132006.5917964,amp/scale,32.0
326,1789132006.5917964,gradient/clipped_norm,4364.775390625
326,1789132006.5917964,images/detect,0.0
326,1789132006.5917964,images/pose,16.0
326,1789132006.5917964,loss/backward,93.86389923095703
326,1789132006.5917964,loss/detect_mean,0.0
326,1789132006.5917964,loss/joint_mean,1.4666234254837036
326,1789132006.5917964,loss/pose_mean,1.4666234254837036
326,1789132006.5917964,lr/attention.decay,0.0
326,1789132006.5917964,lr/attention.no_decay,0.0
326,1789132006.5917964,lr/backbone.decay,0.0
326,1789132006.5917964,lr/backbone.no_decay,0.0
326,1789132006.5917964,lr/detect_head.decay,0.0
326,1789132006.5917964,lr/detect_head.no_decay,0.0
326,1789132006.5917964,lr/neck.decay,0.0
326,1789132006.5917964,lr/neck.no_decay,0.0
326,1789132006.5917964,lr/pose_head.decay,8.890080428954424e-06
326,1789132006.5917964,lr/pose_head.no_decay,8.890080428954424e-06
326,1789132006.5917964,pose/component_0,0.7015113830566406
326,1789132006.5917964,pose/component_1,0.014157019555568695
326,1789132006.5917964,pose/component_2,0.012265277095139027
326,1789132006.5917964,pose/component_3,0.40548306703567505
326,1789132006.5917964,pose/component_4,0.003283725818619132
326,1789132006.5917964,pose/component_5,0.0
327,1789132006.7855618,amp/overflow_retries,0.0
327,1789132006.7855618,amp/scale,32.0
327,1789132006.7855618,gradient/clipped_norm,296.6693420410156
327,1789132006.7855618,images/detect,0.0
327,1789132006.7855618,images/pose,16.0
327,1789132006.7855618,loss/backward,67.87409210205078
327,1789132006.7855618,loss/detect_mean,0.0
327,1789132006.7855618,loss/joint_mean,1.0605326890945435
327,1789132006.7855618,loss/pose_mean,1.0605326890945435
327,1789132006.7855618,lr/attention.decay,0.0
327,1789132006.7855618,lr/attention.no_decay,0.0
327,1789132006.7855618,lr/backbone.decay,0.0
327,1789132006.7855618,lr/backbone.no_decay,0.0
327,1789132006.7855618,lr/detect_head.decay,0.0
327,1789132006.7855618,lr/detect_head.no_decay,0.0
327,1789132006.7855618,lr/neck.decay,0.0
327,1789132006.7855618,lr/neck.no_decay,0.0
327,1789132006.7855618,lr/pose_head.decay,8.914209115281502e-06
327,1789132006.7855618,lr/pose_head.no_decay,8.914209115281502e-06
327,1789132006.7855618,pose/component_0,0.794381320476532
327,1789132006.7855618,pose/component_1,0.012210407294332981
327,1789132006.7855618,pose/component_2,0.007113503757864237
327,1789132006.7855618,pose/component_3,0.28782790899276733
327,1789132006.7855618,pose/component_4,0.0030108941718935966
327,1789132006.7855618,pose/component_5,0.0
328,1789132006.9786391,amp/overflow_retries,0.0
328,1789132006.9786391,amp/scale,32.0
328,1789132006.9786391,gradient/clipped_norm,345.8946228027344
328,1789132006.9786391,images/detect,0.0
328,1789132006.9786391,images/pose,16.0
328,1789132006.9786391,loss/backward,73.58888244628906
328,1789132006.9786391,loss/detect_mean,0.0
328,1789132006.9786391,loss/joint_mean,1.1498262882232666
328,1789132006.9786391,loss/pose_mean,1.1498262882232666
328,1789132006.9786391,lr/attention.decay,0.0
328,1789132006.9786391,lr/attention.no_decay,0.0
328,1789132006.9786391,lr/backbone.decay,0.0
328,1789132006.9786391,lr/backbone.no_decay,0.0
328,1789132006.9786391,lr/detect_head.decay,0.0
328,1789132006.9786391,lr/detect_head.no_decay,0.0
328,1789132006.9786391,lr/neck.decay,0.0
328,1789132006.9786391,lr/neck.no_decay,0.0
328,1789132006.9786391,lr/pose_head.decay,8.93833780160858e-06
328,1789132006.9786391,lr/pose_head.no_decay,8.93833780160858e-06
328,1789132006.9786391,pose/component_0,0.7499315142631531
328,1789132006.9786391,pose/component_1,0.014908015727996826
328,1789132006.9786391,pose/component_2,0.004152039531618357
328,1789132006.9786391,pose/component_3,0.33740460872650146
328,1789132006.9786391,pose/component_4,0.002797558903694153
328,1789132006.9786391,pose/component_5,0.0
329,1789132007.172304,amp/overflow_retries,0.0
329,1789132007.172304,amp/scale,32.0
329,1789132007.172304,gradient/clipped_norm,378.34173583984375
329,1789132007.172304,images/detect,0.0
329,1789132007.172304,images/pose,16.0
329,1789132007.172304,loss/backward,68.29557037353516
329,1789132007.172304,loss/detect_mean,0.0
329,1789132007.172304,loss/joint_mean,1.0671182870864868
329,1789132007.172304,loss/pose_mean,1.0671182870864868
329,1789132007.172304,lr/attention.decay,0.0
329,1789132007.172304,lr/attention.no_decay,0.0
329,1789132007.172304,lr/backbone.decay,0.0
329,1789132007.172304,lr/backbone.no_decay,0.0
329,1789132007.172304,lr/detect_head.decay,0.0
329,1789132007.172304,lr/detect_head.no_decay,0.0
329,1789132007.172304,lr/neck.decay,0.0
329,1789132007.172304,lr/neck.no_decay,0.0
329,1789132007.172304,lr/pose_head.decay,8.962466487935658e-06
329,1789132007.172304,lr/pose_head.no_decay,8.962466487935658e-06
329,1789132007.172304,pose/component_0,0.6845461130142212
329,1789132007.172304,pose/component_1,0.010119080543518066
329,1789132007.172304,pose/component_2,0.012807345017790794
329,1789132007.172304,pose/component_3,0.3893784284591675
329,1789132007.172304,pose/component_4,0.0018428040202707052
329,1789132007.172304,pose/component_5,0.0
330,1789132007.3669379,amp/overflow_retries,0.0
330,1789132007.3669379,amp/scale,32.0
330,1789132007.3669379,gradient/clipped_norm,408.5750427246094
330,1789132007.3669379,images/detect,0.0
330,1789132007.3669379,images/pose,16.0
330,1789132007.3669379,loss/backward,72.66338348388672
330,1789132007.3669379,loss/detect_mean,0.0
330,1789132007.3669379,loss/joint_mean,1.13536536693573
330,1789132007.3669379,loss/pose_mean,1.13536536693573
330,1789132007.3669379,lr/attention.decay,0.0
330,1789132007.3669379,lr/attention.no_decay,0.0
330,1789132007.3669379,lr/backbone.decay,0.0
330,1789132007.3669379,lr/backbone.no_decay,0.0
330,1789132007.3669379,lr/detect_head.decay,0.0
330,1789132007.3669379,lr/detect_head.no_decay,0.0
330,1789132007.3669379,lr/neck.decay,0.0
330,1789132007.3669379,lr/neck.no_decay,0.0
330,1789132007.3669379,lr/pose_head.decay,8.986595174262735e-06
330,1789132007.3669379,lr/pose_head.no_decay,8.986595174262735e-06
330,1789132007.3669379,pose/component_0,0.7860872745513916
330,1789132007.3669379,pose/component_1,0.03780429810285568
330,1789132007.3669379,pose/component_2,0.0343405082821846
330,1789132007.3669379,pose/component_3,0.4532668888568878
330,1789132007.3669379,pose/component_4,0.0022293678484857082
330,1789132007.3669379,pose/component_5,0.0
331,1789132007.560771,amp/overflow_retries,0.0
331,1789132007.560771,amp/scale,32.0
331,1789132007.560771,gradient/clipped_norm,3549.276123046875
331,1789132007.560771,images/detect,0.0
331,1789132007.560771,images/pose,16.0
331,1789132007.560771,loss/backward,166.38497924804688
331,1789132007.560771,loss/detect_mean,0.0
331,1789132007.560771,loss/joint_mean,2.5997653007507324
331,1789132007.560771,loss/pose_mean,2.5997653007507324
331,1789132007.560771,lr/attention.decay,0.0
331,1789132007.560771,lr/attention.no_decay,0.0
331,1789132007.560771,lr/backbone.decay,0.0
331,1789132007.560771,lr/backbone.no_decay,0.0
331,1789132007.560771,lr/detect_head.decay,0.0
331,1789132007.560771,lr/detect_head.no_decay,0.0
331,1789132007.560771,lr/neck.decay,0.0
331,1789132007.560771,lr/neck.no_decay,0.0
331,1789132007.560771,lr/pose_head.decay,9.010723860589812e-06
331,1789132007.560771,lr/pose_head.no_decay,9.010723860589812e-06
331,1789132007.560771,pose/component_0,0.892102062702179
331,1789132007.560771,pose/component_1,0.10670341551303864
331,1789132007.560771,pose/component_2,0.01268672849982977
331,1789132007.560771,pose/component_3,0.42899417877197266
331,1789132007.560771,pose/component_4,0.003365113865584135
331,1789132007.560771,pose/component_5,0.0
332,1789132007.7544706,amp/overflow_retries,0.0
332,1789132007.7544706,amp/scale,32.0
332,1789132007.7544706,gradient/clipped_norm,363.6015625
332,1789132007.7544706,images/detect,0.0
332,1789132007.7544706,images/pose,16.0
332,1789132007.7544706,loss/backward,63.43952941894531
332,1789132007.7544706,loss/detect_mean,0.0
332,1789132007.7544706,loss/joint_mean,0.9912426471710205
332,1789132007.7544706,loss/pose_mean,0.9912426471710205
332,1789132007.7544706,lr/attention.decay,0.0
332,1789132007.7544706,lr/attention.no_decay,0.0
332,1789132007.7544706,lr/backbone.decay,0.0
332,1789132007.7544706,lr/backbone.no_decay,0.0
332,1789132007.7544706,lr/detect_head.decay,0.0
332,1789132007.7544706,lr/detect_head.no_decay,0.0
332,1789132007.7544706,lr/neck.decay,0.0
332,1789132007.7544706,lr/neck.no_decay,0.0
332,1789132007.7544706,lr/pose_head.decay,9.034852546916891e-06
332,1789132007.7544706,lr/pose_head.no_decay,9.034852546916891e-06
332,1789132007.7544706,pose/component_0,0.7590408325195312
332,1789132007.7544706,pose/component_1,0.01691797375679016
332,1789132007.7544706,pose/component_2,0.0021940318401902914
332,1789132007.7544706,pose/component_3,0.2730509042739868
332,1789132007.7544706,pose/component_4,0.0018035386456176639
332,1789132007.7544706,pose/component_5,0.0
333,1789132007.9475367,amp/overflow_retries,0.0
333,1789132007.9475367,amp/scale,32.0
333,1789132007.9475367,gradient/clipped_norm,364.2805480957031
333,1789132007.9475367,images/detect,0.0
333,1789132007.9475367,images/pose,16.0
333,1789132007.9475367,loss/backward,75.4395751953125
333,1789132007.9475367,loss/detect_mean,0.0
333,1789132007.9475367,loss/joint_mean,1.1787433624267578
333,1789132007.9475367,loss/pose_mean,1.1787433624267578
333,1789132007.9475367,lr/attention.decay,0.0
333,1789132007.9475367,lr/attention.no_decay,0.0
333,1789132007.9475367,lr/backbone.decay,0.0
333,1789132007.9475367,lr/backbone.no_decay,0.0
333,1789132007.9475367,lr/detect_head.decay,0.0
333,1789132007.9475367,lr/detect_head.no_decay,0.0
333,1789132007.9475367,lr/neck.decay,0.0
333,1789132007.9475367,lr/neck.no_decay,0.0
333,1789132007.9475367,lr/pose_head.decay,9.058981233243968e-06
333,1789132007.9475367,lr/pose_head.no_decay,9.058981233243968e-06
333,1789132007.9475367,pose/component_0,0.9942707419395447
333,1789132007.9475367,pose/component_1,0.013506609946489334
333,1789132007.9475367,pose/component_2,0.06372677534818649
333,1789132007.9475367,pose/component_3,0.3067256212234497
333,1789132007.9475367,pose/component_4,0.0030803391709923744
333,1789132007.9475367,pose/component_5,0.0
334,1789132008.1408448,amp/overflow_retries,0.0
334,1789132008.1408448,amp/scale,32.0
334,1789132008.1408448,gradient/clipped_norm,390.50579833984375
334,1789132008.1408448,images/detect,0.0
334,1789132008.1408448,images/pose,16.0
334,1789132008.1408448,loss/backward,76.31163024902344
334,1789132008.1408448,loss/detect_mean,0.0
334,1789132008.1408448,loss/joint_mean,1.1923692226409912
334,1789132008.1408448,loss/pose_mean,1.1923692226409912
334,1789132008.1408448,lr/attention.decay,0.0
334,1789132008.1408448,lr/attention.no_decay,0.0
334,1789132008.1408448,lr/backbone.decay,0.0
334,1789132008.1408448,lr/backbone.no_decay,0.0
334,1789132008.1408448,lr/detect_head.decay,0.0
334,1789132008.1408448,lr/detect_head.no_decay,0.0
334,1789132008.1408448,lr/neck.decay,0.0
334,1789132008.1408448,lr/neck.no_decay,0.0
334,1789132008.1408448,lr/pose_head.decay,9.083109919571047e-06
334,1789132008.1408448,lr/pose_head.no_decay,9.083109919571047e-06
334,1789132008.1408448,pose/component_0,0.827247142791748
334,1789132008.1408448,pose/component_1,0.024547163397073746
334,1789132008.1408448,pose/component_2,0.001350579084828496
334,1789132008.1408448,pose/component_3,0.3084571361541748
334,1789132008.1408448,pose/component_4,0.0015125011559575796
334,1789132008.1408448,pose/component_5,0.0
335,1789132008.3337986,amp/overflow_retries,0.0
335,1789132008.3337986,amp/scale,32.0
335,1789132008.3337986,gradient/clipped_norm,309.9312744140625
335,1789132008.3337986,images/detect,0.0
335,1789132008.3337986,images/pose,16.0
335,1789132008.3337986,loss/backward,65.18096160888672
335,1789132008.3337986,loss/detect_mean,0.0
335,1789132008.3337986,loss/joint_mean,1.018452525138855
335,1789132008.3337986,loss/pose_mean,1.018452525138855
335,1789132008.3337986,lr/attention.decay,0.0
335,1789132008.3337986,lr/attention.no_decay,0.0
335,1789132008.3337986,lr/backbone.decay,0.0
335,1789132008.3337986,lr/backbone.no_decay,0.0
335,1789132008.3337986,lr/detect_head.decay,0.0
335,1789132008.3337986,lr/detect_head.no_decay,0.0
335,1789132008.3337986,lr/neck.decay,0.0
335,1789132008.3337986,lr/neck.no_decay,0.0
335,1789132008.3337986,lr/pose_head.decay,9.107238605898124e-06
335,1789132008.3337986,lr/pose_head.no_decay,9.107238605898124e-06
335,1789132008.3337986,pose/component_0,0.7778488993644714
335,1789132008.3337986,pose/component_1,0.015059283003211021
335,1789132008.3337986,pose/component_2,0.0006889171781949699
335,1789132008.3337986,pose/component_3,0.27598124742507935
335,1789132008.3337986,pose/component_4,0.0022188201546669006
335,1789132008.3337986,pose/component_5,0.0
336,1789132008.5266056,amp/overflow_retries,0.0
336,1789132008.5266056,amp/scale,32.0
336,1789132008.5266056,gradient/clipped_norm,3834.8857421875
336,1789132008.5266056,images/detect,0.0
336,1789132008.5266056,images/pose,16.0
336,1789132008.5266056,loss/backward,93.99989318847656
336,1789132008.5266056,loss/detect_mean,0.0
336,1789132008.5266056,loss/joint_mean,1.4687483310699463
336,1789132008.5266056,loss/pose_mean,1.4687483310699463
336,1789132008.5266056,lr/attention.decay,0.0
336,1789132008.5266056,lr/attention.no_decay,0.0
336,1789132008.5266056,lr/backbone.decay,0.0
336,1789132008.5266056,lr/backbone.no_decay,0.0
336,1789132008.5266056,lr/detect_head.decay,0.0
336,1789132008.5266056,lr/detect_head.no_decay,0.0
336,1789132008.5266056,lr/neck.decay,0.0
336,1789132008.5266056,lr/neck.no_decay,0.0
336,1789132008.5266056,lr/pose_head.decay,9.131367292225201e-06
336,1789132008.5266056,lr/pose_head.no_decay,9.131367292225201e-06
336,1789132008.5266056,pose/component_0,0.6632246971130371
336,1789132008.5266056,pose/component_1,0.03454882651567459
336,1789132008.5266056,pose/component_2,0.03686318174004555
336,1789132008.5266056,pose/component_3,0.3433798551559448
336,1789132008.5266056,pose/component_4,0.0018952954560518265
336,1789132008.5266056,pose/component_5,0.12925073504447937
337,1789132008.7200034,amp/overflow_retries,0.0
337,1789132008.7200034,amp/scale,32.0
337,1789132008.7200034,gradient/clipped_norm,368.55987548828125
337,1789132008.7200034,images/detect,0.0
337,1789132008.7200034,images/pose,16.0
337,1789132008.7200034,loss/backward,81.84415435791016
337,1789132008.7200034,loss/detect_mean,0.0
337,1789132008.7200034,loss/joint_mean,1.2788149118423462
337,1789132008.7200034,loss/pose_mean,1.2788149118423462
337,1789132008.7200034,lr/attention.decay,0.0
337,1789132008.7200034,lr/attention.no_decay,0.0
337,1789132008.7200034,lr/backbone.decay,0.0
337,1789132008.7200034,lr/backbone.no_decay,0.0
337,1789132008.7200034,lr/detect_head.decay,0.0
337,1789132008.7200034,lr/detect_head.no_decay,0.0
337,1789132008.7200034,lr/neck.decay,0.0
337,1789132008.7200034,lr/neck.no_decay,0.0
337,1789132008.7200034,lr/pose_head.decay,9.15549597855228e-06
337,1789132008.7200034,lr/pose_head.no_decay,9.15549597855228e-06
337,1789132008.7200034,pose/component_0,0.80146324634552
337,1789132008.7200034,pose/component_1,0.017484121024608612
337,1789132008.7200034,pose/component_2,0.12489090114831924
337,1789132008.7200034,pose/component_3,0.3860306143760681
337,1789132008.7200034,pose/component_4,0.0023051879834383726
337,1789132008.7200034,pose/component_5,0.0
338,1789132008.9139433,amp/overflow_retries,0.0
338,1789132008.9139433,amp/scale,32.0
338,1789132008.9139433,gradient/clipped_norm,472.9516296386719
338,1789132008.9139433,images/detect,0.0
338,1789132008.9139433,images/pose,16.0
338,1789132008.9139433,loss/backward,86.5049057006836
338,1789132008.9139433,loss/detect_mean,0.0
338,1789132008.9139433,loss/joint_mean,1.3516391515731812
338,1789132008.9139433,loss/pose_mean,1.3516391515731812
338,1789132008.9139433,lr/attention.decay,0.0
338,1789132008.9139433,lr/attention.no_decay,0.0
338,1789132008.9139433,lr/backbone.decay,0.0
338,1789132008.9139433,lr/backbone.no_decay,0.0
338,1789132008.9139433,lr/detect_head.decay,0.0
338,1789132008.9139433,lr/detect_head.no_decay,0.0
338,1789132008.9139433,lr/neck.decay,0.0
338,1789132008.9139433,lr/neck.no_decay,0.0
338,1789132008.9139433,lr/pose_head.decay,9.179624664879357e-06
338,1789132008.9139433,lr/pose_head.no_decay,9.179624664879357e-06
338,1789132008.9139433,pose/component_0,0.9950909614562988
338,1789132008.9139433,pose/component_1,0.02511098049581051
338,1789132008.9139433,pose/component_2,0.009067467413842678
338,1789132008.9139433,pose/component_3,0.5386983156204224
338,1789132008.9139433,pose/component_4,0.0019283725414425135
338,1789132008.9139433,pose/component_5,0.0
339,1789132009.1069646,amp/overflow_retries,0.0
339,1789132009.1069646,amp/scale,32.0
339,1789132009.1069646,gradient/clipped_norm,437.6858825683594
339,1789132009.1069646,images/detect,0.0
339,1789132009.1069646,images/pose,16.0
339,1789132009.1069646,loss/backward,82.94680786132812
339,1789132009.1069646,loss/detect_mean,0.0
339,1789132009.1069646,loss/joint_mean,1.296043872833252
339,1789132009.1069646,loss/pose_mean,1.296043872833252
339,1789132009.1069646,lr/attention.decay,0.0
339,1789132009.1069646,lr/attention.no_decay,0.0
339,1789132009.1069646,lr/backbone.decay,0.0
339,1789132009.1069646,lr/backbone.no_decay,0.0
339,1789132009.1069646,lr/detect_head.decay,0.0
339,1789132009.1069646,lr/detect_head.no_decay,0.0
339,1789132009.1069646,lr/neck.decay,0.0
339,1789132009.1069646,lr/neck.no_decay,0.0
339,1789132009.1069646,lr/pose_head.decay,9.203753351206436e-06
339,1789132009.1069646,lr/pose_head.no_decay,9.203753351206436e-06
339,1789132009.1069646,pose/component_0,1.029569149017334
339,1789132009.1069646,pose/component_1,0.02082119695842266
339,1789132009.1069646,pose/component_2,0.004214771557599306
339,1789132009.1069646,pose/component_3,0.41084250807762146
339,1789132009.1069646,pose/component_4,0.0020951819606125355
339,1789132009.1069646,pose/component_5,0.0
340,1789132009.458838,amp/overflow_retries,0.0
340,1789132009.458838,amp/scale,32.0
340,1789132009.458838,gradient/clipped_norm,307.2432861328125
340,1789132009.458838,images/detect,0.0
340,1789132009.458838,images/pose,16.0
340,1789132009.458838,loss/backward,46.99211120605469
340,1789132009.458838,loss/detect_mean,0.0
340,1789132009.458838,loss/joint_mean,0.7342517375946045
340,1789132009.458838,loss/pose_mean,0.7342517375946045
340,1789132009.458838,lr/attention.decay,0.0
340,1789132009.458838,lr/attention.no_decay,0.0
340,1789132009.458838,lr/backbone.decay,0.0
340,1789132009.458838,lr/backbone.no_decay,0.0
340,1789132009.458838,lr/detect_head.decay,0.0
340,1789132009.458838,lr/detect_head.no_decay,0.0
340,1789132009.458838,lr/neck.decay,0.0
340,1789132009.458838,lr/neck.no_decay,0.0
340,1789132009.458838,lr/pose_head.decay,9.227882037533513e-06
340,1789132009.458838,lr/pose_head.no_decay,9.227882037533513e-06
340,1789132009.458838,pose/component_0,0.4802365005016327
340,1789132009.458838,pose/component_1,0.00983382947742939
340,1789132009.458838,pose/component_2,0.0017498518573120236
340,1789132009.458838,pose/component_3,0.21967341005802155
340,1789132009.458838,pose/component_4,0.0020231844391673803
340,1789132009.458838,pose/component_5,0.0
341,1789132009.652663,amp/overflow_retries,0.0
341,1789132009.652663,amp/scale,32.0
341,1789132009.652663,gradient/clipped_norm,315.6415100097656
341,1789132009.652663,images/detect,0.0
341,1789132009.652663,images/pose,16.0
341,1789132009.652663,loss/backward,74.44456481933594
341,1789132009.652663,loss/detect_mean,0.0
341,1789132009.652663,loss/joint_mean,1.163196325302124
341,1789132009.652663,loss/pose_mean,1.163196325302124
341,1789132009.652663,lr/attention.decay,0.0
341,1789132009.652663,lr/attention.no_decay,0.0
341,1789132009.652663,lr/backbone.decay,0.0
341,1789132009.652663,lr/backbone.no_decay,0.0
341,1789132009.652663,lr/detect_head.decay,0.0
341,1789132009.652663,lr/detect_head.no_decay,0.0
341,1789132009.652663,lr/neck.decay,0.0
341,1789132009.652663,lr/neck.no_decay,0.0
341,1789132009.652663,lr/pose_head.decay,9.25201072386059e-06
341,1789132009.652663,lr/pose_head.no_decay,9.25201072386059e-06
341,1789132009.652663,pose/component_0,0.7998238801956177
341,1789132009.652663,pose/component_1,0.0414370633661747
341,1789132009.652663,pose/component_2,0.002107375767081976
341,1789132009.652663,pose/component_3,0.4044142961502075
341,1789132009.652663,pose/component_4,0.001936970860697329
341,1789132009.652663,pose/component_5,0.0
342,1789132009.8460135,amp/overflow_retries,0.0
342,1789132009.8460135,amp/scale,32.0
342,1789132009.8460135,gradient/clipped_norm,293.9785461425781
342,1789132009.8460135,images/detect,0.0
342,1789132009.8460135,images/pose,16.0
342,1789132009.8460135,loss/backward,63.07106018066406
342,1789132009.8460135,loss/detect_mean,0.0
342,1789132009.8460135,loss/joint_mean,0.985485315322876
342,1789132009.8460135,loss/pose_mean,0.985485315322876
342,1789132009.8460135,lr/attention.decay,0.0
342,1789132009.8460135,lr/attention.no_decay,0.0
342,1789132009.8460135,lr/backbone.decay,0.0
342,1789132009.8460135,lr/backbone.no_decay,0.0
342,1789132009.8460135,lr/detect_head.decay,0.0
342,1789132009.8460135,lr/detect_head.no_decay,0.0
342,1789132009.8460135,lr/neck.decay,0.0
342,1789132009.8460135,lr/neck.no_decay,0.0
342,1789132009.8460135,lr/pose_head.decay,9.276139410187667e-06
342,1789132009.8460135,lr/pose_head.no_decay,9.276139410187667e-06
342,1789132009.8460135,pose/component_0,0.7249258756637573
342,1789132009.8460135,pose/component_1,0.01871134527027607
342,1789132009.8460135,pose/component_2,0.005914220120757818
342,1789132009.8460135,pose/component_3,0.3143998384475708
342,1789132009.8460135,pose/component_4,0.0018598129972815514
342,1789132009.8460135,pose/component_5,0.0
343,1789132010.0389478,amp/overflow_retries,0.0
343,1789132010.0389478,amp/scale,32.0
343,1789132010.0389478,gradient/clipped_norm,4511.49462890625
343,1789132010.0389478,images/detect,0.0
343,1789132010.0389478,images/pose,16.0
343,1789132010.0389478,loss/backward,133.6307373046875
343,1789132010.0389478,loss/detect_mean,0.0
343,1789132010.0389478,loss/joint_mean,2.087980270385742
343,1789132010.0389478,loss/pose_mean,2.087980270385742
343,1789132010.0389478,lr/attention.decay,0.0
343,1789132010.0389478,lr/attention.no_decay,0.0
343,1789132010.0389478,lr/backbone.decay,0.0
343,1789132010.0389478,lr/backbone.no_decay,0.0
343,1789132010.0389478,lr/detect_head.decay,0.0
343,1789132010.0389478,lr/detect_head.no_decay,0.0
343,1789132010.0389478,lr/neck.decay,0.0
343,1789132010.0389478,lr/neck.no_decay,0.0
343,1789132010.0389478,lr/pose_head.decay,9.300268096514744e-06
343,1789132010.0389478,lr/pose_head.no_decay,9.300268096514744e-06
343,1789132010.0389478,pose/component_0,1.1386103630065918
343,1789132010.0389478,pose/component_1,0.361561119556427
343,1789132010.0389478,pose/component_2,0.07700914889574051
343,1789132010.0389478,pose/component_3,0.6435340046882629
343,1789132010.0389478,pose/component_4,0.0031485394574701786
343,1789132010.0389478,pose/component_5,0.0
344,1789132010.232784,amp/overflow_retries,0.0
344,1789132010.232784,amp/scale,32.0
344,1789132010.232784,gradient/clipped_norm,351.2252197265625
344,1789132010.232784,images/detect,0.0
344,1789132010.232784,images/pose,16.0
344,1789132010.232784,loss/backward,79.9228744506836
344,1789132010.232784,loss/detect_mean,0.0
344,1789132010.232784,loss/joint_mean,1.2487949132919312
344,1789132010.232784,loss/pose_mean,1.2487949132919312
344,1789132010.232784,lr/attention.decay,0.0
344,1789132010.232784,lr/attention.no_decay,0.0
344,1789132010.232784,lr/backbone.decay,0.0
344,1789132010.232784,lr/backbone.no_decay,0.0
344,1789132010.232784,lr/detect_head.decay,0.0
344,1789132010.232784,lr/detect_head.no_decay,0.0
344,1789132010.232784,lr/neck.decay,0.0
344,1789132010.232784,lr/neck.no_decay,0.0
344,1789132010.232784,lr/pose_head.decay,9.324396782841823e-06
344,1789132010.232784,lr/pose_head.no_decay,9.324396782841823e-06
344,1789132010.232784,pose/component_0,0.8545736074447632
344,1789132010.232784,pose/component_1,0.016307173296809196
344,1789132010.232784,pose/component_2,0.0017651345115154982
344,1789132010.232784,pose/component_3,0.4167279899120331
344,1789132010.232784,pose/component_4,0.002781921997666359
344,1789132010.232784,pose/component_5,0.0
345,1789132010.4264102,amp/overflow_retries,0.0
345,1789132010.4264102,amp/scale,32.0
345,1789132010.4264102,gradient/clipped_norm,393.5199279785156
345,1789132010.4264102,images/detect,0.0
345,1789132010.4264102,images/pose,16.0
345,1789132010.4264102,loss/backward,81.99440002441406
345,1789132010.4264102,loss/detect_mean,0.0
345,1789132010.4264102,loss/joint_mean,1.2811625003814697
345,1789132010.4264102,loss/pose_mean,1.2811625003814697
345,1789132010.4264102,lr/attention.decay,0.0
345,1789132010.4264102,lr/attention.no_decay,0.0
345,1789132010.4264102,lr/backbone.decay,0.0
345,1789132010.4264102,lr/backbone.no_decay,0.0
345,1789132010.4264102,lr/detect_head.decay,0.0
345,1789132010.4264102,lr/detect_head.no_decay,0.0
345,1789132010.4264102,lr/neck.decay,0.0
345,1789132010.4264102,lr/neck.no_decay,0.0
345,1789132010.4264102,lr/pose_head.decay,9.3485254691689e-06
345,1789132010.4264102,lr/pose_head.no_decay,9.3485254691689e-06
345,1789132010.4264102,pose/component_0,1.0031381845474243
345,1789132010.4264102,pose/component_1,0.02904113195836544
345,1789132010.4264102,pose/component_2,0.020648641511797905
345,1789132010.4264102,pose/component_3,0.5605041980743408
345,1789132010.4264102,pose/component_4,0.002885490655899048
345,1789132010.4264102,pose/component_5,0.0
346,1789132010.6214006,amp/overflow_retries,0.0
346,1789132010.6214006,amp/scale,32.0
346,1789132010.6214006,gradient/clipped_norm,291.4342041015625
346,1789132010.6214006,images/detect,0.0
346,1789132010.6214006,images/pose,16.0
346,1789132010.6214006,loss/backward,76.21315002441406
346,1789132010.6214006,loss/detect_mean,0.0
346,1789132010.6214006,loss/joint_mean,1.1908304691314697
346,1789132010.6214006,loss/pose_mean,1.1908304691314697
346,1789132010.6214006,lr/attention.decay,0.0
346,1789132010.6214006,lr/attention.no_decay,0.0
346,1789132010.6214006,lr/backbone.decay,0.0
346,1789132010.6214006,lr/backbone.no_decay,0.0
346,1789132010.6214006,lr/detect_head.decay,0.0
346,1789132010.6214006,lr/detect_head.no_decay,0.0
346,1789132010.6214006,lr/neck.decay,0.0
346,1789132010.6214006,lr/neck.no_decay,0.0
346,1789132010.6214006,lr/pose_head.decay,9.37265415549598e-06
346,1789132010.6214006,lr/pose_head.no_decay,9.37265415549598e-06
346,1789132010.6214006,pose/component_0,0.8454641699790955
346,1789132010.6214006,pose/component_1,0.021961672231554985
346,1789132010.6214006,pose/component_2,0.0727282389998436
346,1789132010.6214006,pose/component_3,0.33875226974487305
346,1789132010.6214006,pose/component_4,0.0032988216262310743
346,1789132010.6214006,pose/component_5,0.0
347,1789132010.8165483,amp/overflow_retries,0.0
347,1789132010.8165483,amp/scale,32.0
347,1789132010.8165483,gradient/clipped_norm,257.2956848144531
347,1789132010.8165483,images/detect,0.0
347,1789132010.8165483,images/pose,16.0
347,1789132010.8165483,loss/backward,67.61285400390625
347,1789132010.8165483,loss/detect_mean,0.0
347,1789132010.8165483,loss/joint_mean,1.0564508438110352
347,1789132010.8165483,loss/pose_mean,1.0564508438110352
347,1789132010.8165483,lr/attention.decay,0.0
347,1789132010.8165483,lr/attention.no_decay,0.0
347,1789132010.8165483,lr/backbone.decay,0.0
347,1789132010.8165483,lr/backbone.no_decay,0.0
347,1789132010.8165483,lr/detect_head.decay,0.0
347,1789132010.8165483,lr/detect_head.no_decay,0.0
347,1789132010.8165483,lr/neck.decay,0.0
347,1789132010.8165483,lr/neck.no_decay,0.0
347,1789132010.8165483,lr/pose_head.decay,9.396782841823056e-06
347,1789132010.8165483,lr/pose_head.no_decay,9.396782841823056e-06
347,1789132010.8165483,pose/component_0,0.724142849445343
347,1789132010.8165483,pose/component_1,0.017152726650238037
347,1789132010.8165483,pose/component_2,0.015250803902745247
347,1789132010.8165483,pose/component_3,0.2987060248851776
347,1789132010.8165483,pose/component_4,0.002695828676223755
347,1789132010.8165483,pose/component_5,0.0
348,1789132011.0101469,amp/overflow_retries,0.0
348,1789132011.0101469,amp/scale,32.0
348,1789132011.0101469,gradient/clipped_norm,368.4069519042969
348,1789132011.0101469,images/detect,0.0
348,1789132011.0101469,images/pose,16.0
348,1789132011.0101469,loss/backward,97.15926361083984
348,1789132011.0101469,loss/detect_mean,0.0
348,1789132011.0101469,loss/joint_mean,1.5181134939193726
348,1789132011.0101469,loss/pose_mean,1.5181134939193726
348,1789132011.0101469,lr/attention.decay,0.0
348,1789132011.0101469,lr/attention.no_decay,0.0
348,1789132011.0101469,lr/backbone.decay,0.0
348,1789132011.0101469,lr/backbone.no_decay,0.0
348,1789132011.0101469,lr/detect_head.decay,0.0
348,1789132011.0101469,lr/detect_head.no_decay,0.0
348,1789132011.0101469,lr/neck.decay,0.0
348,1789132011.0101469,lr/neck.no_decay,0.0
348,1789132011.0101469,lr/pose_head.decay,9.420911528150133e-06
348,1789132011.0101469,lr/pose_head.no_decay,9.420911528150133e-06
348,1789132011.0101469,pose/component_0,1.0288045406341553
348,1789132011.0101469,pose/component_1,0.038787245750427246
348,1789132011.0101469,pose/component_2,0.0035271281376481056
348,1789132011.0101469,pose/component_3,0.70601487159729
348,1789132011.0101469,pose/component_4,0.002563635352998972
348,1789132011.0101469,pose/component_5,0.0
349,1789132011.2031045,amp/overflow_retries,0.0
349,1789132011.2031045,amp/scale,32.0
349,1789132011.2031045,gradient/clipped_norm,318.2441711425781
349,1789132011.2031045,images/detect,0.0
349,1789132011.2031045,images/pose,16.0
349,1789132011.2031045,loss/backward,77.83232116699219
349,1789132011.2031045,loss/detect_mean,0.0
349,1789132011.2031045,loss/joint_mean,1.216130018234253
349,1789132011.2031045,loss/pose_mean,1.216130018234253
349,1789132011.2031045,lr/attention.decay,0.0
349,1789132011.2031045,lr/attention.no_decay,0.0
349,1789132011.2031045,lr/backbone.decay,0.0
349,1789132011.2031045,lr/backbone.no_decay,0.0
349,1789132011.2031045,lr/detect_head.decay,0.0
349,1789132011.2031045,lr/detect_head.no_decay,0.0
349,1789132011.2031045,lr/neck.decay,0.0
349,1789132011.2031045,lr/neck.no_decay,0.0
349,1789132011.2031045,lr/pose_head.decay,9.445040214477212e-06
349,1789132011.2031045,lr/pose_head.no_decay,9.445040214477212e-06
349,1789132011.2031045,pose/component_0,0.9061585664749146
349,1789132011.2031045,pose/component_1,0.018519345670938492
349,1789132011.2031045,pose/component_2,0.01604394242167473
349,1789132011.2031045,pose/component_3,0.4063059985637665
349,1789132011.2031045,pose/component_4,0.0035525034181773663
349,1789132011.2031045,pose/component_5,0.0
350,1789132011.397587,amp/overflow_retries,0.0
350,1789132011.397587,amp/scale,32.0
350,1789132011.397587,gradient/clipped_norm,349.3026428222656
350,1789132011.397587,images/detect,0.0
350,1789132011.397587,images/pose,16.0
350,1789132011.397587,loss/backward,76.17938232421875
350,1789132011.397587,loss/detect_mean,0.0
350,1789132011.397587,loss/joint_mean,1.190302848815918
350,1789132011.397587,loss/pose_mean,1.190302848815918
350,1789132011.397587,lr/attention.decay,0.0
350,1789132011.397587,lr/attention.no_decay,0.0
350,1789132011.397587,lr/backbone.decay,0.0
350,1789132011.397587,lr/backbone.no_decay,0.0
350,1789132011.397587,lr/detect_head.decay,0.0
350,1789132011.397587,lr/detect_head.no_decay,0.0
350,1789132011.397587,lr/neck.decay,0.0
350,1789132011.397587,lr/neck.no_decay,0.0
350,1789132011.397587,lr/pose_head.decay,9.46916890080429e-06
350,1789132011.397587,lr/pose_head.no_decay,9.46916890080429e-06
350,1789132011.397587,pose/component_0,0.9188264608383179
350,1789132011.397587,pose/component_1,0.012851234525442123
350,1789132011.397587,pose/component_2,0.0023176749236881733
350,1789132011.397587,pose/component_3,0.32423725724220276
350,1789132011.397587,pose/component_4,0.002444300800561905
350,1789132011.397587,pose/component_5,0.0
351,1789132011.5905216,amp/overflow_retries,0.0
351,1789132011.5905216,amp/scale,32.0
351,1789132011.5905216,gradient/clipped_norm,393.5066833496094
351,1789132011.5905216,images/detect,0.0
351,1789132011.5905216,images/pose,16.0
351,1789132011.5905216,loss/backward,69.19401550292969
351,1789132011.5905216,loss/detect_mean,0.0
351,1789132011.5905216,loss/joint_mean,1.0811564922332764
351,1789132011.5905216,loss/pose_mean,1.0811564922332764
351,1789132011.5905216,lr/attention.decay,0.0
351,1789132011.5905216,lr/attention.no_decay,0.0
351,1789132011.5905216,lr/backbone.decay,0.0
351,1789132011.5905216,lr/backbone.no_decay,0.0
351,1789132011.5905216,lr/detect_head.decay,0.0
351,1789132011.5905216,lr/detect_head.no_decay,0.0
351,1789132011.5905216,lr/neck.decay,0.0
351,1789132011.5905216,lr/neck.no_decay,0.0
351,1789132011.5905216,lr/pose_head.decay,9.493297587131368e-06
351,1789132011.5905216,lr/pose_head.no_decay,9.493297587131368e-06
351,1789132011.5905216,pose/component_0,0.7995481491088867
351,1789132011.5905216,pose/component_1,0.010175622999668121
351,1789132011.5905216,pose/component_2,0.0013514494057744741
351,1789132011.5905216,pose/component_3,0.33627426624298096
351,1789132011.5905216,pose/component_4,0.0018661738140508533
351,1789132011.5905216,pose/component_5,0.0
352,1789132011.7845578,amp/overflow_retries,0.0
352,1789132011.7845578,amp/scale,32.0
352,1789132011.7845578,gradient/clipped_norm,350.1949462890625
352,1789132011.7845578,images/detect,0.0
352,1789132011.7845578,images/pose,16.0
352,1789132011.7845578,loss/backward,73.80038452148438
352,1789132011.7845578,loss/detect_mean,0.0
352,1789132011.7845578,loss/joint_mean,1.1531310081481934
352,1789132011.7845578,loss/pose_mean,1.1531310081481934
352,1789132011.7845578,lr/attention.decay,0.0
352,1789132011.7845578,lr/attention.no_decay,0.0
352,1789132011.7845578,lr/backbone.decay,0.0
352,1789132011.7845578,lr/backbone.no_decay,0.0
352,1789132011.7845578,lr/detect_head.decay,0.0
352,1789132011.7845578,lr/detect_head.no_decay,0.0
352,1789132011.7845578,lr/neck.decay,0.0
352,1789132011.7845578,lr/neck.no_decay,0.0
352,1789132011.7845578,lr/pose_head.decay,9.517426273458445e-06
352,1789132011.7845578,lr/pose_head.no_decay,9.517426273458445e-06
352,1789132011.7845578,pose/component_0,0.7748727798461914
352,1789132011.7845578,pose/component_1,0.013997591100633144
352,1789132011.7845578,pose/component_2,0.06298622488975525
352,1789132011.7845578,pose/component_3,0.4418686628341675
352,1789132011.7845578,pose/component_4,0.0030056436080485582
352,1789132011.7845578,pose/component_5,0.0
353,1789132011.977532,amp/overflow_retries,0.0
353,1789132011.977532,amp/scale,32.0
353,1789132011.977532,gradient/clipped_norm,277.1390686035156
353,1789132011.977532,images/detect,0.0
353,1789132011.977532,images/pose,16.0
353,1789132011.977532,loss/backward,83.934814453125
353,1789132011.977532,loss/detect_mean,0.0
353,1789132011.977532,loss/joint_mean,1.3114814758300781
353,1789132011.977532,loss/pose_mean,1.3114814758300781
353,1789132011.977532,lr/attention.decay,0.0
353,1789132011.977532,lr/attention.no_decay,0.0
353,1789132011.977532,lr/backbone.decay,0.0
353,1789132011.977532,lr/backbone.no_decay,0.0
353,1789132011.977532,lr/detect_head.decay,0.0
353,1789132011.977532,lr/detect_head.no_decay,0.0
353,1789132011.977532,lr/neck.decay,0.0
353,1789132011.977532,lr/neck.no_decay,0.0
353,1789132011.977532,lr/pose_head.decay,9.541554959785522e-06
353,1789132011.977532,lr/pose_head.no_decay,9.541554959785522e-06
353,1789132011.977532,pose/component_0,0.8448578119277954
353,1789132011.977532,pose/component_1,0.019641250371932983
353,1789132011.977532,pose/component_2,0.0074697635136544704
353,1789132011.977532,pose/component_3,0.5863528847694397
353,1789132011.977532,pose/component_4,0.0024943784810602665
353,1789132011.977532,pose/component_5,0.0
354,1789132012.1706195,amp/overflow_retries,0.0
354,1789132012.1706195,amp/scale,32.0
354,1789132012.1706195,gradient/clipped_norm,294.7232971191406
354,1789132012.1706195,images/detect,0.0
354,1789132012.1706195,images/pose,16.0
354,1789132012.1706195,loss/backward,77.67393493652344
354,1789132012.1706195,loss/detect_mean,0.0
354,1789132012.1706195,loss/joint_mean,1.2136552333831787
354,1789132012.1706195,loss/pose_mean,1.2136552333831787
354,1789132012.1706195,lr/attention.decay,0.0
354,1789132012.1706195,lr/attention.no_decay,0.0
354,1789132012.1706195,lr/backbone.decay,0.0
354,1789132012.1706195,lr/backbone.no_decay,0.0
354,1789132012.1706195,lr/detect_head.decay,0.0
354,1789132012.1706195,lr/detect_head.no_decay,0.0
354,1789132012.1706195,lr/neck.decay,0.0
354,1789132012.1706195,lr/neck.no_decay,0.0
354,1789132012.1706195,lr/pose_head.decay,9.565683646112601e-06
354,1789132012.1706195,lr/pose_head.no_decay,9.565683646112601e-06
354,1789132012.1706195,pose/component_0,0.8144055604934692
354,1789132012.1706195,pose/component_1,0.012372493743896484
354,1789132012.1706195,pose/component_2,0.013203056529164314
354,1789132012.1706195,pose/component_3,0.33652082085609436
354,1789132012.1706195,pose/component_4,0.002783882664516568
354,1789132012.1706195,pose/component_5,0.0
355,1789132012.3647752,amp/overflow_retries,0.0
355,1789132012.3647752,amp/scale,32.0
355,1789132012.3647752,gradient/clipped_norm,406.4759216308594
355,1789132012.3647752,images/detect,0.0
355,1789132012.3647752,images/pose,16.0
355,1789132012.3647752,loss/backward,68.66096496582031
355,1789132012.3647752,loss/detect_mean,0.0
355,1789132012.3647752,loss/joint_mean,1.0728275775909424
355,1789132012.3647752,loss/pose_mean,1.0728275775909424
355,1789132012.3647752,lr/attention.decay,0.0
355,1789132012.3647752,lr/attention.no_decay,0.0
355,1789132012.3647752,lr/backbone.decay,0.0
355,1789132012.3647752,lr/backbone.no_decay,0.0
355,1789132012.3647752,lr/detect_head.decay,0.0
355,1789132012.3647752,lr/detect_head.no_decay,0.0
355,1789132012.3647752,lr/neck.decay,0.0
355,1789132012.3647752,lr/neck.no_decay,0.0
355,1789132012.3647752,lr/pose_head.decay,9.589812332439678e-06
355,1789132012.3647752,lr/pose_head.no_decay,9.589812332439678e-06
355,1789132012.3647752,pose/component_0,0.7746191024780273
355,1789132012.3647752,pose/component_1,0.032229192554950714
355,1789132012.3647752,pose/component_2,0.019913852214813232
355,1789132012.3647752,pose/component_3,0.3332522511482239
355,1789132012.3647752,pose/component_4,0.0018857797840610147
355,1789132012.3647752,pose/component_5,0.0
356,1789132012.557894,amp/overflow_retries,0.0
356,1789132012.557894,amp/scale,32.0
356,1789132012.557894,gradient/clipped_norm,380.31854248046875
356,1789132012.557894,images/detect,0.0
356,1789132012.557894,images/pose,16.0
356,1789132012.557894,loss/backward,80.21627807617188
356,1789132012.557894,loss/detect_mean,0.0
356,1789132012.557894,loss/joint_mean,1.2533793449401855
356,1789132012.557894,loss/pose_mean,1.2533793449401855
356,1789132012.557894,lr/attention.decay,0.0
356,1789132012.557894,lr/attention.no_decay,0.0
356,1789132012.557894,lr/backbone.decay,0.0
356,1789132012.557894,lr/backbone.no_decay,0.0
356,1789132012.557894,lr/detect_head.decay,0.0
356,1789132012.557894,lr/detect_head.no_decay,0.0
356,1789132012.557894,lr/neck.decay,0.0
356,1789132012.557894,lr/neck.no_decay,0.0
356,1789132012.557894,lr/pose_head.decay,9.613941018766757e-06
356,1789132012.557894,lr/pose_head.no_decay,9.613941018766757e-06
356,1789132012.557894,pose/component_0,0.7971951961517334
356,1789132012.557894,pose/component_1,0.023276353254914284
356,1789132012.557894,pose/component_2,0.007448333781212568
356,1789132012.557894,pose/component_3,0.4243294596672058
356,1789132012.557894,pose/component_4,0.002481457544490695
356,1789132012.557894,pose/component_5,0.0
357,1789132012.7516556,amp/overflow_retries,0.0
357,1789132012.7516556,amp/scale,32.0
357,1789132012.7516556,gradient/clipped_norm,448.7284240722656
357,1789132012.7516556,images/detect,0.0
357,1789132012.7516556,images/pose,16.0
357,1789132012.7516556,loss/backward,84.74362182617188
357,1789132012.7516556,loss/detect_mean,0.0
357,1789132012.7516556,loss/joint_mean,1.3241190910339355
357,1789132012.7516556,loss/pose_mean,1.3241190910339355
357,1789132012.7516556,lr/attention.decay,0.0
357,1789132012.7516556,lr/attention.no_decay,0.0
357,1789132012.7516556,lr/backbone.decay,0.0
357,1789132012.7516556,lr/backbone.no_decay,0.0
357,1789132012.7516556,lr/detect_head.decay,0.0
357,1789132012.7516556,lr/detect_head.no_decay,0.0
357,1789132012.7516556,lr/neck.decay,0.0
357,1789132012.7516556,lr/neck.no_decay,0.0
357,1789132012.7516556,lr/pose_head.decay,9.638069705093834e-06
357,1789132012.7516556,lr/pose_head.no_decay,9.638069705093834e-06
357,1789132012.7516556,pose/component_0,1.0782315731048584
357,1789132012.7516556,pose/component_1,0.024524010717868805
357,1789132012.7516556,pose/component_2,0.0005561101133935153
357,1789132012.7516556,pose/component_3,0.4098624587059021
357,1789132012.7516556,pose/component_4,0.002704279962927103
357,1789132012.7516556,pose/component_5,0.0
358,1789132012.9447637,amp/overflow_retries,0.0
358,1789132012.9447637,amp/scale,32.0
358,1789132012.9447637,gradient/clipped_norm,2791.346435546875
358,1789132012.9447637,images/detect,0.0
358,1789132012.9447637,images/pose,16.0
358,1789132012.9447637,loss/backward,113.33415222167969
358,1789132012.9447637,loss/detect_mean,0.0
358,1789132012.9447637,loss/joint_mean,1.7708461284637451
358,1789132012.9447637,loss/pose_mean,1.7708461284637451
358,1789132012.9447637,lr/attention.decay,0.0
358,1789132012.9447637,lr/attention.no_decay,0.0
358,1789132012.9447637,lr/backbone.decay,0.0
358,1789132012.9447637,lr/backbone.no_decay,0.0
358,1789132012.9447637,lr/detect_head.decay,0.0
358,1789132012.9447637,lr/detect_head.no_decay,0.0
358,1789132012.9447637,lr/neck.decay,0.0
358,1789132012.9447637,lr/neck.no_decay,0.0
358,1789132012.9447637,lr/pose_head.decay,9.662198391420911e-06
358,1789132012.9447637,lr/pose_head.no_decay,9.662198391420911e-06
358,1789132012.9447637,pose/component_0,0.8652462959289551
358,1789132012.9447637,pose/component_1,0.06529231369495392
358,1789132012.9447637,pose/component_2,0.11773959547281265
358,1789132012.9447637,pose/component_3,0.4906107485294342
358,1789132012.9447637,pose/component_4,0.003927490208297968
358,1789132012.9447637,pose/component_5,0.18496721982955933
359,1789132013.137861,amp/overflow_retries,0.0
359,1789132013.137861,amp/scale,32.0
359,1789132013.137861,gradient/clipped_norm,302.41448974609375
359,1789132013.137861,images/detect,0.0
359,1789132013.137861,images/pose,16.0
359,1789132013.137861,loss/backward,75.6678695678711
359,1789132013.137861,loss/detect_mean,0.0
359,1789132013.137861,loss/joint_mean,1.1823104619979858
359,1789132013.137861,loss/pose_mean,1.1823104619979858
359,1789132013.137861,lr/attention.decay,0.0
359,1789132013.137861,lr/attention.no_decay,0.0
359,1789132013.137861,lr/backbone.decay,0.0
359,1789132013.137861,lr/backbone.no_decay,0.0
359,1789132013.137861,lr/detect_head.decay,0.0
359,1789132013.137861,lr/detect_head.no_decay,0.0
359,1789132013.137861,lr/neck.decay,0.0
359,1789132013.137861,lr/neck.no_decay,0.0
359,1789132013.137861,lr/pose_head.decay,9.68632707774799e-06
359,1789132013.137861,lr/pose_head.no_decay,9.68632707774799e-06
359,1789132013.137861,pose/component_0,0.855393648147583
359,1789132013.137861,pose/component_1,0.2267708033323288
359,1789132013.137861,pose/component_2,0.04209642484784126
359,1789132013.137861,pose/component_3,0.274405837059021
359,1789132013.137861,pose/component_4,0.002228577621281147
359,1789132013.137861,pose/component_5,0.0
360,1789132013.3308337,amp/overflow_retries,0.0
360,1789132013.3308337,amp/scale,32.0
360,1789132013.3308337,gradient/clipped_norm,382.20452880859375
360,1789132013.3308337,images/detect,0.0
360,1789132013.3308337,images/pose,16.0
360,1789132013.3308337,loss/backward,63.71949768066406
360,1789132013.3308337,loss/detect_mean,0.0
360,1789132013.3308337,loss/joint_mean,0.995617151260376
360,1789132013.3308337,loss/pose_mean,0.995617151260376
360,1789132013.3308337,lr/attention.decay,0.0
360,1789132013.3308337,lr/attention.no_decay,0.0
360,1789132013.3308337,lr/backbone.decay,0.0
360,1789132013.3308337,lr/backbone.no_decay,0.0
360,1789132013.3308337,lr/detect_head.decay,0.0
360,1789132013.3308337,lr/detect_head.no_decay,0.0
360,1789132013.3308337,lr/neck.decay,0.0
360,1789132013.3308337,lr/neck.no_decay,0.0
360,1789132013.3308337,lr/pose_head.decay,9.710455764075067e-06
360,1789132013.3308337,lr/pose_head.no_decay,9.710455764075067e-06
360,1789132013.3308337,pose/component_0,0.7282494306564331
360,1789132013.3308337,pose/component_1,0.010942170396447182
360,1789132013.3308337,pose/component_2,0.006550250109285116
360,1789132013.3308337,pose/component_3,0.4522252380847931
360,1789132013.3308337,pose/component_4,0.0020521425176411867
360,1789132013.3308337,pose/component_5,0.0
361,1789132013.52371,amp/overflow_retries,0.0
361,1789132013.52371,amp/scale,32.0
361,1789132013.52371,gradient/clipped_norm,338.7732238769531
361,1789132013.52371,images/detect,0.0
361,1789132013.52371,images/pose,16.0
361,1789132013.52371,loss/backward,85.68901062011719
361,1789132013.52371,loss/detect_mean,0.0
361,1789132013.52371,loss/joint_mean,1.338890790939331
361,1789132013.52371,loss/pose_mean,1.338890790939331
361,1789132013.52371,lr/attention.decay,0.0
361,1789132013.52371,lr/attention.no_decay,0.0
361,1789132013.52371,lr/backbone.decay,0.0
361,1789132013.52371,lr/backbone.no_decay,0.0
361,1789132013.52371,lr/detect_head.decay,0.0
361,1789132013.52371,lr/detect_head.no_decay,0.0
361,1789132013.52371,lr/neck.decay,0.0
361,1789132013.52371,lr/neck.no_decay,0.0
361,1789132013.52371,lr/pose_head.decay,9.734584450402146e-06
361,1789132013.52371,lr/pose_head.no_decay,9.734584450402146e-06
361,1789132013.52371,pose/component_0,0.9339444041252136
361,1789132013.52371,pose/component_1,0.025567159056663513
361,1789132013.52371,pose/component_2,0.01356398593634367
361,1789132013.52371,pose/component_3,0.4977409839630127
361,1789132013.52371,pose/component_4,0.0032642981968820095
361,1789132013.52371,pose/component_5,0.0
362,1789132013.7167115,amp/overflow_retries,0.0
362,1789132013.7167115,amp/scale,32.0
362,1789132013.7167115,gradient/clipped_norm,2931.525634765625
362,1789132013.7167115,images/detect,0.0
362,1789132013.7167115,images/pose,16.0
362,1789132013.7167115,loss/backward,242.24522399902344
362,1789132013.7167115,loss/detect_mean,0.0
362,1789132013.7167115,loss/joint_mean,3.785081624984741
362,1789132013.7167115,loss/pose_mean,3.785081624984741
362,1789132013.7167115,lr/attention.decay,0.0
362,1789132013.7167115,lr/attention.no_decay,0.0
362,1789132013.7167115,lr/backbone.decay,0.0
362,1789132013.7167115,lr/backbone.no_decay,0.0
362,1789132013.7167115,lr/detect_head.decay,0.0
362,1789132013.7167115,lr/detect_head.no_decay,0.0
362,1789132013.7167115,lr/neck.decay,0.0
362,1789132013.7167115,lr/neck.no_decay,0.0
362,1789132013.7167115,lr/pose_head.decay,9.758713136729223e-06
362,1789132013.7167115,lr/pose_head.no_decay,9.758713136729223e-06
362,1789132013.7167115,pose/component_0,1.1794523000717163
362,1789132013.7167115,pose/component_1,0.5943698287010193
362,1789132013.7167115,pose/component_2,0.005995411891490221
362,1789132013.7167115,pose/component_3,0.5853798389434814
362,1789132013.7167115,pose/component_4,0.00311273243278265
362,1789132013.7167115,pose/component_5,1.0195820331573486
363,1789132013.9101481,amp/overflow_retries,0.0
363,1789132013.9101481,amp/scale,32.0
363,1789132013.9101481,gradient/clipped_norm,369.2174377441406
363,1789132013.9101481,images/detect,0.0
363,1789132013.9101481,images/pose,16.0
363,1789132013.9101481,loss/backward,73.90070343017578
363,1789132013.9101481,loss/detect_mean,0.0
363,1789132013.9101481,loss/joint_mean,1.1546984910964966
363,1789132013.9101481,loss/pose_mean,1.1546984910964966
363,1789132013.9101481,lr/attention.decay,0.0
363,1789132013.9101481,lr/attention.no_decay,0.0
363,1789132013.9101481,lr/backbone.decay,0.0
363,1789132013.9101481,lr/backbone.no_decay,0.0
363,1789132013.9101481,lr/detect_head.decay,0.0
363,1789132013.9101481,lr/detect_head.no_decay,0.0
363,1789132013.9101481,lr/neck.decay,0.0
363,1789132013.9101481,lr/neck.no_decay,0.0
363,1789132013.9101481,lr/pose_head.decay,9.7828418230563e-06
363,1789132013.9101481,lr/pose_head.no_decay,9.7828418230563e-06
363,1789132013.9101481,pose/component_0,0.8173529505729675
363,1789132013.9101481,pose/component_1,0.06777778267860413
363,1789132013.9101481,pose/component_2,0.014001363888382912
363,1789132013.9101481,pose/component_3,0.33439409732818604
363,1789132013.9101481,pose/component_4,0.002647741697728634
363,1789132013.9101481,pose/component_5,0.0
364,1789132014.102939,amp/overflow_retries,0.0
364,1789132014.102939,amp/scale,32.0
364,1789132014.102939,gradient/clipped_norm,3514.11474609375
364,1789132014.102939,images/detect,0.0
364,1789132014.102939,images/pose,16.0
364,1789132014.102939,loss/backward,72.19771575927734
364,1789132014.102939,loss/detect_mean,0.0
364,1789132014.102939,loss/joint_mean,1.1280893087387085
364,1789132014.102939,loss/pose_mean,1.1280893087387085
364,1789132014.102939,lr/attention.decay,0.0
364,1789132014.102939,lr/attention.no_decay,0.0
364,1789132014.102939,lr/backbone.decay,0.0
364,1789132014.102939,lr/backbone.no_decay,0.0
364,1789132014.102939,lr/detect_head.decay,0.0
364,1789132014.102939,lr/detect_head.no_decay,0.0
364,1789132014.102939,lr/neck.decay,0.0
364,1789132014.102939,lr/neck.no_decay,0.0
364,1789132014.102939,lr/pose_head.decay,9.806970509383379e-06
364,1789132014.102939,lr/pose_head.no_decay,9.806970509383379e-06
364,1789132014.102939,pose/component_0,0.6499693989753723
364,1789132014.102939,pose/component_1,0.026224788278341293
364,1789132014.102939,pose/component_2,0.010287731885910034
364,1789132014.102939,pose/component_3,0.30970150232315063
364,1789132014.102939,pose/component_4,0.002567093353718519
364,1789132014.102939,pose/component_5,0.0
365,1789132014.296063,amp/overflow_retries,0.0
365,1789132014.296063,amp/scale,32.0
365,1789132014.296063,gradient/clipped_norm,321.320556640625
365,1789132014.296063,images/detect,0.0
365,1789132014.296063,images/pose,16.0
365,1789132014.296063,loss/backward,66.91966247558594
365,1789132014.296063,loss/detect_mean,0.0
365,1789132014.296063,loss/joint_mean,1.0456197261810303
365,1789132014.296063,loss/pose_mean,1.0456197261810303
365,1789132014.296063,lr/attention.decay,0.0
365,1789132014.296063,lr/attention.no_decay,0.0
365,1789132014.296063,lr/backbone.decay,0.0
365,1789132014.296063,lr/backbone.no_decay,0.0
365,1789132014.296063,lr/detect_head.decay,0.0
365,1789132014.296063,lr/detect_head.no_decay,0.0
365,1789132014.296063,lr/neck.decay,0.0
365,1789132014.296063,lr/neck.no_decay,0.0
365,1789132014.296063,lr/pose_head.decay,9.831099195710456e-06
365,1789132014.296063,lr/pose_head.no_decay,9.831099195710456e-06
365,1789132014.296063,pose/component_0,0.7220019698143005
365,1789132014.296063,pose/component_1,0.01666141115128994
365,1789132014.296063,pose/component_2,0.015077645890414715
365,1789132014.296063,pose/component_3,0.2713478207588196
365,1789132014.296063,pose/component_4,0.002312491647899151
365,1789132014.296063,pose/component_5,0.0
366,1789132014.4894483,amp/overflow_retries,0.0
366,1789132014.4894483,amp/scale,32.0
366,1789132014.4894483,gradient/clipped_norm,2984.414794921875
366,1789132014.4894483,images/detect,0.0
366,1789132014.4894483,images/pose,16.0
366,1789132014.4894483,loss/backward,94.43048858642578
366,1789132014.4894483,loss/detect_mean,0.0
366,1789132014.4894483,loss/joint_mean,1.4754763841629028
366,1789132014.4894483,loss/pose_mean,1.4754763841629028
366,1789132014.4894483,lr/attention.decay,0.0
366,1789132014.4894483,lr/attention.no_decay,0.0
366,1789132014.4894483,lr/backbone.decay,0.0
366,1789132014.4894483,lr/backbone.no_decay,0.0
366,1789132014.4894483,lr/detect_head.decay,0.0
366,1789132014.4894483,lr/detect_head.no_decay,0.0
366,1789132014.4894483,lr/neck.decay,0.0
366,1789132014.4894483,lr/neck.no_decay,0.0
366,1789132014.4894483,lr/pose_head.decay,9.855227882037535e-06
366,1789132014.4894483,lr/pose_head.no_decay,9.855227882037535e-06
366,1789132014.4894483,pose/component_0,1.0216602087020874
366,1789132014.4894483,pose/component_1,0.026281744241714478
366,1789132014.4894483,pose/component_2,0.0019983286038041115
366,1789132014.4894483,pose/component_3,0.38487693667411804
366,1789132014.4894483,pose/component_4,0.0033283312804996967
366,1789132014.4894483,pose/component_5,0.0
367,1789132014.6825747,amp/overflow_retries,0.0
367,1789132014.6825747,amp/scale,32.0
367,1789132014.6825747,gradient/clipped_norm,3084.265869140625
367,1789132014.6825747,images/detect,0.0
367,1789132014.6825747,images/pose,16.0
367,1789132014.6825747,loss/backward,92.20533752441406
367,1789132014.6825747,loss/detect_mean,0.0
367,1789132014.6825747,loss/joint_mean,1.4407083988189697
367,1789132014.6825747,loss/pose_mean,1.4407083988189697
367,1789132014.6825747,lr/attention.decay,0.0
367,1789132014.6825747,lr/attention.no_decay,0.0
367,1789132014.6825747,lr/backbone.decay,0.0
367,1789132014.6825747,lr/backbone.no_decay,0.0
367,1789132014.6825747,lr/detect_head.decay,0.0
367,1789132014.6825747,lr/detect_head.no_decay,0.0
367,1789132014.6825747,lr/neck.decay,0.0
367,1789132014.6825747,lr/neck.no_decay,0.0
367,1789132014.6825747,lr/pose_head.decay,9.879356568364612e-06
367,1789132014.6825747,lr/pose_head.no_decay,9.879356568364612e-06
367,1789132014.6825747,pose/component_0,0.7968592643737793
367,1789132014.6825747,pose/component_1,0.0980411097407341
367,1789132014.6825747,pose/component_2,0.005376719869673252
367,1789132014.6825747,pose/component_3,0.3542679250240326
367,1789132014.6825747,pose/component_4,0.0024449650663882494
367,1789132014.6825747,pose/component_5,0.0
368,1789132014.87576,amp/overflow_retries,0.0
368,1789132014.87576,amp/scale,32.0
368,1789132014.87576,gradient/clipped_norm,360.1350402832031
368,1789132014.87576,images/detect,0.0
368,1789132014.87576,images/pose,16.0
368,1789132014.87576,loss/backward,73.22514343261719
368,1789132014.87576,loss/detect_mean,0.0
368,1789132014.87576,loss/joint_mean,1.1441428661346436
368,1789132014.87576,loss/pose_mean,1.1441428661346436
368,1789132014.87576,lr/attention.decay,0.0
368,1789132014.87576,lr/attention.no_decay,0.0
368,1789132014.87576,lr/backbone.decay,0.0
368,1789132014.87576,lr/backbone.no_decay,0.0
368,1789132014.87576,lr/detect_head.decay,0.0
368,1789132014.87576,lr/detect_head.no_decay,0.0
368,1789132014.87576,lr/neck.decay,0.0
368,1789132014.87576,lr/neck.no_decay,0.0
368,1789132014.87576,lr/pose_head.decay,9.903485254691689e-06
368,1789132014.87576,lr/pose_head.no_decay,9.903485254691689e-06
368,1789132014.87576,pose/component_0,0.8148341178894043
368,1789132014.87576,pose/component_1,0.019990701228380203
368,1789132014.87576,pose/component_2,0.01675715483725071
368,1789132014.87576,pose/component_3,0.5894128680229187
368,1789132014.87576,pose/component_4,0.006995906122028828
368,1789132014.87576,pose/component_5,0.0
369,1789132015.0689275,amp/overflow_retries,0.0
369,1789132015.0689275,amp/scale,32.0
369,1789132015.0689275,gradient/clipped_norm,382.9194641113281
369,1789132015.0689275,images/detect,0.0
369,1789132015.0689275,images/pose,16.0
369,1789132015.0689275,loss/backward,97.94212341308594
369,1789132015.0689275,loss/detect_mean,0.0
369,1789132015.0689275,loss/joint_mean,1.5303456783294678
369,1789132015.0689275,loss/pose_mean,1.5303456783294678
369,1789132015.0689275,lr/attention.decay,0.0
369,1789132015.0689275,lr/attention.no_decay,0.0
369,1789132015.0689275,lr/backbone.decay,0.0
369,1789132015.0689275,lr/backbone.no_decay,0.0
369,1789132015.0689275,lr/detect_head.decay,0.0
369,1789132015.0689275,lr/detect_head.no_decay,0.0
369,1789132015.0689275,lr/neck.decay,0.0
369,1789132015.0689275,lr/neck.no_decay,0.0
369,1789132015.0689275,lr/pose_head.decay,9.927613941018768e-06
369,1789132015.0689275,lr/pose_head.no_decay,9.927613941018768e-06
369,1789132015.0689275,pose/component_0,1.0705406665802002
369,1789132015.0689275,pose/component_1,0.07298286259174347
369,1789132015.0689275,pose/component_2,0.025022724643349648
369,1789132015.0689275,pose/component_3,0.4583980441093445
369,1789132015.0689275,pose/component_4,0.0023679081350564957
369,1789132015.0689275,pose/component_5,0.0
370,1789132015.2617936,amp/overflow_retries,0.0
370,1789132015.2617936,amp/scale,32.0
370,1789132015.2617936,gradient/clipped_norm,2791.653076171875
370,1789132015.2617936,images/detect,0.0
370,1789132015.2617936,images/pose,16.0
370,1789132015.2617936,loss/backward,102.67406463623047
370,1789132015.2617936,loss/detect_mean,0.0
370,1789132015.2617936,loss/joint_mean,1.604282259941101
370,1789132015.2617936,loss/pose_mean,1.604282259941101
370,1789132015.2617936,lr/attention.decay,0.0
370,1789132015.2617936,lr/attention.no_decay,0.0
370,1789132015.2617936,lr/backbone.decay,0.0
370,1789132015.2617936,lr/backbone.no_decay,0.0
370,1789132015.2617936,lr/detect_head.decay,0.0
370,1789132015.2617936,lr/detect_head.no_decay,0.0
370,1789132015.2617936,lr/neck.decay,0.0
370,1789132015.2617936,lr/neck.no_decay,0.0
370,1789132015.2617936,lr/pose_head.decay,9.951742627345845e-06
370,1789132015.2617936,lr/pose_head.no_decay,9.951742627345845e-06
370,1789132015.2617936,pose/component_0,1.1221327781677246
370,1789132015.2617936,pose/component_1,0.06849704682826996
370,1789132015.2617936,pose/component_2,0.027742838487029076
370,1789132015.2617936,pose/component_3,0.64034104347229
370,1789132015.2617936,pose/component_4,0.00444385502487421
370,1789132015.2617936,pose/component_5,0.0
371,1789132015.4548037,amp/overflow_retries,0.0
371,1789132015.4548037,amp/scale,32.0
371,1789132015.4548037,gradient/clipped_norm,361.1333923339844
371,1789132015.4548037,images/detect,0.0
371,1789132015.4548037,images/pose,16.0
371,1789132015.4548037,loss/backward,72.73776245117188
371,1789132015.4548037,loss/detect_mean,0.0
371,1789132015.4548037,loss/joint_mean,1.1365275382995605
371,1789132015.4548037,loss/pose_mean,1.1365275382995605
371,1789132015.4548037,lr/attention.decay,0.0
371,1789132015.4548037,lr/attention.no_decay,0.0
371,1789132015.4548037,lr/backbone.decay,0.0
371,1789132015.4548037,lr/backbone.no_decay,0.0
371,1789132015.4548037,lr/detect_head.decay,0.0
371,1789132015.4548037,lr/detect_head.no_decay,0.0
371,1789132015.4548037,lr/neck.decay,0.0
371,1789132015.4548037,lr/neck.no_decay,0.0
371,1789132015.4548037,lr/pose_head.decay,9.975871313672924e-06
371,1789132015.4548037,lr/pose_head.no_decay,9.975871313672924e-06
371,1789132015.4548037,pose/component_0,0.7220597863197327
371,1789132015.4548037,pose/component_1,0.011349481530487537
371,1789132015.4548037,pose/component_2,0.004906071815639734
371,1789132015.4548037,pose/component_3,0.3460773229598999
371,1789132015.4548037,pose/component_4,0.0020742849446833134
371,1789132015.4548037,pose/component_5,0.0
372,1789132017.5518537,amp/overflow_retries,0.0
372,1789132017.5518537,amp/scale,32.0
372,1789132017.5518537,gradient/clipped_norm,385.015380859375
372,1789132017.5518537,images/detect,0.0
372,1789132017.5518537,images/pose,12.0
372,1789132017.5518537,loss/backward,97.629638671875
372,1789132017.5518537,loss/detect_mean,0.0
372,1789132017.5518537,loss/joint_mean,1.5254631042480469
372,1789132017.5518537,loss/pose_mean,1.5254631042480469
372,1789132017.5518537,lr/attention.decay,0.0
372,1789132017.5518537,lr/attention.no_decay,0.0
372,1789132017.5518537,lr/backbone.decay,0.0
372,1789132017.5518537,lr/backbone.no_decay,0.0
372,1789132017.5518537,lr/detect_head.decay,0.0
372,1789132017.5518537,lr/detect_head.no_decay,0.0
372,1789132017.5518537,lr/neck.decay,0.0
372,1789132017.5518537,lr/neck.no_decay,0.0
372,1789132017.5518537,lr/pose_head.decay,1e-05
372,1789132017.5518537,lr/pose_head.no_decay,1e-05
372,1789132017.5518537,pose/component_0,1.2094871997833252
372,1789132017.5518537,pose/component_1,0.023966580629348755
372,1789132017.5518537,pose/component_2,0.01679070293903351
372,1789132017.5518537,pose/component_3,0.42889752984046936
372,1789132017.5518537,pose/component_4,0.003023097524419427
372,1789132017.5518537,pose/component_5,0.0
373,1789132149.5289245,amp/overflow_retries,0.0
373,1789132149.5289245,amp/scale,32.0
373,1789132149.5289245,gradient/clipped_norm,400.9398498535156
373,1789132149.5289245,images/detect,0.0
373,1789132149.5289245,images/pose,16.0
373,1789132149.5289245,loss/backward,69.12207794189453
373,1789132149.5289245,loss/detect_mean,0.0
373,1789132149.5289245,loss/joint_mean,1.080032467842102
373,1789132149.5289245,loss/pose_mean,1.080032467842102
373,1789132149.5289245,lr/attention.decay,0.0
373,1789132149.5289245,lr/attention.no_decay,0.0
373,1789132149.5289245,lr/backbone.decay,0.0
373,1789132149.5289245,lr/backbone.no_decay,0.0
373,1789132149.5289245,lr/detect_head.decay,0.0
373,1789132149.5289245,lr/detect_head.no_decay,0.0
373,1789132149.5289245,lr/neck.decay,0.0
373,1789132149.5289245,lr/neck.no_decay,0.0
373,1789132149.5289245,lr/pose_head.decay,1e-05
373,1789132149.5289245,lr/pose_head.no_decay,1e-05
373,1789132149.5289245,pose/component_0,0.8337258100509644
373,1789132149.5289245,pose/component_1,0.046959251165390015
373,1789132149.5289245,pose/component_2,0.0021358716767281294
373,1789132149.5289245,pose/component_3,0.3958823084831238
373,1789132149.5289245,pose/component_4,0.0029584183357656
373,1789132149.5289245,pose/component_5,0.0
374,1789132149.723964,amp/overflow_retries,0.0
374,1789132149.723964,amp/scale,32.0
374,1789132149.723964,gradient/clipped_norm,355.2489318847656
374,1789132149.723964,images/detect,0.0
374,1789132149.723964,images/pose,16.0
374,1789132149.723964,loss/backward,63.918663024902344
374,1789132149.723964,loss/detect_mean,0.0
374,1789132149.723964,loss/joint_mean,0.9987291097640991
374,1789132149.723964,loss/pose_mean,0.9987291097640991
374,1789132149.723964,lr/attention.decay,0.0
374,1789132149.723964,lr/attention.no_decay,0.0
374,1789132149.723964,lr/backbone.decay,0.0
374,1789132149.723964,lr/backbone.no_decay,0.0
374,1789132149.723964,lr/detect_head.decay,0.0
374,1789132149.723964,lr/detect_head.no_decay,0.0
374,1789132149.723964,lr/neck.decay,0.0
374,1789132149.723964,lr/neck.no_decay,0.0
374,1789132149.723964,lr/pose_head.decay,9.999994450494186e-06
374,1789132149.723964,lr/pose_head.no_decay,9.999994450494186e-06
374,1789132149.723964,pose/component_0,0.6927879452705383
374,1789132149.723964,pose/component_1,0.06640514731407166
374,1789132149.723964,pose/component_2,0.044828444719314575
374,1789132149.723964,pose/component_3,0.3427724838256836
374,1789132149.723964,pose/component_4,0.002653671195730567
374,1789132149.723964,pose/component_5,0.0
375,1789132149.9182062,amp/overflow_retries,0.0
375,1789132149.9182062,amp/scale,32.0
375,1789132149.9182062,gradient/clipped_norm,317.24945068359375
375,1789132149.9182062,images/detect,0.0
375,1789132149.9182062,images/pose,16.0
375,1789132149.9182062,loss/backward,72.25847625732422
375,1789132149.9182062,loss/detect_mean,0.0
375,1789132149.9182062,loss/joint_mean,1.129038691520691
375,1789132149.9182062,loss/pose_mean,1.129038691520691
375,1789132149.9182062,lr/attention.decay,0.0
375,1789132149.9182062,lr/attention.no_decay,0.0
375,1789132149.9182062,lr/backbone.decay,0.0
375,1789132149.9182062,lr/backbone.no_decay,0.0
375,1789132149.9182062,lr/detect_head.decay,0.0
375,1789132149.9182062,lr/detect_head.no_decay,0.0
375,1789132149.9182062,lr/neck.decay,0.0
375,1789132149.9182062,lr/neck.no_decay,0.0
375,1789132149.9182062,lr/pose_head.decay,9.999977802001377e-06
375,1789132149.9182062,lr/pose_head.no_decay,9.999977802001377e-06
375,1789132149.9182062,pose/component_0,0.6899102926254272
375,1789132149.9182062,pose/component_1,0.04045771062374115
375,1789132149.9182062,pose/component_2,0.02297159843146801
375,1789132149.9182062,pose/component_3,0.48292747139930725
375,1789132149.9182062,pose/component_4,0.002228382509201765
375,1789132149.9182062,pose/component_5,0.0
376,1789132150.112872,amp/overflow_retries,0.0
376,1789132150.112872,amp/scale,32.0
376,1789132150.112872,gradient/clipped_norm,330.32757568359375
376,1789132150.112872,images/detect,0.0
376,1789132150.112872,images/pose,16.0
376,1789132150.112872,loss/backward,65.70513916015625
376,1789132150.112872,loss/detect_mean,0.0
376,1789132150.112872,loss/joint_mean,1.0266427993774414
376,1789132150.112872,loss/pose_mean,1.0266427993774414
376,1789132150.112872,lr/attention.decay,0.0
376,1789132150.112872,lr/attention.no_decay,0.0
376,1789132150.112872,lr/backbone.decay,0.0
376,1789132150.112872,lr/backbone.no_decay,0.0
376,1789132150.112872,lr/detect_head.decay,0.0
376,1789132150.112872,lr/detect_head.no_decay,0.0
376,1789132150.112872,lr/neck.decay,0.0
376,1789132150.112872,lr/neck.no_decay,0.0
376,1789132150.112872,lr/pose_head.decay,9.999950054595489e-06
376,1789132150.112872,lr/pose_head.no_decay,9.999950054595489e-06
376,1789132150.112872,pose/component_0,0.7529710531234741
376,1789132150.112872,pose/component_1,0.019080504775047302
376,1789132150.112872,pose/component_2,0.00598571402952075
376,1789132150.112872,pose/component_3,0.29526132345199585
376,1789132150.112872,pose/component_4,0.002277837134897709
376,1789132150.112872,pose/component_5,0.0
377,1789132150.3074298,amp/overflow_retries,0.0
377,1789132150.3074298,amp/scale,32.0
377,1789132150.3074298,gradient/clipped_norm,424.85736083984375
377,1789132150.3074298,images/detect,0.0
377,1789132150.3074298,images/pose,16.0
377,1789132150.3074298,loss/backward,81.02189636230469
377,1789132150.3074298,loss/detect_mean,0.0
377,1789132150.3074298,loss/joint_mean,1.2659671306610107
377,1789132150.3074298,loss/pose_mean,1.2659671306610107
377,1789132150.3074298,lr/attention.decay,0.0
377,1789132150.3074298,lr/attention.no_decay,0.0
377,1789132150.3074298,lr/backbone.decay,0.0
377,1789132150.3074298,lr/backbone.no_decay,0.0
377,1789132150.3074298,lr/detect_head.decay,0.0
377,1789132150.3074298,lr/detect_head.no_decay,0.0
377,1789132150.3074298,lr/neck.decay,0.0
377,1789132150.3074298,lr/neck.no_decay,0.0
377,1789132150.3074298,lr/pose_head.decay,9.99991120839971e-06
377,1789132150.3074298,lr/pose_head.no_decay,9.99991120839971e-06
377,1789132150.3074298,pose/component_0,0.8726614117622375
377,1789132150.3074298,pose/component_1,0.034917570650577545
377,1789132150.3074298,pose/component_2,0.0023332294076681137
377,1789132150.3074298,pose/component_3,0.4207746088504791
377,1789132150.3074298,pose/component_4,0.0021617612801492214
377,1789132150.3074298,pose/component_5,0.0
378,1789132150.5026085,amp/overflow_retries,0.0
378,1789132150.5026085,amp/scale,32.0
378,1789132150.5026085,gradient/clipped_norm,384.8591613769531
378,1789132150.5026085,images/detect,0.0
378,1789132150.5026085,images/pose,16.0
378,1789132150.5026085,loss/backward,71.1988525390625
378,1789132150.5026085,loss/detect_mean,0.0
378,1789132150.5026085,loss/joint_mean,1.1124820709228516
378,1789132150.5026085,loss/pose_mean,1.1124820709228516
378,1789132150.5026085,lr/attention.decay,0.0
378,1789132150.5026085,lr/attention.no_decay,0.0
378,1789132150.5026085,lr/backbone.decay,0.0
378,1789132150.5026085,lr/backbone.no_decay,0.0
378,1789132150.5026085,lr/detect_head.decay,0.0
378,1789132150.5026085,lr/detect_head.no_decay,0.0
378,1789132150.5026085,lr/neck.decay,0.0
378,1789132150.5026085,lr/neck.no_decay,0.0
378,1789132150.5026085,lr/pose_head.decay,9.9998612635865e-06
378,1789132150.5026085,lr/pose_head.no_decay,9.9998612635865e-06
378,1789132150.5026085,pose/component_0,0.7488596439361572
378,1789132150.5026085,pose/component_1,0.01011386327445507
378,1789132150.5026085,pose/component_2,0.0018237140029668808
378,1789132150.5026085,pose/component_3,0.2994890809059143
378,1789132150.5026085,pose/component_4,0.002243144903331995
378,1789132150.5026085,pose/component_5,0.0
379,1789132150.697628,amp/overflow_retries,0.0
379,1789132150.697628,amp/scale,32.0
379,1789132150.697628,gradient/clipped_norm,264.1615905761719
379,1789132150.697628,images/detect,0.0
379,1789132150.697628,images/pose,16.0
379,1789132150.697628,loss/backward,61.94074249267578
379,1789132150.697628,loss/detect_mean,0.0
379,1789132150.697628,loss/joint_mean,0.9678241014480591
379,1789132150.697628,loss/pose_mean,0.9678241014480591
379,1789132150.697628,lr/attention.decay,0.0
379,1789132150.697628,lr/attention.no_decay,0.0
379,1789132150.697628,lr/backbone.decay,0.0
379,1789132150.697628,lr/backbone.no_decay,0.0
379,1789132150.697628,lr/detect_head.decay,0.0
379,1789132150.697628,lr/detect_head.no_decay,0.0
379,1789132150.697628,lr/neck.decay,0.0
379,1789132150.697628,lr/neck.no_decay,0.0
379,1789132150.697628,lr/pose_head.decay,9.999800220377592e-06
379,1789132150.697628,lr/pose_head.no_decay,9.999800220377592e-06
379,1789132150.697628,pose/component_0,0.7242506742477417
379,1789132150.697628,pose/component_1,0.016320545226335526
379,1789132150.697628,pose/component_2,0.008858227171003819
379,1789132150.697628,pose/component_3,0.29381608963012695
379,1789132150.697628,pose/component_4,0.002604088746011257
379,1789132150.697628,pose/component_5,0.0
380,1789132150.8920496,amp/overflow_retries,0.0
380,1789132150.8920496,amp/scale,32.0
380,1789132150.8920496,gradient/clipped_norm,320.99542236328125
380,1789132150.8920496,images/detect,0.0
380,1789132150.8920496,images/pose,16.0
380,1789132150.8920496,loss/backward,70.92964935302734
380,1789132150.8920496,loss/detect_mean,0.0
380,1789132150.8920496,loss/joint_mean,1.1082757711410522
380,1789132150.8920496,loss/pose_mean,1.1082757711410522
380,1789132150.8920496,lr/attention.decay,0.0
380,1789132150.8920496,lr/attention.no_decay,0.0
380,1789132150.8920496,lr/backbone.decay,0.0
380,1789132150.8920496,lr/backbone.no_decay,0.0
380,1789132150.8920496,lr/detect_head.decay,0.0
380,1789132150.8920496,lr/detect_head.no_decay,0.0
380,1789132150.8920496,lr/neck.decay,0.0
380,1789132150.8920496,lr/neck.no_decay,0.0
380,1789132150.8920496,lr/pose_head.decay,9.999728079043998e-06
380,1789132150.8920496,lr/pose_head.no_decay,9.999728079043998e-06
380,1789132150.8920496,pose/component_0,0.6921452283859253
380,1789132150.8920496,pose/component_1,0.022873101755976677
380,1789132150.8920496,pose/component_2,0.007831708528101444
380,1789132150.8920496,pose/component_3,0.3855907618999481
380,1789132150.8920496,pose/component_4,0.002063262742012739
380,1789132150.8920496,pose/component_5,0.0
381,1789132151.0865443,amp/overflow_retries,0.0
381,1789132151.0865443,amp/scale,32.0
381,1789132151.0865443,gradient/clipped_norm,460.3303527832031
381,1789132151.0865443,images/detect,0.0
381,1789132151.0865443,images/pose,16.0
381,1789132151.0865443,loss/backward,88.53030395507812
381,1789132151.0865443,loss/detect_mean,0.0
381,1789132151.0865443,loss/joint_mean,1.3832859992980957
381,1789132151.0865443,loss/pose_mean,1.3832859992980957
381,1789132151.0865443,lr/attention.decay,0.0
381,1789132151.0865443,lr/attention.no_decay,0.0
381,1789132151.0865443,lr/backbone.decay,0.0
381,1789132151.0865443,lr/backbone.no_decay,0.0
381,1789132151.0865443,lr/detect_head.decay,0.0
381,1789132151.0865443,lr/detect_head.no_decay,0.0
381,1789132151.0865443,lr/neck.decay,0.0
381,1789132151.0865443,lr/neck.no_decay,0.0
381,1789132151.0865443,lr/pose_head.decay,9.999644839905994e-06
381,1789132151.0865443,lr/pose_head.no_decay,9.999644839905994e-06
381,1789132151.0865443,pose/component_0,0.8439785242080688
381,1789132151.0865443,pose/component_1,0.02236097678542137
381,1789132151.0865443,pose/component_2,0.07062363624572754
381,1789132151.0865443,pose/component_3,0.43426790833473206
381,1789132151.0865443,pose/component_4,0.002234810497611761
381,1789132151.0865443,pose/component_5,0.0
382,1789132151.282025,amp/overflow_retries,0.0
382,1789132151.282025,amp/scale,32.0
382,1789132151.282025,gradient/clipped_norm,251.54367065429688
382,1789132151.282025,images/detect,0.0
382,1789132151.282025,images/pose,16.0
382,1789132151.282025,loss/backward,77.59321594238281
382,1789132151.282025,loss/detect_mean,0.0
382,1789132151.282025,loss/joint_mean,1.2123939990997314
382,1789132151.282025,loss/pose_mean,1.2123939990997314
382,1789132151.282025,lr/attention.decay,0.0
382,1789132151.282025,lr/attention.no_decay,0.0
382,1789132151.282025,lr/backbone.decay,0.0
382,1789132151.282025,lr/backbone.no_decay,0.0
382,1789132151.282025,lr/detect_head.decay,0.0
382,1789132151.282025,lr/detect_head.no_decay,0.0
382,1789132151.282025,lr/neck.decay,0.0
382,1789132151.282025,lr/neck.no_decay,0.0
382,1789132151.282025,lr/pose_head.decay,9.999550503333132e-06
382,1789132151.282025,lr/pose_head.no_decay,9.999550503333132e-06
382,1789132151.282025,pose/component_0,0.9268986582756042
382,1789132151.282025,pose/component_1,0.11048860847949982
382,1789132151.282025,pose/component_2,0.0061692059971392155
382,1789132151.282025,pose/component_3,0.38151276111602783
382,1789132151.282025,pose/component_4,0.0024101429153233767
382,1789132151.282025,pose/component_5,0.0
383,1789132151.4784803,amp/overflow_retries,0.0
383,1789132151.4784803,amp/scale,32.0
383,1789132151.4784803,gradient/clipped_norm,288.9451599121094
383,1789132151.4784803,images/detect,0.0
383,1789132151.4784803,images/pose,16.0
383,1789132151.4784803,loss/backward,74.26004028320312
383,1789132151.4784803,loss/detect_mean,0.0
383,1789132151.4784803,loss/joint_mean,1.1603131294250488
383,1789132151.4784803,loss/pose_mean,1.1603131294250488
383,1789132151.4784803,lr/attention.decay,0.0
383,1789132151.4784803,lr/attention.no_decay,0.0
383,1789132151.4784803,lr/backbone.decay,0.0
383,1789132151.4784803,lr/backbone.no_decay,0.0
383,1789132151.4784803,lr/detect_head.decay,0.0
383,1789132151.4784803,lr/detect_head.no_decay,0.0
383,1789132151.4784803,lr/neck.decay,0.0
383,1789132151.4784803,lr/neck.no_decay,0.0
383,1789132151.4784803,lr/pose_head.decay,9.999445069744226e-06
383,1789132151.4784803,lr/pose_head.no_decay,9.999445069744226e-06
383,1789132151.4784803,pose/component_0,0.8860630989074707
383,1789132151.4784803,pose/component_1,0.01566234976053238
383,1789132151.4784803,pose/component_2,0.002482463140040636
383,1789132151.4784803,pose/component_3,0.4255318343639374
383,1789132151.4784803,pose/component_4,0.0023976045195013285
383,1789132151.4784803,pose/component_5,0.0
384,1789132151.6728876,amp/overflow_retries,0.0
384,1789132151.6728876,amp/scale,32.0
384,1789132151.6728876,gradient/clipped_norm,3402.97314453125
384,1789132151.6728876,images/detect,0.0
384,1789132151.6728876,images/pose,16.0
384,1789132151.6728876,loss/backward,116.80795288085938
384,1789132151.6728876,loss/detect_mean,0.0
384,1789132151.6728876,loss/joint_mean,1.8251242637634277
384,1789132151.6728876,loss/pose_mean,1.8251242637634277
384,1789132151.6728876,lr/attention.decay,0.0
384,1789132151.6728876,lr/attention.no_decay,0.0
384,1789132151.6728876,lr/backbone.decay,0.0
384,1789132151.6728876,lr/backbone.no_decay,0.0
384,1789132151.6728876,lr/detect_head.decay,0.0
384,1789132151.6728876,lr/detect_head.no_decay,0.0
384,1789132151.6728876,lr/neck.decay,0.0
384,1789132151.6728876,lr/neck.no_decay,0.0
384,1789132151.6728876,lr/pose_head.decay,9.99932853960736e-06
384,1789132151.6728876,lr/pose_head.no_decay,9.99932853960736e-06
384,1789132151.6728876,pose/component_0,0.8343437314033508
384,1789132151.6728876,pose/component_1,0.10028092563152313
384,1789132151.6728876,pose/component_2,0.05620567500591278
384,1789132151.6728876,pose/component_3,0.6351945400238037
384,1789132151.6728876,pose/component_4,0.002217371016740799
384,1789132151.6728876,pose/component_5,0.13906818628311157
385,1789132151.8676317,amp/overflow_retries,0.0
385,1789132151.8676317,amp/scale,32.0
385,1789132151.8676317,gradient/clipped_norm,647.9888916015625
385,1789132151.8676317,images/detect,0.0
385,1789132151.8676317,images/pose,16.0
385,1789132151.8676317,loss/backward,80.85863494873047
385,1789132151.8676317,loss/detect_mean,0.0
385,1789132151.8676317,loss/joint_mean,1.2634161710739136
385,1789132151.8676317,loss/pose_mean,1.2634161710739136
385,1789132151.8676317,lr/attention.decay,0.0
385,1789132151.8676317,lr/attention.no_decay,0.0
385,1789132151.8676317,lr/backbone.decay,0.0
385,1789132151.8676317,lr/backbone.no_decay,0.0
385,1789132151.8676317,lr/detect_head.decay,0.0
385,1789132151.8676317,lr/detect_head.no_decay,0.0
385,1789132151.8676317,lr/neck.decay,0.0
385,1789132151.8676317,lr/neck.no_decay,0.0
385,1789132151.8676317,lr/pose_head.decay,9.999200913439884e-06
385,1789132151.8676317,lr/pose_head.no_decay,9.999200913439884e-06
385,1789132151.8676317,pose/component_0,0.868618905544281
385,1789132151.8676317,pose/component_1,0.05491359159350395
385,1789132151.8676317,pose/component_2,0.0063180276192724705
385,1789132151.8676317,pose/component_3,0.30244916677474976
385,1789132151.8676317,pose/component_4,0.002019698265939951
385,1789132151.8676317,pose/component_5,0.0
386,1789132152.0618968,amp/overflow_retries,0.0
386,1789132152.0618968,amp/scale,32.0
386,1789132152.0618968,gradient/clipped_norm,287.5328063964844
386,1789132152.0618968,images/detect,0.0
386,1789132152.0618968,images/pose,16.0
386,1789132152.0618968,loss/backward,61.133262634277344
386,1789132152.0618968,loss/detect_mean,0.0
386,1789132152.0618968,loss/joint_mean,0.9552072286605835
386,1789132152.0618968,loss/pose_mean,0.9552072286605835
386,1789132152.0618968,lr/attention.decay,0.0
386,1789132152.0618968,lr/attention.no_decay,0.0
386,1789132152.0618968,lr/backbone.decay,0.0
386,1789132152.0618968,lr/backbone.no_decay,0.0
386,1789132152.0618968,lr/detect_head.decay,0.0
386,1789132152.0618968,lr/detect_head.no_decay,0.0
386,1789132152.0618968,lr/neck.decay,0.0
386,1789132152.0618968,lr/neck.no_decay,0.0
386,1789132152.0618968,lr/pose_head.decay,9.999062191808403e-06
386,1789132152.0618968,lr/pose_head.no_decay,9.999062191808403e-06
386,1789132152.0618968,pose/component_0,0.6750777959823608
386,1789132152.0618968,pose/component_1,0.009548335336148739
386,1789132152.0618968,pose/component_2,0.0027911257930099964
386,1789132152.0618968,pose/component_3,0.3172098398208618
386,1789132152.0618968,pose/component_4,0.0022525829263031483
386,1789132152.0618968,pose/component_5,0.0
387,1789132152.256323,amp/overflow_retries,0.0
387,1789132152.256323,amp/scale,32.0
387,1789132152.256323,gradient/clipped_norm,347.94781494140625
387,1789132152.256323,images/detect,0.0
387,1789132152.256323,images/pose,16.0
387,1789132152.256323,loss/backward,73.70674133300781
387,1789132152.256323,loss/detect_mean,0.0
387,1789132152.256323,loss/joint_mean,1.151667833328247
387,1789132152.256323,loss/pose_mean,1.151667833328247
387,1789132152.256323,lr/attention.decay,0.0
387,1789132152.256323,lr/attention.no_decay,0.0
387,1789132152.256323,lr/backbone.decay,0.0
387,1789132152.256323,lr/backbone.no_decay,0.0
387,1789132152.256323,lr/detect_head.decay,0.0
387,1789132152.256323,lr/detect_head.no_decay,0.0
387,1789132152.256323,lr/neck.decay,0.0
387,1789132152.256323,lr/neck.no_decay,0.0
387,1789132152.256323,lr/pose_head.decay,9.998912375328793e-06
387,1789132152.256323,lr/pose_head.no_decay,9.998912375328793e-06
387,1789132152.256323,pose/component_0,0.7365090250968933
387,1789132152.256323,pose/component_1,0.013072440400719643
387,1789132152.256323,pose/component_2,0.005902017466723919
387,1789132152.256323,pose/component_3,0.3471854031085968
387,1789132152.256323,pose/component_4,0.0023142918944358826
387,1789132152.256323,pose/component_5,0.0
388,1789132152.4507341,amp/overflow_retries,0.0
388,1789132152.4507341,amp/scale,32.0
388,1789132152.4507341,gradient/clipped_norm,2648.6513671875
388,1789132152.4507341,images/detect,0.0
388,1789132152.4507341,images/pose,16.0
388,1789132152.4507341,loss/backward,86.34521484375
388,1789132152.4507341,loss/detect_mean,0.0
388,1789132152.4507341,loss/joint_mean,1.3491439819335938
388,1789132152.4507341,loss/pose_mean,1.3491439819335938
388,1789132152.4507341,lr/attention.decay,0.0
388,1789132152.4507341,lr/attention.no_decay,0.0
388,1789132152.4507341,lr/backbone.decay,0.0
388,1789132152.4507341,lr/backbone.no_decay,0.0
388,1789132152.4507341,lr/detect_head.decay,0.0
388,1789132152.4507341,lr/detect_head.no_decay,0.0
388,1789132152.4507341,lr/neck.decay,0.0
388,1789132152.4507341,lr/neck.no_decay,0.0
388,1789132152.4507341,lr/pose_head.decay,9.998751464666174e-06
388,1789132152.4507341,lr/pose_head.no_decay,9.998751464666174e-06
388,1789132152.4507341,pose/component_0,0.8251826763153076
388,1789132152.4507341,pose/component_1,0.016247538849711418
388,1789132152.4507341,pose/component_2,0.004197364207357168
388,1789132152.4507341,pose/component_3,0.5285788774490356
388,1789132152.4507341,pose/component_4,0.002301695290952921
388,1789132152.4507341,pose/component_5,0.0
389,1789132152.645091,amp/overflow_retries,0.0
389,1789132152.645091,amp/scale,32.0
389,1789132152.645091,gradient/clipped_norm,2152.211181640625
389,1789132152.645091,images/detect,0.0
389,1789132152.645091,images/pose,16.0
389,1789132152.645091,loss/backward,79.7159194946289
389,1789132152.645091,loss/detect_mean,0.0
389,1789132152.645091,loss/joint_mean,1.2455612421035767
389,1789132152.645091,loss/pose_mean,1.2455612421035767
389,1789132152.645091,lr/attention.decay,0.0
389,1789132152.645091,lr/attention.no_decay,0.0
389,1789132152.645091,lr/backbone.decay,0.0
389,1789132152.645091,lr/backbone.no_decay,0.0
389,1789132152.645091,lr/detect_head.decay,0.0
389,1789132152.645091,lr/detect_head.no_decay,0.0
389,1789132152.645091,lr/neck.decay,0.0
389,1789132152.645091,lr/neck.no_decay,0.0
389,1789132152.645091,lr/pose_head.decay,9.99857946053493e-06
389,1789132152.645091,lr/pose_head.no_decay,9.99857946053493e-06
389,1789132152.645091,pose/component_0,0.7503870725631714
389,1789132152.645091,pose/component_1,0.02976502850651741
389,1789132152.645091,pose/component_2,0.031854044646024704
389,1789132152.645091,pose/component_3,0.4923690855503082
389,1789132152.645091,pose/component_4,0.002469330094754696
389,1789132152.645091,pose/component_5,0.0
390,1789132152.839464,amp/overflow_retries,0.0
390,1789132152.839464,amp/scale,32.0
390,1789132152.839464,gradient/clipped_norm,247.9698028564453
390,1789132152.839464,images/detect,0.0
390,1789132152.839464,images/pose,16.0
390,1789132152.839464,loss/backward,62.88230895996094
390,1789132152.839464,loss/detect_mean,0.0
390,1789132152.839464,loss/joint_mean,0.9825360774993896
390,1789132152.839464,loss/pose_mean,0.9825360774993896
390,1789132152.839464,lr/attention.decay,0.0
390,1789132152.839464,lr/attention.no_decay,0.0
390,1789132152.839464,lr/backbone.decay,0.0
390,1789132152.839464,lr/backbone.no_decay,0.0
390,1789132152.839464,lr/detect_head.decay,0.0
390,1789132152.839464,lr/detect_head.no_decay,0.0
390,1789132152.839464,lr/neck.decay,0.0
390,1789132152.839464,lr/neck.no_decay,0.0
390,1789132152.839464,lr/pose_head.decay,9.998396363698688e-06
390,1789132152.839464,lr/pose_head.no_decay,9.998396363698688e-06
390,1789132152.839464,pose/component_0,0.6607731580734253
390,1789132152.839464,pose/component_1,0.011930514127016068
390,1789132152.839464,pose/component_2,0.05929752066731453
390,1789132152.839464,pose/component_3,0.3587033450603485
390,1789132152.839464,pose/component_4,0.0023691332899034023
390,1789132152.839464,pose/component_5,0.0
391,1789132153.0339754,amp/overflow_retries,0.0
391,1789132153.0339754,amp/scale,32.0
391,1789132153.0339754,gradient/clipped_norm,305.97723388671875
391,1789132153.0339754,images/detect,0.0
391,1789132153.0339754,images/pose,16.0
391,1789132153.0339754,loss/backward,60.67600631713867
391,1789132153.0339754,loss/detect_mean,0.0
391,1789132153.0339754,loss/joint_mean,0.9480625987052917
391,1789132153.0339754,loss/pose_mean,0.9480625987052917
391,1789132153.0339754,lr/attention.decay,0.0
391,1789132153.0339754,lr/attention.no_decay,0.0
391,1789132153.0339754,lr/backbone.decay,0.0
391,1789132153.0339754,lr/backbone.no_decay,0.0
391,1789132153.0339754,lr/detect_head.decay,0.0
391,1789132153.0339754,lr/detect_head.no_decay,0.0
391,1789132153.0339754,lr/neck.decay,0.0
391,1789132153.0339754,lr/neck.no_decay,0.0
391,1789132153.0339754,lr/pose_head.decay,9.998202174970326e-06
391,1789132153.0339754,lr/pose_head.no_decay,9.998202174970326e-06
391,1789132153.0339754,pose/component_0,0.6741312742233276
391,1789132153.0339754,pose/component_1,0.02292654663324356
391,1789132153.0339754,pose/component_2,0.031235741451382637
391,1789132153.0339754,pose/component_3,0.21690534055233002
391,1789132153.0339754,pose/component_4,0.002060705330222845
391,1789132153.0339754,pose/component_5,0.0
392,1789132153.2282705,amp/overflow_retries,0.0
392,1789132153.2282705,amp/scale,32.0
392,1789132153.2282705,gradient/clipped_norm,3308.2841796875
392,1789132153.2282705,images/detect,0.0
392,1789132153.2282705,images/pose,16.0
392,1789132153.2282705,loss/backward,148.98431396484375
392,1789132153.2282705,loss/detect_mean,0.0
392,1789132153.2282705,loss/joint_mean,2.3278799057006836
392,1789132153.2282705,loss/pose_mean,2.3278799057006836
392,1789132153.2282705,lr/attention.decay,0.0
392,1789132153.2282705,lr/attention.no_decay,0.0
392,1789132153.2282705,lr/backbone.decay,0.0
392,1789132153.2282705,lr/backbone.no_decay,0.0
392,1789132153.2282705,lr/detect_head.decay,0.0
392,1789132153.2282705,lr/detect_head.no_decay,0.0
392,1789132153.2282705,lr/neck.decay,0.0
392,1789132153.2282705,lr/neck.no_decay,0.0
392,1789132153.2282705,lr/pose_head.decay,9.997996895211968e-06
392,1789132153.2282705,lr/pose_head.no_decay,9.997996895211968e-06
392,1789132153.2282705,pose/component_0,1.0719069242477417
392,1789132153.2282705,pose/component_1,0.03839494287967682
392,1789132153.2282705,pose/component_2,0.008298787288367748
392,1789132153.2282705,pose/component_3,0.5922266840934753
392,1789132153.2282705,pose/component_4,0.004480406176298857
392,1789132153.2282705,pose/component_5,0.3321467936038971
393,1789132153.4234488,amp/overflow_retries,0.0
393,1789132153.4234488,amp/scale,32.0
393,1789132153.4234488,gradient/clipped_norm,354.1576843261719
393,1789132153.4234488,images/detect,0.0
393,1789132153.4234488,images/pose,16.0
393,1789132153.4234488,loss/backward,93.08128356933594
393,1789132153.4234488,loss/detect_mean,0.0
393,1789132153.4234488,loss/joint_mean,1.454395055770874
393,1789132153.4234488,loss/pose_mean,1.454395055770874
393,1789132153.4234488,lr/attention.decay,0.0
393,1789132153.4234488,lr/attention.no_decay,0.0
393,1789132153.4234488,lr/backbone.decay,0.0
393,1789132153.4234488,lr/backbone.no_decay,0.0
393,1789132153.4234488,lr/detect_head.decay,0.0
393,1789132153.4234488,lr/detect_head.no_decay,0.0
393,1789132153.4234488,lr/neck.decay,0.0
393,1789132153.4234488,lr/neck.no_decay,0.0
393,1789132153.4234488,lr/pose_head.decay,9.997780525334972e-06
393,1789132153.4234488,lr/pose_head.no_decay,9.997780525334972e-06
393,1789132153.4234488,pose/component_0,0.9894074201583862
393,1789132153.4234488,pose/component_1,0.04012861102819443
393,1789132153.4234488,pose/component_2,0.043842997401952744
393,1789132153.4234488,pose/component_3,0.396759033203125
393,1789132153.4234488,pose/component_4,0.0032436400651931763
393,1789132153.4234488,pose/component_5,0.0
394,1789132153.618076,amp/overflow_retries,0.0
394,1789132153.618076,amp/scale,32.0
394,1789132153.618076,gradient/clipped_norm,302.41595458984375
394,1789132153.618076,images/detect,0.0
394,1789132153.618076,images/pose,16.0
394,1789132153.618076,loss/backward,67.77423858642578
394,1789132153.618076,loss/detect_mean,0.0
394,1789132153.618076,loss/joint_mean,1.0589724779129028
394,1789132153.618076,loss/pose_mean,1.0589724779129028
394,1789132153.618076,lr/attention.decay,0.0
394,1789132153.618076,lr/attention.no_decay,0.0
394,1789132153.618076,lr/backbone.decay,0.0
394,1789132153.618076,lr/backbone.no_decay,0.0
394,1789132153.618076,lr/detect_head.decay,0.0
394,1789132153.618076,lr/detect_head.no_decay,0.0
394,1789132153.618076,lr/neck.decay,0.0
394,1789132153.618076,lr/neck.no_decay,0.0
394,1789132153.618076,lr/pose_head.decay,9.997553066299934e-06
394,1789132153.618076,lr/pose_head.no_decay,9.997553066299934e-06
394,1789132153.618076,pose/component_0,0.6711699962615967
394,1789132153.618076,pose/component_1,0.005364537239074707
394,1789132153.618076,pose/component_2,0.08143407851457596
394,1789132153.618076,pose/component_3,0.32779163122177124
394,1789132153.618076,pose/component_4,0.0035178489051759243
394,1789132153.618076,pose/component_5,0.0
395,1789132153.8122807,amp/overflow_retries,0.0
395,1789132153.8122807,amp/scale,32.0
395,1789132153.8122807,gradient/clipped_norm,3277.26708984375
395,1789132153.8122807,images/detect,0.0
395,1789132153.8122807,images/pose,16.0
395,1789132153.8122807,loss/backward,139.32785034179688
395,1789132153.8122807,loss/detect_mean,0.0
395,1789132153.8122807,loss/joint_mean,2.176997661590576
395,1789132153.8122807,loss/pose_mean,2.176997661590576
395,1789132153.8122807,lr/attention.decay,0.0
395,1789132153.8122807,lr/attention.no_decay,0.0
395,1789132153.8122807,lr/backbone.decay,0.0
395,1789132153.8122807,lr/backbone.no_decay,0.0
395,1789132153.8122807,lr/detect_head.decay,0.0
395,1789132153.8122807,lr/detect_head.no_decay,0.0
395,1789132153.8122807,lr/neck.decay,0.0
395,1789132153.8122807,lr/neck.no_decay,0.0
395,1789132153.8122807,lr/pose_head.decay,9.997314519116686e-06
395,1789132153.8122807,lr/pose_head.no_decay,9.997314519116686e-06
395,1789132153.8122807,pose/component_0,1.0096206665039062
395,1789132153.8122807,pose/component_1,0.055115602910518646
395,1789132153.8122807,pose/component_2,0.010132740251719952
395,1789132153.8122807,pose/component_3,0.49841418862342834
395,1789132153.8122807,pose/component_4,0.003115565050393343
395,1789132153.8122807,pose/component_5,0.101315438747406
396,1789132154.006594,amp/overflow_retries,0.0
396,1789132154.006594,amp/scale,32.0
396,1789132154.006594,gradient/clipped_norm,367.185546875
396,1789132154.006594,images/detect,0.0
396,1789132154.006594,images/pose,16.0
396,1789132154.006594,loss/backward,68.96459197998047
396,1789132154.006594,loss/detect_mean,0.0
396,1789132154.006594,loss/joint_mean,1.0775717496871948
396,1789132154.006594,loss/pose_mean,1.0775717496871948
396,1789132154.006594,lr/attention.decay,0.0
396,1789132154.006594,lr/attention.no_decay,0.0
396,1789132154.006594,lr/backbone.decay,0.0
396,1789132154.006594,lr/backbone.no_decay,0.0
396,1789132154.006594,lr/detect_head.decay,0.0
396,1789132154.006594,lr/detect_head.no_decay,0.0
396,1789132154.006594,lr/neck.decay,0.0
396,1789132154.006594,lr/neck.no_decay,0.0
396,1789132154.006594,lr/pose_head.decay,9.99706488484428e-06
396,1789132154.006594,lr/pose_head.no_decay,9.99706488484428e-06
396,1789132154.006594,pose/component_0,0.7634639143943787
396,1789132154.006594,pose/component_1,0.024262581020593643
396,1789132154.006594,pose/component_2,0.0020784931257367134
396,1789132154.006594,pose/component_3,0.33903753757476807
396,1789132154.006594,pose/component_4,0.0021105336491018534
396,1789132154.006594,pose/component_5,0.0
397,1789132154.201002,amp/overflow_retries,0.0
397,1789132154.201002,amp/scale,32.0
397,1789132154.201002,gradient/clipped_norm,304.3023376464844
397,1789132154.201002,images/detect,0.0
397,1789132154.201002,images/pose,16.0
397,1789132154.201002,loss/backward,70.24773406982422
397,1789132154.201002,loss/detect_mean,0.0
397,1789132154.201002,loss/joint_mean,1.0976208448410034
397,1789132154.201002,loss/pose_mean,1.0976208448410034
397,1789132154.201002,lr/attention.decay,0.0
397,1789132154.201002,lr/attention.no_decay,0.0
397,1789132154.201002,lr/backbone.decay,0.0
397,1789132154.201002,lr/backbone.no_decay,0.0
397,1789132154.201002,lr/detect_head.decay,0.0
397,1789132154.201002,lr/detect_head.no_decay,0.0
397,1789132154.201002,lr/neck.decay,0.0
397,1789132154.201002,lr/neck.no_decay,0.0
397,1789132154.201002,lr/pose_head.decay,9.996804164590997e-06
397,1789132154.201002,lr/pose_head.no_decay,9.996804164590997e-06
397,1789132154.201002,pose/component_0,0.7689182162284851
397,1789132154.201002,pose/component_1,0.03310436010360718
397,1789132154.201002,pose/component_2,0.011472025886178017
397,1789132154.201002,pose/component_3,0.31820929050445557
397,1789132154.201002,pose/component_4,0.0019547082483768463
397,1789132154.201002,pose/component_5,0.0
398,1789132154.3959632,amp/overflow_retries,0.0
398,1789132154.3959632,amp/scale,32.0
398,1789132154.3959632,gradient/clipped_norm,441.51605224609375
398,1789132154.3959632,images/detect,0.0
398,1789132154.3959632,images/pose,16.0
398,1789132154.3959632,loss/backward,103.07786560058594
398,1789132154.3959632,loss/detect_mean,0.0
398,1789132154.3959632,loss/joint_mean,1.6105916500091553
398,1789132154.3959632,loss/pose_mean,1.6105916500091553
398,1789132154.3959632,lr/attention.decay,0.0
398,1789132154.3959632,lr/attention.no_decay,0.0
398,1789132154.3959632,lr/backbone.decay,0.0
398,1789132154.3959632,lr/backbone.no_decay,0.0
398,1789132154.3959632,lr/detect_head.decay,0.0
398,1789132154.3959632,lr/detect_head.no_decay,0.0
398,1789132154.3959632,lr/neck.decay,0.0
398,1789132154.3959632,lr/neck.no_decay,0.0
398,1789132154.3959632,lr/pose_head.decay,9.996532359514328e-06
398,1789132154.3959632,lr/pose_head.no_decay,9.996532359514328e-06
398,1789132154.3959632,pose/component_0,1.1059402227401733
398,1789132154.3959632,pose/component_1,0.10755026340484619
398,1789132154.3959632,pose/component_2,0.029904156923294067
398,1789132154.3959632,pose/component_3,0.5881166458129883
398,1789132154.3959632,pose/component_4,0.002338503021746874
398,1789132154.3959632,pose/component_5,0.0
399,1789132154.5911782,amp/overflow_retries,0.0
399,1789132154.5911782,amp/scale,32.0
399,1789132154.5911782,gradient/clipped_norm,376.0193176269531
399,1789132154.5911782,images/detect,0.0
399,1789132154.5911782,images/pose,16.0
399,1789132154.5911782,loss/backward,76.76739501953125
399,1789132154.5911782,loss/detect_mean,0.0
399,1789132154.5911782,loss/joint_mean,1.1994905471801758
399,1789132154.5911782,loss/pose_mean,1.1994905471801758
399,1789132154.5911782,lr/attention.decay,0.0
399,1789132154.5911782,lr/attention.no_decay,0.0
399,1789132154.5911782,lr/backbone.decay,0.0
399,1789132154.5911782,lr/backbone.no_decay,0.0
399,1789132154.5911782,lr/detect_head.decay,0.0
399,1789132154.5911782,lr/detect_head.no_decay,0.0
399,1789132154.5911782,lr/neck.decay,0.0
399,1789132154.5911782,lr/neck.no_decay,0.0
399,1789132154.5911782,lr/pose_head.decay,9.99624947082098e-06
399,1789132154.5911782,lr/pose_head.no_decay,9.99624947082098e-06
399,1789132154.5911782,pose/component_0,1.0185829401016235
399,1789132154.5911782,pose/component_1,0.035943370312452316
399,1789132154.5911782,pose/component_2,0.003102283924818039
399,1789132154.5911782,pose/component_3,0.33325961232185364
399,1789132154.5911782,pose/component_4,0.00222560646943748
399,1789132154.5911782,pose/component_5,0.0
400,1789132154.787155,amp/overflow_retries,0.0
400,1789132154.787155,amp/scale,32.0
400,1789132154.787155,gradient/clipped_norm,454.4957580566406
400,1789132154.787155,images/detect,0.0
400,1789132154.787155,images/pose,16.0
400,1789132154.787155,loss/backward,64.93312072753906
400,1789132154.787155,loss/detect_mean,0.0
400,1789132154.787155,loss/joint_mean,1.0145800113677979
400,1789132154.787155,loss/pose_mean,1.0145800113677979
400,1789132154.787155,lr/attention.decay,0.0
400,1789132154.787155,lr/attention.no_decay,0.0
400,1789132154.787155,lr/backbone.decay,0.0
400,1789132154.787155,lr/backbone.no_decay,0.0
400,1789132154.787155,lr/detect_head.decay,0.0
400,1789132154.787155,lr/detect_head.no_decay,0.0
400,1789132154.787155,lr/neck.decay,0.0
400,1789132154.787155,lr/neck.no_decay,0.0
400,1789132154.787155,lr/pose_head.decay,9.99595549976687e-06
400,1789132154.787155,lr/pose_head.no_decay,9.99595549976687e-06
400,1789132154.787155,pose/component_0,0.735265851020813
400,1789132154.787155,pose/component_1,0.014408065006136894
400,1789132154.787155,pose/component_2,0.0018729256698861718
400,1789132154.787155,pose/component_3,0.27199068665504456
400,1789132154.787155,pose/component_4,0.0031336883548647165
400,1789132154.787155,pose/component_5,0.0
401,1789132154.982187,amp/overflow_retries,0.0
401,1789132154.982187,amp/scale,32.0
401,1789132154.982187,gradient/clipped_norm,494.4197082519531
401,1789132154.982187,images/detect,0.0
401,1789132154.982187,images/pose,16.0
401,1789132154.982187,loss/backward,91.36026763916016
401,1789132154.982187,loss/detect_mean,0.0
401,1789132154.982187,loss/joint_mean,1.4275041818618774
401,1789132154.982187,loss/pose_mean,1.4275041818618774
401,1789132154.982187,lr/attention.decay,0.0
401,1789132154.982187,lr/attention.no_decay,0.0
401,1789132154.982187,lr/backbone.decay,0.0
401,1789132154.982187,lr/backbone.no_decay,0.0
401,1789132154.982187,lr/detect_head.decay,0.0
401,1789132154.982187,lr/detect_head.no_decay,0.0
401,1789132154.982187,lr/neck.decay,0.0
401,1789132154.982187,lr/neck.no_decay,0.0
401,1789132154.982187,lr/pose_head.decay,9.99565044765711e-06
401,1789132154.982187,lr/pose_head.no_decay,9.99565044765711e-06
401,1789132154.982187,pose/component_0,0.9130112528800964
401,1789132154.982187,pose/component_1,0.029639583081007004
401,1789132154.982187,pose/component_2,0.027347203344106674
401,1789132154.982187,pose/component_3,0.5257983207702637
401,1789132154.982187,pose/component_4,0.002589171752333641
401,1789132154.982187,pose/component_5,0.0
402,1789132155.1770647,amp/overflow_retries,0.0
402,1789132155.1770647,amp/scale,32.0
402,1789132155.1770647,gradient/clipped_norm,338.0853271484375
402,1789132155.1770647,images/detect,0.0
402,1789132155.1770647,images/pose,16.0
402,1789132155.1770647,loss/backward,54.9041748046875
402,1789132155.1770647,loss/detect_mean,0.0
402,1789132155.1770647,loss/joint_mean,0.8578777313232422
402,1789132155.1770647,loss/pose_mean,0.8578777313232422
402,1789132155.1770647,lr/attention.decay,0.0
402,1789132155.1770647,lr/attention.no_decay,0.0
402,1789132155.1770647,lr/backbone.decay,0.0
402,1789132155.1770647,lr/backbone.no_decay,0.0
402,1789132155.1770647,lr/detect_head.decay,0.0
402,1789132155.1770647,lr/detect_head.no_decay,0.0
402,1789132155.1770647,lr/neck.decay,0.0
402,1789132155.1770647,lr/neck.no_decay,0.0
402,1789132155.1770647,lr/pose_head.decay,9.995334315846015e-06
402,1789132155.1770647,lr/pose_head.no_decay,9.995334315846015e-06
402,1789132155.1770647,pose/component_0,0.6662614941596985
402,1789132155.1770647,pose/component_1,0.013768604025244713
402,1789132155.1770647,pose/component_2,0.005303828977048397
402,1789132155.1770647,pose/component_3,0.2387179732322693
402,1789132155.1770647,pose/component_4,0.002920764032751322
402,1789132155.1770647,pose/component_5,0.0
403,1789132155.3729796,amp/overflow_retries,0.0
403,1789132155.3729796,amp/scale,32.0
403,1789132155.3729796,gradient/clipped_norm,305.3741455078125
403,1789132155.3729796,images/detect,0.0
403,1789132155.3729796,images/pose,16.0
403,1789132155.3729796,loss/backward,98.61100006103516
403,1789132155.3729796,loss/detect_mean,0.0
403,1789132155.3729796,loss/joint_mean,1.5407968759536743
403,1789132155.3729796,loss/pose_mean,1.5407968759536743
403,1789132155.3729796,lr/attention.decay,0.0
403,1789132155.3729796,lr/attention.no_decay,0.0
403,1789132155.3729796,lr/backbone.decay,0.0
403,1789132155.3729796,lr/backbone.no_decay,0.0
403,1789132155.3729796,lr/detect_head.decay,0.0
403,1789132155.3729796,lr/detect_head.no_decay,0.0
403,1789132155.3729796,lr/neck.decay,0.0
403,1789132155.3729796,lr/neck.no_decay,0.0
403,1789132155.3729796,lr/pose_head.decay,9.995007105737082e-06
403,1789132155.3729796,lr/pose_head.no_decay,9.995007105737082e-06
403,1789132155.3729796,pose/component_0,1.0171834230422974
403,1789132155.3729796,pose/component_1,0.03415750339627266
403,1789132155.3729796,pose/component_2,0.0186968632042408
403,1789132155.3729796,pose/component_3,0.5234200358390808
403,1789132155.3729796,pose/component_4,0.0031392343807965517
403,1789132155.3729796,pose/component_5,0.0
404,1789132155.5675855,amp/overflow_retries,0.0
404,1789132155.5675855,amp/scale,32.0
404,1789132155.5675855,gradient/clipped_norm,258.48980712890625
404,1789132155.5675855,images/detect,0.0
404,1789132155.5675855,images/pose,16.0
404,1789132155.5675855,loss/backward,67.83860778808594
404,1789132155.5675855,loss/detect_mean,0.0
404,1789132155.5675855,loss/joint_mean,1.0599782466888428
404,1789132155.5675855,loss/pose_mean,1.0599782466888428
404,1789132155.5675855,lr/attention.decay,0.0
404,1789132155.5675855,lr/attention.no_decay,0.0
404,1789132155.5675855,lr/backbone.decay,0.0
404,1789132155.5675855,lr/backbone.no_decay,0.0
404,1789132155.5675855,lr/detect_head.decay,0.0
404,1789132155.5675855,lr/detect_head.no_decay,0.0
404,1789132155.5675855,lr/neck.decay,0.0
404,1789132155.5675855,lr/neck.no_decay,0.0
404,1789132155.5675855,lr/pose_head.decay,9.994668818782994e-06
404,1789132155.5675855,lr/pose_head.no_decay,9.994668818782994e-06
404,1789132155.5675855,pose/component_0,0.7686504125595093
404,1789132155.5675855,pose/component_1,0.009334873408079147
404,1789132155.5675855,pose/component_2,0.0028583179228007793
404,1789132155.5675855,pose/component_3,0.2665240168571472
404,1789132155.5675855,pose/component_4,0.001910680322907865
404,1789132155.5675855,pose/component_5,0.0
405,1789132155.7620978,amp/overflow_retries,0.0
405,1789132155.7620978,amp/scale,32.0
405,1789132155.7620978,gradient/clipped_norm,439.4364929199219
405,1789132155.7620978,images/detect,0.0
405,1789132155.7620978,images/pose,16.0
405,1789132155.7620978,loss/backward,59.498504638671875
405,1789132155.7620978,loss/detect_mean,0.0
405,1789132155.7620978,loss/joint_mean,0.929664134979248
405,1789132155.7620978,loss/pose_mean,0.929664134979248
405,1789132155.7620978,lr/attention.decay,0.0
405,1789132155.7620978,lr/attention.no_decay,0.0
405,1789132155.7620978,lr/backbone.decay,0.0
405,1789132155.7620978,lr/backbone.no_decay,0.0
405,1789132155.7620978,lr/detect_head.decay,0.0
405,1789132155.7620978,lr/detect_head.no_decay,0.0
405,1789132155.7620978,lr/neck.decay,0.0
405,1789132155.7620978,lr/neck.no_decay,0.0
405,1789132155.7620978,lr/pose_head.decay,9.994319456485614e-06
405,1789132155.7620978,lr/pose_head.no_decay,9.994319456485614e-06
405,1789132155.7620978,pose/component_0,0.6289524435997009
405,1789132155.7620978,pose/component_1,0.014430006965994835
405,1789132155.7620978,pose/component_2,0.010283508338034153
405,1789132155.7620978,pose/component_3,0.2542426288127899
405,1789132155.7620978,pose/component_4,0.0024217446334660053
405,1789132155.7620978,pose/component_5,0.0
406,1789132155.9571505,amp/overflow_retries,0.0
406,1789132155.9571505,amp/scale,32.0
406,1789132155.9571505,gradient/clipped_norm,415.478759765625
406,1789132155.9571505,images/detect,0.0
406,1789132155.9571505,images/pose,16.0
406,1789132155.9571505,loss/backward,74.9764633178711
406,1789132155.9571505,loss/detect_mean,0.0
406,1789132155.9571505,loss/joint_mean,1.1715072393417358
406,1789132155.9571505,loss/pose_mean,1.1715072393417358
406,1789132155.9571505,lr/attention.decay,0.0
406,1789132155.9571505,lr/attention.no_decay,0.0
406,1789132155.9571505,lr/backbone.decay,0.0
406,1789132155.9571505,lr/backbone.no_decay,0.0
406,1789132155.9571505,lr/detect_head.decay,0.0
406,1789132155.9571505,lr/detect_head.no_decay,0.0
406,1789132155.9571505,lr/neck.decay,0.0
406,1789132155.9571505,lr/neck.no_decay,0.0
406,1789132155.9571505,lr/pose_head.decay,9.99395902039597e-06
406,1789132155.9571505,lr/pose_head.no_decay,9.99395902039597e-06
406,1789132155.9571505,pose/component_0,0.7894256114959717
406,1789132155.9571505,pose/component_1,0.019974175840616226
406,1789132155.9571505,pose/component_2,0.024975566193461418
406,1789132155.9571505,pose/component_3,0.2915297746658325
406,1789132155.9571505,pose/component_4,0.0027874140068888664
406,1789132155.9571505,pose/component_5,0.0
407,1789132156.1516368,amp/overflow_retries,0.0
407,1789132156.1516368,amp/scale,32.0
407,1789132156.1516368,gradient/clipped_norm,2350.0830078125
407,1789132156.1516368,images/detect,0.0
407,1789132156.1516368,images/pose,16.0
407,1789132156.1516368,loss/backward,129.35806274414062
407,1789132156.1516368,loss/detect_mean,0.0
407,1789132156.1516368,loss/joint_mean,2.0212197303771973
407,1789132156.1516368,loss/pose_mean,2.0212197303771973
407,1789132156.1516368,lr/attention.decay,0.0
407,1789132156.1516368,lr/attention.no_decay,0.0
407,1789132156.1516368,lr/backbone.decay,0.0
407,1789132156.1516368,lr/backbone.no_decay,0.0
407,1789132156.1516368,lr/detect_head.decay,0.0
407,1789132156.1516368,lr/detect_head.no_decay,0.0
407,1789132156.1516368,lr/neck.decay,0.0
407,1789132156.1516368,lr/neck.no_decay,0.0
407,1789132156.1516368,lr/pose_head.decay,9.993587512114258e-06
407,1789132156.1516368,lr/pose_head.no_decay,9.993587512114258e-06
407,1789132156.1516368,pose/component_0,1.0518487691879272
407,1789132156.1516368,pose/component_1,0.07672959566116333
407,1789132156.1516368,pose/component_2,0.007455791812390089
407,1789132156.1516368,pose/component_3,0.35230422019958496
407,1789132156.1516368,pose/component_4,0.003610342275351286
407,1789132156.1516368,pose/component_5,0.0
408,1789132156.3461368,amp/overflow_retries,0.0
408,1789132156.3461368,amp/scale,32.0
408,1789132156.3461368,gradient/clipped_norm,274.3910827636719
408,1789132156.3461368,images/detect,0.0
408,1789132156.3461368,images/pose,16.0
408,1789132156.3461368,loss/backward,76.88878631591797
408,1789132156.3461368,loss/detect_mean,0.0
408,1789132156.3461368,loss/joint_mean,1.2013872861862183
408,1789132156.3461368,loss/pose_mean,1.2013872861862183
408,1789132156.3461368,lr/attention.decay,0.0
408,1789132156.3461368,lr/attention.no_decay,0.0
408,1789132156.3461368,lr/backbone.decay,0.0
408,1789132156.3461368,lr/backbone.no_decay,0.0
408,1789132156.3461368,lr/detect_head.decay,0.0
408,1789132156.3461368,lr/detect_head.no_decay,0.0
408,1789132156.3461368,lr/neck.decay,0.0
408,1789132156.3461368,lr/neck.no_decay,0.0
408,1789132156.3461368,lr/pose_head.decay,9.993204933289826e-06
408,1789132156.3461368,lr/pose_head.no_decay,9.993204933289826e-06
408,1789132156.3461368,pose/component_0,0.8969767093658447
408,1789132156.3461368,pose/component_1,0.013468793593347073
408,1789132156.3461368,pose/component_2,0.004924770910292864
408,1789132156.3461368,pose/component_3,0.3402763307094574
408,1789132156.3461368,pose/component_4,0.0027359372470527887
408,1789132156.3461368,pose/component_5,0.0
409,1789132156.5405574,amp/overflow_retries,0.0
409,1789132156.5405574,amp/scale,32.0
409,1789132156.5405574,gradient/clipped_norm,295.54608154296875
409,1789132156.5405574,images/detect,0.0
409,1789132156.5405574,images/pose,16.0
409,1789132156.5405574,loss/backward,69.38481140136719
409,1789132156.5405574,loss/detect_mean,0.0
409,1789132156.5405574,loss/joint_mean,1.0841376781463623
409,1789132156.5405574,loss/pose_mean,1.0841376781463623
409,1789132156.5405574,lr/attention.decay,0.0
409,1789132156.5405574,lr/attention.no_decay,0.0
409,1789132156.5405574,lr/backbone.decay,0.0
409,1789132156.5405574,lr/backbone.no_decay,0.0
409,1789132156.5405574,lr/detect_head.decay,0.0
409,1789132156.5405574,lr/detect_head.no_decay,0.0
409,1789132156.5405574,lr/neck.decay,0.0
409,1789132156.5405574,lr/neck.no_decay,0.0
409,1789132156.5405574,lr/pose_head.decay,9.992811285621174e-06
409,1789132156.5405574,lr/pose_head.no_decay,9.992811285621174e-06
409,1789132156.5405574,pose/component_0,0.7323735952377319
409,1789132156.5405574,pose/component_1,0.03252094238996506
409,1789132156.5405574,pose/component_2,0.0057343123480677605
409,1789132156.5405574,pose/component_3,0.4928925335407257
409,1789132156.5405574,pose/component_4,0.002626023255288601
409,1789132156.5405574,pose/component_5,0.0
410,1789132156.7357783,amp/overflow_retries,0.0
410,1789132156.7357783,amp/scale,32.0
410,1789132156.7357783,gradient/clipped_norm,319.4508972167969
410,1789132156.7357783,images/detect,0.0
410,1789132156.7357783,images/pose,16.0
410,1789132156.7357783,loss/backward,73.77157592773438
410,1789132156.7357783,loss/detect_mean,0.0
410,1789132156.7357783,loss/joint_mean,1.1526808738708496
410,1789132156.7357783,loss/pose_mean,1.1526808738708496
410,1789132156.7357783,lr/attention.decay,0.0
410,1789132156.7357783,lr/attention.no_decay,0.0
410,1789132156.7357783,lr/backbone.decay,0.0
410,1789132156.7357783,lr/backbone.no_decay,0.0
410,1789132156.7357783,lr/detect_head.decay,0.0
410,1789132156.7357783,lr/detect_head.no_decay,0.0
410,1789132156.7357783,lr/neck.decay,0.0
410,1789132156.7357783,lr/neck.no_decay,0.0
410,1789132156.7357783,lr/pose_head.decay,9.99240657085594e-06
410,1789132156.7357783,lr/pose_head.no_decay,9.99240657085594e-06
410,1789132156.7357783,pose/component_0,0.804859459400177
410,1789132156.7357783,pose/component_1,0.013531355187296867
410,1789132156.7357783,pose/component_2,0.02170591987669468
410,1789132156.7357783,pose/component_3,0.3401860296726227
410,1789132156.7357783,pose/component_4,0.002400975674390793
410,1789132156.7357783,pose/component_5,0.0
411,1789132156.9299998,amp/overflow_retries,0.0
411,1789132156.9299998,amp/scale,32.0
411,1789132156.9299998,gradient/clipped_norm,332.35662841796875
411,1789132156.9299998,images/detect,0.0
411,1789132156.9299998,images/pose,16.0
411,1789132156.9299998,loss/backward,79.01449584960938
411,1789132156.9299998,loss/detect_mean,0.0
411,1789132156.9299998,loss/joint_mean,1.2346014976501465
411,1789132156.9299998,loss/pose_mean,1.2346014976501465
411,1789132156.9299998,lr/attention.decay,0.0
411,1789132156.9299998,lr/attention.no_decay,0.0
411,1789132156.9299998,lr/backbone.decay,0.0
411,1789132156.9299998,lr/backbone.no_decay,0.0
411,1789132156.9299998,lr/detect_head.decay,0.0
411,1789132156.9299998,lr/detect_head.no_decay,0.0
411,1789132156.9299998,lr/neck.decay,0.0
411,1789132156.9299998,lr/neck.no_decay,0.0
411,1789132156.9299998,lr/pose_head.decay,9.9919907907909e-06
411,1789132156.9299998,lr/pose_head.no_decay,9.9919907907909e-06
411,1789132156.9299998,pose/component_0,0.9604058265686035
411,1789132156.9299998,pose/component_1,0.046957291662693024
411,1789132156.9299998,pose/component_2,0.0025139879435300827
411,1789132156.9299998,pose/component_3,0.3197813332080841
411,1789132156.9299998,pose/component_4,0.0025290411431342363
411,1789132156.9299998,pose/component_5,0.0
412,1789132157.125844,amp/overflow_retries,0.0
412,1789132157.125844,amp/scale,32.0
412,1789132157.125844,gradient/clipped_norm,248.9611358642578
412,1789132157.125844,images/detect,0.0
412,1789132157.125844,images/pose,16.0
412,1789132157.125844,loss/backward,66.02168273925781
412,1789132157.125844,loss/detect_mean,0.0
412,1789132157.125844,loss/joint_mean,1.0315887928009033
412,1789132157.125844,loss/pose_mean,1.0315887928009033
412,1789132157.125844,lr/attention.decay,0.0
412,1789132157.125844,lr/attention.no_decay,0.0
412,1789132157.125844,lr/backbone.decay,0.0
412,1789132157.125844,lr/backbone.no_decay,0.0
412,1789132157.125844,lr/detect_head.decay,0.0
412,1789132157.125844,lr/detect_head.no_decay,0.0
412,1789132157.125844,lr/neck.decay,0.0
412,1789132157.125844,lr/neck.no_decay,0.0
412,1789132157.125844,lr/pose_head.decay,9.991563947271953e-06
412,1789132157.125844,lr/pose_head.no_decay,9.991563947271953e-06
412,1789132157.125844,pose/component_0,0.622270941734314
412,1789132157.125844,pose/component_1,0.008627507835626602
412,1789132157.125844,pose/component_2,0.059008385986089706
412,1789132157.125844,pose/component_3,0.315705806016922
412,1789132157.125844,pose/component_4,0.00319022499024868
412,1789132157.125844,pose/component_5,0.0
413,1789132157.3215215,amp/overflow_retries,0.0
413,1789132157.3215215,amp/scale,32.0
413,1789132157.3215215,gradient/clipped_norm,2912.819091796875
413,1789132157.3215215,images/detect,0.0
413,1789132157.3215215,images/pose,16.0
413,1789132157.3215215,loss/backward,65.98423767089844
413,1789132157.3215215,loss/detect_mean,0.0
413,1789132157.3215215,loss/joint_mean,1.031003713607788
413,1789132157.3215215,loss/pose_mean,1.031003713607788
413,1789132157.3215215,lr/attention.decay,0.0
413,1789132157.3215215,lr/attention.no_decay,0.0
413,1789132157.3215215,lr/backbone.decay,0.0
413,1789132157.3215215,lr/backbone.no_decay,0.0
413,1789132157.3215215,lr/detect_head.decay,0.0
413,1789132157.3215215,lr/detect_head.no_decay,0.0
413,1789132157.3215215,lr/neck.decay,0.0
413,1789132157.3215215,lr/neck.no_decay,0.0
413,1789132157.3215215,lr/pose_head.decay,9.991126042194114e-06
413,1789132157.3215215,lr/pose_head.no_decay,9.991126042194114e-06
413,1789132157.3215215,pose/component_0,0.7002679109573364
413,1789132157.3215215,pose/component_1,0.024627652019262314
413,1789132157.3215215,pose/component_2,0.005235699005424976
413,1789132157.3215215,pose/component_3,0.3698645830154419
413,1789132157.3215215,pose/component_4,0.0039252969436347485
413,1789132157.3215215,pose/component_5,0.0
414,1789132157.516525,amp/overflow_retries,0.0
414,1789132157.516525,amp/scale,32.0
414,1789132157.516525,gradient/clipped_norm,3169.52490234375
414,1789132157.516525,images/detect,0.0
414,1789132157.516525,images/pose,16.0
414,1789132157.516525,loss/backward,96.23983764648438
414,1789132157.516525,loss/detect_mean,0.0
414,1789132157.516525,loss/joint_mean,1.5037474632263184
414,1789132157.516525,loss/pose_mean,1.5037474632263184
414,1789132157.516525,lr/attention.decay,0.0
414,1789132157.516525,lr/attention.no_decay,0.0
414,1789132157.516525,lr/backbone.decay,0.0
414,1789132157.516525,lr/backbone.no_decay,0.0
414,1789132157.516525,lr/detect_head.decay,0.0
414,1789132157.516525,lr/detect_head.no_decay,0.0
414,1789132157.516525,lr/neck.decay,0.0
414,1789132157.516525,lr/neck.no_decay,0.0
414,1789132157.516525,lr/pose_head.decay,9.990677077501508e-06
414,1789132157.516525,lr/pose_head.no_decay,9.990677077501508e-06
414,1789132157.516525,pose/component_0,0.9827187061309814
414,1789132157.516525,pose/component_1,0.03966176509857178
414,1789132157.516525,pose/component_2,0.0031390925869345665
414,1789132157.516525,pose/component_3,0.43458157777786255
414,1789132157.516525,pose/component_4,0.003124931827187538
414,1789132157.516525,pose/component_5,0.0
415,1789132157.7109745,amp/overflow_retries,0.0
415,1789132157.7109745,amp/scale,32.0
415,1789132157.7109745,gradient/clipped_norm,343.8973388671875
415,1789132157.7109745,images/detect,0.0
415,1789132157.7109745,images/pose,16.0
415,1789132157.7109745,loss/backward,59.33851623535156
415,1789132157.7109745,loss/detect_mean,0.0
415,1789132157.7109745,loss/joint_mean,0.9271643161773682
415,1789132157.7109745,loss/pose_mean,0.9271643161773682
415,1789132157.7109745,lr/attention.decay,0.0
415,1789132157.7109745,lr/attention.no_decay,0.0
415,1789132157.7109745,lr/backbone.decay,0.0
415,1789132157.7109745,lr/backbone.no_decay,0.0
415,1789132157.7109745,lr/detect_head.decay,0.0
415,1789132157.7109745,lr/detect_head.no_decay,0.0
415,1789132157.7109745,lr/neck.decay,0.0
415,1789132157.7109745,lr/neck.no_decay,0.0
415,1789132157.7109745,lr/pose_head.decay,9.990217055187364e-06
415,1789132157.7109745,lr/pose_head.no_decay,9.990217055187364e-06
415,1789132157.7109745,pose/component_0,0.5715131759643555
415,1789132157.7109745,pose/component_1,0.016206471249461174
415,1789132157.7109745,pose/component_2,0.006898825988173485
415,1789132157.7109745,pose/component_3,0.27895912528038025
415,1789132157.7109745,pose/component_4,0.0022716643288731575
415,1789132157.7109745,pose/component_5,0.0
416,1789132157.9058647,amp/overflow_retries,0.0
416,1789132157.9058647,amp/scale,32.0
416,1789132157.9058647,gradient/clipped_norm,372.58203125
416,1789132157.9058647,images/detect,0.0
416,1789132157.9058647,images/pose,16.0
416,1789132157.9058647,loss/backward,70.52011108398438
416,1789132157.9058647,loss/detect_mean,0.0
416,1789132157.9058647,loss/joint_mean,1.1018767356872559
416,1789132157.9058647,loss/pose_mean,1.1018767356872559
416,1789132157.9058647,lr/attention.decay,0.0
416,1789132157.9058647,lr/attention.no_decay,0.0
416,1789132157.9058647,lr/backbone.decay,0.0
416,1789132157.9058647,lr/backbone.no_decay,0.0
416,1789132157.9058647,lr/detect_head.decay,0.0
416,1789132157.9058647,lr/detect_head.no_decay,0.0
416,1789132157.9058647,lr/neck.decay,0.0
416,1789132157.9058647,lr/neck.no_decay,0.0
416,1789132157.9058647,lr/pose_head.decay,9.989745977293994e-06
416,1789132157.9058647,lr/pose_head.no_decay,9.989745977293994e-06
416,1789132157.9058647,pose/component_0,0.8100108504295349
416,1789132157.9058647,pose/component_1,0.021674714982509613
416,1789132157.9058647,pose/component_2,0.002360470360144973
416,1789132157.9058647,pose/component_3,0.32773980498313904
416,1789132157.9058647,pose/component_4,0.0019514963496476412
416,1789132157.9058647,pose/component_5,0.0
417,1789132158.1021163,amp/overflow_retries,0.0
417,1789132158.1021163,amp/scale,32.0
417,1789132158.1021163,gradient/clipped_norm,231.9782257080078
417,1789132158.1021163,images/detect,0.0
417,1789132158.1021163,images/pose,16.0
417,1789132158.1021163,loss/backward,50.8005485534668
417,1789132158.1021163,loss/detect_mean,0.0
417,1789132158.1021163,loss/joint_mean,0.7937585711479187
417,1789132158.1021163,loss/pose_mean,0.7937585711479187
417,1789132158.1021163,lr/attention.decay,0.0
417,1789132158.1021163,lr/attention.no_decay,0.0
417,1789132158.1021163,lr/backbone.decay,0.0
417,1789132158.1021163,lr/backbone.no_decay,0.0
417,1789132158.1021163,lr/detect_head.decay,0.0
417,1789132158.1021163,lr/detect_head.no_decay,0.0
417,1789132158.1021163,lr/neck.decay,0.0
417,1789132158.1021163,lr/neck.no_decay,0.0
417,1789132158.1021163,lr/pose_head.decay,9.989263845912802e-06
417,1789132158.1021163,lr/pose_head.no_decay,9.989263845912802e-06
417,1789132158.1021163,pose/component_0,0.5155500173568726
417,1789132158.1021163,pose/component_1,0.01075814850628376
417,1789132158.1021163,pose/component_2,0.005572608206421137
417,1789132158.1021163,pose/component_3,0.22525078058242798
417,1789132158.1021163,pose/component_4,0.0020879562944173813
417,1789132158.1021163,pose/component_5,0.0
418,1789132158.2977655,amp/overflow_retries,0.0
418,1789132158.2977655,amp/scale,32.0
418,1789132158.2977655,gradient/clipped_norm,395.5238952636719
418,1789132158.2977655,images/detect,0.0
418,1789132158.2977655,images/pose,16.0
418,1789132158.2977655,loss/backward,84.14179992675781
418,1789132158.2977655,loss/detect_mean,0.0
418,1789132158.2977655,loss/joint_mean,1.3147156238555908
418,1789132158.2977655,loss/pose_mean,1.3147156238555908
418,1789132158.2977655,lr/attention.decay,0.0
418,1789132158.2977655,lr/attention.no_decay,0.0
418,1789132158.2977655,lr/backbone.decay,0.0
418,1789132158.2977655,lr/backbone.no_decay,0.0
418,1789132158.2977655,lr/detect_head.decay,0.0
418,1789132158.2977655,lr/detect_head.no_decay,0.0
418,1789132158.2977655,lr/neck.decay,0.0
418,1789132158.2977655,lr/neck.no_decay,0.0
418,1789132158.2977655,lr/pose_head.decay,9.98877066318426e-06
418,1789132158.2977655,lr/pose_head.no_decay,9.98877066318426e-06
418,1789132158.2977655,pose/component_0,0.923646092414856
418,1789132158.2977655,pose/component_1,0.02114829048514366
418,1789132158.2977655,pose/component_2,0.015216514468193054
418,1789132158.2977655,pose/component_3,0.5168579816818237
418,1789132158.2977655,pose/component_4,0.0032020211219787598
418,1789132158.2977655,pose/component_5,0.0
419,1789132158.493156,amp/overflow_retries,0.0
419,1789132158.493156,amp/scale,32.0
419,1789132158.493156,gradient/clipped_norm,338.2143249511719
419,1789132158.493156,images/detect,0.0
419,1789132158.493156,images/pose,16.0
419,1789132158.493156,loss/backward,73.32501220703125
419,1789132158.493156,loss/detect_mean,0.0
419,1789132158.493156,loss/joint_mean,1.1457033157348633
419,1789132158.493156,loss/pose_mean,1.1457033157348633
419,1789132158.493156,lr/attention.decay,0.0
419,1789132158.493156,lr/attention.no_decay,0.0
419,1789132158.493156,lr/backbone.decay,0.0
419,1789132158.493156,lr/backbone.no_decay,0.0
419,1789132158.493156,lr/detect_head.decay,0.0
419,1789132158.493156,lr/detect_head.no_decay,0.0
419,1789132158.493156,lr/neck.decay,0.0
419,1789132158.493156,lr/neck.no_decay,0.0
419,1789132158.493156,lr/pose_head.decay,9.988266431297904e-06
419,1789132158.493156,lr/pose_head.no_decay,9.988266431297904e-06
419,1789132158.493156,pose/component_0,0.7949309945106506
419,1789132158.493156,pose/component_1,0.024923015385866165
419,1789132158.493156,pose/component_2,0.023674359545111656
419,1789132158.493156,pose/component_3,0.36361417174339294
419,1789132158.493156,pose/component_4,0.0032880865037441254
419,1789132158.493156,pose/component_5,0.0
420,1789132158.6876261,amp/overflow_retries,0.0
420,1789132158.6876261,amp/scale,32.0
420,1789132158.6876261,gradient/clipped_norm,324.0335998535156
420,1789132158.6876261,images/detect,0.0
420,1789132158.6876261,images/pose,16.0
420,1789132158.6876261,loss/backward,74.96250915527344
420,1789132158.6876261,loss/detect_mean,0.0
420,1789132158.6876261,loss/joint_mean,1.1712892055511475
420,1789132158.6876261,loss/pose_mean,1.1712892055511475
420,1789132158.6876261,lr/attention.decay,0.0
420,1789132158.6876261,lr/attention.no_decay,0.0
420,1789132158.6876261,lr/backbone.decay,0.0
420,1789132158.6876261,lr/backbone.no_decay,0.0
420,1789132158.6876261,lr/detect_head.decay,0.0
420,1789132158.6876261,lr/detect_head.no_decay,0.0
420,1789132158.6876261,lr/neck.decay,0.0
420,1789132158.6876261,lr/neck.no_decay,0.0
420,1789132158.6876261,lr/pose_head.decay,9.987751152492323e-06
420,1789132158.6876261,lr/pose_head.no_decay,9.987751152492323e-06
420,1789132158.6876261,pose/component_0,0.7666705846786499
420,1789132158.6876261,pose/component_1,0.016113556921482086
420,1789132158.6876261,pose/component_2,0.005392791703343391
420,1789132158.6876261,pose/component_3,0.3311057686805725
420,1789132158.6876261,pose/component_4,0.0022957350593060255
420,1789132158.6876261,pose/component_5,0.0
421,1789132158.8823886,amp/overflow_retries,0.0
421,1789132158.8823886,amp/scale,32.0
421,1789132158.8823886,gradient/clipped_norm,2355.1796875
421,1789132158.8823886,images/detect,0.0
421,1789132158.8823886,images/pose,16.0
421,1789132158.8823886,loss/backward,94.97073364257812
421,1789132158.8823886,loss/detect_mean,0.0
421,1789132158.8823886,loss/joint_mean,1.4839177131652832
421,1789132158.8823886,loss/pose_mean,1.4839177131652832
421,1789132158.8823886,lr/attention.decay,0.0
421,1789132158.8823886,lr/attention.no_decay,0.0
421,1789132158.8823886,lr/backbone.decay,0.0
421,1789132158.8823886,lr/backbone.no_decay,0.0
421,1789132158.8823886,lr/detect_head.decay,0.0
421,1789132158.8823886,lr/detect_head.no_decay,0.0
421,1789132158.8823886,lr/neck.decay,0.0
421,1789132158.8823886,lr/neck.no_decay,0.0
421,1789132158.8823886,lr/pose_head.decay,9.987224829055151e-06
421,1789132158.8823886,lr/pose_head.no_decay,9.987224829055151e-06
421,1789132158.8823886,pose/component_0,0.8912489414215088
421,1789132158.8823886,pose/component_1,0.03303199261426926
421,1789132158.8823886,pose/component_2,0.017725368961691856
421,1789132158.8823886,pose/component_3,0.6114217638969421
421,1789132158.8823886,pose/component_4,0.004614855628460646
421,1789132158.8823886,pose/component_5,0.0
422,1789132159.077523,amp/overflow_retries,0.0
422,1789132159.077523,amp/scale,32.0
422,1789132159.077523,gradient/clipped_norm,407.80340576171875
422,1789132159.077523,images/detect,0.0
422,1789132159.077523,images/pose,16.0
422,1789132159.077523,loss/backward,98.23190307617188
422,1789132159.077523,loss/detect_mean,0.0
422,1789132159.077523,loss/joint_mean,1.5348734855651855
422,1789132159.077523,loss/pose_mean,1.5348734855651855
422,1789132159.077523,lr/attention.decay,0.0
422,1789132159.077523,lr/attention.no_decay,0.0
422,1789132159.077523,lr/backbone.decay,0.0
422,1789132159.077523,lr/backbone.no_decay,0.0
422,1789132159.077523,lr/detect_head.decay,0.0
422,1789132159.077523,lr/detect_head.no_decay,0.0
422,1789132159.077523,lr/neck.decay,0.0
422,1789132159.077523,lr/neck.no_decay,0.0
422,1789132159.077523,lr/pose_head.decay,9.98668746332306e-06
422,1789132159.077523,lr/pose_head.no_decay,9.98668746332306e-06
422,1789132159.077523,pose/component_0,1.0445550680160522
422,1789132159.077523,pose/component_1,0.020815730094909668
422,1789132159.077523,pose/component_2,0.056886814534664154
422,1789132159.077523,pose/component_3,0.44400495290756226
422,1789132159.077523,pose/component_4,0.004188732709735632
422,1789132159.077523,pose/component_5,0.0
423,1789132159.2730048,amp/overflow_retries,0.0
423,1789132159.2730048,amp/scale,32.0
423,1789132159.2730048,gradient/clipped_norm,493.57562255859375
423,1789132159.2730048,images/detect,0.0
423,1789132159.2730048,images/pose,16.0
423,1789132159.2730048,loss/backward,79.34603881835938
423,1789132159.2730048,loss/detect_mean,0.0
423,1789132159.2730048,loss/joint_mean,1.2397818565368652
423,1789132159.2730048,loss/pose_mean,1.2397818565368652
423,1789132159.2730048,lr/attention.decay,0.0
423,1789132159.2730048,lr/attention.no_decay,0.0
423,1789132159.2730048,lr/backbone.decay,0.0
423,1789132159.2730048,lr/backbone.no_decay,0.0
423,1789132159.2730048,lr/detect_head.decay,0.0
423,1789132159.2730048,lr/detect_head.no_decay,0.0
423,1789132159.2730048,lr/neck.decay,0.0
423,1789132159.2730048,lr/neck.no_decay,0.0
423,1789132159.2730048,lr/pose_head.decay,9.986139057681735e-06
423,1789132159.2730048,lr/pose_head.no_decay,9.986139057681735e-06
423,1789132159.2730048,pose/component_0,0.8932546973228455
423,1789132159.2730048,pose/component_1,0.022709647193551064
423,1789132159.2730048,pose/component_2,0.028203988447785378
423,1789132159.2730048,pose/component_3,0.3677402138710022
423,1789132159.2730048,pose/component_4,0.0026885170955210924
423,1789132159.2730048,pose/component_5,0.0
424,1789132159.4677963,amp/overflow_retries,0.0
424,1789132159.4677963,amp/scale,32.0
424,1789132159.4677963,gradient/clipped_norm,284.0372619628906
424,1789132159.4677963,images/detect,0.0
424,1789132159.4677963,images/pose,16.0
424,1789132159.4677963,loss/backward,70.53585815429688
424,1789132159.4677963,loss/detect_mean,0.0
424,1789132159.4677963,loss/joint_mean,1.1021227836608887
424,1789132159.4677963,loss/pose_mean,1.1021227836608887
424,1789132159.4677963,lr/attention.decay,0.0
424,1789132159.4677963,lr/attention.no_decay,0.0
424,1789132159.4677963,lr/backbone.decay,0.0
424,1789132159.4677963,lr/backbone.no_decay,0.0
424,1789132159.4677963,lr/detect_head.decay,0.0
424,1789132159.4677963,lr/detect_head.no_decay,0.0
424,1789132159.4677963,lr/neck.decay,0.0
424,1789132159.4677963,lr/neck.no_decay,0.0
424,1789132159.4677963,lr/pose_head.decay,9.985579614565885e-06
424,1789132159.4677963,lr/pose_head.no_decay,9.985579614565885e-06
424,1789132159.4677963,pose/component_0,0.8062223792076111
424,1789132159.4677963,pose/component_1,0.01207913551479578
424,1789132159.4677963,pose/component_2,0.0018552711699157953
424,1789132159.4677963,pose/component_3,0.310089647769928
424,1789132159.4677963,pose/component_4,0.0021135127171874046
424,1789132159.4677963,pose/component_5,0.0
425,1789132159.6631458,amp/overflow_retries,0.0
425,1789132159.6631458,amp/scale,32.0
425,1789132159.6631458,gradient/clipped_norm,357.1349182128906
425,1789132159.6631458,images/detect,0.0
425,1789132159.6631458,images/pose,16.0
425,1789132159.6631458,loss/backward,82.73684692382812
425,1789132159.6631458,loss/detect_mean,0.0
425,1789132159.6631458,loss/joint_mean,1.2927632331848145
425,1789132159.6631458,loss/pose_mean,1.2927632331848145
425,1789132159.6631458,lr/attention.decay,0.0
425,1789132159.6631458,lr/attention.no_decay,0.0
425,1789132159.6631458,lr/backbone.decay,0.0
425,1789132159.6631458,lr/backbone.no_decay,0.0
425,1789132159.6631458,lr/detect_head.decay,0.0
425,1789132159.6631458,lr/detect_head.no_decay,0.0
425,1789132159.6631458,lr/neck.decay,0.0
425,1789132159.6631458,lr/neck.no_decay,0.0
425,1789132159.6631458,lr/pose_head.decay,9.985009136459217e-06
425,1789132159.6631458,lr/pose_head.no_decay,9.985009136459217e-06
425,1789132159.6631458,pose/component_0,0.7973885536193848
425,1789132159.6631458,pose/component_1,0.08828255534172058
425,1789132159.6631458,pose/component_2,0.006641795858740807
425,1789132159.6631458,pose/component_3,0.536785364151001
425,1789132159.6631458,pose/component_4,0.001991773024201393
425,1789132159.6631458,pose/component_5,0.0
426,1789132159.8577282,amp/overflow_retries,0.0
426,1789132159.8577282,amp/scale,32.0
426,1789132159.8577282,gradient/clipped_norm,316.4355163574219
426,1789132159.8577282,images/detect,0.0
426,1789132159.8577282,images/pose,16.0
426,1789132159.8577282,loss/backward,83.39222717285156
426,1789132159.8577282,loss/detect_mean,0.0
426,1789132159.8577282,loss/joint_mean,1.3030035495758057
426,1789132159.8577282,loss/pose_mean,1.3030035495758057
426,1789132159.8577282,lr/attention.decay,0.0
426,1789132159.8577282,lr/attention.no_decay,0.0
426,1789132159.8577282,lr/backbone.decay,0.0
426,1789132159.8577282,lr/backbone.no_decay,0.0
426,1789132159.8577282,lr/detect_head.decay,0.0
426,1789132159.8577282,lr/detect_head.no_decay,0.0
426,1789132159.8577282,lr/neck.decay,0.0
426,1789132159.8577282,lr/neck.no_decay,0.0
426,1789132159.8577282,lr/pose_head.decay,9.984427625894423e-06
426,1789132159.8577282,lr/pose_head.no_decay,9.984427625894423e-06
426,1789132159.8577282,pose/component_0,0.9073801040649414
426,1789132159.8577282,pose/component_1,0.014307914301753044
426,1789132159.8577282,pose/component_2,0.014845848083496094
426,1789132159.8577282,pose/component_3,0.3886643052101135
426,1789132159.8577282,pose/component_4,0.0026503109838813543
426,1789132159.8577282,pose/component_5,0.0
427,1789132160.0522144,amp/overflow_retries,0.0
427,1789132160.0522144,amp/scale,32.0
427,1789132160.0522144,gradient/clipped_norm,432.1133117675781
427,1789132160.0522144,images/detect,0.0
427,1789132160.0522144,images/pose,16.0
427,1789132160.0522144,loss/backward,60.725257873535156
427,1789132160.0522144,loss/detect_mean,0.0
427,1789132160.0522144,loss/joint_mean,0.9488321542739868
427,1789132160.0522144,loss/pose_mean,0.9488321542739868
427,1789132160.0522144,lr/attention.decay,0.0
427,1789132160.0522144,lr/attention.no_decay,0.0
427,1789132160.0522144,lr/backbone.decay,0.0
427,1789132160.0522144,lr/backbone.no_decay,0.0
427,1789132160.0522144,lr/detect_head.decay,0.0
427,1789132160.0522144,lr/detect_head.no_decay,0.0
427,1789132160.0522144,lr/neck.decay,0.0
427,1789132160.0522144,lr/neck.no_decay,0.0
427,1789132160.0522144,lr/pose_head.decay,9.983835085453185e-06
427,1789132160.0522144,lr/pose_head.no_decay,9.983835085453185e-06
427,1789132160.0522144,pose/component_0,0.6597442030906677
427,1789132160.0522144,pose/component_1,0.026039449498057365
427,1789132160.0522144,pose/component_2,0.011423432268202305
427,1789132160.0522144,pose/component_3,0.2582913339138031
427,1789132160.0522144,pose/component_4,0.002663645427674055
427,1789132160.0522144,pose/component_5,0.0
428,1789132160.246935,amp/overflow_retries,0.0
428,1789132160.246935,amp/scale,32.0
428,1789132160.246935,gradient/clipped_norm,370.6755676269531
428,1789132160.246935,images/detect,0.0
428,1789132160.246935,images/pose,16.0
428,1789132160.246935,loss/backward,72.18004608154297
428,1789132160.246935,loss/detect_mean,0.0
428,1789132160.246935,loss/joint_mean,1.1278132200241089
428,1789132160.246935,loss/pose_mean,1.1278132200241089
428,1789132160.246935,lr/attention.decay,0.0
428,1789132160.246935,lr/attention.no_decay,0.0
428,1789132160.246935,lr/backbone.decay,0.0
428,1789132160.246935,lr/backbone.no_decay,0.0
428,1789132160.246935,lr/detect_head.decay,0.0
428,1789132160.246935,lr/detect_head.no_decay,0.0
428,1789132160.246935,lr/neck.decay,0.0
428,1789132160.246935,lr/neck.no_decay,0.0
428,1789132160.246935,lr/pose_head.decay,9.983231517766146e-06
428,1789132160.246935,lr/pose_head.no_decay,9.983231517766146e-06
428,1789132160.246935,pose/component_0,0.7039596438407898
428,1789132160.246935,pose/component_1,0.010827135294675827
428,1789132160.246935,pose/component_2,0.044214148074388504
428,1789132160.246935,pose/component_3,0.3649351894855499
428,1789132160.246935,pose/component_4,0.001982578309252858
428,1789132160.246935,pose/component_5,0.0
429,1789132160.4421577,amp/overflow_retries,0.0
429,1789132160.4421577,amp/scale,32.0
429,1789132160.4421577,gradient/clipped_norm,341.57373046875
429,1789132160.4421577,images/detect,0.0
429,1789132160.4421577,images/pose,16.0
429,1789132160.4421577,loss/backward,77.19477844238281
429,1789132160.4421577,loss/detect_mean,0.0
429,1789132160.4421577,loss/joint_mean,1.2061684131622314
429,1789132160.4421577,loss/pose_mean,1.2061684131622314
429,1789132160.4421577,lr/attention.decay,0.0
429,1789132160.4421577,lr/attention.no_decay,0.0
429,1789132160.4421577,lr/backbone.decay,0.0
429,1789132160.4421577,lr/backbone.no_decay,0.0
429,1789132160.4421577,lr/detect_head.decay,0.0
429,1789132160.4421577,lr/detect_head.no_decay,0.0
429,1789132160.4421577,lr/neck.decay,0.0
429,1789132160.4421577,lr/neck.no_decay,0.0
429,1789132160.4421577,lr/pose_head.decay,9.982616925512908e-06
429,1789132160.4421577,lr/pose_head.no_decay,9.982616925512908e-06
429,1789132160.4421577,pose/component_0,0.7852404117584229
429,1789132160.4421577,pose/component_1,0.027817821130156517
429,1789132160.4421577,pose/component_2,0.003438467625528574
429,1789132160.4421577,pose/component_3,0.3168424367904663
429,1789132160.4421577,pose/component_4,0.0019849517848342657
429,1789132160.4421577,pose/component_5,0.0
430,1789132160.6369455,amp/overflow_retries,0.0
430,1789132160.6369455,amp/scale,32.0
430,1789132160.6369455,gradient/clipped_norm,268.2071228027344
430,1789132160.6369455,images/detect,0.0
430,1789132160.6369455,images/pose,16.0
430,1789132160.6369455,loss/backward,60.866058349609375
430,1789132160.6369455,loss/detect_mean,0.0
430,1789132160.6369455,loss/joint_mean,0.9510321617126465
430,1789132160.6369455,loss/pose_mean,0.9510321617126465
430,1789132160.6369455,lr/attention.decay,0.0
430,1789132160.6369455,lr/attention.no_decay,0.0
430,1789132160.6369455,lr/backbone.decay,0.0
430,1789132160.6369455,lr/backbone.no_decay,0.0
430,1789132160.6369455,lr/detect_head.decay,0.0
430,1789132160.6369455,lr/detect_head.no_decay,0.0
430,1789132160.6369455,lr/neck.decay,0.0
430,1789132160.6369455,lr/neck.no_decay,0.0
430,1789132160.6369455,lr/pose_head.decay,9.98199131142202e-06
430,1789132160.6369455,lr/pose_head.no_decay,9.98199131142202e-06
430,1789132160.6369455,pose/component_0,0.7513031959533691
430,1789132160.6369455,pose/component_1,0.024974852800369263
430,1789132160.6369455,pose/component_2,0.0016772173112258315
430,1789132160.6369455,pose/component_3,0.2674122452735901
430,1789132160.6369455,pose/component_4,0.005463545676320791
430,1789132160.6369455,pose/component_5,0.0
431,1789132160.8315272,amp/overflow_retries,0.0
431,1789132160.8315272,amp/scale,32.0
431,1789132160.8315272,gradient/clipped_norm,322.8877258300781
431,1789132160.8315272,images/detect,0.0
431,1789132160.8315272,images/pose,16.0
431,1789132160.8315272,loss/backward,79.85958862304688
431,1789132160.8315272,loss/detect_mean,0.0
431,1789132160.8315272,loss/joint_mean,1.2478060722351074
431,1789132160.8315272,loss/pose_mean,1.2478060722351074
431,1789132160.8315272,lr/attention.decay,0.0
431,1789132160.8315272,lr/attention.no_decay,0.0
431,1789132160.8315272,lr/backbone.decay,0.0
431,1789132160.8315272,lr/backbone.no_decay,0.0
431,1789132160.8315272,lr/detect_head.decay,0.0
431,1789132160.8315272,lr/detect_head.no_decay,0.0
431,1789132160.8315272,lr/neck.decay,0.0
431,1789132160.8315272,lr/neck.no_decay,0.0
431,1789132160.8315272,lr/pose_head.decay,9.981354678270956e-06
431,1789132160.8315272,lr/pose_head.no_decay,9.981354678270956e-06
431,1789132160.8315272,pose/component_0,0.9057468771934509
431,1789132160.8315272,pose/component_1,0.01239229366183281
431,1789132160.8315272,pose/component_2,0.004070328548550606
431,1789132160.8315272,pose/component_3,0.32865872979164124
431,1789132160.8315272,pose/component_4,0.00345661211758852
431,1789132160.8315272,pose/component_5,0.0
432,1789132161.0261347,amp/overflow_retries,0.0
432,1789132161.0261347,amp/scale,32.0
432,1789132161.0261347,gradient/clipped_norm,380.9920349121094
432,1789132161.0261347,images/detect,0.0
432,1789132161.0261347,images/pose,16.0
432,1789132161.0261347,loss/backward,76.42754364013672
432,1789132161.0261347,loss/detect_mean,0.0
432,1789132161.0261347,loss/joint_mean,1.1941803693771362
432,1789132161.0261347,loss/pose_mean,1.1941803693771362
432,1789132161.0261347,lr/attention.decay,0.0
432,1789132161.0261347,lr/attention.no_decay,0.0
432,1789132161.0261347,lr/backbone.decay,0.0
432,1789132161.0261347,lr/backbone.no_decay,0.0
432,1789132161.0261347,lr/detect_head.decay,0.0
432,1789132161.0261347,lr/detect_head.no_decay,0.0
432,1789132161.0261347,lr/neck.decay,0.0
432,1789132161.0261347,lr/neck.no_decay,0.0
432,1789132161.0261347,lr/pose_head.decay,9.98070702888612e-06
432,1789132161.0261347,lr/pose_head.no_decay,9.98070702888612e-06
432,1789132161.0261347,pose/component_0,0.8140374422073364
432,1789132161.0261347,pose/component_1,0.11714920401573181
432,1789132161.0261347,pose/component_2,0.004781764466315508
432,1789132161.0261347,pose/component_3,0.38296639919281006
432,1789132161.0261347,pose/component_4,0.0019433756824582815
432,1789132161.0261347,pose/component_5,0.0
433,1789132161.2210493,amp/overflow_retries,0.0
433,1789132161.2210493,amp/scale,32.0
433,1789132161.2210493,gradient/clipped_norm,397.7693786621094
433,1789132161.2210493,images/detect,0.0
433,1789132161.2210493,images/pose,16.0
433,1789132161.2210493,loss/backward,99.12110900878906
433,1789132161.2210493,loss/detect_mean,0.0
433,1789132161.2210493,loss/joint_mean,1.548767328262329
433,1789132161.2210493,loss/pose_mean,1.548767328262329
433,1789132161.2210493,lr/attention.decay,0.0
433,1789132161.2210493,lr/attention.no_decay,0.0
433,1789132161.2210493,lr/backbone.decay,0.0
433,1789132161.2210493,lr/backbone.no_decay,0.0
433,1789132161.2210493,lr/detect_head.decay,0.0
433,1789132161.2210493,lr/detect_head.no_decay,0.0
433,1789132161.2210493,lr/neck.decay,0.0
433,1789132161.2210493,lr/neck.no_decay,0.0
433,1789132161.2210493,lr/pose_head.decay,9.98004836614282e-06
433,1789132161.2210493,lr/pose_head.no_decay,9.98004836614282e-06
433,1789132161.2210493,pose/component_0,1.0757941007614136
433,1789132161.2210493,pose/component_1,0.04095374047756195
433,1789132161.2210493,pose/component_2,0.010205714963376522
433,1789132161.2210493,pose/component_3,0.48723670840263367
433,1789132161.2210493,pose/component_4,0.0026299823075532913
433,1789132161.2210493,pose/component_5,0.0
434,1789132161.4164002,amp/overflow_retries,0.0
434,1789132161.4164002,amp/scale,32.0
434,1789132161.4164002,gradient/clipped_norm,459.2139587402344
434,1789132161.4164002,images/detect,0.0
434,1789132161.4164002,images/pose,16.0
434,1789132161.4164002,loss/backward,64.4478988647461
434,1789132161.4164002,loss/detect_mean,0.0
434,1789132161.4164002,loss/joint_mean,1.0069984197616577
434,1789132161.4164002,loss/pose_mean,1.0069984197616577
434,1789132161.4164002,lr/attention.decay,0.0
434,1789132161.4164002,lr/attention.no_decay,0.0
434,1789132161.4164002,lr/backbone.decay,0.0
434,1789132161.4164002,lr/backbone.no_decay,0.0
434,1789132161.4164002,lr/detect_head.decay,0.0
434,1789132161.4164002,lr/detect_head.no_decay,0.0
434,1789132161.4164002,lr/neck.decay,0.0
434,1789132161.4164002,lr/neck.no_decay,0.0
434,1789132161.4164002,lr/pose_head.decay,9.979378692965253e-06
434,1789132161.4164002,lr/pose_head.no_decay,9.979378692965253e-06
434,1789132161.4164002,pose/component_0,0.5831002593040466
434,1789132161.4164002,pose/component_1,0.016544535756111145
434,1789132161.4164002,pose/component_2,0.023929202929139137
434,1789132161.4164002,pose/component_3,0.3240721523761749
434,1789132161.4164002,pose/component_4,0.001748964423313737
434,1789132161.4164002,pose/component_5,0.0
435,1789132161.6110003,amp/overflow_retries,0.0
435,1789132161.6110003,amp/scale,32.0
435,1789132161.6110003,gradient/clipped_norm,286.1661682128906
435,1789132161.6110003,images/detect,0.0
435,1789132161.6110003,images/pose,16.0
435,1789132161.6110003,loss/backward,87.38392639160156
435,1789132161.6110003,loss/detect_mean,0.0
435,1789132161.6110003,loss/joint_mean,1.3653738498687744
435,1789132161.6110003,loss/pose_mean,1.3653738498687744
435,1789132161.6110003,lr/attention.decay,0.0
435,1789132161.6110003,lr/attention.no_decay,0.0
435,1789132161.6110003,lr/backbone.decay,0.0
435,1789132161.6110003,lr/backbone.no_decay,0.0
435,1789132161.6110003,lr/detect_head.decay,0.0
435,1789132161.6110003,lr/detect_head.no_decay,0.0
435,1789132161.6110003,lr/neck.decay,0.0
435,1789132161.6110003,lr/neck.no_decay,0.0
435,1789132161.6110003,lr/pose_head.decay,9.978698012326509e-06
435,1789132161.6110003,lr/pose_head.no_decay,9.978698012326509e-06
435,1789132161.6110003,pose/component_0,0.8867495059967041
435,1789132161.6110003,pose/component_1,0.027321960777044296
435,1789132161.6110003,pose/component_2,0.07440277189016342
435,1789132161.6110003,pose/component_3,0.5043866634368896
435,1789132161.6110003,pose/component_4,0.002435386413708329
435,1789132161.6110003,pose/component_5,0.0
436,1789132161.8062134,amp/overflow_retries,0.0
436,1789132161.8062134,amp/scale,32.0
436,1789132161.8062134,gradient/clipped_norm,425.0680847167969
436,1789132161.8062134,images/detect,0.0
436,1789132161.8062134,images/pose,16.0
436,1789132161.8062134,loss/backward,69.69573211669922
436,1789132161.8062134,loss/detect_mean,0.0
436,1789132161.8062134,loss/joint_mean,1.0889958143234253
436,1789132161.8062134,loss/pose_mean,1.0889958143234253
436,1789132161.8062134,lr/attention.decay,0.0
436,1789132161.8062134,lr/attention.no_decay,0.0
436,1789132161.8062134,lr/backbone.decay,0.0
436,1789132161.8062134,lr/backbone.no_decay,0.0
436,1789132161.8062134,lr/detect_head.decay,0.0
436,1789132161.8062134,lr/detect_head.no_decay,0.0
436,1789132161.8062134,lr/neck.decay,0.0
436,1789132161.8062134,lr/neck.no_decay,0.0
436,1789132161.8062134,lr/pose_head.decay,9.978006327248538e-06
436,1789132161.8062134,lr/pose_head.no_decay,9.978006327248538e-06
436,1789132161.8062134,pose/component_0,0.7714877128601074
436,1789132161.8062134,pose/component_1,0.028042562305927277
436,1789132161.8062134,pose/component_2,0.004455978516489267
436,1789132161.8062134,pose/component_3,0.3407662808895111
436,1789132161.8062134,pose/component_4,0.0024126849602907896
436,1789132161.8062134,pose/component_5,0.0
437,1789132162.0011604,amp/overflow_retries,0.0
437,1789132162.0011604,amp/scale,32.0
437,1789132162.0011604,gradient/clipped_norm,458.656494140625
437,1789132162.0011604,images/detect,0.0
437,1789132162.0011604,images/pose,16.0
437,1789132162.0011604,loss/backward,77.71670532226562
437,1789132162.0011604,loss/detect_mean,0.0
437,1789132162.0011604,loss/joint_mean,1.2143235206604004
437,1789132162.0011604,loss/pose_mean,1.2143235206604004
437,1789132162.0011604,lr/attention.decay,0.0
437,1789132162.0011604,lr/attention.no_decay,0.0
437,1789132162.0011604,lr/backbone.decay,0.0
437,1789132162.0011604,lr/backbone.no_decay,0.0
437,1789132162.0011604,lr/detect_head.decay,0.0
437,1789132162.0011604,lr/detect_head.no_decay,0.0
437,1789132162.0011604,lr/neck.decay,0.0
437,1789132162.0011604,lr/neck.no_decay,0.0
437,1789132162.0011604,lr/pose_head.decay,9.977303640802148e-06
437,1789132162.0011604,lr/pose_head.no_decay,9.977303640802148e-06
437,1789132162.0011604,pose/component_0,0.8750848174095154
437,1789132162.0011604,pose/component_1,0.04334735870361328
437,1789132162.0011604,pose/component_2,0.015420948155224323
437,1789132162.0011604,pose/component_3,0.4943886697292328
437,1789132162.0011604,pose/component_4,0.002144767437130213
437,1789132162.0011604,pose/component_5,0.0
438,1789132162.196776,amp/overflow_retries,0.0
438,1789132162.196776,amp/scale,32.0
438,1789132162.196776,gradient/clipped_norm,355.6885070800781
438,1789132162.196776,images/detect,0.0
438,1789132162.196776,images/pose,16.0
438,1789132162.196776,loss/backward,87.92229461669922
438,1789132162.196776,loss/detect_mean,0.0
438,1789132162.196776,loss/joint_mean,1.3737858533859253
438,1789132162.196776,loss/pose_mean,1.3737858533859253
438,1789132162.196776,lr/attention.decay,0.0
438,1789132162.196776,lr/attention.no_decay,0.0
438,1789132162.196776,lr/backbone.decay,0.0
438,1789132162.196776,lr/backbone.no_decay,0.0
438,1789132162.196776,lr/detect_head.decay,0.0
438,1789132162.196776,lr/detect_head.no_decay,0.0
438,1789132162.196776,lr/neck.decay,0.0
438,1789132162.196776,lr/neck.no_decay,0.0
438,1789132162.196776,lr/pose_head.decay,9.976589956106988e-06
438,1789132162.196776,lr/pose_head.no_decay,9.976589956106988e-06
438,1789132162.196776,pose/component_0,0.9861560463905334
438,1789132162.196776,pose/component_1,0.022980134934186935
438,1789132162.196776,pose/component_2,0.005298421252518892
438,1789132162.196776,pose/component_3,0.4147065579891205
438,1789132162.196776,pose/component_4,0.00265241926535964
438,1789132162.196776,pose/component_5,0.0
439,1789132162.3941946,amp/overflow_retries,0.0
439,1789132162.3941946,amp/scale,32.0
439,1789132162.3941946,gradient/clipped_norm,301.1175842285156
439,1789132162.3941946,images/detect,0.0
439,1789132162.3941946,images/pose,16.0
439,1789132162.3941946,loss/backward,71.14238739013672
439,1789132162.3941946,loss/detect_mean,0.0
439,1789132162.3941946,loss/joint_mean,1.1115998029708862
439,1789132162.3941946,loss/pose_mean,1.1115998029708862
439,1789132162.3941946,lr/attention.decay,0.0
439,1789132162.3941946,lr/attention.no_decay,0.0
439,1789132162.3941946,lr/backbone.decay,0.0
439,1789132162.3941946,lr/backbone.no_decay,0.0
439,1789132162.3941946,lr/detect_head.decay,0.0
439,1789132162.3941946,lr/detect_head.no_decay,0.0
439,1789132162.3941946,lr/neck.decay,0.0
439,1789132162.3941946,lr/neck.no_decay,0.0
439,1789132162.3941946,lr/pose_head.decay,9.97586527633154e-06
439,1789132162.3941946,lr/pose_head.no_decay,9.97586527633154e-06
439,1789132162.3941946,pose/component_0,0.8178263306617737
439,1789132162.3941946,pose/component_1,0.01676235720515251
439,1789132162.3941946,pose/component_2,0.008423889987170696
439,1789132162.3941946,pose/component_3,0.3511990010738373
439,1789132162.3941946,pose/component_4,0.0028411417733877897
439,1789132162.3941946,pose/component_5,0.0
440,1789132162.5891407,amp/overflow_retries,0.0
440,1789132162.5891407,amp/scale,32.0
440,1789132162.5891407,gradient/clipped_norm,306.2962341308594
440,1789132162.5891407,images/detect,0.0
440,1789132162.5891407,images/pose,16.0
440,1789132162.5891407,loss/backward,81.20610809326172
440,1789132162.5891407,loss/detect_mean,0.0
440,1789132162.5891407,loss/joint_mean,1.2688454389572144
440,1789132162.5891407,loss/pose_mean,1.2688454389572144
440,1789132162.5891407,lr/attention.decay,0.0
440,1789132162.5891407,lr/attention.no_decay,0.0
440,1789132162.5891407,lr/backbone.decay,0.0
440,1789132162.5891407,lr/backbone.no_decay,0.0
440,1789132162.5891407,lr/detect_head.decay,0.0
440,1789132162.5891407,lr/detect_head.no_decay,0.0
440,1789132162.5891407,lr/neck.decay,0.0
440,1789132162.5891407,lr/neck.no_decay,0.0
440,1789132162.5891407,lr/pose_head.decay,9.97512960469309e-06
440,1789132162.5891407,lr/pose_head.no_decay,9.97512960469309e-06
440,1789132162.5891407,pose/component_0,0.8614748120307922
440,1789132162.5891407,pose/component_1,0.015785880386829376
440,1789132162.5891407,pose/component_2,0.004330487921833992
440,1789132162.5891407,pose/component_3,0.39240798354148865
440,1789132162.5891407,pose/component_4,0.002889922820031643
440,1789132162.5891407,pose/component_5,0.0
441,1789132162.7839403,amp/overflow_retries,0.0
441,1789132162.7839403,amp/scale,32.0
441,1789132162.7839403,gradient/clipped_norm,433.2559814453125
441,1789132162.7839403,images/detect,0.0
441,1789132162.7839403,images/pose,16.0
441,1789132162.7839403,loss/backward,70.53169250488281
441,1789132162.7839403,loss/detect_mean,0.0
441,1789132162.7839403,loss/joint_mean,1.102057695388794
441,1789132162.7839403,loss/pose_mean,1.102057695388794
441,1789132162.7839403,lr/attention.decay,0.0
441,1789132162.7839403,lr/attention.no_decay,0.0
441,1789132162.7839403,lr/backbone.decay,0.0
441,1789132162.7839403,lr/backbone.no_decay,0.0
441,1789132162.7839403,lr/detect_head.decay,0.0
441,1789132162.7839403,lr/detect_head.no_decay,0.0
441,1789132162.7839403,lr/neck.decay,0.0
441,1789132162.7839403,lr/neck.no_decay,0.0
441,1789132162.7839403,lr/pose_head.decay,9.974382944457736e-06
441,1789132162.7839403,lr/pose_head.no_decay,9.974382944457736e-06
441,1789132162.7839403,pose/component_0,0.6941311359405518
441,1789132162.7839403,pose/component_1,0.011495506390929222
441,1789132162.7839403,pose/component_2,0.05338538438081741
441,1789132162.7839403,pose/component_3,0.3132547438144684
441,1789132162.7839403,pose/component_4,0.0027739605866372585
441,1789132162.7839403,pose/component_5,0.0
442,1789132162.9793549,amp/overflow_retries,0.0
442,1789132162.9793549,amp/scale,32.0
442,1789132162.9793549,gradient/clipped_norm,316.6232604980469
442,1789132162.9793549,images/detect,0.0
442,1789132162.9793549,images/pose,16.0
442,1789132162.9793549,loss/backward,60.96662139892578
442,1789132162.9793549,loss/detect_mean,0.0
442,1789132162.9793549,loss/joint_mean,0.9526034593582153
442,1789132162.9793549,loss/pose_mean,0.9526034593582153
442,1789132162.9793549,lr/attention.decay,0.0
442,1789132162.9793549,lr/attention.no_decay,0.0
442,1789132162.9793549,lr/backbone.decay,0.0
442,1789132162.9793549,lr/backbone.no_decay,0.0
442,1789132162.9793549,lr/detect_head.decay,0.0
442,1789132162.9793549,lr/detect_head.no_decay,0.0
442,1789132162.9793549,lr/neck.decay,0.0
442,1789132162.9793549,lr/neck.no_decay,0.0
442,1789132162.9793549,lr/pose_head.decay,9.973625298940349e-06
442,1789132162.9793549,lr/pose_head.no_decay,9.973625298940349e-06
442,1789132162.9793549,pose/component_0,0.5950959324836731
442,1789132162.9793549,pose/component_1,0.023266417905688286
442,1789132162.9793549,pose/component_2,0.06630749255418777
442,1789132162.9793549,pose/component_3,0.27062055468559265
442,1789132162.9793549,pose/component_4,0.0023892379831522703
442,1789132162.9793549,pose/component_5,0.0
443,1789132163.1746037,amp/overflow_retries,0.0
443,1789132163.1746037,amp/scale,32.0
443,1789132163.1746037,gradient/clipped_norm,315.0545349121094
443,1789132163.1746037,images/detect,0.0
443,1789132163.1746037,images/pose,16.0
443,1789132163.1746037,loss/backward,56.059547424316406
443,1789132163.1746037,loss/detect_mean,0.0
443,1789132163.1746037,loss/joint_mean,0.8759304285049438
443,1789132163.1746037,loss/pose_mean,0.8759304285049438
443,1789132163.1746037,lr/attention.decay,0.0
443,1789132163.1746037,lr/attention.no_decay,0.0
443,1789132163.1746037,lr/backbone.decay,0.0
443,1789132163.1746037,lr/backbone.no_decay,0.0
443,1789132163.1746037,lr/detect_head.decay,0.0
443,1789132163.1746037,lr/detect_head.no_decay,0.0
443,1789132163.1746037,lr/neck.decay,0.0
443,1789132163.1746037,lr/neck.no_decay,0.0
443,1789132163.1746037,lr/pose_head.decay,9.972856671504577e-06
443,1789132163.1746037,lr/pose_head.no_decay,9.972856671504577e-06
443,1789132163.1746037,pose/component_0,0.666585385799408
443,1789132163.1746037,pose/component_1,0.008979150094091892
443,1789132163.1746037,pose/component_2,0.0066322884522378445
443,1789132163.1746037,pose/component_3,0.1937161087989807
443,1789132163.1746037,pose/component_4,0.0023860533256083727
443,1789132163.1746037,pose/component_5,0.0
444,1789132163.3694422,amp/overflow_retries,0.0
444,1789132163.3694422,amp/scale,32.0
444,1789132163.3694422,gradient/clipped_norm,406.9083557128906
444,1789132163.3694422,images/detect,0.0
444,1789132163.3694422,images/pose,16.0
444,1789132163.3694422,loss/backward,66.80326843261719
444,1789132163.3694422,loss/detect_mean,0.0
444,1789132163.3694422,loss/joint_mean,1.0438010692596436
444,1789132163.3694422,loss/pose_mean,1.0438010692596436
444,1789132163.3694422,lr/attention.decay,0.0
444,1789132163.3694422,lr/attention.no_decay,0.0
444,1789132163.3694422,lr/backbone.decay,0.0
444,1789132163.3694422,lr/backbone.no_decay,0.0
444,1789132163.3694422,lr/detect_head.decay,0.0
444,1789132163.3694422,lr/detect_head.no_decay,0.0
444,1789132163.3694422,lr/neck.decay,0.0
444,1789132163.3694422,lr/neck.no_decay,0.0
444,1789132163.3694422,lr/pose_head.decay,9.972077065562821e-06
444,1789132163.3694422,lr/pose_head.no_decay,9.972077065562821e-06
444,1789132163.3694422,pose/component_0,0.6656537652015686
444,1789132163.3694422,pose/component_1,0.009966230019927025
444,1789132163.3694422,pose/component_2,0.01593986712396145
444,1789132163.3694422,pose/component_3,0.32777851819992065
444,1789132163.3694422,pose/component_4,0.0023294612765312195
444,1789132163.3694422,pose/component_5,0.0
445,1789132163.5640123,amp/overflow_retries,0.0
445,1789132163.5640123,amp/scale,32.0
445,1789132163.5640123,gradient/clipped_norm,326.7219543457031
445,1789132163.5640123,images/detect,0.0
445,1789132163.5640123,images/pose,16.0
445,1789132163.5640123,loss/backward,79.56595611572266
445,1789132163.5640123,loss/detect_mean,0.0
445,1789132163.5640123,loss/joint_mean,1.2432180643081665
445,1789132163.5640123,loss/pose_mean,1.2432180643081665
445,1789132163.5640123,lr/attention.decay,0.0
445,1789132163.5640123,lr/attention.no_decay,0.0
445,1789132163.5640123,lr/backbone.decay,0.0
445,1789132163.5640123,lr/backbone.no_decay,0.0
445,1789132163.5640123,lr/detect_head.decay,0.0
445,1789132163.5640123,lr/detect_head.no_decay,0.0
445,1789132163.5640123,lr/neck.decay,0.0
445,1789132163.5640123,lr/neck.no_decay,0.0
445,1789132163.5640123,lr/pose_head.decay,9.971286484576227e-06
445,1789132163.5640123,lr/pose_head.no_decay,9.971286484576227e-06
445,1789132163.5640123,pose/component_0,0.9072809219360352
445,1789132163.5640123,pose/component_1,0.014092893339693546
445,1789132163.5640123,pose/component_2,0.0015407344326376915
445,1789132163.5640123,pose/component_3,0.34736374020576477
445,1789132163.5640123,pose/component_4,0.0025030216202139854
445,1789132163.5640123,pose/component_5,0.0
446,1789132163.7601175,amp/overflow_retries,0.0
446,1789132163.7601175,amp/scale,32.0
446,1789132163.7601175,gradient/clipped_norm,343.0144958496094
446,1789132163.7601175,images/detect,0.0
446,1789132163.7601175,images/pose,16.0
446,1789132163.7601175,loss/backward,91.20045471191406
446,1789132163.7601175,loss/detect_mean,0.0
446,1789132163.7601175,loss/joint_mean,1.4250071048736572
446,1789132163.7601175,loss/pose_mean,1.4250071048736572
446,1789132163.7601175,lr/attention.decay,0.0
446,1789132163.7601175,lr/attention.no_decay,0.0
446,1789132163.7601175,lr/backbone.decay,0.0
446,1789132163.7601175,lr/backbone.no_decay,0.0
446,1789132163.7601175,lr/detect_head.decay,0.0
446,1789132163.7601175,lr/detect_head.no_decay,0.0
446,1789132163.7601175,lr/neck.decay,0.0
446,1789132163.7601175,lr/neck.no_decay,0.0
446,1789132163.7601175,lr/pose_head.decay,9.970484932054659e-06
446,1789132163.7601175,lr/pose_head.no_decay,9.970484932054659e-06
446,1789132163.7601175,pose/component_0,0.872628390789032
446,1789132163.7601175,pose/component_1,0.018797341734170914
446,1789132163.7601175,pose/component_2,0.01800711452960968
446,1789132163.7601175,pose/component_3,0.5843331813812256
446,1789132163.7601175,pose/component_4,0.0022621271200478077
446,1789132163.7601175,pose/component_5,0.0
447,1789132163.955169,amp/overflow_retries,0.0
447,1789132163.955169,amp/scale,32.0
447,1789132163.955169,gradient/clipped_norm,375.7852783203125
447,1789132163.955169,images/detect,0.0
447,1789132163.955169,images/pose,16.0
447,1789132163.955169,loss/backward,87.77545166015625
447,1789132163.955169,loss/detect_mean,0.0
447,1789132163.955169,loss/joint_mean,1.3714914321899414
447,1789132163.955169,loss/pose_mean,1.3714914321899414
447,1789132163.955169,lr/attention.decay,0.0
447,1789132163.955169,lr/attention.no_decay,0.0
447,1789132163.955169,lr/backbone.decay,0.0
447,1789132163.955169,lr/backbone.no_decay,0.0
447,1789132163.955169,lr/detect_head.decay,0.0
447,1789132163.955169,lr/detect_head.no_decay,0.0
447,1789132163.955169,lr/neck.decay,0.0
447,1789132163.955169,lr/neck.no_decay,0.0
447,1789132163.955169,lr/pose_head.decay,9.96967241155669e-06
447,1789132163.955169,lr/pose_head.no_decay,9.96967241155669e-06
447,1789132163.955169,pose/component_0,0.9153139591217041
447,1789132163.955169,pose/component_1,0.020536262542009354
447,1789132163.955169,pose/component_2,0.008591074496507645
447,1789132163.955169,pose/component_3,0.36674925684928894
447,1789132163.955169,pose/component_4,0.0033410657197237015
447,1789132163.955169,pose/component_5,0.0
448,1789132164.1503527,amp/overflow_retries,0.0
448,1789132164.1503527,amp/scale,32.0
448,1789132164.1503527,gradient/clipped_norm,305.82305908203125
448,1789132164.1503527,images/detect,0.0
448,1789132164.1503527,images/pose,16.0
448,1789132164.1503527,loss/backward,87.80085754394531
448,1789132164.1503527,loss/detect_mean,0.0
448,1789132164.1503527,loss/joint_mean,1.3718883991241455
448,1789132164.1503527,loss/pose_mean,1.3718883991241455
448,1789132164.1503527,lr/attention.decay,0.0
448,1789132164.1503527,lr/attention.no_decay,0.0
448,1789132164.1503527,lr/backbone.decay,0.0
448,1789132164.1503527,lr/backbone.no_decay,0.0
448,1789132164.1503527,lr/detect_head.decay,0.0
448,1789132164.1503527,lr/detect_head.no_decay,0.0
448,1789132164.1503527,lr/neck.decay,0.0
448,1789132164.1503527,lr/neck.no_decay,0.0
448,1789132164.1503527,lr/pose_head.decay,9.968848926689597e-06
448,1789132164.1503527,lr/pose_head.no_decay,9.968848926689597e-06
448,1789132164.1503527,pose/component_0,0.917352020740509
448,1789132164.1503527,pose/component_1,0.020255576819181442
448,1789132164.1503527,pose/component_2,0.04202485457062721
448,1789132164.1503527,pose/component_3,0.41041243076324463
448,1789132164.1503527,pose/component_4,0.003210420487448573
448,1789132164.1503527,pose/component_5,0.0
449,1789132164.3451095,amp/overflow_retries,0.0
449,1789132164.3451095,amp/scale,32.0
449,1789132164.3451095,gradient/clipped_norm,376.6047058105469
449,1789132164.3451095,images/detect,0.0
449,1789132164.3451095,images/pose,16.0
449,1789132164.3451095,loss/backward,86.23828125
449,1789132164.3451095,loss/detect_mean,0.0
449,1789132164.3451095,loss/joint_mean,1.34747314453125
449,1789132164.3451095,loss/pose_mean,1.34747314453125
449,1789132164.3451095,lr/attention.decay,0.0
449,1789132164.3451095,lr/attention.no_decay,0.0
449,1789132164.3451095,lr/backbone.decay,0.0
449,1789132164.3451095,lr/backbone.no_decay,0.0
449,1789132164.3451095,lr/detect_head.decay,0.0
449,1789132164.3451095,lr/detect_head.no_decay,0.0
449,1789132164.3451095,lr/neck.decay,0.0
449,1789132164.3451095,lr/neck.no_decay,0.0
449,1789132164.3451095,lr/pose_head.decay,9.968014481109322e-06
449,1789132164.3451095,lr/pose_head.no_decay,9.968014481109322e-06
449,1789132164.3451095,pose/component_0,0.7727171182632446
449,1789132164.3451095,pose/component_1,0.029133684933185577
449,1789132164.3451095,pose/component_2,0.015185358002781868
449,1789132164.3451095,pose/component_3,0.5976129770278931
449,1789132164.3451095,pose/component_4,0.0028998414054512978
449,1789132164.3451095,pose/component_5,0.0
450,1789132164.540195,amp/overflow_retries,0.0
450,1789132164.540195,amp/scale,32.0
450,1789132164.540195,gradient/clipped_norm,424.5908203125
450,1789132164.540195,images/detect,0.0
450,1789132164.540195,images/pose,16.0
450,1789132164.540195,loss/backward,82.357421875
450,1789132164.540195,loss/detect_mean,0.0
450,1789132164.540195,loss/joint_mean,1.286834716796875
450,1789132164.540195,loss/pose_mean,1.286834716796875
450,1789132164.540195,lr/attention.decay,0.0
450,1789132164.540195,lr/attention.no_decay,0.0
450,1789132164.540195,lr/backbone.decay,0.0
450,1789132164.540195,lr/backbone.no_decay,0.0
450,1789132164.540195,lr/detect_head.decay,0.0
450,1789132164.540195,lr/detect_head.no_decay,0.0
450,1789132164.540195,lr/neck.decay,0.0
450,1789132164.540195,lr/neck.no_decay,0.0
450,1789132164.540195,lr/pose_head.decay,9.967169078520476e-06
450,1789132164.540195,lr/pose_head.no_decay,9.967169078520476e-06
450,1789132164.540195,pose/component_0,0.8782486915588379
450,1789132164.540195,pose/component_1,0.05436929315328598
450,1789132164.540195,pose/component_2,0.001638023997657001
450,1789132164.540195,pose/component_3,0.4902224838733673
450,1789132164.540195,pose/component_4,0.0023752159904688597
450,1789132164.540195,pose/component_5,0.0
451,1789132164.735541,amp/overflow_retries,0.0
451,1789132164.735541,amp/scale,32.0
451,1789132164.735541,gradient/clipped_norm,418.39697265625
451,1789132164.735541,images/detect,0.0
451,1789132164.735541,images/pose,16.0
451,1789132164.735541,loss/backward,69.98230743408203
451,1789132164.735541,loss/detect_mean,0.0
451,1789132164.735541,loss/joint_mean,1.0934735536575317
451,1789132164.735541,loss/pose_mean,1.0934735536575317
451,1789132164.735541,lr/attention.decay,0.0
451,1789132164.735541,lr/attention.no_decay,0.0
451,1789132164.735541,lr/backbone.decay,0.0
451,1789132164.735541,lr/backbone.no_decay,0.0
451,1789132164.735541,lr/detect_head.decay,0.0
451,1789132164.735541,lr/detect_head.no_decay,0.0
451,1789132164.735541,lr/neck.decay,0.0
451,1789132164.735541,lr/neck.no_decay,0.0
451,1789132164.735541,lr/pose_head.decay,9.966312722676313e-06
451,1789132164.735541,lr/pose_head.no_decay,9.966312722676313e-06
451,1789132164.735541,pose/component_0,0.8416898250579834
451,1789132164.735541,pose/component_1,0.018654771149158478
451,1789132164.735541,pose/component_2,0.0017095119692385197
451,1789132164.735541,pose/component_3,0.2873273193836212
451,1789132164.735541,pose/component_4,0.0020728956442326307
451,1789132164.735541,pose/component_5,0.0
452,1789132164.930129,amp/overflow_retries,0.0
452,1789132164.930129,amp/scale,32.0
452,1789132164.930129,gradient/clipped_norm,414.16424560546875
452,1789132164.930129,images/detect,0.0
452,1789132164.930129,images/pose,16.0
452,1789132164.930129,loss/backward,71.92510223388672
452,1789132164.930129,loss/detect_mean,0.0
452,1789132164.930129,loss/joint_mean,1.12382972240448
452,1789132164.930129,loss/pose_mean,1.12382972240448
452,1789132164.930129,lr/attention.decay,0.0
452,1789132164.930129,lr/attention.no_decay,0.0
452,1789132164.930129,lr/backbone.decay,0.0
452,1789132164.930129,lr/backbone.no_decay,0.0
452,1789132164.930129,lr/detect_head.decay,0.0
452,1789132164.930129,lr/detect_head.no_decay,0.0
452,1789132164.930129,lr/neck.decay,0.0
452,1789132164.930129,lr/neck.no_decay,0.0
452,1789132164.930129,lr/pose_head.decay,9.96544541737871e-06
452,1789132164.930129,lr/pose_head.no_decay,9.96544541737871e-06
452,1789132164.930129,pose/component_0,0.698160707950592
452,1789132164.930129,pose/component_1,0.020630910992622375
452,1789132164.930129,pose/component_2,0.006005335133522749
452,1789132164.930129,pose/component_3,0.3471035361289978
452,1789132164.930129,pose/component_4,0.0021364472340792418
452,1789132164.930129,pose/component_5,0.0
453,1789132165.1262672,amp/overflow_retries,0.0
453,1789132165.1262672,amp/scale,32.0
453,1789132165.1262672,gradient/clipped_norm,350.07037353515625
453,1789132165.1262672,images/detect,0.0
453,1789132165.1262672,images/pose,16.0
453,1789132165.1262672,loss/backward,109.83758544921875
453,1789132165.1262672,loss/detect_mean,0.0
453,1789132165.1262672,loss/joint_mean,1.716212272644043
453,1789132165.1262672,loss/pose_mean,1.716212272644043
453,1789132165.1262672,lr/attention.decay,0.0
453,1789132165.1262672,lr/attention.no_decay,0.0
453,1789132165.1262672,lr/backbone.decay,0.0
453,1789132165.1262672,lr/backbone.no_decay,0.0
453,1789132165.1262672,lr/detect_head.decay,0.0
453,1789132165.1262672,lr/detect_head.no_decay,0.0
453,1789132165.1262672,lr/neck.decay,0.0
453,1789132165.1262672,lr/neck.no_decay,0.0
453,1789132165.1262672,lr/pose_head.decay,9.964567166478164e-06
453,1789132165.1262672,lr/pose_head.no_decay,9.964567166478164e-06
453,1789132165.1262672,pose/component_0,1.2271634340286255
453,1789132165.1262672,pose/component_1,0.015406161546707153
453,1789132165.1262672,pose/component_2,0.013624327257275581
453,1789132165.1262672,pose/component_3,0.5063810348510742
453,1789132165.1262672,pose/component_4,0.004076942801475525
453,1789132165.1262672,pose/component_5,0.0
454,1789132165.3215752,amp/overflow_retries,0.0
454,1789132165.3215752,amp/scale,32.0
454,1789132165.3215752,gradient/clipped_norm,436.9075927734375
454,1789132165.3215752,images/detect,0.0
454,1789132165.3215752,images/pose,16.0
454,1789132165.3215752,loss/backward,79.28886413574219
454,1789132165.3215752,loss/detect_mean,0.0
454,1789132165.3215752,loss/joint_mean,1.2388885021209717
454,1789132165.3215752,loss/pose_mean,1.2388885021209717
454,1789132165.3215752,lr/attention.decay,0.0
454,1789132165.3215752,lr/attention.no_decay,0.0
454,1789132165.3215752,lr/backbone.decay,0.0
454,1789132165.3215752,lr/backbone.no_decay,0.0
454,1789132165.3215752,lr/detect_head.decay,0.0
454,1789132165.3215752,lr/detect_head.no_decay,0.0
454,1789132165.3215752,lr/neck.decay,0.0
454,1789132165.3215752,lr/neck.no_decay,0.0
454,1789132165.3215752,lr/pose_head.decay,9.96367797387376e-06
454,1789132165.3215752,lr/pose_head.no_decay,9.96367797387376e-06
454,1789132165.3215752,pose/component_0,0.7928366661071777
454,1789132165.3215752,pose/component_1,0.02658298797905445
454,1789132165.3215752,pose/component_2,0.04308392480015755
454,1789132165.3215752,pose/component_3,0.43220725655555725
454,1789132165.3215752,pose/component_4,0.00285359681583941
454,1789132165.3215752,pose/component_5,0.0
455,1789132165.6876252,amp/overflow_retries,0.0
455,1789132165.6876252,amp/scale,32.0
455,1789132165.6876252,gradient/clipped_norm,311.63519287109375
455,1789132165.6876252,images/detect,0.0
455,1789132165.6876252,images/pose,16.0
455,1789132165.6876252,loss/backward,60.8404541015625
455,1789132165.6876252,loss/detect_mean,0.0
455,1789132165.6876252,loss/joint_mean,0.9506320953369141
455,1789132165.6876252,loss/pose_mean,0.9506320953369141
455,1789132165.6876252,lr/attention.decay,0.0
455,1789132165.6876252,lr/attention.no_decay,0.0
455,1789132165.6876252,lr/backbone.decay,0.0
455,1789132165.6876252,lr/backbone.no_decay,0.0
455,1789132165.6876252,lr/detect_head.decay,0.0
455,1789132165.6876252,lr/detect_head.no_decay,0.0
455,1789132165.6876252,lr/neck.decay,0.0
455,1789132165.6876252,lr/neck.no_decay,0.0
455,1789132165.6876252,lr/pose_head.decay,9.96277784351316e-06
455,1789132165.6876252,lr/pose_head.no_decay,9.96277784351316e-06
455,1789132165.6876252,pose/component_0,0.5547075271606445
455,1789132165.6876252,pose/component_1,0.012015899643301964
455,1789132165.6876252,pose/component_2,0.0035284385085105896
455,1789132165.6876252,pose/component_3,0.4091344177722931
455,1789132165.6876252,pose/component_4,0.0019852707628160715
455,1789132165.6876252,pose/component_5,0.0
456,1789132165.8824337,amp/overflow_retries,0.0
456,1789132165.8824337,amp/scale,32.0
456,1789132165.8824337,gradient/clipped_norm,341.2140808105469
456,1789132165.8824337,images/detect,0.0
456,1789132165.8824337,images/pose,16.0
456,1789132165.8824337,loss/backward,82.36200714111328
456,1789132165.8824337,loss/detect_mean,0.0
456,1789132165.8824337,loss/joint_mean,1.286906361579895
456,1789132165.8824337,loss/pose_mean,1.286906361579895
456,1789132165.8824337,lr/attention.decay,0.0
456,1789132165.8824337,lr/attention.no_decay,0.0
456,1789132165.8824337,lr/backbone.decay,0.0
456,1789132165.8824337,lr/backbone.no_decay,0.0
456,1789132165.8824337,lr/detect_head.decay,0.0
456,1789132165.8824337,lr/detect_head.no_decay,0.0
456,1789132165.8824337,lr/neck.decay,0.0
456,1789132165.8824337,lr/neck.no_decay,0.0
456,1789132165.8824337,lr/pose_head.decay,9.961866779392591e-06
456,1789132165.8824337,lr/pose_head.no_decay,9.961866779392591e-06
456,1789132165.8824337,pose/component_0,1.053436279296875
456,1789132165.8824337,pose/component_1,0.03129879757761955
456,1789132165.8824337,pose/component_2,0.006524546071887016
456,1789132165.8824337,pose/component_3,0.4693628251552582
456,1789132165.8824337,pose/component_4,0.002086217049509287
456,1789132165.8824337,pose/component_5,0.0
457,1789132166.07797,amp/overflow_retries,0.0
457,1789132166.07797,amp/scale,32.0
457,1789132166.07797,gradient/clipped_norm,278.70513916015625
457,1789132166.07797,images/detect,0.0
457,1789132166.07797,images/pose,16.0
457,1789132166.07797,loss/backward,77.78782653808594
457,1789132166.07797,loss/detect_mean,0.0
457,1789132166.07797,loss/joint_mean,1.2154347896575928
457,1789132166.07797,loss/pose_mean,1.2154347896575928
457,1789132166.07797,lr/attention.decay,0.0
457,1789132166.07797,lr/attention.no_decay,0.0
457,1789132166.07797,lr/backbone.decay,0.0
457,1789132166.07797,lr/backbone.no_decay,0.0
457,1789132166.07797,lr/detect_head.decay,0.0
457,1789132166.07797,lr/detect_head.no_decay,0.0
457,1789132166.07797,lr/neck.decay,0.0
457,1789132166.07797,lr/neck.no_decay,0.0
457,1789132166.07797,lr/pose_head.decay,9.960944785556814e-06
457,1789132166.07797,lr/pose_head.no_decay,9.960944785556814e-06
457,1789132166.07797,pose/component_0,0.8537853360176086
457,1789132166.07797,pose/component_1,0.014146251603960991
457,1789132166.07797,pose/component_2,0.006811162922531366
457,1789132166.07797,pose/component_3,0.35524582862854004
457,1789132166.07797,pose/component_4,0.00249605905264616
457,1789132166.07797,pose/component_5,0.0
458,1789132166.273925,amp/overflow_retries,0.0
458,1789132166.273925,amp/scale,32.0
458,1789132166.273925,gradient/clipped_norm,411.4122314453125
458,1789132166.273925,images/detect,0.0
458,1789132166.273925,images/pose,16.0
458,1789132166.273925,loss/backward,82.47842407226562
458,1789132166.273925,loss/detect_mean,0.0
458,1789132166.273925,loss/joint_mean,1.2887253761291504
458,1789132166.273925,loss/pose_mean,1.2887253761291504
458,1789132166.273925,lr/attention.decay,0.0
458,1789132166.273925,lr/attention.no_decay,0.0
458,1789132166.273925,lr/backbone.decay,0.0
458,1789132166.273925,lr/backbone.no_decay,0.0
458,1789132166.273925,lr/detect_head.decay,0.0
458,1789132166.273925,lr/detect_head.no_decay,0.0
458,1789132166.273925,lr/neck.decay,0.0
458,1789132166.273925,lr/neck.no_decay,0.0
458,1789132166.273925,lr/pose_head.decay,9.96001186609912e-06
458,1789132166.273925,lr/pose_head.no_decay,9.96001186609912e-06
458,1789132166.273925,pose/component_0,0.9225898385047913
458,1789132166.273925,pose/component_1,0.04614849388599396
458,1789132166.273925,pose/component_2,0.06896829605102539
458,1789132166.273925,pose/component_3,0.42926204204559326
458,1789132166.273925,pose/component_4,0.0022742804139852524
458,1789132166.273925,pose/component_5,0.0
459,1789132166.469809,amp/overflow_retries,0.0
459,1789132166.469809,amp/scale,32.0
459,1789132166.469809,gradient/clipped_norm,368.177001953125
459,1789132166.469809,images/detect,0.0
459,1789132166.469809,images/pose,16.0
459,1789132166.469809,loss/backward,82.96073913574219
459,1789132166.469809,loss/detect_mean,0.0
459,1789132166.469809,loss/joint_mean,1.2962615489959717
459,1789132166.469809,loss/pose_mean,1.2962615489959717
459,1789132166.469809,lr/attention.decay,0.0
459,1789132166.469809,lr/attention.no_decay,0.0
459,1789132166.469809,lr/backbone.decay,0.0
459,1789132166.469809,lr/backbone.no_decay,0.0
459,1789132166.469809,lr/detect_head.decay,0.0
459,1789132166.469809,lr/detect_head.no_decay,0.0
459,1789132166.469809,lr/neck.decay,0.0
459,1789132166.469809,lr/neck.no_decay,0.0
459,1789132166.469809,lr/pose_head.decay,9.9590680251613e-06
459,1789132166.469809,lr/pose_head.no_decay,9.9590680251613e-06
459,1789132166.469809,pose/component_0,0.89970463514328
459,1789132166.469809,pose/component_1,0.022020014002919197
459,1789132166.469809,pose/component_2,0.08563180267810822
459,1789132166.469809,pose/component_3,0.3208150863647461
459,1789132166.469809,pose/component_4,0.0028362092562019825
459,1789132166.469809,pose/component_5,0.0
460,1789132166.6643937,amp/overflow_retries,0.0
460,1789132166.6643937,amp/scale,32.0
460,1789132166.6643937,gradient/clipped_norm,356.762939453125
460,1789132166.6643937,images/detect,0.0
460,1789132166.6643937,images/pose,16.0
460,1789132166.6643937,loss/backward,90.86911010742188
460,1789132166.6643937,loss/detect_mean,0.0
460,1789132166.6643937,loss/joint_mean,1.4198298454284668
460,1789132166.6643937,loss/pose_mean,1.4198298454284668
460,1789132166.6643937,lr/attention.decay,0.0
460,1789132166.6643937,lr/attention.no_decay,0.0
460,1789132166.6643937,lr/backbone.decay,0.0
460,1789132166.6643937,lr/backbone.no_decay,0.0
460,1789132166.6643937,lr/detect_head.decay,0.0
460,1789132166.6643937,lr/detect_head.no_decay,0.0
460,1789132166.6643937,lr/neck.decay,0.0
460,1789132166.6643937,lr/neck.no_decay,0.0
460,1789132166.6643937,lr/pose_head.decay,9.958113266933635e-06
460,1789132166.6643937,lr/pose_head.no_decay,9.958113266933635e-06
460,1789132166.6643937,pose/component_0,0.8454506397247314
460,1789132166.6643937,pose/component_1,0.03267158195376396
460,1789132166.6643937,pose/component_2,0.0617692731320858
460,1789132166.6643937,pose/component_3,0.4964752197265625
460,1789132166.6643937,pose/component_4,0.0028761704452335835
460,1789132166.6643937,pose/component_5,0.0
461,1789132166.8595607,amp/overflow_retries,0.0
461,1789132166.8595607,amp/scale,32.0
461,1789132166.8595607,gradient/clipped_norm,359.87542724609375
461,1789132166.8595607,images/detect,0.0
461,1789132166.8595607,images/pose,16.0
461,1789132166.8595607,loss/backward,77.9582290649414
461,1789132166.8595607,loss/detect_mean,0.0
461,1789132166.8595607,loss/joint_mean,1.2180973291397095
461,1789132166.8595607,loss/pose_mean,1.2180973291397095
461,1789132166.8595607,lr/attention.decay,0.0
461,1789132166.8595607,lr/attention.no_decay,0.0
461,1789132166.8595607,lr/backbone.decay,0.0
461,1789132166.8595607,lr/backbone.no_decay,0.0
461,1789132166.8595607,lr/detect_head.decay,0.0
461,1789132166.8595607,lr/detect_head.no_decay,0.0
461,1789132166.8595607,lr/neck.decay,0.0
461,1789132166.8595607,lr/neck.no_decay,0.0
461,1789132166.8595607,lr/pose_head.decay,9.957147595654875e-06
461,1789132166.8595607,lr/pose_head.no_decay,9.957147595654875e-06
461,1789132166.8595607,pose/component_0,0.8266978859901428
461,1789132166.8595607,pose/component_1,0.014151236042380333
461,1789132166.8595607,pose/component_2,0.005804900545626879
461,1789132166.8595607,pose/component_3,0.34341058135032654
461,1789132166.8595607,pose/component_4,0.0021466328762471676
461,1789132166.8595607,pose/component_5,0.0
462,1789132167.0542204,amp/overflow_retries,0.0
462,1789132167.0542204,amp/scale,32.0
462,1789132167.0542204,gradient/clipped_norm,349.32818603515625
462,1789132167.0542204,images/detect,0.0
462,1789132167.0542204,images/pose,16.0
462,1789132167.0542204,loss/backward,75.90866088867188
462,1789132167.0542204,loss/detect_mean,0.0
462,1789132167.0542204,loss/joint_mean,1.186072826385498
462,1789132167.0542204,loss/pose_mean,1.186072826385498
462,1789132167.0542204,lr/attention.decay,0.0
462,1789132167.0542204,lr/attention.no_decay,0.0
462,1789132167.0542204,lr/backbone.decay,0.0
462,1789132167.0542204,lr/backbone.no_decay,0.0
462,1789132167.0542204,lr/detect_head.decay,0.0
462,1789132167.0542204,lr/detect_head.no_decay,0.0
462,1789132167.0542204,lr/neck.decay,0.0
462,1789132167.0542204,lr/neck.no_decay,0.0
462,1789132167.0542204,lr/pose_head.decay,9.956171015612219e-06
462,1789132167.0542204,lr/pose_head.no_decay,9.956171015612219e-06
462,1789132167.0542204,pose/component_0,0.8799258470535278
462,1789132167.0542204,pose/component_1,0.016111189499497414
462,1789132167.0542204,pose/component_2,0.011391965672373772
462,1789132167.0542204,pose/component_3,0.4438322186470032
462,1789132167.0542204,pose/component_4,0.003334861248731613
462,1789132167.0542204,pose/component_5,0.0
463,1789132167.2499657,amp/overflow_retries,0.0
463,1789132167.2499657,amp/scale,32.0
463,1789132167.2499657,gradient/clipped_norm,356.8257751464844
463,1789132167.2499657,images/detect,0.0
463,1789132167.2499657,images/pose,16.0
463,1789132167.2499657,loss/backward,81.66856384277344
463,1789132167.2499657,loss/detect_mean,0.0
463,1789132167.2499657,loss/joint_mean,1.276071310043335
463,1789132167.2499657,loss/pose_mean,1.276071310043335
463,1789132167.2499657,lr/attention.decay,0.0
463,1789132167.2499657,lr/attention.no_decay,0.0
463,1789132167.2499657,lr/backbone.decay,0.0
463,1789132167.2499657,lr/backbone.no_decay,0.0
463,1789132167.2499657,lr/detect_head.decay,0.0
463,1789132167.2499657,lr/detect_head.no_decay,0.0
463,1789132167.2499657,lr/neck.decay,0.0
463,1789132167.2499657,lr/neck.no_decay,0.0
463,1789132167.2499657,lr/pose_head.decay,9.955183531141296e-06
463,1789132167.2499657,lr/pose_head.no_decay,9.955183531141296e-06
463,1789132167.2499657,pose/component_0,0.7626038193702698
463,1789132167.2499657,pose/component_1,0.012636163271963596
463,1789132167.2499657,pose/component_2,0.05678904056549072
463,1789132167.2499657,pose/component_3,0.41891711950302124
463,1789132167.2499657,pose/component_4,0.0021410337649285793
463,1789132167.2499657,pose/component_5,0.0
464,1789132167.4459581,amp/overflow_retries,0.0
464,1789132167.4459581,amp/scale,32.0
464,1789132167.4459581,gradient/clipped_norm,515.1976928710938
464,1789132167.4459581,images/detect,0.0
464,1789132167.4459581,images/pose,16.0
464,1789132167.4459581,loss/backward,103.03160095214844
464,1789132167.4459581,loss/detect_mean,0.0
464,1789132167.4459581,loss/joint_mean,1.6098687648773193
464,1789132167.4459581,loss/pose_mean,1.6098687648773193
464,1789132167.4459581,lr/attention.decay,0.0
464,1789132167.4459581,lr/attention.no_decay,0.0
464,1789132167.4459581,lr/backbone.decay,0.0
464,1789132167.4459581,lr/backbone.no_decay,0.0
464,1789132167.4459581,lr/detect_head.decay,0.0
464,1789132167.4459581,lr/detect_head.no_decay,0.0
464,1789132167.4459581,lr/neck.decay,0.0
464,1789132167.4459581,lr/neck.no_decay,0.0
464,1789132167.4459581,lr/pose_head.decay,9.954185146626146e-06
464,1789132167.4459581,lr/pose_head.no_decay,9.954185146626146e-06
464,1789132167.4459581,pose/component_0,1.1399295330047607
464,1789132167.4459581,pose/component_1,0.026226971298456192
464,1789132167.4459581,pose/component_2,0.05477038025856018
464,1789132167.4459581,pose/component_3,0.5903664827346802
464,1789132167.4459581,pose/component_4,0.0035660164430737495
464,1789132167.4459581,pose/component_5,0.0
465,1789132167.6407728,amp/overflow_retries,0.0
465,1789132167.6407728,amp/scale,32.0
465,1789132167.6407728,gradient/clipped_norm,2733.2724609375
465,1789132167.6407728,images/detect,0.0
465,1789132167.6407728,images/pose,16.0
465,1789132167.6407728,loss/backward,152.4639129638672
465,1789132167.6407728,loss/detect_mean,0.0
465,1789132167.6407728,loss/joint_mean,2.382248640060425
465,1789132167.6407728,loss/pose_mean,2.382248640060425
465,1789132167.6407728,lr/attention.decay,0.0
465,1789132167.6407728,lr/attention.no_decay,0.0
465,1789132167.6407728,lr/backbone.decay,0.0
465,1789132167.6407728,lr/backbone.no_decay,0.0
465,1789132167.6407728,lr/detect_head.decay,0.0
465,1789132167.6407728,lr/detect_head.no_decay,0.0
465,1789132167.6407728,lr/neck.decay,0.0
465,1789132167.6407728,lr/neck.no_decay,0.0
465,1789132167.6407728,lr/pose_head.decay,9.9531758664992e-06
465,1789132167.6407728,lr/pose_head.no_decay,9.9531758664992e-06
465,1789132167.6407728,pose/component_0,0.7925737500190735
465,1789132167.6407728,pose/component_1,0.23536154627799988
465,1789132167.6407728,pose/component_2,0.002889954252168536
465,1789132167.6407728,pose/component_3,0.34276941418647766
465,1789132167.6407728,pose/component_4,0.0023369905538856983
465,1789132167.6407728,pose/component_5,0.0
466,1789132167.8356419,amp/overflow_retries,0.0
466,1789132167.8356419,amp/scale,32.0
466,1789132167.8356419,gradient/clipped_norm,366.0361022949219
466,1789132167.8356419,images/detect,0.0
466,1789132167.8356419,images/pose,16.0
466,1789132167.8356419,loss/backward,68.7381820678711
466,1789132167.8356419,loss/detect_mean,0.0
466,1789132167.8356419,loss/joint_mean,1.0740340948104858
466,1789132167.8356419,loss/pose_mean,1.0740340948104858
466,1789132167.8356419,lr/attention.decay,0.0
466,1789132167.8356419,lr/attention.no_decay,0.0
466,1789132167.8356419,lr/backbone.decay,0.0
466,1789132167.8356419,lr/backbone.no_decay,0.0
466,1789132167.8356419,lr/detect_head.decay,0.0
466,1789132167.8356419,lr/detect_head.no_decay,0.0
466,1789132167.8356419,lr/neck.decay,0.0
466,1789132167.8356419,lr/neck.no_decay,0.0
466,1789132167.8356419,lr/pose_head.decay,9.952155695241266e-06
466,1789132167.8356419,lr/pose_head.no_decay,9.952155695241266e-06
466,1789132167.8356419,pose/component_0,0.7135658264160156
466,1789132167.8356419,pose/component_1,0.01800508052110672
466,1789132167.8356419,pose/component_2,0.006940450519323349
466,1789132167.8356419,pose/component_3,0.3729449510574341
466,1789132167.8356419,pose/component_4,0.0022418557200580835
466,1789132167.8356419,pose/component_5,0.0
467,1789132168.0323746,amp/overflow_retries,0.0
467,1789132168.0323746,amp/scale,32.0
467,1789132168.0323746,gradient/clipped_norm,329.8743591308594
467,1789132168.0323746,images/detect,0.0
467,1789132168.0323746,images/pose,16.0
467,1789132168.0323746,loss/backward,77.76932525634766
467,1789132168.0323746,loss/detect_mean,0.0
467,1789132168.0323746,loss/joint_mean,1.2151457071304321
467,1789132168.0323746,loss/pose_mean,1.2151457071304321
467,1789132168.0323746,lr/attention.decay,0.0
467,1789132168.0323746,lr/attention.no_decay,0.0
467,1789132168.0323746,lr/backbone.decay,0.0
467,1789132168.0323746,lr/backbone.no_decay,0.0
467,1789132168.0323746,lr/detect_head.decay,0.0
467,1789132168.0323746,lr/detect_head.no_decay,0.0
467,1789132168.0323746,lr/neck.decay,0.0
467,1789132168.0323746,lr/neck.no_decay,0.0
467,1789132168.0323746,lr/pose_head.decay,9.9511246373815e-06
467,1789132168.0323746,lr/pose_head.no_decay,9.9511246373815e-06
467,1789132168.0323746,pose/component_0,0.8453338146209717
467,1789132168.0323746,pose/component_1,0.03788071498274803
467,1789132168.0323746,pose/component_2,0.014184227213263512
467,1789132168.0323746,pose/component_3,0.39221063256263733
467,1789132168.0323746,pose/component_4,0.004062720574438572
467,1789132168.0323746,pose/component_5,0.0
468,1789132168.2277954,amp/overflow_retries,0.0
468,1789132168.2277954,amp/scale,32.0
468,1789132168.2277954,gradient/clipped_norm,317.4896240234375
468,1789132168.2277954,images/detect,0.0
468,1789132168.2277954,images/pose,16.0
468,1789132168.2277954,loss/backward,78.34741973876953
468,1789132168.2277954,loss/detect_mean,0.0
468,1789132168.2277954,loss/joint_mean,1.224178433418274
468,1789132168.2277954,loss/pose_mean,1.224178433418274
468,1789132168.2277954,lr/attention.decay,0.0
468,1789132168.2277954,lr/attention.no_decay,0.0
468,1789132168.2277954,lr/backbone.decay,0.0
468,1789132168.2277954,lr/backbone.no_decay,0.0
468,1789132168.2277954,lr/detect_head.decay,0.0
468,1789132168.2277954,lr/detect_head.no_decay,0.0
468,1789132168.2277954,lr/neck.decay,0.0
468,1789132168.2277954,lr/neck.no_decay,0.0
468,1789132168.2277954,lr/pose_head.decay,9.95008269749739e-06
468,1789132168.2277954,lr/pose_head.no_decay,9.95008269749739e-06
468,1789132168.2277954,pose/component_0,0.884168267250061
468,1789132168.2277954,pose/component_1,0.021960513666272163
468,1789132168.2277954,pose/component_2,0.004749384243041277
468,1789132168.2277954,pose/component_3,0.30237823724746704
468,1789132168.2277954,pose/component_4,0.0028180067893117666
468,1789132168.2277954,pose/component_5,0.0
469,1789132168.4280918,amp/overflow_retries,0.0
469,1789132168.4280918,amp/scale,32.0
469,1789132168.4280918,gradient/clipped_norm,312.9453125
469,1789132168.4280918,images/detect,0.0
469,1789132168.4280918,images/pose,16.0
469,1789132168.4280918,loss/backward,79.85020446777344
469,1789132168.4280918,loss/detect_mean,0.0
469,1789132168.4280918,loss/joint_mean,1.24765944480896
469,1789132168.4280918,loss/pose_mean,1.24765944480896
469,1789132168.4280918,lr/attention.decay,0.0
469,1789132168.4280918,lr/attention.no_decay,0.0
469,1789132168.4280918,lr/backbone.decay,0.0
469,1789132168.4280918,lr/backbone.no_decay,0.0
469,1789132168.4280918,lr/detect_head.decay,0.0
469,1789132168.4280918,lr/detect_head.no_decay,0.0
469,1789132168.4280918,lr/neck.decay,0.0
469,1789132168.4280918,lr/neck.no_decay,0.0
469,1789132168.4280918,lr/pose_head.decay,9.94902988021474e-06
469,1789132168.4280918,lr/pose_head.no_decay,9.94902988021474e-06
469,1789132168.4280918,pose/component_0,0.8900208473205566
469,1789132168.4280918,pose/component_1,0.035650819540023804
469,1789132168.4280918,pose/component_2,0.01770946756005287
469,1789132168.4280918,pose/component_3,0.30432602763175964
469,1789132168.4280918,pose/component_4,0.002400742843747139
469,1789132168.4280918,pose/component_5,0.0
470,1789132168.6229835,amp/overflow_retries,0.0
470,1789132168.6229835,amp/scale,32.0
470,1789132168.6229835,gradient/clipped_norm,338.4928283691406
470,1789132168.6229835,images/detect,0.0
470,1789132168.6229835,images/pose,16.0
470,1789132168.6229835,loss/backward,73.82177734375
470,1789132168.6229835,loss/detect_mean,0.0
470,1789132168.6229835,loss/joint_mean,1.1534652709960938
470,1789132168.6229835,loss/pose_mean,1.1534652709960938
470,1789132168.6229835,lr/attention.decay,0.0
470,1789132168.6229835,lr/attention.no_decay,0.0
470,1789132168.6229835,lr/backbone.decay,0.0
470,1789132168.6229835,lr/backbone.no_decay,0.0
470,1789132168.6229835,lr/detect_head.decay,0.0
470,1789132168.6229835,lr/detect_head.no_decay,0.0
470,1789132168.6229835,lr/neck.decay,0.0
470,1789132168.6229835,lr/neck.no_decay,0.0
470,1789132168.6229835,lr/pose_head.decay,9.947966190207639e-06
470,1789132168.6229835,lr/pose_head.no_decay,9.947966190207639e-06
470,1789132168.6229835,pose/component_0,0.8189327120780945
470,1789132168.6229835,pose/component_1,0.04437892138957977
470,1789132168.6229835,pose/component_2,0.003686780110001564
470,1789132168.6229835,pose/component_3,0.40981054306030273
470,1789132168.6229835,pose/component_4,0.002409744542092085
470,1789132168.6229835,pose/component_5,0.0
471,1789132168.8181841,amp/overflow_retries,0.0
471,1789132168.8181841,amp/scale,32.0
471,1789132168.8181841,gradient/clipped_norm,289.29925537109375
471,1789132168.8181841,images/detect,0.0
471,1789132168.8181841,images/pose,16.0
471,1789132168.8181841,loss/backward,75.86359405517578
471,1789132168.8181841,loss/detect_mean,0.0
471,1789132168.8181841,loss/joint_mean,1.1853686571121216
471,1789132168.8181841,loss/pose_mean,1.1853686571121216
471,1789132168.8181841,lr/attention.decay,0.0
471,1789132168.8181841,lr/attention.no_decay,0.0
471,1789132168.8181841,lr/backbone.decay,0.0
471,1789132168.8181841,lr/backbone.no_decay,0.0
471,1789132168.8181841,lr/detect_head.decay,0.0
471,1789132168.8181841,lr/detect_head.no_decay,0.0
471,1789132168.8181841,lr/neck.decay,0.0
471,1789132168.8181841,lr/neck.no_decay,0.0
471,1789132168.8181841,lr/pose_head.decay,9.946891632198453e-06
471,1789132168.8181841,lr/pose_head.no_decay,9.946891632198453e-06
471,1789132168.8181841,pose/component_0,0.7483108639717102
471,1789132168.8181841,pose/component_1,0.03894922137260437
471,1789132168.8181841,pose/component_2,0.003918465692549944
471,1789132168.8181841,pose/component_3,0.4506307542324066
471,1789132168.8181841,pose/component_4,0.002649165689945221
471,1789132168.8181841,pose/component_5,0.0
472,1789132169.0125945,amp/overflow_retries,0.0
472,1789132169.0125945,amp/scale,32.0
472,1789132169.0125945,gradient/clipped_norm,406.07940673828125
472,1789132169.0125945,images/detect,0.0
472,1789132169.0125945,images/pose,16.0
472,1789132169.0125945,loss/backward,84.8443374633789
472,1789132169.0125945,loss/detect_mean,0.0
472,1789132169.0125945,loss/joint_mean,1.3256927728652954
472,1789132169.0125945,loss/pose_mean,1.3256927728652954
472,1789132169.0125945,lr/attention.decay,0.0
472,1789132169.0125945,lr/attention.no_decay,0.0
472,1789132169.0125945,lr/backbone.decay,0.0
472,1789132169.0125945,lr/backbone.no_decay,0.0
472,1789132169.0125945,lr/detect_head.decay,0.0
472,1789132169.0125945,lr/detect_head.no_decay,0.0
472,1789132169.0125945,lr/neck.decay,0.0
472,1789132169.0125945,lr/neck.no_decay,0.0
472,1789132169.0125945,lr/pose_head.decay,9.945806210957791e-06
472,1789132169.0125945,lr/pose_head.no_decay,9.945806210957791e-06
472,1789132169.0125945,pose/component_0,0.837436854839325
472,1789132169.0125945,pose/component_1,0.016763588413596153
472,1789132169.0125945,pose/component_2,0.007528301794081926
472,1789132169.0125945,pose/component_3,0.7270212769508362
472,1789132169.0125945,pose/component_4,0.002169730607420206
472,1789132169.0125945,pose/component_5,0.0
473,1789132169.2128227,amp/overflow_retries,0.0
473,1789132169.2128227,amp/scale,32.0
473,1789132169.2128227,gradient/clipped_norm,341.1197814941406
473,1789132169.2128227,images/detect,0.0
473,1789132169.2128227,images/pose,16.0
473,1789132169.2128227,loss/backward,77.84676361083984
473,1789132169.2128227,loss/detect_mean,0.0
473,1789132169.2128227,loss/joint_mean,1.2163556814193726
473,1789132169.2128227,loss/pose_mean,1.2163556814193726
473,1789132169.2128227,lr/attention.decay,0.0
473,1789132169.2128227,lr/attention.no_decay,0.0
473,1789132169.2128227,lr/backbone.decay,0.0
473,1789132169.2128227,lr/backbone.no_decay,0.0
473,1789132169.2128227,lr/detect_head.decay,0.0
473,1789132169.2128227,lr/detect_head.no_decay,0.0
473,1789132169.2128227,lr/neck.decay,0.0
473,1789132169.2128227,lr/neck.no_decay,0.0
473,1789132169.2128227,lr/pose_head.decay,9.944709931304499e-06
473,1789132169.2128227,lr/pose_head.no_decay,9.944709931304499e-06
473,1789132169.2128227,pose/component_0,0.7958343029022217
473,1789132169.2128227,pose/component_1,0.018475975841283798
473,1789132169.2128227,pose/component_2,0.024253183975815773
473,1789132169.2128227,pose/component_3,0.3259313404560089
473,1789132169.2128227,pose/component_4,0.004746782593429089
473,1789132169.2128227,pose/component_5,0.0
474,1789132169.4080539,amp/overflow_retries,0.0
474,1789132169.4080539,amp/scale,32.0
474,1789132169.4080539,gradient/clipped_norm,362.5023498535156
474,1789132169.4080539,images/detect,0.0
474,1789132169.4080539,images/pose,16.0
474,1789132169.4080539,loss/backward,67.2922134399414
474,1789132169.4080539,loss/detect_mean,0.0
474,1789132169.4080539,loss/joint_mean,1.0514408349990845
474,1789132169.4080539,loss/pose_mean,1.0514408349990845
474,1789132169.4080539,lr/attention.decay,0.0
474,1789132169.4080539,lr/attention.no_decay,0.0
474,1789132169.4080539,lr/backbone.decay,0.0
474,1789132169.4080539,lr/backbone.no_decay,0.0
474,1789132169.4080539,lr/detect_head.decay,0.0
474,1789132169.4080539,lr/detect_head.no_decay,0.0
474,1789132169.4080539,lr/neck.decay,0.0
474,1789132169.4080539,lr/neck.no_decay,0.0
474,1789132169.4080539,lr/pose_head.decay,9.943602798105622e-06
474,1789132169.4080539,lr/pose_head.no_decay,9.943602798105622e-06
474,1789132169.4080539,pose/component_0,0.5798650979995728
474,1789132169.4080539,pose/component_1,0.023431044071912766
474,1789132169.4080539,pose/component_2,0.06629180163145065
474,1789132169.4080539,pose/component_3,0.2938878834247589
474,1789132169.4080539,pose/component_4,0.0016686151502653956
474,1789132169.4080539,pose/component_5,0.0
475,1789132170.0197546,amp/overflow_retries,0.0
475,1789132170.0197546,amp/scale,32.0
475,1789132170.0197546,gradient/clipped_norm,328.6315612792969
475,1789132170.0197546,images/detect,0.0
475,1789132170.0197546,images/pose,16.0
475,1789132170.0197546,loss/backward,76.2359390258789
475,1789132170.0197546,loss/detect_mean,0.0
475,1789132170.0197546,loss/joint_mean,1.191186547279358
475,1789132170.0197546,loss/pose_mean,1.191186547279358
475,1789132170.0197546,lr/attention.decay,0.0
475,1789132170.0197546,lr/attention.no_decay,0.0
475,1789132170.0197546,lr/backbone.decay,0.0
475,1789132170.0197546,lr/backbone.no_decay,0.0
475,1789132170.0197546,lr/detect_head.decay,0.0
475,1789132170.0197546,lr/detect_head.no_decay,0.0
475,1789132170.0197546,lr/neck.decay,0.0
475,1789132170.0197546,lr/neck.no_decay,0.0
475,1789132170.0197546,lr/pose_head.decay,9.942484816276395e-06
475,1789132170.0197546,lr/pose_head.no_decay,9.942484816276395e-06
475,1789132170.0197546,pose/component_0,0.7850784659385681
475,1789132170.0197546,pose/component_1,0.011938615702092648
475,1789132170.0197546,pose/component_2,0.01900048926472664
475,1789132170.0197546,pose/component_3,0.4271474778652191
475,1789132170.0197546,pose/component_4,0.0028812000527977943
475,1789132170.0197546,pose/component_5,0.0
476,1789132170.215004,amp/overflow_retries,0.0
476,1789132170.215004,amp/scale,32.0
476,1789132170.215004,gradient/clipped_norm,347.8509216308594
476,1789132170.215004,images/detect,0.0
476,1789132170.215004,images/pose,16.0
476,1789132170.215004,loss/backward,81.92784118652344
476,1789132170.215004,loss/detect_mean,0.0
476,1789132170.215004,loss/joint_mean,1.2801225185394287
476,1789132170.215004,loss/pose_mean,1.2801225185394287
476,1789132170.215004,lr/attention.decay,0.0
476,1789132170.215004,lr/attention.no_decay,0.0
476,1789132170.215004,lr/backbone.decay,0.0
476,1789132170.215004,lr/backbone.no_decay,0.0
476,1789132170.215004,lr/detect_head.decay,0.0
476,1789132170.215004,lr/detect_head.no_decay,0.0
476,1789132170.215004,lr/neck.decay,0.0
476,1789132170.215004,lr/neck.no_decay,0.0
476,1789132170.215004,lr/pose_head.decay,9.941355990780213e-06
476,1789132170.215004,lr/pose_head.no_decay,9.941355990780213e-06
476,1789132170.215004,pose/component_0,0.904943585395813
476,1789132170.215004,pose/component_1,0.01831955835223198
476,1789132170.215004,pose/component_2,0.0030513533856719732
476,1789132170.215004,pose/component_3,0.3604303002357483
476,1789132170.215004,pose/component_4,0.0035656301770359278
476,1789132170.215004,pose/component_5,0.0
477,1789132170.4137447,amp/overflow_retries,0.0
477,1789132170.4137447,amp/scale,32.0
477,1789132170.4137447,gradient/clipped_norm,339.38677978515625
477,1789132170.4137447,images/detect,0.0
477,1789132170.4137447,images/pose,16.0
477,1789132170.4137447,loss/backward,87.77079772949219
477,1789132170.4137447,loss/detect_mean,0.0
477,1789132170.4137447,loss/joint_mean,1.3714187145233154
477,1789132170.4137447,loss/pose_mean,1.3714187145233154
477,1789132170.4137447,lr/attention.decay,0.0
477,1789132170.4137447,lr/attention.no_decay,0.0
477,1789132170.4137447,lr/backbone.decay,0.0
477,1789132170.4137447,lr/backbone.no_decay,0.0
477,1789132170.4137447,lr/detect_head.decay,0.0
477,1789132170.4137447,lr/detect_head.no_decay,0.0
477,1789132170.4137447,lr/neck.decay,0.0
477,1789132170.4137447,lr/neck.no_decay,0.0
477,1789132170.4137447,lr/pose_head.decay,9.940216326628617e-06
477,1789132170.4137447,lr/pose_head.no_decay,9.940216326628617e-06
477,1789132170.4137447,pose/component_0,0.9812461733818054
477,1789132170.4137447,pose/component_1,0.043407559394836426
477,1789132170.4137447,pose/component_2,0.004768205340951681
477,1789132170.4137447,pose/component_3,0.41504713892936707
477,1789132170.4137447,pose/component_4,0.0027799680829048157
477,1789132170.4137447,pose/component_5,0.0
478,1789132170.779696,amp/overflow_retries,0.0
478,1789132170.779696,amp/scale,32.0
478,1789132170.779696,gradient/clipped_norm,361.9046936035156
478,1789132170.779696,images/detect,0.0
478,1789132170.779696,images/pose,16.0
478,1789132170.779696,loss/backward,70.65730285644531
478,1789132170.779696,loss/detect_mean,0.0
478,1789132170.779696,loss/joint_mean,1.104020357131958
478,1789132170.779696,loss/pose_mean,1.104020357131958
478,1789132170.779696,lr/attention.decay,0.0
478,1789132170.779696,lr/attention.no_decay,0.0
478,1789132170.779696,lr/backbone.decay,0.0
478,1789132170.779696,lr/backbone.no_decay,0.0
478,1789132170.779696,lr/detect_head.decay,0.0
478,1789132170.779696,lr/detect_head.no_decay,0.0
478,1789132170.779696,lr/neck.decay,0.0
478,1789132170.779696,lr/neck.no_decay,0.0
478,1789132170.779696,lr/pose_head.decay,9.939065828881269e-06
478,1789132170.779696,lr/pose_head.no_decay,9.939065828881269e-06
478,1789132170.779696,pose/component_0,0.7813565731048584
478,1789132170.779696,pose/component_1,0.03743952512741089
478,1789132170.779696,pose/component_2,0.002157812938094139
478,1789132170.779696,pose/component_3,0.3505859375
478,1789132170.779696,pose/component_4,0.0016878030728548765
478,1789132170.779696,pose/component_5,0.0
479,1789132170.9750438,amp/overflow_retries,0.0
479,1789132170.9750438,amp/scale,32.0
479,1789132170.9750438,gradient/clipped_norm,486.8556823730469
479,1789132170.9750438,images/detect,0.0
479,1789132170.9750438,images/pose,16.0
479,1789132170.9750438,loss/backward,80.80099487304688
479,1789132170.9750438,loss/detect_mean,0.0
479,1789132170.9750438,loss/joint_mean,1.2625155448913574
479,1789132170.9750438,loss/pose_mean,1.2625155448913574
479,1789132170.9750438,lr/attention.decay,0.0
479,1789132170.9750438,lr/attention.no_decay,0.0
479,1789132170.9750438,lr/backbone.decay,0.0
479,1789132170.9750438,lr/backbone.no_decay,0.0
479,1789132170.9750438,lr/detect_head.decay,0.0
479,1789132170.9750438,lr/detect_head.no_decay,0.0
479,1789132170.9750438,lr/neck.decay,0.0
479,1789132170.9750438,lr/neck.no_decay,0.0
479,1789132170.9750438,lr/pose_head.decay,9.937904502645917e-06
479,1789132170.9750438,lr/pose_head.no_decay,9.937904502645917e-06
479,1789132170.9750438,pose/component_0,0.9371820688247681
479,1789132170.9750438,pose/component_1,0.02239169180393219
479,1789132170.9750438,pose/component_2,0.0012801429256796837
479,1789132170.9750438,pose/component_3,0.423523873090744
479,1789132170.9750438,pose/component_4,0.0018749674782156944
479,1789132170.9750438,pose/component_5,0.0
480,1789132171.170437,amp/overflow_retries,0.0
480,1789132171.170437,amp/scale,32.0
480,1789132171.170437,gradient/clipped_norm,491.9290771484375
480,1789132171.170437,images/detect,0.0
480,1789132171.170437,images/pose,16.0
480,1789132171.170437,loss/backward,83.44285583496094
480,1789132171.170437,loss/detect_mean,0.0
480,1789132171.170437,loss/joint_mean,1.3037946224212646
480,1789132171.170437,loss/pose_mean,1.3037946224212646
480,1789132171.170437,lr/attention.decay,0.0
480,1789132171.170437,lr/attention.no_decay,0.0
480,1789132171.170437,lr/backbone.decay,0.0
480,1789132171.170437,lr/backbone.no_decay,0.0
480,1789132171.170437,lr/detect_head.decay,0.0
480,1789132171.170437,lr/detect_head.no_decay,0.0
480,1789132171.170437,lr/neck.decay,0.0
480,1789132171.170437,lr/neck.no_decay,0.0
480,1789132171.170437,lr/pose_head.decay,9.936732353078393e-06
480,1789132171.170437,lr/pose_head.no_decay,9.936732353078393e-06
480,1789132171.170437,pose/component_0,0.8265571594238281
480,1789132171.170437,pose/component_1,0.026219245046377182
480,1789132171.170437,pose/component_2,0.0021724409889429808
480,1789132171.170437,pose/component_3,0.40169525146484375
480,1789132171.170437,pose/component_4,0.0017485449789091945
480,1789132171.170437,pose/component_5,0.0
481,1789132171.3660152,amp/overflow_retries,0.0
481,1789132171.3660152,amp/scale,32.0
481,1789132171.3660152,gradient/clipped_norm,2128.028076171875
481,1789132171.3660152,images/detect,0.0
481,1789132171.3660152,images/pose,16.0
481,1789132171.3660152,loss/backward,88.19245910644531
481,1789132171.3660152,loss/detect_mean,0.0
481,1789132171.3660152,loss/joint_mean,1.378007173538208
481,1789132171.3660152,loss/pose_mean,1.378007173538208
481,1789132171.3660152,lr/attention.decay,0.0
481,1789132171.3660152,lr/attention.no_decay,0.0
481,1789132171.3660152,lr/backbone.decay,0.0
481,1789132171.3660152,lr/backbone.no_decay,0.0
481,1789132171.3660152,lr/detect_head.decay,0.0
481,1789132171.3660152,lr/detect_head.no_decay,0.0
481,1789132171.3660152,lr/neck.decay,0.0
481,1789132171.3660152,lr/neck.no_decay,0.0
481,1789132171.3660152,lr/pose_head.decay,9.93554938538258e-06
481,1789132171.3660152,lr/pose_head.no_decay,9.93554938538258e-06
481,1789132171.3660152,pose/component_0,0.8846848011016846
481,1789132171.3660152,pose/component_1,0.028451034799218178
481,1789132171.3660152,pose/component_2,0.004499561153352261
481,1789132171.3660152,pose/component_3,0.441893607378006
481,1789132171.3660152,pose/component_4,0.004772716201841831
481,1789132171.3660152,pose/component_5,0.0
482,1789132171.560842,amp/overflow_retries,0.0
482,1789132171.560842,amp/scale,32.0
482,1789132171.560842,gradient/clipped_norm,456.97607421875
482,1789132171.560842,images/detect,0.0
482,1789132171.560842,images/pose,16.0
482,1789132171.560842,loss/backward,95.45865631103516
482,1789132171.560842,loss/detect_mean,0.0
482,1789132171.560842,loss/joint_mean,1.4915415048599243
482,1789132171.560842,loss/pose_mean,1.4915415048599243
482,1789132171.560842,lr/attention.decay,0.0
482,1789132171.560842,lr/attention.no_decay,0.0
482,1789132171.560842,lr/backbone.decay,0.0
482,1789132171.560842,lr/backbone.no_decay,0.0
482,1789132171.560842,lr/detect_head.decay,0.0
482,1789132171.560842,lr/detect_head.no_decay,0.0
482,1789132171.560842,lr/neck.decay,0.0
482,1789132171.560842,lr/neck.no_decay,0.0
482,1789132171.560842,lr/pose_head.decay,9.934355604810386e-06
482,1789132171.560842,lr/pose_head.no_decay,9.934355604810386e-06
482,1789132171.560842,pose/component_0,1.1032776832580566
482,1789132171.560842,pose/component_1,0.02058030664920807
482,1789132171.560842,pose/component_2,0.028608230873942375
482,1789132171.560842,pose/component_3,0.3790850043296814
482,1789132171.560842,pose/component_4,0.002529809484258294
482,1789132171.560842,pose/component_5,0.0
483,1789132171.7556982,amp/overflow_retries,0.0
483,1789132171.7556982,amp/scale,32.0
483,1789132171.7556982,gradient/clipped_norm,461.92327880859375
483,1789132171.7556982,images/detect,0.0
483,1789132171.7556982,images/pose,16.0
483,1789132171.7556982,loss/backward,83.32026672363281
483,1789132171.7556982,loss/detect_mean,0.0
483,1789132171.7556982,loss/joint_mean,1.3018791675567627
483,1789132171.7556982,loss/pose_mean,1.3018791675567627
483,1789132171.7556982,lr/attention.decay,0.0
483,1789132171.7556982,lr/attention.no_decay,0.0
483,1789132171.7556982,lr/backbone.decay,0.0
483,1789132171.7556982,lr/backbone.no_decay,0.0
483,1789132171.7556982,lr/detect_head.decay,0.0
483,1789132171.7556982,lr/detect_head.no_decay,0.0
483,1789132171.7556982,lr/neck.decay,0.0
483,1789132171.7556982,lr/neck.no_decay,0.0
483,1789132171.7556982,lr/pose_head.decay,9.933151016661722e-06
483,1789132171.7556982,lr/pose_head.no_decay,9.933151016661722e-06
483,1789132171.7556982,pose/component_0,0.8782235980033875
483,1789132171.7556982,pose/component_1,0.011461690999567509
483,1789132171.7556982,pose/component_2,0.0029409590642899275
483,1789132171.7556982,pose/component_3,0.4096766710281372
483,1789132171.7556982,pose/component_4,0.0028888985980302095
483,1789132171.7556982,pose/component_5,0.0
484,1789132171.950597,amp/overflow_retries,0.0
484,1789132171.950597,amp/scale,32.0
484,1789132171.950597,gradient/clipped_norm,400.20263671875
484,1789132171.950597,images/detect,0.0
484,1789132171.950597,images/pose,16.0
484,1789132171.950597,loss/backward,81.99491882324219
484,1789132171.950597,loss/detect_mean,0.0
484,1789132171.950597,loss/joint_mean,1.2811706066131592
484,1789132171.950597,loss/pose_mean,1.2811706066131592
484,1789132171.950597,lr/attention.decay,0.0
484,1789132171.950597,lr/attention.no_decay,0.0
484,1789132171.950597,lr/backbone.decay,0.0
484,1789132171.950597,lr/backbone.no_decay,0.0
484,1789132171.950597,lr/detect_head.decay,0.0
484,1789132171.950597,lr/detect_head.no_decay,0.0
484,1789132171.950597,lr/neck.decay,0.0
484,1789132171.950597,lr/neck.no_decay,0.0
484,1789132171.950597,lr/pose_head.decay,9.931935626284485e-06
484,1789132171.950597,lr/pose_head.no_decay,9.931935626284485e-06
484,1789132171.950597,pose/component_0,0.9383322596549988
484,1789132171.950597,pose/component_1,0.012274395674467087
484,1789132171.950597,pose/component_2,0.005372951738536358
484,1789132171.950597,pose/component_3,0.4594910740852356
484,1789132171.950597,pose/component_4,0.003263727994635701
484,1789132171.950597,pose/component_5,0.0
485,1789132172.1463134,amp/overflow_retries,0.0
485,1789132172.1463134,amp/scale,32.0
485,1789132172.1463134,gradient/clipped_norm,350.9439697265625
485,1789132172.1463134,images/detect,0.0
485,1789132172.1463134,images/pose,16.0
485,1789132172.1463134,loss/backward,78.38845825195312
485,1789132172.1463134,loss/detect_mean,0.0
485,1789132172.1463134,loss/joint_mean,1.2248196601867676
485,1789132172.1463134,loss/pose_mean,1.2248196601867676
485,1789132172.1463134,lr/attention.decay,0.0
485,1789132172.1463134,lr/attention.no_decay,0.0
485,1789132172.1463134,lr/backbone.decay,0.0
485,1789132172.1463134,lr/backbone.no_decay,0.0
485,1789132172.1463134,lr/detect_head.decay,0.0
485,1789132172.1463134,lr/detect_head.no_decay,0.0
485,1789132172.1463134,lr/neck.decay,0.0
485,1789132172.1463134,lr/neck.no_decay,0.0
485,1789132172.1463134,lr/pose_head.decay,9.930709439074528e-06
485,1789132172.1463134,lr/pose_head.no_decay,9.930709439074528e-06
485,1789132172.1463134,pose/component_0,0.8767233490943909
485,1789132172.1463134,pose/component_1,0.04843516647815704
485,1789132172.1463134,pose/component_2,0.004671724047511816
485,1789132172.1463134,pose/component_3,0.30495166778564453
485,1789132172.1463134,pose/component_4,0.0025164124090224504
485,1789132172.1463134,pose/component_5,0.0
486,1789132172.3415227,amp/overflow_retries,0.0
486,1789132172.3415227,amp/scale,32.0
486,1789132172.3415227,gradient/clipped_norm,249.8100128173828
486,1789132172.3415227,images/detect,0.0
486,1789132172.3415227,images/pose,16.0
486,1789132172.3415227,loss/backward,65.94047546386719
486,1789132172.3415227,loss/detect_mean,0.0
486,1789132172.3415227,loss/joint_mean,1.0303199291229248
486,1789132172.3415227,loss/pose_mean,1.0303199291229248
486,1789132172.3415227,lr/attention.decay,0.0
486,1789132172.3415227,lr/attention.no_decay,0.0
486,1789132172.3415227,lr/backbone.decay,0.0
486,1789132172.3415227,lr/backbone.no_decay,0.0
486,1789132172.3415227,lr/detect_head.decay,0.0
486,1789132172.3415227,lr/detect_head.no_decay,0.0
486,1789132172.3415227,lr/neck.decay,0.0
486,1789132172.3415227,lr/neck.no_decay,0.0
486,1789132172.3415227,lr/pose_head.decay,9.929472460475639e-06
486,1789132172.3415227,lr/pose_head.no_decay,9.929472460475639e-06
486,1789132172.3415227,pose/component_0,0.7275841236114502
486,1789132172.3415227,pose/component_1,0.015724865719676018
486,1789132172.3415227,pose/component_2,0.007897895760834217
486,1789132172.3415227,pose/component_3,0.2903820872306824
486,1789132172.3415227,pose/component_4,0.002456297632306814
486,1789132172.3415227,pose/component_5,0.0
487,1789132172.53641,amp/overflow_retries,0.0
487,1789132172.53641,amp/scale,32.0
487,1789132172.53641,gradient/clipped_norm,404.94012451171875
487,1789132172.53641,images/detect,0.0
487,1789132172.53641,images/pose,16.0
487,1789132172.53641,loss/backward,84.66313934326172
487,1789132172.53641,loss/detect_mean,0.0
487,1789132172.53641,loss/joint_mean,1.3228615522384644
487,1789132172.53641,loss/pose_mean,1.3228615522384644
487,1789132172.53641,lr/attention.decay,0.0
487,1789132172.53641,lr/attention.no_decay,0.0
487,1789132172.53641,lr/backbone.decay,0.0
487,1789132172.53641,lr/backbone.no_decay,0.0
487,1789132172.53641,lr/detect_head.decay,0.0
487,1789132172.53641,lr/detect_head.no_decay,0.0
487,1789132172.53641,lr/neck.decay,0.0
487,1789132172.53641,lr/neck.no_decay,0.0
487,1789132172.53641,lr/pose_head.decay,9.92822469597951e-06
487,1789132172.53641,lr/pose_head.no_decay,9.92822469597951e-06
487,1789132172.53641,pose/component_0,0.9754725694656372
487,1789132172.53641,pose/component_1,0.030946718528866768
487,1789132172.53641,pose/component_2,0.03206837549805641
487,1789132172.53641,pose/component_3,0.3650458753108978
487,1789132172.53641,pose/component_4,0.0029552755877375603
487,1789132172.53641,pose/component_5,0.0
488,1789132172.7317908,amp/overflow_retries,0.0
488,1789132172.7317908,amp/scale,32.0
488,1789132172.7317908,gradient/clipped_norm,2781.851806640625
488,1789132172.7317908,images/detect,0.0
488,1789132172.7317908,images/pose,16.0
488,1789132172.7317908,loss/backward,79.27163696289062
488,1789132172.7317908,loss/detect_mean,0.0
488,1789132172.7317908,loss/joint_mean,1.238619327545166
488,1789132172.7317908,loss/pose_mean,1.238619327545166
488,1789132172.7317908,lr/attention.decay,0.0
488,1789132172.7317908,lr/attention.no_decay,0.0
488,1789132172.7317908,lr/backbone.decay,0.0
488,1789132172.7317908,lr/backbone.no_decay,0.0
488,1789132172.7317908,lr/detect_head.decay,0.0
488,1789132172.7317908,lr/detect_head.no_decay,0.0
488,1789132172.7317908,lr/neck.decay,0.0
488,1789132172.7317908,lr/neck.no_decay,0.0
488,1789132172.7317908,lr/pose_head.decay,9.926966151125725e-06
488,1789132172.7317908,lr/pose_head.no_decay,9.926966151125725e-06
488,1789132172.7317908,pose/component_0,0.7752556204795837
488,1789132172.7317908,pose/component_1,0.0152966920286417
488,1789132172.7317908,pose/component_2,0.026711169630289078
488,1789132172.7317908,pose/component_3,0.4700286090373993
488,1789132172.7317908,pose/component_4,0.0023148476611822844
488,1789132172.7317908,pose/component_5,0.0
489,1789132172.9268153,amp/overflow_retries,0.0
489,1789132172.9268153,amp/scale,32.0
489,1789132172.9268153,gradient/clipped_norm,888.3737182617188
489,1789132172.9268153,images/detect,0.0
489,1789132172.9268153,images/pose,16.0
489,1789132172.9268153,loss/backward,104.53860473632812
489,1789132172.9268153,loss/detect_mean,0.0
489,1789132172.9268153,loss/joint_mean,1.633415699005127
489,1789132172.9268153,loss/pose_mean,1.633415699005127
489,1789132172.9268153,lr/attention.decay,0.0
489,1789132172.9268153,lr/attention.no_decay,0.0
489,1789132172.9268153,lr/backbone.decay,0.0
489,1789132172.9268153,lr/backbone.no_decay,0.0
489,1789132172.9268153,lr/detect_head.decay,0.0
489,1789132172.9268153,lr/detect_head.no_decay,0.0
489,1789132172.9268153,lr/neck.decay,0.0
489,1789132172.9268153,lr/neck.no_decay,0.0
489,1789132172.9268153,lr/pose_head.decay,9.925696831501727e-06
489,1789132172.9268153,lr/pose_head.no_decay,9.925696831501727e-06
489,1789132172.9268153,pose/component_0,1.213984727859497
489,1789132172.9268153,pose/component_1,0.14416716992855072
489,1789132172.9268153,pose/component_2,0.010860621929168701
489,1789132172.9268153,pose/component_3,0.5245347619056702
489,1789132172.9268153,pose/component_4,0.0024909921921789646
489,1789132172.9268153,pose/component_5,0.0
490,1789132173.121895,amp/overflow_retries,0.0
490,1789132173.121895,amp/scale,32.0
490,1789132173.121895,gradient/clipped_norm,315.36138916015625
490,1789132173.121895,images/detect,0.0
490,1789132173.121895,images/pose,16.0
490,1789132173.121895,loss/backward,82.605712890625
490,1789132173.121895,loss/detect_mean,0.0
490,1789132173.121895,loss/joint_mean,1.2907142639160156
490,1789132173.121895,loss/pose_mean,1.2907142639160156
490,1789132173.121895,lr/attention.decay,0.0
490,1789132173.121895,lr/attention.no_decay,0.0
490,1789132173.121895,lr/backbone.decay,0.0
490,1789132173.121895,lr/backbone.no_decay,0.0
490,1789132173.121895,lr/detect_head.decay,0.0
490,1789132173.121895,lr/detect_head.no_decay,0.0
490,1789132173.121895,lr/neck.decay,0.0
490,1789132173.121895,lr/neck.no_decay,0.0
490,1789132173.121895,lr/pose_head.decay,9.924416742742788e-06
490,1789132173.121895,lr/pose_head.no_decay,9.924416742742788e-06
490,1789132173.121895,pose/component_0,0.8601146936416626
490,1789132173.121895,pose/component_1,0.012830564752221107
490,1789132173.121895,pose/component_2,0.059668559581041336
490,1789132173.121895,pose/component_3,0.29552775621414185
490,1789132173.121895,pose/component_4,0.002632361138239503
490,1789132173.121895,pose/component_5,0.0
491,1789132173.3168638,amp/overflow_retries,0.0
491,1789132173.3168638,amp/scale,32.0
491,1789132173.3168638,gradient/clipped_norm,297.342529296875
491,1789132173.3168638,images/detect,0.0
491,1789132173.3168638,images/pose,16.0
491,1789132173.3168638,loss/backward,75.98582458496094
491,1789132173.3168638,loss/detect_mean,0.0
491,1789132173.3168638,loss/joint_mean,1.1872785091400146
491,1789132173.3168638,loss/pose_mean,1.1872785091400146
491,1789132173.3168638,lr/attention.decay,0.0
491,1789132173.3168638,lr/attention.no_decay,0.0
491,1789132173.3168638,lr/backbone.decay,0.0
491,1789132173.3168638,lr/backbone.no_decay,0.0
491,1789132173.3168638,lr/detect_head.decay,0.0
491,1789132173.3168638,lr/detect_head.no_decay,0.0
491,1789132173.3168638,lr/neck.decay,0.0
491,1789132173.3168638,lr/neck.no_decay,0.0
491,1789132173.3168638,lr/pose_head.decay,9.923125890532002e-06
491,1789132173.3168638,lr/pose_head.no_decay,9.923125890532002e-06
491,1789132173.3168638,pose/component_0,0.8452268242835999
491,1789132173.3168638,pose/component_1,0.013026103377342224
491,1789132173.3168638,pose/component_2,0.0048585860058665276
491,1789132173.3168638,pose/component_3,0.3131892681121826
491,1789132173.3168638,pose/component_4,0.0036211321130394936
491,1789132173.3168638,pose/component_5,0.0
492,1789132173.513278,amp/overflow_retries,0.0
492,1789132173.513278,amp/scale,32.0
492,1789132173.513278,gradient/clipped_norm,277.107421875
492,1789132173.513278,images/detect,0.0
492,1789132173.513278,images/pose,16.0
492,1789132173.513278,loss/backward,60.48213195800781
492,1789132173.513278,loss/detect_mean,0.0
492,1789132173.513278,loss/joint_mean,0.9450333118438721
492,1789132173.513278,loss/pose_mean,0.9450333118438721
492,1789132173.513278,lr/attention.decay,0.0
492,1789132173.513278,lr/attention.no_decay,0.0
492,1789132173.513278,lr/backbone.decay,0.0
492,1789132173.513278,lr/backbone.no_decay,0.0
492,1789132173.513278,lr/detect_head.decay,0.0
492,1789132173.513278,lr/detect_head.no_decay,0.0
492,1789132173.513278,lr/neck.decay,0.0
492,1789132173.513278,lr/neck.no_decay,0.0
492,1789132173.513278,lr/pose_head.decay,9.92182428060024e-06
492,1789132173.513278,lr/pose_head.no_decay,9.92182428060024e-06
492,1789132173.513278,pose/component_0,0.6872467398643494
492,1789132173.513278,pose/component_1,0.014019245281815529
492,1789132173.513278,pose/component_2,0.0017045416170731187
492,1789132173.513278,pose/component_3,0.2930189073085785
492,1789132173.513278,pose/component_4,0.0030938757117837667
492,1789132173.513278,pose/component_5,0.0
493,1789132173.707977,amp/overflow_retries,0.0
493,1789132173.707977,amp/scale,32.0
493,1789132173.707977,gradient/clipped_norm,337.872314453125
493,1789132173.707977,images/detect,0.0
493,1789132173.707977,images/pose,16.0
493,1789132173.707977,loss/backward,68.57806396484375
493,1789132173.707977,loss/detect_mean,0.0
493,1789132173.707977,loss/joint_mean,1.0715322494506836
493,1789132173.707977,loss/pose_mean,1.0715322494506836
493,1789132173.707977,lr/attention.decay,0.0
493,1789132173.707977,lr/attention.no_decay,0.0
493,1789132173.707977,lr/backbone.decay,0.0
493,1789132173.707977,lr/backbone.no_decay,0.0
493,1789132173.707977,lr/detect_head.decay,0.0
493,1789132173.707977,lr/detect_head.no_decay,0.0
493,1789132173.707977,lr/neck.decay,0.0
493,1789132173.707977,lr/neck.no_decay,0.0
493,1789132173.707977,lr/pose_head.decay,9.920511918726132e-06
493,1789132173.707977,lr/pose_head.no_decay,9.920511918726132e-06
493,1789132173.707977,pose/component_0,0.7640826106071472
493,1789132173.707977,pose/component_1,0.012452487833797932
493,1789132173.707977,pose/component_2,0.004720068536698818
493,1789132173.707977,pose/component_3,0.3293529152870178
493,1789132173.707977,pose/component_4,0.0018199929036200047
493,1789132173.707977,pose/component_5,0.0
494,1789132173.9037888,amp/overflow_retries,0.0
494,1789132173.9037888,amp/scale,32.0
494,1789132173.9037888,gradient/clipped_norm,279.6233825683594
494,1789132173.9037888,images/detect,0.0
494,1789132173.9037888,images/pose,16.0
494,1789132173.9037888,loss/backward,69.48442077636719
494,1789132173.9037888,loss/detect_mean,0.0
494,1789132173.9037888,loss/joint_mean,1.0856940746307373
494,1789132173.9037888,loss/pose_mean,1.0856940746307373
494,1789132173.9037888,lr/attention.decay,0.0
494,1789132173.9037888,lr/attention.no_decay,0.0
494,1789132173.9037888,lr/backbone.decay,0.0
494,1789132173.9037888,lr/backbone.no_decay,0.0
494,1789132173.9037888,lr/detect_head.decay,0.0
494,1789132173.9037888,lr/detect_head.no_decay,0.0
494,1789132173.9037888,lr/neck.decay,0.0
494,1789132173.9037888,lr/neck.no_decay,0.0
494,1789132173.9037888,lr/pose_head.decay,9.919188810736051e-06
494,1789132173.9037888,lr/pose_head.no_decay,9.919188810736051e-06
494,1789132173.9037888,pose/component_0,0.7241718173027039
494,1789132173.9037888,pose/component_1,0.03241075575351715
494,1789132173.9037888,pose/component_2,0.007884149439632893
494,1789132173.9037888,pose/component_3,0.35825568437576294
494,1789132173.9037888,pose/component_4,0.0019803023897111416
494,1789132173.9037888,pose/component_5,0.0
495,1789132174.0994165,amp/overflow_retries,0.0
495,1789132174.0994165,amp/scale,32.0
495,1789132174.0994165,gradient/clipped_norm,317.33721923828125
495,1789132174.0994165,images/detect,0.0
495,1789132174.0994165,images/pose,16.0
495,1789132174.0994165,loss/backward,63.922035217285156
495,1789132174.0994165,loss/detect_mean,0.0
495,1789132174.0994165,loss/joint_mean,0.9987818002700806
495,1789132174.0994165,loss/pose_mean,0.9987818002700806
495,1789132174.0994165,lr/attention.decay,0.0
495,1789132174.0994165,lr/attention.no_decay,0.0
495,1789132174.0994165,lr/backbone.decay,0.0
495,1789132174.0994165,lr/backbone.no_decay,0.0
495,1789132174.0994165,lr/detect_head.decay,0.0
495,1789132174.0994165,lr/detect_head.no_decay,0.0
495,1789132174.0994165,lr/neck.decay,0.0
495,1789132174.0994165,lr/neck.no_decay,0.0
495,1789132174.0994165,lr/pose_head.decay,9.917854962504071e-06
495,1789132174.0994165,lr/pose_head.no_decay,9.917854962504071e-06
495,1789132174.0994165,pose/component_0,0.7168965339660645
495,1789132174.0994165,pose/component_1,0.015407495200634003
495,1789132174.0994165,pose/component_2,0.004743124358355999
495,1789132174.0994165,pose/component_3,0.25688403844833374
495,1789132174.0994165,pose/component_4,0.0020792940631508827
495,1789132174.0994165,pose/component_5,0.0
496,1789132174.295032,amp/overflow_retries,0.0
496,1789132174.295032,amp/scale,32.0
496,1789132174.295032,gradient/clipped_norm,402.34405517578125
496,1789132174.295032,images/detect,0.0
496,1789132174.295032,images/pose,16.0
496,1789132174.295032,loss/backward,86.86243438720703
496,1789132174.295032,loss/detect_mean,0.0
496,1789132174.295032,loss/joint_mean,1.3572255373001099
496,1789132174.295032,loss/pose_mean,1.3572255373001099
496,1789132174.295032,lr/attention.decay,0.0
496,1789132174.295032,lr/attention.no_decay,0.0
496,1789132174.295032,lr/backbone.decay,0.0
496,1789132174.295032,lr/backbone.no_decay,0.0
496,1789132174.295032,lr/detect_head.decay,0.0
496,1789132174.295032,lr/detect_head.no_decay,0.0
496,1789132174.295032,lr/neck.decay,0.0
496,1789132174.295032,lr/neck.no_decay,0.0
496,1789132174.295032,lr/pose_head.decay,9.916510379951951e-06
496,1789132174.295032,lr/pose_head.no_decay,9.916510379951951e-06
496,1789132174.295032,pose/component_0,1.1273928880691528
496,1789132174.295032,pose/component_1,0.02052164077758789
496,1789132174.295032,pose/component_2,0.003761587431654334
496,1789132174.295032,pose/component_3,0.39229825139045715
496,1789132174.295032,pose/component_4,0.0031393684912472963
496,1789132174.295032,pose/component_5,0.0
497,1789132174.491342,amp/overflow_retries,0.0
497,1789132174.491342,amp/scale,32.0
497,1789132174.491342,gradient/clipped_norm,308.0321350097656
497,1789132174.491342,images/detect,0.0
497,1789132174.491342,images/pose,16.0
497,1789132174.491342,loss/backward,69.52782440185547
497,1789132174.491342,loss/detect_mean,0.0
497,1789132174.491342,loss/joint_mean,1.0863722562789917
497,1789132174.491342,loss/pose_mean,1.0863722562789917
497,1789132174.491342,lr/attention.decay,0.0
497,1789132174.491342,lr/attention.no_decay,0.0
497,1789132174.491342,lr/backbone.decay,0.0
497,1789132174.491342,lr/backbone.no_decay,0.0
497,1789132174.491342,lr/detect_head.decay,0.0
497,1789132174.491342,lr/detect_head.no_decay,0.0
497,1789132174.491342,lr/neck.decay,0.0
497,1789132174.491342,lr/neck.no_decay,0.0
497,1789132174.491342,lr/pose_head.decay,9.915155069049107e-06
497,1789132174.491342,lr/pose_head.no_decay,9.915155069049107e-06
497,1789132174.491342,pose/component_0,0.6855418682098389
497,1789132174.491342,pose/component_1,0.027282830327749252
497,1789132174.491342,pose/component_2,0.0012952787801623344
497,1789132174.491342,pose/component_3,0.35557401180267334
497,1789132174.491342,pose/component_4,0.002180629177019
497,1789132174.491342,pose/component_5,0.0
498,1789132174.6861084,amp/overflow_retries,0.0
498,1789132174.6861084,amp/scale,32.0
498,1789132174.6861084,gradient/clipped_norm,247.34951782226562
498,1789132174.6861084,images/detect,0.0
498,1789132174.6861084,images/pose,16.0
498,1789132174.6861084,loss/backward,65.56706237792969
498,1789132174.6861084,loss/detect_mean,0.0
498,1789132174.6861084,loss/joint_mean,1.0244853496551514
498,1789132174.6861084,loss/pose_mean,1.0244853496551514
498,1789132174.6861084,lr/attention.decay,0.0
498,1789132174.6861084,lr/attention.no_decay,0.0
498,1789132174.6861084,lr/backbone.decay,0.0
498,1789132174.6861084,lr/backbone.no_decay,0.0
498,1789132174.6861084,lr/detect_head.decay,0.0
498,1789132174.6861084,lr/detect_head.no_decay,0.0
498,1789132174.6861084,lr/neck.decay,0.0
498,1789132174.6861084,lr/neck.no_decay,0.0
498,1789132174.6861084,lr/pose_head.decay,9.913789035812582e-06
498,1789132174.6861084,lr/pose_head.no_decay,9.913789035812582e-06
498,1789132174.6861084,pose/component_0,0.7653983235359192
498,1789132174.6861084,pose/component_1,0.02098415046930313
498,1789132174.6861084,pose/component_2,0.02384752407670021
498,1789132174.6861084,pose/component_3,0.2384060174226761
498,1789132174.6861084,pose/component_4,0.0031481278128921986
498,1789132174.6861084,pose/component_5,0.0
499,1789132174.881992,amp/overflow_retries,0.0
499,1789132174.881992,amp/scale,32.0
499,1789132174.881992,gradient/clipped_norm,365.7063903808594
499,1789132174.881992,images/detect,0.0
499,1789132174.881992,images/pose,16.0
499,1789132174.881992,loss/backward,70.80998229980469
499,1789132174.881992,loss/detect_mean,0.0
499,1789132174.881992,loss/joint_mean,1.1064059734344482
499,1789132174.881992,loss/pose_mean,1.1064059734344482
499,1789132174.881992,lr/attention.decay,0.0
499,1789132174.881992,lr/attention.no_decay,0.0
499,1789132174.881992,lr/backbone.decay,0.0
499,1789132174.881992,lr/backbone.no_decay,0.0
499,1789132174.881992,lr/detect_head.decay,0.0
499,1789132174.881992,lr/detect_head.no_decay,0.0
499,1789132174.881992,lr/neck.decay,0.0
499,1789132174.881992,lr/neck.no_decay,0.0
499,1789132174.881992,lr/pose_head.decay,9.912412286307026e-06
499,1789132174.881992,lr/pose_head.no_decay,9.912412286307026e-06
499,1789132174.881992,pose/component_0,0.7548884749412537
499,1789132174.881992,pose/component_1,0.012271410785615444
499,1789132174.881992,pose/component_2,0.001979162683710456
499,1789132174.881992,pose/component_3,0.42665228247642517
499,1789132174.881992,pose/component_4,0.0020571553613990545
499,1789132174.881992,pose/component_5,0.0
500,1789132175.0775187,amp/overflow_retries,0.0
500,1789132175.0775187,amp/scale,32.0
500,1789132175.0775187,gradient/clipped_norm,271.892333984375
500,1789132175.0775187,images/detect,0.0
500,1789132175.0775187,images/pose,16.0
500,1789132175.0775187,loss/backward,79.83106994628906
500,1789132175.0775187,loss/detect_mean,0.0
500,1789132175.0775187,loss/joint_mean,1.2473604679107666
500,1789132175.0775187,loss/pose_mean,1.2473604679107666
500,1789132175.0775187,lr/attention.decay,0.0
500,1789132175.0775187,lr/attention.no_decay,0.0
500,1789132175.0775187,lr/backbone.decay,0.0
500,1789132175.0775187,lr/backbone.no_decay,0.0
500,1789132175.0775187,lr/detect_head.decay,0.0
500,1789132175.0775187,lr/detect_head.no_decay,0.0
500,1789132175.0775187,lr/neck.decay,0.0
500,1789132175.0775187,lr/neck.no_decay,0.0
500,1789132175.0775187,lr/pose_head.decay,9.91102482664466e-06
500,1789132175.0775187,lr/pose_head.no_decay,9.91102482664466e-06
500,1789132175.0775187,pose/component_0,0.8478149175643921
500,1789132175.0775187,pose/component_1,0.027157463133335114
500,1789132175.0775187,pose/component_2,0.05722901225090027
500,1789132175.0775187,pose/component_3,0.45939722657203674
500,1789132175.0775187,pose/component_4,0.003149799769744277
500,1789132175.0775187,pose/component_5,0.0
501,1789132175.272466,amp/overflow_retries,0.0
501,1789132175.272466,amp/scale,32.0
501,1789132175.272466,gradient/clipped_norm,2058.653564453125
501,1789132175.272466,images/detect,0.0
501,1789132175.272466,images/pose,16.0
501,1789132175.272466,loss/backward,82.65608215332031
501,1789132175.272466,loss/detect_mean,0.0
501,1789132175.272466,loss/joint_mean,1.2915012836456299
501,1789132175.272466,loss/pose_mean,1.2915012836456299
501,1789132175.272466,lr/attention.decay,0.0
501,1789132175.272466,lr/attention.no_decay,0.0
501,1789132175.272466,lr/backbone.decay,0.0
501,1789132175.272466,lr/backbone.no_decay,0.0
501,1789132175.272466,lr/detect_head.decay,0.0
501,1789132175.272466,lr/detect_head.no_decay,0.0
501,1789132175.272466,lr/neck.decay,0.0
501,1789132175.272466,lr/neck.no_decay,0.0
501,1789132175.272466,lr/pose_head.decay,9.909626662985256e-06
501,1789132175.272466,lr/pose_head.no_decay,9.909626662985256e-06
501,1789132175.272466,pose/component_0,0.8847231268882751
501,1789132175.272466,pose/component_1,0.05598469078540802
501,1789132175.272466,pose/component_2,0.021553819999098778
501,1789132175.272466,pose/component_3,0.3556828200817108
501,1789132175.272466,pose/component_4,0.002956270705908537
501,1789132175.272466,pose/component_5,0.0
502,1789132175.4678702,amp/overflow_retries,0.0
502,1789132175.4678702,amp/scale,32.0
502,1789132175.4678702,gradient/clipped_norm,380.3604736328125
502,1789132175.4678702,images/detect,0.0
502,1789132175.4678702,images/pose,16.0
502,1789132175.4678702,loss/backward,77.99226379394531
502,1789132175.4678702,loss/detect_mean,0.0
502,1789132175.4678702,loss/joint_mean,1.2186291217803955
502,1789132175.4678702,loss/pose_mean,1.2186291217803955
502,1789132175.4678702,lr/attention.decay,0.0
502,1789132175.4678702,lr/attention.no_decay,0.0
502,1789132175.4678702,lr/backbone.decay,0.0
502,1789132175.4678702,lr/backbone.no_decay,0.0
502,1789132175.4678702,lr/detect_head.decay,0.0
502,1789132175.4678702,lr/detect_head.no_decay,0.0
502,1789132175.4678702,lr/neck.decay,0.0
502,1789132175.4678702,lr/neck.no_decay,0.0
502,1789132175.4678702,lr/pose_head.decay,9.90821780153611e-06
502,1789132175.4678702,lr/pose_head.no_decay,9.90821780153611e-06
502,1789132175.4678702,pose/component_0,0.7925782799720764
502,1789132175.4678702,pose/component_1,0.018232084810733795
502,1789132175.4678702,pose/component_2,0.004331517498940229
502,1789132175.4678702,pose/component_3,0.40559256076812744
502,1789132175.4678702,pose/component_4,0.00205173809081316
502,1789132175.4678702,pose/component_5,0.0
503,1789132175.67025,amp/overflow_retries,0.0
503,1789132175.67025,amp/scale,32.0
503,1789132175.67025,gradient/clipped_norm,2480.758056640625
503,1789132175.67025,images/detect,0.0
503,1789132175.67025,images/pose,16.0
503,1789132175.67025,loss/backward,78.1212387084961
503,1789132175.67025,loss/detect_mean,0.0
503,1789132175.67025,loss/joint_mean,1.2206443548202515
503,1789132175.67025,loss/pose_mean,1.2206443548202515
503,1789132175.67025,lr/attention.decay,0.0
503,1789132175.67025,lr/attention.no_decay,0.0
503,1789132175.67025,lr/backbone.decay,0.0
503,1789132175.67025,lr/backbone.no_decay,0.0
503,1789132175.67025,lr/detect_head.decay,0.0
503,1789132175.67025,lr/detect_head.no_decay,0.0
503,1789132175.67025,lr/neck.decay,0.0
503,1789132175.67025,lr/neck.no_decay,0.0
503,1789132175.67025,lr/pose_head.decay,9.906798248552009e-06
503,1789132175.67025,lr/pose_head.no_decay,9.906798248552009e-06
503,1789132175.67025,pose/component_0,0.8077214360237122
503,1789132175.67025,pose/component_1,0.042218491435050964
503,1789132175.67025,pose/component_2,0.04168989881873131
503,1789132175.67025,pose/component_3,0.3502471446990967
503,1789132175.67025,pose/component_4,0.0026468278374522924
503,1789132175.67025,pose/component_5,0.0
504,1789132175.865335,amp/overflow_retries,0.0
504,1789132175.865335,amp/scale,32.0
504,1789132175.865335,gradient/clipped_norm,336.1416320800781
504,1789132175.865335,images/detect,0.0
504,1789132175.865335,images/pose,16.0
504,1789132175.865335,loss/backward,69.10832214355469
504,1789132175.865335,loss/detect_mean,0.0
504,1789132175.865335,loss/joint_mean,1.079817533493042
504,1789132175.865335,loss/pose_mean,1.079817533493042
504,1789132175.865335,lr/attention.decay,0.0
504,1789132175.865335,lr/attention.no_decay,0.0
504,1789132175.865335,lr/backbone.decay,0.0
504,1789132175.865335,lr/backbone.no_decay,0.0
504,1789132175.865335,lr/detect_head.decay,0.0
504,1789132175.865335,lr/detect_head.no_decay,0.0
504,1789132175.865335,lr/neck.decay,0.0
504,1789132175.865335,lr/neck.no_decay,0.0
504,1789132175.865335,lr/pose_head.decay,9.905368010335207e-06
504,1789132175.865335,lr/pose_head.no_decay,9.905368010335207e-06
504,1789132175.865335,pose/component_0,0.8097774386405945
504,1789132175.865335,pose/component_1,0.01934034377336502
504,1789132175.865335,pose/component_2,0.0033040728885680437
504,1789132175.865335,pose/component_3,0.40040668845176697
504,1789132175.865335,pose/component_4,0.002140611410140991
504,1789132175.865335,pose/component_5,0.0
505,1789132176.0601032,amp/overflow_retries,0.0
505,1789132176.0601032,amp/scale,32.0
505,1789132176.0601032,gradient/clipped_norm,312.7618713378906
505,1789132176.0601032,images/detect,0.0
505,1789132176.0601032,images/pose,16.0
505,1789132176.0601032,loss/backward,64.45276641845703
505,1789132176.0601032,loss/detect_mean,0.0
505,1789132176.0601032,loss/joint_mean,1.0070744752883911
505,1789132176.0601032,loss/pose_mean,1.0070744752883911
505,1789132176.0601032,lr/attention.decay,0.0
505,1789132176.0601032,lr/attention.no_decay,0.0
505,1789132176.0601032,lr/backbone.decay,0.0
505,1789132176.0601032,lr/backbone.no_decay,0.0
505,1789132176.0601032,lr/detect_head.decay,0.0
505,1789132176.0601032,lr/detect_head.no_decay,0.0
505,1789132176.0601032,lr/neck.decay,0.0
505,1789132176.0601032,lr/neck.no_decay,0.0
505,1789132176.0601032,lr/pose_head.decay,9.903927093235397e-06
505,1789132176.0601032,lr/pose_head.no_decay,9.903927093235397e-06
505,1789132176.0601032,pose/component_0,0.672662079334259
505,1789132176.0601032,pose/component_1,0.019111864268779755
505,1789132176.0601032,pose/component_2,0.029662661254405975
505,1789132176.0601032,pose/component_3,0.2304476797580719
505,1789132176.0601032,pose/component_4,0.006820977665483952
505,1789132176.0601032,pose/component_5,0.0
506,1789132176.2550857,amp/overflow_retries,0.0
506,1789132176.2550857,amp/scale,32.0
506,1789132176.2550857,gradient/clipped_norm,327.1359558105469
506,1789132176.2550857,images/detect,0.0
506,1789132176.2550857,images/pose,16.0
506,1789132176.2550857,loss/backward,75.4256362915039
506,1789132176.2550857,loss/detect_mean,0.0
506,1789132176.2550857,loss/joint_mean,1.1785255670547485
506,1789132176.2550857,loss/pose_mean,1.1785255670547485
506,1789132176.2550857,lr/attention.decay,0.0
506,1789132176.2550857,lr/attention.no_decay,0.0
506,1789132176.2550857,lr/backbone.decay,0.0
506,1789132176.2550857,lr/backbone.no_decay,0.0
506,1789132176.2550857,lr/detect_head.decay,0.0
506,1789132176.2550857,lr/detect_head.no_decay,0.0
506,1789132176.2550857,lr/neck.decay,0.0
506,1789132176.2550857,lr/neck.no_decay,0.0
506,1789132176.2550857,lr/pose_head.decay,9.90247550364968e-06
506,1789132176.2550857,lr/pose_head.no_decay,9.90247550364968e-06
506,1789132176.2550857,pose/component_0,0.8433747887611389
506,1789132176.2550857,pose/component_1,0.013073106296360493
506,1789132176.2550857,pose/component_2,0.006648211739957333
506,1789132176.2550857,pose/component_3,0.37643933296203613
506,1789132176.2550857,pose/component_4,0.002950363326817751
506,1789132176.2550857,pose/component_5,0.0
507,1789132176.4511738,amp/overflow_retries,0.0
507,1789132176.4511738,amp/scale,32.0
507,1789132176.4511738,gradient/clipped_norm,3205.490478515625
507,1789132176.4511738,images/detect,0.0
507,1789132176.4511738,images/pose,16.0
507,1789132176.4511738,loss/backward,170.60606384277344
507,1789132176.4511738,loss/detect_mean,0.0
507,1789132176.4511738,loss/joint_mean,2.665719747543335
507,1789132176.4511738,loss/pose_mean,2.665719747543335
507,1789132176.4511738,lr/attention.decay,0.0
507,1789132176.4511738,lr/attention.no_decay,0.0
507,1789132176.4511738,lr/backbone.decay,0.0
507,1789132176.4511738,lr/backbone.no_decay,0.0
507,1789132176.4511738,lr/detect_head.decay,0.0
507,1789132176.4511738,lr/detect_head.no_decay,0.0
507,1789132176.4511738,lr/neck.decay,0.0
507,1789132176.4511738,lr/neck.no_decay,0.0
507,1789132176.4511738,lr/pose_head.decay,9.90101324802254e-06
507,1789132176.4511738,lr/pose_head.no_decay,9.90101324802254e-06
507,1789132176.4511738,pose/component_0,0.8617436289787292
507,1789132176.4511738,pose/component_1,0.3967341184616089
507,1789132176.4511738,pose/component_2,0.03183266520500183
507,1789132176.4511738,pose/component_3,0.4958104193210602
507,1789132176.4511738,pose/component_4,0.002828282304108143
507,1789132176.4511738,pose/component_5,0.4078225791454315
508,1789132176.6458797,amp/overflow_retries,0.0
508,1789132176.6458797,amp/scale,32.0
508,1789132176.6458797,gradient/clipped_norm,329.5773010253906
508,1789132176.6458797,images/detect,0.0
508,1789132176.6458797,images/pose,16.0
508,1789132176.6458797,loss/backward,82.89009857177734
508,1789132176.6458797,loss/detect_mean,0.0
508,1789132176.6458797,loss/joint_mean,1.295157790184021
508,1789132176.6458797,loss/pose_mean,1.295157790184021
508,1789132176.6458797,lr/attention.decay,0.0
508,1789132176.6458797,lr/attention.no_decay,0.0
508,1789132176.6458797,lr/backbone.decay,0.0
508,1789132176.6458797,lr/backbone.no_decay,0.0
508,1789132176.6458797,lr/detect_head.decay,0.0
508,1789132176.6458797,lr/detect_head.no_decay,0.0
508,1789132176.6458797,lr/neck.decay,0.0
508,1789132176.6458797,lr/neck.no_decay,0.0
508,1789132176.6458797,lr/pose_head.decay,9.899540332845815e-06
508,1789132176.6458797,lr/pose_head.no_decay,9.899540332845815e-06
508,1789132176.6458797,pose/component_0,0.9487717747688293
508,1789132176.6458797,pose/component_1,0.016097206622362137
508,1789132176.6458797,pose/component_2,0.009408350102603436
508,1789132176.6458797,pose/component_3,0.36176156997680664
508,1789132176.6458797,pose/component_4,0.0038858819752931595
508,1789132176.6458797,pose/component_5,0.0
509,1789132176.840984,amp/overflow_retries,0.0
509,1789132176.840984,amp/scale,32.0
509,1789132176.840984,gradient/clipped_norm,310.9554748535156
509,1789132176.840984,images/detect,0.0
509,1789132176.840984,images/pose,16.0
509,1789132176.840984,loss/backward,79.11837768554688
509,1789132176.840984,loss/detect_mean,0.0
509,1789132176.840984,loss/joint_mean,1.23622465133667
509,1789132176.840984,loss/pose_mean,1.23622465133667
509,1789132176.840984,lr/attention.decay,0.0
509,1789132176.840984,lr/attention.no_decay,0.0
509,1789132176.840984,lr/backbone.decay,0.0
509,1789132176.840984,lr/backbone.no_decay,0.0
509,1789132176.840984,lr/detect_head.decay,0.0
509,1789132176.840984,lr/detect_head.no_decay,0.0
509,1789132176.840984,lr/neck.decay,0.0
509,1789132176.840984,lr/neck.no_decay,0.0
509,1789132176.840984,lr/pose_head.decay,9.898056764658665e-06
509,1789132176.840984,lr/pose_head.no_decay,9.898056764658665e-06
509,1789132176.840984,pose/component_0,0.8464816212654114
509,1789132176.840984,pose/component_1,0.026019878685474396
509,1789132176.840984,pose/component_2,0.05150574445724487
509,1789132176.840984,pose/component_3,0.4444904029369354
509,1789132176.840984,pose/component_4,0.002243092516437173
509,1789132176.840984,pose/component_5,0.0
510,1789132177.0366132,amp/overflow_retries,0.0
510,1789132177.0366132,amp/scale,32.0
510,1789132177.0366132,gradient/clipped_norm,412.3488464355469
510,1789132177.0366132,images/detect,0.0
510,1789132177.0366132,images/pose,16.0
510,1789132177.0366132,loss/backward,87.4159927368164
510,1789132177.0366132,loss/detect_mean,0.0
510,1789132177.0366132,loss/joint_mean,1.3658748865127563
510,1789132177.0366132,loss/pose_mean,1.3658748865127563
510,1789132177.0366132,lr/attention.decay,0.0
510,1789132177.0366132,lr/attention.no_decay,0.0
510,1789132177.0366132,lr/backbone.decay,0.0
510,1789132177.0366132,lr/backbone.no_decay,0.0
510,1789132177.0366132,lr/detect_head.decay,0.0
510,1789132177.0366132,lr/detect_head.no_decay,0.0
510,1789132177.0366132,lr/neck.decay,0.0
510,1789132177.0366132,lr/neck.no_decay,0.0
510,1789132177.0366132,lr/pose_head.decay,9.896562550047547e-06
510,1789132177.0366132,lr/pose_head.no_decay,9.896562550047547e-06
510,1789132177.0366132,pose/component_0,1.04767906665802
510,1789132177.0366132,pose/component_1,0.03659635782241821
510,1789132177.0366132,pose/component_2,0.023566382005810738
510,1789132177.0366132,pose/component_3,0.5052550435066223
510,1789132177.0366132,pose/component_4,0.002301691100001335
510,1789132177.0366132,pose/component_5,0.0
511,1789132177.2322612,amp/overflow_retries,0.0
511,1789132177.2322612,amp/scale,32.0
511,1789132177.2322612,gradient/clipped_norm,510.05413818359375
511,1789132177.2322612,images/detect,0.0
511,1789132177.2322612,images/pose,16.0
511,1789132177.2322612,loss/backward,79.00415802001953
511,1789132177.2322612,loss/detect_mean,0.0
511,1789132177.2322612,loss/joint_mean,1.2344399690628052
511,1789132177.2322612,loss/pose_mean,1.2344399690628052
511,1789132177.2322612,lr/attention.decay,0.0
511,1789132177.2322612,lr/attention.no_decay,0.0
511,1789132177.2322612,lr/backbone.decay,0.0
511,1789132177.2322612,lr/backbone.no_decay,0.0
511,1789132177.2322612,lr/detect_head.decay,0.0
511,1789132177.2322612,lr/detect_head.no_decay,0.0
511,1789132177.2322612,lr/neck.decay,0.0
511,1789132177.2322612,lr/neck.no_decay,0.0
511,1789132177.2322612,lr/pose_head.decay,9.895057695646181e-06
511,1789132177.2322612,lr/pose_head.no_decay,9.895057695646181e-06
511,1789132177.2322612,pose/component_0,0.7937588095664978
511,1789132177.2322612,pose/component_1,0.014237940311431885
511,1789132177.2322612,pose/component_2,0.013367287814617157
511,1789132177.2322612,pose/component_3,0.3273962736129761
511,1789132177.2322612,pose/component_4,0.0019168518483638763
511,1789132177.2322612,pose/component_5,0.0
512,1789132177.4279332,amp/overflow_retries,0.0
512,1789132177.4279332,amp/scale,32.0
512,1789132177.4279332,gradient/clipped_norm,373.3544006347656
512,1789132177.4279332,images/detect,0.0
512,1789132177.4279332,images/pose,16.0
512,1789132177.4279332,loss/backward,68.68241119384766
512,1789132177.4279332,loss/detect_mean,0.0
512,1789132177.4279332,loss/joint_mean,1.0731626749038696
512,1789132177.4279332,loss/pose_mean,1.0731626749038696
512,1789132177.4279332,lr/attention.decay,0.0
512,1789132177.4279332,lr/attention.no_decay,0.0
512,1789132177.4279332,lr/backbone.decay,0.0
512,1789132177.4279332,lr/backbone.no_decay,0.0
512,1789132177.4279332,lr/detect_head.decay,0.0
512,1789132177.4279332,lr/detect_head.no_decay,0.0
512,1789132177.4279332,lr/neck.decay,0.0
512,1789132177.4279332,lr/neck.no_decay,0.0
512,1789132177.4279332,lr/pose_head.decay,9.893542208135529e-06
512,1789132177.4279332,lr/pose_head.no_decay,9.893542208135529e-06
512,1789132177.4279332,pose/component_0,0.68101966381073
512,1789132177.4279332,pose/component_1,0.022093234583735466
512,1789132177.4279332,pose/component_2,0.0479339063167572
512,1789132177.4279332,pose/component_3,0.2865630090236664
512,1789132177.4279332,pose/component_4,0.0024462167639285326
512,1789132177.4279332,pose/component_5,0.0
513,1789132177.6233387,amp/overflow_retries,0.0
513,1789132177.6233387,amp/scale,32.0
513,1789132177.6233387,gradient/clipped_norm,324.7499694824219
513,1789132177.6233387,images/detect,0.0
513,1789132177.6233387,images/pose,16.0
513,1789132177.6233387,loss/backward,72.59678649902344
513,1789132177.6233387,loss/detect_mean,0.0
513,1789132177.6233387,loss/joint_mean,1.1343247890472412
513,1789132177.6233387,loss/pose_mean,1.1343247890472412
513,1789132177.6233387,lr/attention.decay,0.0
513,1789132177.6233387,lr/attention.no_decay,0.0
513,1789132177.6233387,lr/backbone.decay,0.0
513,1789132177.6233387,lr/backbone.no_decay,0.0
513,1789132177.6233387,lr/detect_head.decay,0.0
513,1789132177.6233387,lr/detect_head.no_decay,0.0
513,1789132177.6233387,lr/neck.decay,0.0
513,1789132177.6233387,lr/neck.no_decay,0.0
513,1789132177.6233387,lr/pose_head.decay,9.892016094243754e-06
513,1789132177.6233387,lr/pose_head.no_decay,9.892016094243754e-06
513,1789132177.6233387,pose/component_0,0.7453075051307678
513,1789132177.6233387,pose/component_1,0.013173330575227737
513,1789132177.6233387,pose/component_2,0.012937304563820362
513,1789132177.6233387,pose/component_3,0.3943403661251068
513,1789132177.6233387,pose/component_4,0.002441262360662222
513,1789132177.6233387,pose/component_5,0.0
514,1789132177.8187985,amp/overflow_retries,0.0
514,1789132177.8187985,amp/scale,32.0
514,1789132177.8187985,gradient/clipped_norm,360.37811279296875
514,1789132177.8187985,images/detect,0.0
514,1789132177.8187985,images/pose,16.0
514,1789132177.8187985,loss/backward,80.77129364013672
514,1789132177.8187985,loss/detect_mean,0.0
514,1789132177.8187985,loss/joint_mean,1.2620514631271362
514,1789132177.8187985,loss/pose_mean,1.2620514631271362
514,1789132177.8187985,lr/attention.decay,0.0
514,1789132177.8187985,lr/attention.no_decay,0.0
514,1789132177.8187985,lr/backbone.decay,0.0
514,1789132177.8187985,lr/backbone.no_decay,0.0
514,1789132177.8187985,lr/detect_head.decay,0.0
514,1789132177.8187985,lr/detect_head.no_decay,0.0
514,1789132177.8187985,lr/neck.decay,0.0
514,1789132177.8187985,lr/neck.no_decay,0.0
514,1789132177.8187985,lr/pose_head.decay,9.890479360746198e-06
514,1789132177.8187985,lr/pose_head.no_decay,9.890479360746198e-06
514,1789132177.8187985,pose/component_0,0.8172401189804077
514,1789132177.8187985,pose/component_1,0.01930345967411995
514,1789132177.8187985,pose/component_2,0.0018120203167200089
514,1789132177.8187985,pose/component_3,0.38720497488975525
514,1789132177.8187985,pose/component_4,0.0024238303303718567
514,1789132177.8187985,pose/component_5,0.0
515,1789132178.0149012,amp/overflow_retries,0.0
515,1789132178.0149012,amp/scale,32.0
515,1789132178.0149012,gradient/clipped_norm,243.99440002441406
515,1789132178.0149012,images/detect,0.0
515,1789132178.0149012,images/pose,16.0
515,1789132178.0149012,loss/backward,63.13459777832031
515,1789132178.0149012,loss/detect_mean,0.0
515,1789132178.0149012,loss/joint_mean,0.9864780902862549
515,1789132178.0149012,loss/pose_mean,0.9864780902862549
515,1789132178.0149012,lr/attention.decay,0.0
515,1789132178.0149012,lr/attention.no_decay,0.0
515,1789132178.0149012,lr/backbone.decay,0.0
515,1789132178.0149012,lr/backbone.no_decay,0.0
515,1789132178.0149012,lr/detect_head.decay,0.0
515,1789132178.0149012,lr/detect_head.no_decay,0.0
515,1789132178.0149012,lr/neck.decay,0.0
515,1789132178.0149012,lr/neck.no_decay,0.0
515,1789132178.0149012,lr/pose_head.decay,9.888932014465353e-06
515,1789132178.0149012,lr/pose_head.no_decay,9.888932014465353e-06
515,1789132178.0149012,pose/component_0,0.738845705986023
515,1789132178.0149012,pose/component_1,0.017762742936611176
515,1789132178.0149012,pose/component_2,0.008835437707602978
515,1789132178.0149012,pose/component_3,0.24171674251556396
515,1789132178.0149012,pose/component_4,0.0021831111516803503
515,1789132178.0149012,pose/component_5,0.0
516,1789132178.209685,amp/overflow_retries,0.0
516,1789132178.209685,amp/scale,32.0
516,1789132178.209685,gradient/clipped_norm,359.0874938964844
516,1789132178.209685,images/detect,0.0
516,1789132178.209685,images/pose,16.0
516,1789132178.209685,loss/backward,70.8994140625
516,1789132178.209685,loss/detect_mean,0.0
516,1789132178.209685,loss/joint_mean,1.1078033447265625
516,1789132178.209685,loss/pose_mean,1.1078033447265625
516,1789132178.209685,lr/attention.decay,0.0
516,1789132178.209685,lr/attention.no_decay,0.0
516,1789132178.209685,lr/backbone.decay,0.0
516,1789132178.209685,lr/backbone.no_decay,0.0
516,1789132178.209685,lr/detect_head.decay,0.0
516,1789132178.209685,lr/detect_head.no_decay,0.0
516,1789132178.209685,lr/neck.decay,0.0
516,1789132178.209685,lr/neck.no_decay,0.0
516,1789132178.209685,lr/pose_head.decay,9.887374062270823e-06
516,1789132178.209685,lr/pose_head.no_decay,9.887374062270823e-06
516,1789132178.209685,pose/component_0,0.6909827589988708
516,1789132178.209685,pose/component_1,0.015450399369001389
516,1789132178.209685,pose/component_2,0.12021612375974655
516,1789132178.209685,pose/component_3,0.4092109203338623
516,1789132178.209685,pose/component_4,0.00255225389264524
516,1789132178.209685,pose/component_5,0.0
517,1789132178.4050243,amp/overflow_retries,0.0
517,1789132178.4050243,amp/scale,32.0
517,1789132178.4050243,gradient/clipped_norm,287.9414978027344
517,1789132178.4050243,images/detect,0.0
517,1789132178.4050243,images/pose,16.0
517,1789132178.4050243,loss/backward,72.58277130126953
517,1789132178.4050243,loss/detect_mean,0.0
517,1789132178.4050243,loss/joint_mean,1.1341058015823364
517,1789132178.4050243,loss/pose_mean,1.1341058015823364
517,1789132178.4050243,lr/attention.decay,0.0
517,1789132178.4050243,lr/attention.no_decay,0.0
517,1789132178.4050243,lr/backbone.decay,0.0
517,1789132178.4050243,lr/backbone.no_decay,0.0
517,1789132178.4050243,lr/detect_head.decay,0.0
517,1789132178.4050243,lr/detect_head.no_decay,0.0
517,1789132178.4050243,lr/neck.decay,0.0
517,1789132178.4050243,lr/neck.no_decay,0.0
517,1789132178.4050243,lr/pose_head.decay,9.885805511079299e-06
517,1789132178.4050243,lr/pose_head.no_decay,9.885805511079299e-06
517,1789132178.4050243,pose/component_0,0.8435813784599304
517,1789132178.4050243,pose/component_1,0.0147666335105896
517,1789132178.4050243,pose/component_2,0.008478999137878418
517,1789132178.4050243,pose/component_3,0.35891175270080566
517,1789132178.4050243,pose/component_4,0.0030251145362854004
517,1789132178.4050243,pose/component_5,0.0
518,1789132178.600678,amp/overflow_retries,0.0
518,1789132178.600678,amp/scale,32.0
518,1789132178.600678,gradient/clipped_norm,320.4815673828125
518,1789132178.600678,images/detect,0.0
518,1789132178.600678,images/pose,16.0
518,1789132178.600678,loss/backward,69.56908416748047
518,1789132178.600678,loss/detect_mean,0.0
518,1789132178.600678,loss/joint_mean,1.0870169401168823
518,1789132178.600678,loss/pose_mean,1.0870169401168823
518,1789132178.600678,lr/attention.decay,0.0
518,1789132178.600678,lr/attention.no_decay,0.0
518,1789132178.600678,lr/backbone.decay,0.0
518,1789132178.600678,lr/backbone.no_decay,0.0
518,1789132178.600678,lr/detect_head.decay,0.0
518,1789132178.600678,lr/detect_head.no_decay,0.0
518,1789132178.600678,lr/neck.decay,0.0
518,1789132178.600678,lr/neck.no_decay,0.0
518,1789132178.600678,lr/pose_head.decay,9.884226367854527e-06
518,1789132178.600678,lr/pose_head.no_decay,9.884226367854527e-06
518,1789132178.600678,pose/component_0,0.82950359582901
518,1789132178.600678,pose/component_1,0.01597214862704277
518,1789132178.600678,pose/component_2,0.006688704714179039
518,1789132178.600678,pose/component_3,0.302386611700058
518,1789132178.600678,pose/component_4,0.002300684805959463
518,1789132178.600678,pose/component_5,0.0
519,1789132178.79542,amp/overflow_retries,0.0
519,1789132178.79542,amp/scale,32.0
519,1789132178.79542,gradient/clipped_norm,340.6029968261719
519,1789132178.79542,images/detect,0.0
519,1789132178.79542,images/pose,16.0
519,1789132178.79542,loss/backward,73.99978637695312
519,1789132178.79542,loss/detect_mean,0.0
519,1789132178.79542,loss/joint_mean,1.1562466621398926
519,1789132178.79542,loss/pose_mean,1.1562466621398926
519,1789132178.79542,lr/attention.decay,0.0
519,1789132178.79542,lr/attention.no_decay,0.0
519,1789132178.79542,lr/backbone.decay,0.0
519,1789132178.79542,lr/backbone.no_decay,0.0
519,1789132178.79542,lr/detect_head.decay,0.0
519,1789132178.79542,lr/detect_head.no_decay,0.0
519,1789132178.79542,lr/neck.decay,0.0
519,1789132178.79542,lr/neck.no_decay,0.0
519,1789132178.79542,lr/pose_head.decay,9.882636639607283e-06
519,1789132178.79542,lr/pose_head.no_decay,9.882636639607283e-06
519,1789132178.79542,pose/component_0,0.8649149537086487
519,1789132178.79542,pose/component_1,0.018130283802747726
519,1789132178.79542,pose/component_2,0.0016981256194412708
519,1789132178.79542,pose/component_3,0.317090779542923
519,1789132178.79542,pose/component_4,0.002421864541247487
519,1789132178.79542,pose/component_5,0.0
520,1789132178.9909294,amp/overflow_retries,0.0
520,1789132178.9909294,amp/scale,32.0
520,1789132178.9909294,gradient/clipped_norm,335.4974670410156
520,1789132178.9909294,images/detect,0.0
520,1789132178.9909294,images/pose,16.0
520,1789132178.9909294,loss/backward,63.649375915527344
520,1789132178.9909294,loss/detect_mean,0.0
520,1789132178.9909294,loss/joint_mean,0.9945214986801147
520,1789132178.9909294,loss/pose_mean,0.9945214986801147
520,1789132178.9909294,lr/attention.decay,0.0
520,1789132178.9909294,lr/attention.no_decay,0.0
520,1789132178.9909294,lr/backbone.decay,0.0
520,1789132178.9909294,lr/backbone.no_decay,0.0
520,1789132178.9909294,lr/detect_head.decay,0.0
520,1789132178.9909294,lr/detect_head.no_decay,0.0
520,1789132178.9909294,lr/neck.decay,0.0
520,1789132178.9909294,lr/neck.no_decay,0.0
520,1789132178.9909294,lr/pose_head.decay,9.88103633339533e-06
520,1789132178.9909294,lr/pose_head.no_decay,9.88103633339533e-06
520,1789132178.9909294,pose/component_0,0.7422192692756653
520,1789132178.9909294,pose/component_1,0.012427549809217453
520,1789132178.9909294,pose/component_2,0.001746976631693542
520,1789132178.9909294,pose/component_3,0.3224165737628937
520,1789132178.9909294,pose/component_4,0.0017555353697389364
520,1789132178.9909294,pose/component_5,0.0
521,1789132179.1860406,amp/overflow_retries,0.0
521,1789132179.1860406,amp/scale,32.0
521,1789132179.1860406,gradient/clipped_norm,390.2673034667969
521,1789132179.1860406,images/detect,0.0
521,1789132179.1860406,images/pose,16.0
521,1789132179.1860406,loss/backward,82.29750061035156
521,1789132179.1860406,loss/detect_mean,0.0
521,1789132179.1860406,loss/joint_mean,1.2858984470367432
521,1789132179.1860406,loss/pose_mean,1.2858984470367432
521,1789132179.1860406,lr/attention.decay,0.0
521,1789132179.1860406,lr/attention.no_decay,0.0
521,1789132179.1860406,lr/backbone.decay,0.0
521,1789132179.1860406,lr/backbone.no_decay,0.0
521,1789132179.1860406,lr/detect_head.decay,0.0
521,1789132179.1860406,lr/detect_head.no_decay,0.0
521,1789132179.1860406,lr/neck.decay,0.0
521,1789132179.1860406,lr/neck.no_decay,0.0
521,1789132179.1860406,lr/pose_head.decay,9.879425456323392e-06
521,1789132179.1860406,lr/pose_head.no_decay,9.879425456323392e-06
521,1789132179.1860406,pose/component_0,0.9208884239196777
521,1789132179.1860406,pose/component_1,0.03190641850233078
521,1789132179.1860406,pose/component_2,0.002972777932882309
521,1789132179.1860406,pose/component_3,0.49326881766319275
521,1789132179.1860406,pose/component_4,0.0028571514412760735
521,1789132179.1860406,pose/component_5,0.0
522,1789132179.3814483,amp/overflow_retries,0.0
522,1789132179.3814483,amp/scale,32.0
522,1789132179.3814483,gradient/clipped_norm,377.5589294433594
522,1789132179.3814483,images/detect,0.0
522,1789132179.3814483,images/pose,16.0
522,1789132179.3814483,loss/backward,71.3660888671875
522,1789132179.3814483,loss/detect_mean,0.0
522,1789132179.3814483,loss/joint_mean,1.1150951385498047
522,1789132179.3814483,loss/pose_mean,1.1150951385498047
522,1789132179.3814483,lr/attention.decay,0.0
522,1789132179.3814483,lr/attention.no_decay,0.0
522,1789132179.3814483,lr/backbone.decay,0.0
522,1789132179.3814483,lr/backbone.no_decay,0.0
522,1789132179.3814483,lr/detect_head.decay,0.0
522,1789132179.3814483,lr/detect_head.no_decay,0.0
522,1789132179.3814483,lr/neck.decay,0.0
522,1789132179.3814483,lr/neck.no_decay,0.0
522,1789132179.3814483,lr/pose_head.decay,9.87780401554313e-06
522,1789132179.3814483,lr/pose_head.no_decay,9.87780401554313e-06
522,1789132179.3814483,pose/component_0,0.7588170766830444
522,1789132179.3814483,pose/component_1,0.02171185240149498
522,1789132179.3814483,pose/component_2,0.0035659223794937134
522,1789132179.3814483,pose/component_3,0.3394045829772949
522,1789132179.3814483,pose/component_4,0.001982513815164566
522,1789132179.3814483,pose/component_5,0.0
523,1789132179.5771785,amp/overflow_retries,0.0
523,1789132179.5771785,amp/scale,32.0
523,1789132179.5771785,gradient/clipped_norm,249.574951171875
523,1789132179.5771785,images/detect,0.0
523,1789132179.5771785,images/pose,16.0
523,1789132179.5771785,loss/backward,60.17692565917969
523,1789132179.5771785,loss/detect_mean,0.0
523,1789132179.5771785,loss/joint_mean,0.9402644634246826
523,1789132179.5771785,loss/pose_mean,0.9402644634246826
523,1789132179.5771785,lr/attention.decay,0.0
523,1789132179.5771785,lr/attention.no_decay,0.0
523,1789132179.5771785,lr/backbone.decay,0.0
523,1789132179.5771785,lr/backbone.no_decay,0.0
523,1789132179.5771785,lr/detect_head.decay,0.0
523,1789132179.5771785,lr/detect_head.no_decay,0.0
523,1789132179.5771785,lr/neck.decay,0.0
523,1789132179.5771785,lr/neck.no_decay,0.0
523,1789132179.5771785,lr/pose_head.decay,9.8761720182531e-06
523,1789132179.5771785,lr/pose_head.no_decay,9.8761720182531e-06
523,1789132179.5771785,pose/component_0,0.6600635051727295
523,1789132179.5771785,pose/component_1,0.02300027757883072
523,1789132179.5771785,pose/component_2,0.004693171940743923
523,1789132179.5771785,pose/component_3,0.278579443693161
523,1789132179.5771785,pose/component_4,0.0019948880653828382
523,1789132179.5771785,pose/component_5,0.0
524,1789132179.7723205,amp/overflow_retries,0.0
524,1789132179.7723205,amp/scale,32.0
524,1789132179.7723205,gradient/clipped_norm,354.8881530761719
524,1789132179.7723205,images/detect,0.0
524,1789132179.7723205,images/pose,16.0
524,1789132179.7723205,loss/backward,59.119361877441406
524,1789132179.7723205,loss/detect_mean,0.0
524,1789132179.7723205,loss/joint_mean,0.923740029335022
524,1789132179.7723205,loss/pose_mean,0.923740029335022
524,1789132179.7723205,lr/attention.decay,0.0
524,1789132179.7723205,lr/attention.no_decay,0.0
524,1789132179.7723205,lr/backbone.decay,0.0
524,1789132179.7723205,lr/backbone.no_decay,0.0
524,1789132179.7723205,lr/detect_head.decay,0.0
524,1789132179.7723205,lr/detect_head.no_decay,0.0
524,1789132179.7723205,lr/neck.decay,0.0
524,1789132179.7723205,lr/neck.no_decay,0.0
524,1789132179.7723205,lr/pose_head.decay,9.874529471698722e-06
524,1789132179.7723205,lr/pose_head.no_decay,9.874529471698722e-06
524,1789132179.7723205,pose/component_0,0.6449276804924011
524,1789132179.7723205,pose/component_1,0.008902216330170631
524,1789132179.7723205,pose/component_2,0.0029203686863183975
524,1789132179.7723205,pose/component_3,0.27909183502197266
524,1789132179.7723205,pose/component_4,0.0023523117415606976
524,1789132179.7723205,pose/component_5,0.0
525,1789132179.9668515,amp/overflow_retries,0.0
525,1789132179.9668515,amp/scale,32.0
525,1789132179.9668515,gradient/clipped_norm,340.09716796875
525,1789132179.9668515,images/detect,0.0
525,1789132179.9668515,images/pose,16.0
525,1789132179.9668515,loss/backward,75.63694763183594
525,1789132179.9668515,loss/detect_mean,0.0
525,1789132179.9668515,loss/joint_mean,1.1818273067474365
525,1789132179.9668515,loss/pose_mean,1.1818273067474365
525,1789132179.9668515,lr/attention.decay,0.0
525,1789132179.9668515,lr/attention.no_decay,0.0
525,1789132179.9668515,lr/backbone.decay,0.0
525,1789132179.9668515,lr/backbone.no_decay,0.0
525,1789132179.9668515,lr/detect_head.decay,0.0
525,1789132179.9668515,lr/detect_head.no_decay,0.0
525,1789132179.9668515,lr/neck.decay,0.0
525,1789132179.9668515,lr/neck.no_decay,0.0
525,1789132179.9668515,lr/pose_head.decay,9.872876383172255e-06
525,1789132179.9668515,lr/pose_head.no_decay,9.872876383172255e-06
525,1789132179.9668515,pose/component_0,0.7904307246208191
525,1789132179.9668515,pose/component_1,0.015010979026556015
525,1789132179.9668515,pose/component_2,0.07113359868526459
525,1789132179.9668515,pose/component_3,0.3628837764263153
525,1789132179.9668515,pose/component_4,0.002153795212507248
525,1789132179.9668515,pose/component_5,0.0
526,1789132180.1623986,amp/overflow_retries,0.0
526,1789132180.1623986,amp/scale,32.0
526,1789132180.1623986,gradient/clipped_norm,2532.097900390625
526,1789132180.1623986,images/detect,0.0
526,1789132180.1623986,images/pose,16.0
526,1789132180.1623986,loss/backward,89.71134948730469
526,1789132180.1623986,loss/detect_mean,0.0
526,1789132180.1623986,loss/joint_mean,1.4017398357391357
526,1789132180.1623986,loss/pose_mean,1.4017398357391357
526,1789132180.1623986,lr/attention.decay,0.0
526,1789132180.1623986,lr/attention.no_decay,0.0
526,1789132180.1623986,lr/backbone.decay,0.0
526,1789132180.1623986,lr/backbone.no_decay,0.0
526,1789132180.1623986,lr/detect_head.decay,0.0
526,1789132180.1623986,lr/detect_head.no_decay,0.0
526,1789132180.1623986,lr/neck.decay,0.0
526,1789132180.1623986,lr/neck.no_decay,0.0
526,1789132180.1623986,lr/pose_head.decay,9.871212760012759e-06
526,1789132180.1623986,lr/pose_head.no_decay,9.871212760012759e-06
526,1789132180.1623986,pose/component_0,0.8925185203552246
526,1789132180.1623986,pose/component_1,0.02560834027826786
526,1789132180.1623986,pose/component_2,0.039385054260492325
526,1789132180.1623986,pose/component_3,0.4800108075141907
526,1789132180.1623986,pose/component_4,0.0030532279051840305
526,1789132180.1623986,pose/component_5,0.0
527,1789132180.3570244,amp/overflow_retries,0.0
527,1789132180.3570244,amp/scale,32.0
527,1789132180.3570244,gradient/clipped_norm,431.7389831542969
527,1789132180.3570244,images/detect,0.0
527,1789132180.3570244,images/pose,16.0
527,1789132180.3570244,loss/backward,88.99923706054688
527,1789132180.3570244,loss/detect_mean,0.0
527,1789132180.3570244,loss/joint_mean,1.390613079071045
527,1789132180.3570244,loss/pose_mean,1.390613079071045
527,1789132180.3570244,lr/attention.decay,0.0
527,1789132180.3570244,lr/attention.no_decay,0.0
527,1789132180.3570244,lr/backbone.decay,0.0
527,1789132180.3570244,lr/backbone.no_decay,0.0
527,1789132180.3570244,lr/detect_head.decay,0.0
527,1789132180.3570244,lr/detect_head.no_decay,0.0
527,1789132180.3570244,lr/neck.decay,0.0
527,1789132180.3570244,lr/neck.no_decay,0.0
527,1789132180.3570244,lr/pose_head.decay,9.869538609606061e-06
527,1789132180.3570244,lr/pose_head.no_decay,9.869538609606061e-06
527,1789132180.3570244,pose/component_0,0.9257572293281555
527,1789132180.3570244,pose/component_1,0.013545550405979156
527,1789132180.3570244,pose/component_2,0.0313911959528923
527,1789132180.3570244,pose/component_3,0.4574680030345917
527,1789132180.3570244,pose/component_4,0.002818475477397442
527,1789132180.3570244,pose/component_5,0.0
528,1789132180.553152,amp/overflow_retries,0.0
528,1789132180.553152,amp/scale,32.0
528,1789132180.553152,gradient/clipped_norm,431.3751220703125
528,1789132180.553152,images/detect,0.0
528,1789132180.553152,images/pose,16.0
528,1789132180.553152,loss/backward,71.10296630859375
528,1789132180.553152,loss/detect_mean,0.0
528,1789132180.553152,loss/joint_mean,1.1109838485717773
528,1789132180.553152,loss/pose_mean,1.1109838485717773
528,1789132180.553152,lr/attention.decay,0.0
528,1789132180.553152,lr/attention.no_decay,0.0
528,1789132180.553152,lr/backbone.decay,0.0
528,1789132180.553152,lr/backbone.no_decay,0.0
528,1789132180.553152,lr/detect_head.decay,0.0
528,1789132180.553152,lr/detect_head.no_decay,0.0
528,1789132180.553152,lr/neck.decay,0.0
528,1789132180.553152,lr/neck.no_decay,0.0
528,1789132180.553152,lr/pose_head.decay,9.86785393938473e-06
528,1789132180.553152,lr/pose_head.no_decay,9.86785393938473e-06
528,1789132180.553152,pose/component_0,0.7801204919815063
528,1789132180.553152,pose/component_1,0.01351475715637207
528,1789132180.553152,pose/component_2,0.0010552778840065002
528,1789132180.553152,pose/component_3,0.30813390016555786
528,1789132180.553152,pose/component_4,0.0018046030309051275
528,1789132180.553152,pose/component_5,0.0
529,1789132180.7484677,amp/overflow_retries,0.0
529,1789132180.7484677,amp/scale,32.0
529,1789132180.7484677,gradient/clipped_norm,332.87799072265625
529,1789132180.7484677,images/detect,0.0
529,1789132180.7484677,images/pose,16.0
529,1789132180.7484677,loss/backward,63.39139175415039
529,1789132180.7484677,loss/detect_mean,0.0
529,1789132180.7484677,loss/joint_mean,0.9904904961585999
529,1789132180.7484677,loss/pose_mean,0.9904904961585999
529,1789132180.7484677,lr/attention.decay,0.0
529,1789132180.7484677,lr/attention.no_decay,0.0
529,1789132180.7484677,lr/backbone.decay,0.0
529,1789132180.7484677,lr/backbone.no_decay,0.0
529,1789132180.7484677,lr/detect_head.decay,0.0
529,1789132180.7484677,lr/detect_head.no_decay,0.0
529,1789132180.7484677,lr/neck.decay,0.0
529,1789132180.7484677,lr/neck.no_decay,0.0
529,1789132180.7484677,lr/pose_head.decay,9.866158756828032e-06
529,1789132180.7484677,lr/pose_head.no_decay,9.866158756828032e-06
529,1789132180.7484677,pose/component_0,0.7403125166893005
529,1789132180.7484677,pose/component_1,0.009691978804767132
529,1789132180.7484677,pose/component_2,0.00988104846328497
529,1789132180.7484677,pose/component_3,0.30013352632522583
529,1789132180.7484677,pose/component_4,0.002133871428668499
529,1789132180.7484677,pose/component_5,0.0
530,1789132180.9435096,amp/overflow_retries,0.0
530,1789132180.9435096,amp/scale,32.0
530,1789132180.9435096,gradient/clipped_norm,348.5644226074219
530,1789132180.9435096,images/detect,0.0
530,1789132180.9435096,images/pose,16.0
530,1789132180.9435096,loss/backward,82.4593505859375
530,1789132180.9435096,loss/detect_mean,0.0
530,1789132180.9435096,loss/joint_mean,1.2884273529052734
530,1789132180.9435096,loss/pose_mean,1.2884273529052734
530,1789132180.9435096,lr/attention.decay,0.0
530,1789132180.9435096,lr/attention.no_decay,0.0
530,1789132180.9435096,lr/backbone.decay,0.0
530,1789132180.9435096,lr/backbone.no_decay,0.0
530,1789132180.9435096,lr/detect_head.decay,0.0
530,1789132180.9435096,lr/detect_head.no_decay,0.0
530,1789132180.9435096,lr/neck.decay,0.0
530,1789132180.9435096,lr/neck.no_decay,0.0
530,1789132180.9435096,lr/pose_head.decay,9.864453069461913e-06
530,1789132180.9435096,lr/pose_head.no_decay,9.864453069461913e-06
530,1789132180.9435096,pose/component_0,0.8719669580459595
530,1789132180.9435096,pose/component_1,0.026832669973373413
530,1789132180.9435096,pose/component_2,0.008493920788168907
530,1789132180.9435096,pose/component_3,0.40561050176620483
530,1789132180.9435096,pose/component_4,0.0038431119173765182
530,1789132180.9435096,pose/component_5,0.0
531,1789132181.138166,amp/overflow_retries,0.0
531,1789132181.138166,amp/scale,32.0
531,1789132181.138166,gradient/clipped_norm,407.42315673828125
531,1789132181.138166,images/detect,0.0
531,1789132181.138166,images/pose,16.0
531,1789132181.138166,loss/backward,72.28718566894531
531,1789132181.138166,loss/detect_mean,0.0
531,1789132181.138166,loss/joint_mean,1.1294872760772705
531,1789132181.138166,loss/pose_mean,1.1294872760772705
531,1789132181.138166,lr/attention.decay,0.0
531,1789132181.138166,lr/attention.no_decay,0.0
531,1789132181.138166,lr/backbone.decay,0.0
531,1789132181.138166,lr/backbone.no_decay,0.0
531,1789132181.138166,lr/detect_head.decay,0.0
531,1789132181.138166,lr/detect_head.no_decay,0.0
531,1789132181.138166,lr/neck.decay,0.0
531,1789132181.138166,lr/neck.no_decay,0.0
531,1789132181.138166,lr/pose_head.decay,9.862736884858943e-06
531,1789132181.138166,lr/pose_head.no_decay,9.862736884858943e-06
531,1789132181.138166,pose/component_0,0.8262979388237
531,1789132181.138166,pose/component_1,0.030175529420375824
531,1789132181.138166,pose/component_2,0.002554604085162282
531,1789132181.138166,pose/component_3,0.38886523246765137
531,1789132181.138166,pose/component_4,0.0027300328947603703
531,1789132181.138166,pose/component_5,0.0
532,1789132181.3341029,amp/overflow_retries,0.0
532,1789132181.3341029,amp/scale,32.0
532,1789132181.3341029,gradient/clipped_norm,468.29132080078125
532,1789132181.3341029,images/detect,0.0
532,1789132181.3341029,images/pose,16.0
532,1789132181.3341029,loss/backward,57.6060791015625
532,1789132181.3341029,loss/detect_mean,0.0
532,1789132181.3341029,loss/joint_mean,0.9000949859619141
532,1789132181.3341029,loss/pose_mean,0.9000949859619141
532,1789132181.3341029,lr/attention.decay,0.0
532,1789132181.3341029,lr/attention.no_decay,0.0
532,1789132181.3341029,lr/backbone.decay,0.0
532,1789132181.3341029,lr/backbone.no_decay,0.0
532,1789132181.3341029,lr/detect_head.decay,0.0
532,1789132181.3341029,lr/detect_head.no_decay,0.0
532,1789132181.3341029,lr/neck.decay,0.0
532,1789132181.3341029,lr/neck.no_decay,0.0
532,1789132181.3341029,lr/pose_head.decay,9.86101021063831e-06
532,1789132181.3341029,lr/pose_head.no_decay,9.86101021063831e-06
532,1789132181.3341029,pose/component_0,0.5537357330322266
532,1789132181.3341029,pose/component_1,0.007484730798751116
532,1789132181.3341029,pose/component_2,0.004551182966679335
532,1789132181.3341029,pose/component_3,0.3472755253314972
532,1789132181.3341029,pose/component_4,0.002918843412771821
532,1789132181.3341029,pose/component_5,0.0
533,1789132181.5291128,amp/overflow_retries,0.0
533,1789132181.5291128,amp/scale,32.0
533,1789132181.5291128,gradient/clipped_norm,484.93511962890625
533,1789132181.5291128,images/detect,0.0
533,1789132181.5291128,images/pose,16.0
533,1789132181.5291128,loss/backward,78.84254455566406
533,1789132181.5291128,loss/detect_mean,0.0
533,1789132181.5291128,loss/joint_mean,1.231914758682251
533,1789132181.5291128,loss/pose_mean,1.231914758682251
533,1789132181.5291128,lr/attention.decay,0.0
533,1789132181.5291128,lr/attention.no_decay,0.0
533,1789132181.5291128,lr/backbone.decay,0.0
533,1789132181.5291128,lr/backbone.no_decay,0.0
533,1789132181.5291128,lr/detect_head.decay,0.0
533,1789132181.5291128,lr/detect_head.no_decay,0.0
533,1789132181.5291128,lr/neck.decay,0.0
533,1789132181.5291128,lr/neck.no_decay,0.0
533,1789132181.5291128,lr/pose_head.decay,9.859273054465762e-06
533,1789132181.5291128,lr/pose_head.no_decay,9.859273054465762e-06
533,1789132181.5291128,pose/component_0,0.7908804416656494
533,1789132181.5291128,pose/component_1,0.01586204767227173
533,1789132181.5291128,pose/component_2,0.05834027752280235
533,1789132181.5291128,pose/component_3,0.42835837602615356
533,1789132181.5291128,pose/component_4,0.0029312707483768463
533,1789132181.5291128,pose/component_5,0.0
534,1789132181.7238586,amp/overflow_retries,0.0
534,1789132181.7238586,amp/scale,32.0
534,1789132181.7238586,gradient/clipped_norm,419.4469299316406
534,1789132181.7238586,images/detect,0.0
534,1789132181.7238586,images/pose,16.0
534,1789132181.7238586,loss/backward,70.21099853515625
534,1789132181.7238586,loss/detect_mean,0.0
534,1789132181.7238586,loss/joint_mean,1.0970468521118164
534,1789132181.7238586,loss/pose_mean,1.0970468521118164
534,1789132181.7238586,lr/attention.decay,0.0
534,1789132181.7238586,lr/attention.no_decay,0.0
534,1789132181.7238586,lr/backbone.decay,0.0
534,1789132181.7238586,lr/backbone.no_decay,0.0
534,1789132181.7238586,lr/detect_head.decay,0.0
534,1789132181.7238586,lr/detect_head.no_decay,0.0
534,1789132181.7238586,lr/neck.decay,0.0
534,1789132181.7238586,lr/neck.no_decay,0.0
534,1789132181.7238586,lr/pose_head.decay,9.857525424053584e-06
534,1789132181.7238586,lr/pose_head.no_decay,9.857525424053584e-06
534,1789132181.7238586,pose/component_0,0.7853730916976929
534,1789132181.7238586,pose/component_1,0.016818370670080185
534,1789132181.7238586,pose/component_2,0.004208952188491821
534,1789132181.7238586,pose/component_3,0.3447314202785492
534,1789132181.7238586,pose/component_4,0.0019166693091392517
534,1789132181.7238586,pose/component_5,0.0
535,1789132181.9187315,amp/overflow_retries,0.0
535,1789132181.9187315,amp/scale,32.0
535,1789132181.9187315,gradient/clipped_norm,326.55572509765625
535,1789132181.9187315,images/detect,0.0
535,1789132181.9187315,images/pose,16.0
535,1789132181.9187315,loss/backward,65.92601776123047
535,1789132181.9187315,loss/detect_mean,0.0
535,1789132181.9187315,loss/joint_mean,1.030094027519226
535,1789132181.9187315,loss/pose_mean,1.030094027519226
535,1789132181.9187315,lr/attention.decay,0.0
535,1789132181.9187315,lr/attention.no_decay,0.0
535,1789132181.9187315,lr/backbone.decay,0.0
535,1789132181.9187315,lr/backbone.no_decay,0.0
535,1789132181.9187315,lr/detect_head.decay,0.0
535,1789132181.9187315,lr/detect_head.no_decay,0.0
535,1789132181.9187315,lr/neck.decay,0.0
535,1789132181.9187315,lr/neck.no_decay,0.0
535,1789132181.9187315,lr/pose_head.decay,9.855767327160566e-06
535,1789132181.9187315,lr/pose_head.no_decay,9.855767327160566e-06
535,1789132181.9187315,pose/component_0,0.698473334312439
535,1789132181.9187315,pose/component_1,0.018033618107438087
535,1789132181.9187315,pose/component_2,0.0015735456254333258
535,1789132181.9187315,pose/component_3,0.34888285398483276
535,1789132181.9187315,pose/component_4,0.0018156899604946375
535,1789132181.9187315,pose/component_5,0.0
536,1789132182.1138835,amp/overflow_retries,0.0
536,1789132182.1138835,amp/scale,32.0
536,1789132182.1138835,gradient/clipped_norm,396.9635009765625
536,1789132182.1138835,images/detect,0.0
536,1789132182.1138835,images/pose,16.0
536,1789132182.1138835,loss/backward,71.26920318603516
536,1789132182.1138835,loss/detect_mean,0.0
536,1789132182.1138835,loss/joint_mean,1.1135812997817993
536,1789132182.1138835,loss/pose_mean,1.1135812997817993
536,1789132182.1138835,lr/attention.decay,0.0
536,1789132182.1138835,lr/attention.no_decay,0.0
536,1789132182.1138835,lr/backbone.decay,0.0
536,1789132182.1138835,lr/backbone.no_decay,0.0
536,1789132182.1138835,lr/detect_head.decay,0.0
536,1789132182.1138835,lr/detect_head.no_decay,0.0
536,1789132182.1138835,lr/neck.decay,0.0
536,1789132182.1138835,lr/neck.no_decay,0.0
536,1789132182.1138835,lr/pose_head.decay,9.853998771591965e-06
536,1789132182.1138835,lr/pose_head.no_decay,9.853998771591965e-06
536,1789132182.1138835,pose/component_0,0.695107102394104
536,1789132182.1138835,pose/component_1,0.014954110607504845
536,1789132182.1138835,pose/component_2,0.004701856058090925
536,1789132182.1138835,pose/component_3,0.3972964286804199
536,1789132182.1138835,pose/component_4,0.003077893052250147
536,1789132182.1138835,pose/component_5,0.0
537,1789132182.3093245,amp/overflow_retries,0.0
537,1789132182.3093245,amp/scale,32.0
537,1789132182.3093245,gradient/clipped_norm,368.3802490234375
537,1789132182.3093245,images/detect,0.0
537,1789132182.3093245,images/pose,16.0
537,1789132182.3093245,loss/backward,90.88877868652344
537,1789132182.3093245,loss/detect_mean,0.0
537,1789132182.3093245,loss/joint_mean,1.4201371669769287
537,1789132182.3093245,loss/pose_mean,1.4201371669769287
537,1789132182.3093245,lr/attention.decay,0.0
537,1789132182.3093245,lr/attention.no_decay,0.0
537,1789132182.3093245,lr/backbone.decay,0.0
537,1789132182.3093245,lr/backbone.no_decay,0.0
537,1789132182.3093245,lr/detect_head.decay,0.0
537,1789132182.3093245,lr/detect_head.no_decay,0.0
537,1789132182.3093245,lr/neck.decay,0.0
537,1789132182.3093245,lr/neck.no_decay,0.0
537,1789132182.3093245,lr/pose_head.decay,9.852219765199465e-06
537,1789132182.3093245,lr/pose_head.no_decay,9.852219765199465e-06
537,1789132182.3093245,pose/component_0,1.0309380292892456
537,1789132182.3093245,pose/component_1,0.05758380889892578
537,1789132182.3093245,pose/component_2,0.006932836025953293
537,1789132182.3093245,pose/component_3,0.40548384189605713
537,1789132182.3093245,pose/component_4,0.0026536122895777225
537,1789132182.3093245,pose/component_5,0.0
538,1789132182.5048928,amp/overflow_retries,0.0
538,1789132182.5048928,amp/scale,32.0
538,1789132182.5048928,gradient/clipped_norm,469.2610168457031
538,1789132182.5048928,images/detect,0.0
538,1789132182.5048928,images/pose,16.0
538,1789132182.5048928,loss/backward,84.13715362548828
538,1789132182.5048928,loss/detect_mean,0.0
538,1789132182.5048928,loss/joint_mean,1.3146430253982544
538,1789132182.5048928,loss/pose_mean,1.3146430253982544
538,1789132182.5048928,lr/attention.decay,0.0
538,1789132182.5048928,lr/attention.no_decay,0.0
538,1789132182.5048928,lr/backbone.decay,0.0
538,1789132182.5048928,lr/backbone.no_decay,0.0
538,1789132182.5048928,lr/detect_head.decay,0.0
538,1789132182.5048928,lr/detect_head.no_decay,0.0
538,1789132182.5048928,lr/neck.decay,0.0
538,1789132182.5048928,lr/neck.no_decay,0.0
538,1789132182.5048928,lr/pose_head.decay,9.850430315881155e-06
538,1789132182.5048928,lr/pose_head.no_decay,9.850430315881155e-06
538,1789132182.5048928,pose/component_0,0.8890244960784912
538,1789132182.5048928,pose/component_1,0.13888156414031982
538,1789132182.5048928,pose/component_2,0.00759773887693882
538,1789132182.5048928,pose/component_3,0.5183156728744507
538,1789132182.5048928,pose/component_4,0.0025682440027594566
538,1789132182.5048928,pose/component_5,0.0
539,1789132182.6998317,amp/overflow_retries,0.0
539,1789132182.6998317,amp/scale,32.0
539,1789132182.6998317,gradient/clipped_norm,344.2796325683594
539,1789132182.6998317,images/detect,0.0
539,1789132182.6998317,images/pose,16.0
539,1789132182.6998317,loss/backward,75.78488159179688
539,1789132182.6998317,loss/detect_mean,0.0
539,1789132182.6998317,loss/joint_mean,1.1841387748718262
539,1789132182.6998317,loss/pose_mean,1.1841387748718262
539,1789132182.6998317,lr/attention.decay,0.0
539,1789132182.6998317,lr/attention.no_decay,0.0
539,1789132182.6998317,lr/backbone.decay,0.0
539,1789132182.6998317,lr/backbone.no_decay,0.0
539,1789132182.6998317,lr/detect_head.decay,0.0
539,1789132182.6998317,lr/detect_head.no_decay,0.0
539,1789132182.6998317,lr/neck.decay,0.0
539,1789132182.6998317,lr/neck.no_decay,0.0
539,1789132182.6998317,lr/pose_head.decay,9.848630431581477e-06
539,1789132182.6998317,lr/pose_head.no_decay,9.848630431581477e-06
539,1789132182.6998317,pose/component_0,0.8150830268859863
539,1789132182.6998317,pose/component_1,0.030434705317020416
539,1789132182.6998317,pose/component_2,0.007608352694660425
539,1789132182.6998317,pose/component_3,0.3202308714389801
539,1789132182.6998317,pose/component_4,0.0022042524069547653
539,1789132182.6998317,pose/component_5,0.0
540,1789132182.8944962,amp/overflow_retries,0.0
540,1789132182.8944962,amp/scale,32.0
540,1789132182.8944962,gradient/clipped_norm,361.9447937011719
540,1789132182.8944962,images/detect,0.0
540,1789132182.8944962,images/pose,16.0
540,1789132182.8944962,loss/backward,96.08561706542969
540,1789132182.8944962,loss/detect_mean,0.0
540,1789132182.8944962,loss/joint_mean,1.5013377666473389
540,1789132182.8944962,loss/pose_mean,1.5013377666473389
540,1789132182.8944962,lr/attention.decay,0.0
540,1789132182.8944962,lr/attention.no_decay,0.0
540,1789132182.8944962,lr/backbone.decay,0.0
540,1789132182.8944962,lr/backbone.no_decay,0.0
540,1789132182.8944962,lr/detect_head.decay,0.0
540,1789132182.8944962,lr/detect_head.no_decay,0.0
540,1789132182.8944962,lr/neck.decay,0.0
540,1789132182.8944962,lr/neck.no_decay,0.0
540,1789132182.8944962,lr/pose_head.decay,9.846820120291211e-06
540,1789132182.8944962,lr/pose_head.no_decay,9.846820120291211e-06
540,1789132182.8944962,pose/component_0,1.0215474367141724
540,1789132182.8944962,pose/component_1,0.2015570104122162
540,1789132182.8944962,pose/component_2,0.15834955871105194
540,1789132182.8944962,pose/component_3,0.4298579692840576
540,1789132182.8944962,pose/component_4,0.004091699607670307
540,1789132182.8944962,pose/component_5,0.0
541,1789132183.088953,amp/overflow_retries,0.0
541,1789132183.088953,amp/scale,32.0
541,1789132183.088953,gradient/clipped_norm,312.36138916015625
541,1789132183.088953,images/detect,0.0
541,1789132183.088953,images/pose,16.0
541,1789132183.088953,loss/backward,76.85682678222656
541,1789132183.088953,loss/detect_mean,0.0
541,1789132183.088953,loss/joint_mean,1.20088791847229
541,1789132183.088953,loss/pose_mean,1.20088791847229
541,1789132183.088953,lr/attention.decay,0.0
541,1789132183.088953,lr/attention.no_decay,0.0
541,1789132183.088953,lr/backbone.decay,0.0
541,1789132183.088953,lr/backbone.no_decay,0.0
541,1789132183.088953,lr/detect_head.decay,0.0
541,1789132183.088953,lr/detect_head.no_decay,0.0
541,1789132183.088953,lr/neck.decay,0.0
541,1789132183.088953,lr/neck.no_decay,0.0
541,1789132183.088953,lr/pose_head.decay,9.844999390047419e-06
541,1789132183.088953,lr/pose_head.no_decay,9.844999390047419e-06
541,1789132183.088953,pose/component_0,0.7968074083328247
541,1789132183.088953,pose/component_1,0.023531503975391388
541,1789132183.088953,pose/component_2,0.008958972059190273
541,1789132183.088953,pose/component_3,0.33549076318740845
541,1789132183.088953,pose/component_4,0.0024608538951724768
541,1789132183.088953,pose/component_5,0.0
542,1789132183.2839189,amp/overflow_retries,0.0
542,1789132183.2839189,amp/scale,32.0
542,1789132183.2839189,gradient/clipped_norm,405.3644714355469
542,1789132183.2839189,images/detect,0.0
542,1789132183.2839189,images/pose,16.0
542,1789132183.2839189,loss/backward,74.18561553955078
542,1789132183.2839189,loss/detect_mean,0.0
542,1789132183.2839189,loss/joint_mean,1.159150242805481
542,1789132183.2839189,loss/pose_mean,1.159150242805481
542,1789132183.2839189,lr/attention.decay,0.0
542,1789132183.2839189,lr/attention.no_decay,0.0
542,1789132183.2839189,lr/backbone.decay,0.0
542,1789132183.2839189,lr/backbone.no_decay,0.0
542,1789132183.2839189,lr/detect_head.decay,0.0
542,1789132183.2839189,lr/detect_head.no_decay,0.0
542,1789132183.2839189,lr/neck.decay,0.0
542,1789132183.2839189,lr/neck.no_decay,0.0
542,1789132183.2839189,lr/pose_head.decay,9.843168248933429e-06
542,1789132183.2839189,lr/pose_head.no_decay,9.843168248933429e-06
542,1789132183.2839189,pose/component_0,0.8240389823913574
542,1789132183.2839189,pose/component_1,0.012210228480398655
542,1789132183.2839189,pose/component_2,0.0036669753026217222
542,1789132183.2839189,pose/component_3,0.32591408491134644
542,1789132183.2839189,pose/component_4,0.0032924278639256954
542,1789132183.2839189,pose/component_5,0.0
543,1789132183.4797704,amp/overflow_retries,0.0
543,1789132183.4797704,amp/scale,32.0
543,1789132183.4797704,gradient/clipped_norm,342.6049499511719
543,1789132183.4797704,images/detect,0.0
543,1789132183.4797704,images/pose,16.0
543,1789132183.4797704,loss/backward,82.53085327148438
543,1789132183.4797704,loss/detect_mean,0.0
543,1789132183.4797704,loss/joint_mean,1.2895445823669434
543,1789132183.4797704,loss/pose_mean,1.2895445823669434
543,1789132183.4797704,lr/attention.decay,0.0
543,1789132183.4797704,lr/attention.no_decay,0.0
543,1789132183.4797704,lr/backbone.decay,0.0
543,1789132183.4797704,lr/backbone.no_decay,0.0
543,1789132183.4797704,lr/detect_head.decay,0.0
543,1789132183.4797704,lr/detect_head.no_decay,0.0
543,1789132183.4797704,lr/neck.decay,0.0
543,1789132183.4797704,lr/neck.no_decay,0.0
543,1789132183.4797704,lr/pose_head.decay,9.841326705078777e-06
543,1789132183.4797704,lr/pose_head.no_decay,9.841326705078777e-06
543,1789132183.4797704,pose/component_0,0.8259236216545105
543,1789132183.4797704,pose/component_1,0.016982419416308403
543,1789132183.4797704,pose/component_2,0.0021860492415726185
543,1789132183.4797704,pose/component_3,0.3947591781616211
543,1789132183.4797704,pose/component_4,0.0022473239805549383
543,1789132183.4797704,pose/component_5,0.0
544,1789132183.675332,amp/overflow_retries,0.0
544,1789132183.675332,amp/scale,32.0
544,1789132183.675332,gradient/clipped_norm,388.89093017578125
544,1789132183.675332,images/detect,0.0
544,1789132183.675332,images/pose,16.0
544,1789132183.675332,loss/backward,93.41191101074219
544,1789132183.675332,loss/detect_mean,0.0
544,1789132183.675332,loss/joint_mean,1.4595611095428467
544,1789132183.675332,loss/pose_mean,1.4595611095428467
544,1789132183.675332,lr/attention.decay,0.0
544,1789132183.675332,lr/attention.no_decay,0.0
544,1789132183.675332,lr/backbone.decay,0.0
544,1789132183.675332,lr/backbone.no_decay,0.0
544,1789132183.675332,lr/detect_head.decay,0.0
544,1789132183.675332,lr/detect_head.no_decay,0.0
544,1789132183.675332,lr/neck.decay,0.0
544,1789132183.675332,lr/neck.no_decay,0.0
544,1789132183.675332,lr/pose_head.decay,9.839474766659194e-06
544,1789132183.675332,lr/pose_head.no_decay,9.839474766659194e-06
544,1789132183.675332,pose/component_0,0.9089089632034302
544,1789132183.675332,pose/component_1,0.026135142892599106
544,1789132183.675332,pose/component_2,0.16473914682865143
544,1789132183.675332,pose/component_3,0.44406822323799133
544,1789132183.675332,pose/component_4,0.0032892744056880474
544,1789132183.675332,pose/component_5,0.0
545,1789132183.8703978,amp/overflow_retries,0.0
545,1789132183.8703978,amp/scale,32.0
545,1789132183.8703978,gradient/clipped_norm,350.3712463378906
545,1789132183.8703978,images/detect,0.0
545,1789132183.8703978,images/pose,16.0
545,1789132183.8703978,loss/backward,70.97137451171875
545,1789132183.8703978,loss/detect_mean,0.0
545,1789132183.8703978,loss/joint_mean,1.1089277267456055
545,1789132183.8703978,loss/pose_mean,1.1089277267456055
545,1789132183.8703978,lr/attention.decay,0.0
545,1789132183.8703978,lr/attention.no_decay,0.0
545,1789132183.8703978,lr/backbone.decay,0.0
545,1789132183.8703978,lr/backbone.no_decay,0.0
545,1789132183.8703978,lr/detect_head.decay,0.0
545,1789132183.8703978,lr/detect_head.no_decay,0.0
545,1789132183.8703978,lr/neck.decay,0.0
545,1789132183.8703978,lr/neck.no_decay,0.0
545,1789132183.8703978,lr/pose_head.decay,9.837612441896553e-06
545,1789132183.8703978,lr/pose_head.no_decay,9.837612441896553e-06
545,1789132183.8703978,pose/component_0,0.7136742472648621
545,1789132183.8703978,pose/component_1,0.011653694324195385
545,1789132183.8703978,pose/component_2,0.002001882763579488
545,1789132183.8703978,pose/component_3,0.37622201442718506
545,1789132183.8703978,pose/component_4,0.003269579727202654
545,1789132183.8703978,pose/component_5,0.0
546,1789132184.0653667,amp/overflow_retries,0.0
546,1789132184.0653667,amp/scale,32.0
546,1789132184.0653667,gradient/clipped_norm,287.0518798828125
546,1789132184.0653667,images/detect,0.0
546,1789132184.0653667,images/pose,16.0
546,1789132184.0653667,loss/backward,69.56018829345703
546,1789132184.0653667,loss/detect_mean,0.0
546,1789132184.0653667,loss/joint_mean,1.0868779420852661
546,1789132184.0653667,loss/pose_mean,1.0868779420852661
546,1789132184.0653667,lr/attention.decay,0.0
546,1789132184.0653667,lr/attention.no_decay,0.0
546,1789132184.0653667,lr/backbone.decay,0.0
546,1789132184.0653667,lr/backbone.no_decay,0.0
546,1789132184.0653667,lr/detect_head.decay,0.0
546,1789132184.0653667,lr/detect_head.no_decay,0.0
546,1789132184.0653667,lr/neck.decay,0.0
546,1789132184.0653667,lr/neck.no_decay,0.0
546,1789132184.0653667,lr/pose_head.decay,9.835739739058842e-06
546,1789132184.0653667,lr/pose_head.no_decay,9.835739739058842e-06
546,1789132184.0653667,pose/component_0,0.8533481955528259
546,1789132184.0653667,pose/component_1,0.011910111643373966
546,1789132184.0653667,pose/component_2,0.02905295416712761
546,1789132184.0653667,pose/component_3,0.2593408226966858
546,1789132184.0653667,pose/component_4,0.004381285049021244
546,1789132184.0653667,pose/component_5,0.0
547,1789132184.2611341,amp/overflow_retries,0.0
547,1789132184.2611341,amp/scale,32.0
547,1789132184.2611341,gradient/clipped_norm,300.27618408203125
547,1789132184.2611341,images/detect,0.0
547,1789132184.2611341,images/pose,16.0
547,1789132184.2611341,loss/backward,75.63212585449219
547,1789132184.2611341,loss/detect_mean,0.0
547,1789132184.2611341,loss/joint_mean,1.1817519664764404
547,1789132184.2611341,loss/pose_mean,1.1817519664764404
547,1789132184.2611341,lr/attention.decay,0.0
547,1789132184.2611341,lr/attention.no_decay,0.0
547,1789132184.2611341,lr/backbone.decay,0.0
547,1789132184.2611341,lr/backbone.no_decay,0.0
547,1789132184.2611341,lr/detect_head.decay,0.0
547,1789132184.2611341,lr/detect_head.no_decay,0.0
547,1789132184.2611341,lr/neck.decay,0.0
547,1789132184.2611341,lr/neck.no_decay,0.0
547,1789132184.2611341,lr/pose_head.decay,9.833856666460118e-06
547,1789132184.2611341,lr/pose_head.no_decay,9.833856666460118e-06
547,1789132184.2611341,pose/component_0,0.7763216495513916
547,1789132184.2611341,pose/component_1,0.017220979556441307
547,1789132184.2611341,pose/component_2,0.009661467745900154
547,1789132184.2611341,pose/component_3,0.43586650490760803
547,1789132184.2611341,pose/component_4,0.0024927763734012842
547,1789132184.2611341,pose/component_5,0.0
548,1789132184.4562085,amp/overflow_retries,0.0
548,1789132184.4562085,amp/scale,32.0
548,1789132184.4562085,gradient/clipped_norm,452.7861328125
548,1789132184.4562085,images/detect,0.0
548,1789132184.4562085,images/pose,16.0
548,1789132184.4562085,loss/backward,90.80877685546875
548,1789132184.4562085,loss/detect_mean,0.0
548,1789132184.4562085,loss/joint_mean,1.4188871383666992
548,1789132184.4562085,loss/pose_mean,1.4188871383666992
548,1789132184.4562085,lr/attention.decay,0.0
548,1789132184.4562085,lr/attention.no_decay,0.0
548,1789132184.4562085,lr/backbone.decay,0.0
548,1789132184.4562085,lr/backbone.no_decay,0.0
548,1789132184.4562085,lr/detect_head.decay,0.0
548,1789132184.4562085,lr/detect_head.no_decay,0.0
548,1789132184.4562085,lr/neck.decay,0.0
548,1789132184.4562085,lr/neck.no_decay,0.0
548,1789132184.4562085,lr/pose_head.decay,9.83196323246048e-06
548,1789132184.4562085,lr/pose_head.no_decay,9.83196323246048e-06
548,1789132184.4562085,pose/component_0,0.9978940486907959
548,1789132184.4562085,pose/component_1,0.02528289332985878
548,1789132184.4562085,pose/component_2,0.03709741309285164
548,1789132184.4562085,pose/component_3,0.4380638003349304
548,1789132184.4562085,pose/component_4,0.002732421737164259
548,1789132184.4562085,pose/component_5,0.0
549,1789132184.6509094,amp/overflow_retries,0.0
549,1789132184.6509094,amp/scale,32.0
549,1789132184.6509094,gradient/clipped_norm,500.1347961425781
549,1789132184.6509094,images/detect,0.0
549,1789132184.6509094,images/pose,16.0
549,1789132184.6509094,loss/backward,86.8492660522461
549,1789132184.6509094,loss/detect_mean,0.0
549,1789132184.6509094,loss/joint_mean,1.3570197820663452
549,1789132184.6509094,loss/pose_mean,1.3570197820663452
549,1789132184.6509094,lr/attention.decay,0.0
549,1789132184.6509094,lr/attention.no_decay,0.0
549,1789132184.6509094,lr/backbone.decay,0.0
549,1789132184.6509094,lr/backbone.no_decay,0.0
549,1789132184.6509094,lr/detect_head.decay,0.0
549,1789132184.6509094,lr/detect_head.no_decay,0.0
549,1789132184.6509094,lr/neck.decay,0.0
549,1789132184.6509094,lr/neck.no_decay,0.0
549,1789132184.6509094,lr/pose_head.decay,9.830059445466027e-06
549,1789132184.6509094,lr/pose_head.no_decay,9.830059445466027e-06
549,1789132184.6509094,pose/component_0,0.9193037748336792
549,1789132184.6509094,pose/component_1,0.03475306183099747
549,1789132184.6509094,pose/component_2,0.0357852466404438
549,1789132184.6509094,pose/component_3,0.5886145234107971
549,1789132184.6509094,pose/component_4,0.0034839166328310966
549,1789132184.6509094,pose/component_5,0.0
550,1789132184.8463368,amp/overflow_retries,0.0
550,1789132184.8463368,amp/scale,32.0
550,1789132184.8463368,gradient/clipped_norm,464.6260681152344
550,1789132184.8463368,images/detect,0.0
550,1789132184.8463368,images/pose,16.0
550,1789132184.8463368,loss/backward,74.46575164794922
550,1789132184.8463368,loss/detect_mean,0.0
550,1789132184.8463368,loss/joint_mean,1.1635273694992065
550,1789132184.8463368,loss/pose_mean,1.1635273694992065
550,1789132184.8463368,lr/attention.decay,0.0
550,1789132184.8463368,lr/attention.no_decay,0.0
550,1789132184.8463368,lr/backbone.decay,0.0
550,1789132184.8463368,lr/backbone.no_decay,0.0
550,1789132184.8463368,lr/detect_head.decay,0.0
550,1789132184.8463368,lr/detect_head.no_decay,0.0
550,1789132184.8463368,lr/neck.decay,0.0
550,1789132184.8463368,lr/neck.no_decay,0.0
550,1789132184.8463368,lr/pose_head.decay,9.82814531392882e-06
550,1789132184.8463368,lr/pose_head.no_decay,9.82814531392882e-06
550,1789132184.8463368,pose/component_0,0.8198043704032898
550,1789132184.8463368,pose/component_1,0.024786002933979034
550,1789132184.8463368,pose/component_2,0.007097193505614996
550,1789132184.8463368,pose/component_3,0.3917698860168457
550,1789132184.8463368,pose/component_4,0.0021151225082576275
550,1789132184.8463368,pose/component_5,0.0
551,1789132185.0417018,amp/overflow_retries,0.0
551,1789132185.0417018,amp/scale,32.0
551,1789132185.0417018,gradient/clipped_norm,318.67138671875
551,1789132185.0417018,images/detect,0.0
551,1789132185.0417018,images/pose,16.0
551,1789132185.0417018,loss/backward,76.98565673828125
551,1789132185.0417018,loss/detect_mean,0.0
551,1789132185.0417018,loss/joint_mean,1.2029008865356445
551,1789132185.0417018,loss/pose_mean,1.2029008865356445
551,1789132185.0417018,lr/attention.decay,0.0
551,1789132185.0417018,lr/attention.no_decay,0.0
551,1789132185.0417018,lr/backbone.decay,0.0
551,1789132185.0417018,lr/backbone.no_decay,0.0
551,1789132185.0417018,lr/detect_head.decay,0.0
551,1789132185.0417018,lr/detect_head.no_decay,0.0
551,1789132185.0417018,lr/neck.decay,0.0
551,1789132185.0417018,lr/neck.no_decay,0.0
551,1789132185.0417018,lr/pose_head.decay,9.826220846346846e-06
551,1789132185.0417018,lr/pose_head.no_decay,9.826220846346846e-06
551,1789132185.0417018,pose/component_0,0.7978693842887878
551,1789132185.0417018,pose/component_1,0.022477321326732635
551,1789132185.0417018,pose/component_2,0.005022908560931683
551,1789132185.0417018,pose/component_3,0.3749936819076538
551,1789132185.0417018,pose/component_4,0.00225257920101285
551,1789132185.0417018,pose/component_5,0.0
552,1789132185.2368066,amp/overflow_retries,0.0
552,1789132185.2368066,amp/scale,32.0
552,1789132185.2368066,gradient/clipped_norm,313.9864196777344
552,1789132185.2368066,images/detect,0.0
552,1789132185.2368066,images/pose,16.0
552,1789132185.2368066,loss/backward,65.39306640625
552,1789132185.2368066,loss/detect_mean,0.0
552,1789132185.2368066,loss/joint_mean,1.0217666625976562
552,1789132185.2368066,loss/pose_mean,1.0217666625976562
552,1789132185.2368066,lr/attention.decay,0.0
552,1789132185.2368066,lr/attention.no_decay,0.0
552,1789132185.2368066,lr/backbone.decay,0.0
552,1789132185.2368066,lr/backbone.no_decay,0.0
552,1789132185.2368066,lr/detect_head.decay,0.0
552,1789132185.2368066,lr/detect_head.no_decay,0.0
552,1789132185.2368066,lr/neck.decay,0.0
552,1789132185.2368066,lr/neck.no_decay,0.0
552,1789132185.2368066,lr/pose_head.decay,9.82428605126398e-06
552,1789132185.2368066,lr/pose_head.no_decay,9.82428605126398e-06
552,1789132185.2368066,pose/component_0,0.6650643348693848
552,1789132185.2368066,pose/component_1,0.012663370929658413
552,1789132185.2368066,pose/component_2,0.00206113513559103
552,1789132185.2368066,pose/component_3,0.2514123320579529
552,1789132185.2368066,pose/component_4,0.0017484442796558142
552,1789132185.2368066,pose/component_5,0.0
553,1789132185.4313772,amp/overflow_retries,0.0
553,1789132185.4313772,amp/scale,32.0
553,1789132185.4313772,gradient/clipped_norm,415.1081237792969
553,1789132185.4313772,images/detect,0.0
553,1789132185.4313772,images/pose,16.0
553,1789132185.4313772,loss/backward,75.16024017333984
553,1789132185.4313772,loss/detect_mean,0.0
553,1789132185.4313772,loss/joint_mean,1.174378752708435
553,1789132185.4313772,loss/pose_mean,1.174378752708435
553,1789132185.4313772,lr/attention.decay,0.0
553,1789132185.4313772,lr/attention.no_decay,0.0
553,1789132185.4313772,lr/backbone.decay,0.0
553,1789132185.4313772,lr/backbone.no_decay,0.0
553,1789132185.4313772,lr/detect_head.decay,0.0
553,1789132185.4313772,lr/detect_head.no_decay,0.0
553,1789132185.4313772,lr/neck.decay,0.0
553,1789132185.4313772,lr/neck.no_decay,0.0
553,1789132185.4313772,lr/pose_head.decay,9.822340937269949e-06
553,1789132185.4313772,lr/pose_head.no_decay,9.822340937269949e-06
553,1789132185.4313772,pose/component_0,0.8852965831756592
553,1789132185.4313772,pose/component_1,0.01250073965638876
553,1789132185.4313772,pose/component_2,0.0027447715401649475
553,1789132185.4313772,pose/component_3,0.3878895342350006
553,1789132185.4313772,pose/component_4,0.0020638166461139917
553,1789132185.4313772,pose/component_5,0.0
554,1789132185.626256,amp/overflow_retries,0.0
554,1789132185.626256,amp/scale,32.0
554,1789132185.626256,gradient/clipped_norm,442.0116882324219
554,1789132185.626256,images/detect,0.0
554,1789132185.626256,images/pose,16.0
554,1789132185.626256,loss/backward,77.76300811767578
554,1789132185.626256,loss/detect_mean,0.0
554,1789132185.626256,loss/joint_mean,1.215047001838684
554,1789132185.626256,loss/pose_mean,1.215047001838684
554,1789132185.626256,lr/attention.decay,0.0
554,1789132185.626256,lr/attention.no_decay,0.0
554,1789132185.626256,lr/backbone.decay,0.0
554,1789132185.626256,lr/backbone.no_decay,0.0
554,1789132185.626256,lr/detect_head.decay,0.0
554,1789132185.626256,lr/detect_head.no_decay,0.0
554,1789132185.626256,lr/neck.decay,0.0
554,1789132185.626256,lr/neck.no_decay,0.0
554,1789132185.626256,lr/pose_head.decay,9.82038551300029e-06
554,1789132185.626256,lr/pose_head.no_decay,9.82038551300029e-06
554,1789132185.626256,pose/component_0,0.8896382451057434
554,1789132185.626256,pose/component_1,0.0707525759935379
554,1789132185.626256,pose/component_2,0.006260957568883896
554,1789132185.626256,pose/component_3,0.4763948619365692
554,1789132185.626256,pose/component_4,0.0028818880673497915
554,1789132185.626256,pose/component_5,0.0
555,1789132185.8208144,amp/overflow_retries,0.0
555,1789132185.8208144,amp/scale,32.0
555,1789132185.8208144,gradient/clipped_norm,393.5516052246094
555,1789132185.8208144,images/detect,0.0
555,1789132185.8208144,images/pose,16.0
555,1789132185.8208144,loss/backward,85.99388885498047
555,1789132185.8208144,loss/detect_mean,0.0
555,1789132185.8208144,loss/joint_mean,1.3436545133590698
555,1789132185.8208144,loss/pose_mean,1.3436545133590698
555,1789132185.8208144,lr/attention.decay,0.0
555,1789132185.8208144,lr/attention.no_decay,0.0
555,1789132185.8208144,lr/backbone.decay,0.0
555,1789132185.8208144,lr/backbone.no_decay,0.0
555,1789132185.8208144,lr/detect_head.decay,0.0
555,1789132185.8208144,lr/detect_head.no_decay,0.0
555,1789132185.8208144,lr/neck.decay,0.0
555,1789132185.8208144,lr/neck.no_decay,0.0
555,1789132185.8208144,lr/pose_head.decay,9.818419787136311e-06
555,1789132185.8208144,lr/pose_head.no_decay,9.818419787136311e-06
555,1789132185.8208144,pose/component_0,0.8477270007133484
555,1789132185.8208144,pose/component_1,0.036627836525440216
555,1789132185.8208144,pose/component_2,0.008404445834457874
555,1789132185.8208144,pose/component_3,0.5044046640396118
555,1789132185.8208144,pose/component_4,0.0030613718554377556
555,1789132185.8208144,pose/component_5,0.0
556,1789132186.016028,amp/overflow_retries,0.0
556,1789132186.016028,amp/scale,32.0
556,1789132186.016028,gradient/clipped_norm,338.3484802246094
556,1789132186.016028,images/detect,0.0
556,1789132186.016028,images/pose,16.0
556,1789132186.016028,loss/backward,76.22227478027344
556,1789132186.016028,loss/detect_mean,0.0
556,1789132186.016028,loss/joint_mean,1.1909730434417725
556,1789132186.016028,loss/pose_mean,1.1909730434417725
556,1789132186.016028,lr/attention.decay,0.0
556,1789132186.016028,lr/attention.no_decay,0.0
556,1789132186.016028,lr/backbone.decay,0.0
556,1789132186.016028,lr/backbone.no_decay,0.0
556,1789132186.016028,lr/detect_head.decay,0.0
556,1789132186.016028,lr/detect_head.no_decay,0.0
556,1789132186.016028,lr/neck.decay,0.0
556,1789132186.016028,lr/neck.no_decay,0.0
556,1789132186.016028,lr/pose_head.decay,9.816443768405061e-06
556,1789132186.016028,lr/pose_head.no_decay,9.816443768405061e-06
556,1789132186.016028,pose/component_0,0.7564340233802795
556,1789132186.016028,pose/component_1,0.022950325161218643
556,1789132186.016028,pose/component_2,0.027513522654771805
556,1789132186.016028,pose/component_3,0.3762212097644806
556,1789132186.016028,pose/component_4,0.003131087403744459
556,1789132186.016028,pose/component_5,0.0
557,1789132186.211267,amp/overflow_retries,0.0
557,1789132186.211267,amp/scale,32.0
557,1789132186.211267,gradient/clipped_norm,465.9389343261719
557,1789132186.211267,images/detect,0.0
557,1789132186.211267,images/pose,16.0
557,1789132186.211267,loss/backward,77.61106872558594
557,1789132186.211267,loss/detect_mean,0.0
557,1789132186.211267,loss/joint_mean,1.2126729488372803
557,1789132186.211267,loss/pose_mean,1.2126729488372803
557,1789132186.211267,lr/attention.decay,0.0
557,1789132186.211267,lr/attention.no_decay,0.0
557,1789132186.211267,lr/backbone.decay,0.0
557,1789132186.211267,lr/backbone.no_decay,0.0
557,1789132186.211267,lr/detect_head.decay,0.0
557,1789132186.211267,lr/detect_head.no_decay,0.0
557,1789132186.211267,lr/neck.decay,0.0
557,1789132186.211267,lr/neck.no_decay,0.0
557,1789132186.211267,lr/pose_head.decay,9.81445746557928e-06
557,1789132186.211267,lr/pose_head.no_decay,9.81445746557928e-06
557,1789132186.211267,pose/component_0,0.7999755144119263
557,1789132186.211267,pose/component_1,0.14784979820251465
557,1789132186.211267,pose/component_2,0.00640801340341568
557,1789132186.211267,pose/component_3,0.3941243290901184
557,1789132186.211267,pose/component_4,0.002144749043509364
557,1789132186.211267,pose/component_5,0.0
558,1789132186.406949,amp/overflow_retries,0.0
558,1789132186.406949,amp/scale,32.0
558,1789132186.406949,gradient/clipped_norm,308.24139404296875
558,1789132186.406949,images/detect,0.0
558,1789132186.406949,images/pose,16.0
558,1789132186.406949,loss/backward,68.68768310546875
558,1789132186.406949,loss/detect_mean,0.0
558,1789132186.406949,loss/joint_mean,1.0732450485229492
558,1789132186.406949,loss/pose_mean,1.0732450485229492
558,1789132186.406949,lr/attention.decay,0.0
558,1789132186.406949,lr/attention.no_decay,0.0
558,1789132186.406949,lr/backbone.decay,0.0
558,1789132186.406949,lr/backbone.no_decay,0.0
558,1789132186.406949,lr/detect_head.decay,0.0
558,1789132186.406949,lr/detect_head.no_decay,0.0
558,1789132186.406949,lr/neck.decay,0.0
558,1789132186.406949,lr/neck.no_decay,0.0
558,1789132186.406949,lr/pose_head.decay,9.812460887477368e-06
558,1789132186.406949,lr/pose_head.no_decay,9.812460887477368e-06
558,1789132186.406949,pose/component_0,0.7669768929481506
558,1789132186.406949,pose/component_1,0.03779739513993263
558,1789132186.406949,pose/component_2,0.00929635763168335
558,1789132186.406949,pose/component_3,0.2786853015422821
558,1789132186.406949,pose/component_4,0.002159739611670375
558,1789132186.406949,pose/component_5,0.0
559,1789132186.6033201,amp/overflow_retries,0.0
559,1789132186.6033201,amp/scale,32.0
559,1789132186.6033201,gradient/clipped_norm,327.14208984375
559,1789132186.6033201,images/detect,0.0
559,1789132186.6033201,images/pose,16.0
559,1789132186.6033201,loss/backward,73.0296630859375
559,1789132186.6033201,loss/detect_mean,0.0
559,1789132186.6033201,loss/joint_mean,1.1410884857177734
559,1789132186.6033201,loss/pose_mean,1.1410884857177734
559,1789132186.6033201,lr/attention.decay,0.0
559,1789132186.6033201,lr/attention.no_decay,0.0
559,1789132186.6033201,lr/backbone.decay,0.0
559,1789132186.6033201,lr/backbone.no_decay,0.0
559,1789132186.6033201,lr/detect_head.decay,0.0
559,1789132186.6033201,lr/detect_head.no_decay,0.0
559,1789132186.6033201,lr/neck.decay,0.0
559,1789132186.6033201,lr/neck.no_decay,0.0
559,1789132186.6033201,lr/pose_head.decay,9.810454042963342e-06
559,1789132186.6033201,lr/pose_head.no_decay,9.810454042963342e-06
559,1789132186.6033201,pose/component_0,0.7735061645507812
559,1789132186.6033201,pose/component_1,0.0176393985748291
559,1789132186.6033201,pose/component_2,0.014212928712368011
559,1789132186.6033201,pose/component_3,0.4356008768081665
559,1789132186.6033201,pose/component_4,0.002256455598399043
559,1789132186.6033201,pose/component_5,0.0
560,1789132186.797701,amp/overflow_retries,0.0
560,1789132186.797701,amp/scale,32.0
560,1789132186.797701,gradient/clipped_norm,247.60418701171875
560,1789132186.797701,images/detect,0.0
560,1789132186.797701,images/pose,16.0
560,1789132186.797701,loss/backward,72.2158432006836
560,1789132186.797701,loss/detect_mean,0.0
560,1789132186.797701,loss/joint_mean,1.1283725500106812
560,1789132186.797701,loss/pose_mean,1.1283725500106812
560,1789132186.797701,lr/attention.decay,0.0
560,1789132186.797701,lr/attention.no_decay,0.0
560,1789132186.797701,lr/backbone.decay,0.0
560,1789132186.797701,lr/backbone.no_decay,0.0
560,1789132186.797701,lr/detect_head.decay,0.0
560,1789132186.797701,lr/detect_head.no_decay,0.0
560,1789132186.797701,lr/neck.decay,0.0
560,1789132186.797701,lr/neck.no_decay,0.0
560,1789132186.797701,lr/pose_head.decay,9.808436940946798e-06
560,1789132186.797701,lr/pose_head.no_decay,9.808436940946798e-06
560,1789132186.797701,pose/component_0,0.8394978642463684
560,1789132186.797701,pose/component_1,0.011614160612225533
560,1789132186.797701,pose/component_2,0.006567042786628008
560,1789132186.797701,pose/component_3,0.2950504720211029
560,1789132186.797701,pose/component_4,0.0031263702549040318
560,1789132186.797701,pose/component_5,0.0
561,1789132186.992379,amp/overflow_retries,0.0
561,1789132186.992379,amp/scale,32.0
561,1789132186.992379,gradient/clipped_norm,347.79827880859375
561,1789132186.992379,images/detect,0.0
561,1789132186.992379,images/pose,16.0
561,1789132186.992379,loss/backward,77.6677474975586
561,1789132186.992379,loss/detect_mean,0.0
561,1789132186.992379,loss/joint_mean,1.213558554649353
561,1789132186.992379,loss/pose_mean,1.213558554649353
561,1789132186.992379,lr/attention.decay,0.0
561,1789132186.992379,lr/attention.no_decay,0.0
561,1789132186.992379,lr/backbone.decay,0.0
561,1789132186.992379,lr/backbone.no_decay,0.0
561,1789132186.992379,lr/detect_head.decay,0.0
561,1789132186.992379,lr/detect_head.no_decay,0.0
561,1789132186.992379,lr/neck.decay,0.0
561,1789132186.992379,lr/neck.no_decay,0.0
561,1789132186.992379,lr/pose_head.decay,9.80640959038287e-06
561,1789132186.992379,lr/pose_head.no_decay,9.80640959038287e-06
561,1789132186.992379,pose/component_0,0.8720780611038208
561,1789132186.992379,pose/component_1,0.021497981622815132
561,1789132186.992379,pose/component_2,0.01470242254436016
561,1789132186.992379,pose/component_3,0.4033374488353729
561,1789132186.992379,pose/component_4,0.002055693417787552
561,1789132186.992379,pose/component_5,0.0
562,1789132187.1878893,amp/overflow_retries,0.0
562,1789132187.1878893,amp/scale,32.0
562,1789132187.1878893,gradient/clipped_norm,304.971923828125
562,1789132187.1878893,images/detect,0.0
562,1789132187.1878893,images/pose,16.0
562,1789132187.1878893,loss/backward,79.80228424072266
562,1789132187.1878893,loss/detect_mean,0.0
562,1789132187.1878893,loss/joint_mean,1.2469106912612915
562,1789132187.1878893,loss/pose_mean,1.2469106912612915
562,1789132187.1878893,lr/attention.decay,0.0
562,1789132187.1878893,lr/attention.no_decay,0.0
562,1789132187.1878893,lr/backbone.decay,0.0
562,1789132187.1878893,lr/backbone.no_decay,0.0
562,1789132187.1878893,lr/detect_head.decay,0.0
562,1789132187.1878893,lr/detect_head.no_decay,0.0
562,1789132187.1878893,lr/neck.decay,0.0
562,1789132187.1878893,lr/neck.no_decay,0.0
562,1789132187.1878893,lr/pose_head.decay,9.804372000272196e-06
562,1789132187.1878893,lr/pose_head.no_decay,9.804372000272196e-06
562,1789132187.1878893,pose/component_0,0.8267163038253784
562,1789132187.1878893,pose/component_1,0.01540231704711914
562,1789132187.1878893,pose/component_2,0.013387234881520271
562,1789132187.1878893,pose/component_3,0.30784502625465393
562,1789132187.1878893,pose/component_4,0.003151312004774809
562,1789132187.1878893,pose/component_5,0.0
563,1789132187.3831317,amp/overflow_retries,0.0
563,1789132187.3831317,amp/scale,32.0
563,1789132187.3831317,gradient/clipped_norm,358.59991455078125
563,1789132187.3831317,images/detect,0.0
563,1789132187.3831317,images/pose,16.0
563,1789132187.3831317,loss/backward,72.38424682617188
563,1789132187.3831317,loss/detect_mean,0.0
563,1789132187.3831317,loss/joint_mean,1.1310038566589355
563,1789132187.3831317,loss/pose_mean,1.1310038566589355
563,1789132187.3831317,lr/attention.decay,0.0
563,1789132187.3831317,lr/attention.no_decay,0.0
563,1789132187.3831317,lr/backbone.decay,0.0
563,1789132187.3831317,lr/backbone.no_decay,0.0
563,1789132187.3831317,lr/detect_head.decay,0.0
563,1789132187.3831317,lr/detect_head.no_decay,0.0
563,1789132187.3831317,lr/neck.decay,0.0
563,1789132187.3831317,lr/neck.no_decay,0.0
563,1789132187.3831317,lr/pose_head.decay,9.80232417966087e-06
563,1789132187.3831317,lr/pose_head.no_decay,9.80232417966087e-06
563,1789132187.3831317,pose/component_0,0.8593049049377441
563,1789132187.3831317,pose/component_1,0.030116252601146698
563,1789132187.3831317,pose/component_2,0.008163989521563053
563,1789132187.3831317,pose/component_3,0.2725534439086914
563,1789132187.3831317,pose/component_4,0.0023250780068337917
563,1789132187.3831317,pose/component_5,0.0
564,1789132187.5789526,amp/overflow_retries,0.0
564,1789132187.5789526,amp/scale,32.0
564,1789132187.5789526,gradient/clipped_norm,274.06134033203125
564,1789132187.5789526,images/detect,0.0
564,1789132187.5789526,images/pose,16.0
564,1789132187.5789526,loss/backward,63.233558654785156
564,1789132187.5789526,loss/detect_mean,0.0
564,1789132187.5789526,loss/joint_mean,0.9880243539810181
564,1789132187.5789526,loss/pose_mean,0.9880243539810181
564,1789132187.5789526,lr/attention.decay,0.0
564,1789132187.5789526,lr/attention.no_decay,0.0
564,1789132187.5789526,lr/backbone.decay,0.0
564,1789132187.5789526,lr/backbone.no_decay,0.0
564,1789132187.5789526,lr/detect_head.decay,0.0
564,1789132187.5789526,lr/detect_head.no_decay,0.0
564,1789132187.5789526,lr/neck.decay,0.0
564,1789132187.5789526,lr/neck.no_decay,0.0
564,1789132187.5789526,lr/pose_head.decay,9.800266137640406e-06
564,1789132187.5789526,lr/pose_head.no_decay,9.800266137640406e-06
564,1789132187.5789526,pose/component_0,0.6932052969932556
564,1789132187.5789526,pose/component_1,0.022219421342015266
564,1789132187.5789526,pose/component_2,0.014129064977169037
564,1789132187.5789526,pose/component_3,0.31370216608047485
564,1789132187.5789526,pose/component_4,0.00403206143528223
564,1789132187.5789526,pose/component_5,0.0
565,1789132187.7747993,amp/overflow_retries,0.0
565,1789132187.7747993,amp/scale,32.0
565,1789132187.7747993,gradient/clipped_norm,391.9292907714844
565,1789132187.7747993,images/detect,0.0
565,1789132187.7747993,images/pose,16.0
565,1789132187.7747993,loss/backward,54.33705139160156
565,1789132187.7747993,loss/detect_mean,0.0
565,1789132187.7747993,loss/joint_mean,0.8490164279937744
565,1789132187.7747993,loss/pose_mean,0.8490164279937744
565,1789132187.7747993,lr/attention.decay,0.0
565,1789132187.7747993,lr/attention.no_decay,0.0
565,1789132187.7747993,lr/backbone.decay,0.0
565,1789132187.7747993,lr/backbone.no_decay,0.0
565,1789132187.7747993,lr/detect_head.decay,0.0
565,1789132187.7747993,lr/detect_head.no_decay,0.0
565,1789132187.7747993,lr/neck.decay,0.0
565,1789132187.7747993,lr/neck.no_decay,0.0
565,1789132187.7747993,lr/pose_head.decay,9.798197883347695e-06
565,1789132187.7747993,lr/pose_head.no_decay,9.798197883347695e-06
565,1789132187.7747993,pose/component_0,0.5846813917160034
565,1789132187.7747993,pose/component_1,0.015354931354522705
565,1789132187.7747993,pose/component_2,0.005571265239268541
565,1789132187.7747993,pose/component_3,0.2490043044090271
565,1789132187.7747993,pose/component_4,0.0016961455112323165
565,1789132187.7747993,pose/component_5,0.0
566,1789132187.9697514,amp/overflow_retries,0.0
566,1789132187.9697514,amp/scale,32.0
566,1789132187.9697514,gradient/clipped_norm,306.4023742675781
566,1789132187.9697514,images/detect,0.0
566,1789132187.9697514,images/pose,16.0
566,1789132187.9697514,loss/backward,63.85565948486328
566,1789132187.9697514,loss/detect_mean,0.0
566,1789132187.9697514,loss/joint_mean,0.9977446794509888
566,1789132187.9697514,loss/pose_mean,0.9977446794509888
566,1789132187.9697514,lr/attention.decay,0.0
566,1789132187.9697514,lr/attention.no_decay,0.0
566,1789132187.9697514,lr/backbone.decay,0.0
566,1789132187.9697514,lr/backbone.no_decay,0.0
566,1789132187.9697514,lr/detect_head.decay,0.0
566,1789132187.9697514,lr/detect_head.no_decay,0.0
566,1789132187.9697514,lr/neck.decay,0.0
566,1789132187.9697514,lr/neck.no_decay,0.0
566,1789132187.9697514,lr/pose_head.decay,9.79611942596497e-06
566,1789132187.9697514,lr/pose_head.no_decay,9.79611942596497e-06
566,1789132187.9697514,pose/component_0,0.6703753471374512
566,1789132187.9697514,pose/component_1,0.0166998952627182
566,1789132187.9697514,pose/component_2,0.006556627806276083
566,1789132187.9697514,pose/component_3,0.31193193793296814
566,1789132187.9697514,pose/component_4,0.0024818156380206347
566,1789132187.9697514,pose/component_5,0.0
567,1789132188.1648605,amp/overflow_retries,0.0
567,1789132188.1648605,amp/scale,32.0
567,1789132188.1648605,gradient/clipped_norm,297.6661376953125
567,1789132188.1648605,images/detect,0.0
567,1789132188.1648605,images/pose,16.0
567,1789132188.1648605,loss/backward,60.47296142578125
567,1789132188.1648605,loss/detect_mean,0.0
567,1789132188.1648605,loss/joint_mean,0.944890022277832
567,1789132188.1648605,loss/pose_mean,0.944890022277832
567,1789132188.1648605,lr/attention.decay,0.0
567,1789132188.1648605,lr/attention.no_decay,0.0
567,1789132188.1648605,lr/backbone.decay,0.0
567,1789132188.1648605,lr/backbone.no_decay,0.0
567,1789132188.1648605,lr/detect_head.decay,0.0
567,1789132188.1648605,lr/detect_head.no_decay,0.0
567,1789132188.1648605,lr/neck.decay,0.0
567,1789132188.1648605,lr/neck.no_decay,0.0
567,1789132188.1648605,lr/pose_head.decay,9.79403077471976e-06
567,1789132188.1648605,lr/pose_head.no_decay,9.79403077471976e-06
567,1789132188.1648605,pose/component_0,0.6327570080757141
567,1789132188.1648605,pose/component_1,0.011558961123228073
567,1789132188.1648605,pose/component_2,0.0038267343770712614
567,1789132188.1648605,pose/component_3,0.24980036914348602
567,1789132188.1648605,pose/component_4,0.0023676843848079443
567,1789132188.1648605,pose/component_5,0.0
568,1789132188.3604228,amp/overflow_retries,0.0
568,1789132188.3604228,amp/scale,32.0
568,1789132188.3604228,gradient/clipped_norm,357.5751953125
568,1789132188.3604228,images/detect,0.0
568,1789132188.3604228,images/pose,16.0
568,1789132188.3604228,loss/backward,80.51986694335938
568,1789132188.3604228,loss/detect_mean,0.0
568,1789132188.3604228,loss/joint_mean,1.2581229209899902
568,1789132188.3604228,loss/pose_mean,1.2581229209899902
568,1789132188.3604228,lr/attention.decay,0.0
568,1789132188.3604228,lr/attention.no_decay,0.0
568,1789132188.3604228,lr/backbone.decay,0.0
568,1789132188.3604228,lr/backbone.no_decay,0.0
568,1789132188.3604228,lr/detect_head.decay,0.0
568,1789132188.3604228,lr/detect_head.no_decay,0.0
568,1789132188.3604228,lr/neck.decay,0.0
568,1789132188.3604228,lr/neck.no_decay,0.0
568,1789132188.3604228,lr/pose_head.decay,9.79193193888485e-06
568,1789132188.3604228,lr/pose_head.no_decay,9.79193193888485e-06
568,1789132188.3604228,pose/component_0,0.8379682898521423
568,1789132188.3604228,pose/component_1,0.053728971630334854
568,1789132188.3604228,pose/component_2,0.00704608391970396
568,1789132188.3604228,pose/component_3,0.40118083357810974
568,1789132188.3604228,pose/component_4,0.002449099672958255
568,1789132188.3604228,pose/component_5,0.0
569,1789132188.555748,amp/overflow_retries,0.0
569,1789132188.555748,amp/scale,32.0
569,1789132188.555748,gradient/clipped_norm,388.1056823730469
569,1789132188.555748,images/detect,0.0
569,1789132188.555748,images/pose,16.0
569,1789132188.555748,loss/backward,81.28492736816406
569,1789132188.555748,loss/detect_mean,0.0
569,1789132188.555748,loss/joint_mean,1.2700769901275635
569,1789132188.555748,loss/pose_mean,1.2700769901275635
569,1789132188.555748,lr/attention.decay,0.0
569,1789132188.555748,lr/attention.no_decay,0.0
569,1789132188.555748,lr/backbone.decay,0.0
569,1789132188.555748,lr/backbone.no_decay,0.0
569,1789132188.555748,lr/detect_head.decay,0.0
569,1789132188.555748,lr/detect_head.no_decay,0.0
569,1789132188.555748,lr/neck.decay,0.0
569,1789132188.555748,lr/neck.no_decay,0.0
569,1789132188.555748,lr/pose_head.decay,9.789822927778241e-06
569,1789132188.555748,lr/pose_head.no_decay,9.789822927778241e-06
569,1789132188.555748,pose/component_0,0.9769297242164612
569,1789132188.555748,pose/component_1,0.023947086185216904
569,1789132188.555748,pose/component_2,0.0028585309628397226
569,1789132188.555748,pose/component_3,0.5100479125976562
569,1789132188.555748,pose/component_4,0.002027899958193302
569,1789132188.555748,pose/component_5,0.0
570,1789132188.7504442,amp/overflow_retries,0.0
570,1789132188.7504442,amp/scale,32.0
570,1789132188.7504442,gradient/clipped_norm,392.06549072265625
570,1789132188.7504442,images/detect,0.0
570,1789132188.7504442,images/pose,16.0
570,1789132188.7504442,loss/backward,92.41795349121094
570,1789132188.7504442,loss/detect_mean,0.0
570,1789132188.7504442,loss/joint_mean,1.444030523300171
570,1789132188.7504442,loss/pose_mean,1.444030523300171
570,1789132188.7504442,lr/attention.decay,0.0
570,1789132188.7504442,lr/attention.no_decay,0.0
570,1789132188.7504442,lr/backbone.decay,0.0
570,1789132188.7504442,lr/backbone.no_decay,0.0
570,1789132188.7504442,lr/detect_head.decay,0.0
570,1789132188.7504442,lr/detect_head.no_decay,0.0
570,1789132188.7504442,lr/neck.decay,0.0
570,1789132188.7504442,lr/neck.no_decay,0.0
570,1789132188.7504442,lr/pose_head.decay,9.787703750763109e-06
570,1789132188.7504442,lr/pose_head.no_decay,9.787703750763109e-06
570,1789132188.7504442,pose/component_0,1.0574285984039307
570,1789132188.7504442,pose/component_1,0.03869931399822235
570,1789132188.7504442,pose/component_2,0.014226763509213924
570,1789132188.7504442,pose/component_3,0.5538198351860046
570,1789132188.7504442,pose/component_4,0.0023569553159177303
570,1789132188.7504442,pose/component_5,0.0
571,1789132188.9457822,amp/overflow_retries,0.0
571,1789132188.9457822,amp/scale,32.0
571,1789132188.9457822,gradient/clipped_norm,341.9389343261719
571,1789132188.9457822,images/detect,0.0
571,1789132188.9457822,images/pose,16.0
571,1789132188.9457822,loss/backward,63.52146911621094
571,1789132188.9457822,loss/detect_mean,0.0
571,1789132188.9457822,loss/joint_mean,0.9925229549407959
571,1789132188.9457822,loss/pose_mean,0.9925229549407959
571,1789132188.9457822,lr/attention.decay,0.0
571,1789132188.9457822,lr/attention.no_decay,0.0
571,1789132188.9457822,lr/backbone.decay,0.0
571,1789132188.9457822,lr/backbone.no_decay,0.0
571,1789132188.9457822,lr/detect_head.decay,0.0
571,1789132188.9457822,lr/detect_head.no_decay,0.0
571,1789132188.9457822,lr/neck.decay,0.0
571,1789132188.9457822,lr/neck.no_decay,0.0
571,1789132188.9457822,lr/pose_head.decay,9.785574417247765e-06
571,1789132188.9457822,lr/pose_head.no_decay,9.785574417247765e-06
571,1789132188.9457822,pose/component_0,0.6753557920455933
571,1789132188.9457822,pose/component_1,0.008405458182096481
571,1789132188.9457822,pose/component_2,0.06665745377540588
571,1789132188.9457822,pose/component_3,0.3119199872016907
571,1789132188.9457822,pose/component_4,0.0028187385760247707
571,1789132188.9457822,pose/component_5,0.0
572,1789132189.1403568,amp/overflow_retries,0.0
572,1789132189.1403568,amp/scale,32.0
572,1789132189.1403568,gradient/clipped_norm,491.6590576171875
572,1789132189.1403568,images/detect,0.0
572,1789132189.1403568,images/pose,16.0
572,1789132189.1403568,loss/backward,74.74685668945312
572,1789132189.1403568,loss/detect_mean,0.0
572,1789132189.1403568,loss/joint_mean,1.167919635772705
572,1789132189.1403568,loss/pose_mean,1.167919635772705
572,1789132189.1403568,lr/attention.decay,0.0
572,1789132189.1403568,lr/attention.no_decay,0.0
572,1789132189.1403568,lr/backbone.decay,0.0
572,1789132189.1403568,lr/backbone.no_decay,0.0
572,1789132189.1403568,lr/detect_head.decay,0.0
572,1789132189.1403568,lr/detect_head.no_decay,0.0
572,1789132189.1403568,lr/neck.decay,0.0
572,1789132189.1403568,lr/neck.no_decay,0.0
572,1789132189.1403568,lr/pose_head.decay,9.783434936685603e-06
572,1789132189.1403568,lr/pose_head.no_decay,9.783434936685603e-06
572,1789132189.1403568,pose/component_0,0.6970950961112976
572,1789132189.1403568,pose/component_1,0.013590721413493156
572,1789132189.1403568,pose/component_2,0.008950174786150455
572,1789132189.1403568,pose/component_3,0.3889579176902771
572,1789132189.1403568,pose/component_4,0.0020921374671161175
572,1789132189.1403568,pose/component_5,0.0
573,1789132189.3351283,amp/overflow_retries,0.0
573,1789132189.3351283,amp/scale,32.0
573,1789132189.3351283,gradient/clipped_norm,372.8910217285156
573,1789132189.3351283,images/detect,0.0
573,1789132189.3351283,images/pose,16.0
573,1789132189.3351283,loss/backward,76.75102233886719
573,1789132189.3351283,loss/detect_mean,0.0
573,1789132189.3351283,loss/joint_mean,1.1992347240447998
573,1789132189.3351283,loss/pose_mean,1.1992347240447998
573,1789132189.3351283,lr/attention.decay,0.0
573,1789132189.3351283,lr/attention.no_decay,0.0
573,1789132189.3351283,lr/backbone.decay,0.0
573,1789132189.3351283,lr/backbone.no_decay,0.0
573,1789132189.3351283,lr/detect_head.decay,0.0
573,1789132189.3351283,lr/detect_head.no_decay,0.0
573,1789132189.3351283,lr/neck.decay,0.0
573,1789132189.3351283,lr/neck.no_decay,0.0
573,1789132189.3351283,lr/pose_head.decay,9.781285318575073e-06
573,1789132189.3351283,lr/pose_head.no_decay,9.781285318575073e-06
573,1789132189.3351283,pose/component_0,0.8685149550437927
573,1789132189.3351283,pose/component_1,0.015805520117282867
573,1789132189.3351283,pose/component_2,0.007890289649367332
573,1789132189.3351283,pose/component_3,0.37148576974868774
573,1789132189.3351283,pose/component_4,0.0024057377595454454
573,1789132189.3351283,pose/component_5,0.0
574,1789132189.5305748,amp/overflow_retries,0.0
574,1789132189.5305748,amp/scale,32.0
574,1789132189.5305748,gradient/clipped_norm,349.05670166015625
574,1789132189.5305748,images/detect,0.0
574,1789132189.5305748,images/pose,16.0
574,1789132189.5305748,loss/backward,88.6971435546875
574,1789132189.5305748,loss/detect_mean,0.0
574,1789132189.5305748,loss/joint_mean,1.3858928680419922
574,1789132189.5305748,loss/pose_mean,1.3858928680419922
574,1789132189.5305748,lr/attention.decay,0.0
574,1789132189.5305748,lr/attention.no_decay,0.0
574,1789132189.5305748,lr/backbone.decay,0.0
574,1789132189.5305748,lr/backbone.no_decay,0.0
574,1789132189.5305748,lr/detect_head.decay,0.0
574,1789132189.5305748,lr/detect_head.no_decay,0.0
574,1789132189.5305748,lr/neck.decay,0.0
574,1789132189.5305748,lr/neck.no_decay,0.0
574,1789132189.5305748,lr/pose_head.decay,9.77912557245963e-06
574,1789132189.5305748,lr/pose_head.no_decay,9.77912557245963e-06
574,1789132189.5305748,pose/component_0,0.9077864289283752
574,1789132189.5305748,pose/component_1,0.016526544466614723
574,1789132189.5305748,pose/component_2,0.04534032568335533
574,1789132189.5305748,pose/component_3,0.39296281337738037
574,1789132189.5305748,pose/component_4,0.002423527417704463
574,1789132189.5305748,pose/component_5,0.0
575,1789132189.7251146,amp/overflow_retries,0.0
575,1789132189.7251146,amp/scale,32.0
575,1789132189.7251146,gradient/clipped_norm,446.5090637207031
575,1789132189.7251146,images/detect,0.0
575,1789132189.7251146,images/pose,16.0
575,1789132189.7251146,loss/backward,69.3125
575,1789132189.7251146,loss/detect_mean,0.0
575,1789132189.7251146,loss/joint_mean,1.0830078125
575,1789132189.7251146,loss/pose_mean,1.0830078125
575,1789132189.7251146,lr/attention.decay,0.0
575,1789132189.7251146,lr/attention.no_decay,0.0
575,1789132189.7251146,lr/backbone.decay,0.0
575,1789132189.7251146,lr/backbone.no_decay,0.0
575,1789132189.7251146,lr/detect_head.decay,0.0
575,1789132189.7251146,lr/detect_head.no_decay,0.0
575,1789132189.7251146,lr/neck.decay,0.0
575,1789132189.7251146,lr/neck.no_decay,0.0
575,1789132189.7251146,lr/pose_head.decay,9.776955707927696e-06
575,1789132189.7251146,lr/pose_head.no_decay,9.776955707927696e-06
575,1789132189.7251146,pose/component_0,0.8083669543266296
575,1789132189.7251146,pose/component_1,0.02348465844988823
575,1789132189.7251146,pose/component_2,0.0036273717414587736
575,1789132189.7251146,pose/component_3,0.32575851678848267
575,1789132189.7251146,pose/component_4,0.0025573759339749813
575,1789132189.7251146,pose/component_5,0.0
576,1789132189.9206376,amp/overflow_retries,0.0
576,1789132189.9206376,amp/scale,32.0
576,1789132189.9206376,gradient/clipped_norm,511.0021057128906
576,1789132189.9206376,images/detect,0.0
576,1789132189.9206376,images/pose,16.0
576,1789132189.9206376,loss/backward,88.8184814453125
576,1789132189.9206376,loss/detect_mean,0.0
576,1789132189.9206376,loss/joint_mean,1.3877887725830078
576,1789132189.9206376,loss/pose_mean,1.3877887725830078
576,1789132189.9206376,lr/attention.decay,0.0
576,1789132189.9206376,lr/attention.no_decay,0.0
576,1789132189.9206376,lr/backbone.decay,0.0
576,1789132189.9206376,lr/backbone.no_decay,0.0
576,1789132189.9206376,lr/detect_head.decay,0.0
576,1789132189.9206376,lr/detect_head.no_decay,0.0
576,1789132189.9206376,lr/neck.decay,0.0
576,1789132189.9206376,lr/neck.no_decay,0.0
576,1789132189.9206376,lr/pose_head.decay,9.774775734612605e-06
576,1789132189.9206376,lr/pose_head.no_decay,9.774775734612605e-06
576,1789132189.9206376,pose/component_0,0.9645228981971741
576,1789132189.9206376,pose/component_1,0.05047048628330231
576,1789132189.9206376,pose/component_2,0.013604576699435711
576,1789132189.9206376,pose/component_3,0.520923912525177
576,1789132189.9206376,pose/component_4,0.002679512370377779
576,1789132189.9206376,pose/component_5,0.0
577,1789132190.1152656,amp/overflow_retries,0.0
577,1789132190.1152656,amp/scale,32.0
577,1789132190.1152656,gradient/clipped_norm,306.46478271484375
577,1789132190.1152656,images/detect,0.0
577,1789132190.1152656,images/pose,16.0
577,1789132190.1152656,loss/backward,65.66043090820312
577,1789132190.1152656,loss/detect_mean,0.0
577,1789132190.1152656,loss/joint_mean,1.0259442329406738
577,1789132190.1152656,loss/pose_mean,1.0259442329406738
577,1789132190.1152656,lr/attention.decay,0.0
577,1789132190.1152656,lr/attention.no_decay,0.0
577,1789132190.1152656,lr/backbone.decay,0.0
577,1789132190.1152656,lr/backbone.no_decay,0.0
577,1789132190.1152656,lr/detect_head.decay,0.0
577,1789132190.1152656,lr/detect_head.no_decay,0.0
577,1789132190.1152656,lr/neck.decay,0.0
577,1789132190.1152656,lr/neck.no_decay,0.0
577,1789132190.1152656,lr/pose_head.decay,9.772585662192582e-06
577,1789132190.1152656,lr/pose_head.no_decay,9.772585662192582e-06
577,1789132190.1152656,pose/component_0,0.7443795800209045
577,1789132190.1152656,pose/component_1,0.018732190132141113
577,1789132190.1152656,pose/component_2,0.0015257976483553648
577,1789132190.1152656,pose/component_3,0.3042256534099579
577,1789132190.1152656,pose/component_4,0.0017772335559129715
577,1789132190.1152656,pose/component_5,0.0
578,1789132190.3099344,amp/overflow_retries,0.0
578,1789132190.3099344,amp/scale,32.0
578,1789132190.3099344,gradient/clipped_norm,248.83277893066406
578,1789132190.3099344,images/detect,0.0
578,1789132190.3099344,images/pose,16.0
578,1789132190.3099344,loss/backward,76.61632537841797
578,1789132190.3099344,loss/detect_mean,0.0
578,1789132190.3099344,loss/joint_mean,1.1971300840377808
578,1789132190.3099344,loss/pose_mean,1.1971300840377808
578,1789132190.3099344,lr/attention.decay,0.0
578,1789132190.3099344,lr/attention.no_decay,0.0
578,1789132190.3099344,lr/backbone.decay,0.0
578,1789132190.3099344,lr/backbone.no_decay,0.0
578,1789132190.3099344,lr/detect_head.decay,0.0
578,1789132190.3099344,lr/detect_head.no_decay,0.0
578,1789132190.3099344,lr/neck.decay,0.0
578,1789132190.3099344,lr/neck.no_decay,0.0
578,1789132190.3099344,lr/pose_head.decay,9.77038550039068e-06
578,1789132190.3099344,lr/pose_head.no_decay,9.77038550039068e-06
578,1789132190.3099344,pose/component_0,0.8970938920974731
578,1789132190.3099344,pose/component_1,0.02687632106244564
578,1789132190.3099344,pose/component_2,0.002501029521226883
578,1789132190.3099344,pose/component_3,0.3395311236381531
578,1789132190.3099344,pose/component_4,0.0029462785460054874
578,1789132190.3099344,pose/component_5,0.0
579,1789132190.505685,amp/overflow_retries,0.0
579,1789132190.505685,amp/scale,32.0
579,1789132190.505685,gradient/clipped_norm,304.3841247558594
579,1789132190.505685,images/detect,0.0
579,1789132190.505685,images/pose,16.0
579,1789132190.505685,loss/backward,76.25323486328125
579,1789132190.505685,loss/detect_mean,0.0
579,1789132190.505685,loss/joint_mean,1.1914567947387695
579,1789132190.505685,loss/pose_mean,1.1914567947387695
579,1789132190.505685,lr/attention.decay,0.0
579,1789132190.505685,lr/attention.no_decay,0.0
579,1789132190.505685,lr/backbone.decay,0.0
579,1789132190.505685,lr/backbone.no_decay,0.0
579,1789132190.505685,lr/detect_head.decay,0.0
579,1789132190.505685,lr/detect_head.no_decay,0.0
579,1789132190.505685,lr/neck.decay,0.0
579,1789132190.505685,lr/neck.no_decay,0.0
579,1789132190.505685,lr/pose_head.decay,9.768175258974747e-06
579,1789132190.505685,lr/pose_head.no_decay,9.768175258974747e-06
579,1789132190.505685,pose/component_0,0.7096801996231079
579,1789132190.505685,pose/component_1,0.06162597984075546
579,1789132190.505685,pose/component_2,0.041224610060453415
579,1789132190.505685,pose/component_3,0.4080137014389038
579,1789132190.505685,pose/component_4,0.0037696314975619316
579,1789132190.505685,pose/component_5,0.0
580,1789132190.7012725,amp/overflow_retries,0.0
580,1789132190.7012725,amp/scale,32.0
580,1789132190.7012725,gradient/clipped_norm,397.7234191894531
580,1789132190.7012725,images/detect,0.0
580,1789132190.7012725,images/pose,16.0
580,1789132190.7012725,loss/backward,82.62089538574219
580,1789132190.7012725,loss/detect_mean,0.0
580,1789132190.7012725,loss/joint_mean,1.2909514904022217
580,1789132190.7012725,loss/pose_mean,1.2909514904022217
580,1789132190.7012725,lr/attention.decay,0.0
580,1789132190.7012725,lr/attention.no_decay,0.0
580,1789132190.7012725,lr/backbone.decay,0.0
580,1789132190.7012725,lr/backbone.no_decay,0.0
580,1789132190.7012725,lr/detect_head.decay,0.0
580,1789132190.7012725,lr/detect_head.no_decay,0.0
580,1789132190.7012725,lr/neck.decay,0.0
580,1789132190.7012725,lr/neck.no_decay,0.0
580,1789132190.7012725,lr/pose_head.decay,9.765954947757384e-06
580,1789132190.7012725,lr/pose_head.no_decay,9.765954947757384e-06
580,1789132190.7012725,pose/component_0,0.8652980327606201
580,1789132190.7012725,pose/component_1,0.03599007427692413
580,1789132190.7012725,pose/component_2,0.004536220338195562
580,1789132190.7012725,pose/component_3,0.3734084963798523
580,1789132190.7012725,pose/component_4,0.002367917448282242
580,1789132190.7012725,pose/component_5,0.0
581,1789132190.8959527,amp/overflow_retries,0.0
581,1789132190.8959527,amp/scale,32.0
581,1789132190.8959527,gradient/clipped_norm,388.5948791503906
581,1789132190.8959527,images/detect,0.0
581,1789132190.8959527,images/pose,16.0
581,1789132190.8959527,loss/backward,84.9459228515625
581,1789132190.8959527,loss/detect_mean,0.0
581,1789132190.8959527,loss/joint_mean,1.327280044555664
581,1789132190.8959527,loss/pose_mean,1.327280044555664
581,1789132190.8959527,lr/attention.decay,0.0
581,1789132190.8959527,lr/attention.no_decay,0.0
581,1789132190.8959527,lr/backbone.decay,0.0
581,1789132190.8959527,lr/backbone.no_decay,0.0
581,1789132190.8959527,lr/detect_head.decay,0.0
581,1789132190.8959527,lr/detect_head.no_decay,0.0
581,1789132190.8959527,lr/neck.decay,0.0
581,1789132190.8959527,lr/neck.no_decay,0.0
581,1789132190.8959527,lr/pose_head.decay,9.763724576595891e-06
581,1789132190.8959527,lr/pose_head.no_decay,9.763724576595891e-06
581,1789132190.8959527,pose/component_0,0.9561869502067566
581,1789132190.8959527,pose/component_1,0.011286795139312744
581,1789132190.8959527,pose/component_2,0.006322502624243498
581,1789132190.8959527,pose/component_3,0.42832714319229126
581,1789132190.8959527,pose/component_4,0.0023835329338908195
581,1789132190.8959527,pose/component_5,0.0
582,1789132191.0908406,amp/overflow_retries,0.0
582,1789132191.0908406,amp/scale,32.0
582,1789132191.0908406,gradient/clipped_norm,322.8145446777344
582,1789132191.0908406,images/detect,0.0
582,1789132191.0908406,images/pose,16.0
582,1789132191.0908406,loss/backward,77.8798828125
582,1789132191.0908406,loss/detect_mean,0.0
582,1789132191.0908406,loss/joint_mean,1.2168731689453125
582,1789132191.0908406,loss/pose_mean,1.2168731689453125
582,1789132191.0908406,lr/attention.decay,0.0
582,1789132191.0908406,lr/attention.no_decay,0.0
582,1789132191.0908406,lr/backbone.decay,0.0
582,1789132191.0908406,lr/backbone.no_decay,0.0
582,1789132191.0908406,lr/detect_head.decay,0.0
582,1789132191.0908406,lr/detect_head.no_decay,0.0
582,1789132191.0908406,lr/neck.decay,0.0
582,1789132191.0908406,lr/neck.no_decay,0.0
582,1789132191.0908406,lr/pose_head.decay,9.76148415539224e-06
582,1789132191.0908406,lr/pose_head.no_decay,9.76148415539224e-06
582,1789132191.0908406,pose/component_0,0.753940761089325
582,1789132191.0908406,pose/component_1,0.010672233998775482
582,1789132191.0908406,pose/component_2,0.028076529502868652
582,1789132191.0908406,pose/component_3,0.27272889018058777
582,1789132191.0908406,pose/component_4,0.003139880485832691
582,1789132191.0908406,pose/component_5,0.0
583,1789132191.2855203,amp/overflow_retries,0.0
583,1789132191.2855203,amp/scale,32.0
583,1789132191.2855203,gradient/clipped_norm,417.8252258300781
583,1789132191.2855203,images/detect,0.0
583,1789132191.2855203,images/pose,16.0
583,1789132191.2855203,loss/backward,79.00972747802734
583,1789132191.2855203,loss/detect_mean,0.0
583,1789132191.2855203,loss/joint_mean,1.2345269918441772
583,1789132191.2855203,loss/pose_mean,1.2345269918441772
583,1789132191.2855203,lr/attention.decay,0.0
583,1789132191.2855203,lr/attention.no_decay,0.0
583,1789132191.2855203,lr/backbone.decay,0.0
583,1789132191.2855203,lr/backbone.no_decay,0.0
583,1789132191.2855203,lr/detect_head.decay,0.0
583,1789132191.2855203,lr/detect_head.no_decay,0.0
583,1789132191.2855203,lr/neck.decay,0.0
583,1789132191.2855203,lr/neck.no_decay,0.0
583,1789132191.2855203,lr/pose_head.decay,9.75923369409301e-06
583,1789132191.2855203,lr/pose_head.no_decay,9.75923369409301e-06
583,1789132191.2855203,pose/component_0,0.8022972941398621
583,1789132191.2855203,pose/component_1,0.01857384666800499
583,1789132191.2855203,pose/component_2,0.04830107465386391
583,1789132191.2855203,pose/component_3,0.3909147083759308
583,1789132191.2855203,pose/component_4,0.0026478867512196302
583,1789132191.2855203,pose/component_5,0.0
584,1789132191.480884,amp/overflow_retries,0.0
584,1789132191.480884,amp/scale,32.0
584,1789132191.480884,gradient/clipped_norm,405.3409423828125
584,1789132191.480884,images/detect,0.0
584,1789132191.480884,images/pose,16.0
584,1789132191.480884,loss/backward,96.04841613769531
584,1789132191.480884,loss/detect_mean,0.0
584,1789132191.480884,loss/joint_mean,1.5007565021514893
584,1789132191.480884,loss/pose_mean,1.5007565021514893
584,1789132191.480884,lr/attention.decay,0.0
584,1789132191.480884,lr/attention.no_decay,0.0
584,1789132191.480884,lr/backbone.decay,0.0
584,1789132191.480884,lr/backbone.no_decay,0.0
584,1789132191.480884,lr/detect_head.decay,0.0
584,1789132191.480884,lr/detect_head.no_decay,0.0
584,1789132191.480884,lr/neck.decay,0.0
584,1789132191.480884,lr/neck.no_decay,0.0
584,1789132191.480884,lr/pose_head.decay,9.756973202689363e-06
584,1789132191.480884,lr/pose_head.no_decay,9.756973202689363e-06
584,1789132191.480884,pose/component_0,1.0159740447998047
584,1789132191.480884,pose/component_1,0.09158775210380554
584,1789132191.480884,pose/component_2,0.02734276093542576
584,1789132191.480884,pose/component_3,0.42624637484550476
584,1789132191.480884,pose/component_4,0.0027326634153723717
584,1789132191.480884,pose/component_5,0.0
585,1789132191.675519,amp/overflow_retries,0.0
585,1789132191.675519,amp/scale,32.0
585,1789132191.675519,gradient/clipped_norm,2202.04150390625
585,1789132191.675519,images/detect,0.0
585,1789132191.675519,images/pose,16.0
585,1789132191.675519,loss/backward,109.05734252929688
585,1789132191.675519,loss/detect_mean,0.0
585,1789132191.675519,loss/joint_mean,1.7040209770202637
585,1789132191.675519,loss/pose_mean,1.7040209770202637
585,1789132191.675519,lr/attention.decay,0.0
585,1789132191.675519,lr/attention.no_decay,0.0
585,1789132191.675519,lr/backbone.decay,0.0
585,1789132191.675519,lr/backbone.no_decay,0.0
585,1789132191.675519,lr/detect_head.decay,0.0
585,1789132191.675519,lr/detect_head.no_decay,0.0
585,1789132191.675519,lr/neck.decay,0.0
585,1789132191.675519,lr/neck.no_decay,0.0
585,1789132191.675519,lr/pose_head.decay,9.754702691216983e-06
585,1789132191.675519,lr/pose_head.no_decay,9.754702691216983e-06
585,1789132191.675519,pose/component_0,0.8290612697601318
585,1789132191.675519,pose/component_1,0.032238755375146866
585,1789132191.675519,pose/component_2,0.0158690232783556
585,1789132191.675519,pose/component_3,0.6477917432785034
585,1789132191.675519,pose/component_4,0.0028094202280044556
585,1789132191.675519,pose/component_5,0.0
586,1789132191.8698742,amp/overflow_retries,0.0
586,1789132191.8698742,amp/scale,32.0
586,1789132191.8698742,gradient/clipped_norm,403.4891052246094
586,1789132191.8698742,images/detect,0.0
586,1789132191.8698742,images/pose,16.0
586,1789132191.8698742,loss/backward,75.00471496582031
586,1789132191.8698742,loss/detect_mean,0.0
586,1789132191.8698742,loss/joint_mean,1.1719486713409424
586,1789132191.8698742,loss/pose_mean,1.1719486713409424
586,1789132191.8698742,lr/attention.decay,0.0
586,1789132191.8698742,lr/attention.no_decay,0.0
586,1789132191.8698742,lr/backbone.decay,0.0
586,1789132191.8698742,lr/backbone.no_decay,0.0
586,1789132191.8698742,lr/detect_head.decay,0.0
586,1789132191.8698742,lr/detect_head.no_decay,0.0
586,1789132191.8698742,lr/neck.decay,0.0
586,1789132191.8698742,lr/neck.no_decay,0.0
586,1789132191.8698742,lr/pose_head.decay,9.752422169756048e-06
586,1789132191.8698742,lr/pose_head.no_decay,9.752422169756048e-06
586,1789132191.8698742,pose/component_0,0.8089682459831238
586,1789132191.8698742,pose/component_1,0.0077543738298118114
586,1789132191.8698742,pose/component_2,0.008563495241105556
586,1789132191.8698742,pose/component_3,0.3819236159324646
586,1789132191.8698742,pose/component_4,0.002467106096446514
586,1789132191.8698742,pose/component_5,0.0
587,1789132192.064473,amp/overflow_retries,0.0
587,1789132192.064473,amp/scale,32.0
587,1789132192.064473,gradient/clipped_norm,442.1845703125
587,1789132192.064473,images/detect,0.0
587,1789132192.064473,images/pose,16.0
587,1789132192.064473,loss/backward,87.1855239868164
587,1789132192.064473,loss/detect_mean,0.0
587,1789132192.064473,loss/joint_mean,1.3622738122940063
587,1789132192.064473,loss/pose_mean,1.3622738122940063
587,1789132192.064473,lr/attention.decay,0.0
587,1789132192.064473,lr/attention.no_decay,0.0
587,1789132192.064473,lr/backbone.decay,0.0
587,1789132192.064473,lr/backbone.no_decay,0.0
587,1789132192.064473,lr/detect_head.decay,0.0
587,1789132192.064473,lr/detect_head.no_decay,0.0
587,1789132192.064473,lr/neck.decay,0.0
587,1789132192.064473,lr/neck.no_decay,0.0
587,1789132192.064473,lr/pose_head.decay,9.75013164843117e-06
587,1789132192.064473,lr/pose_head.no_decay,9.75013164843117e-06
587,1789132192.064473,pose/component_0,0.9418780207633972
587,1789132192.064473,pose/component_1,0.026992596685886383
587,1789132192.064473,pose/component_2,0.01006660982966423
587,1789132192.064473,pose/component_3,0.36942344903945923
587,1789132192.064473,pose/component_4,0.0027144767809659243
587,1789132192.064473,pose/component_5,0.0
588,1789132192.2601912,amp/overflow_retries,0.0
588,1789132192.2601912,amp/scale,32.0
588,1789132192.2601912,gradient/clipped_norm,1799.5950927734375
588,1789132192.2601912,images/detect,0.0
588,1789132192.2601912,images/pose,16.0
588,1789132192.2601912,loss/backward,109.28811645507812
588,1789132192.2601912,loss/detect_mean,0.0
588,1789132192.2601912,loss/joint_mean,1.7076268196105957
588,1789132192.2601912,loss/pose_mean,1.7076268196105957
588,1789132192.2601912,lr/attention.decay,0.0
588,1789132192.2601912,lr/attention.no_decay,0.0
588,1789132192.2601912,lr/backbone.decay,0.0
588,1789132192.2601912,lr/backbone.no_decay,0.0
588,1789132192.2601912,lr/detect_head.decay,0.0
588,1789132192.2601912,lr/detect_head.no_decay,0.0
588,1789132192.2601912,lr/neck.decay,0.0
588,1789132192.2601912,lr/neck.no_decay,0.0
588,1789132192.2601912,lr/pose_head.decay,9.747831137411356e-06
588,1789132192.2601912,lr/pose_head.no_decay,9.747831137411356e-06
588,1789132192.2601912,pose/component_0,0.9347632527351379
588,1789132192.2601912,pose/component_1,0.08846203982830048
588,1789132192.2601912,pose/component_2,0.0073904721066355705
588,1789132192.2601912,pose/component_3,0.4195950925350189
588,1789132192.2601912,pose/component_4,0.003263503313064575
588,1789132192.2601912,pose/component_5,0.0
589,1789132192.4548419,amp/overflow_retries,0.0
589,1789132192.4548419,amp/scale,32.0
589,1789132192.4548419,gradient/clipped_norm,333.5538330078125
589,1789132192.4548419,images/detect,0.0
589,1789132192.4548419,images/pose,16.0
589,1789132192.4548419,loss/backward,83.39334106445312
589,1789132192.4548419,loss/detect_mean,0.0
589,1789132192.4548419,loss/joint_mean,1.30302095413208
589,1789132192.4548419,loss/pose_mean,1.30302095413208
589,1789132192.4548419,lr/attention.decay,0.0
589,1789132192.4548419,lr/attention.no_decay,0.0
589,1789132192.4548419,lr/backbone.decay,0.0
589,1789132192.4548419,lr/backbone.no_decay,0.0
589,1789132192.4548419,lr/detect_head.decay,0.0
589,1789132192.4548419,lr/detect_head.no_decay,0.0
589,1789132192.4548419,lr/neck.decay,0.0
589,1789132192.4548419,lr/neck.no_decay,0.0
589,1789132192.4548419,lr/pose_head.decay,9.745520646909968e-06
589,1789132192.4548419,lr/pose_head.no_decay,9.745520646909968e-06
589,1789132192.4548419,pose/component_0,0.8659390211105347
589,1789132192.4548419,pose/component_1,0.06837528944015503
589,1789132192.4548419,pose/component_2,0.005072158761322498
589,1789132192.4548419,pose/component_3,0.3451595902442932
589,1789132192.4548419,pose/component_4,0.0020698525477200747
589,1789132192.4548419,pose/component_5,0.0
590,1789132192.6510007,amp/overflow_retries,0.0
590,1789132192.6510007,amp/scale,32.0
590,1789132192.6510007,gradient/clipped_norm,3337.589599609375
590,1789132192.6510007,images/detect,0.0
590,1789132192.6510007,images/pose,16.0
590,1789132192.6510007,loss/backward,150.35655212402344
590,1789132192.6510007,loss/detect_mean,0.0
590,1789132192.6510007,loss/joint_mean,2.349321126937866
590,1789132192.6510007,loss/pose_mean,2.349321126937866
590,1789132192.6510007,lr/attention.decay,0.0
590,1789132192.6510007,lr/attention.no_decay,0.0
590,1789132192.6510007,lr/backbone.decay,0.0
590,1789132192.6510007,lr/backbone.no_decay,0.0
590,1789132192.6510007,lr/detect_head.decay,0.0
590,1789132192.6510007,lr/detect_head.no_decay,0.0
590,1789132192.6510007,lr/neck.decay,0.0
590,1789132192.6510007,lr/neck.no_decay,0.0
590,1789132192.6510007,lr/pose_head.decay,9.743200187184671e-06
590,1789132192.6510007,lr/pose_head.no_decay,9.743200187184671e-06
590,1789132192.6510007,pose/component_0,0.9191577434539795
590,1789132192.6510007,pose/component_1,0.06329716742038727
590,1789132192.6510007,pose/component_2,0.055469684302806854
590,1789132192.6510007,pose/component_3,0.47308796644210815
590,1789132192.6510007,pose/component_4,0.007727261632680893
590,1789132192.6510007,pose/component_5,0.4063258171081543
591,1789132192.8462057,amp/overflow_retries,0.0
591,1789132192.8462057,amp/scale,32.0
591,1789132192.8462057,gradient/clipped_norm,367.4305725097656
591,1789132192.8462057,images/detect,0.0
591,1789132192.8462057,images/pose,16.0
591,1789132192.8462057,loss/backward,69.5415267944336
591,1789132192.8462057,loss/detect_mean,0.0
591,1789132192.8462057,loss/joint_mean,1.086586356163025
591,1789132192.8462057,loss/pose_mean,1.086586356163025
591,1789132192.8462057,lr/attention.decay,0.0
591,1789132192.8462057,lr/attention.no_decay,0.0
591,1789132192.8462057,lr/backbone.decay,0.0
591,1789132192.8462057,lr/backbone.no_decay,0.0
591,1789132192.8462057,lr/detect_head.decay,0.0
591,1789132192.8462057,lr/detect_head.no_decay,0.0
591,1789132192.8462057,lr/neck.decay,0.0
591,1789132192.8462057,lr/neck.no_decay,0.0
591,1789132192.8462057,lr/pose_head.decay,9.740869768537385e-06
591,1789132192.8462057,lr/pose_head.no_decay,9.740869768537385e-06
591,1789132192.8462057,pose/component_0,0.8129241466522217
591,1789132192.8462057,pose/component_1,0.029932279139757156
591,1789132192.8462057,pose/component_2,0.030401434749364853
591,1789132192.8462057,pose/component_3,0.25627782940864563
591,1789132192.8462057,pose/component_4,0.002686259802430868
591,1789132192.8462057,pose/component_5,0.0
592,1789132193.0411894,amp/overflow_retries,0.0
592,1789132193.0411894,amp/scale,32.0
592,1789132193.0411894,gradient/clipped_norm,298.7166442871094
592,1789132193.0411894,images/detect,0.0
592,1789132193.0411894,images/pose,16.0
592,1789132193.0411894,loss/backward,66.00868225097656
592,1789132193.0411894,loss/detect_mean,0.0
592,1789132193.0411894,loss/joint_mean,1.0313856601715088
592,1789132193.0411894,loss/pose_mean,1.0313856601715088
592,1789132193.0411894,lr/attention.decay,0.0
592,1789132193.0411894,lr/attention.no_decay,0.0
592,1789132193.0411894,lr/backbone.decay,0.0
592,1789132193.0411894,lr/backbone.no_decay,0.0
592,1789132193.0411894,lr/detect_head.decay,0.0
592,1789132193.0411894,lr/detect_head.no_decay,0.0
592,1789132193.0411894,lr/neck.decay,0.0
592,1789132193.0411894,lr/neck.no_decay,0.0
592,1789132193.0411894,lr/pose_head.decay,9.73852940131425e-06
592,1789132193.0411894,lr/pose_head.no_decay,9.73852940131425e-06
592,1789132193.0411894,pose/component_0,0.7295183539390564
592,1789132193.0411894,pose/component_1,0.06943444907665253
592,1789132193.0411894,pose/component_2,0.0016055151354521513
592,1789132193.0411894,pose/component_3,0.26964080333709717
592,1789132193.0411894,pose/component_4,0.002116537420079112
592,1789132193.0411894,pose/component_5,0.0
593,1789132193.236196,amp/overflow_retries,0.0
593,1789132193.236196,amp/scale,32.0
593,1789132193.236196,gradient/clipped_norm,3118.8662109375
593,1789132193.236196,images/detect,0.0
593,1789132193.236196,images/pose,16.0
593,1789132193.236196,loss/backward,84.5500259399414
593,1789132193.236196,loss/detect_mean,0.0
593,1789132193.236196,loss/joint_mean,1.3210941553115845
593,1789132193.236196,loss/pose_mean,1.3210941553115845
593,1789132193.236196,lr/attention.decay,0.0
593,1789132193.236196,lr/attention.no_decay,0.0
593,1789132193.236196,lr/backbone.decay,0.0
593,1789132193.236196,lr/backbone.no_decay,0.0
593,1789132193.236196,lr/detect_head.decay,0.0
593,1789132193.236196,lr/detect_head.no_decay,0.0
593,1789132193.236196,lr/neck.decay,0.0
593,1789132193.236196,lr/neck.no_decay,0.0
593,1789132193.236196,lr/pose_head.decay,9.736179095905572e-06
593,1789132193.236196,lr/pose_head.no_decay,9.736179095905572e-06
593,1789132193.236196,pose/component_0,0.8190039992332458
593,1789132193.236196,pose/component_1,0.01847020909190178
593,1789132193.236196,pose/component_2,0.004624797496944666
593,1789132193.236196,pose/component_3,0.3768393397331238
593,1789132193.236196,pose/component_4,0.0028949291445314884
593,1789132193.236196,pose/component_5,0.0
594,1789132193.4310408,amp/overflow_retries,0.0
594,1789132193.4310408,amp/scale,32.0
594,1789132193.4310408,gradient/clipped_norm,2895.296142578125
594,1789132193.4310408,images/detect,0.0
594,1789132193.4310408,images/pose,16.0
594,1789132193.4310408,loss/backward,112.57682800292969
594,1789132193.4310408,loss/detect_mean,0.0
594,1789132193.4310408,loss/joint_mean,1.7590129375457764
594,1789132193.4310408,loss/pose_mean,1.7590129375457764
594,1789132193.4310408,lr/attention.decay,0.0
594,1789132193.4310408,lr/attention.no_decay,0.0
594,1789132193.4310408,lr/backbone.decay,0.0
594,1789132193.4310408,lr/backbone.no_decay,0.0
594,1789132193.4310408,lr/detect_head.decay,0.0
594,1789132193.4310408,lr/detect_head.no_decay,0.0
594,1789132193.4310408,lr/neck.decay,0.0
594,1789132193.4310408,lr/neck.no_decay,0.0
594,1789132193.4310408,lr/pose_head.decay,9.733818862745777e-06
594,1789132193.4310408,lr/pose_head.no_decay,9.733818862745777e-06
594,1789132193.4310408,pose/component_0,1.1756889820098877
594,1789132193.4310408,pose/component_1,0.09599882364273071
594,1789132193.4310408,pose/component_2,0.014890064485371113
594,1789132193.4310408,pose/component_3,0.6294482946395874
594,1789132193.4310408,pose/component_4,0.0033758217468857765
594,1789132193.4310408,pose/component_5,0.0
595,1789132193.627453,amp/overflow_retries,0.0
595,1789132193.627453,amp/scale,32.0
595,1789132193.627453,gradient/clipped_norm,500.3836364746094
595,1789132193.627453,images/detect,0.0
595,1789132193.627453,images/pose,16.0
595,1789132193.627453,loss/backward,93.14117431640625
595,1789132193.627453,loss/detect_mean,0.0
595,1789132193.627453,loss/joint_mean,1.4553308486938477
595,1789132193.627453,loss/pose_mean,1.4553308486938477
595,1789132193.627453,lr/attention.decay,0.0
595,1789132193.627453,lr/attention.no_decay,0.0
595,1789132193.627453,lr/backbone.decay,0.0
595,1789132193.627453,lr/backbone.no_decay,0.0
595,1789132193.627453,lr/detect_head.decay,0.0
595,1789132193.627453,lr/detect_head.no_decay,0.0
595,1789132193.627453,lr/neck.decay,0.0
595,1789132193.627453,lr/neck.no_decay,0.0
595,1789132193.627453,lr/pose_head.decay,9.731448712313366e-06
595,1789132193.627453,lr/pose_head.no_decay,9.731448712313366e-06
595,1789132193.627453,pose/component_0,1.0857818126678467
595,1789132193.627453,pose/component_1,0.01979740895330906
595,1789132193.627453,pose/component_2,0.015230674296617508
595,1789132193.627453,pose/component_3,0.46899303793907166
595,1789132193.627453,pose/component_4,0.0024290787987411022
595,1789132193.627453,pose/component_5,0.0
596,1789132193.8223083,amp/overflow_retries,0.0
596,1789132193.8223083,amp/scale,32.0
596,1789132193.8223083,gradient/clipped_norm,2342.36474609375
596,1789132193.8223083,images/detect,0.0
596,1789132193.8223083,images/pose,16.0
596,1789132193.8223083,loss/backward,88.59516906738281
596,1789132193.8223083,loss/detect_mean,0.0
596,1789132193.8223083,loss/joint_mean,1.3842995166778564
596,1789132193.8223083,loss/pose_mean,1.3842995166778564
596,1789132193.8223083,lr/attention.decay,0.0
596,1789132193.8223083,lr/attention.no_decay,0.0
596,1789132193.8223083,lr/backbone.decay,0.0
596,1789132193.8223083,lr/backbone.no_decay,0.0
596,1789132193.8223083,lr/detect_head.decay,0.0
596,1789132193.8223083,lr/detect_head.no_decay,0.0
596,1789132193.8223083,lr/neck.decay,0.0
596,1789132193.8223083,lr/neck.no_decay,0.0
596,1789132193.8223083,lr/pose_head.decay,9.729068655130871e-06
596,1789132193.8223083,lr/pose_head.no_decay,9.729068655130871e-06
596,1789132193.8223083,pose/component_0,0.7844719886779785
596,1789132193.8223083,pose/component_1,0.02453586459159851
596,1789132193.8223083,pose/component_2,0.01604948751628399
596,1789132193.8223083,pose/component_3,0.3717365562915802
596,1789132193.8223083,pose/component_4,0.0035516824573278427
596,1789132193.8223083,pose/component_5,0.0
597,1789132194.0182064,amp/overflow_retries,0.0
597,1789132194.0182064,amp/scale,32.0
597,1789132194.0182064,gradient/clipped_norm,509.16583251953125
597,1789132194.0182064,images/detect,0.0
597,1789132194.0182064,images/pose,16.0
597,1789132194.0182064,loss/backward,84.2844467163086
597,1789132194.0182064,loss/detect_mean,0.0
597,1789132194.0182064,loss/joint_mean,1.3169444799423218
597,1789132194.0182064,loss/pose_mean,1.3169444799423218
597,1789132194.0182064,lr/attention.decay,0.0
597,1789132194.0182064,lr/attention.no_decay,0.0
597,1789132194.0182064,lr/backbone.decay,0.0
597,1789132194.0182064,lr/backbone.no_decay,0.0
597,1789132194.0182064,lr/detect_head.decay,0.0
597,1789132194.0182064,lr/detect_head.no_decay,0.0
597,1789132194.0182064,lr/neck.decay,0.0
597,1789132194.0182064,lr/neck.no_decay,0.0
597,1789132194.0182064,lr/pose_head.decay,9.726678701764804e-06
597,1789132194.0182064,lr/pose_head.no_decay,9.726678701764804e-06
597,1789132194.0182064,pose/component_0,1.0280226469039917
597,1789132194.0182064,pose/component_1,0.06245630234479904
597,1789132194.0182064,pose/component_2,0.0050269789062440395
597,1789132194.0182064,pose/component_3,0.43571582436561584
597,1789132194.0182064,pose/component_4,0.002033534459769726
597,1789132194.0182064,pose/component_5,0.0
598,1789132194.2129042,amp/overflow_retries,0.0
598,1789132194.2129042,amp/scale,32.0
598,1789132194.2129042,gradient/clipped_norm,373.2421569824219
598,1789132194.2129042,images/detect,0.0
598,1789132194.2129042,images/pose,16.0
598,1789132194.2129042,loss/backward,76.79136657714844
598,1789132194.2129042,loss/detect_mean,0.0
598,1789132194.2129042,loss/joint_mean,1.1998651027679443
598,1789132194.2129042,loss/pose_mean,1.1998651027679443
598,1789132194.2129042,lr/attention.decay,0.0
598,1789132194.2129042,lr/attention.no_decay,0.0
598,1789132194.2129042,lr/backbone.decay,0.0
598,1789132194.2129042,lr/backbone.no_decay,0.0
598,1789132194.2129042,lr/detect_head.decay,0.0
598,1789132194.2129042,lr/detect_head.no_decay,0.0
598,1789132194.2129042,lr/neck.decay,0.0
598,1789132194.2129042,lr/neck.no_decay,0.0
598,1789132194.2129042,lr/pose_head.decay,9.724278862825617e-06
598,1789132194.2129042,lr/pose_head.no_decay,9.724278862825617e-06
598,1789132194.2129042,pose/component_0,0.8453350067138672
598,1789132194.2129042,pose/component_1,0.06551416963338852
598,1789132194.2129042,pose/component_2,0.005676242522895336
598,1789132194.2129042,pose/component_3,0.41124972701072693
598,1789132194.2129042,pose/component_4,0.0032995096407830715
598,1789132194.2129042,pose/component_5,0.0
599,1789132194.40735,amp/overflow_retries,0.0
599,1789132194.40735,amp/scale,32.0
599,1789132194.40735,gradient/clipped_norm,351.05712890625
599,1789132194.40735,images/detect,0.0
599,1789132194.40735,images/pose,16.0
599,1789132194.40735,loss/backward,78.1185302734375
599,1789132194.40735,loss/detect_mean,0.0
599,1789132194.40735,loss/joint_mean,1.220602035522461
599,1789132194.40735,loss/pose_mean,1.220602035522461
599,1789132194.40735,lr/attention.decay,0.0
599,1789132194.40735,lr/attention.no_decay,0.0
599,1789132194.40735,lr/backbone.decay,0.0
599,1789132194.40735,lr/backbone.no_decay,0.0
599,1789132194.40735,lr/detect_head.decay,0.0
599,1789132194.40735,lr/detect_head.no_decay,0.0
599,1789132194.40735,lr/neck.decay,0.0
599,1789132194.40735,lr/neck.no_decay,0.0
599,1789132194.40735,lr/pose_head.decay,9.72186914896764e-06
599,1789132194.40735,lr/pose_head.no_decay,9.72186914896764e-06
599,1789132194.40735,pose/component_0,0.8822448253631592
599,1789132194.40735,pose/component_1,0.06835895776748657
599,1789132194.40735,pose/component_2,0.009144450537860394
599,1789132194.40735,pose/component_3,0.4134615957736969
599,1789132194.40735,pose/component_4,0.0023442755918949842
599,1789132194.40735,pose/component_5,0.0
600,1789132194.6033535,amp/overflow_retries,0.0
600,1789132194.6033535,amp/scale,32.0
600,1789132194.6033535,gradient/clipped_norm,372.2779235839844
600,1789132194.6033535,images/detect,0.0
600,1789132194.6033535,images/pose,16.0
600,1789132194.6033535,loss/backward,76.71917724609375
600,1789132194.6033535,loss/detect_mean,0.0
600,1789132194.6033535,loss/joint_mean,1.1987371444702148
600,1789132194.6033535,loss/pose_mean,1.1987371444702148
600,1789132194.6033535,lr/attention.decay,0.0
600,1789132194.6033535,lr/attention.no_decay,0.0
600,1789132194.6033535,lr/backbone.decay,0.0
600,1789132194.6033535,lr/backbone.no_decay,0.0
600,1789132194.6033535,lr/detect_head.decay,0.0
600,1789132194.6033535,lr/detect_head.no_decay,0.0
600,1789132194.6033535,lr/neck.decay,0.0
600,1789132194.6033535,lr/neck.no_decay,0.0
600,1789132194.6033535,lr/pose_head.decay,9.719449570889054e-06
600,1789132194.6033535,lr/pose_head.no_decay,9.719449570889054e-06
600,1789132194.6033535,pose/component_0,0.8820082545280457
600,1789132194.6033535,pose/component_1,0.01789803057909012
600,1789132194.6033535,pose/component_2,0.013045066967606544
600,1789132194.6033535,pose/component_3,0.4519604742527008
600,1789132194.6033535,pose/component_4,0.002574267564341426
600,1789132194.6033535,pose/component_5,0.0
601,1789132194.7988803,amp/overflow_retries,0.0
601,1789132194.7988803,amp/scale,32.0
601,1789132194.7988803,gradient/clipped_norm,304.6019592285156
601,1789132194.7988803,images/detect,0.0
601,1789132194.7988803,images/pose,16.0
601,1789132194.7988803,loss/backward,76.70651245117188
601,1789132194.7988803,loss/detect_mean,0.0
601,1789132194.7988803,loss/joint_mean,1.1985392570495605
601,1789132194.7988803,loss/pose_mean,1.1985392570495605
601,1789132194.7988803,lr/attention.decay,0.0
601,1789132194.7988803,lr/attention.no_decay,0.0
601,1789132194.7988803,lr/backbone.decay,0.0
601,1789132194.7988803,lr/backbone.no_decay,0.0
601,1789132194.7988803,lr/detect_head.decay,0.0
601,1789132194.7988803,lr/detect_head.no_decay,0.0
601,1789132194.7988803,lr/neck.decay,0.0
601,1789132194.7988803,lr/neck.no_decay,0.0
601,1789132194.7988803,lr/pose_head.decay,9.717020139331827e-06
601,1789132194.7988803,lr/pose_head.no_decay,9.717020139331827e-06
601,1789132194.7988803,pose/component_0,0.9383792877197266
601,1789132194.7988803,pose/component_1,0.05523153394460678
601,1789132194.7988803,pose/component_2,0.00956385862082243
601,1789132194.7988803,pose/component_3,0.44083496928215027
601,1789132194.7988803,pose/component_4,0.002698117634281516
601,1789132194.7988803,pose/component_5,0.0
602,1789132194.9949272,amp/overflow_retries,0.0
602,1789132194.9949272,amp/scale,32.0
602,1789132194.9949272,gradient/clipped_norm,304.83685302734375
602,1789132194.9949272,images/detect,0.0
602,1789132194.9949272,images/pose,16.0
602,1789132194.9949272,loss/backward,56.8896369934082
602,1789132194.9949272,loss/detect_mean,0.0
602,1789132194.9949272,loss/joint_mean,0.8889005780220032
602,1789132194.9949272,loss/pose_mean,0.8889005780220032
602,1789132194.9949272,lr/attention.decay,0.0
602,1789132194.9949272,lr/attention.no_decay,0.0
602,1789132194.9949272,lr/backbone.decay,0.0
602,1789132194.9949272,lr/backbone.no_decay,0.0
602,1789132194.9949272,lr/detect_head.decay,0.0
602,1789132194.9949272,lr/detect_head.no_decay,0.0
602,1789132194.9949272,lr/neck.decay,0.0
602,1789132194.9949272,lr/neck.no_decay,0.0
602,1789132194.9949272,lr/pose_head.decay,9.714580865081676e-06
602,1789132194.9949272,lr/pose_head.no_decay,9.714580865081676e-06
602,1789132194.9949272,pose/component_0,0.7129009366035461
602,1789132194.9949272,pose/component_1,0.01329747959971428
602,1789132194.9949272,pose/component_2,0.0007668384350836277
602,1789132194.9949272,pose/component_3,0.28018248081207275
602,1789132194.9949272,pose/component_4,0.001543450285680592
602,1789132194.9949272,pose/component_5,0.0
603,1789132195.1903296,amp/overflow_retries,0.0
603,1789132195.1903296,amp/scale,32.0
603,1789132195.1903296,gradient/clipped_norm,471.6258239746094
603,1789132195.1903296,images/detect,0.0
603,1789132195.1903296,images/pose,16.0
603,1789132195.1903296,loss/backward,73.90431213378906
603,1789132195.1903296,loss/detect_mean,0.0
603,1789132195.1903296,loss/joint_mean,1.154754877090454
603,1789132195.1903296,loss/pose_mean,1.154754877090454
603,1789132195.1903296,lr/attention.decay,0.0
603,1789132195.1903296,lr/attention.no_decay,0.0
603,1789132195.1903296,lr/backbone.decay,0.0
603,1789132195.1903296,lr/backbone.no_decay,0.0
603,1789132195.1903296,lr/detect_head.decay,0.0
603,1789132195.1903296,lr/detect_head.no_decay,0.0
603,1789132195.1903296,lr/neck.decay,0.0
603,1789132195.1903296,lr/neck.no_decay,0.0
603,1789132195.1903296,lr/pose_head.decay,9.712131758968014e-06
603,1789132195.1903296,lr/pose_head.no_decay,9.712131758968014e-06
603,1789132195.1903296,pose/component_0,0.7642056941986084
603,1789132195.1903296,pose/component_1,0.04065835475921631
603,1789132195.1903296,pose/component_2,0.009984173811972141
603,1789132195.1903296,pose/component_3,0.5338485240936279
603,1789132195.1903296,pose/component_4,0.0035362648777663708
603,1789132195.1903296,pose/component_5,0.0
604,1789132195.3861275,amp/overflow_retries,0.0
604,1789132195.3861275,amp/scale,32.0
604,1789132195.3861275,gradient/clipped_norm,364.68475341796875
604,1789132195.3861275,images/detect,0.0
604,1789132195.3861275,images/pose,16.0
604,1789132195.3861275,loss/backward,78.82603454589844
604,1789132195.3861275,loss/detect_mean,0.0
604,1789132195.3861275,loss/joint_mean,1.231656789779663
604,1789132195.3861275,loss/pose_mean,1.231656789779663
604,1789132195.3861275,lr/attention.decay,0.0
604,1789132195.3861275,lr/attention.no_decay,0.0
604,1789132195.3861275,lr/backbone.decay,0.0
604,1789132195.3861275,lr/backbone.no_decay,0.0
604,1789132195.3861275,lr/detect_head.decay,0.0
604,1789132195.3861275,lr/detect_head.no_decay,0.0
604,1789132195.3861275,lr/neck.decay,0.0
604,1789132195.3861275,lr/neck.no_decay,0.0
604,1789132195.3861275,lr/pose_head.decay,9.709672831863903e-06
604,1789132195.3861275,lr/pose_head.no_decay,9.709672831863903e-06
604,1789132195.3861275,pose/component_0,0.7783603668212891
604,1789132195.3861275,pose/component_1,0.012337414547801018
604,1789132195.3861275,pose/component_2,0.0322977751493454
604,1789132195.3861275,pose/component_3,0.3348087966442108
604,1789132195.3861275,pose/component_4,0.002414862159639597
604,1789132195.3861275,pose/component_5,0.0
605,1789132195.5812945,amp/overflow_retries,0.0
605,1789132195.5812945,amp/scale,32.0
605,1789132195.5812945,gradient/clipped_norm,340.5651550292969
605,1789132195.5812945,images/detect,0.0
605,1789132195.5812945,images/pose,16.0
605,1789132195.5812945,loss/backward,68.65211486816406
605,1789132195.5812945,loss/detect_mean,0.0
605,1789132195.5812945,loss/joint_mean,1.0726892948150635
605,1789132195.5812945,loss/pose_mean,1.0726892948150635
605,1789132195.5812945,lr/attention.decay,0.0
605,1789132195.5812945,lr/attention.no_decay,0.0
605,1789132195.5812945,lr/backbone.decay,0.0
605,1789132195.5812945,lr/backbone.no_decay,0.0
605,1789132195.5812945,lr/detect_head.decay,0.0
605,1789132195.5812945,lr/detect_head.no_decay,0.0
605,1789132195.5812945,lr/neck.decay,0.0
605,1789132195.5812945,lr/neck.no_decay,0.0
605,1789132195.5812945,lr/pose_head.decay,9.707204094686008e-06
605,1789132195.5812945,lr/pose_head.no_decay,9.707204094686008e-06
605,1789132195.5812945,pose/component_0,0.6870409846305847
605,1789132195.5812945,pose/component_1,0.035579245537519455
605,1789132195.5812945,pose/component_2,0.004693103488534689
605,1789132195.5812945,pose/component_3,0.31119897961616516
605,1789132195.5812945,pose/component_4,0.0018695981707423925
605,1789132195.5812945,pose/component_5,0.0
606,1789132195.7767053,amp/overflow_retries,0.0
606,1789132195.7767053,amp/scale,32.0
606,1789132195.7767053,gradient/clipped_norm,392.6025695800781
606,1789132195.7767053,images/detect,0.0
606,1789132195.7767053,images/pose,16.0
606,1789132195.7767053,loss/backward,65.34528350830078
606,1789132195.7767053,loss/detect_mean,0.0
606,1789132195.7767053,loss/joint_mean,1.0210200548171997
606,1789132195.7767053,loss/pose_mean,1.0210200548171997
606,1789132195.7767053,lr/attention.decay,0.0
606,1789132195.7767053,lr/attention.no_decay,0.0
606,1789132195.7767053,lr/backbone.decay,0.0
606,1789132195.7767053,lr/backbone.no_decay,0.0
606,1789132195.7767053,lr/detect_head.decay,0.0
606,1789132195.7767053,lr/detect_head.no_decay,0.0
606,1789132195.7767053,lr/neck.decay,0.0
606,1789132195.7767053,lr/neck.no_decay,0.0
606,1789132195.7767053,lr/pose_head.decay,9.704725558394548e-06
606,1789132195.7767053,lr/pose_head.no_decay,9.704725558394548e-06
606,1789132195.7767053,pose/component_0,0.7362655997276306
606,1789132195.7767053,pose/component_1,0.042509112507104874
606,1789132195.7767053,pose/component_2,0.004537382163107395
606,1789132195.7767053,pose/component_3,0.4679996967315674
606,1789132195.7767053,pose/component_4,0.002383300568908453
606,1789132195.7767053,pose/component_5,0.0
607,1789132195.972164,amp/overflow_retries,0.0
607,1789132195.972164,amp/scale,32.0
607,1789132195.972164,gradient/clipped_norm,288.5790100097656
607,1789132195.972164,images/detect,0.0
607,1789132195.972164,images/pose,16.0
607,1789132195.972164,loss/backward,61.27105712890625
607,1789132195.972164,loss/detect_mean,0.0
607,1789132195.972164,loss/joint_mean,0.9573602676391602
607,1789132195.972164,loss/pose_mean,0.9573602676391602
607,1789132195.972164,lr/attention.decay,0.0
607,1789132195.972164,lr/attention.no_decay,0.0
607,1789132195.972164,lr/backbone.decay,0.0
607,1789132195.972164,lr/backbone.no_decay,0.0
607,1789132195.972164,lr/detect_head.decay,0.0
607,1789132195.972164,lr/detect_head.no_decay,0.0
607,1789132195.972164,lr/neck.decay,0.0
607,1789132195.972164,lr/neck.no_decay,0.0
607,1789132195.972164,lr/pose_head.decay,9.702237233993241e-06
607,1789132195.972164,lr/pose_head.no_decay,9.702237233993241e-06
607,1789132195.972164,pose/component_0,0.6895946860313416
607,1789132195.972164,pose/component_1,0.01425386592745781
607,1789132195.972164,pose/component_2,0.04040464758872986
607,1789132195.972164,pose/component_3,0.27444949746131897
607,1789132195.972164,pose/component_4,0.0026802183128893375
607,1789132195.972164,pose/component_5,0.0
608,1789132196.1670964,amp/overflow_retries,0.0
608,1789132196.1670964,amp/scale,32.0
608,1789132196.1670964,gradient/clipped_norm,446.47119140625
608,1789132196.1670964,images/detect,0.0
608,1789132196.1670964,images/pose,16.0
608,1789132196.1670964,loss/backward,83.73272705078125
608,1789132196.1670964,loss/detect_mean,0.0
608,1789132196.1670964,loss/joint_mean,1.308323860168457
608,1789132196.1670964,loss/pose_mean,1.308323860168457
608,1789132196.1670964,lr/attention.decay,0.0
608,1789132196.1670964,lr/attention.no_decay,0.0
608,1789132196.1670964,lr/backbone.decay,0.0
608,1789132196.1670964,lr/backbone.no_decay,0.0
608,1789132196.1670964,lr/detect_head.decay,0.0
608,1789132196.1670964,lr/detect_head.no_decay,0.0
608,1789132196.1670964,lr/neck.decay,0.0
608,1789132196.1670964,lr/neck.no_decay,0.0
608,1789132196.1670964,lr/pose_head.decay,9.699739132529265e-06
608,1789132196.1670964,lr/pose_head.no_decay,9.699739132529265e-06
608,1789132196.1670964,pose/component_0,0.8766294717788696
608,1789132196.1670964,pose/component_1,0.015394261106848717
608,1789132196.1670964,pose/component_2,0.0018179711187258363
608,1789132196.1670964,pose/component_3,0.46116673946380615
608,1789132196.1670964,pose/component_4,0.002526275347918272
608,1789132196.1670964,pose/component_5,0.0
609,1789132196.3617423,amp/overflow_retries,0.0
609,1789132196.3617423,amp/scale,32.0
609,1789132196.3617423,gradient/clipped_norm,277.0887145996094
609,1789132196.3617423,images/detect,0.0
609,1789132196.3617423,images/pose,16.0
609,1789132196.3617423,loss/backward,70.49844360351562
609,1789132196.3617423,loss/detect_mean,0.0
609,1789132196.3617423,loss/joint_mean,1.1015381813049316
609,1789132196.3617423,loss/pose_mean,1.1015381813049316
609,1789132196.3617423,lr/attention.decay,0.0
609,1789132196.3617423,lr/attention.no_decay,0.0
609,1789132196.3617423,lr/backbone.decay,0.0
609,1789132196.3617423,lr/backbone.no_decay,0.0
609,1789132196.3617423,lr/detect_head.decay,0.0
609,1789132196.3617423,lr/detect_head.no_decay,0.0
609,1789132196.3617423,lr/neck.decay,0.0
609,1789132196.3617423,lr/neck.no_decay,0.0
609,1789132196.3617423,lr/pose_head.decay,9.697231265093202e-06
609,1789132196.3617423,lr/pose_head.no_decay,9.697231265093202e-06
609,1789132196.3617423,pose/component_0,0.801763653755188
609,1789132196.3617423,pose/component_1,0.021723777055740356
609,1789132196.3617423,pose/component_2,0.004512314684689045
609,1789132196.3617423,pose/component_3,0.29428842663764954
609,1789132196.3617423,pose/component_4,0.0021580879110842943
609,1789132196.3617423,pose/component_5,0.0
610,1789132196.5566442,amp/overflow_retries,0.0
610,1789132196.5566442,amp/scale,32.0
610,1789132196.5566442,gradient/clipped_norm,321.062744140625
610,1789132196.5566442,images/detect,0.0
610,1789132196.5566442,images/pose,16.0
610,1789132196.5566442,loss/backward,80.06597900390625
610,1789132196.5566442,loss/detect_mean,0.0
610,1789132196.5566442,loss/joint_mean,1.2510309219360352
610,1789132196.5566442,loss/pose_mean,1.2510309219360352
610,1789132196.5566442,lr/attention.decay,0.0
610,1789132196.5566442,lr/attention.no_decay,0.0
610,1789132196.5566442,lr/backbone.decay,0.0
610,1789132196.5566442,lr/backbone.no_decay,0.0
610,1789132196.5566442,lr/detect_head.decay,0.0
610,1789132196.5566442,lr/detect_head.no_decay,0.0
610,1789132196.5566442,lr/neck.decay,0.0
610,1789132196.5566442,lr/neck.no_decay,0.0
610,1789132196.5566442,lr/pose_head.decay,9.694713642818993e-06
610,1789132196.5566442,lr/pose_head.no_decay,9.694713642818993e-06
610,1789132196.5566442,pose/component_0,0.6727076768875122
610,1789132196.5566442,pose/component_1,0.06371244788169861
610,1789132196.5566442,pose/component_2,0.1802588552236557
610,1789132196.5566442,pose/component_3,0.325541228055954
610,1789132196.5566442,pose/component_4,0.004090446513146162
610,1789132196.5566442,pose/component_5,0.0
611,1789132196.7519765,amp/overflow_retries,0.0
611,1789132196.7519765,amp/scale,32.0
611,1789132196.7519765,gradient/clipped_norm,337.19036865234375
611,1789132196.7519765,images/detect,0.0
611,1789132196.7519765,images/pose,16.0
611,1789132196.7519765,loss/backward,67.2030029296875
611,1789132196.7519765,loss/detect_mean,0.0
611,1789132196.7519765,loss/joint_mean,1.0500469207763672
611,1789132196.7519765,loss/pose_mean,1.0500469207763672
611,1789132196.7519765,lr/attention.decay,0.0
611,1789132196.7519765,lr/attention.no_decay,0.0
611,1789132196.7519765,lr/backbone.decay,0.0
611,1789132196.7519765,lr/backbone.no_decay,0.0
611,1789132196.7519765,lr/detect_head.decay,0.0
611,1789132196.7519765,lr/detect_head.no_decay,0.0
611,1789132196.7519765,lr/neck.decay,0.0
611,1789132196.7519765,lr/neck.no_decay,0.0
611,1789132196.7519765,lr/pose_head.decay,9.692186276883886e-06
611,1789132196.7519765,lr/pose_head.no_decay,9.692186276883886e-06
611,1789132196.7519765,pose/component_0,0.776902973651886
611,1789132196.7519765,pose/component_1,0.014685127884149551
611,1789132196.7519765,pose/component_2,0.013158061541616917
611,1789132196.7519765,pose/component_3,0.32455936074256897
611,1789132196.7519765,pose/component_4,0.0023233916144818068
611,1789132196.7519765,pose/component_5,0.0
612,1789132196.9466653,amp/overflow_retries,0.0
612,1789132196.9466653,amp/scale,32.0
612,1789132196.9466653,gradient/clipped_norm,404.2586669921875
612,1789132196.9466653,images/detect,0.0
612,1789132196.9466653,images/pose,16.0
612,1789132196.9466653,loss/backward,69.71133422851562
612,1789132196.9466653,loss/detect_mean,0.0
612,1789132196.9466653,loss/joint_mean,1.0892395973205566
612,1789132196.9466653,loss/pose_mean,1.0892395973205566
612,1789132196.9466653,lr/attention.decay,0.0
612,1789132196.9466653,lr/attention.no_decay,0.0
612,1789132196.9466653,lr/backbone.decay,0.0
612,1789132196.9466653,lr/backbone.no_decay,0.0
612,1789132196.9466653,lr/detect_head.decay,0.0
612,1789132196.9466653,lr/detect_head.no_decay,0.0
612,1789132196.9466653,lr/neck.decay,0.0
612,1789132196.9466653,lr/neck.no_decay,0.0
612,1789132196.9466653,lr/pose_head.decay,9.689649178508386e-06
612,1789132196.9466653,lr/pose_head.no_decay,9.689649178508386e-06
612,1789132196.9466653,pose/component_0,0.7531354427337646
612,1789132196.9466653,pose/component_1,0.05436930060386658
612,1789132196.9466653,pose/component_2,0.017407270148396492
612,1789132196.9466653,pose/component_3,0.33259207010269165
612,1789132196.9466653,pose/component_4,0.002778120804578066
612,1789132196.9466653,pose/component_5,0.0
613,1789132197.1413772,amp/overflow_retries,0.0
613,1789132197.1413772,amp/scale,32.0
613,1789132197.1413772,gradient/clipped_norm,433.74102783203125
613,1789132197.1413772,images/detect,0.0
613,1789132197.1413772,images/pose,16.0
613,1789132197.1413772,loss/backward,68.85858154296875
613,1789132197.1413772,loss/detect_mean,0.0
613,1789132197.1413772,loss/joint_mean,1.0759153366088867
613,1789132197.1413772,loss/pose_mean,1.0759153366088867
613,1789132197.1413772,lr/attention.decay,0.0
613,1789132197.1413772,lr/attention.no_decay,0.0
613,1789132197.1413772,lr/backbone.decay,0.0
613,1789132197.1413772,lr/backbone.no_decay,0.0
613,1789132197.1413772,lr/detect_head.decay,0.0
613,1789132197.1413772,lr/detect_head.no_decay,0.0
613,1789132197.1413772,lr/neck.decay,0.0
613,1789132197.1413772,lr/neck.no_decay,0.0
613,1789132197.1413772,lr/pose_head.decay,9.687102358956205e-06
613,1789132197.1413772,lr/pose_head.no_decay,9.687102358956205e-06
613,1789132197.1413772,pose/component_0,0.7894949913024902
613,1789132197.1413772,pose/component_1,0.013711667619645596
613,1789132197.1413772,pose/component_2,0.023135697469115257
613,1789132197.1413772,pose/component_3,0.33802083134651184
613,1789132197.1413772,pose/component_4,0.002652352210134268
613,1789132197.1413772,pose/component_5,0.0
614,1789132197.3358047,amp/overflow_retries,0.0
614,1789132197.3358047,amp/scale,32.0
614,1789132197.3358047,gradient/clipped_norm,427.2707824707031
614,1789132197.3358047,images/detect,0.0
614,1789132197.3358047,images/pose,16.0
614,1789132197.3358047,loss/backward,94.13990783691406
614,1789132197.3358047,loss/detect_mean,0.0
614,1789132197.3358047,loss/joint_mean,1.4709360599517822
614,1789132197.3358047,loss/pose_mean,1.4709360599517822
614,1789132197.3358047,lr/attention.decay,0.0
614,1789132197.3358047,lr/attention.no_decay,0.0
614,1789132197.3358047,lr/backbone.decay,0.0
614,1789132197.3358047,lr/backbone.no_decay,0.0
614,1789132197.3358047,lr/detect_head.decay,0.0
614,1789132197.3358047,lr/detect_head.no_decay,0.0
614,1789132197.3358047,lr/neck.decay,0.0
614,1789132197.3358047,lr/neck.no_decay,0.0
614,1789132197.3358047,lr/pose_head.decay,9.684545829534217e-06
614,1789132197.3358047,lr/pose_head.no_decay,9.684545829534217e-06
614,1789132197.3358047,pose/component_0,0.9801120162010193
614,1789132197.3358047,pose/component_1,0.013842330314218998
614,1789132197.3358047,pose/component_2,0.002124522812664509
614,1789132197.3358047,pose/component_3,0.42993828654289246
614,1789132197.3358047,pose/component_4,0.00181594118475914
614,1789132197.3358047,pose/component_5,0.0
615,1789132197.5310283,amp/overflow_retries,0.0
615,1789132197.5310283,amp/scale,32.0
615,1789132197.5310283,gradient/clipped_norm,453.8840637207031
615,1789132197.5310283,images/detect,0.0
615,1789132197.5310283,images/pose,16.0
615,1789132197.5310283,loss/backward,68.37229919433594
615,1789132197.5310283,loss/detect_mean,0.0
615,1789132197.5310283,loss/joint_mean,1.068317174911499
615,1789132197.5310283,loss/pose_mean,1.068317174911499
615,1789132197.5310283,lr/attention.decay,0.0
615,1789132197.5310283,lr/attention.no_decay,0.0
615,1789132197.5310283,lr/backbone.decay,0.0
615,1789132197.5310283,lr/backbone.no_decay,0.0
615,1789132197.5310283,lr/detect_head.decay,0.0
615,1789132197.5310283,lr/detect_head.no_decay,0.0
615,1789132197.5310283,lr/neck.decay,0.0
615,1789132197.5310283,lr/neck.no_decay,0.0
615,1789132197.5310283,lr/pose_head.decay,9.681979601592404e-06
615,1789132197.5310283,lr/pose_head.no_decay,9.681979601592404e-06
615,1789132197.5310283,pose/component_0,0.6220186352729797
615,1789132197.5310283,pose/component_1,0.010703853331506252
615,1789132197.5310283,pose/component_2,0.02789735049009323
615,1789132197.5310283,pose/component_3,0.2351706624031067
615,1789132197.5310283,pose/component_4,0.002113550901412964
615,1789132197.5310283,pose/component_5,0.0
616,1789132197.7265036,amp/overflow_retries,0.0
616,1789132197.7265036,amp/scale,32.0
616,1789132197.7265036,gradient/clipped_norm,317.0170593261719
616,1789132197.7265036,images/detect,0.0
616,1789132197.7265036,images/pose,16.0
616,1789132197.7265036,loss/backward,59.115821838378906
616,1789132197.7265036,loss/detect_mean,0.0
616,1789132197.7265036,loss/joint_mean,0.9236847162246704
616,1789132197.7265036,loss/pose_mean,0.9236847162246704
616,1789132197.7265036,lr/attention.decay,0.0
616,1789132197.7265036,lr/attention.no_decay,0.0
616,1789132197.7265036,lr/backbone.decay,0.0
616,1789132197.7265036,lr/backbone.no_decay,0.0
616,1789132197.7265036,lr/detect_head.decay,0.0
616,1789132197.7265036,lr/detect_head.no_decay,0.0
616,1789132197.7265036,lr/neck.decay,0.0
616,1789132197.7265036,lr/neck.no_decay,0.0
616,1789132197.7265036,lr/pose_head.decay,9.679403686523798e-06
616,1789132197.7265036,lr/pose_head.no_decay,9.679403686523798e-06
616,1789132197.7265036,pose/component_0,0.5910677313804626
616,1789132197.7265036,pose/component_1,0.009801897220313549
616,1789132197.7265036,pose/component_2,0.008106385357677937
616,1789132197.7265036,pose/component_3,0.39939653873443604
616,1789132197.7265036,pose/component_4,0.0023077980149537325
616,1789132197.7265036,pose/component_5,0.0
617,1789132197.921486,amp/overflow_retries,0.0
617,1789132197.921486,amp/scale,32.0
617,1789132197.921486,gradient/clipped_norm,378.20257568359375
617,1789132197.921486,images/detect,0.0
617,1789132197.921486,images/pose,16.0
617,1789132197.921486,loss/backward,99.443603515625
617,1789132197.921486,loss/detect_mean,0.0
617,1789132197.921486,loss/joint_mean,1.5538063049316406
617,1789132197.921486,loss/pose_mean,1.5538063049316406
617,1789132197.921486,lr/attention.decay,0.0
617,1789132197.921486,lr/attention.no_decay,0.0
617,1789132197.921486,lr/backbone.decay,0.0
617,1789132197.921486,lr/backbone.no_decay,0.0
617,1789132197.921486,lr/detect_head.decay,0.0
617,1789132197.921486,lr/detect_head.no_decay,0.0
617,1789132197.921486,lr/neck.decay,0.0
617,1789132197.921486,lr/neck.no_decay,0.0
617,1789132197.921486,lr/pose_head.decay,9.676818095764447e-06
617,1789132197.921486,lr/pose_head.no_decay,9.676818095764447e-06
617,1789132197.921486,pose/component_0,1.0729095935821533
617,1789132197.921486,pose/component_1,0.06453175097703934
617,1789132197.921486,pose/component_2,0.0436970591545105
617,1789132197.921486,pose/component_3,0.511622428894043
617,1789132197.921486,pose/component_4,0.005877291318029165
617,1789132197.921486,pose/component_5,0.0
618,1789132198.1166809,amp/overflow_retries,0.0
618,1789132198.1166809,amp/scale,32.0
618,1789132198.1166809,gradient/clipped_norm,365.0358581542969
618,1789132198.1166809,images/detect,0.0
618,1789132198.1166809,images/pose,16.0
618,1789132198.1166809,loss/backward,83.37580871582031
618,1789132198.1166809,loss/detect_mean,0.0
618,1789132198.1166809,loss/joint_mean,1.3027470111846924
618,1789132198.1166809,loss/pose_mean,1.3027470111846924
618,1789132198.1166809,lr/attention.decay,0.0
618,1789132198.1166809,lr/attention.no_decay,0.0
618,1789132198.1166809,lr/backbone.decay,0.0
618,1789132198.1166809,lr/backbone.no_decay,0.0
618,1789132198.1166809,lr/detect_head.decay,0.0
618,1789132198.1166809,lr/detect_head.no_decay,0.0
618,1789132198.1166809,lr/neck.decay,0.0
618,1789132198.1166809,lr/neck.no_decay,0.0
618,1789132198.1166809,lr/pose_head.decay,9.674222840793352e-06
618,1789132198.1166809,lr/pose_head.no_decay,9.674222840793352e-06
618,1789132198.1166809,pose/component_0,0.8039156794548035
618,1789132198.1166809,pose/component_1,0.020223256200551987
618,1789132198.1166809,pose/component_2,0.01420268602669239
618,1789132198.1166809,pose/component_3,0.429898738861084
618,1789132198.1166809,pose/component_4,0.0022233042400330305
618,1789132198.1166809,pose/component_5,0.0
619,1789132198.311502,amp/overflow_retries,0.0
619,1789132198.311502,amp/scale,32.0
619,1789132198.311502,gradient/clipped_norm,361.1612548828125
619,1789132198.311502,images/detect,0.0
619,1789132198.311502,images/pose,16.0
619,1789132198.311502,loss/backward,65.66331481933594
619,1789132198.311502,loss/detect_mean,0.0
619,1789132198.311502,loss/joint_mean,1.025989294052124
619,1789132198.311502,loss/pose_mean,1.025989294052124
619,1789132198.311502,lr/attention.decay,0.0
619,1789132198.311502,lr/attention.no_decay,0.0
619,1789132198.311502,lr/backbone.decay,0.0
619,1789132198.311502,lr/backbone.no_decay,0.0
619,1789132198.311502,lr/detect_head.decay,0.0
619,1789132198.311502,lr/detect_head.no_decay,0.0
619,1789132198.311502,lr/neck.decay,0.0
619,1789132198.311502,lr/neck.no_decay,0.0
619,1789132198.311502,lr/pose_head.decay,9.671617933132417e-06
619,1789132198.311502,lr/pose_head.no_decay,9.671617933132417e-06
619,1789132198.311502,pose/component_0,0.6813320517539978
619,1789132198.311502,pose/component_1,0.03785619139671326
619,1789132198.311502,pose/component_2,0.04835376515984535
619,1789132198.311502,pose/component_3,0.3355517089366913
619,1789132198.311502,pose/component_4,0.0026188886258751154
619,1789132198.311502,pose/component_5,0.0
620,1789132198.5063674,amp/overflow_retries,0.0
620,1789132198.5063674,amp/scale,32.0
620,1789132198.5063674,gradient/clipped_norm,360.349365234375
620,1789132198.5063674,images/detect,0.0
620,1789132198.5063674,images/pose,16.0
620,1789132198.5063674,loss/backward,64.26496887207031
620,1789132198.5063674,loss/detect_mean,0.0
620,1789132198.5063674,loss/joint_mean,1.0041401386260986
620,1789132198.5063674,loss/pose_mean,1.0041401386260986
620,1789132198.5063674,lr/attention.decay,0.0
620,1789132198.5063674,lr/attention.no_decay,0.0
620,1789132198.5063674,lr/backbone.decay,0.0
620,1789132198.5063674,lr/backbone.no_decay,0.0
620,1789132198.5063674,lr/detect_head.decay,0.0
620,1789132198.5063674,lr/detect_head.no_decay,0.0
620,1789132198.5063674,lr/neck.decay,0.0
620,1789132198.5063674,lr/neck.no_decay,0.0
620,1789132198.5063674,lr/pose_head.decay,9.669003384346404e-06
620,1789132198.5063674,lr/pose_head.no_decay,9.669003384346404e-06
620,1789132198.5063674,pose/component_0,0.6887083053588867
620,1789132198.5063674,pose/component_1,0.009483091533184052
620,1789132198.5063674,pose/component_2,0.001671034493483603
620,1789132198.5063674,pose/component_3,0.33529022336006165
620,1789132198.5063674,pose/component_4,0.0025809400249272585
620,1789132198.5063674,pose/component_5,0.0
621,1789132198.701026,amp/overflow_retries,0.0
621,1789132198.701026,amp/scale,32.0
621,1789132198.701026,gradient/clipped_norm,433.4393615722656
621,1789132198.701026,images/detect,0.0
621,1789132198.701026,images/pose,16.0
621,1789132198.701026,loss/backward,67.09680938720703
621,1789132198.701026,loss/detect_mean,0.0
621,1789132198.701026,loss/joint_mean,1.0483876466751099
621,1789132198.701026,loss/pose_mean,1.0483876466751099
621,1789132198.701026,lr/attention.decay,0.0
621,1789132198.701026,lr/attention.no_decay,0.0
621,1789132198.701026,lr/backbone.decay,0.0
621,1789132198.701026,lr/backbone.no_decay,0.0
621,1789132198.701026,lr/detect_head.decay,0.0
621,1789132198.701026,lr/detect_head.no_decay,0.0
621,1789132198.701026,lr/neck.decay,0.0
621,1789132198.701026,lr/neck.no_decay,0.0
621,1789132198.701026,lr/pose_head.decay,9.666379206042876e-06
621,1789132198.701026,lr/pose_head.no_decay,9.666379206042876e-06
621,1789132198.701026,pose/component_0,0.7356682419776917
621,1789132198.701026,pose/component_1,0.014329297468066216
621,1789132198.701026,pose/component_2,0.00835411623120308
621,1789132198.701026,pose/component_3,0.3482971787452698
621,1789132198.701026,pose/component_4,0.0017442109528928995
621,1789132198.701026,pose/component_5,0.0
622,1789132198.8958218,amp/overflow_retries,0.0
622,1789132198.8958218,amp/scale,32.0
622,1789132198.8958218,gradient/clipped_norm,360.1753845214844
622,1789132198.8958218,images/detect,0.0
622,1789132198.8958218,images/pose,16.0
622,1789132198.8958218,loss/backward,70.94912719726562
622,1789132198.8958218,loss/detect_mean,0.0
622,1789132198.8958218,loss/joint_mean,1.1085801124572754
622,1789132198.8958218,loss/pose_mean,1.1085801124572754
622,1789132198.8958218,lr/attention.decay,0.0
622,1789132198.8958218,lr/attention.no_decay,0.0
622,1789132198.8958218,lr/backbone.decay,0.0
622,1789132198.8958218,lr/backbone.no_decay,0.0
622,1789132198.8958218,lr/detect_head.decay,0.0
622,1789132198.8958218,lr/detect_head.no_decay,0.0
622,1789132198.8958218,lr/neck.decay,0.0
622,1789132198.8958218,lr/neck.no_decay,0.0
622,1789132198.8958218,lr/pose_head.decay,9.663745409872145e-06
622,1789132198.8958218,lr/pose_head.no_decay,9.663745409872145e-06
622,1789132198.8958218,pose/component_0,0.7523548007011414
622,1789132198.8958218,pose/component_1,0.023150136694312096
622,1789132198.8958218,pose/component_2,0.009047572501003742
622,1789132198.8958218,pose/component_3,0.4099872410297394
622,1789132198.8958218,pose/component_4,0.0033944686874747276
622,1789132198.8958218,pose/component_5,0.0
623,1789132199.090769,amp/overflow_retries,0.0
623,1789132199.090769,amp/scale,32.0
623,1789132199.090769,gradient/clipped_norm,316.9344787597656
623,1789132199.090769,images/detect,0.0
623,1789132199.090769,images/pose,16.0
623,1789132199.090769,loss/backward,70.5404281616211
623,1789132199.090769,loss/detect_mean,0.0
623,1789132199.090769,loss/joint_mean,1.1021941900253296
623,1789132199.090769,loss/pose_mean,1.1021941900253296
623,1789132199.090769,lr/attention.decay,0.0
623,1789132199.090769,lr/attention.no_decay,0.0
623,1789132199.090769,lr/backbone.decay,0.0
623,1789132199.090769,lr/backbone.no_decay,0.0
623,1789132199.090769,lr/detect_head.decay,0.0
623,1789132199.090769,lr/detect_head.no_decay,0.0
623,1789132199.090769,lr/neck.decay,0.0
623,1789132199.090769,lr/neck.no_decay,0.0
623,1789132199.090769,lr/pose_head.decay,9.661102007527228e-06
623,1789132199.090769,lr/pose_head.no_decay,9.661102007527228e-06
623,1789132199.090769,pose/component_0,0.9410618543624878
623,1789132199.090769,pose/component_1,0.03129291161894798
623,1789132199.090769,pose/component_2,0.001879490097053349
623,1789132199.090769,pose/component_3,0.29685646295547485
623,1789132199.090769,pose/component_4,0.0028711515478789806
623,1789132199.090769,pose/component_5,0.0
624,1789132199.2862656,amp/overflow_retries,0.0
624,1789132199.2862656,amp/scale,32.0
624,1789132199.2862656,gradient/clipped_norm,379.5786437988281
624,1789132199.2862656,images/detect,0.0
624,1789132199.2862656,images/pose,16.0
624,1789132199.2862656,loss/backward,84.20166015625
624,1789132199.2862656,loss/detect_mean,0.0
624,1789132199.2862656,loss/joint_mean,1.3156509399414062
624,1789132199.2862656,loss/pose_mean,1.3156509399414062
624,1789132199.2862656,lr/attention.decay,0.0
624,1789132199.2862656,lr/attention.no_decay,0.0
624,1789132199.2862656,lr/backbone.decay,0.0
624,1789132199.2862656,lr/backbone.no_decay,0.0
624,1789132199.2862656,lr/detect_head.decay,0.0
624,1789132199.2862656,lr/detect_head.no_decay,0.0
624,1789132199.2862656,lr/neck.decay,0.0
624,1789132199.2862656,lr/neck.no_decay,0.0
624,1789132199.2862656,lr/pose_head.decay,9.658449010743784e-06
624,1789132199.2862656,lr/pose_head.no_decay,9.658449010743784e-06
624,1789132199.2862656,pose/component_0,0.890017569065094
624,1789132199.2862656,pose/component_1,0.01888561248779297
624,1789132199.2862656,pose/component_2,0.008749415166676044
624,1789132199.2862656,pose/component_3,0.34949979186058044
624,1789132199.2862656,pose/component_4,0.0021396493539214134
624,1789132199.2862656,pose/component_5,0.0
625,1789132199.4816384,amp/overflow_retries,0.0
625,1789132199.4816384,amp/scale,32.0
625,1789132199.4816384,gradient/clipped_norm,376.1357116699219
625,1789132199.4816384,images/detect,0.0
625,1789132199.4816384,images/pose,16.0
625,1789132199.4816384,loss/backward,66.16085052490234
625,1789132199.4816384,loss/detect_mean,0.0
625,1789132199.4816384,loss/joint_mean,1.0337632894515991
625,1789132199.4816384,loss/pose_mean,1.0337632894515991
625,1789132199.4816384,lr/attention.decay,0.0
625,1789132199.4816384,lr/attention.no_decay,0.0
625,1789132199.4816384,lr/backbone.decay,0.0
625,1789132199.4816384,lr/backbone.no_decay,0.0
625,1789132199.4816384,lr/detect_head.decay,0.0
625,1789132199.4816384,lr/detect_head.no_decay,0.0
625,1789132199.4816384,lr/neck.decay,0.0
625,1789132199.4816384,lr/neck.no_decay,0.0
625,1789132199.4816384,lr/pose_head.decay,9.655786431300071e-06
625,1789132199.4816384,lr/pose_head.no_decay,9.655786431300071e-06
625,1789132199.4816384,pose/component_0,0.7249424457550049
625,1789132199.4816384,pose/component_1,0.01757669448852539
625,1789132199.4816384,pose/component_2,0.00289664464071393
625,1789132199.4816384,pose/component_3,0.342985063791275
625,1789132199.4816384,pose/component_4,0.0019683735445141792
625,1789132199.4816384,pose/component_5,0.0
626,1789132199.6775973,amp/overflow_retries,0.0
626,1789132199.6775973,amp/scale,32.0
626,1789132199.6775973,gradient/clipped_norm,366.5000305175781
626,1789132199.6775973,images/detect,0.0
626,1789132199.6775973,images/pose,16.0
626,1789132199.6775973,loss/backward,69.92205810546875
626,1789132199.6775973,loss/detect_mean,0.0
626,1789132199.6775973,loss/joint_mean,1.0925321578979492
626,1789132199.6775973,loss/pose_mean,1.0925321578979492
626,1789132199.6775973,lr/attention.decay,0.0
626,1789132199.6775973,lr/attention.no_decay,0.0
626,1789132199.6775973,lr/backbone.decay,0.0
626,1789132199.6775973,lr/backbone.no_decay,0.0
626,1789132199.6775973,lr/detect_head.decay,0.0
626,1789132199.6775973,lr/detect_head.no_decay,0.0
626,1789132199.6775973,lr/neck.decay,0.0
626,1789132199.6775973,lr/neck.no_decay,0.0
626,1789132199.6775973,lr/pose_head.decay,9.653114281016888e-06
626,1789132199.6775973,lr/pose_head.no_decay,9.653114281016888e-06
626,1789132199.6775973,pose/component_0,0.8309959173202515
626,1789132199.6775973,pose/component_1,0.01472612377256155
626,1789132199.6775973,pose/component_2,0.00827701948583126
626,1789132199.6775973,pose/component_3,0.2776010036468506
626,1789132199.6775973,pose/component_4,0.002630580449476838
626,1789132199.6775973,pose/component_5,0.0
627,1789132199.872547,amp/overflow_retries,0.0
627,1789132199.872547,amp/scale,32.0
627,1789132199.872547,gradient/clipped_norm,379.4607849121094
627,1789132199.872547,images/detect,0.0
627,1789132199.872547,images/pose,16.0
627,1789132199.872547,loss/backward,84.91552734375
627,1789132199.872547,loss/detect_mean,0.0
627,1789132199.872547,loss/joint_mean,1.3268051147460938
627,1789132199.872547,loss/pose_mean,1.3268051147460938
627,1789132199.872547,lr/attention.decay,0.0
627,1789132199.872547,lr/attention.no_decay,0.0
627,1789132199.872547,lr/backbone.decay,0.0
627,1789132199.872547,lr/backbone.no_decay,0.0
627,1789132199.872547,lr/detect_head.decay,0.0
627,1789132199.872547,lr/detect_head.no_decay,0.0
627,1789132199.872547,lr/neck.decay,0.0
627,1789132199.872547,lr/neck.no_decay,0.0
627,1789132199.872547,lr/pose_head.decay,9.650432571757527e-06
627,1789132199.872547,lr/pose_head.no_decay,9.650432571757527e-06
627,1789132199.872547,pose/component_0,0.9077203273773193
627,1789132199.872547,pose/component_1,0.018398620188236237
627,1789132199.872547,pose/component_2,0.00714453449472785
627,1789132199.872547,pose/component_3,0.5074810981750488
627,1789132199.872547,pose/component_4,0.002276947256177664
627,1789132199.872547,pose/component_5,0.0
628,1789132200.070332,amp/overflow_retries,0.0
628,1789132200.070332,amp/scale,32.0
628,1789132200.070332,gradient/clipped_norm,262.4704895019531
628,1789132200.070332,images/detect,0.0
628,1789132200.070332,images/pose,16.0
628,1789132200.070332,loss/backward,66.71332550048828
628,1789132200.070332,loss/detect_mean,0.0
628,1789132200.070332,loss/joint_mean,1.0423957109451294
628,1789132200.070332,loss/pose_mean,1.0423957109451294
628,1789132200.070332,lr/attention.decay,0.0
628,1789132200.070332,lr/attention.no_decay,0.0
628,1789132200.070332,lr/backbone.decay,0.0
628,1789132200.070332,lr/backbone.no_decay,0.0
628,1789132200.070332,lr/detect_head.decay,0.0
628,1789132200.070332,lr/detect_head.no_decay,0.0
628,1789132200.070332,lr/neck.decay,0.0
628,1789132200.070332,lr/neck.no_decay,0.0
628,1789132200.070332,lr/pose_head.decay,9.647741315427715e-06
628,1789132200.070332,lr/pose_head.no_decay,9.647741315427715e-06
628,1789132200.070332,pose/component_0,0.6919845938682556
628,1789132200.070332,pose/component_1,0.09968645870685577
628,1789132200.070332,pose/component_2,0.0018557407893240452
628,1789132200.070332,pose/component_3,0.2768453359603882
628,1789132200.070332,pose/component_4,0.0019750320352613926
628,1789132200.070332,pose/component_5,0.0
629,1789132200.2670352,amp/overflow_retries,0.0
629,1789132200.2670352,amp/scale,32.0
629,1789132200.2670352,gradient/clipped_norm,354.1311950683594
629,1789132200.2670352,images/detect,0.0
629,1789132200.2670352,images/pose,16.0
629,1789132200.2670352,loss/backward,73.57127380371094
629,1789132200.2670352,loss/detect_mean,0.0
629,1789132200.2670352,loss/joint_mean,1.1495511531829834
629,1789132200.2670352,loss/pose_mean,1.1495511531829834
629,1789132200.2670352,lr/attention.decay,0.0
629,1789132200.2670352,lr/attention.no_decay,0.0
629,1789132200.2670352,lr/backbone.decay,0.0
629,1789132200.2670352,lr/backbone.no_decay,0.0
629,1789132200.2670352,lr/detect_head.decay,0.0
629,1789132200.2670352,lr/detect_head.no_decay,0.0
629,1789132200.2670352,lr/neck.decay,0.0
629,1789132200.2670352,lr/neck.no_decay,0.0
629,1789132200.2670352,lr/pose_head.decay,9.645040523975568e-06
629,1789132200.2670352,lr/pose_head.no_decay,9.645040523975568e-06
629,1789132200.2670352,pose/component_0,0.7438234090805054
629,1789132200.2670352,pose/component_1,0.018284529447555542
629,1789132200.2670352,pose/component_2,0.04633905366063118
629,1789132200.2670352,pose/component_3,0.35457712411880493
629,1789132200.2670352,pose/component_4,0.0026276404969394207
629,1789132200.2670352,pose/component_5,0.0
630,1789132200.462274,amp/overflow_retries,0.0
630,1789132200.462274,amp/scale,32.0
630,1789132200.462274,gradient/clipped_norm,433.65179443359375
630,1789132200.462274,images/detect,0.0
630,1789132200.462274,images/pose,16.0
630,1789132200.462274,loss/backward,71.39005279541016
630,1789132200.462274,loss/detect_mean,0.0
630,1789132200.462274,loss/joint_mean,1.1154695749282837
630,1789132200.462274,loss/pose_mean,1.1154695749282837
630,1789132200.462274,lr/attention.decay,0.0
630,1789132200.462274,lr/attention.no_decay,0.0
630,1789132200.462274,lr/backbone.decay,0.0
630,1789132200.462274,lr/backbone.no_decay,0.0
630,1789132200.462274,lr/detect_head.decay,0.0
630,1789132200.462274,lr/detect_head.no_decay,0.0
630,1789132200.462274,lr/neck.decay,0.0
630,1789132200.462274,lr/neck.no_decay,0.0
630,1789132200.462274,lr/pose_head.decay,9.642330209391533e-06
630,1789132200.462274,lr/pose_head.no_decay,9.642330209391533e-06
630,1789132200.462274,pose/component_0,0.7384584546089172
630,1789132200.462274,pose/component_1,0.02579454332590103
630,1789132200.462274,pose/component_2,0.00462019257247448
630,1789132200.462274,pose/component_3,0.36843571066856384
630,1789132200.462274,pose/component_4,0.002143353456631303
630,1789132200.462274,pose/component_5,0.0
631,1789132200.6576633,amp/overflow_retries,0.0
631,1789132200.6576633,amp/scale,32.0
631,1789132200.6576633,gradient/clipped_norm,344.2411804199219
631,1789132200.6576633,images/detect,0.0
631,1789132200.6576633,images/pose,16.0
631,1789132200.6576633,loss/backward,66.00262451171875
631,1789132200.6576633,loss/detect_mean,0.0
631,1789132200.6576633,loss/joint_mean,1.0312910079956055
631,1789132200.6576633,loss/pose_mean,1.0312910079956055
631,1789132200.6576633,lr/attention.decay,0.0
631,1789132200.6576633,lr/attention.no_decay,0.0
631,1789132200.6576633,lr/backbone.decay,0.0
631,1789132200.6576633,lr/backbone.no_decay,0.0
631,1789132200.6576633,lr/detect_head.decay,0.0
631,1789132200.6576633,lr/detect_head.no_decay,0.0
631,1789132200.6576633,lr/neck.decay,0.0
631,1789132200.6576633,lr/neck.no_decay,0.0
631,1789132200.6576633,lr/pose_head.decay,9.639610383708331e-06
631,1789132200.6576633,lr/pose_head.no_decay,9.639610383708331e-06
631,1789132200.6576633,pose/component_0,0.6534744501113892
631,1789132200.6576633,pose/component_1,0.014750797301530838
631,1789132200.6576633,pose/component_2,0.016520779579877853
631,1789132200.6576633,pose/component_3,0.40460526943206787
631,1789132200.6576633,pose/component_4,0.0025033834390342236
631,1789132200.6576633,pose/component_5,0.0
632,1789132200.8528595,amp/overflow_retries,0.0
632,1789132200.8528595,amp/scale,32.0
632,1789132200.8528595,gradient/clipped_norm,233.20834350585938
632,1789132200.8528595,images/detect,0.0
632,1789132200.8528595,images/pose,16.0
632,1789132200.8528595,loss/backward,63.046295166015625
632,1789132200.8528595,loss/detect_mean,0.0
632,1789132200.8528595,loss/joint_mean,0.9850983619689941
632,1789132200.8528595,loss/pose_mean,0.9850983619689941
632,1789132200.8528595,lr/attention.decay,0.0
632,1789132200.8528595,lr/attention.no_decay,0.0
632,1789132200.8528595,lr/backbone.decay,0.0
632,1789132200.8528595,lr/backbone.no_decay,0.0
632,1789132200.8528595,lr/detect_head.decay,0.0
632,1789132200.8528595,lr/detect_head.no_decay,0.0
632,1789132200.8528595,lr/neck.decay,0.0
632,1789132200.8528595,lr/neck.no_decay,0.0
632,1789132200.8528595,lr/pose_head.decay,9.636881059000919e-06
632,1789132200.8528595,lr/pose_head.no_decay,9.636881059000919e-06
632,1789132200.8528595,pose/component_0,0.6745953559875488
632,1789132200.8528595,pose/component_1,0.008739928714931011
632,1789132200.8528595,pose/component_2,0.014082894660532475
632,1789132200.8528595,pose/component_3,0.3446597158908844
632,1789132200.8528595,pose/component_4,0.0023645926266908646
632,1789132200.8528595,pose/component_5,0.0
633,1789132201.0486598,amp/overflow_retries,0.0
633,1789132201.0486598,amp/scale,32.0
633,1789132201.0486598,gradient/clipped_norm,301.4797058105469
633,1789132201.0486598,images/detect,0.0
633,1789132201.0486598,images/pose,16.0
633,1789132201.0486598,loss/backward,72.19813537597656
633,1789132201.0486598,loss/detect_mean,0.0
633,1789132201.0486598,loss/joint_mean,1.1280958652496338
633,1789132201.0486598,loss/pose_mean,1.1280958652496338
633,1789132201.0486598,lr/attention.decay,0.0
633,1789132201.0486598,lr/attention.no_decay,0.0
633,1789132201.0486598,lr/backbone.decay,0.0
633,1789132201.0486598,lr/backbone.no_decay,0.0
633,1789132201.0486598,lr/detect_head.decay,0.0
633,1789132201.0486598,lr/detect_head.no_decay,0.0
633,1789132201.0486598,lr/neck.decay,0.0
633,1789132201.0486598,lr/neck.no_decay,0.0
633,1789132201.0486598,lr/pose_head.decay,9.634142247386416e-06
633,1789132201.0486598,lr/pose_head.no_decay,9.634142247386416e-06
633,1789132201.0486598,pose/component_0,0.6882867813110352
633,1789132201.0486598,pose/component_1,0.016357578337192535
633,1789132201.0486598,pose/component_2,0.046500544995069504
633,1789132201.0486598,pose/component_3,0.349020779132843
633,1789132201.0486598,pose/component_4,0.002459853421896696
633,1789132201.0486598,pose/component_5,0.0
634,1789132201.2437873,amp/overflow_retries,0.0
634,1789132201.2437873,amp/scale,32.0
634,1789132201.2437873,gradient/clipped_norm,310.0454406738281
634,1789132201.2437873,images/detect,0.0
634,1789132201.2437873,images/pose,16.0
634,1789132201.2437873,loss/backward,68.09791564941406
634,1789132201.2437873,loss/detect_mean,0.0
634,1789132201.2437873,loss/joint_mean,1.0640299320220947
634,1789132201.2437873,loss/pose_mean,1.0640299320220947
634,1789132201.2437873,lr/attention.decay,0.0
634,1789132201.2437873,lr/attention.no_decay,0.0
634,1789132201.2437873,lr/backbone.decay,0.0
634,1789132201.2437873,lr/backbone.no_decay,0.0
634,1789132201.2437873,lr/detect_head.decay,0.0
634,1789132201.2437873,lr/detect_head.no_decay,0.0
634,1789132201.2437873,lr/neck.decay,0.0
634,1789132201.2437873,lr/neck.no_decay,0.0
634,1789132201.2437873,lr/pose_head.decay,9.631393961024061e-06
634,1789132201.2437873,lr/pose_head.no_decay,9.631393961024061e-06
634,1789132201.2437873,pose/component_0,0.8667059540748596
634,1789132201.2437873,pose/component_1,0.016629070043563843
634,1789132201.2437873,pose/component_2,0.0018789606401696801
634,1789132201.2437873,pose/component_3,0.3214014768600464
634,1789132201.2437873,pose/component_4,0.0019526652758941054
634,1789132201.2437873,pose/component_5,0.0
635,1789132201.4387903,amp/overflow_retries,0.0
635,1789132201.4387903,amp/scale,32.0
635,1789132201.4387903,gradient/clipped_norm,456.4017028808594
635,1789132201.4387903,images/detect,0.0
635,1789132201.4387903,images/pose,16.0
635,1789132201.4387903,loss/backward,94.75993347167969
635,1789132201.4387903,loss/detect_mean,0.0
635,1789132201.4387903,loss/joint_mean,1.4806239604949951
635,1789132201.4387903,loss/pose_mean,1.4806239604949951
635,1789132201.4387903,lr/attention.decay,0.0
635,1789132201.4387903,lr/attention.no_decay,0.0
635,1789132201.4387903,lr/backbone.decay,0.0
635,1789132201.4387903,lr/backbone.no_decay,0.0
635,1789132201.4387903,lr/detect_head.decay,0.0
635,1789132201.4387903,lr/detect_head.no_decay,0.0
635,1789132201.4387903,lr/neck.decay,0.0
635,1789132201.4387903,lr/neck.no_decay,0.0
635,1789132201.4387903,lr/pose_head.decay,9.628636212115163e-06
635,1789132201.4387903,lr/pose_head.no_decay,9.628636212115163e-06
635,1789132201.4387903,pose/component_0,0.872001588344574
635,1789132201.4387903,pose/component_1,0.02401651069521904
635,1789132201.4387903,pose/component_2,0.015692882239818573
635,1789132201.4387903,pose/component_3,0.7634122371673584
635,1789132201.4387903,pose/component_4,0.002441250253468752
635,1789132201.4387903,pose/component_5,0.0
636,1789132201.6336386,amp/overflow_retries,0.0
636,1789132201.6336386,amp/scale,32.0
636,1789132201.6336386,gradient/clipped_norm,364.1605529785156
636,1789132201.6336386,images/detect,0.0
636,1789132201.6336386,images/pose,16.0
636,1789132201.6336386,loss/backward,95.7623062133789
636,1789132201.6336386,loss/detect_mean,0.0
636,1789132201.6336386,loss/joint_mean,1.4962860345840454
636,1789132201.6336386,loss/pose_mean,1.4962860345840454
636,1789132201.6336386,lr/attention.decay,0.0
636,1789132201.6336386,lr/attention.no_decay,0.0
636,1789132201.6336386,lr/backbone.decay,0.0
636,1789132201.6336386,lr/backbone.no_decay,0.0
636,1789132201.6336386,lr/detect_head.decay,0.0
636,1789132201.6336386,lr/detect_head.no_decay,0.0
636,1789132201.6336386,lr/neck.decay,0.0
636,1789132201.6336386,lr/neck.no_decay,0.0
636,1789132201.6336386,lr/pose_head.decay,9.625869012903035e-06
636,1789132201.6336386,lr/pose_head.no_decay,9.625869012903035e-06
636,1789132201.6336386,pose/component_0,0.9229971766471863
636,1789132201.6336386,pose/component_1,0.12786701321601868
636,1789132201.6336386,pose/component_2,0.06596969068050385
636,1789132201.6336386,pose/component_3,0.6397520899772644
636,1789132201.6336386,pose/component_4,0.003036796348169446
636,1789132201.6336386,pose/component_5,0.0
637,1789132201.8281052,amp/overflow_retries,0.0
637,1789132201.8281052,amp/scale,32.0
637,1789132201.8281052,gradient/clipped_norm,379.3507080078125
637,1789132201.8281052,images/detect,0.0
637,1789132201.8281052,images/pose,16.0
637,1789132201.8281052,loss/backward,80.10237884521484
637,1789132201.8281052,loss/detect_mean,0.0
637,1789132201.8281052,loss/joint_mean,1.251599669456482
637,1789132201.8281052,loss/pose_mean,1.251599669456482
637,1789132201.8281052,lr/attention.decay,0.0
637,1789132201.8281052,lr/attention.no_decay,0.0
637,1789132201.8281052,lr/backbone.decay,0.0
637,1789132201.8281052,lr/backbone.no_decay,0.0
637,1789132201.8281052,lr/detect_head.decay,0.0
637,1789132201.8281052,lr/detect_head.no_decay,0.0
637,1789132201.8281052,lr/neck.decay,0.0
637,1789132201.8281052,lr/neck.no_decay,0.0
637,1789132201.8281052,lr/pose_head.decay,9.623092375672947e-06
637,1789132201.8281052,lr/pose_head.no_decay,9.623092375672947e-06
637,1789132201.8281052,pose/component_0,0.7524065971374512
637,1789132201.8281052,pose/component_1,0.017535535618662834
637,1789132201.8281052,pose/component_2,0.005205170717090368
637,1789132201.8281052,pose/component_3,0.39627495408058167
637,1789132201.8281052,pose/component_4,0.0021209251135587692
637,1789132201.8281052,pose/component_5,0.0
638,1789132202.023425,amp/overflow_retries,0.0
638,1789132202.023425,amp/scale,32.0
638,1789132202.023425,gradient/clipped_norm,379.4954833984375
638,1789132202.023425,images/detect,0.0
638,1789132202.023425,images/pose,16.0
638,1789132202.023425,loss/backward,69.42323303222656
638,1789132202.023425,loss/detect_mean,0.0
638,1789132202.023425,loss/joint_mean,1.08473801612854
638,1789132202.023425,loss/pose_mean,1.08473801612854
638,1789132202.023425,lr/attention.decay,0.0
638,1789132202.023425,lr/attention.no_decay,0.0
638,1789132202.023425,lr/backbone.decay,0.0
638,1789132202.023425,lr/backbone.no_decay,0.0
638,1789132202.023425,lr/detect_head.decay,0.0
638,1789132202.023425,lr/detect_head.no_decay,0.0
638,1789132202.023425,lr/neck.decay,0.0
638,1789132202.023425,lr/neck.no_decay,0.0
638,1789132202.023425,lr/pose_head.decay,9.62030631275207e-06
638,1789132202.023425,lr/pose_head.no_decay,9.62030631275207e-06
638,1789132202.023425,pose/component_0,0.8351520895957947
638,1789132202.023425,pose/component_1,0.01647227630019188
638,1789132202.023425,pose/component_2,0.005023203790187836
638,1789132202.023425,pose/component_3,0.2780289351940155
638,1789132202.023425,pose/component_4,0.0031322313006967306
638,1789132202.023425,pose/component_5,0.0
639,1789132202.218184,amp/overflow_retries,0.0
639,1789132202.218184,amp/scale,32.0
639,1789132202.218184,gradient/clipped_norm,258.2270812988281
639,1789132202.218184,images/detect,0.0
639,1789132202.218184,images/pose,16.0
639,1789132202.218184,loss/backward,58.850921630859375
639,1789132202.218184,loss/detect_mean,0.0
639,1789132202.218184,loss/joint_mean,0.9195456504821777
639,1789132202.218184,loss/pose_mean,0.9195456504821777
639,1789132202.218184,lr/attention.decay,0.0
639,1789132202.218184,lr/attention.no_decay,0.0
639,1789132202.218184,lr/backbone.decay,0.0
639,1789132202.218184,lr/backbone.no_decay,0.0
639,1789132202.218184,lr/detect_head.decay,0.0
639,1789132202.218184,lr/detect_head.no_decay,0.0
639,1789132202.218184,lr/neck.decay,0.0
639,1789132202.218184,lr/neck.no_decay,0.0
639,1789132202.218184,lr/pose_head.decay,9.617510836509425e-06
639,1789132202.218184,lr/pose_head.no_decay,9.617510836509425e-06
639,1789132202.218184,pose/component_0,0.6005443334579468
639,1789132202.218184,pose/component_1,0.012028425931930542
639,1789132202.218184,pose/component_2,0.005213885568082333
639,1789132202.218184,pose/component_3,0.360042005777359
639,1789132202.218184,pose/component_4,0.002262030029669404
639,1789132202.218184,pose/component_5,0.0
640,1789132202.4143329,amp/overflow_retries,0.0
640,1789132202.4143329,amp/scale,32.0
640,1789132202.4143329,gradient/clipped_norm,315.9620361328125
640,1789132202.4143329,images/detect,0.0
640,1789132202.4143329,images/pose,16.0
640,1789132202.4143329,loss/backward,50.79135513305664
640,1789132202.4143329,loss/detect_mean,0.0
640,1789132202.4143329,loss/joint_mean,0.79361492395401
640,1789132202.4143329,loss/pose_mean,0.79361492395401
640,1789132202.4143329,lr/attention.decay,0.0
640,1789132202.4143329,lr/attention.no_decay,0.0
640,1789132202.4143329,lr/backbone.decay,0.0
640,1789132202.4143329,lr/backbone.no_decay,0.0
640,1789132202.4143329,lr/detect_head.decay,0.0
640,1789132202.4143329,lr/detect_head.no_decay,0.0
640,1789132202.4143329,lr/neck.decay,0.0
640,1789132202.4143329,lr/neck.no_decay,0.0
640,1789132202.4143329,lr/pose_head.decay,9.61470595935582e-06
640,1789132202.4143329,lr/pose_head.no_decay,9.61470595935582e-06
640,1789132202.4143329,pose/component_0,0.5478426218032837
640,1789132202.4143329,pose/component_1,0.011384791694581509
640,1789132202.4143329,pose/component_2,0.0016218615928664804
640,1789132202.4143329,pose/component_3,0.22693108022212982
640,1789132202.4143329,pose/component_4,0.0025664670392870903
640,1789132202.4143329,pose/component_5,0.0
641,1789132202.6091282,amp/overflow_retries,0.0
641,1789132202.6091282,amp/scale,32.0
641,1789132202.6091282,gradient/clipped_norm,485.2666320800781
641,1789132202.6091282,images/detect,0.0
641,1789132202.6091282,images/pose,16.0
641,1789132202.6091282,loss/backward,79.1194839477539
641,1789132202.6091282,loss/detect_mean,0.0
641,1789132202.6091282,loss/joint_mean,1.2362419366836548
641,1789132202.6091282,loss/pose_mean,1.2362419366836548
641,1789132202.6091282,lr/attention.decay,0.0
641,1789132202.6091282,lr/attention.no_decay,0.0
641,1789132202.6091282,lr/backbone.decay,0.0
641,1789132202.6091282,lr/backbone.no_decay,0.0
641,1789132202.6091282,lr/detect_head.decay,0.0
641,1789132202.6091282,lr/detect_head.no_decay,0.0
641,1789132202.6091282,lr/neck.decay,0.0
641,1789132202.6091282,lr/neck.no_decay,0.0
641,1789132202.6091282,lr/pose_head.decay,9.611891693743796e-06
641,1789132202.6091282,lr/pose_head.no_decay,9.611891693743796e-06
641,1789132202.6091282,pose/component_0,0.8784459829330444
641,1789132202.6091282,pose/component_1,0.03425655886530876
641,1789132202.6091282,pose/component_2,0.004504648502916098
641,1789132202.6091282,pose/component_3,0.5266973972320557
641,1789132202.6091282,pose/component_4,0.0019949055276811123
641,1789132202.6091282,pose/component_5,0.0
642,1789132202.8065479,amp/overflow_retries,0.0
642,1789132202.8065479,amp/scale,32.0
642,1789132202.8065479,gradient/clipped_norm,322.0336608886719
642,1789132202.8065479,images/detect,0.0
642,1789132202.8065479,images/pose,16.0
642,1789132202.8065479,loss/backward,75.952392578125
642,1789132202.8065479,loss/detect_mean,0.0
642,1789132202.8065479,loss/joint_mean,1.1867561340332031
642,1789132202.8065479,loss/pose_mean,1.1867561340332031
642,1789132202.8065479,lr/attention.decay,0.0
642,1789132202.8065479,lr/attention.no_decay,0.0
642,1789132202.8065479,lr/backbone.decay,0.0
642,1789132202.8065479,lr/backbone.no_decay,0.0
642,1789132202.8065479,lr/detect_head.decay,0.0
642,1789132202.8065479,lr/detect_head.no_decay,0.0
642,1789132202.8065479,lr/neck.decay,0.0
642,1789132202.8065479,lr/neck.no_decay,0.0
642,1789132202.8065479,lr/pose_head.decay,9.609068052167587e-06
642,1789132202.8065479,lr/pose_head.no_decay,9.609068052167587e-06
642,1789132202.8065479,pose/component_0,0.8027917146682739
642,1789132202.8065479,pose/component_1,0.06780397146940231
642,1789132202.8065479,pose/component_2,0.015699701383709908
642,1789132202.8065479,pose/component_3,0.3969864845275879
642,1789132202.8065479,pose/component_4,0.0034019327722489834
642,1789132202.8065479,pose/component_5,0.0
643,1789132203.0017216,amp/overflow_retries,0.0
643,1789132203.0017216,amp/scale,32.0
643,1789132203.0017216,gradient/clipped_norm,3367.718505859375
643,1789132203.0017216,images/detect,0.0
643,1789132203.0017216,images/pose,16.0
643,1789132203.0017216,loss/backward,95.82546997070312
643,1789132203.0017216,loss/detect_mean,0.0
643,1789132203.0017216,loss/joint_mean,1.4972729682922363
643,1789132203.0017216,loss/pose_mean,1.4972729682922363
643,1789132203.0017216,lr/attention.decay,0.0
643,1789132203.0017216,lr/attention.no_decay,0.0
643,1789132203.0017216,lr/backbone.decay,0.0
643,1789132203.0017216,lr/backbone.no_decay,0.0
643,1789132203.0017216,lr/detect_head.decay,0.0
643,1789132203.0017216,lr/detect_head.no_decay,0.0
643,1789132203.0017216,lr/neck.decay,0.0
643,1789132203.0017216,lr/neck.no_decay,0.0
643,1789132203.0017216,lr/pose_head.decay,9.60623504716304e-06
643,1789132203.0017216,lr/pose_head.no_decay,9.60623504716304e-06
643,1789132203.0017216,pose/component_0,0.9866835474967957
643,1789132203.0017216,pose/component_1,0.04174978286027908
643,1789132203.0017216,pose/component_2,0.004912195261567831
643,1789132203.0017216,pose/component_3,0.5108508467674255
643,1789132203.0017216,pose/component_4,0.002934602089226246
643,1789132203.0017216,pose/component_5,0.0
644,1789132203.1972957,amp/overflow_retries,0.0
644,1789132203.1972957,amp/scale,32.0
644,1789132203.1972957,gradient/clipped_norm,253.22525024414062
644,1789132203.1972957,images/detect,0.0
644,1789132203.1972957,images/pose,16.0
644,1789132203.1972957,loss/backward,74.97418212890625
644,1789132203.1972957,loss/detect_mean,0.0
644,1789132203.1972957,loss/joint_mean,1.1714715957641602
644,1789132203.1972957,loss/pose_mean,1.1714715957641602
644,1789132203.1972957,lr/attention.decay,0.0
644,1789132203.1972957,lr/attention.no_decay,0.0
644,1789132203.1972957,lr/backbone.decay,0.0
644,1789132203.1972957,lr/backbone.no_decay,0.0
644,1789132203.1972957,lr/detect_head.decay,0.0
644,1789132203.1972957,lr/detect_head.no_decay,0.0
644,1789132203.1972957,lr/neck.decay,0.0
644,1789132203.1972957,lr/neck.no_decay,0.0
644,1789132203.1972957,lr/pose_head.decay,9.60339269130758e-06
644,1789132203.1972957,lr/pose_head.no_decay,9.60339269130758e-06
644,1789132203.1972957,pose/component_0,0.6861098408699036
644,1789132203.1972957,pose/component_1,0.03759390860795975
644,1789132203.1972957,pose/component_2,0.2066669911146164
644,1789132203.1972957,pose/component_3,0.421533465385437
644,1789132203.1972957,pose/component_4,0.0023939269594848156
644,1789132203.1972957,pose/component_5,0.0
645,1789132203.39244,amp/overflow_retries,0.0
645,1789132203.39244,amp/scale,32.0
645,1789132203.39244,gradient/clipped_norm,428.48980712890625
645,1789132203.39244,images/detect,0.0
645,1789132203.39244,images/pose,16.0
645,1789132203.39244,loss/backward,81.07357025146484
645,1789132203.39244,loss/detect_mean,0.0
645,1789132203.39244,loss/joint_mean,1.2667745351791382
645,1789132203.39244,loss/pose_mean,1.2667745351791382
645,1789132203.39244,lr/attention.decay,0.0
645,1789132203.39244,lr/attention.no_decay,0.0
645,1789132203.39244,lr/backbone.decay,0.0
645,1789132203.39244,lr/backbone.no_decay,0.0
645,1789132203.39244,lr/detect_head.decay,0.0
645,1789132203.39244,lr/detect_head.no_decay,0.0
645,1789132203.39244,lr/neck.decay,0.0
645,1789132203.39244,lr/neck.no_decay,0.0
645,1789132203.39244,lr/pose_head.decay,9.600540997220144e-06
645,1789132203.39244,lr/pose_head.no_decay,9.600540997220144e-06
645,1789132203.39244,pose/component_0,0.9428889155387878
645,1789132203.39244,pose/component_1,0.011158083565533161
645,1789132203.39244,pose/component_2,0.0030502716545015574
645,1789132203.39244,pose/component_3,0.3935963213443756
645,1789132203.39244,pose/component_4,0.0019296412356197834
645,1789132203.39244,pose/component_5,0.0
646,1789132203.5876923,amp/overflow_retries,0.0
646,1789132203.5876923,amp/scale,32.0
646,1789132203.5876923,gradient/clipped_norm,318.1029357910156
646,1789132203.5876923,images/detect,0.0
646,1789132203.5876923,images/pose,16.0
646,1789132203.5876923,loss/backward,76.33599090576172
646,1789132203.5876923,loss/detect_mean,0.0
646,1789132203.5876923,loss/joint_mean,1.1927498579025269
646,1789132203.5876923,loss/pose_mean,1.1927498579025269
646,1789132203.5876923,lr/attention.decay,0.0
646,1789132203.5876923,lr/attention.no_decay,0.0
646,1789132203.5876923,lr/backbone.decay,0.0
646,1789132203.5876923,lr/backbone.no_decay,0.0
646,1789132203.5876923,lr/detect_head.decay,0.0
646,1789132203.5876923,lr/detect_head.no_decay,0.0
646,1789132203.5876923,lr/neck.decay,0.0
646,1789132203.5876923,lr/neck.no_decay,0.0
646,1789132203.5876923,lr/pose_head.decay,9.597679977561123e-06
646,1789132203.5876923,lr/pose_head.no_decay,9.597679977561123e-06
646,1789132203.5876923,pose/component_0,0.8525127172470093
646,1789132203.5876923,pose/component_1,0.014095659367740154
646,1789132203.5876923,pose/component_2,0.011935602873563766
646,1789132203.5876923,pose/component_3,0.3328416645526886
646,1789132203.5876923,pose/component_4,0.0035819276235997677
646,1789132203.5876923,pose/component_5,0.0
647,1789132203.7822084,amp/overflow_retries,0.0
647,1789132203.7822084,amp/scale,32.0
647,1789132203.7822084,gradient/clipped_norm,428.46002197265625
647,1789132203.7822084,images/detect,0.0
647,1789132203.7822084,images/pose,16.0
647,1789132203.7822084,loss/backward,71.15282440185547
647,1789132203.7822084,loss/detect_mean,0.0
647,1789132203.7822084,loss/joint_mean,1.1117628812789917
647,1789132203.7822084,loss/pose_mean,1.1117628812789917
647,1789132203.7822084,lr/attention.decay,0.0
647,1789132203.7822084,lr/attention.no_decay,0.0
647,1789132203.7822084,lr/backbone.decay,0.0
647,1789132203.7822084,lr/backbone.no_decay,0.0
647,1789132203.7822084,lr/detect_head.decay,0.0
647,1789132203.7822084,lr/detect_head.no_decay,0.0
647,1789132203.7822084,lr/neck.decay,0.0
647,1789132203.7822084,lr/neck.no_decay,0.0
647,1789132203.7822084,lr/pose_head.decay,9.594809645032314e-06
647,1789132203.7822084,lr/pose_head.no_decay,9.594809645032314e-06
647,1789132203.7822084,pose/component_0,0.7643151879310608
647,1789132203.7822084,pose/component_1,0.014288286678493023
647,1789132203.7822084,pose/component_2,0.005276234820485115
647,1789132203.7822084,pose/component_3,0.26653358340263367
647,1789132203.7822084,pose/component_4,0.002496334258466959
647,1789132203.7822084,pose/component_5,0.0
648,1789132203.9775321,amp/overflow_retries,0.0
648,1789132203.9775321,amp/scale,32.0
648,1789132203.9775321,gradient/clipped_norm,372.43951416015625
648,1789132203.9775321,images/detect,0.0
648,1789132203.9775321,images/pose,16.0
648,1789132203.9775321,loss/backward,76.60636901855469
648,1789132203.9775321,loss/detect_mean,0.0
648,1789132203.9775321,loss/joint_mean,1.196974515914917
648,1789132203.9775321,loss/pose_mean,1.196974515914917
648,1789132203.9775321,lr/attention.decay,0.0
648,1789132203.9775321,lr/attention.no_decay,0.0
648,1789132203.9775321,lr/backbone.decay,0.0
648,1789132203.9775321,lr/backbone.no_decay,0.0
648,1789132203.9775321,lr/detect_head.decay,0.0
648,1789132203.9775321,lr/detect_head.no_decay,0.0
648,1789132203.9775321,lr/neck.decay,0.0
648,1789132203.9775321,lr/neck.no_decay,0.0
648,1789132203.9775321,lr/pose_head.decay,9.591930012376862e-06
648,1789132203.9775321,lr/pose_head.no_decay,9.591930012376862e-06
648,1789132203.9775321,pose/component_0,0.8912098407745361
648,1789132203.9775321,pose/component_1,0.01727037876844406
648,1789132203.9775321,pose/component_2,0.0018447467591613531
648,1789132203.9775321,pose/component_3,0.34060531854629517
648,1789132203.9775321,pose/component_4,0.0019985605031251907
648,1789132203.9775321,pose/component_5,0.0
649,1789132204.1724696,amp/overflow_retries,0.0
649,1789132204.1724696,amp/scale,32.0
649,1789132204.1724696,gradient/clipped_norm,305.15167236328125
649,1789132204.1724696,images/detect,0.0
649,1789132204.1724696,images/pose,16.0
649,1789132204.1724696,loss/backward,59.57405090332031
649,1789132204.1724696,loss/detect_mean,0.0
649,1789132204.1724696,loss/joint_mean,0.9308445453643799
649,1789132204.1724696,loss/pose_mean,0.9308445453643799
649,1789132204.1724696,lr/attention.decay,0.0
649,1789132204.1724696,lr/attention.no_decay,0.0
649,1789132204.1724696,lr/backbone.decay,0.0
649,1789132204.1724696,lr/backbone.no_decay,0.0
649,1789132204.1724696,lr/detect_head.decay,0.0
649,1789132204.1724696,lr/detect_head.no_decay,0.0
649,1789132204.1724696,lr/neck.decay,0.0
649,1789132204.1724696,lr/neck.no_decay,0.0
649,1789132204.1724696,lr/pose_head.decay,9.589041092379193e-06
649,1789132204.1724696,lr/pose_head.no_decay,9.589041092379193e-06
649,1789132204.1724696,pose/component_0,0.7020217180252075
649,1789132204.1724696,pose/component_1,0.015114099718630314
649,1789132204.1724696,pose/component_2,0.011109679937362671
649,1789132204.1724696,pose/component_3,0.24886338412761688
649,1789132204.1724696,pose/component_4,0.002778293564915657
649,1789132204.1724696,pose/component_5,0.0
650,1789132204.3672647,amp/overflow_retries,0.0
650,1789132204.3672647,amp/scale,32.0
650,1789132204.3672647,gradient/clipped_norm,297.5958251953125
650,1789132204.3672647,images/detect,0.0
650,1789132204.3672647,images/pose,16.0
650,1789132204.3672647,loss/backward,78.22511291503906
650,1789132204.3672647,loss/detect_mean,0.0
650,1789132204.3672647,loss/joint_mean,1.2222673892974854
650,1789132204.3672647,loss/pose_mean,1.2222673892974854
650,1789132204.3672647,lr/attention.decay,0.0
650,1789132204.3672647,lr/attention.no_decay,0.0
650,1789132204.3672647,lr/backbone.decay,0.0
650,1789132204.3672647,lr/backbone.no_decay,0.0
650,1789132204.3672647,lr/detect_head.decay,0.0
650,1789132204.3672647,lr/detect_head.no_decay,0.0
650,1789132204.3672647,lr/neck.decay,0.0
650,1789132204.3672647,lr/neck.no_decay,0.0
650,1789132204.3672647,lr/pose_head.decay,9.586142897864973e-06
650,1789132204.3672647,lr/pose_head.no_decay,9.586142897864973e-06
650,1789132204.3672647,pose/component_0,0.751687228679657
650,1789132204.3672647,pose/component_1,0.008462128229439259
650,1789132204.3672647,pose/component_2,0.10210568457841873
650,1789132204.3672647,pose/component_3,0.3417983651161194
650,1789132204.3672647,pose/component_4,0.00282548600807786
650,1789132204.3672647,pose/component_5,0.0
651,1789132204.5644398,amp/overflow_retries,0.0
651,1789132204.5644398,amp/scale,32.0
651,1789132204.5644398,gradient/clipped_norm,354.9197692871094
651,1789132204.5644398,images/detect,0.0
651,1789132204.5644398,images/pose,16.0
651,1789132204.5644398,loss/backward,96.58592224121094
651,1789132204.5644398,loss/detect_mean,0.0
651,1789132204.5644398,loss/joint_mean,1.509155035018921
651,1789132204.5644398,loss/pose_mean,1.509155035018921
651,1789132204.5644398,lr/attention.decay,0.0
651,1789132204.5644398,lr/attention.no_decay,0.0
651,1789132204.5644398,lr/backbone.decay,0.0
651,1789132204.5644398,lr/backbone.no_decay,0.0
651,1789132204.5644398,lr/detect_head.decay,0.0
651,1789132204.5644398,lr/detect_head.no_decay,0.0
651,1789132204.5644398,lr/neck.decay,0.0
651,1789132204.5644398,lr/neck.no_decay,0.0
651,1789132204.5644398,lr/pose_head.decay,9.583235441701038e-06
651,1789132204.5644398,lr/pose_head.no_decay,9.583235441701038e-06
651,1789132204.5644398,pose/component_0,0.9981323480606079
651,1789132204.5644398,pose/component_1,0.01223084144294262
651,1789132204.5644398,pose/component_2,0.006921688560396433
651,1789132204.5644398,pose/component_3,0.6627815365791321
651,1789132204.5644398,pose/component_4,0.0027950226794928312
651,1789132204.5644398,pose/component_5,0.0
652,1789132204.759568,amp/overflow_retries,0.0
652,1789132204.759568,amp/scale,32.0
652,1789132204.759568,gradient/clipped_norm,529.23828125
652,1789132204.759568,images/detect,0.0
652,1789132204.759568,images/pose,16.0
652,1789132204.759568,loss/backward,66.10163879394531
652,1789132204.759568,loss/detect_mean,0.0
652,1789132204.759568,loss/joint_mean,1.0328381061553955
652,1789132204.759568,loss/pose_mean,1.0328381061553955
652,1789132204.759568,lr/attention.decay,0.0
652,1789132204.759568,lr/attention.no_decay,0.0
652,1789132204.759568,lr/backbone.decay,0.0
652,1789132204.759568,lr/backbone.no_decay,0.0
652,1789132204.759568,lr/detect_head.decay,0.0
652,1789132204.759568,lr/detect_head.no_decay,0.0
652,1789132204.759568,lr/neck.decay,0.0
652,1789132204.759568,lr/neck.no_decay,0.0
652,1789132204.759568,lr/pose_head.decay,9.580318736795346e-06
652,1789132204.759568,lr/pose_head.no_decay,9.580318736795346e-06
652,1789132204.759568,pose/component_0,0.6408895254135132
652,1789132204.759568,pose/component_1,0.014624208211898804
652,1789132204.759568,pose/component_2,0.1088213101029396
652,1789132204.759568,pose/component_3,0.29068413376808167
652,1789132204.759568,pose/component_4,0.0031964280642569065
652,1789132204.759568,pose/component_5,0.0
653,1789132204.9547274,amp/overflow_retries,0.0
653,1789132204.9547274,amp/scale,32.0
653,1789132204.9547274,gradient/clipped_norm,209.2598876953125
653,1789132204.9547274,images/detect,0.0
653,1789132204.9547274,images/pose,16.0
653,1789132204.9547274,loss/backward,52.977325439453125
653,1789132204.9547274,loss/detect_mean,0.0
653,1789132204.9547274,loss/joint_mean,0.8277707099914551
653,1789132204.9547274,loss/pose_mean,0.8277707099914551
653,1789132204.9547274,lr/attention.decay,0.0
653,1789132204.9547274,lr/attention.no_decay,0.0
653,1789132204.9547274,lr/backbone.decay,0.0
653,1789132204.9547274,lr/backbone.no_decay,0.0
653,1789132204.9547274,lr/detect_head.decay,0.0
653,1789132204.9547274,lr/detect_head.no_decay,0.0
653,1789132204.9547274,lr/neck.decay,0.0
653,1789132204.9547274,lr/neck.no_decay,0.0
653,1789132204.9547274,lr/pose_head.decay,9.57739279609691e-06
653,1789132204.9547274,lr/pose_head.no_decay,9.57739279609691e-06
653,1789132204.9547274,pose/component_0,0.5286986827850342
653,1789132204.9547274,pose/component_1,0.007615658920258284
653,1789132204.9547274,pose/component_2,0.017600109800696373
653,1789132204.9547274,pose/component_3,0.27841120958328247
653,1789132204.9547274,pose/component_4,0.00331114511936903
653,1789132204.9547274,pose/component_5,0.0
654,1789132205.1501372,amp/overflow_retries,0.0
654,1789132205.1501372,amp/scale,32.0
654,1789132205.1501372,gradient/clipped_norm,377.4842834472656
654,1789132205.1501372,images/detect,0.0
654,1789132205.1501372,images/pose,16.0
654,1789132205.1501372,loss/backward,77.66448211669922
654,1789132205.1501372,loss/detect_mean,0.0
654,1789132205.1501372,loss/joint_mean,1.2135075330734253
654,1789132205.1501372,loss/pose_mean,1.2135075330734253
654,1789132205.1501372,lr/attention.decay,0.0
654,1789132205.1501372,lr/attention.no_decay,0.0
654,1789132205.1501372,lr/backbone.decay,0.0
654,1789132205.1501372,lr/backbone.no_decay,0.0
654,1789132205.1501372,lr/detect_head.decay,0.0
654,1789132205.1501372,lr/detect_head.no_decay,0.0
654,1789132205.1501372,lr/neck.decay,0.0
654,1789132205.1501372,lr/neck.no_decay,0.0
654,1789132205.1501372,lr/pose_head.decay,9.574457632595752e-06
654,1789132205.1501372,lr/pose_head.no_decay,9.574457632595752e-06
654,1789132205.1501372,pose/component_0,0.8439844846725464
654,1789132205.1501372,pose/component_1,0.026366902515292168
654,1789132205.1501372,pose/component_2,0.030073165893554688
654,1789132205.1501372,pose/component_3,0.4016658365726471
654,1789132205.1501372,pose/component_4,0.002925210865214467
654,1789132205.1501372,pose/component_5,0.0
655,1789132205.3449275,amp/overflow_retries,0.0
655,1789132205.3449275,amp/scale,32.0
655,1789132205.3449275,gradient/clipped_norm,380.16534423828125
655,1789132205.3449275,images/detect,0.0
655,1789132205.3449275,images/pose,16.0
655,1789132205.3449275,loss/backward,87.10145568847656
655,1789132205.3449275,loss/detect_mean,0.0
655,1789132205.3449275,loss/joint_mean,1.3609602451324463
655,1789132205.3449275,loss/pose_mean,1.3609602451324463
655,1789132205.3449275,lr/attention.decay,0.0
655,1789132205.3449275,lr/attention.no_decay,0.0
655,1789132205.3449275,lr/backbone.decay,0.0
655,1789132205.3449275,lr/backbone.no_decay,0.0
655,1789132205.3449275,lr/detect_head.decay,0.0
655,1789132205.3449275,lr/detect_head.no_decay,0.0
655,1789132205.3449275,lr/neck.decay,0.0
655,1789132205.3449275,lr/neck.no_decay,0.0
655,1789132205.3449275,lr/pose_head.decay,9.57151325932284e-06
655,1789132205.3449275,lr/pose_head.no_decay,9.57151325932284e-06
655,1789132205.3449275,pose/component_0,0.8121570944786072
655,1789132205.3449275,pose/component_1,0.034432053565979004
655,1789132205.3449275,pose/component_2,0.02255418710410595
655,1789132205.3449275,pose/component_3,0.5744779109954834
655,1789132205.3449275,pose/component_4,0.0038685640320181847
655,1789132205.3449275,pose/component_5,0.0
656,1789132205.539887,amp/overflow_retries,0.0
656,1789132205.539887,amp/scale,32.0
656,1789132205.539887,gradient/clipped_norm,317.66131591796875
656,1789132205.539887,images/detect,0.0
656,1789132205.539887,images/pose,16.0
656,1789132205.539887,loss/backward,80.08133697509766
656,1789132205.539887,loss/detect_mean,0.0
656,1789132205.539887,loss/joint_mean,1.2512708902359009
656,1789132205.539887,loss/pose_mean,1.2512708902359009
656,1789132205.539887,lr/attention.decay,0.0
656,1789132205.539887,lr/attention.no_decay,0.0
656,1789132205.539887,lr/backbone.decay,0.0
656,1789132205.539887,lr/backbone.no_decay,0.0
656,1789132205.539887,lr/detect_head.decay,0.0
656,1789132205.539887,lr/detect_head.no_decay,0.0
656,1789132205.539887,lr/neck.decay,0.0
656,1789132205.539887,lr/neck.no_decay,0.0
656,1789132205.539887,lr/pose_head.decay,9.568559689350024e-06
656,1789132205.539887,lr/pose_head.no_decay,9.568559689350024e-06
656,1789132205.539887,pose/component_0,0.8352978229522705
656,1789132205.539887,pose/component_1,0.018906939774751663
656,1789132205.539887,pose/component_2,0.15317346155643463
656,1789132205.539887,pose/component_3,0.32327911257743835
656,1789132205.539887,pose/component_4,0.0023535278160125017
656,1789132205.539887,pose/component_5,0.0
657,1789132205.9052715,amp/overflow_retries,0.0
657,1789132205.9052715,amp/scale,32.0
657,1789132205.9052715,gradient/clipped_norm,317.76702880859375
657,1789132205.9052715,images/detect,0.0
657,1789132205.9052715,images/pose,16.0
657,1789132205.9052715,loss/backward,84.08924865722656
657,1789132205.9052715,loss/detect_mean,0.0
657,1789132205.9052715,loss/joint_mean,1.313894510269165
657,1789132205.9052715,loss/pose_mean,1.313894510269165
657,1789132205.9052715,lr/attention.decay,0.0
657,1789132205.9052715,lr/attention.no_decay,0.0
657,1789132205.9052715,lr/backbone.decay,0.0
657,1789132205.9052715,lr/backbone.no_decay,0.0
657,1789132205.9052715,lr/detect_head.decay,0.0
657,1789132205.9052715,lr/detect_head.no_decay,0.0
657,1789132205.9052715,lr/neck.decay,0.0
657,1789132205.9052715,lr/neck.no_decay,0.0
657,1789132205.9052715,lr/pose_head.decay,9.565596935789989e-06
657,1789132205.9052715,lr/pose_head.no_decay,9.565596935789989e-06
657,1789132205.9052715,pose/component_0,0.9594458341598511
657,1789132205.9052715,pose/component_1,0.022946514189243317
657,1789132205.9052715,pose/component_2,0.004082745406776667
657,1789132205.9052715,pose/component_3,0.36142584681510925
657,1789132205.9052715,pose/component_4,0.002432425506412983
657,1789132205.9052715,pose/component_5,0.0
658,1789132206.1007047,amp/overflow_retries,0.0
658,1789132206.1007047,amp/scale,32.0
658,1789132206.1007047,gradient/clipped_norm,359.9801025390625
658,1789132206.1007047,images/detect,0.0
658,1789132206.1007047,images/pose,16.0
658,1789132206.1007047,loss/backward,70.83395385742188
658,1789132206.1007047,loss/detect_mean,0.0
658,1789132206.1007047,loss/joint_mean,1.1067805290222168
658,1789132206.1007047,loss/pose_mean,1.1067805290222168
658,1789132206.1007047,lr/attention.decay,0.0
658,1789132206.1007047,lr/attention.no_decay,0.0
658,1789132206.1007047,lr/backbone.decay,0.0
658,1789132206.1007047,lr/backbone.no_decay,0.0
658,1789132206.1007047,lr/detect_head.decay,0.0
658,1789132206.1007047,lr/detect_head.no_decay,0.0
658,1789132206.1007047,lr/neck.decay,0.0
658,1789132206.1007047,lr/neck.no_decay,0.0
658,1789132206.1007047,lr/pose_head.decay,9.562625011796186e-06
658,1789132206.1007047,lr/pose_head.no_decay,9.562625011796186e-06
658,1789132206.1007047,pose/component_0,0.7879424095153809
658,1789132206.1007047,pose/component_1,0.017285585403442383
658,1789132206.1007047,pose/component_2,0.0032921612728387117
658,1789132206.1007047,pose/component_3,0.2938452661037445
658,1789132206.1007047,pose/component_4,0.002288268879055977
658,1789132206.1007047,pose/component_5,0.0
659,1789132206.295398,amp/overflow_retries,0.0
659,1789132206.295398,amp/scale,32.0
659,1789132206.295398,gradient/clipped_norm,359.1493225097656
659,1789132206.295398,images/detect,0.0
659,1789132206.295398,images/pose,16.0
659,1789132206.295398,loss/backward,74.96192932128906
659,1789132206.295398,loss/detect_mean,0.0
659,1789132206.295398,loss/joint_mean,1.1712801456451416
659,1789132206.295398,loss/pose_mean,1.1712801456451416
659,1789132206.295398,lr/attention.decay,0.0
659,1789132206.295398,lr/attention.no_decay,0.0
659,1789132206.295398,lr/backbone.decay,0.0
659,1789132206.295398,lr/backbone.no_decay,0.0
659,1789132206.295398,lr/detect_head.decay,0.0
659,1789132206.295398,lr/detect_head.no_decay,0.0
659,1789132206.295398,lr/neck.decay,0.0
659,1789132206.295398,lr/neck.no_decay,0.0
659,1789132206.295398,lr/pose_head.decay,9.559643930562786e-06
659,1789132206.295398,lr/pose_head.no_decay,9.559643930562786e-06
659,1789132206.295398,pose/component_0,0.7162280082702637
659,1789132206.295398,pose/component_1,0.026275115087628365
659,1789132206.295398,pose/component_2,0.06746683269739151
659,1789132206.295398,pose/component_3,0.43893638253211975
659,1789132206.295398,pose/component_4,0.0021463229786604643
659,1789132206.295398,pose/component_5,0.0
660,1789132206.490468,amp/overflow_retries,0.0
660,1789132206.490468,amp/scale,32.0
660,1789132206.490468,gradient/clipped_norm,343.9771728515625
660,1789132206.490468,images/detect,0.0
660,1789132206.490468,images/pose,16.0
660,1789132206.490468,loss/backward,60.95808410644531
660,1789132206.490468,loss/detect_mean,0.0
660,1789132206.490468,loss/joint_mean,0.952470064163208
660,1789132206.490468,loss/pose_mean,0.952470064163208
660,1789132206.490468,lr/attention.decay,0.0
660,1789132206.490468,lr/attention.no_decay,0.0
660,1789132206.490468,lr/backbone.decay,0.0
660,1789132206.490468,lr/backbone.no_decay,0.0
660,1789132206.490468,lr/detect_head.decay,0.0
660,1789132206.490468,lr/detect_head.no_decay,0.0
660,1789132206.490468,lr/neck.decay,0.0
660,1789132206.490468,lr/neck.no_decay,0.0
660,1789132206.490468,lr/pose_head.decay,9.55665370532461e-06
660,1789132206.490468,lr/pose_head.no_decay,9.55665370532461e-06
660,1789132206.490468,pose/component_0,0.5672639608383179
660,1789132206.490468,pose/component_1,0.014484417624771595
660,1789132206.490468,pose/component_2,0.001751040224917233
660,1789132206.490468,pose/component_3,0.2619609534740448
660,1789132206.490468,pose/component_4,0.0025435839779675007
660,1789132206.490468,pose/component_5,0.0
661,1789132206.686091,amp/overflow_retries,0.0
661,1789132206.686091,amp/scale,32.0
661,1789132206.686091,gradient/clipped_norm,2139.517333984375
661,1789132206.686091,images/detect,0.0
661,1789132206.686091,images/pose,16.0
661,1789132206.686091,loss/backward,81.34663391113281
661,1789132206.686091,loss/detect_mean,0.0
661,1789132206.686091,loss/joint_mean,1.2710411548614502
661,1789132206.686091,loss/pose_mean,1.2710411548614502
661,1789132206.686091,lr/attention.decay,0.0
661,1789132206.686091,lr/attention.no_decay,0.0
661,1789132206.686091,lr/backbone.decay,0.0
661,1789132206.686091,lr/backbone.no_decay,0.0
661,1789132206.686091,lr/detect_head.decay,0.0
661,1789132206.686091,lr/detect_head.no_decay,0.0
661,1789132206.686091,lr/neck.decay,0.0
661,1789132206.686091,lr/neck.no_decay,0.0
661,1789132206.686091,lr/pose_head.decay,9.553654349357078e-06
661,1789132206.686091,lr/pose_head.no_decay,9.553654349357078e-06
661,1789132206.686091,pose/component_0,0.8821403980255127
661,1789132206.686091,pose/component_1,0.019915347918868065
661,1789132206.686091,pose/component_2,0.010048411786556244
661,1789132206.686091,pose/component_3,0.3693470358848572
661,1789132206.686091,pose/component_4,0.003494889009743929
661,1789132206.686091,pose/component_5,0.0
662,1789132206.8809621,amp/overflow_retries,0.0
662,1789132206.8809621,amp/scale,32.0
662,1789132206.8809621,gradient/clipped_norm,321.84381103515625
662,1789132206.8809621,images/detect,0.0
662,1789132206.8809621,images/pose,16.0
662,1789132206.8809621,loss/backward,84.63365936279297
662,1789132206.8809621,loss/detect_mean,0.0
662,1789132206.8809621,loss/joint_mean,1.3224009275436401
662,1789132206.8809621,loss/pose_mean,1.3224009275436401
662,1789132206.8809621,lr/attention.decay,0.0
662,1789132206.8809621,lr/attention.no_decay,0.0
662,1789132206.8809621,lr/backbone.decay,0.0
662,1789132206.8809621,lr/backbone.no_decay,0.0
662,1789132206.8809621,lr/detect_head.decay,0.0
662,1789132206.8809621,lr/detect_head.no_decay,0.0
662,1789132206.8809621,lr/neck.decay,0.0
662,1789132206.8809621,lr/neck.no_decay,0.0
662,1789132206.8809621,lr/pose_head.decay,9.55064587597614e-06
662,1789132206.8809621,lr/pose_head.no_decay,9.55064587597614e-06
662,1789132206.8809621,pose/component_0,0.9338977932929993
662,1789132206.8809621,pose/component_1,0.015197038650512695
662,1789132206.8809621,pose/component_2,0.011963311582803726
662,1789132206.8809621,pose/component_3,0.3310491740703583
662,1789132206.8809621,pose/component_4,0.0026340153999626637
662,1789132206.8809621,pose/component_5,0.0
663,1789132207.0759542,amp/overflow_retries,0.0
663,1789132207.0759542,amp/scale,32.0
663,1789132207.0759542,gradient/clipped_norm,294.3714294433594
663,1789132207.0759542,images/detect,0.0
663,1789132207.0759542,images/pose,16.0
663,1789132207.0759542,loss/backward,72.36766052246094
663,1789132207.0759542,loss/detect_mean,0.0
663,1789132207.0759542,loss/joint_mean,1.1307446956634521
663,1789132207.0759542,loss/pose_mean,1.1307446956634521
663,1789132207.0759542,lr/attention.decay,0.0
663,1789132207.0759542,lr/attention.no_decay,0.0
663,1789132207.0759542,lr/backbone.decay,0.0
663,1789132207.0759542,lr/backbone.no_decay,0.0
663,1789132207.0759542,lr/detect_head.decay,0.0
663,1789132207.0759542,lr/detect_head.no_decay,0.0
663,1789132207.0759542,lr/neck.decay,0.0
663,1789132207.0759542,lr/neck.no_decay,0.0
663,1789132207.0759542,lr/pose_head.decay,9.547628298538232e-06
663,1789132207.0759542,lr/pose_head.no_decay,9.547628298538232e-06
663,1789132207.0759542,pose/component_0,0.7995959520339966
663,1789132207.0759542,pose/component_1,0.00964359287172556
663,1789132207.0759542,pose/component_2,0.017539750784635544
663,1789132207.0759542,pose/component_3,0.37320709228515625
663,1789132207.0759542,pose/component_4,0.0028423031326383352
663,1789132207.0759542,pose/component_5,0.0
664,1789132207.2712083,amp/overflow_retries,0.0
664,1789132207.2712083,amp/scale,32.0
664,1789132207.2712083,gradient/clipped_norm,316.41253662109375
664,1789132207.2712083,images/detect,0.0
664,1789132207.2712083,images/pose,16.0
664,1789132207.2712083,loss/backward,74.70751190185547
664,1789132207.2712083,loss/detect_mean,0.0
664,1789132207.2712083,loss/joint_mean,1.1673048734664917
664,1789132207.2712083,loss/pose_mean,1.1673048734664917
664,1789132207.2712083,lr/attention.decay,0.0
664,1789132207.2712083,lr/attention.no_decay,0.0
664,1789132207.2712083,lr/backbone.decay,0.0
664,1789132207.2712083,lr/backbone.no_decay,0.0
664,1789132207.2712083,lr/detect_head.decay,0.0
664,1789132207.2712083,lr/detect_head.no_decay,0.0
664,1789132207.2712083,lr/neck.decay,0.0
664,1789132207.2712083,lr/neck.no_decay,0.0
664,1789132207.2712083,lr/pose_head.decay,9.544601630440205e-06
664,1789132207.2712083,lr/pose_head.no_decay,9.544601630440205e-06
664,1789132207.2712083,pose/component_0,0.9185099005699158
664,1789132207.2712083,pose/component_1,0.01398475095629692
664,1789132207.2712083,pose/component_2,0.0032656255643814802
664,1789132207.2712083,pose/component_3,0.31984931230545044
664,1789132207.2712083,pose/component_4,0.0024528573267161846
664,1789132207.2712083,pose/component_5,0.0
665,1789132207.4659555,amp/overflow_retries,0.0
665,1789132207.4659555,amp/scale,32.0
665,1789132207.4659555,gradient/clipped_norm,521.6827392578125
665,1789132207.4659555,images/detect,0.0
665,1789132207.4659555,images/pose,16.0
665,1789132207.4659555,loss/backward,80.43856811523438
665,1789132207.4659555,loss/detect_mean,0.0
665,1789132207.4659555,loss/joint_mean,1.256852626800537
665,1789132207.4659555,loss/pose_mean,1.256852626800537
665,1789132207.4659555,lr/attention.decay,0.0
665,1789132207.4659555,lr/attention.no_decay,0.0
665,1789132207.4659555,lr/backbone.decay,0.0
665,1789132207.4659555,lr/backbone.no_decay,0.0
665,1789132207.4659555,lr/detect_head.decay,0.0
665,1789132207.4659555,lr/detect_head.no_decay,0.0
665,1789132207.4659555,lr/neck.decay,0.0
665,1789132207.4659555,lr/neck.no_decay,0.0
665,1789132207.4659555,lr/pose_head.decay,9.541565885119267e-06
665,1789132207.4659555,lr/pose_head.no_decay,9.541565885119267e-06
665,1789132207.4659555,pose/component_0,0.78714919090271
665,1789132207.4659555,pose/component_1,0.020813822746276855
665,1789132207.4659555,pose/component_2,0.004469804931432009
665,1789132207.4659555,pose/component_3,0.4830513596534729
665,1789132207.4659555,pose/component_4,0.001745261368341744
665,1789132207.4659555,pose/component_5,0.0
666,1789132207.6605866,amp/overflow_retries,0.0
666,1789132207.6605866,amp/scale,32.0
666,1789132207.6605866,gradient/clipped_norm,277.96630859375
666,1789132207.6605866,images/detect,0.0
666,1789132207.6605866,images/pose,16.0
666,1789132207.6605866,loss/backward,63.312889099121094
666,1789132207.6605866,loss/detect_mean,0.0
666,1789132207.6605866,loss/joint_mean,0.9892638921737671
666,1789132207.6605866,loss/pose_mean,0.9892638921737671
666,1789132207.6605866,lr/attention.decay,0.0
666,1789132207.6605866,lr/attention.no_decay,0.0
666,1789132207.6605866,lr/backbone.decay,0.0
666,1789132207.6605866,lr/backbone.no_decay,0.0
666,1789132207.6605866,lr/detect_head.decay,0.0
666,1789132207.6605866,lr/detect_head.no_decay,0.0
666,1789132207.6605866,lr/neck.decay,0.0
666,1789132207.6605866,lr/neck.no_decay,0.0
666,1789132207.6605866,lr/pose_head.decay,9.538521076052928e-06
666,1789132207.6605866,lr/pose_head.no_decay,9.538521076052928e-06
666,1789132207.6605866,pose/component_0,0.687106728553772
666,1789132207.6605866,pose/component_1,0.012581348419189453
666,1789132207.6605866,pose/component_2,0.0015023695304989815
666,1789132207.6605866,pose/component_3,0.22986559569835663
666,1789132207.6605866,pose/component_4,0.0027006762102246284
666,1789132207.6605866,pose/component_5,0.0
667,1789132207.8553543,amp/overflow_retries,0.0
667,1789132207.8553543,amp/scale,32.0
667,1789132207.8553543,gradient/clipped_norm,303.0639343261719
667,1789132207.8553543,images/detect,0.0
667,1789132207.8553543,images/pose,16.0
667,1789132207.8553543,loss/backward,66.31954956054688
667,1789132207.8553543,loss/detect_mean,0.0
667,1789132207.8553543,loss/joint_mean,1.036242961883545
667,1789132207.8553543,loss/pose_mean,1.036242961883545
667,1789132207.8553543,lr/attention.decay,0.0
667,1789132207.8553543,lr/attention.no_decay,0.0
667,1789132207.8553543,lr/backbone.decay,0.0
667,1789132207.8553543,lr/backbone.no_decay,0.0
667,1789132207.8553543,lr/detect_head.decay,0.0
667,1789132207.8553543,lr/detect_head.no_decay,0.0
667,1789132207.8553543,lr/neck.decay,0.0
667,1789132207.8553543,lr/neck.no_decay,0.0
667,1789132207.8553543,lr/pose_head.decay,9.535467216758937e-06
667,1789132207.8553543,lr/pose_head.no_decay,9.535467216758937e-06
667,1789132207.8553543,pose/component_0,0.7459651231765747
667,1789132207.8553543,pose/component_1,0.053169429302215576
667,1789132207.8553543,pose/component_2,0.017206430435180664
667,1789132207.8553543,pose/component_3,0.2931605577468872
667,1789132207.8553543,pose/component_4,0.002475043758749962
667,1789132207.8553543,pose/component_5,0.0
668,1789132208.0503206,amp/overflow_retries,0.0
668,1789132208.0503206,amp/scale,32.0
668,1789132208.0503206,gradient/clipped_norm,359.6896057128906
668,1789132208.0503206,images/detect,0.0
668,1789132208.0503206,images/pose,16.0
668,1789132208.0503206,loss/backward,73.07916259765625
668,1789132208.0503206,loss/detect_mean,0.0
668,1789132208.0503206,loss/joint_mean,1.141861915588379
668,1789132208.0503206,loss/pose_mean,1.141861915588379
668,1789132208.0503206,lr/attention.decay,0.0
668,1789132208.0503206,lr/attention.no_decay,0.0
668,1789132208.0503206,lr/backbone.decay,0.0
668,1789132208.0503206,lr/backbone.no_decay,0.0
668,1789132208.0503206,lr/detect_head.decay,0.0
668,1789132208.0503206,lr/detect_head.no_decay,0.0
668,1789132208.0503206,lr/neck.decay,0.0
668,1789132208.0503206,lr/neck.no_decay,0.0
668,1789132208.0503206,lr/pose_head.decay,9.532404320795219e-06
668,1789132208.0503206,lr/pose_head.no_decay,9.532404320795219e-06
668,1789132208.0503206,pose/component_0,0.8646898865699768
668,1789132208.0503206,pose/component_1,0.038571517914533615
668,1789132208.0503206,pose/component_2,0.0012180330231785774
668,1789132208.0503206,pose/component_3,0.34038031101226807
668,1789132208.0503206,pose/component_4,0.0019703384023159742
668,1789132208.0503206,pose/component_5,0.0
669,1789132208.2460938,amp/overflow_retries,0.0
669,1789132208.2460938,amp/scale,32.0
669,1789132208.2460938,gradient/clipped_norm,305.3424072265625
669,1789132208.2460938,images/detect,0.0
669,1789132208.2460938,images/pose,16.0
669,1789132208.2460938,loss/backward,77.33711242675781
669,1789132208.2460938,loss/detect_mean,0.0
669,1789132208.2460938,loss/joint_mean,1.2083923816680908
669,1789132208.2460938,loss/pose_mean,1.2083923816680908
669,1789132208.2460938,lr/attention.decay,0.0
669,1789132208.2460938,lr/attention.no_decay,0.0
669,1789132208.2460938,lr/backbone.decay,0.0
669,1789132208.2460938,lr/backbone.no_decay,0.0
669,1789132208.2460938,lr/detect_head.decay,0.0
669,1789132208.2460938,lr/detect_head.no_decay,0.0
669,1789132208.2460938,lr/neck.decay,0.0
669,1789132208.2460938,lr/neck.no_decay,0.0
669,1789132208.2460938,lr/pose_head.decay,9.529332401759825e-06
669,1789132208.2460938,lr/pose_head.no_decay,9.529332401759825e-06
669,1789132208.2460938,pose/component_0,0.7784184813499451
669,1789132208.2460938,pose/component_1,0.05726045370101929
669,1789132208.2460938,pose/component_2,0.005760210566222668
669,1789132208.2460938,pose/component_3,0.2888629734516144
669,1789132208.2460938,pose/component_4,0.002574350219219923
669,1789132208.2460938,pose/component_5,0.0
670,1789132208.4436364,amp/overflow_retries,0.0
670,1789132208.4436364,amp/scale,32.0
670,1789132208.4436364,gradient/clipped_norm,337.19964599609375
670,1789132208.4436364,images/detect,0.0
670,1789132208.4436364,images/pose,16.0
670,1789132208.4436364,loss/backward,72.80362701416016
670,1789132208.4436364,loss/detect_mean,0.0
670,1789132208.4436364,loss/joint_mean,1.1375566720962524
670,1789132208.4436364,loss/pose_mean,1.1375566720962524
670,1789132208.4436364,lr/attention.decay,0.0
670,1789132208.4436364,lr/attention.no_decay,0.0
670,1789132208.4436364,lr/backbone.decay,0.0
670,1789132208.4436364,lr/backbone.no_decay,0.0
670,1789132208.4436364,lr/detect_head.decay,0.0
670,1789132208.4436364,lr/detect_head.no_decay,0.0
670,1789132208.4436364,lr/neck.decay,0.0
670,1789132208.4436364,lr/neck.no_decay,0.0
670,1789132208.4436364,lr/pose_head.decay,9.52625147329086e-06
670,1789132208.4436364,lr/pose_head.no_decay,9.52625147329086e-06
670,1789132208.4436364,pose/component_0,0.7649689316749573
670,1789132208.4436364,pose/component_1,0.011739850044250488
670,1789132208.4436364,pose/component_2,0.007547284476459026
670,1789132208.4436364,pose/component_3,0.3045962452888489
670,1789132208.4436364,pose/component_4,0.002955365926027298
670,1789132208.4436364,pose/component_5,0.0
671,1789132208.6412737,amp/overflow_retries,0.0
671,1789132208.6412737,amp/scale,32.0
671,1789132208.6412737,gradient/clipped_norm,287.2693176269531
671,1789132208.6412737,images/detect,0.0
671,1789132208.6412737,images/pose,16.0
671,1789132208.6412737,loss/backward,69.52251434326172
671,1789132208.6412737,loss/detect_mean,0.0
671,1789132208.6412737,loss/joint_mean,1.0862892866134644
671,1789132208.6412737,loss/pose_mean,1.0862892866134644
671,1789132208.6412737,lr/attention.decay,0.0
671,1789132208.6412737,lr/attention.no_decay,0.0
671,1789132208.6412737,lr/backbone.decay,0.0
671,1789132208.6412737,lr/backbone.no_decay,0.0
671,1789132208.6412737,lr/detect_head.decay,0.0
671,1789132208.6412737,lr/detect_head.no_decay,0.0
671,1789132208.6412737,lr/neck.decay,0.0
671,1789132208.6412737,lr/neck.no_decay,0.0
671,1789132208.6412737,lr/pose_head.decay,9.523161549066427e-06
671,1789132208.6412737,lr/pose_head.no_decay,9.523161549066427e-06
671,1789132208.6412737,pose/component_0,0.5804219245910645
671,1789132208.6412737,pose/component_1,0.013316597789525986
671,1789132208.6412737,pose/component_2,0.19224819540977478
671,1789132208.6412737,pose/component_3,0.2918010950088501
671,1789132208.6412737,pose/component_4,0.0024436195380985737
671,1789132208.6412737,pose/component_5,0.0
672,1789132208.836423,amp/overflow_retries,0.0
672,1789132208.836423,amp/scale,32.0
672,1789132208.836423,gradient/clipped_norm,574.5401000976562
672,1789132208.836423,images/detect,0.0
672,1789132208.836423,images/pose,16.0
672,1789132208.836423,loss/backward,100.24040222167969
672,1789132208.836423,loss/detect_mean,0.0
672,1789132208.836423,loss/joint_mean,1.5662562847137451
672,1789132208.836423,loss/pose_mean,1.5662562847137451
672,1789132208.836423,lr/attention.decay,0.0
672,1789132208.836423,lr/attention.no_decay,0.0
672,1789132208.836423,lr/backbone.decay,0.0
672,1789132208.836423,lr/backbone.no_decay,0.0
672,1789132208.836423,lr/detect_head.decay,0.0
672,1789132208.836423,lr/detect_head.no_decay,0.0
672,1789132208.836423,lr/neck.decay,0.0
672,1789132208.836423,lr/neck.no_decay,0.0
672,1789132208.836423,lr/pose_head.decay,9.520062642804569e-06
672,1789132208.836423,lr/pose_head.no_decay,9.520062642804569e-06
672,1789132208.836423,pose/component_0,0.9910773634910583
672,1789132208.836423,pose/component_1,0.048925869166851044
672,1789132208.836423,pose/component_2,0.01474513579159975
672,1789132208.836423,pose/component_3,0.5833109617233276
672,1789132208.836423,pose/component_4,0.0021708952262997627
672,1789132208.836423,pose/component_5,0.0
673,1789132209.0311754,amp/overflow_retries,0.0
673,1789132209.0311754,amp/scale,32.0
673,1789132209.0311754,gradient/clipped_norm,374.4161071777344
673,1789132209.0311754,images/detect,0.0
673,1789132209.0311754,images/pose,16.0
673,1789132209.0311754,loss/backward,67.17120361328125
673,1789132209.0311754,loss/detect_mean,0.0
673,1789132209.0311754,loss/joint_mean,1.0495500564575195
673,1789132209.0311754,loss/pose_mean,1.0495500564575195
673,1789132209.0311754,lr/attention.decay,0.0
673,1789132209.0311754,lr/attention.no_decay,0.0
673,1789132209.0311754,lr/backbone.decay,0.0
673,1789132209.0311754,lr/backbone.no_decay,0.0
673,1789132209.0311754,lr/detect_head.decay,0.0
673,1789132209.0311754,lr/detect_head.no_decay,0.0
673,1789132209.0311754,lr/neck.decay,0.0
673,1789132209.0311754,lr/neck.no_decay,0.0
673,1789132209.0311754,lr/pose_head.decay,9.516954768263203e-06
673,1789132209.0311754,lr/pose_head.no_decay,9.516954768263203e-06
673,1789132209.0311754,pose/component_0,0.76811283826828
673,1789132209.0311754,pose/component_1,0.020561762154102325
673,1789132209.0311754,pose/component_2,0.001688200980424881
673,1789132209.0311754,pose/component_3,0.37855032086372375
673,1789132209.0311754,pose/component_4,0.0020617865957319736
673,1789132209.0311754,pose/component_5,0.0
674,1789132209.2260578,amp/overflow_retries,0.0
674,1789132209.2260578,amp/scale,32.0
674,1789132209.2260578,gradient/clipped_norm,344.772705078125
674,1789132209.2260578,images/detect,0.0
674,1789132209.2260578,images/pose,16.0
674,1789132209.2260578,loss/backward,67.7619400024414
674,1789132209.2260578,loss/detect_mean,0.0
674,1789132209.2260578,loss/joint_mean,1.058780312538147
674,1789132209.2260578,loss/pose_mean,1.058780312538147
674,1789132209.2260578,lr/attention.decay,0.0
674,1789132209.2260578,lr/attention.no_decay,0.0
674,1789132209.2260578,lr/backbone.decay,0.0
674,1789132209.2260578,lr/backbone.no_decay,0.0
674,1789132209.2260578,lr/detect_head.decay,0.0
674,1789132209.2260578,lr/detect_head.no_decay,0.0
674,1789132209.2260578,lr/neck.decay,0.0
674,1789132209.2260578,lr/neck.no_decay,0.0
674,1789132209.2260578,lr/pose_head.decay,9.513837939240066e-06
674,1789132209.2260578,lr/pose_head.no_decay,9.513837939240066e-06
674,1789132209.2260578,pose/component_0,0.768693208694458
674,1789132209.2260578,pose/component_1,0.023996438831090927
674,1789132209.2260578,pose/component_2,0.0006940204766578972
674,1789132209.2260578,pose/component_3,0.34132328629493713
674,1789132209.2260578,pose/component_4,0.002578053157776594
674,1789132209.2260578,pose/component_5,0.0
675,1789132209.421458,amp/overflow_retries,0.0
675,1789132209.421458,amp/scale,32.0
675,1789132209.421458,gradient/clipped_norm,331.5780334472656
675,1789132209.421458,images/detect,0.0
675,1789132209.421458,images/pose,16.0
675,1789132209.421458,loss/backward,82.3865966796875
675,1789132209.421458,loss/detect_mean,0.0
675,1789132209.421458,loss/joint_mean,1.2872905731201172
675,1789132209.421458,loss/pose_mean,1.2872905731201172
675,1789132209.421458,lr/attention.decay,0.0
675,1789132209.421458,lr/attention.no_decay,0.0
675,1789132209.421458,lr/backbone.decay,0.0
675,1789132209.421458,lr/backbone.no_decay,0.0
675,1789132209.421458,lr/detect_head.decay,0.0
675,1789132209.421458,lr/detect_head.no_decay,0.0
675,1789132209.421458,lr/neck.decay,0.0
675,1789132209.421458,lr/neck.no_decay,0.0
675,1789132209.421458,lr/pose_head.decay,9.510712169572645e-06
675,1789132209.421458,lr/pose_head.no_decay,9.510712169572645e-06
675,1789132209.421458,pose/component_0,0.9379814863204956
675,1789132209.421458,pose/component_1,0.020639706403017044
675,1789132209.421458,pose/component_2,0.003452091012150049
675,1789132209.421458,pose/component_3,0.3781021237373352
675,1789132209.421458,pose/component_4,0.0024064253084361553
675,1789132209.421458,pose/component_5,0.0
676,1789132209.621172,amp/overflow_retries,0.0
676,1789132209.621172,amp/scale,32.0
676,1789132209.621172,gradient/clipped_norm,349.69903564453125
676,1789132209.621172,images/detect,0.0
676,1789132209.621172,images/pose,16.0
676,1789132209.621172,loss/backward,74.1031723022461
676,1789132209.621172,loss/detect_mean,0.0
676,1789132209.621172,loss/joint_mean,1.1578620672225952
676,1789132209.621172,loss/pose_mean,1.1578620672225952
676,1789132209.621172,lr/attention.decay,0.0
676,1789132209.621172,lr/attention.no_decay,0.0
676,1789132209.621172,lr/backbone.decay,0.0
676,1789132209.621172,lr/backbone.no_decay,0.0
676,1789132209.621172,lr/detect_head.decay,0.0
676,1789132209.621172,lr/detect_head.no_decay,0.0
676,1789132209.621172,lr/neck.decay,0.0
676,1789132209.621172,lr/neck.no_decay,0.0
676,1789132209.621172,lr/pose_head.decay,9.507577473138122e-06
676,1789132209.621172,lr/pose_head.no_decay,9.507577473138122e-06
676,1789132209.621172,pose/component_0,0.8072482347488403
676,1789132209.621172,pose/component_1,0.016815468668937683
676,1789132209.621172,pose/component_2,0.0019061050843447447
676,1789132209.621172,pose/component_3,0.37622037529945374
676,1789132209.621172,pose/component_4,0.002023155800998211
676,1789132209.621172,pose/component_5,0.0
677,1789132209.817695,amp/overflow_retries,0.0
677,1789132209.817695,amp/scale,32.0
677,1789132209.817695,gradient/clipped_norm,365.07489013671875
677,1789132209.817695,images/detect,0.0
677,1789132209.817695,images/pose,16.0
677,1789132209.817695,loss/backward,94.51504516601562
677,1789132209.817695,loss/detect_mean,0.0
677,1789132209.817695,loss/joint_mean,1.4767975807189941
677,1789132209.817695,loss/pose_mean,1.4767975807189941
677,1789132209.817695,lr/attention.decay,0.0
677,1789132209.817695,lr/attention.no_decay,0.0
677,1789132209.817695,lr/backbone.decay,0.0
677,1789132209.817695,lr/backbone.no_decay,0.0
677,1789132209.817695,lr/detect_head.decay,0.0
677,1789132209.817695,lr/detect_head.no_decay,0.0
677,1789132209.817695,lr/neck.decay,0.0
677,1789132209.817695,lr/neck.no_decay,0.0
677,1789132209.817695,lr/pose_head.decay,9.504433863853311e-06
677,1789132209.817695,lr/pose_head.no_decay,9.504433863853311e-06
677,1789132209.817695,pose/component_0,0.9644677042961121
677,1789132209.817695,pose/component_1,0.028295233845710754
677,1789132209.817695,pose/component_2,0.014261051081120968
677,1789132209.817695,pose/component_3,0.4329815208911896
677,1789132209.817695,pose/component_4,0.003424897324293852
677,1789132209.817695,pose/component_5,0.0
678,1789132210.0125065,amp/overflow_retries,0.0
678,1789132210.0125065,amp/scale,32.0
678,1789132210.0125065,gradient/clipped_norm,306.28204345703125
678,1789132210.0125065,images/detect,0.0
678,1789132210.0125065,images/pose,16.0
678,1789132210.0125065,loss/backward,62.21445083618164
678,1789132210.0125065,loss/detect_mean,0.0
678,1789132210.0125065,loss/joint_mean,0.9721007943153381
678,1789132210.0125065,loss/pose_mean,0.9721007943153381
678,1789132210.0125065,lr/attention.decay,0.0
678,1789132210.0125065,lr/attention.no_decay,0.0
678,1789132210.0125065,lr/backbone.decay,0.0
678,1789132210.0125065,lr/backbone.no_decay,0.0
678,1789132210.0125065,lr/detect_head.decay,0.0
678,1789132210.0125065,lr/detect_head.no_decay,0.0
678,1789132210.0125065,lr/neck.decay,0.0
678,1789132210.0125065,lr/neck.no_decay,0.0
678,1789132210.0125065,lr/pose_head.decay,9.50128135567459e-06
678,1789132210.0125065,lr/pose_head.no_decay,9.50128135567459e-06
678,1789132210.0125065,pose/component_0,0.6589638590812683
678,1789132210.0125065,pose/component_1,0.010591578669846058
678,1789132210.0125065,pose/component_2,0.003443897934630513
678,1789132210.0125065,pose/component_3,0.22385823726654053
678,1789132210.0125065,pose/component_4,0.0019235165091231465
678,1789132210.0125065,pose/component_5,0.0
679,1789132210.2078485,amp/overflow_retries,0.0
679,1789132210.2078485,amp/scale,32.0
679,1789132210.2078485,gradient/clipped_norm,277.5710144042969
679,1789132210.2078485,images/detect,0.0
679,1789132210.2078485,images/pose,16.0
679,1789132210.2078485,loss/backward,71.03120422363281
679,1789132210.2078485,loss/detect_mean,0.0
679,1789132210.2078485,loss/joint_mean,1.1098625659942627
679,1789132210.2078485,loss/pose_mean,1.1098625659942627
679,1789132210.2078485,lr/attention.decay,0.0
679,1789132210.2078485,lr/attention.no_decay,0.0
679,1789132210.2078485,lr/backbone.decay,0.0
679,1789132210.2078485,lr/backbone.no_decay,0.0
679,1789132210.2078485,lr/detect_head.decay,0.0
679,1789132210.2078485,lr/detect_head.no_decay,0.0
679,1789132210.2078485,lr/neck.decay,0.0
679,1789132210.2078485,lr/neck.no_decay,0.0
679,1789132210.2078485,lr/pose_head.decay,9.498119962597855e-06
679,1789132210.2078485,lr/pose_head.no_decay,9.498119962597855e-06
679,1789132210.2078485,pose/component_0,0.6899385452270508
679,1789132210.2078485,pose/component_1,0.018569862470030785
679,1789132210.2078485,pose/component_2,0.00306490994989872
679,1789132210.2078485,pose/component_3,0.37286654114723206
679,1789132210.2078485,pose/component_4,0.0023931427858769894
679,1789132210.2078485,pose/component_5,0.0
680,1789132210.4032702,amp/overflow_retries,0.0
680,1789132210.4032702,amp/scale,32.0
680,1789132210.4032702,gradient/clipped_norm,329.8719787597656
680,1789132210.4032702,images/detect,0.0
680,1789132210.4032702,images/pose,16.0
680,1789132210.4032702,loss/backward,73.48070526123047
680,1789132210.4032702,loss/detect_mean,0.0
680,1789132210.4032702,loss/joint_mean,1.148136019706726
680,1789132210.4032702,loss/pose_mean,1.148136019706726
680,1789132210.4032702,lr/attention.decay,0.0
680,1789132210.4032702,lr/attention.no_decay,0.0
680,1789132210.4032702,lr/backbone.decay,0.0
680,1789132210.4032702,lr/backbone.no_decay,0.0
680,1789132210.4032702,lr/detect_head.decay,0.0
680,1789132210.4032702,lr/detect_head.no_decay,0.0
680,1789132210.4032702,lr/neck.decay,0.0
680,1789132210.4032702,lr/neck.no_decay,0.0
680,1789132210.4032702,lr/pose_head.decay,9.494949698658439e-06
680,1789132210.4032702,lr/pose_head.no_decay,9.494949698658439e-06
680,1789132210.4032702,pose/component_0,0.7961008548736572
680,1789132210.4032702,pose/component_1,0.021656598895788193
680,1789132210.4032702,pose/component_2,0.002893121913075447
680,1789132210.4032702,pose/component_3,0.43539631366729736
680,1789132210.4032702,pose/component_4,0.0028164188843220472
680,1789132210.4032702,pose/component_5,0.0
681,1789132210.5979912,amp/overflow_retries,0.0
681,1789132210.5979912,amp/scale,32.0
681,1789132210.5979912,gradient/clipped_norm,465.9510192871094
681,1789132210.5979912,images/detect,0.0
681,1789132210.5979912,images/pose,16.0
681,1789132210.5979912,loss/backward,101.76393127441406
681,1789132210.5979912,loss/detect_mean,0.0
681,1789132210.5979912,loss/joint_mean,1.5900614261627197
681,1789132210.5979912,loss/pose_mean,1.5900614261627197
681,1789132210.5979912,lr/attention.decay,0.0
681,1789132210.5979912,lr/attention.no_decay,0.0
681,1789132210.5979912,lr/backbone.decay,0.0
681,1789132210.5979912,lr/backbone.no_decay,0.0
681,1789132210.5979912,lr/detect_head.decay,0.0
681,1789132210.5979912,lr/detect_head.no_decay,0.0
681,1789132210.5979912,lr/neck.decay,0.0
681,1789132210.5979912,lr/neck.no_decay,0.0
681,1789132210.5979912,lr/pose_head.decay,9.491770577931058e-06
681,1789132210.5979912,lr/pose_head.no_decay,9.491770577931058e-06
681,1789132210.5979912,pose/component_0,1.1065409183502197
681,1789132210.5979912,pose/component_1,0.022106336429715157
681,1789132210.5979912,pose/component_2,0.0024251709692180157
681,1789132210.5979912,pose/component_3,0.5540494322776794
681,1789132210.5979912,pose/component_4,0.0025792664382606745
681,1789132210.5979912,pose/component_5,0.0
682,1789132210.7939558,amp/overflow_retries,0.0
682,1789132210.7939558,amp/scale,32.0
682,1789132210.7939558,gradient/clipped_norm,320.9635314941406
682,1789132210.7939558,images/detect,0.0
682,1789132210.7939558,images/pose,16.0
682,1789132210.7939558,loss/backward,81.25431060791016
682,1789132210.7939558,loss/detect_mean,0.0
682,1789132210.7939558,loss/joint_mean,1.2695986032485962
682,1789132210.7939558,loss/pose_mean,1.2695986032485962
682,1789132210.7939558,lr/attention.decay,0.0
682,1789132210.7939558,lr/attention.no_decay,0.0
682,1789132210.7939558,lr/backbone.decay,0.0
682,1789132210.7939558,lr/backbone.no_decay,0.0
682,1789132210.7939558,lr/detect_head.decay,0.0
682,1789132210.7939558,lr/detect_head.no_decay,0.0
682,1789132210.7939558,lr/neck.decay,0.0
682,1789132210.7939558,lr/neck.no_decay,0.0
682,1789132210.7939558,lr/pose_head.decay,9.488582614529754e-06
682,1789132210.7939558,lr/pose_head.no_decay,9.488582614529754e-06
682,1789132210.7939558,pose/component_0,0.9132694602012634
682,1789132210.7939558,pose/component_1,0.03702665865421295
682,1789132210.7939558,pose/component_2,0.004953266121447086
682,1789132210.7939558,pose/component_3,0.4128199815750122
682,1789132210.7939558,pose/component_4,0.0030089328065514565
682,1789132210.7939558,pose/component_5,0.0
683,1789132210.9894986,amp/overflow_retries,0.0
683,1789132210.9894986,amp/scale,32.0
683,1789132210.9894986,gradient/clipped_norm,401.3852233886719
683,1789132210.9894986,images/detect,0.0
683,1789132210.9894986,images/pose,16.0
683,1789132210.9894986,loss/backward,78.69252014160156
683,1789132210.9894986,loss/detect_mean,0.0
683,1789132210.9894986,loss/joint_mean,1.2295706272125244
683,1789132210.9894986,loss/pose_mean,1.2295706272125244
683,1789132210.9894986,lr/attention.decay,0.0
683,1789132210.9894986,lr/attention.no_decay,0.0
683,1789132210.9894986,lr/backbone.decay,0.0
683,1789132210.9894986,lr/backbone.no_decay,0.0
683,1789132210.9894986,lr/detect_head.decay,0.0
683,1789132210.9894986,lr/detect_head.no_decay,0.0
683,1789132210.9894986,lr/neck.decay,0.0
683,1789132210.9894986,lr/neck.no_decay,0.0
683,1789132210.9894986,lr/pose_head.decay,9.485385822607822e-06
683,1789132210.9894986,lr/pose_head.no_decay,9.485385822607822e-06
683,1789132210.9894986,pose/component_0,0.8245037198066711
683,1789132210.9894986,pose/component_1,0.013418242335319519
683,1789132210.9894986,pose/component_2,0.00831635668873787
683,1789132210.9894986,pose/component_3,0.41777506470680237
683,1789132210.9894986,pose/component_4,0.0022899797186255455
683,1789132210.9894986,pose/component_5,0.0
684,1789132211.184308,amp/overflow_retries,0.0
684,1789132211.184308,amp/scale,32.0
684,1789132211.184308,gradient/clipped_norm,343.2478332519531
684,1789132211.184308,images/detect,0.0
684,1789132211.184308,images/pose,16.0
684,1789132211.184308,loss/backward,69.32920837402344
684,1789132211.184308,loss/detect_mean,0.0
684,1789132211.184308,loss/joint_mean,1.0832688808441162
684,1789132211.184308,loss/pose_mean,1.0832688808441162
684,1789132211.184308,lr/attention.decay,0.0
684,1789132211.184308,lr/attention.no_decay,0.0
684,1789132211.184308,lr/backbone.decay,0.0
684,1789132211.184308,lr/backbone.no_decay,0.0
684,1789132211.184308,lr/detect_head.decay,0.0
684,1789132211.184308,lr/detect_head.no_decay,0.0
684,1789132211.184308,lr/neck.decay,0.0
684,1789132211.184308,lr/neck.no_decay,0.0
684,1789132211.184308,lr/pose_head.decay,9.482180216357757e-06
684,1789132211.184308,lr/pose_head.no_decay,9.482180216357757e-06
684,1789132211.184308,pose/component_0,0.7964445352554321
684,1789132211.184308,pose/component_1,0.020812418311834335
684,1789132211.184308,pose/component_2,0.0028222135733813047
684,1789132211.184308,pose/component_3,0.3036273121833801
684,1789132211.184308,pose/component_4,0.0018034745007753372
684,1789132211.184308,pose/component_5,0.0
685,1789132211.379386,amp/overflow_retries,0.0
685,1789132211.379386,amp/scale,32.0
685,1789132211.379386,gradient/clipped_norm,321.0936584472656
685,1789132211.379386,images/detect,0.0
685,1789132211.379386,images/pose,16.0
685,1789132211.379386,loss/backward,86.82964324951172
685,1789132211.379386,loss/detect_mean,0.0
685,1789132211.379386,loss/joint_mean,1.3567131757736206
685,1789132211.379386,loss/pose_mean,1.3567131757736206
685,1789132211.379386,lr/attention.decay,0.0
685,1789132211.379386,lr/attention.no_decay,0.0
685,1789132211.379386,lr/backbone.decay,0.0
685,1789132211.379386,lr/backbone.no_decay,0.0
685,1789132211.379386,lr/detect_head.decay,0.0
685,1789132211.379386,lr/detect_head.no_decay,0.0
685,1789132211.379386,lr/neck.decay,0.0
685,1789132211.379386,lr/neck.no_decay,0.0
685,1789132211.379386,lr/pose_head.decay,9.478965810011183e-06
685,1789132211.379386,lr/pose_head.no_decay,9.478965810011183e-06
685,1789132211.379386,pose/component_0,0.928138256072998
685,1789132211.379386,pose/component_1,0.037390679121017456
685,1789132211.379386,pose/component_2,0.0039333803579211235
685,1789132211.379386,pose/component_3,0.42911484837532043
685,1789132211.379386,pose/component_4,0.00312483636662364
685,1789132211.379386,pose/component_5,0.0
686,1789132211.574471,amp/overflow_retries,0.0
686,1789132211.574471,amp/scale,32.0
686,1789132211.574471,gradient/clipped_norm,345.3238830566406
686,1789132211.574471,images/detect,0.0
686,1789132211.574471,images/pose,16.0
686,1789132211.574471,loss/backward,80.4205322265625
686,1789132211.574471,loss/detect_mean,0.0
686,1789132211.574471,loss/joint_mean,1.256570816040039
686,1789132211.574471,loss/pose_mean,1.256570816040039
686,1789132211.574471,lr/attention.decay,0.0
686,1789132211.574471,lr/attention.no_decay,0.0
686,1789132211.574471,lr/backbone.decay,0.0
686,1789132211.574471,lr/backbone.no_decay,0.0
686,1789132211.574471,lr/detect_head.decay,0.0
686,1789132211.574471,lr/detect_head.no_decay,0.0
686,1789132211.574471,lr/neck.decay,0.0
686,1789132211.574471,lr/neck.no_decay,0.0
686,1789132211.574471,lr/pose_head.decay,9.475742617838791e-06
686,1789132211.574471,lr/pose_head.no_decay,9.475742617838791e-06
686,1789132211.574471,pose/component_0,0.8849616050720215
686,1789132211.574471,pose/component_1,0.01932128518819809
686,1789132211.574471,pose/component_2,0.0037386510521173477
686,1789132211.574471,pose/component_3,0.4628400206565857
686,1789132211.574471,pose/component_4,0.002106238389387727
686,1789132211.574471,pose/component_5,0.0
687,1789132211.7700953,amp/overflow_retries,0.0
687,1789132211.7700953,amp/scale,32.0
687,1789132211.7700953,gradient/clipped_norm,313.08001708984375
687,1789132211.7700953,images/detect,0.0
687,1789132211.7700953,images/pose,16.0
687,1789132211.7700953,loss/backward,69.28964233398438
687,1789132211.7700953,loss/detect_mean,0.0
687,1789132211.7700953,loss/joint_mean,1.0826506614685059
687,1789132211.7700953,loss/pose_mean,1.0826506614685059
687,1789132211.7700953,lr/attention.decay,0.0
687,1789132211.7700953,lr/attention.no_decay,0.0
687,1789132211.7700953,lr/backbone.decay,0.0
687,1789132211.7700953,lr/backbone.no_decay,0.0
687,1789132211.7700953,lr/detect_head.decay,0.0
687,1789132211.7700953,lr/detect_head.no_decay,0.0
687,1789132211.7700953,lr/neck.decay,0.0
687,1789132211.7700953,lr/neck.no_decay,0.0
687,1789132211.7700953,lr/pose_head.decay,9.472510654150283e-06
687,1789132211.7700953,lr/pose_head.no_decay,9.472510654150283e-06
687,1789132211.7700953,pose/component_0,0.6983107328414917
687,1789132211.7700953,pose/component_1,0.009872961789369583
687,1789132211.7700953,pose/component_2,0.0008801359799690545
687,1789132211.7700953,pose/component_3,0.40180259943008423
687,1789132211.7700953,pose/component_4,0.0024370336905121803
687,1789132211.7700953,pose/component_5,0.0
688,1789132211.9657636,amp/overflow_retries,0.0
688,1789132211.9657636,amp/scale,32.0
688,1789132211.9657636,gradient/clipped_norm,424.1268310546875
688,1789132211.9657636,images/detect,0.0
688,1789132211.9657636,images/pose,16.0
688,1789132211.9657636,loss/backward,104.47392272949219
688,1789132211.9657636,loss/detect_mean,0.0
688,1789132211.9657636,loss/joint_mean,1.6324050426483154
688,1789132211.9657636,loss/pose_mean,1.6324050426483154
688,1789132211.9657636,lr/attention.decay,0.0
688,1789132211.9657636,lr/attention.no_decay,0.0
688,1789132211.9657636,lr/backbone.decay,0.0
688,1789132211.9657636,lr/backbone.no_decay,0.0
688,1789132211.9657636,lr/detect_head.decay,0.0
688,1789132211.9657636,lr/detect_head.no_decay,0.0
688,1789132211.9657636,lr/neck.decay,0.0
688,1789132211.9657636,lr/neck.no_decay,0.0
688,1789132211.9657636,lr/pose_head.decay,9.469269933294296e-06
688,1789132211.9657636,lr/pose_head.no_decay,9.469269933294296e-06
688,1789132211.9657636,pose/component_0,1.1325242519378662
688,1789132211.9657636,pose/component_1,0.1288336217403412
688,1789132211.9657636,pose/component_2,0.06615867465734482
688,1789132211.9657636,pose/component_3,0.7481725215911865
688,1789132211.9657636,pose/component_4,0.0031867106445133686
688,1789132211.9657636,pose/component_5,0.0
689,1789132212.1608856,amp/overflow_retries,0.0
689,1789132212.1608856,amp/scale,32.0
689,1789132212.1608856,gradient/clipped_norm,332.85687255859375
689,1789132212.1608856,images/detect,0.0
689,1789132212.1608856,images/pose,16.0
689,1789132212.1608856,loss/backward,70.44776916503906
689,1789132212.1608856,loss/detect_mean,0.0
689,1789132212.1608856,loss/joint_mean,1.1007463932037354
689,1789132212.1608856,loss/pose_mean,1.1007463932037354
689,1789132212.1608856,lr/attention.decay,0.0
689,1789132212.1608856,lr/attention.no_decay,0.0
689,1789132212.1608856,lr/backbone.decay,0.0
689,1789132212.1608856,lr/backbone.no_decay,0.0
689,1789132212.1608856,lr/detect_head.decay,0.0
689,1789132212.1608856,lr/detect_head.no_decay,0.0
689,1789132212.1608856,lr/neck.decay,0.0
689,1789132212.1608856,lr/neck.no_decay,0.0
689,1789132212.1608856,lr/pose_head.decay,9.466020469658353e-06
689,1789132212.1608856,lr/pose_head.no_decay,9.466020469658353e-06
689,1789132212.1608856,pose/component_0,0.707069456577301
689,1789132212.1608856,pose/component_1,0.008859783411026001
689,1789132212.1608856,pose/component_2,0.012956354767084122
689,1789132212.1608856,pose/component_3,0.39629310369491577
689,1789132212.1608856,pose/component_4,0.0018669110722839832
689,1789132212.1608856,pose/component_5,0.0
690,1789132212.3563268,amp/overflow_retries,0.0
690,1789132212.3563268,amp/scale,32.0
690,1789132212.3563268,gradient/clipped_norm,372.9397277832031
690,1789132212.3563268,images/detect,0.0
690,1789132212.3563268,images/pose,16.0
690,1789132212.3563268,loss/backward,86.94380187988281
690,1789132212.3563268,loss/detect_mean,0.0
690,1789132212.3563268,loss/joint_mean,1.358496904373169
690,1789132212.3563268,loss/pose_mean,1.358496904373169
690,1789132212.3563268,lr/attention.decay,0.0
690,1789132212.3563268,lr/attention.no_decay,0.0
690,1789132212.3563268,lr/backbone.decay,0.0
690,1789132212.3563268,lr/backbone.no_decay,0.0
690,1789132212.3563268,lr/detect_head.decay,0.0
690,1789132212.3563268,lr/detect_head.no_decay,0.0
690,1789132212.3563268,lr/neck.decay,0.0
690,1789132212.3563268,lr/neck.no_decay,0.0
690,1789132212.3563268,lr/pose_head.decay,9.462762277668787e-06
690,1789132212.3563268,lr/pose_head.no_decay,9.462762277668787e-06
690,1789132212.3563268,pose/component_0,0.923003613948822
690,1789132212.3563268,pose/component_1,0.18921148777008057
690,1789132212.3563268,pose/component_2,0.012790285050868988
690,1789132212.3563268,pose/component_3,0.38374757766723633
690,1789132212.3563268,pose/component_4,0.0032639193814247847
690,1789132212.3563268,pose/component_5,0.0
691,1789132212.5520587,amp/overflow_retries,0.0
691,1789132212.5520587,amp/scale,32.0
691,1789132212.5520587,gradient/clipped_norm,372.1268615722656
691,1789132212.5520587,images/detect,0.0
691,1789132212.5520587,images/pose,16.0
691,1789132212.5520587,loss/backward,53.196022033691406
691,1789132212.5520587,loss/detect_mean,0.0
691,1789132212.5520587,loss/joint_mean,0.8311878442764282
691,1789132212.5520587,loss/pose_mean,0.8311878442764282
691,1789132212.5520587,lr/attention.decay,0.0
691,1789132212.5520587,lr/attention.no_decay,0.0
691,1789132212.5520587,lr/backbone.decay,0.0
691,1789132212.5520587,lr/backbone.no_decay,0.0
691,1789132212.5520587,lr/detect_head.decay,0.0
691,1789132212.5520587,lr/detect_head.no_decay,0.0
691,1789132212.5520587,lr/neck.decay,0.0
691,1789132212.5520587,lr/neck.no_decay,0.0
691,1789132212.5520587,lr/pose_head.decay,9.459495371790683e-06
691,1789132212.5520587,lr/pose_head.no_decay,9.459495371790683e-06
691,1789132212.5520587,pose/component_0,0.5277197360992432
691,1789132212.5520587,pose/component_1,0.009004374966025352
691,1789132212.5520587,pose/component_2,0.008548492565751076
691,1789132212.5520587,pose/component_3,0.28116387128829956
691,1789132212.5520587,pose/component_4,0.0017777667380869389
691,1789132212.5520587,pose/component_5,0.0
692,1789132212.7477152,amp/overflow_retries,0.0
692,1789132212.7477152,amp/scale,32.0
692,1789132212.7477152,gradient/clipped_norm,386.4512023925781
692,1789132212.7477152,images/detect,0.0
692,1789132212.7477152,images/pose,16.0
692,1789132212.7477152,loss/backward,82.91094207763672
692,1789132212.7477152,loss/detect_mean,0.0
692,1789132212.7477152,loss/joint_mean,1.2954834699630737
692,1789132212.7477152,loss/pose_mean,1.2954834699630737
692,1789132212.7477152,lr/attention.decay,0.0
692,1789132212.7477152,lr/attention.no_decay,0.0
692,1789132212.7477152,lr/backbone.decay,0.0
692,1789132212.7477152,lr/backbone.no_decay,0.0
692,1789132212.7477152,lr/detect_head.decay,0.0
692,1789132212.7477152,lr/detect_head.no_decay,0.0
692,1789132212.7477152,lr/neck.decay,0.0
692,1789132212.7477152,lr/neck.no_decay,0.0
692,1789132212.7477152,lr/pose_head.decay,9.45621976652781e-06
692,1789132212.7477152,lr/pose_head.no_decay,9.45621976652781e-06
692,1789132212.7477152,pose/component_0,0.8644590377807617
692,1789132212.7477152,pose/component_1,0.022513166069984436
692,1789132212.7477152,pose/component_2,0.005371119827032089
692,1789132212.7477152,pose/component_3,0.39500609040260315
692,1789132212.7477152,pose/component_4,0.003302312456071377
692,1789132212.7477152,pose/component_5,0.0
693,1789132212.9428282,amp/overflow_retries,0.0
693,1789132212.9428282,amp/scale,32.0
693,1789132212.9428282,gradient/clipped_norm,301.2229309082031
693,1789132212.9428282,images/detect,0.0
693,1789132212.9428282,images/pose,16.0
693,1789132212.9428282,loss/backward,68.37391662597656
693,1789132212.9428282,loss/detect_mean,0.0
693,1789132212.9428282,loss/joint_mean,1.0683424472808838
693,1789132212.9428282,loss/pose_mean,1.0683424472808838
693,1789132212.9428282,lr/attention.decay,0.0
693,1789132212.9428282,lr/attention.no_decay,0.0
693,1789132212.9428282,lr/backbone.decay,0.0
693,1789132212.9428282,lr/backbone.no_decay,0.0
693,1789132212.9428282,lr/detect_head.decay,0.0
693,1789132212.9428282,lr/detect_head.no_decay,0.0
693,1789132212.9428282,lr/neck.decay,0.0
693,1789132212.9428282,lr/neck.no_decay,0.0
693,1789132212.9428282,lr/pose_head.decay,9.45293547642256e-06
693,1789132212.9428282,lr/pose_head.no_decay,9.45293547642256e-06
693,1789132212.9428282,pose/component_0,0.7849093675613403
693,1789132212.9428282,pose/component_1,0.04651735723018646
693,1789132212.9428282,pose/component_2,0.0012833010405302048
693,1789132212.9428282,pose/component_3,0.2450733780860901
693,1789132212.9428282,pose/component_4,0.001990928780287504
693,1789132212.9428282,pose/component_5,0.0
694,1789132213.1381679,amp/overflow_retries,0.0
694,1789132213.1381679,amp/scale,32.0
694,1789132213.1381679,gradient/clipped_norm,340.2369384765625
694,1789132213.1381679,images/detect,0.0
694,1789132213.1381679,images/pose,16.0
694,1789132213.1381679,loss/backward,81.67182922363281
694,1789132213.1381679,loss/detect_mean,0.0
694,1789132213.1381679,loss/joint_mean,1.2761223316192627
694,1789132213.1381679,loss/pose_mean,1.2761223316192627
694,1789132213.1381679,lr/attention.decay,0.0
694,1789132213.1381679,lr/attention.no_decay,0.0
694,1789132213.1381679,lr/backbone.decay,0.0
694,1789132213.1381679,lr/backbone.no_decay,0.0
694,1789132213.1381679,lr/detect_head.decay,0.0
694,1789132213.1381679,lr/detect_head.no_decay,0.0
694,1789132213.1381679,lr/neck.decay,0.0
694,1789132213.1381679,lr/neck.no_decay,0.0
694,1789132213.1381679,lr/pose_head.decay,9.449642516055884e-06
694,1789132213.1381679,lr/pose_head.no_decay,9.449642516055884e-06
694,1789132213.1381679,pose/component_0,0.9412794709205627
694,1789132213.1381679,pose/component_1,0.03328732028603554
694,1789132213.1381679,pose/component_2,0.015901945531368256
694,1789132213.1381679,pose/component_3,0.36833277344703674
694,1789132213.1381679,pose/component_4,0.002787837292999029
694,1789132213.1381679,pose/component_5,0.0
695,1789132213.3329182,amp/overflow_retries,0.0
695,1789132213.3329182,amp/scale,32.0
695,1789132213.3329182,gradient/clipped_norm,381.7879333496094
695,1789132213.3329182,images/detect,0.0
695,1789132213.3329182,images/pose,16.0
695,1789132213.3329182,loss/backward,104.95997619628906
695,1789132213.3329182,loss/detect_mean,0.0
695,1789132213.3329182,loss/joint_mean,1.6399996280670166
695,1789132213.3329182,loss/pose_mean,1.6399996280670166
695,1789132213.3329182,lr/attention.decay,0.0
695,1789132213.3329182,lr/attention.no_decay,0.0
695,1789132213.3329182,lr/backbone.decay,0.0
695,1789132213.3329182,lr/backbone.no_decay,0.0
695,1789132213.3329182,lr/detect_head.decay,0.0
695,1789132213.3329182,lr/detect_head.no_decay,0.0
695,1789132213.3329182,lr/neck.decay,0.0
695,1789132213.3329182,lr/neck.no_decay,0.0
695,1789132213.3329182,lr/pose_head.decay,9.446340900047224e-06
695,1789132213.3329182,lr/pose_head.no_decay,9.446340900047224e-06
695,1789132213.3329182,pose/component_0,1.1417144536972046
695,1789132213.3329182,pose/component_1,0.09899450838565826
695,1789132213.3329182,pose/component_2,0.007804239168763161
695,1789132213.3329182,pose/component_3,0.4905702769756317
695,1789132213.3329182,pose/component_4,0.003086323384195566
695,1789132213.3329182,pose/component_5,0.0
696,1789132213.5277164,amp/overflow_retries,0.0
696,1789132213.5277164,amp/scale,32.0
696,1789132213.5277164,gradient/clipped_norm,691.6002807617188
696,1789132213.5277164,images/detect,0.0
696,1789132213.5277164,images/pose,16.0
696,1789132213.5277164,loss/backward,127.697265625
696,1789132213.5277164,loss/detect_mean,0.0
696,1789132213.5277164,loss/joint_mean,1.995269775390625
696,1789132213.5277164,loss/pose_mean,1.995269775390625
696,1789132213.5277164,lr/attention.decay,0.0
696,1789132213.5277164,lr/attention.no_decay,0.0
696,1789132213.5277164,lr/backbone.decay,0.0
696,1789132213.5277164,lr/backbone.no_decay,0.0
696,1789132213.5277164,lr/detect_head.decay,0.0
696,1789132213.5277164,lr/detect_head.no_decay,0.0
696,1789132213.5277164,lr/neck.decay,0.0
696,1789132213.5277164,lr/neck.no_decay,0.0
696,1789132213.5277164,lr/pose_head.decay,9.44303064305445e-06
696,1789132213.5277164,lr/pose_head.no_decay,9.44303064305445e-06
696,1789132213.5277164,pose/component_0,1.310734748840332
696,1789132213.5277164,pose/component_1,0.08380205929279327
696,1789132213.5277164,pose/component_2,0.013641628436744213
696,1789132213.5277164,pose/component_3,0.5083756446838379
696,1789132213.5277164,pose/component_4,0.0024102539755403996
696,1789132213.5277164,pose/component_5,0.0
697,1789132213.7223883,amp/overflow_retries,0.0
697,1789132213.7223883,amp/scale,32.0
697,1789132213.7223883,gradient/clipped_norm,310.59625244140625
697,1789132213.7223883,images/detect,0.0
697,1789132213.7223883,images/pose,16.0
697,1789132213.7223883,loss/backward,68.31812286376953
697,1789132213.7223883,loss/detect_mean,0.0
697,1789132213.7223883,loss/joint_mean,1.067470669746399
697,1789132213.7223883,loss/pose_mean,1.067470669746399
697,1789132213.7223883,lr/attention.decay,0.0
697,1789132213.7223883,lr/attention.no_decay,0.0
697,1789132213.7223883,lr/backbone.decay,0.0
697,1789132213.7223883,lr/backbone.no_decay,0.0
697,1789132213.7223883,lr/detect_head.decay,0.0
697,1789132213.7223883,lr/detect_head.no_decay,0.0
697,1789132213.7223883,lr/neck.decay,0.0
697,1789132213.7223883,lr/neck.no_decay,0.0
697,1789132213.7223883,lr/pose_head.decay,9.439711759773794e-06
697,1789132213.7223883,lr/pose_head.no_decay,9.439711759773794e-06
697,1789132213.7223883,pose/component_0,0.7793862819671631
697,1789132213.7223883,pose/component_1,0.02291572093963623
697,1789132213.7223883,pose/component_2,0.0045829396694898605
697,1789132213.7223883,pose/component_3,0.3800654411315918
697,1789132213.7223883,pose/component_4,0.00373748573474586
697,1789132213.7223883,pose/component_5,0.0
698,1789132213.91801,amp/overflow_retries,0.0
698,1789132213.91801,amp/scale,32.0
698,1789132213.91801,gradient/clipped_norm,319.1563720703125
698,1789132213.91801,images/detect,0.0
698,1789132213.91801,images/pose,16.0
698,1789132213.91801,loss/backward,80.02685546875
698,1789132213.91801,loss/detect_mean,0.0
698,1789132213.91801,loss/joint_mean,1.2504196166992188
698,1789132213.91801,loss/pose_mean,1.2504196166992188
698,1789132213.91801,lr/attention.decay,0.0
698,1789132213.91801,lr/attention.no_decay,0.0
698,1789132213.91801,lr/backbone.decay,0.0
698,1789132213.91801,lr/backbone.no_decay,0.0
698,1789132213.91801,lr/detect_head.decay,0.0
698,1789132213.91801,lr/detect_head.no_decay,0.0
698,1789132213.91801,lr/neck.decay,0.0
698,1789132213.91801,lr/neck.no_decay,0.0
698,1789132213.91801,lr/pose_head.decay,9.436384264939783e-06
698,1789132213.91801,lr/pose_head.no_decay,9.436384264939783e-06
698,1789132213.91801,pose/component_0,0.8797932267189026
698,1789132213.91801,pose/component_1,0.05083981901407242
698,1789132213.91801,pose/component_2,0.01042201742529869
698,1789132213.91801,pose/component_3,0.4476938545703888
698,1789132213.91801,pose/component_4,0.0029148743487894535
698,1789132213.91801,pose/component_5,0.0
699,1789132214.1129405,amp/overflow_retries,0.0
699,1789132214.1129405,amp/scale,32.0
699,1789132214.1129405,gradient/clipped_norm,348.77203369140625
699,1789132214.1129405,images/detect,0.0
699,1789132214.1129405,images/pose,16.0
699,1789132214.1129405,loss/backward,81.34477233886719
699,1789132214.1129405,loss/detect_mean,0.0
699,1789132214.1129405,loss/joint_mean,1.2710120677947998
699,1789132214.1129405,loss/pose_mean,1.2710120677947998
699,1789132214.1129405,lr/attention.decay,0.0
699,1789132214.1129405,lr/attention.no_decay,0.0
699,1789132214.1129405,lr/backbone.decay,0.0
699,1789132214.1129405,lr/backbone.no_decay,0.0
699,1789132214.1129405,lr/detect_head.decay,0.0
699,1789132214.1129405,lr/detect_head.no_decay,0.0
699,1789132214.1129405,lr/neck.decay,0.0
699,1789132214.1129405,lr/neck.no_decay,0.0
699,1789132214.1129405,lr/pose_head.decay,9.433048173325183e-06
699,1789132214.1129405,lr/pose_head.no_decay,9.433048173325183e-06
699,1789132214.1129405,pose/component_0,0.8812752962112427
699,1789132214.1129405,pose/component_1,0.02099982649087906
699,1789132214.1129405,pose/component_2,0.004619645420461893
699,1789132214.1129405,pose/component_3,0.3790229558944702
699,1789132214.1129405,pose/component_4,0.002467145211994648
699,1789132214.1129405,pose/component_5,0.0
700,1789132214.3085427,amp/overflow_retries,0.0
700,1789132214.3085427,amp/scale,32.0
700,1789132214.3085427,gradient/clipped_norm,393.5113830566406
700,1789132214.3085427,images/detect,0.0
700,1789132214.3085427,images/pose,16.0
700,1789132214.3085427,loss/backward,91.817626953125
700,1789132214.3085427,loss/detect_mean,0.0
700,1789132214.3085427,loss/joint_mean,1.4346504211425781
700,1789132214.3085427,loss/pose_mean,1.4346504211425781
700,1789132214.3085427,lr/attention.decay,0.0
700,1789132214.3085427,lr/attention.no_decay,0.0
700,1789132214.3085427,lr/backbone.decay,0.0
700,1789132214.3085427,lr/backbone.no_decay,0.0
700,1789132214.3085427,lr/detect_head.decay,0.0
700,1789132214.3085427,lr/detect_head.no_decay,0.0
700,1789132214.3085427,lr/neck.decay,0.0
700,1789132214.3085427,lr/neck.no_decay,0.0
700,1789132214.3085427,lr/pose_head.decay,9.42970349974092e-06
700,1789132214.3085427,lr/pose_head.no_decay,9.42970349974092e-06
700,1789132214.3085427,pose/component_0,0.9497097730636597
700,1789132214.3085427,pose/component_1,0.02521178126335144
700,1789132214.3085427,pose/component_2,0.03921310231089592
700,1789132214.3085427,pose/component_3,0.41969746351242065
700,1789132214.3085427,pose/component_4,0.0024953170213848352
700,1789132214.3085427,pose/component_5,0.0
701,1789132214.5039678,amp/overflow_retries,0.0
701,1789132214.5039678,amp/scale,32.0
701,1789132214.5039678,gradient/clipped_norm,318.5338134765625
701,1789132214.5039678,images/detect,0.0
701,1789132214.5039678,images/pose,16.0
701,1789132214.5039678,loss/backward,75.36168670654297
701,1789132214.5039678,loss/detect_mean,0.0
701,1789132214.5039678,loss/joint_mean,1.1775263547897339
701,1789132214.5039678,loss/pose_mean,1.1775263547897339
701,1789132214.5039678,lr/attention.decay,0.0
701,1789132214.5039678,lr/attention.no_decay,0.0
701,1789132214.5039678,lr/backbone.decay,0.0
701,1789132214.5039678,lr/backbone.no_decay,0.0
701,1789132214.5039678,lr/detect_head.decay,0.0
701,1789132214.5039678,lr/detect_head.no_decay,0.0
701,1789132214.5039678,lr/neck.decay,0.0
701,1789132214.5039678,lr/neck.no_decay,0.0
701,1789132214.5039678,lr/pose_head.decay,9.426350259036021e-06
701,1789132214.5039678,lr/pose_head.no_decay,9.426350259036021e-06
701,1789132214.5039678,pose/component_0,0.8037218451499939
701,1789132214.5039678,pose/component_1,0.007858775556087494
701,1789132214.5039678,pose/component_2,0.037769146263599396
701,1789132214.5039678,pose/component_3,0.2907927930355072
701,1789132214.5039678,pose/component_4,0.0022930698469281197
701,1789132214.5039678,pose/component_5,0.0
702,1789132214.6991954,amp/overflow_retries,0.0
702,1789132214.6991954,amp/scale,32.0
702,1789132214.6991954,gradient/clipped_norm,267.9143371582031
702,1789132214.6991954,images/detect,0.0
702,1789132214.6991954,images/pose,16.0
702,1789132214.6991954,loss/backward,71.00979614257812
702,1789132214.6991954,loss/detect_mean,0.0
702,1789132214.6991954,loss/joint_mean,1.1095280647277832
702,1789132214.6991954,loss/pose_mean,1.1095280647277832
702,1789132214.6991954,lr/attention.decay,0.0
702,1789132214.6991954,lr/attention.no_decay,0.0
702,1789132214.6991954,lr/backbone.decay,0.0
702,1789132214.6991954,lr/backbone.no_decay,0.0
702,1789132214.6991954,lr/detect_head.decay,0.0
702,1789132214.6991954,lr/detect_head.no_decay,0.0
702,1789132214.6991954,lr/neck.decay,0.0
702,1789132214.6991954,lr/neck.no_decay,0.0
702,1789132214.6991954,lr/pose_head.decay,9.422988466097552e-06
702,1789132214.6991954,lr/pose_head.no_decay,9.422988466097552e-06
702,1789132214.6991954,pose/component_0,0.7412418723106384
702,1789132214.6991954,pose/component_1,0.015711426734924316
702,1789132214.6991954,pose/component_2,0.04400394484400749
702,1789132214.6991954,pose/component_3,0.28523510694503784
702,1789132214.6991954,pose/component_4,0.003431352786719799
702,1789132214.6991954,pose/component_5,0.0
703,1789132214.8944767,amp/overflow_retries,0.0
703,1789132214.8944767,amp/scale,32.0
703,1789132214.8944767,gradient/clipped_norm,367.59906005859375
703,1789132214.8944767,images/detect,0.0
703,1789132214.8944767,images/pose,16.0
703,1789132214.8944767,loss/backward,87.93048095703125
703,1789132214.8944767,loss/detect_mean,0.0
703,1789132214.8944767,loss/joint_mean,1.3739137649536133
703,1789132214.8944767,loss/pose_mean,1.3739137649536133
703,1789132214.8944767,lr/attention.decay,0.0
703,1789132214.8944767,lr/attention.no_decay,0.0
703,1789132214.8944767,lr/backbone.decay,0.0
703,1789132214.8944767,lr/backbone.no_decay,0.0
703,1789132214.8944767,lr/detect_head.decay,0.0
703,1789132214.8944767,lr/detect_head.no_decay,0.0
703,1789132214.8944767,lr/neck.decay,0.0
703,1789132214.8944767,lr/neck.no_decay,0.0
703,1789132214.8944767,lr/pose_head.decay,9.419618135850542e-06
703,1789132214.8944767,lr/pose_head.no_decay,9.419618135850542e-06
703,1789132214.8944767,pose/component_0,1.0244513750076294
703,1789132214.8944767,pose/component_1,0.08588217198848724
703,1789132214.8944767,pose/component_2,0.011518450453877449
703,1789132214.8944767,pose/component_3,0.3974570035934448
703,1789132214.8944767,pose/component_4,0.0026389644481241703
703,1789132214.8944767,pose/component_5,0.0
704,1789132215.089043,amp/overflow_retries,0.0
704,1789132215.089043,amp/scale,32.0
704,1789132215.089043,gradient/clipped_norm,374.9811706542969
704,1789132215.089043,images/detect,0.0
704,1789132215.089043,images/pose,16.0
704,1789132215.089043,loss/backward,64.03634643554688
704,1789132215.089043,loss/detect_mean,0.0
704,1789132215.089043,loss/joint_mean,1.00056791305542
704,1789132215.089043,loss/pose_mean,1.00056791305542
704,1789132215.089043,lr/attention.decay,0.0
704,1789132215.089043,lr/attention.no_decay,0.0
704,1789132215.089043,lr/backbone.decay,0.0
704,1789132215.089043,lr/backbone.no_decay,0.0
704,1789132215.089043,lr/detect_head.decay,0.0
704,1789132215.089043,lr/detect_head.no_decay,0.0
704,1789132215.089043,lr/neck.decay,0.0
704,1789132215.089043,lr/neck.no_decay,0.0
704,1789132215.089043,lr/pose_head.decay,9.416239283257926e-06
704,1789132215.089043,lr/pose_head.no_decay,9.416239283257926e-06
704,1789132215.089043,pose/component_0,0.8120220303535461
704,1789132215.089043,pose/component_1,0.015849584713578224
704,1789132215.089043,pose/component_2,0.001165620400570333
704,1789132215.089043,pose/component_3,0.24081170558929443
704,1789132215.089043,pose/component_4,0.002524272073060274
704,1789132215.089043,pose/component_5,0.0
705,1789132215.2836738,amp/overflow_retries,0.0
705,1789132215.2836738,amp/scale,32.0
705,1789132215.2836738,gradient/clipped_norm,315.1358947753906
705,1789132215.2836738,images/detect,0.0
705,1789132215.2836738,images/pose,16.0
705,1789132215.2836738,loss/backward,73.072509765625
705,1789132215.2836738,loss/detect_mean,0.0
705,1789132215.2836738,loss/joint_mean,1.1417579650878906
705,1789132215.2836738,loss/pose_mean,1.1417579650878906
705,1789132215.2836738,lr/attention.decay,0.0
705,1789132215.2836738,lr/attention.no_decay,0.0
705,1789132215.2836738,lr/backbone.decay,0.0
705,1789132215.2836738,lr/backbone.no_decay,0.0
705,1789132215.2836738,lr/detect_head.decay,0.0
705,1789132215.2836738,lr/detect_head.no_decay,0.0
705,1789132215.2836738,lr/neck.decay,0.0
705,1789132215.2836738,lr/neck.no_decay,0.0
705,1789132215.2836738,lr/pose_head.decay,9.412851923320474e-06
705,1789132215.2836738,lr/pose_head.no_decay,9.412851923320474e-06
705,1789132215.2836738,pose/component_0,0.7541093230247498
705,1789132215.2836738,pose/component_1,0.017640575766563416
705,1789132215.2836738,pose/component_2,0.09198956191539764
705,1789132215.2836738,pose/component_3,0.23402419686317444
705,1789132215.2836738,pose/component_4,0.0024319649673998356
705,1789132215.2836738,pose/component_5,0.0
706,1789132215.4782963,amp/overflow_retries,0.0
706,1789132215.4782963,amp/scale,32.0
706,1789132215.4782963,gradient/clipped_norm,487.3050537109375
706,1789132215.4782963,images/detect,0.0
706,1789132215.4782963,images/pose,16.0
706,1789132215.4782963,loss/backward,87.643310546875
706,1789132215.4782963,loss/detect_mean,0.0
706,1789132215.4782963,loss/joint_mean,1.3694267272949219
706,1789132215.4782963,loss/pose_mean,1.3694267272949219
706,1789132215.4782963,lr/attention.decay,0.0
706,1789132215.4782963,lr/attention.no_decay,0.0
706,1789132215.4782963,lr/backbone.decay,0.0
706,1789132215.4782963,lr/backbone.no_decay,0.0
706,1789132215.4782963,lr/detect_head.decay,0.0
706,1789132215.4782963,lr/detect_head.no_decay,0.0
706,1789132215.4782963,lr/neck.decay,0.0
706,1789132215.4782963,lr/neck.no_decay,0.0
706,1789132215.4782963,lr/pose_head.decay,9.409456071076725e-06
706,1789132215.4782963,lr/pose_head.no_decay,9.409456071076725e-06
706,1789132215.4782963,pose/component_0,0.8791993856430054
706,1789132215.4782963,pose/component_1,0.022616760805249214
706,1789132215.4782963,pose/component_2,0.016162429004907608
706,1789132215.4782963,pose/component_3,0.38998451828956604
706,1789132215.4782963,pose/component_4,0.0030850092880427837
706,1789132215.4782963,pose/component_5,0.0
707,1789132215.6736338,amp/overflow_retries,0.0
707,1789132215.6736338,amp/scale,32.0
707,1789132215.6736338,gradient/clipped_norm,531.8193359375
707,1789132215.6736338,images/detect,0.0
707,1789132215.6736338,images/pose,16.0
707,1789132215.6736338,loss/backward,85.42579650878906
707,1789132215.6736338,loss/detect_mean,0.0
707,1789132215.6736338,loss/joint_mean,1.334778070449829
707,1789132215.6736338,loss/pose_mean,1.334778070449829
707,1789132215.6736338,lr/attention.decay,0.0
707,1789132215.6736338,lr/attention.no_decay,0.0
707,1789132215.6736338,lr/backbone.decay,0.0
707,1789132215.6736338,lr/backbone.no_decay,0.0
707,1789132215.6736338,lr/detect_head.decay,0.0
707,1789132215.6736338,lr/detect_head.no_decay,0.0
707,1789132215.6736338,lr/neck.decay,0.0
707,1789132215.6736338,lr/neck.no_decay,0.0
707,1789132215.6736338,lr/pose_head.decay,9.406051741602918e-06
707,1789132215.6736338,lr/pose_head.no_decay,9.406051741602918e-06
707,1789132215.6736338,pose/component_0,0.8662777543067932
707,1789132215.6736338,pose/component_1,0.1390622854232788
707,1789132215.6736338,pose/component_2,0.018765617161989212
707,1789132215.6736338,pose/component_3,0.4177127778530121
707,1789132215.6736338,pose/component_4,0.001850498141720891
707,1789132215.6736338,pose/component_5,0.0
708,1789132215.8686123,amp/overflow_retries,0.0
708,1789132215.8686123,amp/scale,32.0
708,1789132215.8686123,gradient/clipped_norm,332.6173400878906
708,1789132215.8686123,images/detect,0.0
708,1789132215.8686123,images/pose,16.0
708,1789132215.8686123,loss/backward,75.310791015625
708,1789132215.8686123,loss/detect_mean,0.0
708,1789132215.8686123,loss/joint_mean,1.1767311096191406
708,1789132215.8686123,loss/pose_mean,1.1767311096191406
708,1789132215.8686123,lr/attention.decay,0.0
708,1789132215.8686123,lr/attention.no_decay,0.0
708,1789132215.8686123,lr/backbone.decay,0.0
708,1789132215.8686123,lr/backbone.no_decay,0.0
708,1789132215.8686123,lr/detect_head.decay,0.0
708,1789132215.8686123,lr/detect_head.no_decay,0.0
708,1789132215.8686123,lr/neck.decay,0.0
708,1789132215.8686123,lr/neck.no_decay,0.0
708,1789132215.8686123,lr/pose_head.decay,9.402638950012932e-06
708,1789132215.8686123,lr/pose_head.no_decay,9.402638950012932e-06
708,1789132215.8686123,pose/component_0,0.8049799203872681
708,1789132215.8686123,pose/component_1,0.016499333083629608
708,1789132215.8686123,pose/component_2,0.036184653639793396
708,1789132215.8686123,pose/component_3,0.3565780222415924
708,1789132215.8686123,pose/component_4,0.002440677722916007
708,1789132215.8686123,pose/component_5,0.0
709,1789132216.0640619,amp/overflow_retries,0.0
709,1789132216.0640619,amp/scale,32.0
709,1789132216.0640619,gradient/clipped_norm,392.103271484375
709,1789132216.0640619,images/detect,0.0
709,1789132216.0640619,images/pose,16.0
709,1789132216.0640619,loss/backward,73.6373519897461
709,1789132216.0640619,loss/detect_mean,0.0
709,1789132216.0640619,loss/joint_mean,1.1505836248397827
709,1789132216.0640619,loss/pose_mean,1.1505836248397827
709,1789132216.0640619,lr/attention.decay,0.0
709,1789132216.0640619,lr/attention.no_decay,0.0
709,1789132216.0640619,lr/backbone.decay,0.0
709,1789132216.0640619,lr/backbone.no_decay,0.0
709,1789132216.0640619,lr/detect_head.decay,0.0
709,1789132216.0640619,lr/detect_head.no_decay,0.0
709,1789132216.0640619,lr/neck.decay,0.0
709,1789132216.0640619,lr/neck.no_decay,0.0
709,1789132216.0640619,lr/pose_head.decay,9.399217711458214e-06
709,1789132216.0640619,lr/pose_head.no_decay,9.399217711458214e-06
709,1789132216.0640619,pose/component_0,0.7649388313293457
709,1789132216.0640619,pose/component_1,0.01512054167687893
709,1789132216.0640619,pose/component_2,0.0075212689116597176
709,1789132216.0640619,pose/component_3,0.38205695152282715
709,1789132216.0640619,pose/component_4,0.0029508103616535664
709,1789132216.0640619,pose/component_5,0.0
710,1789132216.2594798,amp/overflow_retries,0.0
710,1789132216.2594798,amp/scale,32.0
710,1789132216.2594798,gradient/clipped_norm,459.46343994140625
710,1789132216.2594798,images/detect,0.0
710,1789132216.2594798,images/pose,16.0
710,1789132216.2594798,loss/backward,96.68284606933594
710,1789132216.2594798,loss/detect_mean,0.0
710,1789132216.2594798,loss/joint_mean,1.510669469833374
710,1789132216.2594798,loss/pose_mean,1.510669469833374
710,1789132216.2594798,lr/attention.decay,0.0
710,1789132216.2594798,lr/attention.no_decay,0.0
710,1789132216.2594798,lr/backbone.decay,0.0
710,1789132216.2594798,lr/backbone.no_decay,0.0
710,1789132216.2594798,lr/detect_head.decay,0.0
710,1789132216.2594798,lr/detect_head.no_decay,0.0
710,1789132216.2594798,lr/neck.decay,0.0
710,1789132216.2594798,lr/neck.no_decay,0.0
710,1789132216.2594798,lr/pose_head.decay,9.395788041127706e-06
710,1789132216.2594798,lr/pose_head.no_decay,9.395788041127706e-06
710,1789132216.2594798,pose/component_0,0.9570841789245605
710,1789132216.2594798,pose/component_1,0.026283860206604004
710,1789132216.2594798,pose/component_2,0.03532090783119202
710,1789132216.2594798,pose/component_3,0.4868525266647339
710,1789132216.2594798,pose/component_4,0.0034696185030043125
710,1789132216.2594798,pose/component_5,0.0
711,1789132216.4545076,amp/overflow_retries,0.0
711,1789132216.4545076,amp/scale,32.0
711,1789132216.4545076,gradient/clipped_norm,353.9480285644531
711,1789132216.4545076,images/detect,0.0
711,1789132216.4545076,images/pose,16.0
711,1789132216.4545076,loss/backward,82.9019546508789
711,1789132216.4545076,loss/detect_mean,0.0
711,1789132216.4545076,loss/joint_mean,1.295343041419983
711,1789132216.4545076,loss/pose_mean,1.295343041419983
711,1789132216.4545076,lr/attention.decay,0.0
711,1789132216.4545076,lr/attention.no_decay,0.0
711,1789132216.4545076,lr/backbone.decay,0.0
711,1789132216.4545076,lr/backbone.no_decay,0.0
711,1789132216.4545076,lr/detect_head.decay,0.0
711,1789132216.4545076,lr/detect_head.no_decay,0.0
711,1789132216.4545076,lr/neck.decay,0.0
711,1789132216.4545076,lr/neck.no_decay,0.0
711,1789132216.4545076,lr/pose_head.decay,9.392349954247793e-06
711,1789132216.4545076,lr/pose_head.no_decay,9.392349954247793e-06
711,1789132216.4545076,pose/component_0,0.939487099647522
711,1789132216.4545076,pose/component_1,0.029687242582440376
711,1789132216.4545076,pose/component_2,0.01814558357000351
711,1789132216.4545076,pose/component_3,0.3902134597301483
711,1789132216.4545076,pose/component_4,0.0031705154106020927
711,1789132216.4545076,pose/component_5,0.0
712,1789132216.6494467,amp/overflow_retries,0.0
712,1789132216.6494467,amp/scale,32.0
712,1789132216.6494467,gradient/clipped_norm,270.02972412109375
712,1789132216.6494467,images/detect,0.0
712,1789132216.6494467,images/pose,16.0
712,1789132216.6494467,loss/backward,66.34959411621094
712,1789132216.6494467,loss/detect_mean,0.0
712,1789132216.6494467,loss/joint_mean,1.036712408065796
712,1789132216.6494467,loss/pose_mean,1.036712408065796
712,1789132216.6494467,lr/attention.decay,0.0
712,1789132216.6494467,lr/attention.no_decay,0.0
712,1789132216.6494467,lr/backbone.decay,0.0
712,1789132216.6494467,lr/backbone.no_decay,0.0
712,1789132216.6494467,lr/detect_head.decay,0.0
712,1789132216.6494467,lr/detect_head.no_decay,0.0
712,1789132216.6494467,lr/neck.decay,0.0
712,1789132216.6494467,lr/neck.no_decay,0.0
712,1789132216.6494467,lr/pose_head.decay,9.38890346608222e-06
712,1789132216.6494467,lr/pose_head.no_decay,9.38890346608222e-06
712,1789132216.6494467,pose/component_0,0.7892107963562012
712,1789132216.6494467,pose/component_1,0.017547795549035072
712,1789132216.6494467,pose/component_2,0.004240724258124828
712,1789132216.6494467,pose/component_3,0.28394556045532227
712,1789132216.6494467,pose/component_4,0.003276949282735586
712,1789132216.6494467,pose/component_5,0.0
713,1789132216.8453317,amp/overflow_retries,0.0
713,1789132216.8453317,amp/scale,32.0
713,1789132216.8453317,gradient/clipped_norm,341.064208984375
713,1789132216.8453317,images/detect,0.0
713,1789132216.8453317,images/pose,16.0
713,1789132216.8453317,loss/backward,67.72872161865234
713,1789132216.8453317,loss/detect_mean,0.0
713,1789132216.8453317,loss/joint_mean,1.0582612752914429
713,1789132216.8453317,loss/pose_mean,1.0582612752914429
713,1789132216.8453317,lr/attention.decay,0.0
713,1789132216.8453317,lr/attention.no_decay,0.0
713,1789132216.8453317,lr/backbone.decay,0.0
713,1789132216.8453317,lr/backbone.no_decay,0.0
713,1789132216.8453317,lr/detect_head.decay,0.0
713,1789132216.8453317,lr/detect_head.no_decay,0.0
713,1789132216.8453317,lr/neck.decay,0.0
713,1789132216.8453317,lr/neck.no_decay,0.0
713,1789132216.8453317,lr/pose_head.decay,9.38544859193203e-06
713,1789132216.8453317,lr/pose_head.no_decay,9.38544859193203e-06
713,1789132216.8453317,pose/component_0,0.7494383454322815
713,1789132216.8453317,pose/component_1,0.011154180392622948
713,1789132216.8453317,pose/component_2,0.005641232710331678
713,1789132216.8453317,pose/component_3,0.405333548784256
713,1789132216.8453317,pose/component_4,0.002293224912136793
713,1789132216.8453317,pose/component_5,0.0
714,1789132217.0402029,amp/overflow_retries,0.0
714,1789132217.0402029,amp/scale,32.0
714,1789132217.0402029,gradient/clipped_norm,362.5466003417969
714,1789132217.0402029,images/detect,0.0
714,1789132217.0402029,images/pose,16.0
714,1789132217.0402029,loss/backward,94.15342712402344
714,1789132217.0402029,loss/detect_mean,0.0
714,1789132217.0402029,loss/joint_mean,1.4711472988128662
714,1789132217.0402029,loss/pose_mean,1.4711472988128662
714,1789132217.0402029,lr/attention.decay,0.0
714,1789132217.0402029,lr/attention.no_decay,0.0
714,1789132217.0402029,lr/backbone.decay,0.0
714,1789132217.0402029,lr/backbone.no_decay,0.0
714,1789132217.0402029,lr/detect_head.decay,0.0
714,1789132217.0402029,lr/detect_head.no_decay,0.0
714,1789132217.0402029,lr/neck.decay,0.0
714,1789132217.0402029,lr/neck.no_decay,0.0
714,1789132217.0402029,lr/pose_head.decay,9.381985347135501e-06
714,1789132217.0402029,lr/pose_head.no_decay,9.381985347135501e-06
714,1789132217.0402029,pose/component_0,1.0527594089508057
714,1789132217.0402029,pose/component_1,0.030183669179677963
714,1789132217.0402029,pose/component_2,0.007283343002200127
714,1789132217.0402029,pose/component_3,0.5458164215087891
714,1789132217.0402029,pose/component_4,0.0024651484563946724
714,1789132217.0402029,pose/component_5,0.0
715,1789132217.2357588,amp/overflow_retries,0.0
715,1789132217.2357588,amp/scale,32.0
715,1789132217.2357588,gradient/clipped_norm,402.77264404296875
715,1789132217.2357588,images/detect,0.0
715,1789132217.2357588,images/pose,16.0
715,1789132217.2357588,loss/backward,91.21053314208984
715,1789132217.2357588,loss/detect_mean,0.0
715,1789132217.2357588,loss/joint_mean,1.4251645803451538
715,1789132217.2357588,loss/pose_mean,1.4251645803451538
715,1789132217.2357588,lr/attention.decay,0.0
715,1789132217.2357588,lr/attention.no_decay,0.0
715,1789132217.2357588,lr/backbone.decay,0.0
715,1789132217.2357588,lr/backbone.no_decay,0.0
715,1789132217.2357588,lr/detect_head.decay,0.0
715,1789132217.2357588,lr/detect_head.no_decay,0.0
715,1789132217.2357588,lr/neck.decay,0.0
715,1789132217.2357588,lr/neck.no_decay,0.0
715,1789132217.2357588,lr/pose_head.decay,9.37851374706807e-06
715,1789132217.2357588,lr/pose_head.no_decay,9.37851374706807e-06
715,1789132217.2357588,pose/component_0,0.896486759185791
715,1789132217.2357588,pose/component_1,0.021168529987335205
715,1789132217.2357588,pose/component_2,0.013298681937158108
715,1789132217.2357588,pose/component_3,0.46375492215156555
715,1789132217.2357588,pose/component_4,0.0038932845927774906
715,1789132217.2357588,pose/component_5,0.0
716,1789132217.431188,amp/overflow_retries,0.0
716,1789132217.431188,amp/scale,32.0
716,1789132217.431188,gradient/clipped_norm,273.19122314453125
716,1789132217.431188,images/detect,0.0
716,1789132217.431188,images/pose,16.0
716,1789132217.431188,loss/backward,64.07200622558594
716,1789132217.431188,loss/detect_mean,0.0
716,1789132217.431188,loss/joint_mean,1.0011250972747803
716,1789132217.431188,loss/pose_mean,1.0011250972747803
716,1789132217.431188,lr/attention.decay,0.0
716,1789132217.431188,lr/attention.no_decay,0.0
716,1789132217.431188,lr/backbone.decay,0.0
716,1789132217.431188,lr/backbone.no_decay,0.0
716,1789132217.431188,lr/detect_head.decay,0.0
716,1789132217.431188,lr/detect_head.no_decay,0.0
716,1789132217.431188,lr/neck.decay,0.0
716,1789132217.431188,lr/neck.no_decay,0.0
716,1789132217.431188,lr/pose_head.decay,9.375033807142267e-06
716,1789132217.431188,lr/pose_head.no_decay,9.375033807142267e-06
716,1789132217.431188,pose/component_0,0.6881932616233826
716,1789132217.431188,pose/component_1,0.011561393737792969
716,1789132217.431188,pose/component_2,0.0013914871960878372
716,1789132217.431188,pose/component_3,0.333126425743103
716,1789132217.431188,pose/component_4,0.0029537645168602467
716,1789132217.431188,pose/component_5,0.0
717,1789132217.6260364,amp/overflow_retries,0.0
717,1789132217.6260364,amp/scale,32.0
717,1789132217.6260364,gradient/clipped_norm,279.2502136230469
717,1789132217.6260364,images/detect,0.0
717,1789132217.6260364,images/pose,16.0
717,1789132217.6260364,loss/backward,57.89463806152344
717,1789132217.6260364,loss/detect_mean,0.0
717,1789132217.6260364,loss/joint_mean,0.9046037197113037
717,1789132217.6260364,loss/pose_mean,0.9046037197113037
717,1789132217.6260364,lr/attention.decay,0.0
717,1789132217.6260364,lr/attention.no_decay,0.0
717,1789132217.6260364,lr/backbone.decay,0.0
717,1789132217.6260364,lr/backbone.no_decay,0.0
717,1789132217.6260364,lr/detect_head.decay,0.0
717,1789132217.6260364,lr/detect_head.no_decay,0.0
717,1789132217.6260364,lr/neck.decay,0.0
717,1789132217.6260364,lr/neck.no_decay,0.0
717,1789132217.6260364,lr/pose_head.decay,9.371545542807654e-06
717,1789132217.6260364,lr/pose_head.no_decay,9.371545542807654e-06
717,1789132217.6260364,pose/component_0,0.5185434818267822
717,1789132217.6260364,pose/component_1,0.010746815241873264
717,1789132217.6260364,pose/component_2,0.007624122314155102
717,1789132217.6260364,pose/component_3,0.23937195539474487
717,1789132217.6260364,pose/component_4,0.0019272631034255028
717,1789132217.6260364,pose/component_5,0.0
718,1789132217.8215332,amp/overflow_retries,0.0
718,1789132217.8215332,amp/scale,32.0
718,1789132217.8215332,gradient/clipped_norm,2761.572265625
718,1789132217.8215332,images/detect,0.0
718,1789132217.8215332,images/pose,16.0
718,1789132217.8215332,loss/backward,83.6922378540039
718,1789132217.8215332,loss/detect_mean,0.0
718,1789132217.8215332,loss/joint_mean,1.307691216468811
718,1789132217.8215332,loss/pose_mean,1.307691216468811
718,1789132217.8215332,lr/attention.decay,0.0
718,1789132217.8215332,lr/attention.no_decay,0.0
718,1789132217.8215332,lr/backbone.decay,0.0
718,1789132217.8215332,lr/backbone.no_decay,0.0
718,1789132217.8215332,lr/detect_head.decay,0.0
718,1789132217.8215332,lr/detect_head.no_decay,0.0
718,1789132217.8215332,lr/neck.decay,0.0
718,1789132217.8215332,lr/neck.no_decay,0.0
718,1789132217.8215332,lr/pose_head.decay,9.368048969550739e-06
718,1789132217.8215332,lr/pose_head.no_decay,9.368048969550739e-06
718,1789132217.8215332,pose/component_0,0.875389039516449
718,1789132217.8215332,pose/component_1,0.03289075195789337
718,1789132217.8215332,pose/component_2,0.032270222902297974
718,1789132217.8215332,pose/component_3,0.3397214412689209
718,1789132217.8215332,pose/component_4,0.00372511288151145
718,1789132217.8215332,pose/component_5,0.0
719,1789132218.0163577,amp/overflow_retries,0.0
719,1789132218.0163577,amp/scale,32.0
719,1789132218.0163577,gradient/clipped_norm,400.6338806152344
719,1789132218.0163577,images/detect,0.0
719,1789132218.0163577,images/pose,16.0
719,1789132218.0163577,loss/backward,74.74728393554688
719,1789132218.0163577,loss/detect_mean,0.0
719,1789132218.0163577,loss/joint_mean,1.16792631149292
719,1789132218.0163577,loss/pose_mean,1.16792631149292
719,1789132218.0163577,lr/attention.decay,0.0
719,1789132218.0163577,lr/attention.no_decay,0.0
719,1789132218.0163577,lr/backbone.decay,0.0
719,1789132218.0163577,lr/backbone.no_decay,0.0
719,1789132218.0163577,lr/detect_head.decay,0.0
719,1789132218.0163577,lr/detect_head.no_decay,0.0
719,1789132218.0163577,lr/neck.decay,0.0
719,1789132218.0163577,lr/neck.no_decay,0.0
719,1789132218.0163577,lr/pose_head.decay,9.36454410289493e-06
719,1789132218.0163577,lr/pose_head.no_decay,9.36454410289493e-06
719,1789132218.0163577,pose/component_0,0.8416043519973755
719,1789132218.0163577,pose/component_1,0.01761084794998169
719,1789132218.0163577,pose/component_2,0.0019712653011083603
719,1789132218.0163577,pose/component_3,0.31652384996414185
719,1789132218.0163577,pose/component_4,0.002146608429029584
719,1789132218.0163577,pose/component_5,0.0
720,1789132218.2118707,amp/overflow_retries,0.0
720,1789132218.2118707,amp/scale,32.0
720,1789132218.2118707,gradient/clipped_norm,2309.151611328125
720,1789132218.2118707,images/detect,0.0
720,1789132218.2118707,images/pose,16.0
720,1789132218.2118707,loss/backward,65.78850555419922
720,1789132218.2118707,loss/detect_mean,0.0
720,1789132218.2118707,loss/joint_mean,1.0279453992843628
720,1789132218.2118707,loss/pose_mean,1.0279453992843628
720,1789132218.2118707,lr/attention.decay,0.0
720,1789132218.2118707,lr/attention.no_decay,0.0
720,1789132218.2118707,lr/backbone.decay,0.0
720,1789132218.2118707,lr/backbone.no_decay,0.0
720,1789132218.2118707,lr/detect_head.decay,0.0
720,1789132218.2118707,lr/detect_head.no_decay,0.0
720,1789132218.2118707,lr/neck.decay,0.0
720,1789132218.2118707,lr/neck.no_decay,0.0
720,1789132218.2118707,lr/pose_head.decay,9.361030958400447e-06
720,1789132218.2118707,lr/pose_head.no_decay,9.361030958400447e-06
720,1789132218.2118707,pose/component_0,0.7107701301574707
720,1789132218.2118707,pose/component_1,0.015987703576683998
720,1789132218.2118707,pose/component_2,0.01615636795759201
720,1789132218.2118707,pose/component_3,0.30198025703430176
720,1789132218.2118707,pose/component_4,0.004378426354378462
720,1789132218.2118707,pose/component_5,0.0
721,1789132218.4065533,amp/overflow_retries,0.0
721,1789132218.4065533,amp/scale,32.0
721,1789132218.4065533,gradient/clipped_norm,343.043212890625
721,1789132218.4065533,images/detect,0.0
721,1789132218.4065533,images/pose,16.0
721,1789132218.4065533,loss/backward,77.50586700439453
721,1789132218.4065533,loss/detect_mean,0.0
721,1789132218.4065533,loss/joint_mean,1.2110291719436646
721,1789132218.4065533,loss/pose_mean,1.2110291719436646
721,1789132218.4065533,lr/attention.decay,0.0
721,1789132218.4065533,lr/attention.no_decay,0.0
721,1789132218.4065533,lr/backbone.decay,0.0
721,1789132218.4065533,lr/backbone.no_decay,0.0
721,1789132218.4065533,lr/detect_head.decay,0.0
721,1789132218.4065533,lr/detect_head.no_decay,0.0
721,1789132218.4065533,lr/neck.decay,0.0
721,1789132218.4065533,lr/neck.no_decay,0.0
721,1789132218.4065533,lr/pose_head.decay,9.357509551664264e-06
721,1789132218.4065533,lr/pose_head.no_decay,9.357509551664264e-06
721,1789132218.4065533,pose/component_0,0.7265068888664246
721,1789132218.4065533,pose/component_1,0.015505366027355194
721,1789132218.4065533,pose/component_2,0.0198531374335289
721,1789132218.4065533,pose/component_3,0.5125799775123596
721,1789132218.4065533,pose/component_4,0.0018634374719113111
721,1789132218.4065533,pose/component_5,0.0
722,1789132218.6017065,amp/overflow_retries,0.0
722,1789132218.6017065,amp/scale,32.0
722,1789132218.6017065,gradient/clipped_norm,380.2149963378906
722,1789132218.6017065,images/detect,0.0
722,1789132218.6017065,images/pose,16.0
722,1789132218.6017065,loss/backward,72.837646484375
722,1789132218.6017065,loss/detect_mean,0.0
722,1789132218.6017065,loss/joint_mean,1.1380882263183594
722,1789132218.6017065,loss/pose_mean,1.1380882263183594
722,1789132218.6017065,lr/attention.decay,0.0
722,1789132218.6017065,lr/attention.no_decay,0.0
722,1789132218.6017065,lr/backbone.decay,0.0
722,1789132218.6017065,lr/backbone.no_decay,0.0
722,1789132218.6017065,lr/detect_head.decay,0.0
722,1789132218.6017065,lr/detect_head.no_decay,0.0
722,1789132218.6017065,lr/neck.decay,0.0
722,1789132218.6017065,lr/neck.no_decay,0.0
722,1789132218.6017065,lr/pose_head.decay,9.353979898320033e-06
722,1789132218.6017065,lr/pose_head.no_decay,9.353979898320033e-06
722,1789132218.6017065,pose/component_0,0.8228129744529724
722,1789132218.6017065,pose/component_1,0.012921685352921486
722,1789132218.6017065,pose/component_2,0.00937547069042921
722,1789132218.6017065,pose/component_3,0.2710655629634857
722,1789132218.6017065,pose/component_4,0.002678053453564644
722,1789132218.6017065,pose/component_5,0.0
723,1789132218.7970552,amp/overflow_retries,0.0
723,1789132218.7970552,amp/scale,32.0
723,1789132218.7970552,gradient/clipped_norm,357.8111267089844
723,1789132218.7970552,images/detect,0.0
723,1789132218.7970552,images/pose,16.0
723,1789132218.7970552,loss/backward,78.56324005126953
723,1789132218.7970552,loss/detect_mean,0.0
723,1789132218.7970552,loss/joint_mean,1.2275506258010864
723,1789132218.7970552,loss/pose_mean,1.2275506258010864
723,1789132218.7970552,lr/attention.decay,0.0
723,1789132218.7970552,lr/attention.no_decay,0.0
723,1789132218.7970552,lr/backbone.decay,0.0
723,1789132218.7970552,lr/backbone.no_decay,0.0
723,1789132218.7970552,lr/detect_head.decay,0.0
723,1789132218.7970552,lr/detect_head.no_decay,0.0
723,1789132218.7970552,lr/neck.decay,0.0
723,1789132218.7970552,lr/neck.no_decay,0.0
723,1789132218.7970552,lr/pose_head.decay,9.350442014038022e-06
723,1789132218.7970552,lr/pose_head.no_decay,9.350442014038022e-06
723,1789132218.7970552,pose/component_0,0.8387863636016846
723,1789132218.7970552,pose/component_1,0.024732042104005814
723,1789132218.7970552,pose/component_2,0.06736942380666733
723,1789132218.7970552,pose/component_3,0.3273169696331024
723,1789132218.7970552,pose/component_4,0.0022506907116621733
723,1789132218.7970552,pose/component_5,0.0
724,1789132218.992091,amp/overflow_retries,0.0
724,1789132218.992091,amp/scale,32.0
724,1789132218.992091,gradient/clipped_norm,332.4169006347656
724,1789132218.992091,images/detect,0.0
724,1789132218.992091,images/pose,16.0
724,1789132218.992091,loss/backward,75.2593994140625
724,1789132218.992091,loss/detect_mean,0.0
724,1789132218.992091,loss/joint_mean,1.1759281158447266
724,1789132218.992091,loss/pose_mean,1.1759281158447266
724,1789132218.992091,lr/attention.decay,0.0
724,1789132218.992091,lr/attention.no_decay,0.0
724,1789132218.992091,lr/backbone.decay,0.0
724,1789132218.992091,lr/backbone.no_decay,0.0
724,1789132218.992091,lr/detect_head.decay,0.0
724,1789132218.992091,lr/detect_head.no_decay,0.0
724,1789132218.992091,lr/neck.decay,0.0
724,1789132218.992091,lr/neck.no_decay,0.0
724,1789132218.992091,lr/pose_head.decay,9.346895914525036e-06
724,1789132218.992091,lr/pose_head.no_decay,9.346895914525036e-06
724,1789132218.992091,pose/component_0,0.8393704891204834
724,1789132218.992091,pose/component_1,0.03505745157599449
724,1789132218.992091,pose/component_2,0.004315902944654226
724,1789132218.992091,pose/component_3,0.40913042426109314
724,1789132218.992091,pose/component_4,0.001864712219685316
724,1789132218.992091,pose/component_5,0.0
725,1789132219.1872804,amp/overflow_retries,0.0
725,1789132219.1872804,amp/scale,32.0
725,1789132219.1872804,gradient/clipped_norm,2776.42919921875
725,1789132219.1872804,images/detect,0.0
725,1789132219.1872804,images/pose,16.0
725,1789132219.1872804,loss/backward,101.31700134277344
725,1789132219.1872804,loss/detect_mean,0.0
725,1789132219.1872804,loss/joint_mean,1.583078145980835
725,1789132219.1872804,loss/pose_mean,1.583078145980835
725,1789132219.1872804,lr/attention.decay,0.0
725,1789132219.1872804,lr/attention.no_decay,0.0
725,1789132219.1872804,lr/backbone.decay,0.0
725,1789132219.1872804,lr/backbone.no_decay,0.0
725,1789132219.1872804,lr/detect_head.decay,0.0
725,1789132219.1872804,lr/detect_head.no_decay,0.0
725,1789132219.1872804,lr/neck.decay,0.0
725,1789132219.1872804,lr/neck.no_decay,0.0
725,1789132219.1872804,lr/pose_head.decay,9.343341615524355e-06
725,1789132219.1872804,lr/pose_head.no_decay,9.343341615524355e-06
725,1789132219.1872804,pose/component_0,0.9346411824226379
725,1789132219.1872804,pose/component_1,0.029561303555965424
725,1789132219.1872804,pose/component_2,0.01783200539648533
725,1789132219.1872804,pose/component_3,0.5732941627502441
725,1789132219.1872804,pose/component_4,0.003107750788331032
725,1789132219.1872804,pose/component_5,0.0
726,1789132219.3824952,amp/overflow_retries,0.0
726,1789132219.3824952,amp/scale,32.0
726,1789132219.3824952,gradient/clipped_norm,327.21240234375
726,1789132219.3824952,images/detect,0.0
726,1789132219.3824952,images/pose,16.0
726,1789132219.3824952,loss/backward,78.81800842285156
726,1789132219.3824952,loss/detect_mean,0.0
726,1789132219.3824952,loss/joint_mean,1.2315313816070557
726,1789132219.3824952,loss/pose_mean,1.2315313816070557
726,1789132219.3824952,lr/attention.decay,0.0
726,1789132219.3824952,lr/attention.no_decay,0.0
726,1789132219.3824952,lr/backbone.decay,0.0
726,1789132219.3824952,lr/backbone.no_decay,0.0
726,1789132219.3824952,lr/detect_head.decay,0.0
726,1789132219.3824952,lr/detect_head.no_decay,0.0
726,1789132219.3824952,lr/neck.decay,0.0
726,1789132219.3824952,lr/neck.no_decay,0.0
726,1789132219.3824952,lr/pose_head.decay,9.339779132815663e-06
726,1789132219.3824952,lr/pose_head.no_decay,9.339779132815663e-06
726,1789132219.3824952,pose/component_0,0.8000876307487488
726,1789132219.3824952,pose/component_1,0.024273885414004326
726,1789132219.3824952,pose/component_2,0.01519038062542677
726,1789132219.3824952,pose/component_3,0.4262988567352295
726,1789132219.3824952,pose/component_4,0.004269585944712162
726,1789132219.3824952,pose/component_5,0.0
727,1789132219.5777988,amp/overflow_retries,0.0
727,1789132219.5777988,amp/scale,32.0
727,1789132219.5777988,gradient/clipped_norm,351.6815185546875
727,1789132219.5777988,images/detect,0.0
727,1789132219.5777988,images/pose,16.0
727,1789132219.5777988,loss/backward,87.04389953613281
727,1789132219.5777988,loss/detect_mean,0.0
727,1789132219.5777988,loss/joint_mean,1.3600609302520752
727,1789132219.5777988,loss/pose_mean,1.3600609302520752
727,1789132219.5777988,lr/attention.decay,0.0
727,1789132219.5777988,lr/attention.no_decay,0.0
727,1789132219.5777988,lr/backbone.decay,0.0
727,1789132219.5777988,lr/backbone.no_decay,0.0
727,1789132219.5777988,lr/detect_head.decay,0.0
727,1789132219.5777988,lr/detect_head.no_decay,0.0
727,1789132219.5777988,lr/neck.decay,0.0
727,1789132219.5777988,lr/neck.no_decay,0.0
727,1789132219.5777988,lr/pose_head.decay,9.336208482214975e-06
727,1789132219.5777988,lr/pose_head.no_decay,9.336208482214975e-06
727,1789132219.5777988,pose/component_0,1.086617350578308
727,1789132219.5777988,pose/component_1,0.0315045490860939
727,1789132219.5777988,pose/component_2,0.01883379928767681
727,1789132219.5777988,pose/component_3,0.5671660304069519
727,1789132219.5777988,pose/component_4,0.0026972689665853977
727,1789132219.5777988,pose/component_5,0.0
728,1789132219.7731483,amp/overflow_retries,0.0
728,1789132219.7731483,amp/scale,32.0
728,1789132219.7731483,gradient/clipped_norm,351.2845153808594
728,1789132219.7731483,images/detect,0.0
728,1789132219.7731483,images/pose,16.0
728,1789132219.7731483,loss/backward,81.26310729980469
728,1789132219.7731483,loss/detect_mean,0.0
728,1789132219.7731483,loss/joint_mean,1.2697360515594482
728,1789132219.7731483,loss/pose_mean,1.2697360515594482
728,1789132219.7731483,lr/attention.decay,0.0
728,1789132219.7731483,lr/attention.no_decay,0.0
728,1789132219.7731483,lr/backbone.decay,0.0
728,1789132219.7731483,lr/backbone.no_decay,0.0
728,1789132219.7731483,lr/detect_head.decay,0.0
728,1789132219.7731483,lr/detect_head.no_decay,0.0
728,1789132219.7731483,lr/neck.decay,0.0
728,1789132219.7731483,lr/neck.no_decay,0.0
728,1789132219.7731483,lr/pose_head.decay,9.332629679574566e-06
728,1789132219.7731483,lr/pose_head.no_decay,9.332629679574566e-06
728,1789132219.7731483,pose/component_0,0.7750592231750488
728,1789132219.7731483,pose/component_1,0.03687112033367157
728,1789132219.7731483,pose/component_2,0.04561915621161461
728,1789132219.7731483,pose/component_3,0.5186724662780762
728,1789132219.7731483,pose/component_4,0.0036288839764893055
728,1789132219.7731483,pose/component_5,0.0
729,1789132219.9679909,amp/overflow_retries,0.0
729,1789132219.9679909,amp/scale,32.0
729,1789132219.9679909,gradient/clipped_norm,3191.257080078125
729,1789132219.9679909,images/detect,0.0
729,1789132219.9679909,images/pose,16.0
729,1789132219.9679909,loss/backward,196.24893188476562
729,1789132219.9679909,loss/detect_mean,0.0
729,1789132219.9679909,loss/joint_mean,3.066389560699463
729,1789132219.9679909,loss/pose_mean,3.066389560699463
729,1789132219.9679909,lr/attention.decay,0.0
729,1789132219.9679909,lr/attention.no_decay,0.0
729,1789132219.9679909,lr/backbone.decay,0.0
729,1789132219.9679909,lr/backbone.no_decay,0.0
729,1789132219.9679909,lr/detect_head.decay,0.0
729,1789132219.9679909,lr/detect_head.no_decay,0.0
729,1789132219.9679909,lr/neck.decay,0.0
729,1789132219.9679909,lr/neck.no_decay,0.0
729,1789132219.9679909,lr/pose_head.decay,9.329042740782908e-06
729,1789132219.9679909,lr/pose_head.no_decay,9.329042740782908e-06
729,1789132219.9679909,pose/component_0,1.21773099899292
729,1789132219.9679909,pose/component_1,0.5416064262390137
729,1789132219.9679909,pose/component_2,0.03571460023522377
729,1789132219.9679909,pose/component_3,0.5596534013748169
729,1789132219.9679909,pose/component_4,0.005124854389578104
729,1789132219.9679909,pose/component_5,0.7095808982849121
730,1789132220.162916,amp/overflow_retries,0.0
730,1789132220.162916,amp/scale,32.0
730,1789132220.162916,gradient/clipped_norm,378.1082458496094
730,1789132220.162916,images/detect,0.0
730,1789132220.162916,images/pose,16.0
730,1789132220.162916,loss/backward,76.79069519042969
730,1789132220.162916,loss/detect_mean,0.0
730,1789132220.162916,loss/joint_mean,1.1998546123504639
730,1789132220.162916,loss/pose_mean,1.1998546123504639
730,1789132220.162916,lr/attention.decay,0.0
730,1789132220.162916,lr/attention.no_decay,0.0
730,1789132220.162916,lr/backbone.decay,0.0
730,1789132220.162916,lr/backbone.no_decay,0.0
730,1789132220.162916,lr/detect_head.decay,0.0
730,1789132220.162916,lr/detect_head.no_decay,0.0
730,1789132220.162916,lr/neck.decay,0.0
730,1789132220.162916,lr/neck.no_decay,0.0
730,1789132220.162916,lr/pose_head.decay,9.325447681764587e-06
730,1789132220.162916,lr/pose_head.no_decay,9.325447681764587e-06
730,1789132220.162916,pose/component_0,0.7470994591712952
730,1789132220.162916,pose/component_1,0.0249085184186697
730,1789132220.162916,pose/component_2,0.024725059047341347
730,1789132220.162916,pose/component_3,0.37448936700820923
730,1789132220.162916,pose/component_4,0.002787072444334626
730,1789132220.162916,pose/component_5,0.0
731,1789132220.3576114,amp/overflow_retries,0.0
731,1789132220.3576114,amp/scale,32.0
731,1789132220.3576114,gradient/clipped_norm,384.65203857421875
731,1789132220.3576114,images/detect,0.0
731,1789132220.3576114,images/pose,16.0
731,1789132220.3576114,loss/backward,86.31349182128906
731,1789132220.3576114,loss/detect_mean,0.0
731,1789132220.3576114,loss/joint_mean,1.3486483097076416
731,1789132220.3576114,loss/pose_mean,1.3486483097076416
731,1789132220.3576114,lr/attention.decay,0.0
731,1789132220.3576114,lr/attention.no_decay,0.0
731,1789132220.3576114,lr/backbone.decay,0.0
731,1789132220.3576114,lr/backbone.no_decay,0.0
731,1789132220.3576114,lr/detect_head.decay,0.0
731,1789132220.3576114,lr/detect_head.no_decay,0.0
731,1789132220.3576114,lr/neck.decay,0.0
731,1789132220.3576114,lr/neck.no_decay,0.0
731,1789132220.3576114,lr/pose_head.decay,9.321844518480246e-06
731,1789132220.3576114,lr/pose_head.no_decay,9.321844518480246e-06
731,1789132220.3576114,pose/component_0,0.9453200697898865
731,1789132220.3576114,pose/component_1,0.02822439931333065
731,1789132220.3576114,pose/component_2,0.009242972359061241
731,1789132220.3576114,pose/component_3,0.5945021510124207
731,1789132220.3576114,pose/component_4,0.0029012372251600027
731,1789132220.3576114,pose/component_5,0.0
732,1789132220.5527182,amp/overflow_retries,0.0
732,1789132220.5527182,amp/scale,32.0
732,1789132220.5527182,gradient/clipped_norm,299.4212341308594
732,1789132220.5527182,images/detect,0.0
732,1789132220.5527182,images/pose,16.0
732,1789132220.5527182,loss/backward,66.69828796386719
732,1789132220.5527182,loss/detect_mean,0.0
732,1789132220.5527182,loss/joint_mean,1.0421607494354248
732,1789132220.5527182,loss/pose_mean,1.0421607494354248
732,1789132220.5527182,lr/attention.decay,0.0
732,1789132220.5527182,lr/attention.no_decay,0.0
732,1789132220.5527182,lr/backbone.decay,0.0
732,1789132220.5527182,lr/backbone.no_decay,0.0
732,1789132220.5527182,lr/detect_head.decay,0.0
732,1789132220.5527182,lr/detect_head.no_decay,0.0
732,1789132220.5527182,lr/neck.decay,0.0
732,1789132220.5527182,lr/neck.no_decay,0.0
732,1789132220.5527182,lr/pose_head.decay,9.318233266926506e-06
732,1789132220.5527182,lr/pose_head.no_decay,9.318233266926506e-06
732,1789132220.5527182,pose/component_0,0.7526565790176392
732,1789132220.5527182,pose/component_1,0.011900624260306358
732,1789132220.5527182,pose/component_2,0.009750616736710072
732,1789132220.5527182,pose/component_3,0.3369854986667633
732,1789132220.5527182,pose/component_4,0.003317277180030942
732,1789132220.5527182,pose/component_5,0.0
733,1789132220.7476735,amp/overflow_retries,0.0
733,1789132220.7476735,amp/scale,32.0
733,1789132220.7476735,gradient/clipped_norm,337.37689208984375
733,1789132220.7476735,images/detect,0.0
733,1789132220.7476735,images/pose,16.0
733,1789132220.7476735,loss/backward,72.9721450805664
733,1789132220.7476735,loss/detect_mean,0.0
733,1789132220.7476735,loss/joint_mean,1.14018976688385
733,1789132220.7476735,loss/pose_mean,1.14018976688385
733,1789132220.7476735,lr/attention.decay,0.0
733,1789132220.7476735,lr/attention.no_decay,0.0
733,1789132220.7476735,lr/backbone.decay,0.0
733,1789132220.7476735,lr/backbone.no_decay,0.0
733,1789132220.7476735,lr/detect_head.decay,0.0
733,1789132220.7476735,lr/detect_head.no_decay,0.0
733,1789132220.7476735,lr/neck.decay,0.0
733,1789132220.7476735,lr/neck.no_decay,0.0
733,1789132220.7476735,lr/pose_head.decay,9.314613943135894e-06
733,1789132220.7476735,lr/pose_head.no_decay,9.314613943135894e-06
733,1789132220.7476735,pose/component_0,0.8178988099098206
733,1789132220.7476735,pose/component_1,0.027446620166301727
733,1789132220.7476735,pose/component_2,0.0013697118265554309
733,1789132220.7476735,pose/component_3,0.4532133936882019
733,1789132220.7476735,pose/component_4,0.0019682610873132944
733,1789132220.7476735,pose/component_5,0.0
734,1789132220.9500039,amp/overflow_retries,0.0
734,1789132220.9500039,amp/scale,32.0
734,1789132220.9500039,gradient/clipped_norm,342.11578369140625
734,1789132220.9500039,images/detect,0.0
734,1789132220.9500039,images/pose,16.0
734,1789132220.9500039,loss/backward,69.89334869384766
734,1789132220.9500039,loss/detect_mean,0.0
734,1789132220.9500039,loss/joint_mean,1.0920835733413696
734,1789132220.9500039,loss/pose_mean,1.0920835733413696
734,1789132220.9500039,lr/attention.decay,0.0
734,1789132220.9500039,lr/attention.no_decay,0.0
734,1789132220.9500039,lr/backbone.decay,0.0
734,1789132220.9500039,lr/backbone.no_decay,0.0
734,1789132220.9500039,lr/detect_head.decay,0.0
734,1789132220.9500039,lr/detect_head.no_decay,0.0
734,1789132220.9500039,lr/neck.decay,0.0
734,1789132220.9500039,lr/neck.no_decay,0.0
734,1789132220.9500039,lr/pose_head.decay,9.31098656317678e-06
734,1789132220.9500039,lr/pose_head.no_decay,9.31098656317678e-06
734,1789132220.9500039,pose/component_0,0.8322384357452393
734,1789132220.9500039,pose/component_1,0.02145320177078247
734,1789132220.9500039,pose/component_2,0.017231103032827377
734,1789132220.9500039,pose/component_3,0.30175676941871643
734,1789132220.9500039,pose/component_4,0.0028655147179961205
734,1789132220.9500039,pose/component_5,0.0
735,1789132221.1446104,amp/overflow_retries,0.0
735,1789132221.1446104,amp/scale,32.0
735,1789132221.1446104,gradient/clipped_norm,2580.56982421875
735,1789132221.1446104,images/detect,0.0
735,1789132221.1446104,images/pose,16.0
735,1789132221.1446104,loss/backward,109.37373352050781
735,1789132221.1446104,loss/detect_mean,0.0
735,1789132221.1446104,loss/joint_mean,1.7089645862579346
735,1789132221.1446104,loss/pose_mean,1.7089645862579346
735,1789132221.1446104,lr/attention.decay,0.0
735,1789132221.1446104,lr/attention.no_decay,0.0
735,1789132221.1446104,lr/backbone.decay,0.0
735,1789132221.1446104,lr/backbone.no_decay,0.0
735,1789132221.1446104,lr/detect_head.decay,0.0
735,1789132221.1446104,lr/detect_head.no_decay,0.0
735,1789132221.1446104,lr/neck.decay,0.0
735,1789132221.1446104,lr/neck.no_decay,0.0
735,1789132221.1446104,lr/pose_head.decay,9.307351143153294e-06
735,1789132221.1446104,lr/pose_head.no_decay,9.307351143153294e-06
735,1789132221.1446104,pose/component_0,0.9508990049362183
735,1789132221.1446104,pose/component_1,0.03578663989901543
735,1789132221.1446104,pose/component_2,0.007871778681874275
735,1789132221.1446104,pose/component_3,0.39347031712532043
735,1789132221.1446104,pose/component_4,0.0029244646430015564
735,1789132221.1446104,pose/component_5,0.0
736,1789132221.3422155,amp/overflow_retries,0.0
736,1789132221.3422155,amp/scale,32.0
736,1789132221.3422155,gradient/clipped_norm,318.4849853515625
736,1789132221.3422155,images/detect,0.0
736,1789132221.3422155,images/pose,16.0
736,1789132221.3422155,loss/backward,90.871826171875
736,1789132221.3422155,loss/detect_mean,0.0
736,1789132221.3422155,loss/joint_mean,1.4198722839355469
736,1789132221.3422155,loss/pose_mean,1.4198722839355469
736,1789132221.3422155,lr/attention.decay,0.0
736,1789132221.3422155,lr/attention.no_decay,0.0
736,1789132221.3422155,lr/backbone.decay,0.0
736,1789132221.3422155,lr/backbone.no_decay,0.0
736,1789132221.3422155,lr/detect_head.decay,0.0
736,1789132221.3422155,lr/detect_head.no_decay,0.0
736,1789132221.3422155,lr/neck.decay,0.0
736,1789132221.3422155,lr/neck.no_decay,0.0
736,1789132221.3422155,lr/pose_head.decay,9.303707699205265e-06
736,1789132221.3422155,lr/pose_head.no_decay,9.303707699205265e-06
736,1789132221.3422155,pose/component_0,0.8670231699943542
736,1789132221.3422155,pose/component_1,0.012645567767322063
736,1789132221.3422155,pose/component_2,0.14085455238819122
736,1789132221.3422155,pose/component_3,0.5795302987098694
736,1789132221.3422155,pose/component_4,0.0038118320517241955
736,1789132221.3422155,pose/component_5,0.0
737,1789132221.537437,amp/overflow_retries,0.0
737,1789132221.537437,amp/scale,32.0
737,1789132221.537437,gradient/clipped_norm,369.232177734375
737,1789132221.537437,images/detect,0.0
737,1789132221.537437,images/pose,16.0
737,1789132221.537437,loss/backward,82.62161254882812
737,1789132221.537437,loss/detect_mean,0.0
737,1789132221.537437,loss/joint_mean,1.2909626960754395
737,1789132221.537437,loss/pose_mean,1.2909626960754395
737,1789132221.537437,lr/attention.decay,0.0
737,1789132221.537437,lr/attention.no_decay,0.0
737,1789132221.537437,lr/backbone.decay,0.0
737,1789132221.537437,lr/backbone.no_decay,0.0
737,1789132221.537437,lr/detect_head.decay,0.0
737,1789132221.537437,lr/detect_head.no_decay,0.0
737,1789132221.537437,lr/neck.decay,0.0
737,1789132221.537437,lr/neck.no_decay,0.0
737,1789132221.537437,lr/pose_head.decay,9.300056247508144e-06
737,1789132221.537437,lr/pose_head.no_decay,9.300056247508144e-06
737,1789132221.537437,pose/component_0,0.8488226532936096
737,1789132221.537437,pose/component_1,0.01954452320933342
737,1789132221.537437,pose/component_2,0.004540613386780024
737,1789132221.537437,pose/component_3,0.577816903591156
737,1789132221.537437,pose/component_4,0.0029253773391246796
737,1789132221.537437,pose/component_5,0.0
738,1789132221.7321744,amp/overflow_retries,0.0
738,1789132221.7321744,amp/scale,32.0
738,1789132221.7321744,gradient/clipped_norm,453.43450927734375
738,1789132221.7321744,images/detect,0.0
738,1789132221.7321744,images/pose,16.0
738,1789132221.7321744,loss/backward,85.0648193359375
738,1789132221.7321744,loss/detect_mean,0.0
738,1789132221.7321744,loss/joint_mean,1.3291378021240234
738,1789132221.7321744,loss/pose_mean,1.3291378021240234
738,1789132221.7321744,lr/attention.decay,0.0
738,1789132221.7321744,lr/attention.no_decay,0.0
738,1789132221.7321744,lr/backbone.decay,0.0
738,1789132221.7321744,lr/backbone.no_decay,0.0
738,1789132221.7321744,lr/detect_head.decay,0.0
738,1789132221.7321744,lr/detect_head.no_decay,0.0
738,1789132221.7321744,lr/neck.decay,0.0
738,1789132221.7321744,lr/neck.no_decay,0.0
738,1789132221.7321744,lr/pose_head.decay,9.296396804272932e-06
738,1789132221.7321744,lr/pose_head.no_decay,9.296396804272932e-06
738,1789132221.7321744,pose/component_0,0.9204248189926147
738,1789132221.7321744,pose/component_1,0.02075330540537834
738,1789132221.7321744,pose/component_2,0.029450824484229088
738,1789132221.7321744,pose/component_3,0.3680558204650879
738,1789132221.7321744,pose/component_4,0.0026934316847473383
738,1789132221.7321744,pose/component_5,0.0
739,1789132221.9267023,amp/overflow_retries,0.0
739,1789132221.9267023,amp/scale,32.0
739,1789132221.9267023,gradient/clipped_norm,308.8536376953125
739,1789132221.9267023,images/detect,0.0
739,1789132221.9267023,images/pose,16.0
739,1789132221.9267023,loss/backward,77.67350006103516
739,1789132221.9267023,loss/detect_mean,0.0
739,1789132221.9267023,loss/joint_mean,1.2136484384536743
739,1789132221.9267023,loss/pose_mean,1.2136484384536743
739,1789132221.9267023,lr/attention.decay,0.0
739,1789132221.9267023,lr/attention.no_decay,0.0
739,1789132221.9267023,lr/backbone.decay,0.0
739,1789132221.9267023,lr/backbone.no_decay,0.0
739,1789132221.9267023,lr/detect_head.decay,0.0
739,1789132221.9267023,lr/detect_head.no_decay,0.0
739,1789132221.9267023,lr/neck.decay,0.0
739,1789132221.9267023,lr/neck.no_decay,0.0
739,1789132221.9267023,lr/pose_head.decay,9.292729385746112e-06
739,1789132221.9267023,lr/pose_head.no_decay,9.292729385746112e-06
739,1789132221.9267023,pose/component_0,0.9053543210029602
739,1789132221.9267023,pose/component_1,0.022028625011444092
739,1789132221.9267023,pose/component_2,0.006976109463721514
739,1789132221.9267023,pose/component_3,0.43940600752830505
739,1789132221.9267023,pose/component_4,0.004299428313970566
739,1789132221.9267023,pose/component_5,0.0
740,1789132222.1216085,amp/overflow_retries,0.0
740,1789132222.1216085,amp/scale,32.0
740,1789132222.1216085,gradient/clipped_norm,410.39739990234375
740,1789132222.1216085,images/detect,0.0
740,1789132222.1216085,images/pose,16.0
740,1789132222.1216085,loss/backward,90.2236328125
740,1789132222.1216085,loss/detect_mean,0.0
740,1789132222.1216085,loss/joint_mean,1.4097442626953125
740,1789132222.1216085,loss/pose_mean,1.4097442626953125
740,1789132222.1216085,lr/attention.decay,0.0
740,1789132222.1216085,lr/attention.no_decay,0.0
740,1789132222.1216085,lr/backbone.decay,0.0
740,1789132222.1216085,lr/backbone.no_decay,0.0
740,1789132222.1216085,lr/detect_head.decay,0.0
740,1789132222.1216085,lr/detect_head.no_decay,0.0
740,1789132222.1216085,lr/neck.decay,0.0
740,1789132222.1216085,lr/neck.no_decay,0.0
740,1789132222.1216085,lr/pose_head.decay,9.28905400820957e-06
740,1789132222.1216085,lr/pose_head.no_decay,9.28905400820957e-06
740,1789132222.1216085,pose/component_0,0.8514189720153809
740,1789132222.1216085,pose/component_1,0.023252302780747414
740,1789132222.1216085,pose/component_2,0.1306154727935791
740,1789132222.1216085,pose/component_3,0.3908451497554779
740,1789132222.1216085,pose/component_4,0.0025492068380117416
740,1789132222.1216085,pose/component_5,0.0
741,1789132222.3172283,amp/overflow_retries,0.0
741,1789132222.3172283,amp/scale,32.0
741,1789132222.3172283,gradient/clipped_norm,390.8394775390625
741,1789132222.3172283,images/detect,0.0
741,1789132222.3172283,images/pose,16.0
741,1789132222.3172283,loss/backward,80.27194213867188
741,1789132222.3172283,loss/detect_mean,0.0
741,1789132222.3172283,loss/joint_mean,1.254249095916748
741,1789132222.3172283,loss/pose_mean,1.254249095916748
741,1789132222.3172283,lr/attention.decay,0.0
741,1789132222.3172283,lr/attention.no_decay,0.0
741,1789132222.3172283,lr/backbone.decay,0.0
741,1789132222.3172283,lr/backbone.no_decay,0.0
741,1789132222.3172283,lr/detect_head.decay,0.0
741,1789132222.3172283,lr/detect_head.no_decay,0.0
741,1789132222.3172283,lr/neck.decay,0.0
741,1789132222.3172283,lr/neck.no_decay,0.0
741,1789132222.3172283,lr/pose_head.decay,9.28537068798053e-06
741,1789132222.3172283,lr/pose_head.no_decay,9.28537068798053e-06
741,1789132222.3172283,pose/component_0,0.922455906867981
741,1789132222.3172283,pose/component_1,0.016657698899507523
741,1789132222.3172283,pose/component_2,0.005851245019584894
741,1789132222.3172283,pose/component_3,0.30348312854766846
741,1789132222.3172283,pose/component_4,0.0024807301815599203
741,1789132222.3172283,pose/component_5,0.0
742,1789132222.5120022,amp/overflow_retries,0.0
742,1789132222.5120022,amp/scale,32.0
742,1789132222.5120022,gradient/clipped_norm,397.1964416503906
742,1789132222.5120022,images/detect,0.0
742,1789132222.5120022,images/pose,16.0
742,1789132222.5120022,loss/backward,56.76372146606445
742,1789132222.5120022,loss/detect_mean,0.0
742,1789132222.5120022,loss/joint_mean,0.8869331479072571
742,1789132222.5120022,loss/pose_mean,0.8869331479072571
742,1789132222.5120022,lr/attention.decay,0.0
742,1789132222.5120022,lr/attention.no_decay,0.0
742,1789132222.5120022,lr/backbone.decay,0.0
742,1789132222.5120022,lr/backbone.no_decay,0.0
742,1789132222.5120022,lr/detect_head.decay,0.0
742,1789132222.5120022,lr/detect_head.no_decay,0.0
742,1789132222.5120022,lr/neck.decay,0.0
742,1789132222.5120022,lr/neck.no_decay,0.0
742,1789132222.5120022,lr/pose_head.decay,9.281679441411478e-06
742,1789132222.5120022,lr/pose_head.no_decay,9.281679441411478e-06
742,1789132222.5120022,pose/component_0,0.6048722267150879
742,1789132222.5120022,pose/component_1,0.015619847923517227
742,1789132222.5120022,pose/component_2,0.009627435356378555
742,1789132222.5120022,pose/component_3,0.2567979693412781
742,1789132222.5120022,pose/component_4,0.002695570234209299
742,1789132222.5120022,pose/component_5,0.0
743,1789132222.706821,amp/overflow_retries,0.0
743,1789132222.706821,amp/scale,32.0
743,1789132222.706821,gradient/clipped_norm,344.400634765625
743,1789132222.706821,images/detect,0.0
743,1789132222.706821,images/pose,16.0
743,1789132222.706821,loss/backward,90.04049682617188
743,1789132222.706821,loss/detect_mean,0.0
743,1789132222.706821,loss/joint_mean,1.4068827629089355
743,1789132222.706821,loss/pose_mean,1.4068827629089355
743,1789132222.706821,lr/attention.decay,0.0
743,1789132222.706821,lr/attention.no_decay,0.0
743,1789132222.706821,lr/backbone.decay,0.0
743,1789132222.706821,lr/backbone.no_decay,0.0
743,1789132222.706821,lr/detect_head.decay,0.0
743,1789132222.706821,lr/detect_head.no_decay,0.0
743,1789132222.706821,lr/neck.decay,0.0
743,1789132222.706821,lr/neck.no_decay,0.0
743,1789132222.706821,lr/pose_head.decay,9.27798028489009e-06
743,1789132222.706821,lr/pose_head.no_decay,9.27798028489009e-06
743,1789132222.706821,pose/component_0,1.0269293785095215
743,1789132222.706821,pose/component_1,0.033488258719444275
743,1789132222.706821,pose/component_2,0.007493290118873119
743,1789132222.706821,pose/component_3,0.41336631774902344
743,1789132222.706821,pose/component_4,0.0025255647487938404
743,1789132222.706821,pose/component_5,0.0
744,1789132222.9018724,amp/overflow_retries,0.0
744,1789132222.9018724,amp/scale,32.0
744,1789132222.9018724,gradient/clipped_norm,342.111083984375
744,1789132222.9018724,images/detect,0.0
744,1789132222.9018724,images/pose,16.0
744,1789132222.9018724,loss/backward,76.24297332763672
744,1789132222.9018724,loss/detect_mean,0.0
744,1789132222.9018724,loss/joint_mean,1.1912964582443237
744,1789132222.9018724,loss/pose_mean,1.1912964582443237
744,1789132222.9018724,lr/attention.decay,0.0
744,1789132222.9018724,lr/attention.no_decay,0.0
744,1789132222.9018724,lr/backbone.decay,0.0
744,1789132222.9018724,lr/backbone.no_decay,0.0
744,1789132222.9018724,lr/detect_head.decay,0.0
744,1789132222.9018724,lr/detect_head.no_decay,0.0
744,1789132222.9018724,lr/neck.decay,0.0
744,1789132222.9018724,lr/neck.no_decay,0.0
744,1789132222.9018724,lr/pose_head.decay,9.274273234839156e-06
744,1789132222.9018724,lr/pose_head.no_decay,9.274273234839156e-06
744,1789132222.9018724,pose/component_0,0.867447555065155
744,1789132222.9018724,pose/component_1,0.025816893205046654
744,1789132222.9018724,pose/component_2,0.024032020941376686
744,1789132222.9018724,pose/component_3,0.29024842381477356
744,1789132222.9018724,pose/component_4,0.002456832677125931
744,1789132222.9018724,pose/component_5,0.0
745,1789132223.0577128,amp/overflow_retries,0.0
745,1789132223.0577128,amp/scale,32.0
745,1789132223.0577128,gradient/clipped_norm,405.3408203125
745,1789132223.0577128,images/detect,0.0
745,1789132223.0577128,images/pose,12.0
745,1789132223.0577128,loss/backward,76.17703247070312
745,1789132223.0577128,loss/detect_mean,0.0
745,1789132223.0577128,loss/joint_mean,1.1902661323547363
745,1789132223.0577128,loss/pose_mean,1.1902661323547363
745,1789132223.0577128,lr/attention.decay,0.0
745,1789132223.0577128,lr/attention.no_decay,0.0
745,1789132223.0577128,lr/backbone.decay,0.0
745,1789132223.0577128,lr/backbone.no_decay,0.0
745,1789132223.0577128,lr/detect_head.decay,0.0
745,1789132223.0577128,lr/detect_head.no_decay,0.0
745,1789132223.0577128,lr/neck.decay,0.0
745,1789132223.0577128,lr/neck.no_decay,0.0
745,1789132223.0577128,lr/pose_head.decay,9.270558307716516e-06
745,1789132223.0577128,lr/pose_head.no_decay,9.270558307716516e-06
745,1789132223.0577128,pose/component_0,1.054039478302002
745,1789132223.0577128,pose/component_1,0.015590286813676357
745,1789132223.0577128,pose/component_2,0.001523866900242865
745,1789132223.0577128,pose/component_3,0.3828490972518921
745,1789132223.0577128,pose/component_4,0.0023244740441441536
745,1789132223.0577128,pose/component_5,0.0
