step,time_unix,metric,value
0,1789025007.2236137,amp/overflow_retries,11.0
0,1789025007.2236137,amp/scale,32.0
0,1789025007.2236137,gradient/clipped_norm,27055.599609375
0,1789025007.2236137,images/detect,0.0
0,1789025007.2236137,images/pose,16.0
0,1789025007.2236137,loss/backward,264.6473693847656
0,1789025007.2236137,loss/detect_mean,0.0
0,1789025007.2236137,loss/joint_mean,4.135115146636963
0,1789025007.2236137,loss/pose_mean,4.135115146636963
0,1789025007.2236137,lr/attention.decay,0.0
0,1789025007.2236137,lr/attention.no_decay,0.0
0,1789025007.2236137,lr/backbone.decay,1.5361930294906168e-06
0,1789025007.2236137,lr/backbone.no_decay,1.5361930294906168e-06
0,1789025007.2236137,lr/detect_head.decay,0.0
0,1789025007.2236137,lr/detect_head.no_decay,0.0
0,1789025007.2236137,lr/neck.decay,7.680965147453084e-06
0,1789025007.2236137,lr/neck.no_decay,7.680965147453084e-06
0,1789025007.2236137,lr/pose_head.decay,2.0482573726541557e-05
0,1789025007.2236137,lr/pose_head.no_decay,2.0482573726541557e-05
0,1789025007.2236137,pose/component_0,1.0236663818359375
0,1789025007.2236137,pose/component_1,0.13663218915462494
0,1789025007.2236137,pose/component_2,0.0572342611849308
0,1789025007.2236137,pose/component_3,0.6063573360443115
0,1789025007.2236137,pose/component_4,0.003835229203104973
0,1789025007.2236137,pose/component_5,1.012649416923523
1,1789025007.3467054,amp/overflow_retries,0.0
1,1789025007.3467054,amp/scale,32.0
1,1789025007.3467054,gradient/clipped_norm,18275.369140625
1,1789025007.3467054,images/detect,0.0
1,1789025007.3467054,images/pose,16.0
1,1789025007.3467054,loss/backward,192.517822265625
1,1789025007.3467054,loss/detect_mean,0.0
1,1789025007.3467054,loss/joint_mean,3.0080909729003906
1,1789025007.3467054,loss/pose_mean,3.0080909729003906
1,1789025007.3467054,lr/attention.decay,0.0
1,1789025007.3467054,lr/attention.no_decay,0.0
1,1789025007.3467054,lr/backbone.decay,1.5723860589812333e-06
1,1789025007.3467054,lr/backbone.no_decay,1.5723860589812333e-06
1,1789025007.3467054,lr/detect_head.decay,0.0
1,1789025007.3467054,lr/detect_head.no_decay,0.0
1,1789025007.3467054,lr/neck.decay,7.861930294906166e-06
1,1789025007.3467054,lr/neck.no_decay,7.861930294906166e-06
1,1789025007.3467054,lr/pose_head.decay,2.0965147453083113e-05
1,1789025007.3467054,lr/pose_head.no_decay,2.0965147453083113e-05
1,1789025007.3467054,pose/component_0,1.0863815546035767
1,1789025007.3467054,pose/component_1,0.03177427127957344
1,1789025007.3467054,pose/component_2,0.025412408635020256
1,1789025007.3467054,pose/component_3,0.5286966562271118
1,1789025007.3467054,pose/component_4,0.0030141412280499935
1,1789025007.3467054,pose/component_5,0.0
2,1789025007.4684193,amp/overflow_retries,0.0
2,1789025007.4684193,amp/scale,32.0
2,1789025007.4684193,gradient/clipped_norm,21149.279296875
2,1789025007.4684193,images/detect,0.0
2,1789025007.4684193,images/pose,16.0
2,1789025007.4684193,loss/backward,204.88783264160156
2,1789025007.4684193,loss/detect_mean,0.0
2,1789025007.4684193,loss/joint_mean,3.2013723850250244
2,1789025007.4684193,loss/pose_mean,3.2013723850250244
2,1789025007.4684193,lr/attention.decay,0.0
2,1789025007.4684193,lr/attention.no_decay,0.0
2,1789025007.4684193,lr/backbone.decay,1.60857908847185e-06
2,1789025007.4684193,lr/backbone.no_decay,1.60857908847185e-06
2,1789025007.4684193,lr/detect_head.decay,0.0
2,1789025007.4684193,lr/detect_head.no_decay,0.0
2,1789025007.4684193,lr/neck.decay,8.042895442359249e-06
2,1789025007.4684193,lr/neck.no_decay,8.042895442359249e-06
2,1789025007.4684193,lr/pose_head.decay,2.1447721179624665e-05
2,1789025007.4684193,lr/pose_head.no_decay,2.1447721179624665e-05
2,1789025007.4684193,pose/component_0,1.1684534549713135
2,1789025007.4684193,pose/component_1,0.02184709534049034
2,1789025007.4684193,pose/component_2,0.033065445721149445
2,1789025007.4684193,pose/component_3,0.5986643433570862
2,1789025007.4684193,pose/component_4,0.004113410133868456
2,1789025007.4684193,pose/component_5,0.0
3,1789025007.6997514,amp/overflow_retries,1.0
3,1789025007.6997514,amp/scale,16.0
3,1789025007.6997514,gradient/clipped_norm,32000.611328125
3,1789025007.6997514,images/detect,0.0
3,1789025007.6997514,images/pose,16.0
3,1789025007.6997514,loss/backward,179.00042724609375
3,1789025007.6997514,loss/detect_mean,0.0
3,1789025007.6997514,loss/joint_mean,2.796881675720215
3,1789025007.6997514,loss/pose_mean,2.796881675720215
3,1789025007.6997514,lr/attention.decay,0.0
3,1789025007.6997514,lr/attention.no_decay,0.0
3,1789025007.6997514,lr/backbone.decay,1.6447721179624665e-06
3,1789025007.6997514,lr/backbone.no_decay,1.6447721179624665e-06
3,1789025007.6997514,lr/detect_head.decay,0.0
3,1789025007.6997514,lr/detect_head.no_decay,0.0
3,1789025007.6997514,lr/neck.decay,8.223860589812331e-06
3,1789025007.6997514,lr/neck.no_decay,8.223860589812331e-06
3,1789025007.6997514,lr/pose_head.decay,2.193029490616622e-05
3,1789025007.6997514,lr/pose_head.no_decay,2.193029490616622e-05
3,1789025007.6997514,pose/component_0,1.1173954010009766
3,1789025007.6997514,pose/component_1,0.04197300970554352
3,1789025007.6997514,pose/component_2,0.013283824548125267
3,1789025007.6997514,pose/component_3,0.4578654170036316
3,1789025007.6997514,pose/component_4,0.0037673283368349075
3,1789025007.6997514,pose/component_5,0.0
4,1789025007.8216386,amp/overflow_retries,0.0
4,1789025007.8216386,amp/scale,16.0
4,1789025007.8216386,gradient/clipped_norm,25912.10546875
4,1789025007.8216386,images/detect,0.0
4,1789025007.8216386,images/pose,16.0
4,1789025007.8216386,loss/backward,181.22784423828125
4,1789025007.8216386,loss/detect_mean,0.0
4,1789025007.8216386,loss/joint_mean,2.8316850662231445
4,1789025007.8216386,loss/pose_mean,2.8316850662231445
4,1789025007.8216386,lr/attention.decay,0.0
4,1789025007.8216386,lr/attention.no_decay,0.0
4,1789025007.8216386,lr/backbone.decay,1.6809651474530834e-06
4,1789025007.8216386,lr/backbone.no_decay,1.6809651474530834e-06
4,1789025007.8216386,lr/detect_head.decay,0.0
4,1789025007.8216386,lr/detect_head.no_decay,0.0
4,1789025007.8216386,lr/neck.decay,8.404825737265415e-06
4,1789025007.8216386,lr/neck.no_decay,8.404825737265415e-06
4,1789025007.8216386,lr/pose_head.decay,2.241286863270778e-05
4,1789025007.8216386,lr/pose_head.no_decay,2.241286863270778e-05
4,1789025007.8216386,pose/component_0,1.0392632484436035
4,1789025007.8216386,pose/component_1,0.03206489607691765
4,1789025007.8216386,pose/component_2,0.014374581165611744
4,1789025007.8216386,pose/component_3,0.3903151750564575
4,1789025007.8216386,pose/component_4,0.0036101024597883224
4,1789025007.8216386,pose/component_5,0.0
5,1789025007.947196,amp/overflow_retries,0.0
5,1789025007.947196,amp/scale,16.0
5,1789025007.947196,gradient/clipped_norm,32838.984375
5,1789025007.947196,images/detect,0.0
5,1789025007.947196,images/pose,16.0
5,1789025007.947196,loss/backward,245.61685180664062
5,1789025007.947196,loss/detect_mean,0.0
5,1789025007.947196,loss/joint_mean,3.8377633094787598
5,1789025007.947196,loss/pose_mean,3.8377633094787598
5,1789025007.947196,lr/attention.decay,0.0
5,1789025007.947196,lr/attention.no_decay,0.0
5,1789025007.947196,lr/backbone.decay,1.7171581769436997e-06
5,1789025007.947196,lr/backbone.no_decay,1.7171581769436997e-06
5,1789025007.947196,lr/detect_head.decay,0.0
5,1789025007.947196,lr/detect_head.no_decay,0.0
5,1789025007.947196,lr/neck.decay,8.585790884718498e-06
5,1789025007.947196,lr/neck.no_decay,8.585790884718498e-06
5,1789025007.947196,lr/pose_head.decay,2.2895442359249332e-05
5,1789025007.947196,lr/pose_head.no_decay,2.2895442359249332e-05
5,1789025007.947196,pose/component_0,1.1709048748016357
5,1789025007.947196,pose/component_1,0.14022010564804077
5,1789025007.947196,pose/component_2,0.06279698014259338
5,1789025007.947196,pose/component_3,0.779775083065033
5,1789025007.947196,pose/component_4,0.002821806352585554
5,1789025007.947196,pose/component_5,0.15133655071258545
6,1789025008.0724833,amp/overflow_retries,0.0
6,1789025008.0724833,amp/scale,16.0
6,1789025008.0724833,gradient/clipped_norm,19427.6875
6,1789025008.0724833,images/detect,0.0
6,1789025008.0724833,images/pose,16.0
6,1789025008.0724833,loss/backward,148.790283203125
6,1789025008.0724833,loss/detect_mean,0.0
6,1789025008.0724833,loss/joint_mean,2.324848175048828
6,1789025008.0724833,loss/pose_mean,2.324848175048828
6,1789025008.0724833,lr/attention.decay,0.0
6,1789025008.0724833,lr/attention.no_decay,0.0
6,1789025008.0724833,lr/backbone.decay,1.7533512064343166e-06
6,1789025008.0724833,lr/backbone.no_decay,1.7533512064343166e-06
6,1789025008.0724833,lr/detect_head.decay,0.0
6,1789025008.0724833,lr/detect_head.no_decay,0.0
6,1789025008.0724833,lr/neck.decay,8.766756032171582e-06
6,1789025008.0724833,lr/neck.no_decay,8.766756032171582e-06
6,1789025008.0724833,lr/pose_head.decay,2.3378016085790888e-05
6,1789025008.0724833,lr/pose_head.no_decay,2.3378016085790888e-05
6,1789025008.0724833,pose/component_0,0.9332679510116577
6,1789025008.0724833,pose/component_1,0.08630514144897461
6,1789025008.0724833,pose/component_2,0.1379733830690384
6,1789025008.0724833,pose/component_3,0.3772975504398346
6,1789025008.0724833,pose/component_4,0.00328874122351408
6,1789025008.0724833,pose/component_5,0.0
7,1789025008.1936483,amp/overflow_retries,0.0
7,1789025008.1936483,amp/scale,16.0
7,1789025008.1936483,gradient/clipped_norm,28825.919921875
7,1789025008.1936483,images/detect,0.0
7,1789025008.1936483,images/pose,16.0
7,1789025008.1936483,loss/backward,233.685791015625
7,1789025008.1936483,loss/detect_mean,0.0
7,1789025008.1936483,loss/joint_mean,3.6513404846191406
7,1789025008.1936483,loss/pose_mean,3.6513404846191406
7,1789025008.1936483,lr/attention.decay,0.0
7,1789025008.1936483,lr/attention.no_decay,0.0
7,1789025008.1936483,lr/backbone.decay,1.7895442359249331e-06
7,1789025008.1936483,lr/backbone.no_decay,1.7895442359249331e-06
7,1789025008.1936483,lr/detect_head.decay,0.0
7,1789025008.1936483,lr/detect_head.no_decay,0.0
7,1789025008.1936483,lr/neck.decay,8.947721179624665e-06
7,1789025008.1936483,lr/neck.no_decay,8.947721179624665e-06
7,1789025008.1936483,lr/pose_head.decay,2.3860589812332443e-05
7,1789025008.1936483,lr/pose_head.no_decay,2.3860589812332443e-05
7,1789025008.1936483,pose/component_0,1.017873764038086
7,1789025008.1936483,pose/component_1,0.035144053399562836
7,1789025008.1936483,pose/component_2,0.02215098775923252
7,1789025008.1936483,pose/component_3,0.6118772625923157
7,1789025008.1936483,pose/component_4,0.003628965001553297
7,1789025008.1936483,pose/component_5,0.0
8,1789025008.3150547,amp/overflow_retries,0.0
8,1789025008.3150547,amp/scale,16.0
8,1789025008.3150547,gradient/clipped_norm,20574.3046875
8,1789025008.3150547,images/detect,0.0
8,1789025008.3150547,images/pose,16.0
8,1789025008.3150547,loss/backward,189.98837280273438
8,1789025008.3150547,loss/detect_mean,0.0
8,1789025008.3150547,loss/joint_mean,2.9685683250427246
8,1789025008.3150547,loss/pose_mean,2.9685683250427246
8,1789025008.3150547,lr/attention.decay,0.0
8,1789025008.3150547,lr/attention.no_decay,0.0
8,1789025008.3150547,lr/backbone.decay,1.8257372654155498e-06
8,1789025008.3150547,lr/backbone.no_decay,1.8257372654155498e-06
8,1789025008.3150547,lr/detect_head.decay,0.0
8,1789025008.3150547,lr/detect_head.no_decay,0.0
8,1789025008.3150547,lr/neck.decay,9.128686327077747e-06
8,1789025008.3150547,lr/neck.no_decay,9.128686327077747e-06
8,1789025008.3150547,lr/pose_head.decay,2.4343163538874e-05
8,1789025008.3150547,lr/pose_head.no_decay,2.4343163538874e-05
8,1789025008.3150547,pose/component_0,0.9795409440994263
8,1789025008.3150547,pose/component_1,0.023502521216869354
8,1789025008.3150547,pose/component_2,0.014566461555659771
8,1789025008.3150547,pose/component_3,0.4972142279148102
8,1789025008.3150547,pose/component_4,0.0035351808182895184
8,1789025008.3150547,pose/component_5,0.0
9,1789025008.4366965,amp/overflow_retries,0.0
9,1789025008.4366965,amp/scale,16.0
9,1789025008.4366965,gradient/clipped_norm,25284.939453125
9,1789025008.4366965,images/detect,0.0
9,1789025008.4366965,images/pose,16.0
9,1789025008.4366965,loss/backward,196.6522674560547
9,1789025008.4366965,loss/detect_mean,0.0
9,1789025008.4366965,loss/joint_mean,3.0726916790008545
9,1789025008.4366965,loss/pose_mean,3.0726916790008545
9,1789025008.4366965,lr/attention.decay,0.0
9,1789025008.4366965,lr/attention.no_decay,0.0
9,1789025008.4366965,lr/backbone.decay,1.8619302949061663e-06
9,1789025008.4366965,lr/backbone.no_decay,1.8619302949061663e-06
9,1789025008.4366965,lr/detect_head.decay,0.0
9,1789025008.4366965,lr/detect_head.no_decay,0.0
9,1789025008.4366965,lr/neck.decay,9.309651474530831e-06
9,1789025008.4366965,lr/neck.no_decay,9.309651474530831e-06
9,1789025008.4366965,lr/pose_head.decay,2.482573726541555e-05
9,1789025008.4366965,lr/pose_head.no_decay,2.482573726541555e-05
9,1789025008.4366965,pose/component_0,1.3494656085968018
9,1789025008.4366965,pose/component_1,0.039822936058044434
9,1789025008.4366965,pose/component_2,0.166071817278862
9,1789025008.4366965,pose/component_3,0.6671746969223022
9,1789025008.4366965,pose/component_4,0.005083543248474598
9,1789025008.4366965,pose/component_5,0.0
10,1789025008.564129,amp/overflow_retries,0.0
10,1789025008.564129,amp/scale,16.0
10,1789025008.564129,gradient/clipped_norm,18852.087890625
10,1789025008.564129,images/detect,0.0
10,1789025008.564129,images/pose,16.0
10,1789025008.564129,loss/backward,215.12950134277344
10,1789025008.564129,loss/detect_mean,0.0
10,1789025008.564129,loss/joint_mean,3.361398458480835
10,1789025008.564129,loss/pose_mean,3.361398458480835
10,1789025008.564129,lr/attention.decay,0.0
10,1789025008.564129,lr/attention.no_decay,0.0
10,1789025008.564129,lr/backbone.decay,1.898123324396783e-06
10,1789025008.564129,lr/backbone.no_decay,1.898123324396783e-06
10,1789025008.564129,lr/detect_head.decay,0.0
10,1789025008.564129,lr/detect_head.no_decay,0.0
10,1789025008.564129,lr/neck.decay,9.490616621983914e-06
10,1789025008.564129,lr/neck.no_decay,9.490616621983914e-06
10,1789025008.564129,lr/pose_head.decay,2.5308310991957107e-05
10,1789025008.564129,lr/pose_head.no_decay,2.5308310991957107e-05
10,1789025008.564129,pose/component_0,1.2418521642684937
10,1789025008.564129,pose/component_1,0.04203696548938751
10,1789025008.564129,pose/component_2,0.08241800963878632
10,1789025008.564129,pose/component_3,0.6361173391342163
10,1789025008.564129,pose/component_4,0.0037453812547028065
10,1789025008.564129,pose/component_5,0.0
11,1789025008.6858604,amp/overflow_retries,0.0
11,1789025008.6858604,amp/scale,16.0
11,1789025008.6858604,gradient/clipped_norm,19127.330078125
11,1789025008.6858604,images/detect,0.0
11,1789025008.6858604,images/pose,16.0
11,1789025008.6858604,loss/backward,143.8262939453125
11,1789025008.6858604,loss/detect_mean,0.0
11,1789025008.6858604,loss/joint_mean,2.247285842895508
11,1789025008.6858604,loss/pose_mean,2.247285842895508
11,1789025008.6858604,lr/attention.decay,0.0
11,1789025008.6858604,lr/attention.no_decay,0.0
11,1789025008.6858604,lr/backbone.decay,1.9343163538873998e-06
11,1789025008.6858604,lr/backbone.no_decay,1.9343163538873998e-06
11,1789025008.6858604,lr/detect_head.decay,0.0
11,1789025008.6858604,lr/detect_head.no_decay,0.0
11,1789025008.6858604,lr/neck.decay,9.671581769436998e-06
11,1789025008.6858604,lr/neck.no_decay,9.671581769436998e-06
11,1789025008.6858604,lr/pose_head.decay,2.5790884718498666e-05
11,1789025008.6858604,lr/pose_head.no_decay,2.5790884718498666e-05
11,1789025008.6858604,pose/component_0,1.207461953163147
11,1789025008.6858604,pose/component_1,0.2434214949607849
11,1789025008.6858604,pose/component_2,0.017457054927945137
11,1789025008.6858604,pose/component_3,0.48028746247291565
11,1789025008.6858604,pose/component_4,0.005968436133116484
11,1789025008.6858604,pose/component_5,0.3540654480457306
12,1789025008.8077166,amp/overflow_retries,0.0
12,1789025008.8077166,amp/scale,16.0
12,1789025008.8077166,gradient/clipped_norm,28330.732421875
12,1789025008.8077166,images/detect,0.0
12,1789025008.8077166,images/pose,16.0
12,1789025008.8077166,loss/backward,219.8778533935547
12,1789025008.8077166,loss/detect_mean,0.0
12,1789025008.8077166,loss/joint_mean,3.435591459274292
12,1789025008.8077166,loss/pose_mean,3.435591459274292
12,1789025008.8077166,lr/attention.decay,0.0
12,1789025008.8077166,lr/attention.no_decay,0.0
12,1789025008.8077166,lr/backbone.decay,1.9705093833780163e-06
12,1789025008.8077166,lr/backbone.no_decay,1.9705093833780163e-06
12,1789025008.8077166,lr/detect_head.decay,0.0
12,1789025008.8077166,lr/detect_head.no_decay,0.0
12,1789025008.8077166,lr/neck.decay,9.85254691689008e-06
12,1789025008.8077166,lr/neck.no_decay,9.85254691689008e-06
12,1789025008.8077166,lr/pose_head.decay,2.6273458445040218e-05
12,1789025008.8077166,lr/pose_head.no_decay,2.6273458445040218e-05
12,1789025008.8077166,pose/component_0,1.0539379119873047
12,1789025008.8077166,pose/component_1,0.03326243907213211
12,1789025008.8077166,pose/component_2,0.09843193739652634
12,1789025008.8077166,pose/component_3,0.49996834993362427
12,1789025008.8077166,pose/component_4,0.0036124626640230417
12,1789025008.8077166,pose/component_5,0.0
13,1789025008.9289799,amp/overflow_retries,0.0
13,1789025008.9289799,amp/scale,16.0
13,1789025008.9289799,gradient/clipped_norm,24659.298828125
13,1789025008.9289799,images/detect,0.0
13,1789025008.9289799,images/pose,16.0
13,1789025008.9289799,loss/backward,290.8326110839844
13,1789025008.9289799,loss/detect_mean,0.0
13,1789025008.9289799,loss/joint_mean,4.544259548187256
13,1789025008.9289799,loss/pose_mean,4.544259548187256
13,1789025008.9289799,lr/attention.decay,0.0
13,1789025008.9289799,lr/attention.no_decay,0.0
13,1789025008.9289799,lr/backbone.decay,2.0067024128686328e-06
13,1789025008.9289799,lr/backbone.no_decay,2.0067024128686328e-06
13,1789025008.9289799,lr/detect_head.decay,0.0
13,1789025008.9289799,lr/detect_head.no_decay,0.0
13,1789025008.9289799,lr/neck.decay,1.0033512064343161e-05
13,1789025008.9289799,lr/neck.no_decay,1.0033512064343161e-05
13,1789025008.9289799,lr/pose_head.decay,2.675603217158177e-05
13,1789025008.9289799,lr/pose_head.no_decay,2.675603217158177e-05
13,1789025008.9289799,pose/component_0,1.1405346393585205
13,1789025008.9289799,pose/component_1,0.2436465620994568
13,1789025008.9289799,pose/component_2,0.01743713952600956
13,1789025008.9289799,pose/component_3,0.8065085411071777
13,1789025008.9289799,pose/component_4,0.0037498651072382927
13,1789025008.9289799,pose/component_5,1.297474980354309
14,1789025009.050601,amp/overflow_retries,0.0
14,1789025009.050601,amp/scale,16.0
14,1789025009.050601,gradient/clipped_norm,24957.58984375
14,1789025009.050601,images/detect,0.0
14,1789025009.050601,images/pose,16.0
14,1789025009.050601,loss/backward,252.89210510253906
14,1789025009.050601,loss/detect_mean,0.0
14,1789025009.050601,loss/joint_mean,3.951439142227173
14,1789025009.050601,loss/pose_mean,3.951439142227173
14,1789025009.050601,lr/attention.decay,0.0
14,1789025009.050601,lr/attention.no_decay,0.0
14,1789025009.050601,lr/backbone.decay,2.0428954423592493e-06
14,1789025009.050601,lr/backbone.no_decay,2.0428954423592493e-06
14,1789025009.050601,lr/detect_head.decay,0.0
14,1789025009.050601,lr/detect_head.no_decay,0.0
14,1789025009.050601,lr/neck.decay,1.0214477211796246e-05
14,1789025009.050601,lr/neck.no_decay,1.0214477211796246e-05
14,1789025009.050601,lr/pose_head.decay,2.7238605898123326e-05
14,1789025009.050601,lr/pose_head.no_decay,2.7238605898123326e-05
14,1789025009.050601,pose/component_0,1.1011395454406738
14,1789025009.050601,pose/component_1,0.14196209609508514
14,1789025009.050601,pose/component_2,0.0302814282476902
14,1789025009.050601,pose/component_3,0.6634193658828735
14,1789025009.050601,pose/component_4,0.003518936224281788
14,1789025009.050601,pose/component_5,1.056795597076416
15,1789025009.1726928,amp/overflow_retries,0.0
15,1789025009.1726928,amp/scale,16.0
15,1789025009.1726928,gradient/clipped_norm,20175.001953125
15,1789025009.1726928,images/detect,0.0
15,1789025009.1726928,images/pose,16.0
15,1789025009.1726928,loss/backward,202.397216796875
15,1789025009.1726928,loss/detect_mean,0.0
15,1789025009.1726928,loss/joint_mean,3.162456512451172
15,1789025009.1726928,loss/pose_mean,3.162456512451172
15,1789025009.1726928,lr/attention.decay,0.0
15,1789025009.1726928,lr/attention.no_decay,0.0
15,1789025009.1726928,lr/backbone.decay,2.079088471849866e-06
15,1789025009.1726928,lr/backbone.no_decay,2.079088471849866e-06
15,1789025009.1726928,lr/detect_head.decay,0.0
15,1789025009.1726928,lr/detect_head.no_decay,0.0
15,1789025009.1726928,lr/neck.decay,1.039544235924933e-05
15,1789025009.1726928,lr/neck.no_decay,1.039544235924933e-05
15,1789025009.1726928,lr/pose_head.decay,2.7721179624664885e-05
15,1789025009.1726928,lr/pose_head.no_decay,2.7721179624664885e-05
15,1789025009.1726928,pose/component_0,1.0358725786209106
15,1789025009.1726928,pose/component_1,0.037211474031209946
15,1789025009.1726928,pose/component_2,0.09857678413391113
15,1789025009.1726928,pose/component_3,0.4967329800128937
15,1789025009.1726928,pose/component_4,0.0030635297298431396
15,1789025009.1726928,pose/component_5,0.0
16,1789025009.2943656,amp/overflow_retries,0.0
16,1789025009.2943656,amp/scale,16.0
16,1789025009.2943656,gradient/clipped_norm,27259.658203125
16,1789025009.2943656,images/detect,0.0
16,1789025009.2943656,images/pose,16.0
16,1789025009.2943656,loss/backward,175.1029510498047
16,1789025009.2943656,loss/detect_mean,0.0
16,1789025009.2943656,loss/joint_mean,2.7359836101531982
16,1789025009.2943656,loss/pose_mean,2.7359836101531982
16,1789025009.2943656,lr/attention.decay,0.0
16,1789025009.2943656,lr/attention.no_decay,0.0
16,1789025009.2943656,lr/backbone.decay,2.1152815013404827e-06
16,1789025009.2943656,lr/backbone.no_decay,2.1152815013404827e-06
16,1789025009.2943656,lr/detect_head.decay,0.0
16,1789025009.2943656,lr/detect_head.no_decay,0.0
16,1789025009.2943656,lr/neck.decay,1.0576407506702412e-05
16,1789025009.2943656,lr/neck.no_decay,1.0576407506702412e-05
16,1789025009.2943656,lr/pose_head.decay,2.8203753351206437e-05
16,1789025009.2943656,lr/pose_head.no_decay,2.8203753351206437e-05
16,1789025009.2943656,pose/component_0,1.0161875486373901
16,1789025009.2943656,pose/component_1,0.021359235048294067
16,1789025009.2943656,pose/component_2,0.04406089708209038
16,1789025009.2943656,pose/component_3,0.5421651005744934
16,1789025009.2943656,pose/component_4,0.0043343473225831985
16,1789025009.2943656,pose/component_5,0.0
17,1789025009.416558,amp/overflow_retries,0.0
17,1789025009.416558,amp/scale,16.0
17,1789025009.416558,gradient/clipped_norm,23730.39453125
17,1789025009.416558,images/detect,0.0
17,1789025009.416558,images/pose,16.0
17,1789025009.416558,loss/backward,147.08737182617188
17,1789025009.416558,loss/detect_mean,0.0
17,1789025009.416558,loss/joint_mean,2.2982401847839355
17,1789025009.416558,loss/pose_mean,2.2982401847839355
17,1789025009.416558,lr/attention.decay,0.0
17,1789025009.416558,lr/attention.no_decay,0.0
17,1789025009.416558,lr/backbone.decay,2.1514745308310996e-06
17,1789025009.416558,lr/backbone.no_decay,2.1514745308310996e-06
17,1789025009.416558,lr/detect_head.decay,0.0
17,1789025009.416558,lr/detect_head.no_decay,0.0
17,1789025009.416558,lr/neck.decay,1.0757372654155496e-05
17,1789025009.416558,lr/neck.no_decay,1.0757372654155496e-05
17,1789025009.416558,lr/pose_head.decay,2.8686327077747993e-05
17,1789025009.416558,lr/pose_head.no_decay,2.8686327077747993e-05
17,1789025009.416558,pose/component_0,0.9797833561897278
17,1789025009.416558,pose/component_1,0.017725978046655655
17,1789025009.416558,pose/component_2,0.05814742669463158
17,1789025009.416558,pose/component_3,0.5897294878959656
17,1789025009.416558,pose/component_4,0.002895255107432604
17,1789025009.416558,pose/component_5,0.0
18,1789025009.5422134,amp/overflow_retries,0.0
18,1789025009.5422134,amp/scale,16.0
18,1789025009.5422134,gradient/clipped_norm,24860.994140625
18,1789025009.5422134,images/detect,0.0
18,1789025009.5422134,images/pose,16.0
18,1789025009.5422134,loss/backward,194.7454833984375
18,1789025009.5422134,loss/detect_mean,0.0
18,1789025009.5422134,loss/joint_mean,3.042898178100586
18,1789025009.5422134,loss/pose_mean,3.042898178100586
18,1789025009.5422134,lr/attention.decay,0.0
18,1789025009.5422134,lr/attention.no_decay,0.0
18,1789025009.5422134,lr/backbone.decay,2.1876675603217157e-06
18,1789025009.5422134,lr/backbone.no_decay,2.1876675603217157e-06
18,1789025009.5422134,lr/detect_head.decay,0.0
18,1789025009.5422134,lr/detect_head.no_decay,0.0
18,1789025009.5422134,lr/neck.decay,1.0938337801608577e-05
18,1789025009.5422134,lr/neck.no_decay,1.0938337801608577e-05
18,1789025009.5422134,lr/pose_head.decay,2.9168900804289545e-05
18,1789025009.5422134,lr/pose_head.no_decay,2.9168900804289545e-05
18,1789025009.5422134,pose/component_0,1.060988426208496
18,1789025009.5422134,pose/component_1,0.03317098692059517
18,1789025009.5422134,pose/component_2,0.05052024871110916
18,1789025009.5422134,pose/component_3,0.48925384879112244
18,1789025009.5422134,pose/component_4,0.005574756767600775
18,1789025009.5422134,pose/component_5,0.21522298455238342
19,1789025009.6685238,amp/overflow_retries,0.0
19,1789025009.6685238,amp/scale,16.0
19,1789025009.6685238,gradient/clipped_norm,32304.392578125
19,1789025009.6685238,images/detect,0.0
19,1789025009.6685238,images/pose,16.0
19,1789025009.6685238,loss/backward,206.64358520507812
19,1789025009.6685238,loss/detect_mean,0.0
19,1789025009.6685238,loss/joint_mean,3.2288060188293457
19,1789025009.6685238,loss/pose_mean,3.2288060188293457
19,1789025009.6685238,lr/attention.decay,0.0
19,1789025009.6685238,lr/attention.no_decay,0.0
19,1789025009.6685238,lr/backbone.decay,2.2238605898123326e-06
19,1789025009.6685238,lr/backbone.no_decay,2.2238605898123326e-06
19,1789025009.6685238,lr/detect_head.decay,0.0
19,1789025009.6685238,lr/detect_head.no_decay,0.0
19,1789025009.6685238,lr/neck.decay,1.1119302949061661e-05
19,1789025009.6685238,lr/neck.no_decay,1.1119302949061661e-05
19,1789025009.6685238,lr/pose_head.decay,2.9651474530831104e-05
19,1789025009.6685238,lr/pose_head.no_decay,2.9651474530831104e-05
19,1789025009.6685238,pose/component_0,1.181335210800171
19,1789025009.6685238,pose/component_1,0.03870239853858948
19,1789025009.6685238,pose/component_2,0.010953351855278015
19,1789025009.6685238,pose/component_3,0.5690805912017822
19,1789025009.6685238,pose/component_4,0.0037558497861027718
19,1789025009.6685238,pose/component_5,0.0
20,1789025009.7899175,amp/overflow_retries,0.0
20,1789025009.7899175,amp/scale,16.0
20,1789025009.7899175,gradient/clipped_norm,26139.4765625
20,1789025009.7899175,images/detect,0.0
20,1789025009.7899175,images/pose,16.0
20,1789025009.7899175,loss/backward,157.99497985839844
20,1789025009.7899175,loss/detect_mean,0.0
20,1789025009.7899175,loss/joint_mean,2.4686715602874756
20,1789025009.7899175,loss/pose_mean,2.4686715602874756
20,1789025009.7899175,lr/attention.decay,0.0
20,1789025009.7899175,lr/attention.no_decay,0.0
20,1789025009.7899175,lr/backbone.decay,2.2600536193029496e-06
20,1789025009.7899175,lr/backbone.no_decay,2.2600536193029496e-06
20,1789025009.7899175,lr/detect_head.decay,0.0
20,1789025009.7899175,lr/detect_head.no_decay,0.0
20,1789025009.7899175,lr/neck.decay,1.1300268096514746e-05
20,1789025009.7899175,lr/neck.no_decay,1.1300268096514746e-05
20,1789025009.7899175,lr/pose_head.decay,3.013404825737266e-05
20,1789025009.7899175,lr/pose_head.no_decay,3.013404825737266e-05
20,1789025009.7899175,pose/component_0,0.9386122226715088
20,1789025009.7899175,pose/component_1,0.02963407337665558
20,1789025009.7899175,pose/component_2,0.07682383060455322
20,1789025009.7899175,pose/component_3,0.4173086881637573
20,1789025009.7899175,pose/component_4,0.0027619157917797565
20,1789025009.7899175,pose/component_5,0.0
21,1789025009.9126701,amp/overflow_retries,0.0
21,1789025009.9126701,amp/scale,16.0
21,1789025009.9126701,gradient/clipped_norm,32425.763671875
21,1789025009.9126701,images/detect,0.0
21,1789025009.9126701,images/pose,16.0
21,1789025009.9126701,loss/backward,245.111083984375
21,1789025009.9126701,loss/detect_mean,0.0
21,1789025009.9126701,loss/joint_mean,3.8298606872558594
21,1789025009.9126701,loss/pose_mean,3.8298606872558594
21,1789025009.9126701,lr/attention.decay,0.0
21,1789025009.9126701,lr/attention.no_decay,0.0
21,1789025009.9126701,lr/backbone.decay,2.296246648793566e-06
21,1789025009.9126701,lr/backbone.no_decay,2.296246648793566e-06
21,1789025009.9126701,lr/detect_head.decay,0.0
21,1789025009.9126701,lr/detect_head.no_decay,0.0
21,1789025009.9126701,lr/neck.decay,1.1481233243967828e-05
21,1789025009.9126701,lr/neck.no_decay,1.1481233243967828e-05
21,1789025009.9126701,lr/pose_head.decay,3.0616621983914215e-05
21,1789025009.9126701,lr/pose_head.no_decay,3.0616621983914215e-05
21,1789025009.9126701,pose/component_0,1.0113136768341064
21,1789025009.9126701,pose/component_1,0.03865979239344597
21,1789025009.9126701,pose/component_2,0.08020680397748947
21,1789025009.9126701,pose/component_3,0.5779398083686829
21,1789025009.9126701,pose/component_4,0.0034767366014420986
21,1789025009.9126701,pose/component_5,0.0
22,1789025010.034544,amp/overflow_retries,0.0
22,1789025010.034544,amp/scale,16.0
22,1789025010.034544,gradient/clipped_norm,23380.494140625
22,1789025010.034544,images/detect,0.0
22,1789025010.034544,images/pose,16.0
22,1789025010.034544,loss/backward,132.72096252441406
22,1789025010.034544,loss/detect_mean,0.0
22,1789025010.034544,loss/joint_mean,2.0737650394439697
22,1789025010.034544,loss/pose_mean,2.0737650394439697
22,1789025010.034544,lr/attention.decay,0.0
22,1789025010.034544,lr/attention.no_decay,0.0
22,1789025010.034544,lr/backbone.decay,2.332439678284182e-06
22,1789025010.034544,lr/backbone.no_decay,2.332439678284182e-06
22,1789025010.034544,lr/detect_head.decay,0.0
22,1789025010.034544,lr/detect_head.no_decay,0.0
22,1789025010.034544,lr/neck.decay,1.166219839142091e-05
22,1789025010.034544,lr/neck.no_decay,1.166219839142091e-05
22,1789025010.034544,lr/pose_head.decay,3.1099195710455764e-05
22,1789025010.034544,lr/pose_head.no_decay,3.1099195710455764e-05
22,1789025010.034544,pose/component_0,1.1430057287216187
22,1789025010.034544,pose/component_1,0.033543381839990616
22,1789025010.034544,pose/component_2,0.018142586573958397
22,1789025010.034544,pose/component_3,0.38824909925460815
22,1789025010.034544,pose/component_4,0.00420863414183259
22,1789025010.034544,pose/component_5,0.0
23,1789025010.1571062,amp/overflow_retries,0.0
23,1789025010.1571062,amp/scale,16.0
23,1789025010.1571062,gradient/clipped_norm,25093.583984375
23,1789025010.1571062,images/detect,0.0
23,1789025010.1571062,images/pose,16.0
23,1789025010.1571062,loss/backward,170.0050811767578
23,1789025010.1571062,loss/detect_mean,0.0
23,1789025010.1571062,loss/joint_mean,2.656329393386841
23,1789025010.1571062,loss/pose_mean,2.656329393386841
23,1789025010.1571062,lr/attention.decay,0.0
23,1789025010.1571062,lr/attention.no_decay,0.0
23,1789025010.1571062,lr/backbone.decay,2.368632707774799e-06
23,1789025010.1571062,lr/backbone.no_decay,2.368632707774799e-06
23,1789025010.1571062,lr/detect_head.decay,0.0
23,1789025010.1571062,lr/detect_head.no_decay,0.0
23,1789025010.1571062,lr/neck.decay,1.1843163538873993e-05
23,1789025010.1571062,lr/neck.no_decay,1.1843163538873993e-05
23,1789025010.1571062,lr/pose_head.decay,3.158176943699732e-05
23,1789025010.1571062,lr/pose_head.no_decay,3.158176943699732e-05
23,1789025010.1571062,pose/component_0,1.2139842510223389
23,1789025010.1571062,pose/component_1,0.04141399264335632
23,1789025010.1571062,pose/component_2,0.03580578789114952
23,1789025010.1571062,pose/component_3,0.506597638130188
23,1789025010.1571062,pose/component_4,0.003960016183555126
23,1789025010.1571062,pose/component_5,0.0
24,1789025010.2789898,amp/overflow_retries,0.0
24,1789025010.2789898,amp/scale,16.0
24,1789025010.2789898,gradient/clipped_norm,19679.22265625
24,1789025010.2789898,images/detect,0.0
24,1789025010.2789898,images/pose,16.0
24,1789025010.2789898,loss/backward,152.93043518066406
24,1789025010.2789898,loss/detect_mean,0.0
24,1789025010.2789898,loss/joint_mean,2.389538049697876
24,1789025010.2789898,loss/pose_mean,2.389538049697876
24,1789025010.2789898,lr/attention.decay,0.0
24,1789025010.2789898,lr/attention.no_decay,0.0
24,1789025010.2789898,lr/backbone.decay,2.404825737265416e-06
24,1789025010.2789898,lr/backbone.no_decay,2.404825737265416e-06
24,1789025010.2789898,lr/detect_head.decay,0.0
24,1789025010.2789898,lr/detect_head.no_decay,0.0
24,1789025010.2789898,lr/neck.decay,1.2024128686327077e-05
24,1789025010.2789898,lr/neck.no_decay,1.2024128686327077e-05
24,1789025010.2789898,lr/pose_head.decay,3.206434316353888e-05
24,1789025010.2789898,lr/pose_head.no_decay,3.206434316353888e-05
24,1789025010.2789898,pose/component_0,0.998113214969635
24,1789025010.2789898,pose/component_1,0.03300481289625168
24,1789025010.2789898,pose/component_2,0.030516916885972023
24,1789025010.2789898,pose/component_3,0.5242340564727783
24,1789025010.2789898,pose/component_4,0.004433109890669584
24,1789025010.2789898,pose/component_5,0.0
25,1789025010.401254,amp/overflow_retries,0.0
25,1789025010.401254,amp/scale,16.0
25,1789025010.401254,gradient/clipped_norm,29046.234375
25,1789025010.401254,images/detect,0.0
25,1789025010.401254,images/pose,16.0
25,1789025010.401254,loss/backward,243.10877990722656
25,1789025010.401254,loss/detect_mean,0.0
25,1789025010.401254,loss/joint_mean,3.798574686050415
25,1789025010.401254,loss/pose_mean,3.798574686050415
25,1789025010.401254,lr/attention.decay,0.0
25,1789025010.401254,lr/attention.no_decay,0.0
25,1789025010.401254,lr/backbone.decay,2.4410187667560325e-06
25,1789025010.401254,lr/backbone.no_decay,2.4410187667560325e-06
25,1789025010.401254,lr/detect_head.decay,0.0
25,1789025010.401254,lr/detect_head.no_decay,0.0
25,1789025010.401254,lr/neck.decay,1.2205093833780162e-05
25,1789025010.401254,lr/neck.no_decay,1.2205093833780162e-05
25,1789025010.401254,lr/pose_head.decay,3.254691689008044e-05
25,1789025010.401254,lr/pose_head.no_decay,3.254691689008044e-05
25,1789025010.401254,pose/component_0,1.1773970127105713
25,1789025010.401254,pose/component_1,0.050578560680150986
25,1789025010.401254,pose/component_2,0.41107961535453796
25,1789025010.401254,pose/component_3,0.7390154600143433
25,1789025010.401254,pose/component_4,0.0036980202421545982
25,1789025010.401254,pose/component_5,0.0
26,1789025010.5229561,amp/overflow_retries,0.0
26,1789025010.5229561,amp/scale,16.0
26,1789025010.5229561,gradient/clipped_norm,22347.3515625
26,1789025010.5229561,images/detect,0.0
26,1789025010.5229561,images/pose,16.0
26,1789025010.5229561,loss/backward,134.87725830078125
26,1789025010.5229561,loss/detect_mean,0.0
26,1789025010.5229561,loss/joint_mean,2.107457160949707
26,1789025010.5229561,loss/pose_mean,2.107457160949707
26,1789025010.5229561,lr/attention.decay,0.0
26,1789025010.5229561,lr/attention.no_decay,0.0
26,1789025010.5229561,lr/backbone.decay,2.477211796246649e-06
26,1789025010.5229561,lr/backbone.no_decay,2.477211796246649e-06
26,1789025010.5229561,lr/detect_head.decay,0.0
26,1789025010.5229561,lr/detect_head.no_decay,0.0
26,1789025010.5229561,lr/neck.decay,1.2386058981233244e-05
26,1789025010.5229561,lr/neck.no_decay,1.2386058981233244e-05
26,1789025010.5229561,lr/pose_head.decay,3.3029490616621987e-05
26,1789025010.5229561,lr/pose_head.no_decay,3.3029490616621987e-05
26,1789025010.5229561,pose/component_0,0.9198974967002869
26,1789025010.5229561,pose/component_1,0.021961521357297897
26,1789025010.5229561,pose/component_2,0.02404911443591118
26,1789025010.5229561,pose/component_3,0.4707357585430145
26,1789025010.5229561,pose/component_4,0.004391792695969343
26,1789025010.5229561,pose/component_5,0.0
27,1789025010.649799,amp/overflow_retries,0.0
27,1789025010.649799,amp/scale,16.0
27,1789025010.649799,gradient/clipped_norm,23496.060546875
27,1789025010.649799,images/detect,0.0
27,1789025010.649799,images/pose,16.0
27,1789025010.649799,loss/backward,189.76739501953125
27,1789025010.649799,loss/detect_mean,0.0
27,1789025010.649799,loss/joint_mean,2.965115547180176
27,1789025010.649799,loss/pose_mean,2.965115547180176
27,1789025010.649799,lr/attention.decay,0.0
27,1789025010.649799,lr/attention.no_decay,0.0
27,1789025010.649799,lr/backbone.decay,2.5134048257372655e-06
27,1789025010.649799,lr/backbone.no_decay,2.5134048257372655e-06
27,1789025010.649799,lr/detect_head.decay,0.0
27,1789025010.649799,lr/detect_head.no_decay,0.0
27,1789025010.649799,lr/neck.decay,1.2567024128686327e-05
27,1789025010.649799,lr/neck.no_decay,1.2567024128686327e-05
27,1789025010.649799,lr/pose_head.decay,3.351206434316354e-05
27,1789025010.649799,lr/pose_head.no_decay,3.351206434316354e-05
27,1789025010.649799,pose/component_0,1.1774301528930664
27,1789025010.649799,pose/component_1,0.0686710774898529
27,1789025010.649799,pose/component_2,0.03854789212346077
27,1789025010.649799,pose/component_3,0.5612964034080505
27,1789025010.649799,pose/component_4,0.003740414045751095
27,1789025010.649799,pose/component_5,0.0
28,1789025010.771346,amp/overflow_retries,0.0
28,1789025010.771346,amp/scale,16.0
28,1789025010.771346,gradient/clipped_norm,23418.646484375
28,1789025010.771346,images/detect,0.0
28,1789025010.771346,images/pose,16.0
28,1789025010.771346,loss/backward,185.2821044921875
28,1789025010.771346,loss/detect_mean,0.0
28,1789025010.771346,loss/joint_mean,2.8950328826904297
28,1789025010.771346,loss/pose_mean,2.8950328826904297
28,1789025010.771346,lr/attention.decay,0.0
28,1789025010.771346,lr/attention.no_decay,0.0
28,1789025010.771346,lr/backbone.decay,2.5495978552278824e-06
28,1789025010.771346,lr/backbone.no_decay,2.5495978552278824e-06
28,1789025010.771346,lr/detect_head.decay,0.0
28,1789025010.771346,lr/detect_head.no_decay,0.0
28,1789025010.771346,lr/neck.decay,1.274798927613941e-05
28,1789025010.771346,lr/neck.no_decay,1.274798927613941e-05
28,1789025010.771346,lr/pose_head.decay,3.39946380697051e-05
28,1789025010.771346,lr/pose_head.no_decay,3.39946380697051e-05
28,1789025010.771346,pose/component_0,1.0861696004867554
28,1789025010.771346,pose/component_1,0.10870583355426788
28,1789025010.771346,pose/component_2,0.1117180809378624
28,1789025010.771346,pose/component_3,0.5559651851654053
28,1789025010.771346,pose/component_4,0.002871300093829632
28,1789025010.771346,pose/component_5,0.21778404712677002
29,1789025010.901835,amp/overflow_retries,0.0
29,1789025010.901835,amp/scale,16.0
29,1789025010.901835,gradient/clipped_norm,20891.47265625
29,1789025010.901835,images/detect,0.0
29,1789025010.901835,images/pose,16.0
29,1789025010.901835,loss/backward,228.21401977539062
29,1789025010.901835,loss/detect_mean,0.0
29,1789025010.901835,loss/joint_mean,3.5658440589904785
29,1789025010.901835,loss/pose_mean,3.5658440589904785
29,1789025010.901835,lr/attention.decay,0.0
29,1789025010.901835,lr/attention.no_decay,0.0
29,1789025010.901835,lr/backbone.decay,2.585790884718499e-06
29,1789025010.901835,lr/backbone.no_decay,2.585790884718499e-06
29,1789025010.901835,lr/detect_head.decay,0.0
29,1789025010.901835,lr/detect_head.no_decay,0.0
29,1789025010.901835,lr/neck.decay,1.2928954423592493e-05
29,1789025010.901835,lr/neck.no_decay,1.2928954423592493e-05
29,1789025010.901835,lr/pose_head.decay,3.4477211796246653e-05
29,1789025010.901835,lr/pose_head.no_decay,3.4477211796246653e-05
29,1789025010.901835,pose/component_0,1.1559709310531616
29,1789025010.901835,pose/component_1,0.03877688944339752
29,1789025010.901835,pose/component_2,0.06886910647153854
29,1789025010.901835,pose/component_3,0.6713419556617737
29,1789025010.901835,pose/component_4,0.0033791009336709976
29,1789025010.901835,pose/component_5,0.4334442913532257
30,1789025011.0251951,amp/overflow_retries,0.0
30,1789025011.0251951,amp/scale,16.0
30,1789025011.0251951,gradient/clipped_norm,23839.384765625
30,1789025011.0251951,images/detect,0.0
30,1789025011.0251951,images/pose,16.0
30,1789025011.0251951,loss/backward,237.5120849609375
30,1789025011.0251951,loss/detect_mean,0.0
30,1789025011.0251951,loss/joint_mean,3.7111263275146484
30,1789025011.0251951,loss/pose_mean,3.7111263275146484
30,1789025011.0251951,lr/attention.decay,0.0
30,1789025011.0251951,lr/attention.no_decay,0.0
30,1789025011.0251951,lr/backbone.decay,2.6219839142091154e-06
30,1789025011.0251951,lr/backbone.no_decay,2.6219839142091154e-06
30,1789025011.0251951,lr/detect_head.decay,0.0
30,1789025011.0251951,lr/detect_head.no_decay,0.0
30,1789025011.0251951,lr/neck.decay,1.3109919571045576e-05
30,1789025011.0251951,lr/neck.no_decay,1.3109919571045576e-05
30,1789025011.0251951,lr/pose_head.decay,3.495978552278821e-05
30,1789025011.0251951,lr/pose_head.no_decay,3.495978552278821e-05
30,1789025011.0251951,pose/component_0,1.1006146669387817
30,1789025011.0251951,pose/component_1,0.12979523837566376
30,1789025011.0251951,pose/component_2,0.040998902171850204
30,1789025011.0251951,pose/component_3,0.6207201480865479
30,1789025011.0251951,pose/component_4,0.003742142114788294
30,1789025011.0251951,pose/component_5,0.5661769509315491
31,1789025011.146972,amp/overflow_retries,0.0
31,1789025011.146972,amp/scale,16.0
31,1789025011.146972,gradient/clipped_norm,19473.212890625
31,1789025011.146972,images/detect,0.0
31,1789025011.146972,images/pose,16.0
31,1789025011.146972,loss/backward,143.7408447265625
31,1789025011.146972,loss/detect_mean,0.0
31,1789025011.146972,loss/joint_mean,2.245950698852539
31,1789025011.146972,loss/pose_mean,2.245950698852539
31,1789025011.146972,lr/attention.decay,0.0
31,1789025011.146972,lr/attention.no_decay,0.0
31,1789025011.146972,lr/backbone.decay,2.658176943699732e-06
31,1789025011.146972,lr/backbone.no_decay,2.658176943699732e-06
31,1789025011.146972,lr/detect_head.decay,0.0
31,1789025011.146972,lr/detect_head.no_decay,0.0
31,1789025011.146972,lr/neck.decay,1.3290884718498658e-05
31,1789025011.146972,lr/neck.no_decay,1.3290884718498658e-05
31,1789025011.146972,lr/pose_head.decay,3.544235924932976e-05
31,1789025011.146972,lr/pose_head.no_decay,3.544235924932976e-05
31,1789025011.146972,pose/component_0,1.1405565738677979
31,1789025011.146972,pose/component_1,0.05409737676382065
31,1789025011.146972,pose/component_2,0.011877765879034996
31,1789025011.146972,pose/component_3,0.4086022973060608
31,1789025011.146972,pose/component_4,0.003179870080202818
31,1789025011.146972,pose/component_5,0.0
32,1789025011.2692716,amp/overflow_retries,0.0
32,1789025011.2692716,amp/scale,16.0
32,1789025011.2692716,gradient/clipped_norm,23837.55859375
32,1789025011.2692716,images/detect,0.0
32,1789025011.2692716,images/pose,16.0
32,1789025011.2692716,loss/backward,145.05416870117188
32,1789025011.2692716,loss/detect_mean,0.0
32,1789025011.2692716,loss/joint_mean,2.2664713859558105
32,1789025011.2692716,loss/pose_mean,2.2664713859558105
32,1789025011.2692716,lr/attention.decay,0.0
32,1789025011.2692716,lr/attention.no_decay,0.0
32,1789025011.2692716,lr/backbone.decay,2.694369973190349e-06
32,1789025011.2692716,lr/backbone.no_decay,2.694369973190349e-06
32,1789025011.2692716,lr/detect_head.decay,0.0
32,1789025011.2692716,lr/detect_head.no_decay,0.0
32,1789025011.2692716,lr/neck.decay,1.3471849865951743e-05
32,1789025011.2692716,lr/neck.no_decay,1.3471849865951743e-05
32,1789025011.2692716,lr/pose_head.decay,3.592493297587132e-05
32,1789025011.2692716,lr/pose_head.no_decay,3.592493297587132e-05
32,1789025011.2692716,pose/component_0,0.9226601123809814
32,1789025011.2692716,pose/component_1,0.030057979747653008
32,1789025011.2692716,pose/component_2,0.03595833107829094
32,1789025011.2692716,pose/component_3,0.46267932653427124
32,1789025011.2692716,pose/component_4,0.004221251234412193
32,1789025011.2692716,pose/component_5,0.0
33,1789025011.3920102,amp/overflow_retries,0.0
33,1789025011.3920102,amp/scale,16.0
33,1789025011.3920102,gradient/clipped_norm,22474.419921875
33,1789025011.3920102,images/detect,0.0
33,1789025011.3920102,images/pose,16.0
33,1789025011.3920102,loss/backward,185.2821044921875
33,1789025011.3920102,loss/detect_mean,0.0
33,1789025011.3920102,loss/joint_mean,2.8950328826904297
33,1789025011.3920102,loss/pose_mean,2.8950328826904297
33,1789025011.3920102,lr/attention.decay,0.0
33,1789025011.3920102,lr/attention.no_decay,0.0
33,1789025011.3920102,lr/backbone.decay,2.7305630026809654e-06
33,1789025011.3920102,lr/backbone.no_decay,2.7305630026809654e-06
33,1789025011.3920102,lr/detect_head.decay,0.0
33,1789025011.3920102,lr/detect_head.no_decay,0.0
33,1789025011.3920102,lr/neck.decay,1.3652815013404827e-05
33,1789025011.3920102,lr/neck.no_decay,1.3652815013404827e-05
33,1789025011.3920102,lr/pose_head.decay,3.6407506702412876e-05
33,1789025011.3920102,lr/pose_head.no_decay,3.6407506702412876e-05
33,1789025011.3920102,pose/component_0,1.3240363597869873
33,1789025011.3920102,pose/component_1,0.05983526632189751
33,1789025011.3920102,pose/component_2,0.04573941230773926
33,1789025011.3920102,pose/component_3,0.780421793460846
33,1789025011.3920102,pose/component_4,0.002738471142947674
33,1789025011.3920102,pose/component_5,0.0
34,1789025011.5135477,amp/overflow_retries,0.0
34,1789025011.5135477,amp/scale,16.0
34,1789025011.5135477,gradient/clipped_norm,26117.12109375
34,1789025011.5135477,images/detect,0.0
34,1789025011.5135477,images/pose,16.0
34,1789025011.5135477,loss/backward,293.6461181640625
34,1789025011.5135477,loss/detect_mean,0.0
34,1789025011.5135477,loss/joint_mean,4.588220596313477
34,1789025011.5135477,loss/pose_mean,4.588220596313477
34,1789025011.5135477,lr/attention.decay,0.0
34,1789025011.5135477,lr/attention.no_decay,0.0
34,1789025011.5135477,lr/backbone.decay,2.766756032171582e-06
34,1789025011.5135477,lr/backbone.no_decay,2.766756032171582e-06
34,1789025011.5135477,lr/detect_head.decay,0.0
34,1789025011.5135477,lr/detect_head.no_decay,0.0
34,1789025011.5135477,lr/neck.decay,1.3833780160857908e-05
34,1789025011.5135477,lr/neck.no_decay,1.3833780160857908e-05
34,1789025011.5135477,lr/pose_head.decay,3.6890080428954425e-05
34,1789025011.5135477,lr/pose_head.no_decay,3.6890080428954425e-05
34,1789025011.5135477,pose/component_0,1.1904232501983643
34,1789025011.5135477,pose/component_1,0.18296781182289124
34,1789025011.5135477,pose/component_2,0.054903872311115265
34,1789025011.5135477,pose/component_3,0.5507500767707825
34,1789025011.5135477,pose/component_4,0.004213348031044006
34,1789025011.5135477,pose/component_5,1.376886010169983
35,1789025011.6348119,amp/overflow_retries,0.0
35,1789025011.6348119,amp/scale,16.0
35,1789025011.6348119,gradient/clipped_norm,30422.392578125
35,1789025011.6348119,images/detect,0.0
35,1789025011.6348119,images/pose,16.0
35,1789025011.6348119,loss/backward,140.90626525878906
35,1789025011.6348119,loss/detect_mean,0.0
35,1789025011.6348119,loss/joint_mean,2.201660394668579
35,1789025011.6348119,loss/pose_mean,2.201660394668579
35,1789025011.6348119,lr/attention.decay,0.0
35,1789025011.6348119,lr/attention.no_decay,0.0
35,1789025011.6348119,lr/backbone.decay,2.8029490616621984e-06
35,1789025011.6348119,lr/backbone.no_decay,2.8029490616621984e-06
35,1789025011.6348119,lr/detect_head.decay,0.0
35,1789025011.6348119,lr/detect_head.no_decay,0.0
35,1789025011.6348119,lr/neck.decay,1.401474530831099e-05
35,1789025011.6348119,lr/neck.no_decay,1.401474530831099e-05
35,1789025011.6348119,lr/pose_head.decay,3.737265415549598e-05
35,1789025011.6348119,lr/pose_head.no_decay,3.737265415549598e-05
35,1789025011.6348119,pose/component_0,1.1112626791000366
35,1789025011.6348119,pose/component_1,0.055683135986328125
35,1789025011.6348119,pose/component_2,0.0095305684953928
35,1789025011.6348119,pose/component_3,0.3772051930427551
35,1789025011.6348119,pose/component_4,0.003048268146812916
35,1789025011.6348119,pose/component_5,0.0
36,1789025011.7563138,amp/overflow_retries,0.0
36,1789025011.7563138,amp/scale,16.0
36,1789025011.7563138,gradient/clipped_norm,24511.39453125
36,1789025011.7563138,images/detect,0.0
36,1789025011.7563138,images/pose,16.0
36,1789025011.7563138,loss/backward,227.42596435546875
36,1789025011.7563138,loss/detect_mean,0.0
36,1789025011.7563138,loss/joint_mean,3.553530693054199
36,1789025011.7563138,loss/pose_mean,3.553530693054199
36,1789025011.7563138,lr/attention.decay,0.0
36,1789025011.7563138,lr/attention.no_decay,0.0
36,1789025011.7563138,lr/backbone.decay,2.8391420911528153e-06
36,1789025011.7563138,lr/backbone.no_decay,2.8391420911528153e-06
36,1789025011.7563138,lr/detect_head.decay,0.0
36,1789025011.7563138,lr/detect_head.no_decay,0.0
36,1789025011.7563138,lr/neck.decay,1.4195710455764074e-05
36,1789025011.7563138,lr/neck.no_decay,1.4195710455764074e-05
36,1789025011.7563138,lr/pose_head.decay,3.7855227882037536e-05
36,1789025011.7563138,lr/pose_head.no_decay,3.7855227882037536e-05
36,1789025011.7563138,pose/component_0,0.8391451239585876
36,1789025011.7563138,pose/component_1,0.3314855694770813
36,1789025011.7563138,pose/component_2,0.023388130590319633
36,1789025011.7563138,pose/component_3,0.4394928514957428
36,1789025011.7563138,pose/component_4,0.0037049613893032074
36,1789025011.7563138,pose/component_5,2.0206563472747803
37,1789025011.8780098,amp/overflow_retries,0.0
37,1789025011.8780098,amp/scale,16.0
37,1789025011.8780098,gradient/clipped_norm,19514.662109375
37,1789025011.8780098,images/detect,0.0
37,1789025011.8780098,images/pose,16.0
37,1789025011.8780098,loss/backward,228.49517822265625
37,1789025011.8780098,loss/detect_mean,0.0
37,1789025011.8780098,loss/joint_mean,3.570237159729004
37,1789025011.8780098,loss/pose_mean,3.570237159729004
37,1789025011.8780098,lr/attention.decay,0.0
37,1789025011.8780098,lr/attention.no_decay,0.0
37,1789025011.8780098,lr/backbone.decay,2.875335120643432e-06
37,1789025011.8780098,lr/backbone.no_decay,2.875335120643432e-06
37,1789025011.8780098,lr/detect_head.decay,0.0
37,1789025011.8780098,lr/detect_head.no_decay,0.0
37,1789025011.8780098,lr/neck.decay,1.4376675603217159e-05
37,1789025011.8780098,lr/neck.no_decay,1.4376675603217159e-05
37,1789025011.8780098,lr/pose_head.decay,3.833780160857909e-05
37,1789025011.8780098,lr/pose_head.no_decay,3.833780160857909e-05
37,1789025011.8780098,pose/component_0,0.9372233152389526
37,1789025011.8780098,pose/component_1,0.03899766132235527
37,1789025011.8780098,pose/component_2,0.013041773810982704
37,1789025011.8780098,pose/component_3,0.41591110825538635
37,1789025011.8780098,pose/component_4,0.004761011805385351
37,1789025011.8780098,pose/component_5,1.2497851848602295
38,1789025011.9995437,amp/overflow_retries,0.0
38,1789025011.9995437,amp/scale,16.0
38,1789025011.9995437,gradient/clipped_norm,24260.16796875
38,1789025011.9995437,images/detect,0.0
38,1789025011.9995437,images/pose,16.0
38,1789025011.9995437,loss/backward,165.21139526367188
38,1789025011.9995437,loss/detect_mean,0.0
38,1789025011.9995437,loss/joint_mean,2.581428050994873
38,1789025011.9995437,loss/pose_mean,2.581428050994873
38,1789025011.9995437,lr/attention.decay,0.0
38,1789025011.9995437,lr/attention.no_decay,0.0
38,1789025011.9995437,lr/backbone.decay,2.9115281501340483e-06
38,1789025011.9995437,lr/backbone.no_decay,2.9115281501340483e-06
38,1789025011.9995437,lr/detect_head.decay,0.0
38,1789025011.9995437,lr/detect_head.no_decay,0.0
38,1789025011.9995437,lr/neck.decay,1.455764075067024e-05
38,1789025011.9995437,lr/neck.no_decay,1.455764075067024e-05
38,1789025011.9995437,lr/pose_head.decay,3.882037533512065e-05
38,1789025011.9995437,lr/pose_head.no_decay,3.882037533512065e-05
38,1789025011.9995437,pose/component_0,1.081300973892212
38,1789025011.9995437,pose/component_1,0.045811183750629425
38,1789025011.9995437,pose/component_2,0.12809287011623383
38,1789025011.9995437,pose/component_3,0.45861873030662537
38,1789025011.9995437,pose/component_4,0.006083321291953325
38,1789025011.9995437,pose/component_5,0.0
39,1789025012.1206648,amp/overflow_retries,0.0
39,1789025012.1206648,amp/scale,16.0
39,1789025012.1206648,gradient/clipped_norm,19202.46484375
39,1789025012.1206648,images/detect,0.0
39,1789025012.1206648,images/pose,16.0
39,1789025012.1206648,loss/backward,181.91891479492188
39,1789025012.1206648,loss/detect_mean,0.0
39,1789025012.1206648,loss/joint_mean,2.8424830436706543
39,1789025012.1206648,loss/pose_mean,2.8424830436706543
39,1789025012.1206648,lr/attention.decay,0.0
39,1789025012.1206648,lr/attention.no_decay,0.0
39,1789025012.1206648,lr/backbone.decay,2.9477211796246652e-06
39,1789025012.1206648,lr/backbone.no_decay,2.9477211796246652e-06
39,1789025012.1206648,lr/detect_head.decay,0.0
39,1789025012.1206648,lr/detect_head.no_decay,0.0
39,1789025012.1206648,lr/neck.decay,1.4738605898123324e-05
39,1789025012.1206648,lr/neck.no_decay,1.4738605898123324e-05
39,1789025012.1206648,lr/pose_head.decay,3.93029490616622e-05
39,1789025012.1206648,lr/pose_head.no_decay,3.93029490616622e-05
39,1789025012.1206648,pose/component_0,0.897976279258728
39,1789025012.1206648,pose/component_1,0.020150650292634964
39,1789025012.1206648,pose/component_2,0.027358688414096832
39,1789025012.1206648,pose/component_3,0.436572790145874
39,1789025012.1206648,pose/component_4,0.004819624591618776
39,1789025012.1206648,pose/component_5,0.0
40,1789025012.2429485,amp/overflow_retries,0.0
40,1789025012.2429485,amp/scale,16.0
40,1789025012.2429485,gradient/clipped_norm,18244.998046875
40,1789025012.2429485,images/detect,0.0
40,1789025012.2429485,images/pose,16.0
40,1789025012.2429485,loss/backward,140.8451385498047
40,1789025012.2429485,loss/detect_mean,0.0
40,1789025012.2429485,loss/joint_mean,2.2007052898406982
40,1789025012.2429485,loss/pose_mean,2.2007052898406982
40,1789025012.2429485,lr/attention.decay,0.0
40,1789025012.2429485,lr/attention.no_decay,0.0
40,1789025012.2429485,lr/backbone.decay,2.9839142091152817e-06
40,1789025012.2429485,lr/backbone.no_decay,2.9839142091152817e-06
40,1789025012.2429485,lr/detect_head.decay,0.0
40,1789025012.2429485,lr/detect_head.no_decay,0.0
40,1789025012.2429485,lr/neck.decay,1.4919571045576406e-05
40,1789025012.2429485,lr/neck.no_decay,1.4919571045576406e-05
40,1789025012.2429485,lr/pose_head.decay,3.978552278820375e-05
40,1789025012.2429485,lr/pose_head.no_decay,3.978552278820375e-05
40,1789025012.2429485,pose/component_0,1.020202398300171
40,1789025012.2429485,pose/component_1,0.05492014437913895
40,1789025012.2429485,pose/component_2,0.016646768897771835
40,1789025012.2429485,pose/component_3,0.5420417785644531
40,1789025012.2429485,pose/component_4,0.0031829257495701313
40,1789025012.2429485,pose/component_5,0.0
41,1789025012.3653893,amp/overflow_retries,0.0
41,1789025012.3653893,amp/scale,16.0
41,1789025012.3653893,gradient/clipped_norm,28703.458984375
41,1789025012.3653893,images/detect,0.0
41,1789025012.3653893,images/pose,16.0
41,1789025012.3653893,loss/backward,271.2562561035156
41,1789025012.3653893,loss/detect_mean,0.0
41,1789025012.3653893,loss/joint_mean,4.238379001617432
41,1789025012.3653893,loss/pose_mean,4.238379001617432
41,1789025012.3653893,lr/attention.decay,0.0
41,1789025012.3653893,lr/attention.no_decay,0.0
41,1789025012.3653893,lr/backbone.decay,3.0201072386058982e-06
41,1789025012.3653893,lr/backbone.no_decay,3.0201072386058982e-06
41,1789025012.3653893,lr/detect_head.decay,0.0
41,1789025012.3653893,lr/detect_head.no_decay,0.0
41,1789025012.3653893,lr/neck.decay,1.510053619302949e-05
41,1789025012.3653893,lr/neck.no_decay,1.510053619302949e-05
41,1789025012.3653893,lr/pose_head.decay,4.0268096514745314e-05
41,1789025012.3653893,lr/pose_head.no_decay,4.0268096514745314e-05
41,1789025012.3653893,pose/component_0,0.9309095144271851
41,1789025012.3653893,pose/component_1,0.04609862342476845
41,1789025012.3653893,pose/component_2,0.02890912815928459
41,1789025012.3653893,pose/component_3,0.7010506987571716
41,1789025012.3653893,pose/component_4,0.0045691863633692265
41,1789025012.3653893,pose/component_5,0.8022568225860596
42,1789025012.4884238,amp/overflow_retries,0.0
42,1789025012.4884238,amp/scale,16.0
42,1789025012.4884238,gradient/clipped_norm,18043.5625
42,1789025012.4884238,images/detect,0.0
42,1789025012.4884238,images/pose,16.0
42,1789025012.4884238,loss/backward,136.66738891601562
42,1789025012.4884238,loss/detect_mean,0.0
42,1789025012.4884238,loss/joint_mean,2.135427951812744
42,1789025012.4884238,loss/pose_mean,2.135427951812744
42,1789025012.4884238,lr/attention.decay,0.0
42,1789025012.4884238,lr/attention.no_decay,0.0
42,1789025012.4884238,lr/backbone.decay,3.0563002680965147e-06
42,1789025012.4884238,lr/backbone.no_decay,3.0563002680965147e-06
42,1789025012.4884238,lr/detect_head.decay,0.0
42,1789025012.4884238,lr/detect_head.no_decay,0.0
42,1789025012.4884238,lr/neck.decay,1.528150134048257e-05
42,1789025012.4884238,lr/neck.no_decay,1.528150134048257e-05
42,1789025012.4884238,lr/pose_head.decay,4.075067024128686e-05
42,1789025012.4884238,lr/pose_head.no_decay,4.075067024128686e-05
42,1789025012.4884238,pose/component_0,0.9593938589096069
42,1789025012.4884238,pose/component_1,0.020796315744519234
42,1789025012.4884238,pose/component_2,0.09185702353715897
42,1789025012.4884238,pose/component_3,0.46441981196403503
42,1789025012.4884238,pose/component_4,0.002817330649122596
42,1789025012.4884238,pose/component_5,0.0
43,1789025012.6103752,amp/overflow_retries,0.0
43,1789025012.6103752,amp/scale,16.0
43,1789025012.6103752,gradient/clipped_norm,26235.8515625
43,1789025012.6103752,images/detect,0.0
43,1789025012.6103752,images/pose,16.0
43,1789025012.6103752,loss/backward,197.22213745117188
43,1789025012.6103752,loss/detect_mean,0.0
43,1789025012.6103752,loss/joint_mean,3.0815958976745605
43,1789025012.6103752,loss/pose_mean,3.0815958976745605
43,1789025012.6103752,lr/attention.decay,0.0
43,1789025012.6103752,lr/attention.no_decay,0.0
43,1789025012.6103752,lr/backbone.decay,3.0924932975871317e-06
43,1789025012.6103752,lr/backbone.no_decay,3.0924932975871317e-06
43,1789025012.6103752,lr/detect_head.decay,0.0
43,1789025012.6103752,lr/detect_head.no_decay,0.0
43,1789025012.6103752,lr/neck.decay,1.5462466487935657e-05
43,1789025012.6103752,lr/neck.no_decay,1.5462466487935657e-05
43,1789025012.6103752,lr/pose_head.decay,4.1233243967828425e-05
43,1789025012.6103752,lr/pose_head.no_decay,4.1233243967828425e-05
43,1789025012.6103752,pose/component_0,0.7440690398216248
43,1789025012.6103752,pose/component_1,0.030760210007429123
43,1789025012.6103752,pose/component_2,0.01321953535079956
43,1789025012.6103752,pose/component_3,0.4280264675617218
43,1789025012.6103752,pose/component_4,0.0035151124466210604
43,1789025012.6103752,pose/component_5,0.0
44,1789025012.7323472,amp/overflow_retries,0.0
44,1789025012.7323472,amp/scale,16.0
44,1789025012.7323472,gradient/clipped_norm,19355.419921875
44,1789025012.7323472,images/detect,0.0
44,1789025012.7323472,images/pose,16.0
44,1789025012.7323472,loss/backward,207.77719116210938
44,1789025012.7323472,loss/detect_mean,0.0
44,1789025012.7323472,loss/joint_mean,3.246518611907959
44,1789025012.7323472,loss/pose_mean,3.246518611907959
44,1789025012.7323472,lr/attention.decay,0.0
44,1789025012.7323472,lr/attention.no_decay,0.0
44,1789025012.7323472,lr/backbone.decay,3.128686327077748e-06
44,1789025012.7323472,lr/backbone.no_decay,3.128686327077748e-06
44,1789025012.7323472,lr/detect_head.decay,0.0
44,1789025012.7323472,lr/detect_head.no_decay,0.0
44,1789025012.7323472,lr/neck.decay,1.564343163538874e-05
44,1789025012.7323472,lr/neck.no_decay,1.564343163538874e-05
44,1789025012.7323472,lr/pose_head.decay,4.1715817694369974e-05
44,1789025012.7323472,lr/pose_head.no_decay,4.1715817694369974e-05
44,1789025012.7323472,pose/component_0,0.8597956895828247
44,1789025012.7323472,pose/component_1,0.014680376276373863
44,1789025012.7323472,pose/component_2,0.20000983774662018
44,1789025012.7323472,pose/component_3,0.4340550899505615
44,1789025012.7323472,pose/component_4,0.008127452805638313
44,1789025012.7323472,pose/component_5,0.0
45,1789025012.8549287,amp/overflow_retries,0.0
45,1789025012.8549287,amp/scale,16.0
45,1789025012.8549287,gradient/clipped_norm,27150.8125
45,1789025012.8549287,images/detect,0.0
45,1789025012.8549287,images/pose,16.0
45,1789025012.8549287,loss/backward,379.2079162597656
45,1789025012.8549287,loss/detect_mean,0.0
45,1789025012.8549287,loss/joint_mean,5.925123691558838
45,1789025012.8549287,loss/pose_mean,5.925123691558838
45,1789025012.8549287,lr/attention.decay,0.0
45,1789025012.8549287,lr/attention.no_decay,0.0
45,1789025012.8549287,lr/backbone.decay,3.1648793565683647e-06
45,1789025012.8549287,lr/backbone.no_decay,3.1648793565683647e-06
45,1789025012.8549287,lr/detect_head.decay,0.0
45,1789025012.8549287,lr/detect_head.no_decay,0.0
45,1789025012.8549287,lr/neck.decay,1.5824396782841822e-05
45,1789025012.8549287,lr/neck.no_decay,1.5824396782841822e-05
45,1789025012.8549287,lr/pose_head.decay,4.219839142091153e-05
45,1789025012.8549287,lr/pose_head.no_decay,4.219839142091153e-05
45,1789025012.8549287,pose/component_0,1.1740134954452515
45,1789025012.8549287,pose/component_1,0.13098856806755066
45,1789025012.8549287,pose/component_2,0.031070798635482788
45,1789025012.8549287,pose/component_3,0.5976859927177429
45,1789025012.8549287,pose/component_4,0.007121729664504528
45,1789025012.8549287,pose/component_5,1.9307334423065186
46,1789025012.9762905,amp/overflow_retries,0.0
46,1789025012.9762905,amp/scale,16.0
46,1789025012.9762905,gradient/clipped_norm,20440.2890625
46,1789025012.9762905,images/detect,0.0
46,1789025012.9762905,images/pose,16.0
46,1789025012.9762905,loss/backward,94.97111511230469
46,1789025012.9762905,loss/detect_mean,0.0
46,1789025012.9762905,loss/joint_mean,1.4839236736297607
46,1789025012.9762905,loss/pose_mean,1.4839236736297607
46,1789025012.9762905,lr/attention.decay,0.0
46,1789025012.9762905,lr/attention.no_decay,0.0
46,1789025012.9762905,lr/backbone.decay,3.2010723860589816e-06
46,1789025012.9762905,lr/backbone.no_decay,3.2010723860589816e-06
46,1789025012.9762905,lr/detect_head.decay,0.0
46,1789025012.9762905,lr/detect_head.no_decay,0.0
46,1789025012.9762905,lr/neck.decay,1.6005361930294908e-05
46,1789025012.9762905,lr/neck.no_decay,1.6005361930294908e-05
46,1789025012.9762905,lr/pose_head.decay,4.268096514745309e-05
46,1789025012.9762905,lr/pose_head.no_decay,4.268096514745309e-05
46,1789025012.9762905,pose/component_0,0.8831257820129395
46,1789025012.9762905,pose/component_1,0.018700474873185158
46,1789025012.9762905,pose/component_2,0.030679866671562195
46,1789025012.9762905,pose/component_3,0.3275401294231415
46,1789025012.9762905,pose/component_4,0.002372724935412407
46,1789025012.9762905,pose/component_5,0.0
47,1789025013.097766,amp/overflow_retries,0.0
47,1789025013.097766,amp/scale,16.0
47,1789025013.097766,gradient/clipped_norm,20576.060546875
47,1789025013.097766,images/detect,0.0
47,1789025013.097766,images/pose,16.0
47,1789025013.097766,loss/backward,207.8514404296875
47,1789025013.097766,loss/detect_mean,0.0
47,1789025013.097766,loss/joint_mean,3.247678756713867
47,1789025013.097766,loss/pose_mean,3.247678756713867
47,1789025013.097766,lr/attention.decay,0.0
47,1789025013.097766,lr/attention.no_decay,0.0
47,1789025013.097766,lr/backbone.decay,3.237265415549598e-06
47,1789025013.097766,lr/backbone.no_decay,3.237265415549598e-06
47,1789025013.097766,lr/detect_head.decay,0.0
47,1789025013.097766,lr/detect_head.no_decay,0.0
47,1789025013.097766,lr/neck.decay,1.6186327077747987e-05
47,1789025013.097766,lr/neck.no_decay,1.6186327077747987e-05
47,1789025013.097766,lr/pose_head.decay,4.316353887399464e-05
47,1789025013.097766,lr/pose_head.no_decay,4.316353887399464e-05
47,1789025013.097766,pose/component_0,0.9249438047409058
47,1789025013.097766,pose/component_1,0.06482067704200745
47,1789025013.097766,pose/component_2,0.12028128653764725
47,1789025013.097766,pose/component_3,0.43262600898742676
47,1789025013.097766,pose/component_4,0.004758601542562246
47,1789025013.097766,pose/component_5,1.5998444557189941
48,1789025013.2189128,amp/overflow_retries,0.0
48,1789025013.2189128,amp/scale,16.0
48,1789025013.2189128,gradient/clipped_norm,15983.83984375
48,1789025013.2189128,images/detect,0.0
48,1789025013.2189128,images/pose,16.0
48,1789025013.2189128,loss/backward,216.00192260742188
48,1789025013.2189128,loss/detect_mean,0.0
48,1789025013.2189128,loss/joint_mean,3.375030040740967
48,1789025013.2189128,loss/pose_mean,3.375030040740967
48,1789025013.2189128,lr/attention.decay,0.0
48,1789025013.2189128,lr/attention.no_decay,0.0
48,1789025013.2189128,lr/backbone.decay,3.273458445040215e-06
48,1789025013.2189128,lr/backbone.no_decay,3.273458445040215e-06
48,1789025013.2189128,lr/detect_head.decay,0.0
48,1789025013.2189128,lr/detect_head.no_decay,0.0
48,1789025013.2189128,lr/neck.decay,1.6367292225201073e-05
48,1789025013.2189128,lr/neck.no_decay,1.6367292225201073e-05
48,1789025013.2189128,lr/pose_head.decay,4.36461126005362e-05
48,1789025013.2189128,lr/pose_head.no_decay,4.36461126005362e-05
48,1789025013.2189128,pose/component_0,0.9363725185394287
48,1789025013.2189128,pose/component_1,0.053288206458091736
48,1789025013.2189128,pose/component_2,0.04569492116570473
48,1789025013.2189128,pose/component_3,0.5673494935035706
48,1789025013.2189128,pose/component_4,0.0023564216680824757
48,1789025013.2189128,pose/component_5,0.0
49,1789025013.3417346,amp/overflow_retries,0.0
49,1789025013.3417346,amp/scale,16.0
49,1789025013.3417346,gradient/clipped_norm,21601.60546875
49,1789025013.3417346,images/detect,0.0
49,1789025013.3417346,images/pose,16.0
49,1789025013.3417346,loss/backward,156.05079650878906
49,1789025013.3417346,loss/detect_mean,0.0
49,1789025013.3417346,loss/joint_mean,2.438293695449829
49,1789025013.3417346,loss/pose_mean,2.438293695449829
49,1789025013.3417346,lr/attention.decay,0.0
49,1789025013.3417346,lr/attention.no_decay,0.0
49,1789025013.3417346,lr/backbone.decay,3.309651474530831e-06
49,1789025013.3417346,lr/backbone.no_decay,3.309651474530831e-06
49,1789025013.3417346,lr/detect_head.decay,0.0
49,1789025013.3417346,lr/detect_head.no_decay,0.0
49,1789025013.3417346,lr/neck.decay,1.6548257372654155e-05
49,1789025013.3417346,lr/neck.no_decay,1.6548257372654155e-05
49,1789025013.3417346,lr/pose_head.decay,4.412868632707775e-05
49,1789025013.3417346,lr/pose_head.no_decay,4.412868632707775e-05
49,1789025013.3417346,pose/component_0,0.9100965857505798
49,1789025013.3417346,pose/component_1,0.04816869646310806
49,1789025013.3417346,pose/component_2,0.011614348739385605
49,1789025013.3417346,pose/component_3,0.5067439675331116
49,1789025013.3417346,pose/component_4,0.0033107916824519634
49,1789025013.3417346,pose/component_5,0.2496243119239807
50,1789025013.463751,amp/overflow_retries,0.0
50,1789025013.463751,amp/scale,16.0
50,1789025013.463751,gradient/clipped_norm,21196.177734375
50,1789025013.463751,images/detect,0.0
50,1789025013.463751,images/pose,16.0
50,1789025013.463751,loss/backward,233.7147216796875
50,1789025013.463751,loss/detect_mean,0.0
50,1789025013.463751,loss/joint_mean,3.651792526245117
50,1789025013.463751,loss/pose_mean,3.651792526245117
50,1789025013.463751,lr/attention.decay,0.0
50,1789025013.463751,lr/attention.no_decay,0.0
50,1789025013.463751,lr/backbone.decay,3.345844504021448e-06
50,1789025013.463751,lr/backbone.no_decay,3.345844504021448e-06
50,1789025013.463751,lr/detect_head.decay,0.0
50,1789025013.463751,lr/detect_head.no_decay,0.0
50,1789025013.463751,lr/neck.decay,1.6729222520107238e-05
50,1789025013.463751,lr/neck.no_decay,1.6729222520107238e-05
50,1789025013.463751,lr/pose_head.decay,4.461126005361931e-05
50,1789025013.463751,lr/pose_head.no_decay,4.461126005361931e-05
50,1789025013.463751,pose/component_0,1.1017156839370728
50,1789025013.463751,pose/component_1,0.042983051389455795
50,1789025013.463751,pose/component_2,0.019352873787283897
50,1789025013.463751,pose/component_3,0.6482179164886475
50,1789025013.463751,pose/component_4,0.0036613750271499157
50,1789025013.463751,pose/component_5,0.7505682706832886
51,1789025013.5848494,amp/overflow_retries,0.0
51,1789025013.5848494,amp/scale,16.0
51,1789025013.5848494,gradient/clipped_norm,37657.50390625
51,1789025013.5848494,images/detect,0.0
51,1789025013.5848494,images/pose,16.0
51,1789025013.5848494,loss/backward,373.96331787109375
51,1789025013.5848494,loss/detect_mean,0.0
51,1789025013.5848494,loss/joint_mean,5.84317684173584
51,1789025013.5848494,loss/pose_mean,5.84317684173584
51,1789025013.5848494,lr/attention.decay,0.0
51,1789025013.5848494,lr/attention.no_decay,0.0
51,1789025013.5848494,lr/backbone.decay,3.382037533512065e-06
51,1789025013.5848494,lr/backbone.no_decay,3.382037533512065e-06
51,1789025013.5848494,lr/detect_head.decay,0.0
51,1789025013.5848494,lr/detect_head.no_decay,0.0
51,1789025013.5848494,lr/neck.decay,1.6910187667560324e-05
51,1789025013.5848494,lr/neck.no_decay,1.6910187667560324e-05
51,1789025013.5848494,lr/pose_head.decay,4.5093833780160864e-05
51,1789025013.5848494,lr/pose_head.no_decay,4.5093833780160864e-05
51,1789025013.5848494,pose/component_0,1.342873215675354
51,1789025013.5848494,pose/component_1,0.04164152592420578
51,1789025013.5848494,pose/component_2,0.0245159063488245
51,1789025013.5848494,pose/component_3,0.6388917565345764
51,1789025013.5848494,pose/component_4,0.00504098879173398
51,1789025013.5848494,pose/component_5,0.7068036198616028
52,1789025013.7078054,amp/overflow_retries,0.0
52,1789025013.7078054,amp/scale,16.0
52,1789025013.7078054,gradient/clipped_norm,27373.373046875
52,1789025013.7078054,images/detect,0.0
52,1789025013.7078054,images/pose,16.0
52,1789025013.7078054,loss/backward,319.93121337890625
52,1789025013.7078054,loss/detect_mean,0.0
52,1789025013.7078054,loss/joint_mean,4.99892520904541
52,1789025013.7078054,loss/pose_mean,4.99892520904541
52,1789025013.7078054,lr/attention.decay,0.0
52,1789025013.7078054,lr/attention.no_decay,0.0
52,1789025013.7078054,lr/backbone.decay,3.4182305630026814e-06
52,1789025013.7078054,lr/backbone.no_decay,3.4182305630026814e-06
52,1789025013.7078054,lr/detect_head.decay,0.0
52,1789025013.7078054,lr/detect_head.no_decay,0.0
52,1789025013.7078054,lr/neck.decay,1.7091152815013403e-05
52,1789025013.7078054,lr/neck.no_decay,1.7091152815013403e-05
52,1789025013.7078054,lr/pose_head.decay,4.557640750670242e-05
52,1789025013.7078054,lr/pose_head.no_decay,4.557640750670242e-05
52,1789025013.7078054,pose/component_0,1.1042031049728394
52,1789025013.7078054,pose/component_1,0.033211253583431244
52,1789025013.7078054,pose/component_2,0.06506967544555664
52,1789025013.7078054,pose/component_3,0.6087898015975952
52,1789025013.7078054,pose/component_4,0.0036691997665911913
52,1789025013.7078054,pose/component_5,0.4397474527359009
53,1789025013.8292475,amp/overflow_retries,0.0
53,1789025013.8292475,amp/scale,16.0
53,1789025013.8292475,gradient/clipped_norm,18928.275390625
53,1789025013.8292475,images/detect,0.0
53,1789025013.8292475,images/pose,16.0
53,1789025013.8292475,loss/backward,258.9975891113281
53,1789025013.8292475,loss/detect_mean,0.0
53,1789025013.8292475,loss/joint_mean,4.046837329864502
53,1789025013.8292475,loss/pose_mean,4.046837329864502
53,1789025013.8292475,lr/attention.decay,0.0
53,1789025013.8292475,lr/attention.no_decay,0.0
53,1789025013.8292475,lr/backbone.decay,3.454423592493298e-06
53,1789025013.8292475,lr/backbone.no_decay,3.454423592493298e-06
53,1789025013.8292475,lr/detect_head.decay,0.0
53,1789025013.8292475,lr/detect_head.no_decay,0.0
53,1789025013.8292475,lr/neck.decay,1.727211796246649e-05
53,1789025013.8292475,lr/neck.no_decay,1.727211796246649e-05
53,1789025013.8292475,lr/pose_head.decay,4.6058981233243975e-05
53,1789025013.8292475,lr/pose_head.no_decay,4.6058981233243975e-05
53,1789025013.8292475,pose/component_0,1.3258161544799805
53,1789025013.8292475,pose/component_1,0.07382578402757645
53,1789025013.8292475,pose/component_2,0.021005667746067047
53,1789025013.8292475,pose/component_3,0.7192070484161377
53,1789025013.8292475,pose/component_4,0.006255081854760647
53,1789025013.8292475,pose/component_5,1.0155344009399414
54,1789025013.9511263,amp/overflow_retries,0.0
54,1789025013.9511263,amp/scale,16.0
54,1789025013.9511263,gradient/clipped_norm,17805.802734375
54,1789025013.9511263,images/detect,0.0
54,1789025013.9511263,images/pose,16.0
54,1789025013.9511263,loss/backward,226.37379455566406
54,1789025013.9511263,loss/detect_mean,0.0
54,1789025013.9511263,loss/joint_mean,3.537090539932251
54,1789025013.9511263,loss/pose_mean,3.537090539932251
54,1789025013.9511263,lr/attention.decay,0.0
54,1789025013.9511263,lr/attention.no_decay,0.0
54,1789025013.9511263,lr/backbone.decay,3.4906166219839145e-06
54,1789025013.9511263,lr/backbone.no_decay,3.4906166219839145e-06
54,1789025013.9511263,lr/detect_head.decay,0.0
54,1789025013.9511263,lr/detect_head.no_decay,0.0
54,1789025013.9511263,lr/neck.decay,1.745308310991957e-05
54,1789025013.9511263,lr/neck.no_decay,1.745308310991957e-05
54,1789025013.9511263,lr/pose_head.decay,4.6541554959785524e-05
54,1789025013.9511263,lr/pose_head.no_decay,4.6541554959785524e-05
54,1789025013.9511263,pose/component_0,1.0102293491363525
54,1789025013.9511263,pose/component_1,0.11456843465566635
54,1789025013.9511263,pose/component_2,0.017874890938401222
54,1789025013.9511263,pose/component_3,0.36536359786987305
54,1789025013.9511263,pose/component_4,0.003703527618199587
54,1789025013.9511263,pose/component_5,0.5211910009384155
55,1789025014.0723407,amp/overflow_retries,0.0
55,1789025014.0723407,amp/scale,16.0
55,1789025014.0723407,gradient/clipped_norm,18782.705078125
55,1789025014.0723407,images/detect,0.0
55,1789025014.0723407,images/pose,16.0
55,1789025014.0723407,loss/backward,184.63250732421875
55,1789025014.0723407,loss/detect_mean,0.0
55,1789025014.0723407,loss/joint_mean,2.884882926940918
55,1789025014.0723407,loss/pose_mean,2.884882926940918
55,1789025014.0723407,lr/attention.decay,0.0
55,1789025014.0723407,lr/attention.no_decay,0.0
55,1789025014.0723407,lr/backbone.decay,3.526809651474531e-06
55,1789025014.0723407,lr/backbone.no_decay,3.526809651474531e-06
55,1789025014.0723407,lr/detect_head.decay,0.0
55,1789025014.0723407,lr/detect_head.no_decay,0.0
55,1789025014.0723407,lr/neck.decay,1.7634048257372654e-05
55,1789025014.0723407,lr/neck.no_decay,1.7634048257372654e-05
55,1789025014.0723407,lr/pose_head.decay,4.702412868632708e-05
55,1789025014.0723407,lr/pose_head.no_decay,4.702412868632708e-05
55,1789025014.0723407,pose/component_0,0.9725203514099121
55,1789025014.0723407,pose/component_1,0.020610520616173744
55,1789025014.0723407,pose/component_2,0.08869244903326035
55,1789025014.0723407,pose/component_3,0.47024405002593994
55,1789025014.0723407,pose/component_4,0.003909868188202381
55,1789025014.0723407,pose/component_5,0.0
56,1789025014.1944106,amp/overflow_retries,0.0
56,1789025014.1944106,amp/scale,16.0
56,1789025014.1944106,gradient/clipped_norm,26135.533203125
56,1789025014.1944106,images/detect,0.0
56,1789025014.1944106,images/pose,16.0
56,1789025014.1944106,loss/backward,223.42164611816406
56,1789025014.1944106,loss/detect_mean,0.0
56,1789025014.1944106,loss/joint_mean,3.4909632205963135
56,1789025014.1944106,loss/pose_mean,3.4909632205963135
56,1789025014.1944106,lr/attention.decay,0.0
56,1789025014.1944106,lr/attention.no_decay,0.0
56,1789025014.1944106,lr/backbone.decay,3.5630026809651475e-06
56,1789025014.1944106,lr/backbone.no_decay,3.5630026809651475e-06
56,1789025014.1944106,lr/detect_head.decay,0.0
56,1789025014.1944106,lr/detect_head.no_decay,0.0
56,1789025014.1944106,lr/neck.decay,1.7815013404825736e-05
56,1789025014.1944106,lr/neck.no_decay,1.7815013404825736e-05
56,1789025014.1944106,lr/pose_head.decay,4.7506702412868635e-05
56,1789025014.1944106,lr/pose_head.no_decay,4.7506702412868635e-05
56,1789025014.1944106,pose/component_0,1.1997588872909546
56,1789025014.1944106,pose/component_1,0.18543583154678345
56,1789025014.1944106,pose/component_2,0.011278633959591389
56,1789025014.1944106,pose/component_3,0.8267892003059387
56,1789025014.1944106,pose/component_4,0.0026006330735981464
56,1789025014.1944106,pose/component_5,0.4681490361690521
57,1789025014.3163393,amp/overflow_retries,0.0
57,1789025014.3163393,amp/scale,16.0
57,1789025014.3163393,gradient/clipped_norm,26124.15625
57,1789025014.3163393,images/detect,0.0
57,1789025014.3163393,images/pose,16.0
57,1789025014.3163393,loss/backward,148.63446044921875
57,1789025014.3163393,loss/detect_mean,0.0
57,1789025014.3163393,loss/joint_mean,2.322413444519043
57,1789025014.3163393,loss/pose_mean,2.322413444519043
57,1789025014.3163393,lr/attention.decay,0.0
57,1789025014.3163393,lr/attention.no_decay,0.0
57,1789025014.3163393,lr/backbone.decay,3.599195710455764e-06
57,1789025014.3163393,lr/backbone.no_decay,3.599195710455764e-06
57,1789025014.3163393,lr/detect_head.decay,0.0
57,1789025014.3163393,lr/detect_head.no_decay,0.0
57,1789025014.3163393,lr/neck.decay,1.799597855227882e-05
57,1789025014.3163393,lr/neck.no_decay,1.799597855227882e-05
57,1789025014.3163393,lr/pose_head.decay,4.798927613941019e-05
57,1789025014.3163393,lr/pose_head.no_decay,4.798927613941019e-05
57,1789025014.3163393,pose/component_0,0.9227448105812073
57,1789025014.3163393,pose/component_1,0.037375953048467636
57,1789025014.3163393,pose/component_2,0.11624711006879807
57,1789025014.3163393,pose/component_3,0.42241209745407104
57,1789025014.3163393,pose/component_4,0.004578068852424622
57,1789025014.3163393,pose/component_5,0.0
58,1789025014.438649,amp/overflow_retries,0.0
58,1789025014.438649,amp/scale,16.0
58,1789025014.438649,gradient/clipped_norm,28121.08984375
58,1789025014.438649,images/detect,0.0
58,1789025014.438649,images/pose,16.0
58,1789025014.438649,loss/backward,262.9351501464844
58,1789025014.438649,loss/detect_mean,0.0
58,1789025014.438649,loss/joint_mean,4.108361721038818
58,1789025014.438649,loss/pose_mean,4.108361721038818
58,1789025014.438649,lr/attention.decay,0.0
58,1789025014.438649,lr/attention.no_decay,0.0
58,1789025014.438649,lr/backbone.decay,3.635388739946381e-06
58,1789025014.438649,lr/backbone.no_decay,3.635388739946381e-06
58,1789025014.438649,lr/detect_head.decay,0.0
58,1789025014.438649,lr/detect_head.no_decay,0.0
58,1789025014.438649,lr/neck.decay,1.81769436997319e-05
58,1789025014.438649,lr/neck.no_decay,1.81769436997319e-05
58,1789025014.438649,lr/pose_head.decay,4.8471849865951746e-05
58,1789025014.438649,lr/pose_head.no_decay,4.8471849865951746e-05
58,1789025014.438649,pose/component_0,1.192543625831604
58,1789025014.438649,pose/component_1,0.05602581426501274
58,1789025014.438649,pose/component_2,0.007416669744998217
58,1789025014.438649,pose/component_3,0.5135899186134338
58,1789025014.438649,pose/component_4,0.0067826067097485065
58,1789025014.438649,pose/component_5,1.0817301273345947
59,1789025014.5598972,amp/overflow_retries,0.0
59,1789025014.5598972,amp/scale,16.0
59,1789025014.5598972,gradient/clipped_norm,20290.79296875
59,1789025014.5598972,images/detect,0.0
59,1789025014.5598972,images/pose,16.0
59,1789025014.5598972,loss/backward,233.0286865234375
59,1789025014.5598972,loss/detect_mean,0.0
59,1789025014.5598972,loss/joint_mean,3.641073226928711
59,1789025014.5598972,loss/pose_mean,3.641073226928711
59,1789025014.5598972,lr/attention.decay,0.0
59,1789025014.5598972,lr/attention.no_decay,0.0
59,1789025014.5598972,lr/backbone.decay,3.671581769436998e-06
59,1789025014.5598972,lr/backbone.no_decay,3.671581769436998e-06
59,1789025014.5598972,lr/detect_head.decay,0.0
59,1789025014.5598972,lr/detect_head.no_decay,0.0
59,1789025014.5598972,lr/neck.decay,1.8357908847184987e-05
59,1789025014.5598972,lr/neck.no_decay,1.8357908847184987e-05
59,1789025014.5598972,lr/pose_head.decay,4.89544235924933e-05
59,1789025014.5598972,lr/pose_head.no_decay,4.89544235924933e-05
59,1789025014.5598972,pose/component_0,1.2075965404510498
59,1789025014.5598972,pose/component_1,0.10858562588691711
59,1789025014.5598972,pose/component_2,0.02408967725932598
59,1789025014.5598972,pose/component_3,0.4578470289707184
59,1789025014.5598972,pose/component_4,0.0035027016419917345
59,1789025014.5598972,pose/component_5,1.308943748474121
60,1789025014.6830003,amp/overflow_retries,0.0
60,1789025014.6830003,amp/scale,16.0
60,1789025014.6830003,gradient/clipped_norm,19048.8046875
60,1789025014.6830003,images/detect,0.0
60,1789025014.6830003,images/pose,16.0
60,1789025014.6830003,loss/backward,281.41943359375
60,1789025014.6830003,loss/detect_mean,0.0
60,1789025014.6830003,loss/joint_mean,4.397178649902344
60,1789025014.6830003,loss/pose_mean,4.397178649902344
60,1789025014.6830003,lr/attention.decay,0.0
60,1789025014.6830003,lr/attention.no_decay,0.0
60,1789025014.6830003,lr/backbone.decay,3.707774798927614e-06
60,1789025014.6830003,lr/backbone.no_decay,3.707774798927614e-06
60,1789025014.6830003,lr/detect_head.decay,0.0
60,1789025014.6830003,lr/detect_head.no_decay,0.0
60,1789025014.6830003,lr/neck.decay,1.853887399463807e-05
60,1789025014.6830003,lr/neck.no_decay,1.853887399463807e-05
60,1789025014.6830003,lr/pose_head.decay,4.943699731903486e-05
60,1789025014.6830003,lr/pose_head.no_decay,4.943699731903486e-05
60,1789025014.6830003,pose/component_0,1.3749405145645142
60,1789025014.6830003,pose/component_1,0.08416183292865753
60,1789025014.6830003,pose/component_2,0.14160969853401184
60,1789025014.6830003,pose/component_3,0.5701209306716919
60,1789025014.6830003,pose/component_4,0.0039008581079542637
60,1789025014.6830003,pose/component_5,0.9403494596481323
61,1789025014.8043435,amp/overflow_retries,0.0
61,1789025014.8043435,amp/scale,16.0
61,1789025014.8043435,gradient/clipped_norm,20976.443359375
61,1789025014.8043435,images/detect,0.0
61,1789025014.8043435,images/pose,16.0
61,1789025014.8043435,loss/backward,233.9805908203125
61,1789025014.8043435,loss/detect_mean,0.0
61,1789025014.8043435,loss/joint_mean,3.655946731567383
61,1789025014.8043435,loss/pose_mean,3.655946731567383
61,1789025014.8043435,lr/attention.decay,0.0
61,1789025014.8043435,lr/attention.no_decay,0.0
61,1789025014.8043435,lr/backbone.decay,3.743967828418231e-06
61,1789025014.8043435,lr/backbone.no_decay,3.743967828418231e-06
61,1789025014.8043435,lr/detect_head.decay,0.0
61,1789025014.8043435,lr/detect_head.no_decay,0.0
61,1789025014.8043435,lr/neck.decay,1.8719839142091152e-05
61,1789025014.8043435,lr/neck.no_decay,1.8719839142091152e-05
61,1789025014.8043435,lr/pose_head.decay,4.991957104557641e-05
61,1789025014.8043435,lr/pose_head.no_decay,4.991957104557641e-05
61,1789025014.8043435,pose/component_0,1.1750677824020386
61,1789025014.8043435,pose/component_1,0.22240452468395233
61,1789025014.8043435,pose/component_2,0.007826383225619793
61,1789025014.8043435,pose/component_3,0.6645379662513733
61,1789025014.8043435,pose/component_4,0.0035937828943133354
61,1789025014.8043435,pose/component_5,1.1347861289978027
62,1789025014.9257033,amp/overflow_retries,0.0
62,1789025014.9257033,amp/scale,16.0
62,1789025014.9257033,gradient/clipped_norm,23454.9453125
62,1789025014.9257033,images/detect,0.0
62,1789025014.9257033,images/pose,16.0
62,1789025014.9257033,loss/backward,181.59451293945312
62,1789025014.9257033,loss/detect_mean,0.0
62,1789025014.9257033,loss/joint_mean,2.837414264678955
62,1789025014.9257033,loss/pose_mean,2.837414264678955
62,1789025014.9257033,lr/attention.decay,0.0
62,1789025014.9257033,lr/attention.no_decay,0.0
62,1789025014.9257033,lr/backbone.decay,3.7801608579088473e-06
62,1789025014.9257033,lr/backbone.no_decay,3.7801608579088473e-06
62,1789025014.9257033,lr/detect_head.decay,0.0
62,1789025014.9257033,lr/detect_head.no_decay,0.0
62,1789025014.9257033,lr/neck.decay,1.8900804289544235e-05
62,1789025014.9257033,lr/neck.no_decay,1.8900804289544235e-05
62,1789025014.9257033,lr/pose_head.decay,5.040214477211796e-05
62,1789025014.9257033,lr/pose_head.no_decay,5.040214477211796e-05
62,1789025014.9257033,pose/component_0,1.032800555229187
62,1789025014.9257033,pose/component_1,0.03965427726507187
62,1789025014.9257033,pose/component_2,0.01285465992987156
62,1789025014.9257033,pose/component_3,0.6384230256080627
62,1789025014.9257033,pose/component_4,0.008501851931214333
62,1789025014.9257033,pose/component_5,0.0
63,1789025015.0472054,amp/overflow_retries,0.0
63,1789025015.0472054,amp/scale,16.0
63,1789025015.0472054,gradient/clipped_norm,38233.2421875
63,1789025015.0472054,images/detect,0.0
63,1789025015.0472054,images/pose,16.0
63,1789025015.0472054,loss/backward,242.46304321289062
63,1789025015.0472054,loss/detect_mean,0.0
63,1789025015.0472054,loss/joint_mean,3.788485050201416
63,1789025015.0472054,loss/pose_mean,3.788485050201416
63,1789025015.0472054,lr/attention.decay,0.0
63,1789025015.0472054,lr/attention.no_decay,0.0
63,1789025015.0472054,lr/backbone.decay,3.816353887399464e-06
63,1789025015.0472054,lr/backbone.no_decay,3.816353887399464e-06
63,1789025015.0472054,lr/detect_head.decay,0.0
63,1789025015.0472054,lr/detect_head.no_decay,0.0
63,1789025015.0472054,lr/neck.decay,1.9081769436997317e-05
63,1789025015.0472054,lr/neck.no_decay,1.9081769436997317e-05
63,1789025015.0472054,lr/pose_head.decay,5.0884718498659524e-05
63,1789025015.0472054,lr/pose_head.no_decay,5.0884718498659524e-05
63,1789025015.0472054,pose/component_0,1.1002395153045654
63,1789025015.0472054,pose/component_1,0.07096116244792938
63,1789025015.0472054,pose/component_2,0.02915957383811474
63,1789025015.0472054,pose/component_3,0.4983309507369995
63,1789025015.0472054,pose/component_4,0.004499848932027817
63,1789025015.0472054,pose/component_5,1.0769705772399902
64,1789025015.1700382,amp/overflow_retries,0.0
64,1789025015.1700382,amp/scale,16.0
64,1789025015.1700382,gradient/clipped_norm,32221.384765625
64,1789025015.1700382,images/detect,0.0
64,1789025015.1700382,images/pose,16.0
64,1789025015.1700382,loss/backward,313.01666259765625
64,1789025015.1700382,loss/detect_mean,0.0
64,1789025015.1700382,loss/joint_mean,4.890885353088379
64,1789025015.1700382,loss/pose_mean,4.890885353088379
64,1789025015.1700382,lr/attention.decay,0.0
64,1789025015.1700382,lr/attention.no_decay,0.0
64,1789025015.1700382,lr/backbone.decay,3.852546916890081e-06
64,1789025015.1700382,lr/backbone.no_decay,3.852546916890081e-06
64,1789025015.1700382,lr/detect_head.decay,0.0
64,1789025015.1700382,lr/detect_head.no_decay,0.0
64,1789025015.1700382,lr/neck.decay,1.9262734584450403e-05
64,1789025015.1700382,lr/neck.no_decay,1.9262734584450403e-05
64,1789025015.1700382,lr/pose_head.decay,5.136729222520108e-05
64,1789025015.1700382,lr/pose_head.no_decay,5.136729222520108e-05
64,1789025015.1700382,pose/component_0,1.0880866050720215
64,1789025015.1700382,pose/component_1,0.10261854529380798
64,1789025015.1700382,pose/component_2,0.14972825348377228
64,1789025015.1700382,pose/component_3,0.7438608407974243
64,1789025015.1700382,pose/component_4,0.004904977045953274
64,1789025015.1700382,pose/component_5,1.5922224521636963
65,1789025015.2916954,amp/overflow_retries,0.0
65,1789025015.2916954,amp/scale,16.0
65,1789025015.2916954,gradient/clipped_norm,22652.1953125
65,1789025015.2916954,images/detect,0.0
65,1789025015.2916954,images/pose,16.0
65,1789025015.2916954,loss/backward,246.271728515625
65,1789025015.2916954,loss/detect_mean,0.0
65,1789025015.2916954,loss/joint_mean,3.8479957580566406
65,1789025015.2916954,loss/pose_mean,3.8479957580566406
65,1789025015.2916954,lr/attention.decay,0.0
65,1789025015.2916954,lr/attention.no_decay,0.0
65,1789025015.2916954,lr/backbone.decay,3.888739946380698e-06
65,1789025015.2916954,lr/backbone.no_decay,3.888739946380698e-06
65,1789025015.2916954,lr/detect_head.decay,0.0
65,1789025015.2916954,lr/detect_head.no_decay,0.0
65,1789025015.2916954,lr/neck.decay,1.9443699731903486e-05
65,1789025015.2916954,lr/neck.no_decay,1.9443699731903486e-05
65,1789025015.2916954,lr/pose_head.decay,5.1849865951742636e-05
65,1789025015.2916954,lr/pose_head.no_decay,5.1849865951742636e-05
65,1789025015.2916954,pose/component_0,1.1199716329574585
65,1789025015.2916954,pose/component_1,0.10607796907424927
65,1789025015.2916954,pose/component_2,0.05181930214166641
65,1789025015.2916954,pose/component_3,0.593805193901062
65,1789025015.2916954,pose/component_4,0.0039079878479242325
65,1789025015.2916954,pose/component_5,1.245619297027588
66,1789025015.4129171,amp/overflow_retries,0.0
66,1789025015.4129171,amp/scale,16.0
66,1789025015.4129171,gradient/clipped_norm,25229.962890625
66,1789025015.4129171,images/detect,0.0
66,1789025015.4129171,images/pose,16.0
66,1789025015.4129171,loss/backward,229.86106872558594
66,1789025015.4129171,loss/detect_mean,0.0
66,1789025015.4129171,loss/joint_mean,3.5915791988372803
66,1789025015.4129171,loss/pose_mean,3.5915791988372803
66,1789025015.4129171,lr/attention.decay,0.0
66,1789025015.4129171,lr/attention.no_decay,0.0
66,1789025015.4129171,lr/backbone.decay,3.924932975871313e-06
66,1789025015.4129171,lr/backbone.no_decay,3.924932975871313e-06
66,1789025015.4129171,lr/detect_head.decay,0.0
66,1789025015.4129171,lr/detect_head.no_decay,0.0
66,1789025015.4129171,lr/neck.decay,1.9624664879356565e-05
66,1789025015.4129171,lr/neck.no_decay,1.9624664879356565e-05
66,1789025015.4129171,lr/pose_head.decay,5.2332439678284185e-05
66,1789025015.4129171,lr/pose_head.no_decay,5.2332439678284185e-05
66,1789025015.4129171,pose/component_0,1.0853561162948608
66,1789025015.4129171,pose/component_1,0.04205402731895447
66,1789025015.4129171,pose/component_2,0.012951415032148361
66,1789025015.4129171,pose/component_3,0.5158548355102539
66,1789025015.4129171,pose/component_4,0.003250537905842066
66,1789025015.4129171,pose/component_5,0.0
67,1789025015.5343947,amp/overflow_retries,0.0
67,1789025015.5343947,amp/scale,16.0
67,1789025015.5343947,gradient/clipped_norm,17303.1640625
67,1789025015.5343947,images/detect,0.0
67,1789025015.5343947,images/pose,16.0
67,1789025015.5343947,loss/backward,262.0923767089844
67,1789025015.5343947,loss/detect_mean,0.0
67,1789025015.5343947,loss/joint_mean,4.095193386077881
67,1789025015.5343947,loss/pose_mean,4.095193386077881
67,1789025015.5343947,lr/attention.decay,0.0
67,1789025015.5343947,lr/attention.no_decay,0.0
67,1789025015.5343947,lr/backbone.decay,3.961126005361931e-06
67,1789025015.5343947,lr/backbone.no_decay,3.961126005361931e-06
67,1789025015.5343947,lr/detect_head.decay,0.0
67,1789025015.5343947,lr/detect_head.no_decay,0.0
67,1789025015.5343947,lr/neck.decay,1.980563002680965e-05
67,1789025015.5343947,lr/neck.no_decay,1.980563002680965e-05
67,1789025015.5343947,lr/pose_head.decay,5.281501340482574e-05
67,1789025015.5343947,lr/pose_head.no_decay,5.281501340482574e-05
67,1789025015.5343947,pose/component_0,1.021592378616333
67,1789025015.5343947,pose/component_1,0.039142780005931854
67,1789025015.5343947,pose/component_2,0.10122399777173996
67,1789025015.5343947,pose/component_3,0.5891609787940979
67,1789025015.5343947,pose/component_4,0.0035899817012250423
67,1789025015.5343947,pose/component_5,0.3513944447040558
68,1789025015.656525,amp/overflow_retries,0.0
68,1789025015.656525,amp/scale,16.0
68,1789025015.656525,gradient/clipped_norm,17969.806640625
68,1789025015.656525,images/detect,0.0
68,1789025015.656525,images/pose,16.0
68,1789025015.656525,loss/backward,125.06023406982422
68,1789025015.656525,loss/detect_mean,0.0
68,1789025015.656525,loss/joint_mean,1.9540661573410034
68,1789025015.656525,loss/pose_mean,1.9540661573410034
68,1789025015.656525,lr/attention.decay,0.0
68,1789025015.656525,lr/attention.no_decay,0.0
68,1789025015.656525,lr/backbone.decay,3.997319034852547e-06
68,1789025015.656525,lr/backbone.no_decay,3.997319034852547e-06
68,1789025015.656525,lr/detect_head.decay,0.0
68,1789025015.656525,lr/detect_head.no_decay,0.0
68,1789025015.656525,lr/neck.decay,1.9986595174262733e-05
68,1789025015.656525,lr/neck.no_decay,1.9986595174262733e-05
68,1789025015.656525,lr/pose_head.decay,5.32975871313673e-05
68,1789025015.656525,lr/pose_head.no_decay,5.32975871313673e-05
68,1789025015.656525,pose/component_0,0.7640109062194824
68,1789025015.656525,pose/component_1,0.018471229821443558
68,1789025015.656525,pose/component_2,0.014716130681335926
68,1789025015.656525,pose/component_3,0.31111329793930054
68,1789025015.656525,pose/component_4,0.002815611893311143
68,1789025015.656525,pose/component_5,0.0
69,1789025015.7781858,amp/overflow_retries,0.0
69,1789025015.7781858,amp/scale,16.0
69,1789025015.7781858,gradient/clipped_norm,31742.7734375
69,1789025015.7781858,images/detect,0.0
69,1789025015.7781858,images/pose,16.0
69,1789025015.7781858,loss/backward,271.324462890625
69,1789025015.7781858,loss/detect_mean,0.0
69,1789025015.7781858,loss/joint_mean,4.239444732666016
69,1789025015.7781858,loss/pose_mean,4.239444732666016
69,1789025015.7781858,lr/attention.decay,0.0
69,1789025015.7781858,lr/attention.no_decay,0.0
69,1789025015.7781858,lr/backbone.decay,4.033512064343164e-06
69,1789025015.7781858,lr/backbone.no_decay,4.033512064343164e-06
69,1789025015.7781858,lr/detect_head.decay,0.0
69,1789025015.7781858,lr/detect_head.no_decay,0.0
69,1789025015.7781858,lr/neck.decay,2.0167560321715816e-05
69,1789025015.7781858,lr/neck.no_decay,2.0167560321715816e-05
69,1789025015.7781858,lr/pose_head.decay,5.3780160857908845e-05
69,1789025015.7781858,lr/pose_head.no_decay,5.3780160857908845e-05
69,1789025015.7781858,pose/component_0,1.2527374029159546
69,1789025015.7781858,pose/component_1,0.27822765707969666
69,1789025015.7781858,pose/component_2,0.23540449142456055
69,1789025015.7781858,pose/component_3,0.5882753133773804
69,1789025015.7781858,pose/component_4,0.006454339250922203
69,1789025015.7781858,pose/component_5,1.5912927389144897
70,1789025015.9014835,amp/overflow_retries,0.0
70,1789025015.9014835,amp/scale,16.0
70,1789025015.9014835,gradient/clipped_norm,16342.3583984375
70,1789025015.9014835,images/detect,0.0
70,1789025015.9014835,images/pose,16.0
70,1789025015.9014835,loss/backward,116.793212890625
70,1789025015.9014835,loss/detect_mean,0.0
70,1789025015.9014835,loss/joint_mean,1.8248939514160156
70,1789025015.9014835,loss/pose_mean,1.8248939514160156
70,1789025015.9014835,lr/attention.decay,0.0
70,1789025015.9014835,lr/attention.no_decay,0.0
70,1789025015.9014835,lr/backbone.decay,4.06970509383378e-06
70,1789025015.9014835,lr/backbone.no_decay,4.06970509383378e-06
70,1789025015.9014835,lr/detect_head.decay,0.0
70,1789025015.9014835,lr/detect_head.no_decay,0.0
70,1789025015.9014835,lr/neck.decay,2.03485254691689e-05
70,1789025015.9014835,lr/neck.no_decay,2.03485254691689e-05
70,1789025015.9014835,lr/pose_head.decay,5.42627345844504e-05
70,1789025015.9014835,lr/pose_head.no_decay,5.42627345844504e-05
70,1789025015.9014835,pose/component_0,0.9806081056594849
70,1789025015.9014835,pose/component_1,0.08452127128839493
70,1789025015.9014835,pose/component_2,0.03138015791773796
70,1789025015.9014835,pose/component_3,0.522605299949646
70,1789025015.9014835,pose/component_4,0.0027570922393351793
70,1789025015.9014835,pose/component_5,0.0
71,1789025016.0238416,amp/overflow_retries,0.0
71,1789025016.0238416,amp/scale,16.0
71,1789025016.0238416,gradient/clipped_norm,24431.603515625
71,1789025016.0238416,images/detect,0.0
71,1789025016.0238416,images/pose,16.0
71,1789025016.0238416,loss/backward,198.91571044921875
71,1789025016.0238416,loss/detect_mean,0.0
71,1789025016.0238416,loss/joint_mean,3.108057975769043
71,1789025016.0238416,loss/pose_mean,3.108057975769043
71,1789025016.0238416,lr/attention.decay,0.0
71,1789025016.0238416,lr/attention.no_decay,0.0
71,1789025016.0238416,lr/backbone.decay,4.105898123324397e-06
71,1789025016.0238416,lr/backbone.no_decay,4.105898123324397e-06
71,1789025016.0238416,lr/detect_head.decay,0.0
71,1789025016.0238416,lr/detect_head.no_decay,0.0
71,1789025016.0238416,lr/neck.decay,2.052949061662198e-05
71,1789025016.0238416,lr/neck.no_decay,2.052949061662198e-05
71,1789025016.0238416,lr/pose_head.decay,5.474530831099196e-05
71,1789025016.0238416,lr/pose_head.no_decay,5.474530831099196e-05
71,1789025016.0238416,pose/component_0,1.1371955871582031
71,1789025016.0238416,pose/component_1,0.020102057605981827
71,1789025016.0238416,pose/component_2,0.005339541472494602
71,1789025016.0238416,pose/component_3,0.31489241123199463
71,1789025016.0238416,pose/component_4,0.007169698365032673
71,1789025016.0238416,pose/component_5,0.0
72,1789025016.1480896,amp/overflow_retries,0.0
72,1789025016.1480896,amp/scale,16.0
72,1789025016.1480896,gradient/clipped_norm,24296.96875
72,1789025016.1480896,images/detect,0.0
72,1789025016.1480896,images/pose,16.0
72,1789025016.1480896,loss/backward,245.05169677734375
72,1789025016.1480896,loss/detect_mean,0.0
72,1789025016.1480896,loss/joint_mean,3.828932762145996
72,1789025016.1480896,loss/pose_mean,3.828932762145996
72,1789025016.1480896,lr/attention.decay,0.0
72,1789025016.1480896,lr/attention.no_decay,0.0
72,1789025016.1480896,lr/backbone.decay,4.142091152815013e-06
72,1789025016.1480896,lr/backbone.no_decay,4.142091152815013e-06
72,1789025016.1480896,lr/detect_head.decay,0.0
72,1789025016.1480896,lr/detect_head.no_decay,0.0
72,1789025016.1480896,lr/neck.decay,2.0710455764075063e-05
72,1789025016.1480896,lr/neck.no_decay,2.0710455764075063e-05
72,1789025016.1480896,lr/pose_head.decay,5.5227882037533505e-05
72,1789025016.1480896,lr/pose_head.no_decay,5.5227882037533505e-05
72,1789025016.1480896,pose/component_0,1.3037745952606201
72,1789025016.1480896,pose/component_1,0.04157496988773346
72,1789025016.1480896,pose/component_2,0.02000093087553978
72,1789025016.1480896,pose/component_3,0.6645094752311707
72,1789025016.1480896,pose/component_4,0.0048090750351548195
72,1789025016.1480896,pose/component_5,0.2775626480579376
73,1789025016.2718713,amp/overflow_retries,0.0
73,1789025016.2718713,amp/scale,16.0
73,1789025016.2718713,gradient/clipped_norm,18209.15234375
73,1789025016.2718713,images/detect,0.0
73,1789025016.2718713,images/pose,16.0
73,1789025016.2718713,loss/backward,169.05905151367188
73,1789025016.2718713,loss/detect_mean,0.0
73,1789025016.2718713,loss/joint_mean,2.641547679901123
73,1789025016.2718713,loss/pose_mean,2.641547679901123
73,1789025016.2718713,lr/attention.decay,0.0
73,1789025016.2718713,lr/attention.no_decay,0.0
73,1789025016.2718713,lr/backbone.decay,4.1782841823056305e-06
73,1789025016.2718713,lr/backbone.no_decay,4.1782841823056305e-06
73,1789025016.2718713,lr/detect_head.decay,0.0
73,1789025016.2718713,lr/detect_head.no_decay,0.0
73,1789025016.2718713,lr/neck.decay,2.089142091152815e-05
73,1789025016.2718713,lr/neck.no_decay,2.089142091152815e-05
73,1789025016.2718713,lr/pose_head.decay,5.5710455764075074e-05
73,1789025016.2718713,lr/pose_head.no_decay,5.5710455764075074e-05
73,1789025016.2718713,pose/component_0,1.0138258934020996
73,1789025016.2718713,pose/component_1,0.014375608414411545
73,1789025016.2718713,pose/component_2,0.0664651095867157
73,1789025016.2718713,pose/component_3,0.6142042279243469
73,1789025016.2718713,pose/component_4,0.0036184065975248814
73,1789025016.2718713,pose/component_5,0.0
74,1789025016.3944116,amp/overflow_retries,0.0
74,1789025016.3944116,amp/scale,16.0
74,1789025016.3944116,gradient/clipped_norm,23864.345703125
74,1789025016.3944116,images/detect,0.0
74,1789025016.3944116,images/pose,16.0
74,1789025016.3944116,loss/backward,268.1010437011719
74,1789025016.3944116,loss/detect_mean,0.0
74,1789025016.3944116,loss/joint_mean,4.1890788078308105
74,1789025016.3944116,loss/pose_mean,4.1890788078308105
74,1789025016.3944116,lr/attention.decay,0.0
74,1789025016.3944116,lr/attention.no_decay,0.0
74,1789025016.3944116,lr/backbone.decay,4.214477211796246e-06
74,1789025016.3944116,lr/backbone.no_decay,4.214477211796246e-06
74,1789025016.3944116,lr/detect_head.decay,0.0
74,1789025016.3944116,lr/detect_head.no_decay,0.0
74,1789025016.3944116,lr/neck.decay,2.1072386058981232e-05
74,1789025016.3944116,lr/neck.no_decay,2.1072386058981232e-05
74,1789025016.3944116,lr/pose_head.decay,5.619302949061662e-05
74,1789025016.3944116,lr/pose_head.no_decay,5.619302949061662e-05
74,1789025016.3944116,pose/component_0,1.0921661853790283
74,1789025016.3944116,pose/component_1,0.03865451365709305
74,1789025016.3944116,pose/component_2,0.03033626638352871
74,1789025016.3944116,pose/component_3,0.4815882444381714
74,1789025016.3944116,pose/component_4,0.0039125909097492695
74,1789025016.3944116,pose/component_5,1.3819372653961182
75,1789025016.5160294,amp/overflow_retries,0.0
75,1789025016.5160294,amp/scale,16.0
75,1789025016.5160294,gradient/clipped_norm,23778.8984375
75,1789025016.5160294,images/detect,0.0
75,1789025016.5160294,images/pose,16.0
75,1789025016.5160294,loss/backward,214.61077880859375
75,1789025016.5160294,loss/detect_mean,0.0
75,1789025016.5160294,loss/joint_mean,3.3532934188842773
75,1789025016.5160294,loss/pose_mean,3.3532934188842773
75,1789025016.5160294,lr/attention.decay,0.0
75,1789025016.5160294,lr/attention.no_decay,0.0
75,1789025016.5160294,lr/backbone.decay,4.2506702412868635e-06
75,1789025016.5160294,lr/backbone.no_decay,4.2506702412868635e-06
75,1789025016.5160294,lr/detect_head.decay,0.0
75,1789025016.5160294,lr/detect_head.no_decay,0.0
75,1789025016.5160294,lr/neck.decay,2.1253351206434314e-05
75,1789025016.5160294,lr/neck.no_decay,2.1253351206434314e-05
75,1789025016.5160294,lr/pose_head.decay,5.667560321715818e-05
75,1789025016.5160294,lr/pose_head.no_decay,5.667560321715818e-05
75,1789025016.5160294,pose/component_0,1.1287099123001099
75,1789025016.5160294,pose/component_1,0.0463111512362957
75,1789025016.5160294,pose/component_2,0.01258971355855465
75,1789025016.5160294,pose/component_3,0.5317219495773315
75,1789025016.5160294,pose/component_4,0.003374449908733368
75,1789025016.5160294,pose/component_5,0.3804885149002075
76,1789025016.6378338,amp/overflow_retries,0.0
76,1789025016.6378338,amp/scale,16.0
76,1789025016.6378338,gradient/clipped_norm,21221.76171875
76,1789025016.6378338,images/detect,0.0
76,1789025016.6378338,images/pose,16.0
76,1789025016.6378338,loss/backward,207.18743896484375
76,1789025016.6378338,loss/detect_mean,0.0
76,1789025016.6378338,loss/joint_mean,3.2373037338256836
76,1789025016.6378338,loss/pose_mean,3.2373037338256836
76,1789025016.6378338,lr/attention.decay,0.0
76,1789025016.6378338,lr/attention.no_decay,0.0
76,1789025016.6378338,lr/backbone.decay,4.28686327077748e-06
76,1789025016.6378338,lr/backbone.no_decay,4.28686327077748e-06
76,1789025016.6378338,lr/detect_head.decay,0.0
76,1789025016.6378338,lr/detect_head.no_decay,0.0
76,1789025016.6378338,lr/neck.decay,2.1434316353887397e-05
76,1789025016.6378338,lr/neck.no_decay,2.1434316353887397e-05
76,1789025016.6378338,lr/pose_head.decay,5.7158176943699734e-05
76,1789025016.6378338,lr/pose_head.no_decay,5.7158176943699734e-05
76,1789025016.6378338,pose/component_0,1.0959213972091675
76,1789025016.6378338,pose/component_1,0.05617223680019379
76,1789025016.6378338,pose/component_2,0.043015968054533005
76,1789025016.6378338,pose/component_3,0.47732624411582947
76,1789025016.6378338,pose/component_4,0.002930726855993271
76,1789025016.6378338,pose/component_5,0.5401540398597717
77,1789025016.7594266,amp/overflow_retries,0.0
77,1789025016.7594266,amp/scale,16.0
77,1789025016.7594266,gradient/clipped_norm,29582.8515625
77,1789025016.7594266,images/detect,0.0
77,1789025016.7594266,images/pose,16.0
77,1789025016.7594266,loss/backward,350.79351806640625
77,1789025016.7594266,loss/detect_mean,0.0
77,1789025016.7594266,loss/joint_mean,5.481148719787598
77,1789025016.7594266,loss/pose_mean,5.481148719787598
77,1789025016.7594266,lr/attention.decay,0.0
77,1789025016.7594266,lr/attention.no_decay,0.0
77,1789025016.7594266,lr/backbone.decay,4.3230563002680966e-06
77,1789025016.7594266,lr/backbone.no_decay,4.3230563002680966e-06
77,1789025016.7594266,lr/detect_head.decay,0.0
77,1789025016.7594266,lr/detect_head.no_decay,0.0
77,1789025016.7594266,lr/neck.decay,2.161528150134048e-05
77,1789025016.7594266,lr/neck.no_decay,2.161528150134048e-05
77,1789025016.7594266,lr/pose_head.decay,5.764075067024128e-05
77,1789025016.7594266,lr/pose_head.no_decay,5.764075067024128e-05
77,1789025016.7594266,pose/component_0,1.3167110681533813
77,1789025016.7594266,pose/component_1,0.09070003777742386
77,1789025016.7594266,pose/component_2,0.02354366146028042
77,1789025016.7594266,pose/component_3,0.5382913947105408
77,1789025016.7594266,pose/component_4,0.004118260461837053
77,1789025016.7594266,pose/component_5,1.6378175020217896
78,1789025016.8808064,amp/overflow_retries,0.0
78,1789025016.8808064,amp/scale,16.0
78,1789025016.8808064,gradient/clipped_norm,24070.748046875
78,1789025016.8808064,images/detect,0.0
78,1789025016.8808064,images/pose,16.0
78,1789025016.8808064,loss/backward,257.5560302734375
78,1789025016.8808064,loss/detect_mean,0.0
78,1789025016.8808064,loss/joint_mean,4.024312973022461
78,1789025016.8808064,loss/pose_mean,4.024312973022461
78,1789025016.8808064,lr/attention.decay,0.0
78,1789025016.8808064,lr/attention.no_decay,0.0
78,1789025016.8808064,lr/backbone.decay,4.359249329758714e-06
78,1789025016.8808064,lr/backbone.no_decay,4.359249329758714e-06
78,1789025016.8808064,lr/detect_head.decay,0.0
78,1789025016.8808064,lr/detect_head.no_decay,0.0
78,1789025016.8808064,lr/neck.decay,2.1796246648793565e-05
78,1789025016.8808064,lr/neck.no_decay,2.1796246648793565e-05
78,1789025016.8808064,lr/pose_head.decay,5.812332439678285e-05
78,1789025016.8808064,lr/pose_head.no_decay,5.812332439678285e-05
78,1789025016.8808064,pose/component_0,1.1802409887313843
78,1789025016.8808064,pose/component_1,0.06637679040431976
78,1789025016.8808064,pose/component_2,0.10457953065633774
78,1789025016.8808064,pose/component_3,0.6021736860275269
78,1789025016.8808064,pose/component_4,0.0045239124447107315
78,1789025016.8808064,pose/component_5,0.6726846694946289
79,1789025017.0026596,amp/overflow_retries,0.0
79,1789025017.0026596,amp/scale,16.0
79,1789025017.0026596,gradient/clipped_norm,15758.3388671875
79,1789025017.0026596,images/detect,0.0
79,1789025017.0026596,images/pose,16.0
79,1789025017.0026596,loss/backward,234.2219696044922
79,1789025017.0026596,loss/detect_mean,0.0
79,1789025017.0026596,loss/joint_mean,3.6597182750701904
79,1789025017.0026596,loss/pose_mean,3.6597182750701904
79,1789025017.0026596,lr/attention.decay,0.0
79,1789025017.0026596,lr/attention.no_decay,0.0
79,1789025017.0026596,lr/backbone.decay,4.3954423592493296e-06
79,1789025017.0026596,lr/backbone.no_decay,4.3954423592493296e-06
79,1789025017.0026596,lr/detect_head.decay,0.0
79,1789025017.0026596,lr/detect_head.no_decay,0.0
79,1789025017.0026596,lr/neck.decay,2.1977211796246648e-05
79,1789025017.0026596,lr/neck.no_decay,2.1977211796246648e-05
79,1789025017.0026596,lr/pose_head.decay,5.86058981233244e-05
79,1789025017.0026596,lr/pose_head.no_decay,5.86058981233244e-05
79,1789025017.0026596,pose/component_0,0.989337146282196
79,1789025017.0026596,pose/component_1,0.03247646242380142
79,1789025017.0026596,pose/component_2,0.024654990062117577
79,1789025017.0026596,pose/component_3,0.6491637229919434
79,1789025017.0026596,pose/component_4,0.004644311964511871
79,1789025017.0026596,pose/component_5,0.9952855110168457
80,1789025017.1244068,amp/overflow_retries,0.0
80,1789025017.1244068,amp/scale,16.0
80,1789025017.1244068,gradient/clipped_norm,16602.294921875
80,1789025017.1244068,images/detect,0.0
80,1789025017.1244068,images/pose,16.0
80,1789025017.1244068,loss/backward,202.9686737060547
80,1789025017.1244068,loss/detect_mean,0.0
80,1789025017.1244068,loss/joint_mean,3.1713855266571045
80,1789025017.1244068,loss/pose_mean,3.1713855266571045
80,1789025017.1244068,lr/attention.decay,0.0
80,1789025017.1244068,lr/attention.no_decay,0.0
80,1789025017.1244068,lr/backbone.decay,4.431635388739947e-06
80,1789025017.1244068,lr/backbone.no_decay,4.431635388739947e-06
80,1789025017.1244068,lr/detect_head.decay,0.0
80,1789025017.1244068,lr/detect_head.no_decay,0.0
80,1789025017.1244068,lr/neck.decay,2.215817694369973e-05
80,1789025017.1244068,lr/neck.no_decay,2.215817694369973e-05
80,1789025017.1244068,lr/pose_head.decay,5.9088471849865957e-05
80,1789025017.1244068,lr/pose_head.no_decay,5.9088471849865957e-05
80,1789025017.1244068,pose/component_0,1.0155304670333862
80,1789025017.1244068,pose/component_1,0.050139170140028
80,1789025017.1244068,pose/component_2,0.013326281681656837
80,1789025017.1244068,pose/component_3,0.6373507976531982
80,1789025017.1244068,pose/component_4,0.004753001965582371
80,1789025017.1244068,pose/component_5,0.0245526060461998
81,1789025017.2459908,amp/overflow_retries,0.0
81,1789025017.2459908,amp/scale,16.0
81,1789025017.2459908,gradient/clipped_norm,15780.181640625
81,1789025017.2459908,images/detect,0.0
81,1789025017.2459908,images/pose,16.0
81,1789025017.2459908,loss/backward,188.31396484375
81,1789025017.2459908,loss/detect_mean,0.0
81,1789025017.2459908,loss/joint_mean,2.9424057006835938
81,1789025017.2459908,loss/pose_mean,2.9424057006835938
81,1789025017.2459908,lr/attention.decay,0.0
81,1789025017.2459908,lr/attention.no_decay,0.0
81,1789025017.2459908,lr/backbone.decay,4.467828418230563e-06
81,1789025017.2459908,lr/backbone.no_decay,4.467828418230563e-06
81,1789025017.2459908,lr/detect_head.decay,0.0
81,1789025017.2459908,lr/detect_head.no_decay,0.0
81,1789025017.2459908,lr/neck.decay,2.2339142091152816e-05
81,1789025017.2459908,lr/neck.no_decay,2.2339142091152816e-05
81,1789025017.2459908,lr/pose_head.decay,5.957104557640751e-05
81,1789025017.2459908,lr/pose_head.no_decay,5.957104557640751e-05
81,1789025017.2459908,pose/component_0,0.8999921083450317
81,1789025017.2459908,pose/component_1,0.046908214688301086
81,1789025017.2459908,pose/component_2,0.02615201845765114
81,1789025017.2459908,pose/component_3,0.4355110824108124
81,1789025017.2459908,pose/component_4,0.0045206667855381966
81,1789025017.2459908,pose/component_5,0.7267002463340759
82,1789025017.3693466,amp/overflow_retries,0.0
82,1789025017.3693466,amp/scale,16.0
82,1789025017.3693466,gradient/clipped_norm,18201.044921875
82,1789025017.3693466,images/detect,0.0
82,1789025017.3693466,images/pose,16.0
82,1789025017.3693466,loss/backward,179.36172485351562
82,1789025017.3693466,loss/detect_mean,0.0
82,1789025017.3693466,loss/joint_mean,2.8025269508361816
82,1789025017.3693466,loss/pose_mean,2.8025269508361816
82,1789025017.3693466,lr/attention.decay,0.0
82,1789025017.3693466,lr/attention.no_decay,0.0
82,1789025017.3693466,lr/backbone.decay,4.504021447721179e-06
82,1789025017.3693466,lr/backbone.no_decay,4.504021447721179e-06
82,1789025017.3693466,lr/detect_head.decay,0.0
82,1789025017.3693466,lr/detect_head.no_decay,0.0
82,1789025017.3693466,lr/neck.decay,2.2520107238605895e-05
82,1789025017.3693466,lr/neck.no_decay,2.2520107238605895e-05
82,1789025017.3693466,lr/pose_head.decay,6.005361930294906e-05
82,1789025017.3693466,lr/pose_head.no_decay,6.005361930294906e-05
82,1789025017.3693466,pose/component_0,0.7457516193389893
82,1789025017.3693466,pose/component_1,0.02453097701072693
82,1789025017.3693466,pose/component_2,0.015273334458470345
82,1789025017.3693466,pose/component_3,0.4891754984855652
82,1789025017.3693466,pose/component_4,0.009809733368456364
82,1789025017.3693466,pose/component_5,0.0
83,1789025017.4909155,amp/overflow_retries,0.0
83,1789025017.4909155,amp/scale,16.0
83,1789025017.4909155,gradient/clipped_norm,17479.1015625
83,1789025017.4909155,images/detect,0.0
83,1789025017.4909155,images/pose,16.0
83,1789025017.4909155,loss/backward,146.34156799316406
83,1789025017.4909155,loss/detect_mean,0.0
83,1789025017.4909155,loss/joint_mean,2.2865869998931885
83,1789025017.4909155,loss/pose_mean,2.2865869998931885
83,1789025017.4909155,lr/attention.decay,0.0
83,1789025017.4909155,lr/attention.no_decay,0.0
83,1789025017.4909155,lr/backbone.decay,4.540214477211797e-06
83,1789025017.4909155,lr/backbone.no_decay,4.540214477211797e-06
83,1789025017.4909155,lr/detect_head.decay,0.0
83,1789025017.4909155,lr/detect_head.no_decay,0.0
83,1789025017.4909155,lr/neck.decay,2.270107238605898e-05
83,1789025017.4909155,lr/neck.no_decay,2.270107238605898e-05
83,1789025017.4909155,lr/pose_head.decay,6.053619302949063e-05
83,1789025017.4909155,lr/pose_head.no_decay,6.053619302949063e-05
83,1789025017.4909155,pose/component_0,1.000030755996704
83,1789025017.4909155,pose/component_1,0.023955173790454865
83,1789025017.4909155,pose/component_2,0.12081656605005264
83,1789025017.4909155,pose/component_3,0.38689860701560974
83,1789025017.4909155,pose/component_4,0.002949593821540475
83,1789025017.4909155,pose/component_5,0.0
84,1789025017.612514,amp/overflow_retries,0.0
84,1789025017.612514,amp/scale,16.0
84,1789025017.612514,gradient/clipped_norm,23603.935546875
84,1789025017.612514,images/detect,0.0
84,1789025017.612514,images/pose,16.0
84,1789025017.612514,loss/backward,276.4346008300781
84,1789025017.612514,loss/detect_mean,0.0
84,1789025017.612514,loss/joint_mean,4.319290637969971
84,1789025017.612514,loss/pose_mean,4.319290637969971
84,1789025017.612514,lr/attention.decay,0.0
84,1789025017.612514,lr/attention.no_decay,0.0
84,1789025017.612514,lr/backbone.decay,4.576407506702413e-06
84,1789025017.612514,lr/backbone.no_decay,4.576407506702413e-06
84,1789025017.612514,lr/detect_head.decay,0.0
84,1789025017.612514,lr/detect_head.no_decay,0.0
84,1789025017.612514,lr/neck.decay,2.2882037533512064e-05
84,1789025017.612514,lr/neck.no_decay,2.2882037533512064e-05
84,1789025017.612514,lr/pose_head.decay,6.101876675603217e-05
84,1789025017.612514,lr/pose_head.no_decay,6.101876675603217e-05
84,1789025017.612514,pose/component_0,1.243460774421692
84,1789025017.612514,pose/component_1,0.034820109605789185
84,1789025017.612514,pose/component_2,0.1631811559200287
84,1789025017.612514,pose/component_3,0.822477400302887
84,1789025017.612514,pose/component_4,0.0045153070241212845
84,1789025017.612514,pose/component_5,0.1985350251197815
85,1789025017.7342708,amp/overflow_retries,0.0
85,1789025017.7342708,amp/scale,16.0
85,1789025017.7342708,gradient/clipped_norm,25373.26171875
85,1789025017.7342708,images/detect,0.0
85,1789025017.7342708,images/pose,16.0
85,1789025017.7342708,loss/backward,340.1341247558594
85,1789025017.7342708,loss/detect_mean,0.0
85,1789025017.7342708,loss/joint_mean,5.314595699310303
85,1789025017.7342708,loss/pose_mean,5.314595699310303
85,1789025017.7342708,lr/attention.decay,0.0
85,1789025017.7342708,lr/attention.no_decay,0.0
85,1789025017.7342708,lr/backbone.decay,4.612600536193029e-06
85,1789025017.7342708,lr/backbone.no_decay,4.612600536193029e-06
85,1789025017.7342708,lr/detect_head.decay,0.0
85,1789025017.7342708,lr/detect_head.no_decay,0.0
85,1789025017.7342708,lr/neck.decay,2.3063002680965143e-05
85,1789025017.7342708,lr/neck.no_decay,2.3063002680965143e-05
85,1789025017.7342708,lr/pose_head.decay,6.150134048257373e-05
85,1789025017.7342708,lr/pose_head.no_decay,6.150134048257373e-05
85,1789025017.7342708,pose/component_0,1.0859880447387695
85,1789025017.7342708,pose/component_1,0.1355288326740265
85,1789025017.7342708,pose/component_2,0.03773370385169983
85,1789025017.7342708,pose/component_3,0.5507200360298157
85,1789025017.7342708,pose/component_4,0.004018128849565983
85,1789025017.7342708,pose/component_5,2.302098512649536
86,1789025017.8557434,amp/overflow_retries,0.0
86,1789025017.8557434,amp/scale,16.0
86,1789025017.8557434,gradient/clipped_norm,14425.412109375
86,1789025017.8557434,images/detect,0.0
86,1789025017.8557434,images/pose,16.0
86,1789025017.8557434,loss/backward,169.5583953857422
86,1789025017.8557434,loss/detect_mean,0.0
86,1789025017.8557434,loss/joint_mean,2.6493499279022217
86,1789025017.8557434,loss/pose_mean,2.6493499279022217
86,1789025017.8557434,lr/attention.decay,0.0
86,1789025017.8557434,lr/attention.no_decay,0.0
86,1789025017.8557434,lr/backbone.decay,4.648793565683647e-06
86,1789025017.8557434,lr/backbone.no_decay,4.648793565683647e-06
86,1789025017.8557434,lr/detect_head.decay,0.0
86,1789025017.8557434,lr/detect_head.no_decay,0.0
86,1789025017.8557434,lr/neck.decay,2.3243967828418232e-05
86,1789025017.8557434,lr/neck.no_decay,2.3243967828418232e-05
86,1789025017.8557434,lr/pose_head.decay,6.198391420911529e-05
86,1789025017.8557434,lr/pose_head.no_decay,6.198391420911529e-05
86,1789025017.8557434,pose/component_0,1.0741723775863647
86,1789025017.8557434,pose/component_1,0.20091591775417328
86,1789025017.8557434,pose/component_2,0.09547615796327591
86,1789025017.8557434,pose/component_3,0.5226120352745056
86,1789025017.8557434,pose/component_4,0.004730883985757828
86,1789025017.8557434,pose/component_5,0.11835238337516785
87,1789025017.9786236,amp/overflow_retries,0.0
87,1789025017.9786236,amp/scale,16.0
87,1789025017.9786236,gradient/clipped_norm,24980.263671875
87,1789025017.9786236,images/detect,0.0
87,1789025017.9786236,images/pose,16.0
87,1789025017.9786236,loss/backward,274.3443908691406
87,1789025017.9786236,loss/detect_mean,0.0
87,1789025017.9786236,loss/joint_mean,4.286631107330322
87,1789025017.9786236,loss/pose_mean,4.286631107330322
87,1789025017.9786236,lr/attention.decay,0.0
87,1789025017.9786236,lr/attention.no_decay,0.0
87,1789025017.9786236,lr/backbone.decay,4.6849865951742624e-06
87,1789025017.9786236,lr/backbone.no_decay,4.6849865951742624e-06
87,1789025017.9786236,lr/detect_head.decay,0.0
87,1789025017.9786236,lr/detect_head.no_decay,0.0
87,1789025017.9786236,lr/neck.decay,2.342493297587131e-05
87,1789025017.9786236,lr/neck.no_decay,2.342493297587131e-05
87,1789025017.9786236,lr/pose_head.decay,6.246648793565684e-05
87,1789025017.9786236,lr/pose_head.no_decay,6.246648793565684e-05
87,1789025017.9786236,pose/component_0,1.0474803447723389
87,1789025017.9786236,pose/component_1,0.053948063403367996
87,1789025017.9786236,pose/component_2,0.03400387614965439
87,1789025017.9786236,pose/component_3,0.39727896451950073
87,1789025017.9786236,pose/component_4,0.0037065395154058933
87,1789025017.9786236,pose/component_5,0.5818536877632141
88,1789025018.0999575,amp/overflow_retries,0.0
88,1789025018.0999575,amp/scale,16.0
88,1789025018.0999575,gradient/clipped_norm,22792.244140625
88,1789025018.0999575,images/detect,0.0
88,1789025018.0999575,images/pose,16.0
88,1789025018.0999575,loss/backward,265.6982116699219
88,1789025018.0999575,loss/detect_mean,0.0
88,1789025018.0999575,loss/joint_mean,4.151534557342529
88,1789025018.0999575,loss/pose_mean,4.151534557342529
88,1789025018.0999575,lr/attention.decay,0.0
88,1789025018.0999575,lr/attention.no_decay,0.0
88,1789025018.0999575,lr/backbone.decay,4.72117962466488e-06
88,1789025018.0999575,lr/backbone.no_decay,4.72117962466488e-06
88,1789025018.0999575,lr/detect_head.decay,0.0
88,1789025018.0999575,lr/detect_head.no_decay,0.0
88,1789025018.0999575,lr/neck.decay,2.3605898123324394e-05
88,1789025018.0999575,lr/neck.no_decay,2.3605898123324394e-05
88,1789025018.0999575,lr/pose_head.decay,6.294906166219839e-05
88,1789025018.0999575,lr/pose_head.no_decay,6.294906166219839e-05
88,1789025018.0999575,pose/component_0,1.2777169942855835
88,1789025018.0999575,pose/component_1,0.12824931740760803
88,1789025018.0999575,pose/component_2,0.09355753660202026
88,1789025018.0999575,pose/component_3,0.6118515729904175
88,1789025018.0999575,pose/component_4,0.003960563335567713
88,1789025018.0999575,pose/component_5,0.47487249970436096
89,1789025018.2212977,amp/overflow_retries,0.0
89,1789025018.2212977,amp/scale,16.0
89,1789025018.2212977,gradient/clipped_norm,23104.833984375
89,1789025018.2212977,images/detect,0.0
89,1789025018.2212977,images/pose,16.0
89,1789025018.2212977,loss/backward,227.56082153320312
89,1789025018.2212977,loss/detect_mean,0.0
89,1789025018.2212977,loss/joint_mean,3.555637836456299
89,1789025018.2212977,loss/pose_mean,3.555637836456299
89,1789025018.2212977,lr/attention.decay,0.0
89,1789025018.2212977,lr/attention.no_decay,0.0
89,1789025018.2212977,lr/backbone.decay,4.757372654155496e-06
89,1789025018.2212977,lr/backbone.no_decay,4.757372654155496e-06
89,1789025018.2212977,lr/detect_head.decay,0.0
89,1789025018.2212977,lr/detect_head.no_decay,0.0
89,1789025018.2212977,lr/neck.decay,2.378686327077748e-05
89,1789025018.2212977,lr/neck.no_decay,2.378686327077748e-05
89,1789025018.2212977,lr/pose_head.decay,6.343163538873995e-05
89,1789025018.2212977,lr/pose_head.no_decay,6.343163538873995e-05
89,1789025018.2212977,pose/component_0,1.3396059274673462
89,1789025018.2212977,pose/component_1,0.04086310416460037
89,1789025018.2212977,pose/component_2,0.014754249714314938
89,1789025018.2212977,pose/component_3,0.5662095546722412
89,1789025018.2212977,pose/component_4,0.004381940700113773
89,1789025018.2212977,pose/component_5,0.14945930242538452
90,1789025018.342616,amp/overflow_retries,0.0
90,1789025018.342616,amp/scale,16.0
90,1789025018.342616,gradient/clipped_norm,21259.060546875
90,1789025018.342616,images/detect,0.0
90,1789025018.342616,images/pose,16.0
90,1789025018.342616,loss/backward,214.27903747558594
90,1789025018.342616,loss/detect_mean,0.0
90,1789025018.342616,loss/joint_mean,3.3481099605560303
90,1789025018.342616,loss/pose_mean,3.3481099605560303
90,1789025018.342616,lr/attention.decay,0.0
90,1789025018.342616,lr/attention.no_decay,0.0
90,1789025018.342616,lr/backbone.decay,4.793565683646112e-06
90,1789025018.342616,lr/backbone.no_decay,4.793565683646112e-06
90,1789025018.342616,lr/detect_head.decay,0.0
90,1789025018.342616,lr/detect_head.no_decay,0.0
90,1789025018.342616,lr/neck.decay,2.396782841823056e-05
90,1789025018.342616,lr/neck.no_decay,2.396782841823056e-05
90,1789025018.342616,lr/pose_head.decay,6.39142091152815e-05
90,1789025018.342616,lr/pose_head.no_decay,6.39142091152815e-05
90,1789025018.342616,pose/component_0,1.3896167278289795
90,1789025018.342616,pose/component_1,0.11603166908025742
90,1789025018.342616,pose/component_2,0.06756367534399033
90,1789025018.342616,pose/component_3,0.6347400546073914
90,1789025018.342616,pose/component_4,0.0064509278163313866
90,1789025018.342616,pose/component_5,0.0
91,1789025018.464921,amp/overflow_retries,0.0
91,1789025018.464921,amp/scale,16.0
91,1789025018.464921,gradient/clipped_norm,16177.6201171875
91,1789025018.464921,images/detect,0.0
91,1789025018.464921,images/pose,16.0
91,1789025018.464921,loss/backward,170.86453247070312
91,1789025018.464921,loss/detect_mean,0.0
91,1789025018.464921,loss/joint_mean,2.6697583198547363
91,1789025018.464921,loss/pose_mean,2.6697583198547363
91,1789025018.464921,lr/attention.decay,0.0
91,1789025018.464921,lr/attention.no_decay,0.0
91,1789025018.464921,lr/backbone.decay,4.82975871313673e-06
91,1789025018.464921,lr/backbone.no_decay,4.82975871313673e-06
91,1789025018.464921,lr/detect_head.decay,0.0
91,1789025018.464921,lr/detect_head.no_decay,0.0
91,1789025018.464921,lr/neck.decay,2.4148793565683648e-05
91,1789025018.464921,lr/neck.no_decay,2.4148793565683648e-05
91,1789025018.464921,lr/pose_head.decay,6.439678284182306e-05
91,1789025018.464921,lr/pose_head.no_decay,6.439678284182306e-05
91,1789025018.464921,pose/component_0,1.0315496921539307
91,1789025018.464921,pose/component_1,0.026739519089460373
91,1789025018.464921,pose/component_2,0.008254854008555412
91,1789025018.464921,pose/component_3,0.5655351877212524
91,1789025018.464921,pose/component_4,0.005859286990016699
91,1789025018.464921,pose/component_5,0.41497913002967834
92,1789025018.5869215,amp/overflow_retries,0.0
92,1789025018.5869215,amp/scale,16.0
92,1789025018.5869215,gradient/clipped_norm,13861.3017578125
92,1789025018.5869215,images/detect,0.0
92,1789025018.5869215,images/pose,16.0
92,1789025018.5869215,loss/backward,267.6171569824219
92,1789025018.5869215,loss/detect_mean,0.0
92,1789025018.5869215,loss/joint_mean,4.181518077850342
92,1789025018.5869215,loss/pose_mean,4.181518077850342
92,1789025018.5869215,lr/attention.decay,0.0
92,1789025018.5869215,lr/attention.no_decay,0.0
92,1789025018.5869215,lr/backbone.decay,4.865951742627346e-06
92,1789025018.5869215,lr/backbone.no_decay,4.865951742627346e-06
92,1789025018.5869215,lr/detect_head.decay,0.0
92,1789025018.5869215,lr/detect_head.no_decay,0.0
92,1789025018.5869215,lr/neck.decay,2.4329758713136727e-05
92,1789025018.5869215,lr/neck.no_decay,2.4329758713136727e-05
92,1789025018.5869215,lr/pose_head.decay,6.487935656836461e-05
92,1789025018.5869215,lr/pose_head.no_decay,6.487935656836461e-05
92,1789025018.5869215,pose/component_0,1.4758168458938599
92,1789025018.5869215,pose/component_1,0.11873994767665863
92,1789025018.5869215,pose/component_2,0.01399865560233593
92,1789025018.5869215,pose/component_3,0.6255300641059875
92,1789025018.5869215,pose/component_4,0.004818376153707504
92,1789025018.5869215,pose/component_5,0.6988118290901184
93,1789025018.7095585,amp/overflow_retries,0.0
93,1789025018.7095585,amp/scale,16.0
93,1789025018.7095585,gradient/clipped_norm,19354.478515625
93,1789025018.7095585,images/detect,0.0
93,1789025018.7095585,images/pose,16.0
93,1789025018.7095585,loss/backward,176.05563354492188
93,1789025018.7095585,loss/detect_mean,0.0
93,1789025018.7095585,loss/joint_mean,2.7508692741394043
93,1789025018.7095585,loss/pose_mean,2.7508692741394043
93,1789025018.7095585,lr/attention.decay,0.0
93,1789025018.7095585,lr/attention.no_decay,0.0
93,1789025018.7095585,lr/backbone.decay,4.902144772117962e-06
93,1789025018.7095585,lr/backbone.no_decay,4.902144772117962e-06
93,1789025018.7095585,lr/detect_head.decay,0.0
93,1789025018.7095585,lr/detect_head.no_decay,0.0
93,1789025018.7095585,lr/neck.decay,2.451072386058981e-05
93,1789025018.7095585,lr/neck.no_decay,2.451072386058981e-05
93,1789025018.7095585,lr/pose_head.decay,6.536193029490617e-05
93,1789025018.7095585,lr/pose_head.no_decay,6.536193029490617e-05
93,1789025018.7095585,pose/component_0,1.0478630065917969
93,1789025018.7095585,pose/component_1,0.049474965780973434
93,1789025018.7095585,pose/component_2,0.06681520491838455
93,1789025018.7095585,pose/component_3,0.4586062431335449
93,1789025018.7095585,pose/component_4,0.004323835950344801
93,1789025018.7095585,pose/component_5,0.0
94,1789025018.8308022,amp/overflow_retries,0.0
94,1789025018.8308022,amp/scale,16.0
94,1789025018.8308022,gradient/clipped_norm,19554.06640625
94,1789025018.8308022,images/detect,0.0
94,1789025018.8308022,images/pose,16.0
94,1789025018.8308022,loss/backward,256.1655578613281
94,1789025018.8308022,loss/detect_mean,0.0
94,1789025018.8308022,loss/joint_mean,4.002586841583252
94,1789025018.8308022,loss/pose_mean,4.002586841583252
94,1789025018.8308022,lr/attention.decay,0.0
94,1789025018.8308022,lr/attention.no_decay,0.0
94,1789025018.8308022,lr/backbone.decay,4.93833780160858e-06
94,1789025018.8308022,lr/backbone.no_decay,4.93833780160858e-06
94,1789025018.8308022,lr/detect_head.decay,0.0
94,1789025018.8308022,lr/detect_head.no_decay,0.0
94,1789025018.8308022,lr/neck.decay,2.4691689008042896e-05
94,1789025018.8308022,lr/neck.no_decay,2.4691689008042896e-05
94,1789025018.8308022,lr/pose_head.decay,6.584450402144772e-05
94,1789025018.8308022,lr/pose_head.no_decay,6.584450402144772e-05
94,1789025018.8308022,pose/component_0,1.1789438724517822
94,1789025018.8308022,pose/component_1,0.04001300781965256
94,1789025018.8308022,pose/component_2,0.026540949940681458
94,1789025018.8308022,pose/component_3,0.5336969494819641
94,1789025018.8308022,pose/component_4,0.0073785800486803055
94,1789025018.8308022,pose/component_5,0.39623963832855225
95,1789025018.9521847,amp/overflow_retries,0.0
95,1789025018.9521847,amp/scale,16.0
95,1789025018.9521847,gradient/clipped_norm,18317.3203125
95,1789025018.9521847,images/detect,0.0
95,1789025018.9521847,images/pose,16.0
95,1789025018.9521847,loss/backward,224.56549072265625
95,1789025018.9521847,loss/detect_mean,0.0
95,1789025018.9521847,loss/joint_mean,3.508835792541504
95,1789025018.9521847,loss/pose_mean,3.508835792541504
95,1789025018.9521847,lr/attention.decay,0.0
95,1789025018.9521847,lr/attention.no_decay,0.0
95,1789025018.9521847,lr/backbone.decay,4.974530831099195e-06
95,1789025018.9521847,lr/backbone.no_decay,4.974530831099195e-06
95,1789025018.9521847,lr/detect_head.decay,0.0
95,1789025018.9521847,lr/detect_head.no_decay,0.0
95,1789025018.9521847,lr/neck.decay,2.4872654155495975e-05
95,1789025018.9521847,lr/neck.no_decay,2.4872654155495975e-05
95,1789025018.9521847,lr/pose_head.decay,6.632707774798927e-05
95,1789025018.9521847,lr/pose_head.no_decay,6.632707774798927e-05
95,1789025018.9521847,pose/component_0,1.0947120189666748
95,1789025018.9521847,pose/component_1,0.045006878674030304
95,1789025018.9521847,pose/component_2,0.019436029717326164
95,1789025018.9521847,pose/component_3,0.688054621219635
95,1789025018.9521847,pose/component_4,0.0034377207048237324
95,1789025018.9521847,pose/component_5,0.03261549398303032
96,1789025019.0738056,amp/overflow_retries,0.0
96,1789025019.0738056,amp/scale,16.0
96,1789025019.0738056,gradient/clipped_norm,22100.65625
96,1789025019.0738056,images/detect,0.0
96,1789025019.0738056,images/pose,16.0
96,1789025019.0738056,loss/backward,238.25929260253906
96,1789025019.0738056,loss/detect_mean,0.0
96,1789025019.0738056,loss/joint_mean,3.722801446914673
96,1789025019.0738056,loss/pose_mean,3.722801446914673
96,1789025019.0738056,lr/attention.decay,0.0
96,1789025019.0738056,lr/attention.no_decay,0.0
96,1789025019.0738056,lr/backbone.decay,5.0107238605898135e-06
96,1789025019.0738056,lr/backbone.no_decay,5.0107238605898135e-06
96,1789025019.0738056,lr/detect_head.decay,0.0
96,1789025019.0738056,lr/detect_head.no_decay,0.0
96,1789025019.0738056,lr/neck.decay,2.5053619302949064e-05
96,1789025019.0738056,lr/neck.no_decay,2.5053619302949064e-05
96,1789025019.0738056,lr/pose_head.decay,6.680965147453085e-05
96,1789025019.0738056,lr/pose_head.no_decay,6.680965147453085e-05
96,1789025019.0738056,pose/component_0,1.194502830505371
96,1789025019.0738056,pose/component_1,0.11481861770153046
96,1789025019.0738056,pose/component_2,0.010929782874882221
96,1789025019.0738056,pose/component_3,0.5552309155464172
96,1789025019.0738056,pose/component_4,0.0036497660912573338
96,1789025019.0738056,pose/component_5,0.8669229745864868
97,1789025019.1967273,amp/overflow_retries,0.0
97,1789025019.1967273,amp/scale,16.0
97,1789025019.1967273,gradient/clipped_norm,26453.265625
97,1789025019.1967273,images/detect,0.0
97,1789025019.1967273,images/pose,16.0
97,1789025019.1967273,loss/backward,408.86346435546875
97,1789025019.1967273,loss/detect_mean,0.0
97,1789025019.1967273,loss/joint_mean,6.388491630554199
97,1789025019.1967273,loss/pose_mean,6.388491630554199
97,1789025019.1967273,lr/attention.decay,0.0
97,1789025019.1967273,lr/attention.no_decay,0.0
97,1789025019.1967273,lr/backbone.decay,5.046916890080429e-06
97,1789025019.1967273,lr/backbone.no_decay,5.046916890080429e-06
97,1789025019.1967273,lr/detect_head.decay,0.0
97,1789025019.1967273,lr/detect_head.no_decay,0.0
97,1789025019.1967273,lr/neck.decay,2.5234584450402143e-05
97,1789025019.1967273,lr/neck.no_decay,2.5234584450402143e-05
97,1789025019.1967273,lr/pose_head.decay,6.72922252010724e-05
97,1789025019.1967273,lr/pose_head.no_decay,6.72922252010724e-05
97,1789025019.1967273,pose/component_0,1.1894278526306152
97,1789025019.1967273,pose/component_1,0.12788552045822144
97,1789025019.1967273,pose/component_2,0.027948331087827682
97,1789025019.1967273,pose/component_3,0.621200680732727
97,1789025019.1967273,pose/component_4,0.006042227614670992
97,1789025019.1967273,pose/component_5,2.5874099731445312
98,1789025019.3181248,amp/overflow_retries,0.0
98,1789025019.3181248,amp/scale,16.0
98,1789025019.3181248,gradient/clipped_norm,18034.537109375
98,1789025019.3181248,images/detect,0.0
98,1789025019.3181248,images/pose,16.0
98,1789025019.3181248,loss/backward,248.38333129882812
98,1789025019.3181248,loss/detect_mean,0.0
98,1789025019.3181248,loss/joint_mean,3.8809895515441895
98,1789025019.3181248,loss/pose_mean,3.8809895515441895
98,1789025019.3181248,lr/attention.decay,0.0
98,1789025019.3181248,lr/attention.no_decay,0.0
98,1789025019.3181248,lr/backbone.decay,5.083109919571046e-06
98,1789025019.3181248,lr/backbone.no_decay,5.083109919571046e-06
98,1789025019.3181248,lr/detect_head.decay,0.0
98,1789025019.3181248,lr/detect_head.no_decay,0.0
98,1789025019.3181248,lr/neck.decay,2.5415549597855226e-05
98,1789025019.3181248,lr/neck.no_decay,2.5415549597855226e-05
98,1789025019.3181248,lr/pose_head.decay,6.777479892761394e-05
98,1789025019.3181248,lr/pose_head.no_decay,6.777479892761394e-05
98,1789025019.3181248,pose/component_0,1.2972813844680786
98,1789025019.3181248,pose/component_1,0.15211112797260284
98,1789025019.3181248,pose/component_2,0.05770736187696457
98,1789025019.3181248,pose/component_3,0.6059237718582153
98,1789025019.3181248,pose/component_4,0.003464569803327322
98,1789025019.3181248,pose/component_5,1.1429145336151123
99,1789025019.4408722,amp/overflow_retries,0.0
99,1789025019.4408722,amp/scale,16.0
99,1789025019.4408722,gradient/clipped_norm,16162.8671875
99,1789025019.4408722,images/detect,0.0
99,1789025019.4408722,images/pose,16.0
99,1789025019.4408722,loss/backward,191.10150146484375
99,1789025019.4408722,loss/detect_mean,0.0
99,1789025019.4408722,loss/joint_mean,2.9859609603881836
99,1789025019.4408722,loss/pose_mean,2.9859609603881836
99,1789025019.4408722,lr/attention.decay,0.0
99,1789025019.4408722,lr/attention.no_decay,0.0
99,1789025019.4408722,lr/backbone.decay,5.119302949061663e-06
99,1789025019.4408722,lr/backbone.no_decay,5.119302949061663e-06
99,1789025019.4408722,lr/detect_head.decay,0.0
99,1789025019.4408722,lr/detect_head.no_decay,0.0
99,1789025019.4408722,lr/neck.decay,2.559651474530831e-05
99,1789025019.4408722,lr/neck.no_decay,2.559651474530831e-05
99,1789025019.4408722,lr/pose_head.decay,6.82573726541555e-05
99,1789025019.4408722,lr/pose_head.no_decay,6.82573726541555e-05
99,1789025019.4408722,pose/component_0,1.3213411569595337
99,1789025019.4408722,pose/component_1,0.05844174325466156
99,1789025019.4408722,pose/component_2,0.11910450458526611
99,1789025019.4408722,pose/component_3,0.643416166305542
99,1789025019.4408722,pose/component_4,0.004162228666245937
99,1789025019.4408722,pose/component_5,0.0
100,1789025019.5623403,amp/overflow_retries,0.0
100,1789025019.5623403,amp/scale,16.0
100,1789025019.5623403,gradient/clipped_norm,15146.0078125
100,1789025019.5623403,images/detect,0.0
100,1789025019.5623403,images/pose,16.0
100,1789025019.5623403,loss/backward,128.23529052734375
100,1789025019.5623403,loss/detect_mean,0.0
100,1789025019.5623403,loss/joint_mean,2.003676414489746
100,1789025019.5623403,loss/pose_mean,2.003676414489746
100,1789025019.5623403,lr/attention.decay,0.0
100,1789025019.5623403,lr/attention.no_decay,0.0
100,1789025019.5623403,lr/backbone.decay,5.155495978552279e-06
100,1789025019.5623403,lr/backbone.no_decay,5.155495978552279e-06
100,1789025019.5623403,lr/detect_head.decay,0.0
100,1789025019.5623403,lr/detect_head.no_decay,0.0
100,1789025019.5623403,lr/neck.decay,2.577747989276139e-05
100,1789025019.5623403,lr/neck.no_decay,2.577747989276139e-05
100,1789025019.5623403,lr/pose_head.decay,6.873994638069706e-05
100,1789025019.5623403,lr/pose_head.no_decay,6.873994638069706e-05
100,1789025019.5623403,pose/component_0,0.9913070201873779
100,1789025019.5623403,pose/component_1,0.023366332054138184
100,1789025019.5623403,pose/component_2,0.051135431975126266
100,1789025019.5623403,pose/component_3,0.3845582604408264
100,1789025019.5623403,pose/component_4,0.002788902260363102
100,1789025019.5623403,pose/component_5,0.0
101,1789025019.6838727,amp/overflow_retries,0.0
101,1789025019.6838727,amp/scale,16.0
101,1789025019.6838727,gradient/clipped_norm,20969.857421875
101,1789025019.6838727,images/detect,0.0
101,1789025019.6838727,images/pose,16.0
101,1789025019.6838727,loss/backward,289.30517578125
101,1789025019.6838727,loss/detect_mean,0.0
101,1789025019.6838727,loss/joint_mean,4.520393371582031
101,1789025019.6838727,loss/pose_mean,4.520393371582031
101,1789025019.6838727,lr/attention.decay,0.0
101,1789025019.6838727,lr/attention.no_decay,0.0
101,1789025019.6838727,lr/backbone.decay,5.191689008042896e-06
101,1789025019.6838727,lr/backbone.no_decay,5.191689008042896e-06
101,1789025019.6838727,lr/detect_head.decay,0.0
101,1789025019.6838727,lr/detect_head.no_decay,0.0
101,1789025019.6838727,lr/neck.decay,2.595844504021448e-05
101,1789025019.6838727,lr/neck.no_decay,2.595844504021448e-05
101,1789025019.6838727,lr/pose_head.decay,6.922252010723862e-05
101,1789025019.6838727,lr/pose_head.no_decay,6.922252010723862e-05
101,1789025019.6838727,pose/component_0,1.1148815155029297
101,1789025019.6838727,pose/component_1,0.482794851064682
101,1789025019.6838727,pose/component_2,0.014652452431619167
101,1789025019.6838727,pose/component_3,0.5086042881011963
101,1789025019.6838727,pose/component_4,0.0032748649828135967
101,1789025019.6838727,pose/component_5,1.7824381589889526
102,1789025019.806123,amp/overflow_retries,0.0
102,1789025019.806123,amp/scale,16.0
102,1789025019.806123,gradient/clipped_norm,22566.56640625
102,1789025019.806123,images/detect,0.0
102,1789025019.806123,images/pose,16.0
102,1789025019.806123,loss/backward,190.01878356933594
102,1789025019.806123,loss/detect_mean,0.0
102,1789025019.806123,loss/joint_mean,2.969043493270874
102,1789025019.806123,loss/pose_mean,2.969043493270874
102,1789025019.806123,lr/attention.decay,0.0
102,1789025019.806123,lr/attention.no_decay,0.0
102,1789025019.806123,lr/backbone.decay,5.2278820375335125e-06
102,1789025019.806123,lr/backbone.no_decay,5.2278820375335125e-06
102,1789025019.806123,lr/detect_head.decay,0.0
102,1789025019.806123,lr/detect_head.no_decay,0.0
102,1789025019.806123,lr/neck.decay,2.613941018766756e-05
102,1789025019.806123,lr/neck.no_decay,2.613941018766756e-05
102,1789025019.806123,lr/pose_head.decay,6.970509383378017e-05
102,1789025019.806123,lr/pose_head.no_decay,6.970509383378017e-05
102,1789025019.806123,pose/component_0,0.8378444314002991
102,1789025019.806123,pose/component_1,0.053690776228904724
102,1789025019.806123,pose/component_2,0.01622316986322403
102,1789025019.806123,pose/component_3,0.46606647968292236
102,1789025019.806123,pose/component_4,0.004530483856797218
102,1789025019.806123,pose/component_5,0.0
103,1789025019.927494,amp/overflow_retries,0.0
103,1789025019.927494,amp/scale,16.0
103,1789025019.927494,gradient/clipped_norm,13237.337890625
103,1789025019.927494,images/detect,0.0
103,1789025019.927494,images/pose,16.0
103,1789025019.927494,loss/backward,157.25775146484375
103,1789025019.927494,loss/detect_mean,0.0
103,1789025019.927494,loss/joint_mean,2.4571523666381836
103,1789025019.927494,loss/pose_mean,2.4571523666381836
103,1789025019.927494,lr/attention.decay,0.0
103,1789025019.927494,lr/attention.no_decay,0.0
103,1789025019.927494,lr/backbone.decay,5.26407506702413e-06
103,1789025019.927494,lr/backbone.no_decay,5.26407506702413e-06
103,1789025019.927494,lr/detect_head.decay,0.0
103,1789025019.927494,lr/detect_head.no_decay,0.0
103,1789025019.927494,lr/neck.decay,2.632037533512065e-05
103,1789025019.927494,lr/neck.no_decay,2.632037533512065e-05
103,1789025019.927494,lr/pose_head.decay,7.018766756032173e-05
103,1789025019.927494,lr/pose_head.no_decay,7.018766756032173e-05
103,1789025019.927494,pose/component_0,1.0231879949569702
103,1789025019.927494,pose/component_1,0.04226820170879364
103,1789025019.927494,pose/component_2,0.05066008120775223
103,1789025019.927494,pose/component_3,0.49791058897972107
103,1789025019.927494,pose/component_4,0.0031379894353449345
103,1789025019.927494,pose/component_5,0.3798193335533142
104,1789025020.0491436,amp/overflow_retries,0.0
104,1789025020.0491436,amp/scale,16.0
104,1789025020.0491436,gradient/clipped_norm,15894.3212890625
104,1789025020.0491436,images/detect,0.0
104,1789025020.0491436,images/pose,16.0
104,1789025020.0491436,loss/backward,227.62710571289062
104,1789025020.0491436,loss/detect_mean,0.0
104,1789025020.0491436,loss/joint_mean,3.556673526763916
104,1789025020.0491436,loss/pose_mean,3.556673526763916
104,1789025020.0491436,lr/attention.decay,0.0
104,1789025020.0491436,lr/attention.no_decay,0.0
104,1789025020.0491436,lr/backbone.decay,5.300268096514746e-06
104,1789025020.0491436,lr/backbone.no_decay,5.300268096514746e-06
104,1789025020.0491436,lr/detect_head.decay,0.0
104,1789025020.0491436,lr/detect_head.no_decay,0.0
104,1789025020.0491436,lr/neck.decay,2.6501340482573728e-05
104,1789025020.0491436,lr/neck.no_decay,2.6501340482573728e-05
104,1789025020.0491436,lr/pose_head.decay,7.067024128686328e-05
104,1789025020.0491436,lr/pose_head.no_decay,7.067024128686328e-05
104,1789025020.0491436,pose/component_0,1.0811045169830322
104,1789025020.0491436,pose/component_1,0.15570497512817383
104,1789025020.0491436,pose/component_2,0.08164616674184799
104,1789025020.0491436,pose/component_3,0.6544853448867798
104,1789025020.0491436,pose/component_4,0.003838595934212208
104,1789025020.0491436,pose/component_5,1.4380437135696411
105,1789025020.1707165,amp/overflow_retries,0.0
105,1789025020.1707165,amp/scale,16.0
105,1789025020.1707165,gradient/clipped_norm,17765.00390625
105,1789025020.1707165,images/detect,0.0
105,1789025020.1707165,images/pose,16.0
105,1789025020.1707165,loss/backward,311.65087890625
105,1789025020.1707165,loss/detect_mean,0.0
105,1789025020.1707165,loss/joint_mean,4.869544982910156
105,1789025020.1707165,loss/pose_mean,4.869544982910156
105,1789025020.1707165,lr/attention.decay,0.0
105,1789025020.1707165,lr/attention.no_decay,0.0
105,1789025020.1707165,lr/backbone.decay,5.336461126005362e-06
105,1789025020.1707165,lr/backbone.no_decay,5.336461126005362e-06
105,1789025020.1707165,lr/detect_head.decay,0.0
105,1789025020.1707165,lr/detect_head.no_decay,0.0
105,1789025020.1707165,lr/neck.decay,2.6682305630026807e-05
105,1789025020.1707165,lr/neck.no_decay,2.6682305630026807e-05
105,1789025020.1707165,lr/pose_head.decay,7.115281501340483e-05
105,1789025020.1707165,lr/pose_head.no_decay,7.115281501340483e-05
105,1789025020.1707165,pose/component_0,1.2751713991165161
105,1789025020.1707165,pose/component_1,0.10390706360340118
105,1789025020.1707165,pose/component_2,0.0390826091170311
105,1789025020.1707165,pose/component_3,0.6040171980857849
105,1789025020.1707165,pose/component_4,0.004164331592619419
105,1789025020.1707165,pose/component_5,0.8792158961296082
106,1789025020.2983444,amp/overflow_retries,0.0
106,1789025020.2983444,amp/scale,16.0
106,1789025020.2983444,gradient/clipped_norm,17950.927734375
106,1789025020.2983444,images/detect,0.0
106,1789025020.2983444,images/pose,16.0
106,1789025020.2983444,loss/backward,185.22499084472656
106,1789025020.2983444,loss/detect_mean,0.0
106,1789025020.2983444,loss/joint_mean,2.8941404819488525
106,1789025020.2983444,loss/pose_mean,2.8941404819488525
106,1789025020.2983444,lr/attention.decay,0.0
106,1789025020.2983444,lr/attention.no_decay,0.0
106,1789025020.2983444,lr/backbone.decay,5.372654155495979e-06
106,1789025020.2983444,lr/backbone.no_decay,5.372654155495979e-06
106,1789025020.2983444,lr/detect_head.decay,0.0
106,1789025020.2983444,lr/detect_head.no_decay,0.0
106,1789025020.2983444,lr/neck.decay,2.6863270777479896e-05
106,1789025020.2983444,lr/neck.no_decay,2.6863270777479896e-05
106,1789025020.2983444,lr/pose_head.decay,7.16353887399464e-05
106,1789025020.2983444,lr/pose_head.no_decay,7.16353887399464e-05
106,1789025020.2983444,pose/component_0,1.304979920387268
106,1789025020.2983444,pose/component_1,0.030830299481749535
106,1789025020.2983444,pose/component_2,0.009613560512661934
106,1789025020.2983444,pose/component_3,0.4552612602710724
106,1789025020.2983444,pose/component_4,0.00495357858017087
106,1789025020.2983444,pose/component_5,0.0
107,1789025020.420662,amp/overflow_retries,0.0
107,1789025020.420662,amp/scale,16.0
107,1789025020.420662,gradient/clipped_norm,17596.921875
107,1789025020.420662,images/detect,0.0
107,1789025020.420662,images/pose,16.0
107,1789025020.420662,loss/backward,188.12733459472656
107,1789025020.420662,loss/detect_mean,0.0
107,1789025020.420662,loss/joint_mean,2.9394896030426025
107,1789025020.420662,loss/pose_mean,2.9394896030426025
107,1789025020.420662,lr/attention.decay,0.0
107,1789025020.420662,lr/attention.no_decay,0.0
107,1789025020.420662,lr/backbone.decay,5.408847184986596e-06
107,1789025020.420662,lr/backbone.no_decay,5.408847184986596e-06
107,1789025020.420662,lr/detect_head.decay,0.0
107,1789025020.420662,lr/detect_head.no_decay,0.0
107,1789025020.420662,lr/neck.decay,2.7044235924932975e-05
107,1789025020.420662,lr/neck.no_decay,2.7044235924932975e-05
107,1789025020.420662,lr/pose_head.decay,7.211796246648794e-05
107,1789025020.420662,lr/pose_head.no_decay,7.211796246648794e-05
107,1789025020.420662,pose/component_0,0.9616273641586304
107,1789025020.420662,pose/component_1,0.01943972148001194
107,1789025020.420662,pose/component_2,0.011384627781808376
107,1789025020.420662,pose/component_3,0.5040175318717957
107,1789025020.420662,pose/component_4,0.004974136129021645
107,1789025020.420662,pose/component_5,0.0
108,1789025020.5475764,amp/overflow_retries,0.0
108,1789025020.5475764,amp/scale,16.0
108,1789025020.5475764,gradient/clipped_norm,20626.4453125
108,1789025020.5475764,images/detect,0.0
108,1789025020.5475764,images/pose,16.0
108,1789025020.5475764,loss/backward,224.91941833496094
108,1789025020.5475764,loss/detect_mean,0.0
108,1789025020.5475764,loss/joint_mean,3.5143659114837646
108,1789025020.5475764,loss/pose_mean,3.5143659114837646
108,1789025020.5475764,lr/attention.decay,0.0
108,1789025020.5475764,lr/attention.no_decay,0.0
108,1789025020.5475764,lr/backbone.decay,5.4450402144772115e-06
108,1789025020.5475764,lr/backbone.no_decay,5.4450402144772115e-06
108,1789025020.5475764,lr/detect_head.decay,0.0
108,1789025020.5475764,lr/detect_head.no_decay,0.0
108,1789025020.5475764,lr/neck.decay,2.7225201072386054e-05
108,1789025020.5475764,lr/neck.no_decay,2.7225201072386054e-05
108,1789025020.5475764,lr/pose_head.decay,7.260053619302949e-05
108,1789025020.5475764,lr/pose_head.no_decay,7.260053619302949e-05
108,1789025020.5475764,pose/component_0,0.8846844434738159
108,1789025020.5475764,pose/component_1,0.022344259545207024
108,1789025020.5475764,pose/component_2,0.07361860573291779
108,1789025020.5475764,pose/component_3,0.4356696903705597
108,1789025020.5475764,pose/component_4,0.004008505027741194
108,1789025020.5475764,pose/component_5,0.0
109,1789025020.672296,amp/overflow_retries,0.0
109,1789025020.672296,amp/scale,16.0
109,1789025020.672296,gradient/clipped_norm,22993.04296875
109,1789025020.672296,images/detect,0.0
109,1789025020.672296,images/pose,16.0
109,1789025020.672296,loss/backward,186.35459899902344
109,1789025020.672296,loss/detect_mean,0.0
109,1789025020.672296,loss/joint_mean,2.911790609359741
109,1789025020.672296,loss/pose_mean,2.911790609359741
109,1789025020.672296,lr/attention.decay,0.0
109,1789025020.672296,lr/attention.no_decay,0.0
109,1789025020.672296,lr/backbone.decay,5.481233243967829e-06
109,1789025020.672296,lr/backbone.no_decay,5.481233243967829e-06
109,1789025020.672296,lr/detect_head.decay,0.0
109,1789025020.672296,lr/detect_head.no_decay,0.0
109,1789025020.672296,lr/neck.decay,2.7406166219839144e-05
109,1789025020.672296,lr/neck.no_decay,2.7406166219839144e-05
109,1789025020.672296,lr/pose_head.decay,7.308310991957106e-05
109,1789025020.672296,lr/pose_head.no_decay,7.308310991957106e-05
109,1789025020.672296,pose/component_0,0.759814977645874
109,1789025020.672296,pose/component_1,0.026475608348846436
109,1789025020.672296,pose/component_2,0.009823348373174667
109,1789025020.672296,pose/component_3,0.41576775908470154
109,1789025020.672296,pose/component_4,0.0024567178916186094
109,1789025020.672296,pose/component_5,0.0
110,1789025020.7939174,amp/overflow_retries,0.0
110,1789025020.7939174,amp/scale,16.0
110,1789025020.7939174,gradient/clipped_norm,14142.2197265625
110,1789025020.7939174,images/detect,0.0
110,1789025020.7939174,images/pose,16.0
110,1789025020.7939174,loss/backward,174.38009643554688
110,1789025020.7939174,loss/detect_mean,0.0
110,1789025020.7939174,loss/joint_mean,2.72468900680542
110,1789025020.7939174,loss/pose_mean,2.72468900680542
110,1789025020.7939174,lr/attention.decay,0.0
110,1789025020.7939174,lr/attention.no_decay,0.0
110,1789025020.7939174,lr/backbone.decay,5.517426273458445e-06
110,1789025020.7939174,lr/backbone.no_decay,5.517426273458445e-06
110,1789025020.7939174,lr/detect_head.decay,0.0
110,1789025020.7939174,lr/detect_head.no_decay,0.0
110,1789025020.7939174,lr/neck.decay,2.7587131367292223e-05
110,1789025020.7939174,lr/neck.no_decay,2.7587131367292223e-05
110,1789025020.7939174,lr/pose_head.decay,7.35656836461126e-05
110,1789025020.7939174,lr/pose_head.no_decay,7.35656836461126e-05
110,1789025020.7939174,pose/component_0,0.9127466678619385
110,1789025020.7939174,pose/component_1,0.014412116259336472
110,1789025020.7939174,pose/component_2,0.010410464368760586
110,1789025020.7939174,pose/component_3,0.4519548714160919
110,1789025020.7939174,pose/component_4,0.0040320903062820435
110,1789025020.7939174,pose/component_5,0.07616886496543884
111,1789025020.9203043,amp/overflow_retries,0.0
111,1789025020.9203043,amp/scale,16.0
111,1789025020.9203043,gradient/clipped_norm,17478.177734375
111,1789025020.9203043,images/detect,0.0
111,1789025020.9203043,images/pose,16.0
111,1789025020.9203043,loss/backward,323.04522705078125
111,1789025020.9203043,loss/detect_mean,0.0
111,1789025020.9203043,loss/joint_mean,5.047581672668457
111,1789025020.9203043,loss/pose_mean,5.047581672668457
111,1789025020.9203043,lr/attention.decay,0.0
111,1789025020.9203043,lr/attention.no_decay,0.0
111,1789025020.9203043,lr/backbone.decay,5.553619302949061e-06
111,1789025020.9203043,lr/backbone.no_decay,5.553619302949061e-06
111,1789025020.9203043,lr/detect_head.decay,0.0
111,1789025020.9203043,lr/detect_head.no_decay,0.0
111,1789025020.9203043,lr/neck.decay,2.7768096514745302e-05
111,1789025020.9203043,lr/neck.no_decay,2.7768096514745302e-05
111,1789025020.9203043,lr/pose_head.decay,7.404825737265415e-05
111,1789025020.9203043,lr/pose_head.no_decay,7.404825737265415e-05
111,1789025020.9203043,pose/component_0,1.3507105112075806
111,1789025020.9203043,pose/component_1,0.08797366172075272
111,1789025020.9203043,pose/component_2,0.17354296147823334
111,1789025020.9203043,pose/component_3,0.6400131583213806
111,1789025020.9203043,pose/component_4,0.00797930359840393
111,1789025020.9203043,pose/component_5,1.542661428451538
112,1789025021.051711,amp/overflow_retries,0.0
112,1789025021.051711,amp/scale,16.0
112,1789025021.051711,gradient/clipped_norm,19226.08203125
112,1789025021.051711,images/detect,0.0
112,1789025021.051711,images/pose,16.0
112,1789025021.051711,loss/backward,315.8467102050781
112,1789025021.051711,loss/detect_mean,0.0
112,1789025021.051711,loss/joint_mean,4.935104846954346
112,1789025021.051711,loss/pose_mean,4.935104846954346
112,1789025021.051711,lr/attention.decay,0.0
112,1789025021.051711,lr/attention.no_decay,0.0
112,1789025021.051711,lr/backbone.decay,5.589812332439679e-06
112,1789025021.051711,lr/backbone.no_decay,5.589812332439679e-06
112,1789025021.051711,lr/detect_head.decay,0.0
112,1789025021.051711,lr/detect_head.no_decay,0.0
112,1789025021.051711,lr/neck.decay,2.794906166219839e-05
112,1789025021.051711,lr/neck.no_decay,2.794906166219839e-05
112,1789025021.051711,lr/pose_head.decay,7.453083109919572e-05
112,1789025021.051711,lr/pose_head.no_decay,7.453083109919572e-05
112,1789025021.051711,pose/component_0,1.345288634300232
112,1789025021.051711,pose/component_1,0.14782236516475677
112,1789025021.051711,pose/component_2,0.056454069912433624
112,1789025021.051711,pose/component_3,0.9043459296226501
112,1789025021.051711,pose/component_4,0.007899443618953228
112,1789025021.051711,pose/component_5,2.2392659187316895
113,1789025021.176416,amp/overflow_retries,0.0
113,1789025021.176416,amp/scale,16.0
113,1789025021.176416,gradient/clipped_norm,21024.544921875
113,1789025021.176416,images/detect,0.0
113,1789025021.176416,images/pose,16.0
113,1789025021.176416,loss/backward,163.99154663085938
113,1789025021.176416,loss/detect_mean,0.0
113,1789025021.176416,loss/joint_mean,2.5623679161071777
113,1789025021.176416,loss/pose_mean,2.5623679161071777
113,1789025021.176416,lr/attention.decay,0.0
113,1789025021.176416,lr/attention.no_decay,0.0
113,1789025021.176416,lr/backbone.decay,5.626005361930295e-06
113,1789025021.176416,lr/backbone.no_decay,5.626005361930295e-06
113,1789025021.176416,lr/detect_head.decay,0.0
113,1789025021.176416,lr/detect_head.no_decay,0.0
113,1789025021.176416,lr/neck.decay,2.813002680965147e-05
113,1789025021.176416,lr/neck.no_decay,2.813002680965147e-05
113,1789025021.176416,lr/pose_head.decay,7.501340482573727e-05
113,1789025021.176416,lr/pose_head.no_decay,7.501340482573727e-05
113,1789025021.176416,pose/component_0,0.8211971521377563
113,1789025021.176416,pose/component_1,0.026063958182930946
113,1789025021.176416,pose/component_2,0.019499588757753372
113,1789025021.176416,pose/component_3,0.3738652467727661
113,1789025021.176416,pose/component_4,0.0034324945881962776
113,1789025021.176416,pose/component_5,0.0
114,1789025021.3045328,amp/overflow_retries,0.0
114,1789025021.3045328,amp/scale,16.0
114,1789025021.3045328,gradient/clipped_norm,16791.05078125
114,1789025021.3045328,images/detect,0.0
114,1789025021.3045328,images/pose,16.0
114,1789025021.3045328,loss/backward,281.98870849609375
114,1789025021.3045328,loss/detect_mean,0.0
114,1789025021.3045328,loss/joint_mean,4.406073570251465
114,1789025021.3045328,loss/pose_mean,4.406073570251465
114,1789025021.3045328,lr/attention.decay,0.0
114,1789025021.3045328,lr/attention.no_decay,0.0
114,1789025021.3045328,lr/backbone.decay,5.662198391420912e-06
114,1789025021.3045328,lr/backbone.no_decay,5.662198391420912e-06
114,1789025021.3045328,lr/detect_head.decay,0.0
114,1789025021.3045328,lr/detect_head.no_decay,0.0
114,1789025021.3045328,lr/neck.decay,2.831099195710456e-05
114,1789025021.3045328,lr/neck.no_decay,2.831099195710456e-05
114,1789025021.3045328,lr/pose_head.decay,7.549597855227883e-05
114,1789025021.3045328,lr/pose_head.no_decay,7.549597855227883e-05
114,1789025021.3045328,pose/component_0,1.7707363367080688
114,1789025021.3045328,pose/component_1,0.32871320843696594
114,1789025021.3045328,pose/component_2,0.1154298260807991
114,1789025021.3045328,pose/component_3,1.2281248569488525
114,1789025021.3045328,pose/component_4,0.005770868621766567
114,1789025021.3045328,pose/component_5,0.672450065612793
115,1789025021.4382377,amp/overflow_retries,0.0
115,1789025021.4382377,amp/scale,16.0
115,1789025021.4382377,gradient/clipped_norm,15144.0791015625
115,1789025021.4382377,images/detect,0.0
115,1789025021.4382377,images/pose,16.0
115,1789025021.4382377,loss/backward,185.21438598632812
115,1789025021.4382377,loss/detect_mean,0.0
115,1789025021.4382377,loss/joint_mean,2.893974781036377
115,1789025021.4382377,loss/pose_mean,2.893974781036377
115,1789025021.4382377,lr/attention.decay,0.0
115,1789025021.4382377,lr/attention.no_decay,0.0
115,1789025021.4382377,lr/backbone.decay,5.698391420911529e-06
115,1789025021.4382377,lr/backbone.no_decay,5.698391420911529e-06
115,1789025021.4382377,lr/detect_head.decay,0.0
115,1789025021.4382377,lr/detect_head.no_decay,0.0
115,1789025021.4382377,lr/neck.decay,2.849195710455764e-05
115,1789025021.4382377,lr/neck.no_decay,2.849195710455764e-05
115,1789025021.4382377,lr/pose_head.decay,7.597855227882038e-05
115,1789025021.4382377,lr/pose_head.no_decay,7.597855227882038e-05
115,1789025021.4382377,pose/component_0,1.1250393390655518
115,1789025021.4382377,pose/component_1,0.042534228414297104
115,1789025021.4382377,pose/component_2,0.10297667235136032
115,1789025021.4382377,pose/component_3,0.5622469186782837
115,1789025021.4382377,pose/component_4,0.0028086048550903797
115,1789025021.4382377,pose/component_5,0.0
116,1789025021.562422,amp/overflow_retries,0.0
116,1789025021.562422,amp/scale,16.0
116,1789025021.562422,gradient/clipped_norm,19957.29296875
116,1789025021.562422,images/detect,0.0
116,1789025021.562422,images/pose,16.0
116,1789025021.562422,loss/backward,295.0934753417969
116,1789025021.562422,loss/detect_mean,0.0
116,1789025021.562422,loss/joint_mean,4.610835552215576
116,1789025021.562422,loss/pose_mean,4.610835552215576
116,1789025021.562422,lr/attention.decay,0.0
116,1789025021.562422,lr/attention.no_decay,0.0
116,1789025021.562422,lr/backbone.decay,5.734584450402144e-06
116,1789025021.562422,lr/backbone.no_decay,5.734584450402144e-06
116,1789025021.562422,lr/detect_head.decay,0.0
116,1789025021.562422,lr/detect_head.no_decay,0.0
116,1789025021.562422,lr/neck.decay,2.8672922252010718e-05
116,1789025021.562422,lr/neck.no_decay,2.8672922252010718e-05
116,1789025021.562422,lr/pose_head.decay,7.646112600536193e-05
116,1789025021.562422,lr/pose_head.no_decay,7.646112600536193e-05
116,1789025021.562422,pose/component_0,0.9689356088638306
116,1789025021.562422,pose/component_1,0.06661561131477356
116,1789025021.562422,pose/component_2,0.017410678789019585
116,1789025021.562422,pose/component_3,0.6748695373535156
116,1789025021.562422,pose/component_4,0.0038322892505675554
116,1789025021.562422,pose/component_5,1.1723086833953857
117,1789025021.6848583,amp/overflow_retries,0.0
117,1789025021.6848583,amp/scale,16.0
117,1789025021.6848583,gradient/clipped_norm,28530.2734375
117,1789025021.6848583,images/detect,0.0
117,1789025021.6848583,images/pose,16.0
117,1789025021.6848583,loss/backward,281.19012451171875
117,1789025021.6848583,loss/detect_mean,0.0
117,1789025021.6848583,loss/joint_mean,4.3935956954956055
117,1789025021.6848583,loss/pose_mean,4.3935956954956055
117,1789025021.6848583,lr/attention.decay,0.0
117,1789025021.6848583,lr/attention.no_decay,0.0
117,1789025021.6848583,lr/backbone.decay,5.770777479892762e-06
117,1789025021.6848583,lr/backbone.no_decay,5.770777479892762e-06
117,1789025021.6848583,lr/detect_head.decay,0.0
117,1789025021.6848583,lr/detect_head.no_decay,0.0
117,1789025021.6848583,lr/neck.decay,2.8853887399463807e-05
117,1789025021.6848583,lr/neck.no_decay,2.8853887399463807e-05
117,1789025021.6848583,lr/pose_head.decay,7.69436997319035e-05
117,1789025021.6848583,lr/pose_head.no_decay,7.69436997319035e-05
117,1789025021.6848583,pose/component_0,1.054450511932373
117,1789025021.6848583,pose/component_1,0.04276413843035698
117,1789025021.6848583,pose/component_2,0.026920240372419357
117,1789025021.6848583,pose/component_3,0.39473220705986023
117,1789025021.6848583,pose/component_4,0.0036749867722392082
117,1789025021.6848583,pose/component_5,0.5286059379577637
118,1789025021.8091698,amp/overflow_retries,0.0
118,1789025021.8091698,amp/scale,16.0
118,1789025021.8091698,gradient/clipped_norm,22232.921875
118,1789025021.8091698,images/detect,0.0
118,1789025021.8091698,images/pose,16.0
118,1789025021.8091698,loss/backward,259.6605224609375
118,1789025021.8091698,loss/detect_mean,0.0
118,1789025021.8091698,loss/joint_mean,4.057195663452148
118,1789025021.8091698,loss/pose_mean,4.057195663452148
118,1789025021.8091698,lr/attention.decay,0.0
118,1789025021.8091698,lr/attention.no_decay,0.0
118,1789025021.8091698,lr/backbone.decay,5.806970509383378e-06
118,1789025021.8091698,lr/backbone.no_decay,5.806970509383378e-06
118,1789025021.8091698,lr/detect_head.decay,0.0
118,1789025021.8091698,lr/detect_head.no_decay,0.0
118,1789025021.8091698,lr/neck.decay,2.9034852546916886e-05
118,1789025021.8091698,lr/neck.no_decay,2.9034852546916886e-05
118,1789025021.8091698,lr/pose_head.decay,7.742627345844504e-05
118,1789025021.8091698,lr/pose_head.no_decay,7.742627345844504e-05
118,1789025021.8091698,pose/component_0,1.453797459602356
118,1789025021.8091698,pose/component_1,0.06026031821966171
118,1789025021.8091698,pose/component_2,0.005401411559432745
118,1789025021.8091698,pose/component_3,0.613304615020752
118,1789025021.8091698,pose/component_4,0.007723315618932247
118,1789025021.8091698,pose/component_5,1.090165376663208
119,1789025021.9309006,amp/overflow_retries,0.0
119,1789025021.9309006,amp/scale,16.0
119,1789025021.9309006,gradient/clipped_norm,23322.291015625
119,1789025021.9309006,images/detect,0.0
119,1789025021.9309006,images/pose,16.0
119,1789025021.9309006,loss/backward,390.0352478027344
119,1789025021.9309006,loss/detect_mean,0.0
119,1789025021.9309006,loss/joint_mean,6.094300746917725
119,1789025021.9309006,loss/pose_mean,6.094300746917725
119,1789025021.9309006,lr/attention.decay,0.0
119,1789025021.9309006,lr/attention.no_decay,0.0
119,1789025021.9309006,lr/backbone.decay,5.843163538873996e-06
119,1789025021.9309006,lr/backbone.no_decay,5.843163538873996e-06
119,1789025021.9309006,lr/detect_head.decay,0.0
119,1789025021.9309006,lr/detect_head.no_decay,0.0
119,1789025021.9309006,lr/neck.decay,2.9215817694369975e-05
119,1789025021.9309006,lr/neck.no_decay,2.9215817694369975e-05
119,1789025021.9309006,lr/pose_head.decay,7.79088471849866e-05
119,1789025021.9309006,lr/pose_head.no_decay,7.79088471849866e-05
119,1789025021.9309006,pose/component_0,1.3071860074996948
119,1789025021.9309006,pose/component_1,0.16199973225593567
119,1789025021.9309006,pose/component_2,0.29104113578796387
119,1789025021.9309006,pose/component_3,0.7108078002929688
119,1789025021.9309006,pose/component_4,0.00589045649394393
119,1789025021.9309006,pose/component_5,2.1171765327453613
120,1789025022.0555625,amp/overflow_retries,0.0
120,1789025022.0555625,amp/scale,16.0
120,1789025022.0555625,gradient/clipped_norm,16829.26171875
120,1789025022.0555625,images/detect,0.0
120,1789025022.0555625,images/pose,16.0
120,1789025022.0555625,loss/backward,221.72909545898438
120,1789025022.0555625,loss/detect_mean,0.0
120,1789025022.0555625,loss/joint_mean,3.464517116546631
120,1789025022.0555625,loss/pose_mean,3.464517116546631
120,1789025022.0555625,lr/attention.decay,0.0
120,1789025022.0555625,lr/attention.no_decay,0.0
120,1789025022.0555625,lr/backbone.decay,5.879356568364611e-06
120,1789025022.0555625,lr/backbone.no_decay,5.879356568364611e-06
120,1789025022.0555625,lr/detect_head.decay,0.0
120,1789025022.0555625,lr/detect_head.no_decay,0.0
120,1789025022.0555625,lr/neck.decay,2.9396782841823055e-05
120,1789025022.0555625,lr/neck.no_decay,2.9396782841823055e-05
120,1789025022.0555625,lr/pose_head.decay,7.839142091152815e-05
120,1789025022.0555625,lr/pose_head.no_decay,7.839142091152815e-05
120,1789025022.0555625,pose/component_0,1.2928332090377808
120,1789025022.0555625,pose/component_1,0.04298814758658409
120,1789025022.0555625,pose/component_2,0.026543091982603073
120,1789025022.0555625,pose/component_3,0.588364839553833
120,1789025022.0555625,pose/component_4,0.0037917466834187508
120,1789025022.0555625,pose/component_5,0.1151699647307396
121,1789025022.178043,amp/overflow_retries,0.0
121,1789025022.178043,amp/scale,16.0
121,1789025022.178043,gradient/clipped_norm,21820.208984375
121,1789025022.178043,images/detect,0.0
121,1789025022.178043,images/pose,16.0
121,1789025022.178043,loss/backward,392.997314453125
121,1789025022.178043,loss/detect_mean,0.0
121,1789025022.178043,loss/joint_mean,6.140583038330078
121,1789025022.178043,loss/pose_mean,6.140583038330078
121,1789025022.178043,lr/attention.decay,0.0
121,1789025022.178043,lr/attention.no_decay,0.0
121,1789025022.178043,lr/backbone.decay,5.915549597855228e-06
121,1789025022.178043,lr/backbone.no_decay,5.915549597855228e-06
121,1789025022.178043,lr/detect_head.decay,0.0
121,1789025022.178043,lr/detect_head.no_decay,0.0
121,1789025022.178043,lr/neck.decay,2.9577747989276134e-05
121,1789025022.178043,lr/neck.no_decay,2.9577747989276134e-05
121,1789025022.178043,lr/pose_head.decay,7.88739946380697e-05
121,1789025022.178043,lr/pose_head.no_decay,7.88739946380697e-05
121,1789025022.178043,pose/component_0,1.3255871534347534
121,1789025022.178043,pose/component_1,0.13350144028663635
121,1789025022.178043,pose/component_2,0.05705295875668526
121,1789025022.178043,pose/component_3,1.174370288848877
121,1789025022.178043,pose/component_4,0.007686058059334755
121,1789025022.178043,pose/component_5,2.3570594787597656
122,1789025022.3077247,amp/overflow_retries,0.0
122,1789025022.3077247,amp/scale,16.0
122,1789025022.3077247,gradient/clipped_norm,16511.259765625
122,1789025022.3077247,images/detect,0.0
122,1789025022.3077247,images/pose,16.0
122,1789025022.3077247,loss/backward,256.8701171875
122,1789025022.3077247,loss/detect_mean,0.0
122,1789025022.3077247,loss/joint_mean,4.0135955810546875
122,1789025022.3077247,loss/pose_mean,4.0135955810546875
122,1789025022.3077247,lr/attention.decay,0.0
122,1789025022.3077247,lr/attention.no_decay,0.0
122,1789025022.3077247,lr/backbone.decay,5.951742627345845e-06
122,1789025022.3077247,lr/backbone.no_decay,5.951742627345845e-06
122,1789025022.3077247,lr/detect_head.decay,0.0
122,1789025022.3077247,lr/detect_head.no_decay,0.0
122,1789025022.3077247,lr/neck.decay,2.9758713136729223e-05
122,1789025022.3077247,lr/neck.no_decay,2.9758713136729223e-05
122,1789025022.3077247,lr/pose_head.decay,7.935656836461127e-05
122,1789025022.3077247,lr/pose_head.no_decay,7.935656836461127e-05
122,1789025022.3077247,pose/component_0,1.1134755611419678
122,1789025022.3077247,pose/component_1,0.0364186093211174
122,1789025022.3077247,pose/component_2,0.06399102509021759
122,1789025022.3077247,pose/component_3,0.7064919471740723
122,1789025022.3077247,pose/component_4,0.004264357034116983
122,1789025022.3077247,pose/component_5,0.2125382274389267
123,1789025022.4296172,amp/overflow_retries,0.0
123,1789025022.4296172,amp/scale,16.0
123,1789025022.4296172,gradient/clipped_norm,22991.203125
123,1789025022.4296172,images/detect,0.0
123,1789025022.4296172,images/pose,16.0
123,1789025022.4296172,loss/backward,269.79119873046875
123,1789025022.4296172,loss/detect_mean,0.0
123,1789025022.4296172,loss/joint_mean,4.215487480163574
123,1789025022.4296172,loss/pose_mean,4.215487480163574
123,1789025022.4296172,lr/attention.decay,0.0
123,1789025022.4296172,lr/attention.no_decay,0.0
123,1789025022.4296172,lr/backbone.decay,5.987935656836462e-06
123,1789025022.4296172,lr/backbone.no_decay,5.987935656836462e-06
123,1789025022.4296172,lr/detect_head.decay,0.0
123,1789025022.4296172,lr/detect_head.no_decay,0.0
123,1789025022.4296172,lr/neck.decay,2.9939678284182302e-05
123,1789025022.4296172,lr/neck.no_decay,2.9939678284182302e-05
123,1789025022.4296172,lr/pose_head.decay,7.983914209115281e-05
123,1789025022.4296172,lr/pose_head.no_decay,7.983914209115281e-05
123,1789025022.4296172,pose/component_0,1.2841486930847168
123,1789025022.4296172,pose/component_1,0.041775912046432495
123,1789025022.4296172,pose/component_2,0.043679602444171906
123,1789025022.4296172,pose/component_3,0.685210108757019
123,1789025022.4296172,pose/component_4,0.002998963464051485
123,1789025022.4296172,pose/component_5,0.0
124,1789025022.551657,amp/overflow_retries,0.0
124,1789025022.551657,amp/scale,16.0
124,1789025022.551657,gradient/clipped_norm,14063.150390625
124,1789025022.551657,images/detect,0.0
124,1789025022.551657,images/pose,16.0
124,1789025022.551657,loss/backward,219.6571502685547
124,1789025022.551657,loss/detect_mean,0.0
124,1789025022.551657,loss/joint_mean,3.432142972946167
124,1789025022.551657,loss/pose_mean,3.432142972946167
124,1789025022.551657,lr/attention.decay,0.0
124,1789025022.551657,lr/attention.no_decay,0.0
124,1789025022.551657,lr/backbone.decay,6.024128686327079e-06
124,1789025022.551657,lr/backbone.no_decay,6.024128686327079e-06
124,1789025022.551657,lr/detect_head.decay,0.0
124,1789025022.551657,lr/detect_head.no_decay,0.0
124,1789025022.551657,lr/neck.decay,3.012064343163539e-05
124,1789025022.551657,lr/neck.no_decay,3.012064343163539e-05
124,1789025022.551657,lr/pose_head.decay,8.032171581769439e-05
124,1789025022.551657,lr/pose_head.no_decay,8.032171581769439e-05
124,1789025022.551657,pose/component_0,1.0503745079040527
124,1789025022.551657,pose/component_1,0.027981536462903023
124,1789025022.551657,pose/component_2,0.01251140795648098
124,1789025022.551657,pose/component_3,0.6103748679161072
124,1789025022.551657,pose/component_4,0.0034883616026490927
124,1789025022.551657,pose/component_5,0.0
125,1789025022.6736422,amp/overflow_retries,0.0
125,1789025022.6736422,amp/scale,16.0
125,1789025022.6736422,gradient/clipped_norm,15250.970703125
125,1789025022.6736422,images/detect,0.0
125,1789025022.6736422,images/pose,16.0
125,1789025022.6736422,loss/backward,190.676025390625
125,1789025022.6736422,loss/detect_mean,0.0
125,1789025022.6736422,loss/joint_mean,2.9793128967285156
125,1789025022.6736422,loss/pose_mean,2.9793128967285156
125,1789025022.6736422,lr/attention.decay,0.0
125,1789025022.6736422,lr/attention.no_decay,0.0
125,1789025022.6736422,lr/backbone.decay,6.060321715817695e-06
125,1789025022.6736422,lr/backbone.no_decay,6.060321715817695e-06
125,1789025022.6736422,lr/detect_head.decay,0.0
125,1789025022.6736422,lr/detect_head.no_decay,0.0
125,1789025022.6736422,lr/neck.decay,3.030160857908847e-05
125,1789025022.6736422,lr/neck.no_decay,3.030160857908847e-05
125,1789025022.6736422,lr/pose_head.decay,8.080428954423594e-05
125,1789025022.6736422,lr/pose_head.no_decay,8.080428954423594e-05
125,1789025022.6736422,pose/component_0,1.3005427122116089
125,1789025022.6736422,pose/component_1,0.0583401583135128
125,1789025022.6736422,pose/component_2,0.027417778968811035
125,1789025022.6736422,pose/component_3,0.6794121265411377
125,1789025022.6736422,pose/component_4,0.003172535914927721
125,1789025022.6736422,pose/component_5,0.0
126,1789025022.7954729,amp/overflow_retries,0.0
126,1789025022.7954729,amp/scale,16.0
126,1789025022.7954729,gradient/clipped_norm,14625.68359375
126,1789025022.7954729,images/detect,0.0
126,1789025022.7954729,images/pose,16.0
126,1789025022.7954729,loss/backward,189.03428649902344
126,1789025022.7954729,loss/detect_mean,0.0
126,1789025022.7954729,loss/joint_mean,2.953660726547241
126,1789025022.7954729,loss/pose_mean,2.953660726547241
126,1789025022.7954729,lr/attention.decay,0.0
126,1789025022.7954729,lr/attention.no_decay,0.0
126,1789025022.7954729,lr/backbone.decay,6.096514745308311e-06
126,1789025022.7954729,lr/backbone.no_decay,6.096514745308311e-06
126,1789025022.7954729,lr/detect_head.decay,0.0
126,1789025022.7954729,lr/detect_head.no_decay,0.0
126,1789025022.7954729,lr/neck.decay,3.048257372654155e-05
126,1789025022.7954729,lr/neck.no_decay,3.048257372654155e-05
126,1789025022.7954729,lr/pose_head.decay,8.128686327077747e-05
126,1789025022.7954729,lr/pose_head.no_decay,8.128686327077747e-05
126,1789025022.7954729,pose/component_0,1.0072275400161743
126,1789025022.7954729,pose/component_1,0.08656726032495499
126,1789025022.7954729,pose/component_2,0.043660953640937805
126,1789025022.7954729,pose/component_3,0.6005975008010864
126,1789025022.7954729,pose/component_4,0.006398515775799751
126,1789025022.7954729,pose/component_5,0.503427267074585
127,1789025022.9173763,amp/overflow_retries,0.0
127,1789025022.9173763,amp/scale,16.0
127,1789025022.9173763,gradient/clipped_norm,13125.3828125
127,1789025022.9173763,images/detect,0.0
127,1789025022.9173763,images/pose,16.0
127,1789025022.9173763,loss/backward,170.89309692382812
127,1789025022.9173763,loss/detect_mean,0.0
127,1789025022.9173763,loss/joint_mean,2.6702046394348145
127,1789025022.9173763,loss/pose_mean,2.6702046394348145
127,1789025022.9173763,lr/attention.decay,0.0
127,1789025022.9173763,lr/attention.no_decay,0.0
127,1789025022.9173763,lr/backbone.decay,6.1327077747989285e-06
127,1789025022.9173763,lr/backbone.no_decay,6.1327077747989285e-06
127,1789025022.9173763,lr/detect_head.decay,0.0
127,1789025022.9173763,lr/detect_head.no_decay,0.0
127,1789025022.9173763,lr/neck.decay,3.066353887399464e-05
127,1789025022.9173763,lr/neck.no_decay,3.066353887399464e-05
127,1789025022.9173763,lr/pose_head.decay,8.176943699731905e-05
127,1789025022.9173763,lr/pose_head.no_decay,8.176943699731905e-05
127,1789025022.9173763,pose/component_0,1.1489059925079346
127,1789025022.9173763,pose/component_1,0.02293376252055168
127,1789025022.9173763,pose/component_2,0.009931043721735477
127,1789025022.9173763,pose/component_3,0.8569331765174866
127,1789025022.9173763,pose/component_4,0.003328857012093067
127,1789025022.9173763,pose/component_5,0.06359463930130005
128,1789025023.039361,amp/overflow_retries,0.0
128,1789025023.039361,amp/scale,16.0
128,1789025023.039361,gradient/clipped_norm,27073.033203125
128,1789025023.039361,images/detect,0.0
128,1789025023.039361,images/pose,16.0
128,1789025023.039361,loss/backward,360.6255798339844
128,1789025023.039361,loss/detect_mean,0.0
128,1789025023.039361,loss/joint_mean,5.634774684906006
128,1789025023.039361,loss/pose_mean,5.634774684906006
128,1789025023.039361,lr/attention.decay,0.0
128,1789025023.039361,lr/attention.no_decay,0.0
128,1789025023.039361,lr/backbone.decay,6.168900804289544e-06
128,1789025023.039361,lr/backbone.no_decay,6.168900804289544e-06
128,1789025023.039361,lr/detect_head.decay,0.0
128,1789025023.039361,lr/detect_head.no_decay,0.0
128,1789025023.039361,lr/neck.decay,3.084450402144772e-05
128,1789025023.039361,lr/neck.no_decay,3.084450402144772e-05
128,1789025023.039361,lr/pose_head.decay,8.22520107238606e-05
128,1789025023.039361,lr/pose_head.no_decay,8.22520107238606e-05
128,1789025023.039361,pose/component_0,1.0110260248184204
128,1789025023.039361,pose/component_1,0.295163094997406
128,1789025023.039361,pose/component_2,0.026671111583709717
128,1789025023.039361,pose/component_3,0.49879878759384155
128,1789025023.039361,pose/component_4,0.0038657234981656075
128,1789025023.039361,pose/component_5,2.4418041706085205
129,1789025023.1623616,amp/overflow_retries,0.0
129,1789025023.1623616,amp/scale,16.0
129,1789025023.1623616,gradient/clipped_norm,16299.92578125
129,1789025023.1623616,images/detect,0.0
129,1789025023.1623616,images/pose,16.0
129,1789025023.1623616,loss/backward,132.56874084472656
129,1789025023.1623616,loss/detect_mean,0.0
129,1789025023.1623616,loss/joint_mean,2.0713865756988525
129,1789025023.1623616,loss/pose_mean,2.0713865756988525
129,1789025023.1623616,lr/attention.decay,0.0
129,1789025023.1623616,lr/attention.no_decay,0.0
129,1789025023.1623616,lr/backbone.decay,6.205093833780162e-06
129,1789025023.1623616,lr/backbone.no_decay,6.205093833780162e-06
129,1789025023.1623616,lr/detect_head.decay,0.0
129,1789025023.1623616,lr/detect_head.no_decay,0.0
129,1789025023.1623616,lr/neck.decay,3.102546916890081e-05
129,1789025023.1623616,lr/neck.no_decay,3.102546916890081e-05
129,1789025023.1623616,lr/pose_head.decay,8.273458445040216e-05
129,1789025023.1623616,lr/pose_head.no_decay,8.273458445040216e-05
129,1789025023.1623616,pose/component_0,0.8793133497238159
129,1789025023.1623616,pose/component_1,0.023552827537059784
129,1789025023.1623616,pose/component_2,0.05776835232973099
129,1789025023.1623616,pose/component_3,0.46020451188087463
129,1789025023.1623616,pose/component_4,0.003072367748245597
129,1789025023.1623616,pose/component_5,0.0
130,1789025023.284131,amp/overflow_retries,0.0
130,1789025023.284131,amp/scale,16.0
130,1789025023.284131,gradient/clipped_norm,19397.806640625
130,1789025023.284131,images/detect,0.0
130,1789025023.284131,images/pose,16.0
130,1789025023.284131,loss/backward,219.24044799804688
130,1789025023.284131,loss/detect_mean,0.0
130,1789025023.284131,loss/joint_mean,3.4256319999694824
130,1789025023.284131,loss/pose_mean,3.4256319999694824
130,1789025023.284131,lr/attention.decay,0.0
130,1789025023.284131,lr/attention.no_decay,0.0
130,1789025023.284131,lr/backbone.decay,6.241286863270778e-06
130,1789025023.284131,lr/backbone.no_decay,6.241286863270778e-06
130,1789025023.284131,lr/detect_head.decay,0.0
130,1789025023.284131,lr/detect_head.no_decay,0.0
130,1789025023.284131,lr/neck.decay,3.120643431635389e-05
130,1789025023.284131,lr/neck.no_decay,3.120643431635389e-05
130,1789025023.284131,lr/pose_head.decay,8.321715817694371e-05
130,1789025023.284131,lr/pose_head.no_decay,8.321715817694371e-05
130,1789025023.284131,pose/component_0,1.106601595878601
130,1789025023.284131,pose/component_1,0.03626575320959091
130,1789025023.284131,pose/component_2,0.04803420230746269
130,1789025023.284131,pose/component_3,0.6635064482688904
130,1789025023.284131,pose/component_4,0.005315842106938362
130,1789025023.284131,pose/component_5,0.1556815356016159
131,1789025023.4060986,amp/overflow_retries,0.0
131,1789025023.4060986,amp/scale,16.0
131,1789025023.4060986,gradient/clipped_norm,17729.736328125
131,1789025023.4060986,images/detect,0.0
131,1789025023.4060986,images/pose,16.0
131,1789025023.4060986,loss/backward,227.10092163085938
131,1789025023.4060986,loss/detect_mean,0.0
131,1789025023.4060986,loss/joint_mean,3.5484519004821777
131,1789025023.4060986,loss/pose_mean,3.5484519004821777
131,1789025023.4060986,lr/attention.decay,0.0
131,1789025023.4060986,lr/attention.no_decay,0.0
131,1789025023.4060986,lr/backbone.decay,6.2774798927613945e-06
131,1789025023.4060986,lr/backbone.no_decay,6.2774798927613945e-06
131,1789025023.4060986,lr/detect_head.decay,0.0
131,1789025023.4060986,lr/detect_head.no_decay,0.0
131,1789025023.4060986,lr/neck.decay,3.1387399463806966e-05
131,1789025023.4060986,lr/neck.no_decay,3.1387399463806966e-05
131,1789025023.4060986,lr/pose_head.decay,8.369973190348526e-05
131,1789025023.4060986,lr/pose_head.no_decay,8.369973190348526e-05
131,1789025023.4060986,pose/component_0,1.4430794715881348
131,1789025023.4060986,pose/component_1,0.05410553514957428
131,1789025023.4060986,pose/component_2,0.01529037207365036
131,1789025023.4060986,pose/component_3,0.7190316915512085
131,1789025023.4060986,pose/component_4,0.003765704808756709
131,1789025023.4060986,pose/component_5,0.02225518971681595
132,1789025023.5285387,amp/overflow_retries,0.0
132,1789025023.5285387,amp/scale,16.0
132,1789025023.5285387,gradient/clipped_norm,17405.01171875
132,1789025023.5285387,images/detect,0.0
132,1789025023.5285387,images/pose,16.0
132,1789025023.5285387,loss/backward,216.3389434814453
132,1789025023.5285387,loss/detect_mean,0.0
132,1789025023.5285387,loss/joint_mean,3.380295991897583
132,1789025023.5285387,loss/pose_mean,3.380295991897583
132,1789025023.5285387,lr/attention.decay,0.0
132,1789025023.5285387,lr/attention.no_decay,0.0
132,1789025023.5285387,lr/backbone.decay,6.313672922252012e-06
132,1789025023.5285387,lr/backbone.no_decay,6.313672922252012e-06
132,1789025023.5285387,lr/detect_head.decay,0.0
132,1789025023.5285387,lr/detect_head.no_decay,0.0
132,1789025023.5285387,lr/neck.decay,3.1568364611260055e-05
132,1789025023.5285387,lr/neck.no_decay,3.1568364611260055e-05
132,1789025023.5285387,lr/pose_head.decay,8.418230563002682e-05
132,1789025023.5285387,lr/pose_head.no_decay,8.418230563002682e-05
132,1789025023.5285387,pose/component_0,1.2256290912628174
132,1789025023.5285387,pose/component_1,0.03336718678474426
132,1789025023.5285387,pose/component_2,0.015528004616498947
132,1789025023.5285387,pose/component_3,0.5574870705604553
132,1789025023.5285387,pose/component_4,0.004092177841812372
132,1789025023.5285387,pose/component_5,0.47412484884262085
133,1789025023.651323,amp/overflow_retries,0.0
133,1789025023.651323,amp/scale,16.0
133,1789025023.651323,gradient/clipped_norm,27315.720703125
133,1789025023.651323,images/detect,0.0
133,1789025023.651323,images/pose,16.0
133,1789025023.651323,loss/backward,261.50225830078125
133,1789025023.651323,loss/detect_mean,0.0
133,1789025023.651323,loss/joint_mean,4.085972785949707
133,1789025023.651323,loss/pose_mean,4.085972785949707
133,1789025023.651323,lr/attention.decay,0.0
133,1789025023.651323,lr/attention.no_decay,0.0
133,1789025023.651323,lr/backbone.decay,6.3498659517426275e-06
133,1789025023.651323,lr/backbone.no_decay,6.3498659517426275e-06
133,1789025023.651323,lr/detect_head.decay,0.0
133,1789025023.651323,lr/detect_head.no_decay,0.0
133,1789025023.651323,lr/neck.decay,3.174932975871314e-05
133,1789025023.651323,lr/neck.no_decay,3.174932975871314e-05
133,1789025023.651323,lr/pose_head.decay,8.466487935656837e-05
133,1789025023.651323,lr/pose_head.no_decay,8.466487935656837e-05
133,1789025023.651323,pose/component_0,1.2354793548583984
133,1789025023.651323,pose/component_1,0.0666317418217659
133,1789025023.651323,pose/component_2,0.01834811456501484
133,1789025023.651323,pose/component_3,0.5417948961257935
133,1789025023.651323,pose/component_4,0.0070130061358213425
133,1789025023.651323,pose/component_5,0.818950891494751
134,1789025023.7736115,amp/overflow_retries,0.0
134,1789025023.7736115,amp/scale,16.0
134,1789025023.7736115,gradient/clipped_norm,26240.736328125
134,1789025023.7736115,images/detect,0.0
134,1789025023.7736115,images/pose,16.0
134,1789025023.7736115,loss/backward,296.57989501953125
134,1789025023.7736115,loss/detect_mean,0.0
134,1789025023.7736115,loss/joint_mean,4.634060859680176
134,1789025023.7736115,loss/pose_mean,4.634060859680176
134,1789025023.7736115,lr/attention.decay,0.0
134,1789025023.7736115,lr/attention.no_decay,0.0
134,1789025023.7736115,lr/backbone.decay,6.386058981233246e-06
134,1789025023.7736115,lr/backbone.no_decay,6.386058981233246e-06
134,1789025023.7736115,lr/detect_head.decay,0.0
134,1789025023.7736115,lr/detect_head.no_decay,0.0
134,1789025023.7736115,lr/neck.decay,3.193029490616623e-05
134,1789025023.7736115,lr/neck.no_decay,3.193029490616623e-05
134,1789025023.7736115,lr/pose_head.decay,8.514745308310995e-05
134,1789025023.7736115,lr/pose_head.no_decay,8.514745308310995e-05
134,1789025023.7736115,pose/component_0,1.2380868196487427
134,1789025023.7736115,pose/component_1,0.051515646278858185
134,1789025023.7736115,pose/component_2,0.015997538343071938
134,1789025023.7736115,pose/component_3,0.7004415988922119
134,1789025023.7736115,pose/component_4,0.00396747374907136
134,1789025023.7736115,pose/component_5,1.1055328845977783
135,1789025023.8950024,amp/overflow_retries,0.0
135,1789025023.8950024,amp/scale,16.0
135,1789025023.8950024,gradient/clipped_norm,28372.703125
135,1789025023.8950024,images/detect,0.0
135,1789025023.8950024,images/pose,16.0
135,1789025023.8950024,loss/backward,242.78408813476562
135,1789025023.8950024,loss/detect_mean,0.0
135,1789025023.8950024,loss/joint_mean,3.793501377105713
135,1789025023.8950024,loss/pose_mean,3.793501377105713
135,1789025023.8950024,lr/attention.decay,0.0
135,1789025023.8950024,lr/attention.no_decay,0.0
135,1789025023.8950024,lr/backbone.decay,6.422252010723861e-06
135,1789025023.8950024,lr/backbone.no_decay,6.422252010723861e-06
135,1789025023.8950024,lr/detect_head.decay,0.0
135,1789025023.8950024,lr/detect_head.no_decay,0.0
135,1789025023.8950024,lr/neck.decay,3.21112600536193e-05
135,1789025023.8950024,lr/neck.no_decay,3.21112600536193e-05
135,1789025023.8950024,lr/pose_head.decay,8.563002680965148e-05
135,1789025023.8950024,lr/pose_head.no_decay,8.563002680965148e-05
135,1789025023.8950024,pose/component_0,0.9035618305206299
135,1789025023.8950024,pose/component_1,0.33649149537086487
135,1789025023.8950024,pose/component_2,0.01687629707157612
135,1789025023.8950024,pose/component_3,0.5182657837867737
135,1789025023.8950024,pose/component_4,0.004733847454190254
135,1789025023.8950024,pose/component_5,1.1979928016662598
136,1789025024.0173168,amp/overflow_retries,0.0
136,1789025024.0173168,amp/scale,16.0
136,1789025024.0173168,gradient/clipped_norm,16612.5078125
136,1789025024.0173168,images/detect,0.0
136,1789025024.0173168,images/pose,16.0
136,1789025024.0173168,loss/backward,216.31300354003906
136,1789025024.0173168,loss/detect_mean,0.0
136,1789025024.0173168,loss/joint_mean,3.3798906803131104
136,1789025024.0173168,loss/pose_mean,3.3798906803131104
136,1789025024.0173168,lr/attention.decay,0.0
136,1789025024.0173168,lr/attention.no_decay,0.0
136,1789025024.0173168,lr/backbone.decay,6.458445040214477e-06
136,1789025024.0173168,lr/backbone.no_decay,6.458445040214477e-06
136,1789025024.0173168,lr/detect_head.decay,0.0
136,1789025024.0173168,lr/detect_head.no_decay,0.0
136,1789025024.0173168,lr/neck.decay,3.2292225201072385e-05
136,1789025024.0173168,lr/neck.no_decay,3.2292225201072385e-05
136,1789025024.0173168,lr/pose_head.decay,8.611260053619303e-05
136,1789025024.0173168,lr/pose_head.no_decay,8.611260053619303e-05
136,1789025024.0173168,pose/component_0,1.1458688974380493
136,1789025024.0173168,pose/component_1,0.04371050372719765
136,1789025024.0173168,pose/component_2,0.04463280364871025
136,1789025024.0173168,pose/component_3,0.5799475312232971
136,1789025024.0173168,pose/component_4,0.0028828124050050974
136,1789025024.0173168,pose/component_5,0.0
137,1789025024.1391535,amp/overflow_retries,0.0
137,1789025024.1391535,amp/scale,16.0
137,1789025024.1391535,gradient/clipped_norm,20892.478515625
137,1789025024.1391535,images/detect,0.0
137,1789025024.1391535,images/pose,16.0
137,1789025024.1391535,loss/backward,261.79681396484375
137,1789025024.1391535,loss/detect_mean,0.0
137,1789025024.1391535,loss/joint_mean,4.090575218200684
137,1789025024.1391535,loss/pose_mean,4.090575218200684
137,1789025024.1391535,lr/attention.decay,0.0
137,1789025024.1391535,lr/attention.no_decay,0.0
137,1789025024.1391535,lr/backbone.decay,6.494638069705095e-06
137,1789025024.1391535,lr/backbone.no_decay,6.494638069705095e-06
137,1789025024.1391535,lr/detect_head.decay,0.0
137,1789025024.1391535,lr/detect_head.no_decay,0.0
137,1789025024.1391535,lr/neck.decay,3.2473190348525474e-05
137,1789025024.1391535,lr/neck.no_decay,3.2473190348525474e-05
137,1789025024.1391535,lr/pose_head.decay,8.659517426273461e-05
137,1789025024.1391535,lr/pose_head.no_decay,8.659517426273461e-05
137,1789025024.1391535,pose/component_0,0.9932239055633545
137,1789025024.1391535,pose/component_1,0.05484415590763092
137,1789025024.1391535,pose/component_2,0.08866136521100998
137,1789025024.1391535,pose/component_3,0.48220375180244446
137,1789025024.1391535,pose/component_4,0.0030556723941117525
137,1789025024.1391535,pose/component_5,1.0301251411437988
138,1789025024.2625713,amp/overflow_retries,0.0
138,1789025024.2625713,amp/scale,16.0
138,1789025024.2625713,gradient/clipped_norm,25383.35546875
138,1789025024.2625713,images/detect,0.0
138,1789025024.2625713,images/pose,16.0
138,1789025024.2625713,loss/backward,265.07470703125
138,1789025024.2625713,loss/detect_mean,0.0
138,1789025024.2625713,loss/joint_mean,4.141792297363281
138,1789025024.2625713,loss/pose_mean,4.141792297363281
138,1789025024.2625713,lr/attention.decay,0.0
138,1789025024.2625713,lr/attention.no_decay,0.0
138,1789025024.2625713,lr/backbone.decay,6.530831099195711e-06
138,1789025024.2625713,lr/backbone.no_decay,6.530831099195711e-06
138,1789025024.2625713,lr/detect_head.decay,0.0
138,1789025024.2625713,lr/detect_head.no_decay,0.0
138,1789025024.2625713,lr/neck.decay,3.265415549597855e-05
138,1789025024.2625713,lr/neck.no_decay,3.265415549597855e-05
138,1789025024.2625713,lr/pose_head.decay,8.707774798927614e-05
138,1789025024.2625713,lr/pose_head.no_decay,8.707774798927614e-05
138,1789025024.2625713,pose/component_0,1.2519805431365967
138,1789025024.2625713,pose/component_1,0.045202359557151794
138,1789025024.2625713,pose/component_2,0.010219093412160873
138,1789025024.2625713,pose/component_3,0.6803755760192871
138,1789025024.2625713,pose/component_4,0.004117307253181934
138,1789025024.2625713,pose/component_5,0.3226621747016907
139,1789025024.384278,amp/overflow_retries,0.0
139,1789025024.384278,amp/scale,16.0
139,1789025024.384278,gradient/clipped_norm,21958.52734375
139,1789025024.384278,images/detect,0.0
139,1789025024.384278,images/pose,16.0
139,1789025024.384278,loss/backward,300.8016662597656
139,1789025024.384278,loss/detect_mean,0.0
139,1789025024.384278,loss/joint_mean,4.700026035308838
139,1789025024.384278,loss/pose_mean,4.700026035308838
139,1789025024.384278,lr/attention.decay,0.0
139,1789025024.384278,lr/attention.no_decay,0.0
139,1789025024.384278,lr/backbone.decay,6.567024128686327e-06
139,1789025024.384278,lr/backbone.no_decay,6.567024128686327e-06
139,1789025024.384278,lr/detect_head.decay,0.0
139,1789025024.384278,lr/detect_head.no_decay,0.0
139,1789025024.384278,lr/neck.decay,3.283512064343163e-05
139,1789025024.384278,lr/neck.no_decay,3.283512064343163e-05
139,1789025024.384278,lr/pose_head.decay,8.756032171581769e-05
139,1789025024.384278,lr/pose_head.no_decay,8.756032171581769e-05
139,1789025024.384278,pose/component_0,1.234988808631897
139,1789025024.384278,pose/component_1,0.06952863931655884
139,1789025024.384278,pose/component_2,0.036472827196121216
139,1789025024.384278,pose/component_3,0.7832739949226379
139,1789025024.384278,pose/component_4,0.004045984707772732
139,1789025024.384278,pose/component_5,0.7100371718406677
140,1789025024.506446,amp/overflow_retries,0.0
140,1789025024.506446,amp/scale,16.0
140,1789025024.506446,gradient/clipped_norm,17920.37109375
140,1789025024.506446,images/detect,0.0
140,1789025024.506446,images/pose,16.0
140,1789025024.506446,loss/backward,275.8975830078125
140,1789025024.506446,loss/detect_mean,0.0
140,1789025024.506446,loss/joint_mean,4.31089973449707
140,1789025024.506446,loss/pose_mean,4.31089973449707
140,1789025024.506446,lr/attention.decay,0.0
140,1789025024.506446,lr/attention.no_decay,0.0
140,1789025024.506446,lr/backbone.decay,6.603217158176943e-06
140,1789025024.506446,lr/backbone.no_decay,6.603217158176943e-06
140,1789025024.506446,lr/detect_head.decay,0.0
140,1789025024.506446,lr/detect_head.no_decay,0.0
140,1789025024.506446,lr/neck.decay,3.301608579088471e-05
140,1789025024.506446,lr/neck.no_decay,3.301608579088471e-05
140,1789025024.506446,lr/pose_head.decay,8.804289544235924e-05
140,1789025024.506446,lr/pose_head.no_decay,8.804289544235924e-05
140,1789025024.506446,pose/component_0,1.0349327325820923
140,1789025024.506446,pose/component_1,0.044178321957588196
140,1789025024.506446,pose/component_2,0.08179923892021179
140,1789025024.506446,pose/component_3,0.6488580703735352
140,1789025024.506446,pose/component_4,0.004861334804445505
140,1789025024.506446,pose/component_5,0.9795292615890503
141,1789025024.628322,amp/overflow_retries,0.0
141,1789025024.628322,amp/scale,16.0
141,1789025024.628322,gradient/clipped_norm,33182.0859375
141,1789025024.628322,images/detect,0.0
141,1789025024.628322,images/pose,16.0
141,1789025024.628322,loss/backward,406.2413024902344
141,1789025024.628322,loss/detect_mean,0.0
141,1789025024.628322,loss/joint_mean,6.347520351409912
141,1789025024.628322,loss/pose_mean,6.347520351409912
141,1789025024.628322,lr/attention.decay,0.0
141,1789025024.628322,lr/attention.no_decay,0.0
141,1789025024.628322,lr/backbone.decay,6.63941018766756e-06
141,1789025024.628322,lr/backbone.no_decay,6.63941018766756e-06
141,1789025024.628322,lr/detect_head.decay,0.0
141,1789025024.628322,lr/detect_head.no_decay,0.0
141,1789025024.628322,lr/neck.decay,3.31970509383378e-05
141,1789025024.628322,lr/neck.no_decay,3.31970509383378e-05
141,1789025024.628322,lr/pose_head.decay,8.852546916890082e-05
141,1789025024.628322,lr/pose_head.no_decay,8.852546916890082e-05
141,1789025024.628322,pose/component_0,1.2956371307373047
141,1789025024.628322,pose/component_1,0.09337358176708221
141,1789025024.628322,pose/component_2,0.11441589891910553
141,1789025024.628322,pose/component_3,0.8137699961662292
141,1789025024.628322,pose/component_4,0.006219000555574894
141,1789025024.628322,pose/component_5,3.075819969177246
142,1789025024.750312,amp/overflow_retries,0.0
142,1789025024.750312,amp/scale,16.0
142,1789025024.750312,gradient/clipped_norm,16534.41796875
142,1789025024.750312,images/detect,0.0
142,1789025024.750312,images/pose,16.0
142,1789025024.750312,loss/backward,206.4603271484375
142,1789025024.750312,loss/detect_mean,0.0
142,1789025024.750312,loss/joint_mean,3.225942611694336
142,1789025024.750312,loss/pose_mean,3.225942611694336
142,1789025024.750312,lr/attention.decay,0.0
142,1789025024.750312,lr/attention.no_decay,0.0
142,1789025024.750312,lr/backbone.decay,6.675603217158177e-06
142,1789025024.750312,lr/backbone.no_decay,6.675603217158177e-06
142,1789025024.750312,lr/detect_head.decay,0.0
142,1789025024.750312,lr/detect_head.no_decay,0.0
142,1789025024.750312,lr/neck.decay,3.337801608579088e-05
142,1789025024.750312,lr/neck.no_decay,3.337801608579088e-05
142,1789025024.750312,lr/pose_head.decay,8.900804289544235e-05
142,1789025024.750312,lr/pose_head.no_decay,8.900804289544235e-05
142,1789025024.750312,pose/component_0,0.9960148334503174
142,1789025024.750312,pose/component_1,0.033454518765211105
142,1789025024.750312,pose/component_2,0.023019826039671898
142,1789025024.750312,pose/component_3,0.7080755233764648
142,1789025024.750312,pose/component_4,0.004554905463010073
142,1789025024.750312,pose/component_5,0.9616541266441345
143,1789025024.8722122,amp/overflow_retries,0.0
143,1789025024.8722122,amp/scale,16.0
143,1789025024.8722122,gradient/clipped_norm,39211.37109375
143,1789025024.8722122,images/detect,0.0
143,1789025024.8722122,images/pose,16.0
143,1789025024.8722122,loss/backward,228.05355834960938
143,1789025024.8722122,loss/detect_mean,0.0
143,1789025024.8722122,loss/joint_mean,3.5633368492126465
143,1789025024.8722122,loss/pose_mean,3.5633368492126465
143,1789025024.8722122,lr/attention.decay,0.0
143,1789025024.8722122,lr/attention.no_decay,0.0
143,1789025024.8722122,lr/backbone.decay,6.711796246648794e-06
143,1789025024.8722122,lr/backbone.no_decay,6.711796246648794e-06
143,1789025024.8722122,lr/detect_head.decay,0.0
143,1789025024.8722122,lr/detect_head.no_decay,0.0
143,1789025024.8722122,lr/neck.decay,3.355898123324397e-05
143,1789025024.8722122,lr/neck.no_decay,3.355898123324397e-05
143,1789025024.8722122,lr/pose_head.decay,8.949061662198393e-05
143,1789025024.8722122,lr/pose_head.no_decay,8.949061662198393e-05
143,1789025024.8722122,pose/component_0,0.9898694753646851
143,1789025024.8722122,pose/component_1,0.04936523735523224
143,1789025024.8722122,pose/component_2,0.09139256924390793
143,1789025024.8722122,pose/component_3,0.6448750495910645
143,1789025024.8722122,pose/component_4,0.0026010340079665184
143,1789025024.8722122,pose/component_5,0.6630569100379944
144,1789025024.9950936,amp/overflow_retries,0.0
144,1789025024.9950936,amp/scale,16.0
144,1789025024.9950936,gradient/clipped_norm,27204.421875
144,1789025024.9950936,images/detect,0.0
144,1789025024.9950936,images/pose,16.0
144,1789025024.9950936,loss/backward,287.9561462402344
144,1789025024.9950936,loss/detect_mean,0.0
144,1789025024.9950936,loss/joint_mean,4.499314785003662
144,1789025024.9950936,loss/pose_mean,4.499314785003662
144,1789025024.9950936,lr/attention.decay,0.0
144,1789025024.9950936,lr/attention.no_decay,0.0
144,1789025024.9950936,lr/backbone.decay,6.74798927613941e-06
144,1789025024.9950936,lr/backbone.no_decay,6.74798927613941e-06
144,1789025024.9950936,lr/detect_head.decay,0.0
144,1789025024.9950936,lr/detect_head.no_decay,0.0
144,1789025024.9950936,lr/neck.decay,3.3739946380697045e-05
144,1789025024.9950936,lr/neck.no_decay,3.3739946380697045e-05
144,1789025024.9950936,lr/pose_head.decay,8.997319034852548e-05
144,1789025024.9950936,lr/pose_head.no_decay,8.997319034852548e-05
144,1789025024.9950936,pose/component_0,1.0673736333847046
144,1789025024.9950936,pose/component_1,0.07818622887134552
144,1789025024.9950936,pose/component_2,0.012468898668885231
144,1789025024.9950936,pose/component_3,0.586368978023529
144,1789025024.9950936,pose/component_4,0.004291211720556021
144,1789025024.9950936,pose/component_5,1.4034051895141602
145,1789025025.1167307,amp/overflow_retries,0.0
145,1789025025.1167307,amp/scale,16.0
145,1789025025.1167307,gradient/clipped_norm,40684.828125
145,1789025025.1167307,images/detect,0.0
145,1789025025.1167307,images/pose,16.0
145,1789025025.1167307,loss/backward,180.9605712890625
145,1789025025.1167307,loss/detect_mean,0.0
145,1789025025.1167307,loss/joint_mean,2.8275089263916016
145,1789025025.1167307,loss/pose_mean,2.8275089263916016
145,1789025025.1167307,lr/attention.decay,0.0
145,1789025025.1167307,lr/attention.no_decay,0.0
145,1789025025.1167307,lr/backbone.decay,6.784182305630026e-06
145,1789025025.1167307,lr/backbone.no_decay,6.784182305630026e-06
145,1789025025.1167307,lr/detect_head.decay,0.0
145,1789025025.1167307,lr/detect_head.no_decay,0.0
145,1789025025.1167307,lr/neck.decay,3.392091152815013e-05
145,1789025025.1167307,lr/neck.no_decay,3.392091152815013e-05
145,1789025025.1167307,lr/pose_head.decay,9.045576407506701e-05
145,1789025025.1167307,lr/pose_head.no_decay,9.045576407506701e-05
145,1789025025.1167307,pose/component_0,0.932977557182312
145,1789025025.1167307,pose/component_1,0.02561727538704872
145,1789025025.1167307,pose/component_2,0.016185853630304337
145,1789025025.1167307,pose/component_3,0.4220350980758667
145,1789025025.1167307,pose/component_4,0.0025812203530222178
145,1789025025.1167307,pose/component_5,0.0
146,1789025025.2391994,amp/overflow_retries,0.0
146,1789025025.2391994,amp/scale,16.0
146,1789025025.2391994,gradient/clipped_norm,17569.8671875
146,1789025025.2391994,images/detect,0.0
146,1789025025.2391994,images/pose,16.0
146,1789025025.2391994,loss/backward,214.97900390625
146,1789025025.2391994,loss/detect_mean,0.0
146,1789025025.2391994,loss/joint_mean,3.3590469360351562
146,1789025025.2391994,loss/pose_mean,3.3590469360351562
146,1789025025.2391994,lr/attention.decay,0.0
146,1789025025.2391994,lr/attention.no_decay,0.0
146,1789025025.2391994,lr/backbone.decay,6.820375335120644e-06
146,1789025025.2391994,lr/backbone.no_decay,6.820375335120644e-06
146,1789025025.2391994,lr/detect_head.decay,0.0
146,1789025025.2391994,lr/detect_head.no_decay,0.0
146,1789025025.2391994,lr/neck.decay,3.410187667560322e-05
146,1789025025.2391994,lr/neck.no_decay,3.410187667560322e-05
146,1789025025.2391994,lr/pose_head.decay,9.093833780160859e-05
146,1789025025.2391994,lr/pose_head.no_decay,9.093833780160859e-05
146,1789025025.2391994,pose/component_0,1.1091505289077759
146,1789025025.2391994,pose/component_1,0.04789967089891434
146,1789025025.2391994,pose/component_2,0.059371184557676315
146,1789025025.2391994,pose/component_3,0.5158663988113403
146,1789025025.2391994,pose/component_4,0.005680774804204702
146,1789025025.2391994,pose/component_5,1.048496961593628
147,1789025025.3604593,amp/overflow_retries,0.0
147,1789025025.3604593,amp/scale,16.0
147,1789025025.3604593,gradient/clipped_norm,19929.552734375
147,1789025025.3604593,images/detect,0.0
147,1789025025.3604593,images/pose,16.0
147,1789025025.3604593,loss/backward,328.6903076171875
147,1789025025.3604593,loss/detect_mean,0.0
147,1789025025.3604593,loss/joint_mean,5.135786056518555
147,1789025025.3604593,loss/pose_mean,5.135786056518555
147,1789025025.3604593,lr/attention.decay,0.0
147,1789025025.3604593,lr/attention.no_decay,0.0
147,1789025025.3604593,lr/backbone.decay,6.85656836461126e-06
147,1789025025.3604593,lr/backbone.no_decay,6.85656836461126e-06
147,1789025025.3604593,lr/detect_head.decay,0.0
147,1789025025.3604593,lr/detect_head.no_decay,0.0
147,1789025025.3604593,lr/neck.decay,3.428284182305629e-05
147,1789025025.3604593,lr/neck.no_decay,3.428284182305629e-05
147,1789025025.3604593,lr/pose_head.decay,9.142091152815014e-05
147,1789025025.3604593,lr/pose_head.no_decay,9.142091152815014e-05
147,1789025025.3604593,pose/component_0,1.0522820949554443
147,1789025025.3604593,pose/component_1,0.021325571462512016
147,1789025025.3604593,pose/component_2,0.01828174479305744
147,1789025025.3604593,pose/component_3,0.389413982629776
147,1789025025.3604593,pose/component_4,0.005864585749804974
147,1789025025.3604593,pose/component_5,1.0791232585906982
148,1789025025.4827456,amp/overflow_retries,0.0
148,1789025025.4827456,amp/scale,16.0
148,1789025025.4827456,gradient/clipped_norm,24843.015625
148,1789025025.4827456,images/detect,0.0
148,1789025025.4827456,images/pose,16.0
148,1789025025.4827456,loss/backward,287.696044921875
148,1789025025.4827456,loss/detect_mean,0.0
148,1789025025.4827456,loss/joint_mean,4.495250701904297
148,1789025025.4827456,loss/pose_mean,4.495250701904297
148,1789025025.4827456,lr/attention.decay,0.0
148,1789025025.4827456,lr/attention.no_decay,0.0
148,1789025025.4827456,lr/backbone.decay,6.8927613941018776e-06
148,1789025025.4827456,lr/backbone.no_decay,6.8927613941018776e-06
148,1789025025.4827456,lr/detect_head.decay,0.0
148,1789025025.4827456,lr/detect_head.no_decay,0.0
148,1789025025.4827456,lr/neck.decay,3.446380697050938e-05
148,1789025025.4827456,lr/neck.no_decay,3.446380697050938e-05
148,1789025025.4827456,lr/pose_head.decay,9.19034852546917e-05
148,1789025025.4827456,lr/pose_head.no_decay,9.19034852546917e-05
148,1789025025.4827456,pose/component_0,1.478871464729309
148,1789025025.4827456,pose/component_1,0.14474697411060333
148,1789025025.4827456,pose/component_2,0.11467952281236649
148,1789025025.4827456,pose/component_3,0.7420525550842285
148,1789025025.4827456,pose/component_4,0.00495873112231493
148,1789025025.4827456,pose/component_5,1.5858139991760254
149,1789025025.6044886,amp/overflow_retries,0.0
149,1789025025.6044886,amp/scale,16.0
149,1789025025.6044886,gradient/clipped_norm,16805.01953125
149,1789025025.6044886,images/detect,0.0
149,1789025025.6044886,images/pose,16.0
149,1789025025.6044886,loss/backward,217.48745727539062
149,1789025025.6044886,loss/detect_mean,0.0
149,1789025025.6044886,loss/joint_mean,3.3982415199279785
149,1789025025.6044886,loss/pose_mean,3.3982415199279785
149,1789025025.6044886,lr/attention.decay,0.0
149,1789025025.6044886,lr/attention.no_decay,0.0
149,1789025025.6044886,lr/backbone.decay,6.928954423592493e-06
149,1789025025.6044886,lr/backbone.no_decay,6.928954423592493e-06
149,1789025025.6044886,lr/detect_head.decay,0.0
149,1789025025.6044886,lr/detect_head.no_decay,0.0
149,1789025025.6044886,lr/neck.decay,3.4644772117962464e-05
149,1789025025.6044886,lr/neck.no_decay,3.4644772117962464e-05
149,1789025025.6044886,lr/pose_head.decay,9.238605898123325e-05
149,1789025025.6044886,lr/pose_head.no_decay,9.238605898123325e-05
149,1789025025.6044886,pose/component_0,1.2595150470733643
149,1789025025.6044886,pose/component_1,0.06377291679382324
149,1789025025.6044886,pose/component_2,0.008514861576259136
149,1789025025.6044886,pose/component_3,0.5995603799819946
149,1789025025.6044886,pose/component_4,0.0029219267889857292
149,1789025025.6044886,pose/component_5,0.5526391267776489
150,1789025025.7278671,amp/overflow_retries,0.0
150,1789025025.7278671,amp/scale,16.0
150,1789025025.7278671,gradient/clipped_norm,13198.341796875
150,1789025025.7278671,images/detect,0.0
150,1789025025.7278671,images/pose,16.0
150,1789025025.7278671,loss/backward,186.20993041992188
150,1789025025.7278671,loss/detect_mean,0.0
150,1789025025.7278671,loss/joint_mean,2.9095301628112793
150,1789025025.7278671,loss/pose_mean,2.9095301628112793
150,1789025025.7278671,lr/attention.decay,0.0
150,1789025025.7278671,lr/attention.no_decay,0.0
150,1789025025.7278671,lr/backbone.decay,6.96514745308311e-06
150,1789025025.7278671,lr/backbone.no_decay,6.96514745308311e-06
150,1789025025.7278671,lr/detect_head.decay,0.0
150,1789025025.7278671,lr/detect_head.no_decay,0.0
150,1789025025.7278671,lr/neck.decay,3.482573726541554e-05
150,1789025025.7278671,lr/neck.no_decay,3.482573726541554e-05
150,1789025025.7278671,lr/pose_head.decay,9.28686327077748e-05
150,1789025025.7278671,lr/pose_head.no_decay,9.28686327077748e-05
150,1789025025.7278671,pose/component_0,1.1102144718170166
150,1789025025.7278671,pose/component_1,0.02482077106833458
150,1789025025.7278671,pose/component_2,0.09065348654985428
150,1789025025.7278671,pose/component_3,0.7767423391342163
150,1789025025.7278671,pose/component_4,0.004478400107473135
150,1789025025.7278671,pose/component_5,0.0
151,1789025025.8492203,amp/overflow_retries,0.0
151,1789025025.8492203,amp/scale,16.0
151,1789025025.8492203,gradient/clipped_norm,20212.67578125
151,1789025025.8492203,images/detect,0.0
151,1789025025.8492203,images/pose,16.0
151,1789025025.8492203,loss/backward,300.30487060546875
151,1789025025.8492203,loss/detect_mean,0.0
151,1789025025.8492203,loss/joint_mean,4.692263603210449
151,1789025025.8492203,loss/pose_mean,4.692263603210449
151,1789025025.8492203,lr/attention.decay,0.0
151,1789025025.8492203,lr/attention.no_decay,0.0
151,1789025025.8492203,lr/backbone.decay,7.001340482573727e-06
151,1789025025.8492203,lr/backbone.no_decay,7.001340482573727e-06
151,1789025025.8492203,lr/detect_head.decay,0.0
151,1789025025.8492203,lr/detect_head.no_decay,0.0
151,1789025025.8492203,lr/neck.decay,3.500670241286863e-05
151,1789025025.8492203,lr/neck.no_decay,3.500670241286863e-05
151,1789025025.8492203,lr/pose_head.decay,9.335120643431636e-05
151,1789025025.8492203,lr/pose_head.no_decay,9.335120643431636e-05
151,1789025025.8492203,pose/component_0,1.2832294702529907
151,1789025025.8492203,pose/component_1,0.04105018079280853
151,1789025025.8492203,pose/component_2,0.04576270654797554
151,1789025025.8492203,pose/component_3,0.7403060793876648
151,1789025025.8492203,pose/component_4,0.00700830202549696
151,1789025025.8492203,pose/component_5,0.9278221726417542
152,1789025025.9711826,amp/overflow_retries,0.0
152,1789025025.9711826,amp/scale,16.0
152,1789025025.9711826,gradient/clipped_norm,17242.671875
152,1789025025.9711826,images/detect,0.0
152,1789025025.9711826,images/pose,16.0
152,1789025025.9711826,loss/backward,208.94961547851562
152,1789025025.9711826,loss/detect_mean,0.0
152,1789025025.9711826,loss/joint_mean,3.2648377418518066
152,1789025025.9711826,loss/pose_mean,3.2648377418518066
152,1789025025.9711826,lr/attention.decay,0.0
152,1789025025.9711826,lr/attention.no_decay,0.0
152,1789025025.9711826,lr/backbone.decay,7.037533512064343e-06
152,1789025025.9711826,lr/backbone.no_decay,7.037533512064343e-06
152,1789025025.9711826,lr/detect_head.decay,0.0
152,1789025025.9711826,lr/detect_head.no_decay,0.0
152,1789025025.9711826,lr/neck.decay,3.518766756032171e-05
152,1789025025.9711826,lr/neck.no_decay,3.518766756032171e-05
152,1789025025.9711826,lr/pose_head.decay,9.383378016085791e-05
152,1789025025.9711826,lr/pose_head.no_decay,9.383378016085791e-05
152,1789025025.9711826,pose/component_0,1.2042170763015747
152,1789025025.9711826,pose/component_1,0.022645028308033943
152,1789025025.9711826,pose/component_2,0.01855381950736046
152,1789025025.9711826,pose/component_3,0.4277332127094269
152,1789025025.9711826,pose/component_4,0.003948095254600048
152,1789025025.9711826,pose/component_5,0.3424796760082245
153,1789025026.0937805,amp/overflow_retries,0.0
153,1789025026.0937805,amp/scale,16.0
153,1789025026.0937805,gradient/clipped_norm,32961.66015625
153,1789025026.0937805,images/detect,0.0
153,1789025026.0937805,images/pose,16.0
153,1789025026.0937805,loss/backward,363.6064147949219
153,1789025026.0937805,loss/detect_mean,0.0
153,1789025026.0937805,loss/joint_mean,5.681350231170654
153,1789025026.0937805,loss/pose_mean,5.681350231170654
153,1789025026.0937805,lr/attention.decay,0.0
153,1789025026.0937805,lr/attention.no_decay,0.0
153,1789025026.0937805,lr/backbone.decay,7.073726541554961e-06
153,1789025026.0937805,lr/backbone.no_decay,7.073726541554961e-06
153,1789025026.0937805,lr/detect_head.decay,0.0
153,1789025026.0937805,lr/detect_head.no_decay,0.0
153,1789025026.0937805,lr/neck.decay,3.53686327077748e-05
153,1789025026.0937805,lr/neck.no_decay,3.53686327077748e-05
153,1789025026.0937805,lr/pose_head.decay,9.431635388739948e-05
153,1789025026.0937805,lr/pose_head.no_decay,9.431635388739948e-05
153,1789025026.0937805,pose/component_0,1.303900122642517
153,1789025026.0937805,pose/component_1,0.12259161472320557
153,1789025026.0937805,pose/component_2,0.07849409431219101
153,1789025026.0937805,pose/component_3,0.7681978344917297
153,1789025026.0937805,pose/component_4,0.007271492853760719
153,1789025026.0937805,pose/component_5,2.5122179985046387
154,1789025026.215636,amp/overflow_retries,0.0
154,1789025026.215636,amp/scale,16.0
154,1789025026.215636,gradient/clipped_norm,32108.841796875
154,1789025026.215636,images/detect,0.0
154,1789025026.215636,images/pose,16.0
154,1789025026.215636,loss/backward,212.2069854736328
154,1789025026.215636,loss/detect_mean,0.0
154,1789025026.215636,loss/joint_mean,3.3157341480255127
154,1789025026.215636,loss/pose_mean,3.3157341480255127
154,1789025026.215636,lr/attention.decay,0.0
154,1789025026.215636,lr/attention.no_decay,0.0
154,1789025026.215636,lr/backbone.decay,7.1099195710455766e-06
154,1789025026.215636,lr/backbone.no_decay,7.1099195710455766e-06
154,1789025026.215636,lr/detect_head.decay,0.0
154,1789025026.215636,lr/detect_head.no_decay,0.0
154,1789025026.215636,lr/neck.decay,3.554959785522788e-05
154,1789025026.215636,lr/neck.no_decay,3.554959785522788e-05
154,1789025026.215636,lr/pose_head.decay,9.479892761394102e-05
154,1789025026.215636,lr/pose_head.no_decay,9.479892761394102e-05
154,1789025026.215636,pose/component_0,0.8373656272888184
154,1789025026.215636,pose/component_1,0.03456569463014603
154,1789025026.215636,pose/component_2,0.07512028515338898
154,1789025026.215636,pose/component_3,0.47267723083496094
154,1789025026.215636,pose/component_4,0.0033750575967133045
154,1789025026.215636,pose/component_5,0.25755298137664795
155,1789025026.3369737,amp/overflow_retries,0.0
155,1789025026.3369737,amp/scale,16.0
155,1789025026.3369737,gradient/clipped_norm,15292.9453125
155,1789025026.3369737,images/detect,0.0
155,1789025026.3369737,images/pose,16.0
155,1789025026.3369737,loss/backward,215.1345672607422
155,1789025026.3369737,loss/detect_mean,0.0
155,1789025026.3369737,loss/joint_mean,3.3614776134490967
155,1789025026.3369737,loss/pose_mean,3.3614776134490967
155,1789025026.3369737,lr/attention.decay,0.0
155,1789025026.3369737,lr/attention.no_decay,0.0
155,1789025026.3369737,lr/backbone.decay,7.146112600536192e-06
155,1789025026.3369737,lr/backbone.no_decay,7.146112600536192e-06
155,1789025026.3369737,lr/detect_head.decay,0.0
155,1789025026.3369737,lr/detect_head.no_decay,0.0
155,1789025026.3369737,lr/neck.decay,3.573056300268096e-05
155,1789025026.3369737,lr/neck.no_decay,3.573056300268096e-05
155,1789025026.3369737,lr/pose_head.decay,9.528150134048257e-05
155,1789025026.3369737,lr/pose_head.no_decay,9.528150134048257e-05
155,1789025026.3369737,pose/component_0,1.1783958673477173
155,1789025026.3369737,pose/component_1,0.048464976251125336
155,1789025026.3369737,pose/component_2,0.05630140379071236
155,1789025026.3369737,pose/component_3,0.5801381468772888
155,1789025026.3369737,pose/component_4,0.004175037145614624
155,1789025026.3369737,pose/component_5,1.047053337097168
156,1789025026.4589732,amp/overflow_retries,0.0
156,1789025026.4589732,amp/scale,16.0
156,1789025026.4589732,gradient/clipped_norm,19252.177734375
156,1789025026.4589732,images/detect,0.0
156,1789025026.4589732,images/pose,16.0
156,1789025026.4589732,loss/backward,224.09188842773438
156,1789025026.4589732,loss/detect_mean,0.0
156,1789025026.4589732,loss/joint_mean,3.5014357566833496
156,1789025026.4589732,loss/pose_mean,3.5014357566833496
156,1789025026.4589732,lr/attention.decay,0.0
156,1789025026.4589732,lr/attention.no_decay,0.0
156,1789025026.4589732,lr/backbone.decay,7.18230563002681e-06
156,1789025026.4589732,lr/backbone.no_decay,7.18230563002681e-06
156,1789025026.4589732,lr/detect_head.decay,0.0
156,1789025026.4589732,lr/detect_head.no_decay,0.0
156,1789025026.4589732,lr/neck.decay,3.591152815013405e-05
156,1789025026.4589732,lr/neck.no_decay,3.591152815013405e-05
156,1789025026.4589732,lr/pose_head.decay,9.576407506702414e-05
156,1789025026.4589732,lr/pose_head.no_decay,9.576407506702414e-05
156,1789025026.4589732,pose/component_0,1.1277953386306763
156,1789025026.4589732,pose/component_1,0.02351113222539425
156,1789025026.4589732,pose/component_2,0.08935453742742538
156,1789025026.4589732,pose/component_3,0.6929884552955627
156,1789025026.4589732,pose/component_4,0.005600780248641968
156,1789025026.4589732,pose/component_5,0.53862464427948
157,1789025026.580885,amp/overflow_retries,0.0
157,1789025026.580885,amp/scale,16.0
157,1789025026.580885,gradient/clipped_norm,23226.787109375
157,1789025026.580885,images/detect,0.0
157,1789025026.580885,images/pose,16.0
157,1789025026.580885,loss/backward,311.6871643066406
157,1789025026.580885,loss/detect_mean,0.0
157,1789025026.580885,loss/joint_mean,4.87011194229126
157,1789025026.580885,loss/pose_mean,4.87011194229126
157,1789025026.580885,lr/attention.decay,0.0
157,1789025026.580885,lr/attention.no_decay,0.0
157,1789025026.580885,lr/backbone.decay,7.218498659517426e-06
157,1789025026.580885,lr/backbone.no_decay,7.218498659517426e-06
157,1789025026.580885,lr/detect_head.decay,0.0
157,1789025026.580885,lr/detect_head.no_decay,0.0
157,1789025026.580885,lr/neck.decay,3.6092493297587124e-05
157,1789025026.580885,lr/neck.no_decay,3.6092493297587124e-05
157,1789025026.580885,lr/pose_head.decay,9.624664879356569e-05
157,1789025026.580885,lr/pose_head.no_decay,9.624664879356569e-05
157,1789025026.580885,pose/component_0,1.3568686246871948
157,1789025026.580885,pose/component_1,0.2336360514163971
157,1789025026.580885,pose/component_2,0.018992990255355835
157,1789025026.580885,pose/component_3,0.7905616164207458
157,1789025026.580885,pose/component_4,0.007495549041777849
157,1789025026.580885,pose/component_5,1.6317639350891113
158,1789025026.70398,amp/overflow_retries,0.0
158,1789025026.70398,amp/scale,16.0
158,1789025026.70398,gradient/clipped_norm,29756.87109375
158,1789025026.70398,images/detect,0.0
158,1789025026.70398,images/pose,16.0
158,1789025026.70398,loss/backward,167.79708862304688
158,1789025026.70398,loss/detect_mean,0.0
158,1789025026.70398,loss/joint_mean,2.6218295097351074
158,1789025026.70398,loss/pose_mean,2.6218295097351074
158,1789025026.70398,lr/attention.decay,0.0
158,1789025026.70398,lr/attention.no_decay,0.0
158,1789025026.70398,lr/backbone.decay,7.254691689008044e-06
158,1789025026.70398,lr/backbone.no_decay,7.254691689008044e-06
158,1789025026.70398,lr/detect_head.decay,0.0
158,1789025026.70398,lr/detect_head.no_decay,0.0
158,1789025026.70398,lr/neck.decay,3.6273458445040214e-05
158,1789025026.70398,lr/neck.no_decay,3.6273458445040214e-05
158,1789025026.70398,lr/pose_head.decay,9.672922252010725e-05
158,1789025026.70398,lr/pose_head.no_decay,9.672922252010725e-05
158,1789025026.70398,pose/component_0,1.2016141414642334
158,1789025026.70398,pose/component_1,0.03955802321434021
158,1789025026.70398,pose/component_2,0.06207845360040665
158,1789025026.70398,pose/component_3,0.6878359317779541
158,1789025026.70398,pose/component_4,0.002783139469102025
158,1789025026.70398,pose/component_5,0.0
159,1789025026.8256843,amp/overflow_retries,0.0
159,1789025026.8256843,amp/scale,16.0
159,1789025026.8256843,gradient/clipped_norm,34186.75390625
159,1789025026.8256843,images/detect,0.0
159,1789025026.8256843,images/pose,16.0
159,1789025026.8256843,loss/backward,314.3946838378906
159,1789025026.8256843,loss/detect_mean,0.0
159,1789025026.8256843,loss/joint_mean,4.912416934967041
159,1789025026.8256843,loss/pose_mean,4.912416934967041
159,1789025026.8256843,lr/attention.decay,0.0
159,1789025026.8256843,lr/attention.no_decay,0.0
159,1789025026.8256843,lr/backbone.decay,7.29088471849866e-06
159,1789025026.8256843,lr/backbone.no_decay,7.29088471849866e-06
159,1789025026.8256843,lr/detect_head.decay,0.0
159,1789025026.8256843,lr/detect_head.no_decay,0.0
159,1789025026.8256843,lr/neck.decay,3.6454423592493296e-05
159,1789025026.8256843,lr/neck.no_decay,3.6454423592493296e-05
159,1789025026.8256843,lr/pose_head.decay,9.72117962466488e-05
159,1789025026.8256843,lr/pose_head.no_decay,9.72117962466488e-05
159,1789025026.8256843,pose/component_0,1.030969262123108
159,1789025026.8256843,pose/component_1,0.1785447895526886
159,1789025026.8256843,pose/component_2,0.02140003815293312
159,1789025026.8256843,pose/component_3,0.6849080920219421
159,1789025026.8256843,pose/component_4,0.0036422351840883493
159,1789025026.8256843,pose/component_5,3.6477179527282715
160,1789025026.948726,amp/overflow_retries,0.0
160,1789025026.948726,amp/scale,16.0
160,1789025026.948726,gradient/clipped_norm,30890.884765625
160,1789025026.948726,images/detect,0.0
160,1789025026.948726,images/pose,16.0
160,1789025026.948726,loss/backward,285.4290466308594
160,1789025026.948726,loss/detect_mean,0.0
160,1789025026.948726,loss/joint_mean,4.459828853607178
160,1789025026.948726,loss/pose_mean,4.459828853607178
160,1789025026.948726,lr/attention.decay,0.0
160,1789025026.948726,lr/attention.no_decay,0.0
160,1789025026.948726,lr/backbone.decay,7.327077747989276e-06
160,1789025026.948726,lr/backbone.no_decay,7.327077747989276e-06
160,1789025026.948726,lr/detect_head.decay,0.0
160,1789025026.948726,lr/detect_head.no_decay,0.0
160,1789025026.948726,lr/neck.decay,3.663538873994637e-05
160,1789025026.948726,lr/neck.no_decay,3.663538873994637e-05
160,1789025026.948726,lr/pose_head.decay,9.769436997319035e-05
160,1789025026.948726,lr/pose_head.no_decay,9.769436997319035e-05
160,1789025026.948726,pose/component_0,1.1133170127868652
160,1789025026.948726,pose/component_1,0.0236958134919405
160,1789025026.948726,pose/component_2,0.07855873554944992
160,1789025026.948726,pose/component_3,0.7955334186553955
160,1789025026.948726,pose/component_4,0.005760179832577705
160,1789025026.948726,pose/component_5,0.6193477511405945
161,1789025027.07129,amp/overflow_retries,0.0
161,1789025027.07129,amp/scale,16.0
161,1789025027.07129,gradient/clipped_norm,26566.537109375
161,1789025027.07129,images/detect,0.0
161,1789025027.07129,images/pose,16.0
161,1789025027.07129,loss/backward,277.560791015625
161,1789025027.07129,loss/detect_mean,0.0
161,1789025027.07129,loss/joint_mean,4.336887359619141
161,1789025027.07129,loss/pose_mean,4.336887359619141
161,1789025027.07129,lr/attention.decay,0.0
161,1789025027.07129,lr/attention.no_decay,0.0
161,1789025027.07129,lr/backbone.decay,7.363270777479894e-06
161,1789025027.07129,lr/backbone.no_decay,7.363270777479894e-06
161,1789025027.07129,lr/detect_head.decay,0.0
161,1789025027.07129,lr/detect_head.no_decay,0.0
161,1789025027.07129,lr/neck.decay,3.681635388739946e-05
161,1789025027.07129,lr/neck.no_decay,3.681635388739946e-05
161,1789025027.07129,lr/pose_head.decay,9.817694369973191e-05
161,1789025027.07129,lr/pose_head.no_decay,9.817694369973191e-05
161,1789025027.07129,pose/component_0,0.9029141068458557
161,1789025027.07129,pose/component_1,0.03632519021630287
161,1789025027.07129,pose/component_2,0.10776176303625107
161,1789025027.07129,pose/component_3,0.7378776669502258
161,1789025027.07129,pose/component_4,0.005080502014607191
161,1789025027.07129,pose/component_5,1.0946602821350098
162,1789025027.1936555,amp/overflow_retries,0.0
162,1789025027.1936555,amp/scale,16.0
162,1789025027.1936555,gradient/clipped_norm,16654.484375
162,1789025027.1936555,images/detect,0.0
162,1789025027.1936555,images/pose,16.0
162,1789025027.1936555,loss/backward,231.75332641601562
162,1789025027.1936555,loss/detect_mean,0.0
162,1789025027.1936555,loss/joint_mean,3.621145725250244
162,1789025027.1936555,loss/pose_mean,3.621145725250244
162,1789025027.1936555,lr/attention.decay,0.0
162,1789025027.1936555,lr/attention.no_decay,0.0
162,1789025027.1936555,lr/backbone.decay,7.3994638069705094e-06
162,1789025027.1936555,lr/backbone.no_decay,7.3994638069705094e-06
162,1789025027.1936555,lr/detect_head.decay,0.0
162,1789025027.1936555,lr/detect_head.no_decay,0.0
162,1789025027.1936555,lr/neck.decay,3.6997319034852544e-05
162,1789025027.1936555,lr/neck.no_decay,3.6997319034852544e-05
162,1789025027.1936555,lr/pose_head.decay,9.865951742627346e-05
162,1789025027.1936555,lr/pose_head.no_decay,9.865951742627346e-05
162,1789025027.1936555,pose/component_0,1.2012850046157837
162,1789025027.1936555,pose/component_1,0.06679955869913101
162,1789025027.1936555,pose/component_2,0.07205859571695328
162,1789025027.1936555,pose/component_3,0.6743935942649841
162,1789025027.1936555,pose/component_4,0.006361311301589012
162,1789025027.1936555,pose/component_5,0.8767681121826172
163,1789025027.315606,amp/overflow_retries,0.0
163,1789025027.315606,amp/scale,16.0
163,1789025027.315606,gradient/clipped_norm,22733.689453125
163,1789025027.315606,images/detect,0.0
163,1789025027.315606,images/pose,16.0
163,1789025027.315606,loss/backward,246.6292724609375
163,1789025027.315606,loss/detect_mean,0.0
163,1789025027.315606,loss/joint_mean,3.8535823822021484
163,1789025027.315606,loss/pose_mean,3.8535823822021484
163,1789025027.315606,lr/attention.decay,0.0
163,1789025027.315606,lr/attention.no_decay,0.0
163,1789025027.315606,lr/backbone.decay,7.435656836461127e-06
163,1789025027.315606,lr/backbone.no_decay,7.435656836461127e-06
163,1789025027.315606,lr/detect_head.decay,0.0
163,1789025027.315606,lr/detect_head.no_decay,0.0
163,1789025027.315606,lr/neck.decay,3.717828418230563e-05
163,1789025027.315606,lr/neck.no_decay,3.717828418230563e-05
163,1789025027.315606,lr/pose_head.decay,9.914209115281503e-05
163,1789025027.315606,lr/pose_head.no_decay,9.914209115281503e-05
163,1789025027.315606,pose/component_0,1.0938007831573486
163,1789025027.315606,pose/component_1,0.03336658328771591
163,1789025027.315606,pose/component_2,0.027003169059753418
163,1789025027.315606,pose/component_3,0.5711398124694824
163,1789025027.315606,pose/component_4,0.004690441302955151
163,1789025027.315606,pose/component_5,1.1305793523788452
164,1789025027.4374502,amp/overflow_retries,0.0
164,1789025027.4374502,amp/scale,16.0
164,1789025027.4374502,gradient/clipped_norm,29173.66796875
164,1789025027.4374502,images/detect,0.0
164,1789025027.4374502,images/pose,16.0
164,1789025027.4374502,loss/backward,337.798828125
164,1789025027.4374502,loss/detect_mean,0.0
164,1789025027.4374502,loss/joint_mean,5.278106689453125
164,1789025027.4374502,loss/pose_mean,5.278106689453125
164,1789025027.4374502,lr/attention.decay,0.0
164,1789025027.4374502,lr/attention.no_decay,0.0
164,1789025027.4374502,lr/backbone.decay,7.471849865951743e-06
164,1789025027.4374502,lr/backbone.no_decay,7.471849865951743e-06
164,1789025027.4374502,lr/detect_head.decay,0.0
164,1789025027.4374502,lr/detect_head.no_decay,0.0
164,1789025027.4374502,lr/neck.decay,3.735924932975871e-05
164,1789025027.4374502,lr/neck.no_decay,3.735924932975871e-05
164,1789025027.4374502,lr/pose_head.decay,9.962466487935657e-05
164,1789025027.4374502,lr/pose_head.no_decay,9.962466487935657e-05
164,1789025027.4374502,pose/component_0,1.0998201370239258
164,1789025027.4374502,pose/component_1,0.07403816282749176
164,1789025027.4374502,pose/component_2,0.020496128126978874
164,1789025027.4374502,pose/component_3,0.5515099763870239
164,1789025027.4374502,pose/component_4,0.0036940318532288074
164,1789025027.4374502,pose/component_5,2.649503707885742
165,1789025027.559506,amp/overflow_retries,0.0
165,1789025027.559506,amp/scale,16.0
165,1789025027.559506,gradient/clipped_norm,18450.697265625
165,1789025027.559506,images/detect,0.0
165,1789025027.559506,images/pose,16.0
165,1789025027.559506,loss/backward,235.4638671875
165,1789025027.559506,loss/detect_mean,0.0
165,1789025027.559506,loss/joint_mean,3.6791229248046875
165,1789025027.559506,loss/pose_mean,3.6791229248046875
165,1789025027.559506,lr/attention.decay,0.0
165,1789025027.559506,lr/attention.no_decay,0.0
165,1789025027.559506,lr/backbone.decay,7.508042895442359e-06
165,1789025027.559506,lr/backbone.no_decay,7.508042895442359e-06
165,1789025027.559506,lr/detect_head.decay,0.0
165,1789025027.559506,lr/detect_head.no_decay,0.0
165,1789025027.559506,lr/neck.decay,3.754021447721179e-05
165,1789025027.559506,lr/neck.no_decay,3.754021447721179e-05
165,1789025027.559506,lr/pose_head.decay,0.00010010723860589812
165,1789025027.559506,lr/pose_head.no_decay,0.00010010723860589812
165,1789025027.559506,pose/component_0,0.9833527207374573
165,1789025027.559506,pose/component_1,0.04068303108215332
165,1789025027.559506,pose/component_2,0.015897588804364204
165,1789025027.559506,pose/component_3,0.608424961566925
165,1789025027.559506,pose/component_4,0.004279803484678268
165,1789025027.559506,pose/component_5,1.276857852935791
166,1789025027.6815403,amp/overflow_retries,0.0
166,1789025027.6815403,amp/scale,16.0
166,1789025027.6815403,gradient/clipped_norm,19904.150390625
166,1789025027.6815403,images/detect,0.0
166,1789025027.6815403,images/pose,16.0
166,1789025027.6815403,loss/backward,222.37750244140625
166,1789025027.6815403,loss/detect_mean,0.0
166,1789025027.6815403,loss/joint_mean,3.4746484756469727
166,1789025027.6815403,loss/pose_mean,3.4746484756469727
166,1789025027.6815403,lr/attention.decay,0.0
166,1789025027.6815403,lr/attention.no_decay,0.0
166,1789025027.6815403,lr/backbone.decay,7.544235924932977e-06
166,1789025027.6815403,lr/backbone.no_decay,7.544235924932977e-06
166,1789025027.6815403,lr/detect_head.decay,0.0
166,1789025027.6815403,lr/detect_head.no_decay,0.0
166,1789025027.6815403,lr/neck.decay,3.772117962466488e-05
166,1789025027.6815403,lr/neck.no_decay,3.772117962466488e-05
166,1789025027.6815403,lr/pose_head.decay,0.00010058981233243969
166,1789025027.6815403,lr/pose_head.no_decay,0.00010058981233243969
166,1789025027.6815403,pose/component_0,1.0037379264831543
166,1789025027.6815403,pose/component_1,0.061641111969947815
166,1789025027.6815403,pose/component_2,0.1330653429031372
166,1789025027.6815403,pose/component_3,0.6927902102470398
166,1789025027.6815403,pose/component_4,0.00414116308093071
166,1789025027.6815403,pose/component_5,1.0314788818359375
167,1789025027.8026075,amp/overflow_retries,0.0
167,1789025027.8026075,amp/scale,16.0
167,1789025027.8026075,gradient/clipped_norm,18098.07421875
167,1789025027.8026075,images/detect,0.0
167,1789025027.8026075,images/pose,16.0
167,1789025027.8026075,loss/backward,208.4491424560547
167,1789025027.8026075,loss/detect_mean,0.0
167,1789025027.8026075,loss/joint_mean,3.2570178508758545
167,1789025027.8026075,loss/pose_mean,3.2570178508758545
167,1789025027.8026075,lr/attention.decay,0.0
167,1789025027.8026075,lr/attention.no_decay,0.0
167,1789025027.8026075,lr/backbone.decay,7.580428954423593e-06
167,1789025027.8026075,lr/backbone.no_decay,7.580428954423593e-06
167,1789025027.8026075,lr/detect_head.decay,0.0
167,1789025027.8026075,lr/detect_head.no_decay,0.0
167,1789025027.8026075,lr/neck.decay,3.7902144772117956e-05
167,1789025027.8026075,lr/neck.no_decay,3.7902144772117956e-05
167,1789025027.8026075,lr/pose_head.decay,0.00010107238605898123
167,1789025027.8026075,lr/pose_head.no_decay,0.00010107238605898123
167,1789025027.8026075,pose/component_0,1.0095881223678589
167,1789025027.8026075,pose/component_1,0.03899749368429184
167,1789025027.8026075,pose/component_2,0.06510605663061142
167,1789025027.8026075,pose/component_3,0.5234619379043579
167,1789025027.8026075,pose/component_4,0.007246555760502815
167,1789025027.8026075,pose/component_5,0.0
168,1789025027.9256117,amp/overflow_retries,0.0
168,1789025027.9256117,amp/scale,16.0
168,1789025027.9256117,gradient/clipped_norm,18744.642578125
168,1789025027.9256117,images/detect,0.0
168,1789025027.9256117,images/pose,16.0
168,1789025027.9256117,loss/backward,235.69920349121094
168,1789025027.9256117,loss/detect_mean,0.0
168,1789025027.9256117,loss/joint_mean,3.682800054550171
168,1789025027.9256117,loss/pose_mean,3.682800054550171
168,1789025027.9256117,lr/attention.decay,0.0
168,1789025027.9256117,lr/attention.no_decay,0.0
168,1789025027.9256117,lr/backbone.decay,7.61662198391421e-06
168,1789025027.9256117,lr/backbone.no_decay,7.61662198391421e-06
168,1789025027.9256117,lr/detect_head.decay,0.0
168,1789025027.9256117,lr/detect_head.no_decay,0.0
168,1789025027.9256117,lr/neck.decay,3.8083109919571046e-05
168,1789025027.9256117,lr/neck.no_decay,3.8083109919571046e-05
168,1789025027.9256117,lr/pose_head.decay,0.00010155495978552281
168,1789025027.9256117,lr/pose_head.no_decay,0.00010155495978552281
168,1789025027.9256117,pose/component_0,1.1099270582199097
168,1789025027.9256117,pose/component_1,0.0196620412170887
168,1789025027.9256117,pose/component_2,0.046972110867500305
168,1789025027.9256117,pose/component_3,0.6121211647987366
168,1789025027.9256117,pose/component_4,0.007848288863897324
168,1789025027.9256117,pose/component_5,0.2731291353702545
169,1789025028.0483346,amp/overflow_retries,0.0
169,1789025028.0483346,amp/scale,16.0
169,1789025028.0483346,gradient/clipped_norm,20266.5234375
169,1789025028.0483346,images/detect,0.0
169,1789025028.0483346,images/pose,16.0
169,1789025028.0483346,loss/backward,195.7200927734375
169,1789025028.0483346,loss/detect_mean,0.0
169,1789025028.0483346,loss/joint_mean,3.058126449584961
169,1789025028.0483346,loss/pose_mean,3.058126449584961
169,1789025028.0483346,lr/attention.decay,0.0
169,1789025028.0483346,lr/attention.no_decay,0.0
169,1789025028.0483346,lr/backbone.decay,7.652815013404827e-06
169,1789025028.0483346,lr/backbone.no_decay,7.652815013404827e-06
169,1789025028.0483346,lr/detect_head.decay,0.0
169,1789025028.0483346,lr/detect_head.no_decay,0.0
169,1789025028.0483346,lr/neck.decay,3.826407506702413e-05
169,1789025028.0483346,lr/neck.no_decay,3.826407506702413e-05
169,1789025028.0483346,lr/pose_head.decay,0.00010203753351206436
169,1789025028.0483346,lr/pose_head.no_decay,0.00010203753351206436
169,1789025028.0483346,pose/component_0,1.1963887214660645
169,1789025028.0483346,pose/component_1,0.5955109000205994
169,1789025028.0483346,pose/component_2,0.09750493615865707
169,1789025028.0483346,pose/component_3,1.0092315673828125
169,1789025028.0483346,pose/component_4,0.003606173675507307
169,1789025028.0483346,pose/component_5,0.2160748839378357
170,1789025028.1701057,amp/overflow_retries,0.0
170,1789025028.1701057,amp/scale,16.0
170,1789025028.1701057,gradient/clipped_norm,16307.1005859375
170,1789025028.1701057,images/detect,0.0
170,1789025028.1701057,images/pose,16.0
170,1789025028.1701057,loss/backward,255.65174865722656
170,1789025028.1701057,loss/detect_mean,0.0
170,1789025028.1701057,loss/joint_mean,3.994558572769165
170,1789025028.1701057,loss/pose_mean,3.994558572769165
170,1789025028.1701057,lr/attention.decay,0.0
170,1789025028.1701057,lr/attention.no_decay,0.0
170,1789025028.1701057,lr/backbone.decay,7.689008042895443e-06
170,1789025028.1701057,lr/backbone.no_decay,7.689008042895443e-06
170,1789025028.1701057,lr/detect_head.decay,0.0
170,1789025028.1701057,lr/detect_head.no_decay,0.0
170,1789025028.1701057,lr/neck.decay,3.844504021447721e-05
170,1789025028.1701057,lr/neck.no_decay,3.844504021447721e-05
170,1789025028.1701057,lr/pose_head.decay,0.0001025201072386059
170,1789025028.1701057,lr/pose_head.no_decay,0.0001025201072386059
170,1789025028.1701057,pose/component_0,1.1228547096252441
170,1789025028.1701057,pose/component_1,0.04015473276376724
170,1789025028.1701057,pose/component_2,0.012561013922095299
170,1789025028.1701057,pose/component_3,0.8117383122444153
170,1789025028.1701057,pose/component_4,0.006357219535857439
170,1789025028.1701057,pose/component_5,0.7936328053474426
171,1789025028.2916663,amp/overflow_retries,0.0
171,1789025028.2916663,amp/scale,16.0
171,1789025028.2916663,gradient/clipped_norm,20771.921875
171,1789025028.2916663,images/detect,0.0
171,1789025028.2916663,images/pose,16.0
171,1789025028.2916663,loss/backward,266.901611328125
171,1789025028.2916663,loss/detect_mean,0.0
171,1789025028.2916663,loss/joint_mean,4.170337677001953
171,1789025028.2916663,loss/pose_mean,4.170337677001953
171,1789025028.2916663,lr/attention.decay,0.0
171,1789025028.2916663,lr/attention.no_decay,0.0
171,1789025028.2916663,lr/backbone.decay,7.725201072386058e-06
171,1789025028.2916663,lr/backbone.no_decay,7.725201072386058e-06
171,1789025028.2916663,lr/detect_head.decay,0.0
171,1789025028.2916663,lr/detect_head.no_decay,0.0
171,1789025028.2916663,lr/neck.decay,3.8626005361930286e-05
171,1789025028.2916663,lr/neck.no_decay,3.8626005361930286e-05
171,1789025028.2916663,lr/pose_head.decay,0.00010300268096514744
171,1789025028.2916663,lr/pose_head.no_decay,0.00010300268096514744
171,1789025028.2916663,pose/component_0,1.2118215560913086
171,1789025028.2916663,pose/component_1,0.04269211366772652
171,1789025028.2916663,pose/component_2,0.07082927972078323
171,1789025028.2916663,pose/component_3,0.4300127923488617
171,1789025028.2916663,pose/component_4,0.0038935868069529533
171,1789025028.2916663,pose/component_5,0.16074581444263458
172,1789025028.4132497,amp/overflow_retries,0.0
172,1789025028.4132497,amp/scale,16.0
172,1789025028.4132497,gradient/clipped_norm,26407.501953125
172,1789025028.4132497,images/detect,0.0
172,1789025028.4132497,images/pose,16.0
172,1789025028.4132497,loss/backward,288.522705078125
172,1789025028.4132497,loss/detect_mean,0.0
172,1789025028.4132497,loss/joint_mean,4.508167266845703
172,1789025028.4132497,loss/pose_mean,4.508167266845703
172,1789025028.4132497,lr/attention.decay,0.0
172,1789025028.4132497,lr/attention.no_decay,0.0
172,1789025028.4132497,lr/backbone.decay,7.761394101876676e-06
172,1789025028.4132497,lr/backbone.no_decay,7.761394101876676e-06
172,1789025028.4132497,lr/detect_head.decay,0.0
172,1789025028.4132497,lr/detect_head.no_decay,0.0
172,1789025028.4132497,lr/neck.decay,3.8806970509383376e-05
172,1789025028.4132497,lr/neck.no_decay,3.8806970509383376e-05
172,1789025028.4132497,lr/pose_head.decay,0.00010348525469168902
172,1789025028.4132497,lr/pose_head.no_decay,0.00010348525469168902
172,1789025028.4132497,pose/component_0,1.0494059324264526
172,1789025028.4132497,pose/component_1,0.0522061362862587
172,1789025028.4132497,pose/component_2,0.17075665295124054
172,1789025028.4132497,pose/component_3,0.45470595359802246
172,1789025028.4132497,pose/component_4,0.005171936936676502
172,1789025028.4132497,pose/component_5,0.5816593170166016
173,1789025028.536353,amp/overflow_retries,0.0
173,1789025028.536353,amp/scale,16.0
173,1789025028.536353,gradient/clipped_norm,26008.86328125
173,1789025028.536353,images/detect,0.0
173,1789025028.536353,images/pose,16.0
173,1789025028.536353,loss/backward,281.6782531738281
173,1789025028.536353,loss/detect_mean,0.0
173,1789025028.536353,loss/joint_mean,4.4012227058410645
173,1789025028.536353,loss/pose_mean,4.4012227058410645
173,1789025028.536353,lr/attention.decay,0.0
173,1789025028.536353,lr/attention.no_decay,0.0
173,1789025028.536353,lr/backbone.decay,7.797587131367293e-06
173,1789025028.536353,lr/backbone.no_decay,7.797587131367293e-06
173,1789025028.536353,lr/detect_head.decay,0.0
173,1789025028.536353,lr/detect_head.no_decay,0.0
173,1789025028.536353,lr/neck.decay,3.898793565683646e-05
173,1789025028.536353,lr/neck.no_decay,3.898793565683646e-05
173,1789025028.536353,lr/pose_head.decay,0.00010396782841823056
173,1789025028.536353,lr/pose_head.no_decay,0.00010396782841823056
173,1789025028.536353,pose/component_0,0.9542285203933716
173,1789025028.536353,pose/component_1,0.053381580859422684
173,1789025028.536353,pose/component_2,0.08592388033866882
173,1789025028.536353,pose/component_3,0.576533317565918
173,1789025028.536353,pose/component_4,0.00560004124417901
173,1789025028.536353,pose/component_5,1.9744993448257446
174,1789025028.6615055,amp/overflow_retries,0.0
174,1789025028.6615055,amp/scale,16.0
174,1789025028.6615055,gradient/clipped_norm,19482.947265625
174,1789025028.6615055,images/detect,0.0
174,1789025028.6615055,images/pose,16.0
174,1789025028.6615055,loss/backward,285.42193603515625
174,1789025028.6615055,loss/detect_mean,0.0
174,1789025028.6615055,loss/joint_mean,4.459717750549316
174,1789025028.6615055,loss/pose_mean,4.459717750549316
174,1789025028.6615055,lr/attention.decay,0.0
174,1789025028.6615055,lr/attention.no_decay,0.0
174,1789025028.6615055,lr/backbone.decay,7.83378016085791e-06
174,1789025028.6615055,lr/backbone.no_decay,7.83378016085791e-06
174,1789025028.6615055,lr/detect_head.decay,0.0
174,1789025028.6615055,lr/detect_head.no_decay,0.0
174,1789025028.6615055,lr/neck.decay,3.916890080428954e-05
174,1789025028.6615055,lr/neck.no_decay,3.916890080428954e-05
174,1789025028.6615055,lr/pose_head.decay,0.00010445040214477213
174,1789025028.6615055,lr/pose_head.no_decay,0.00010445040214477213
174,1789025028.6615055,pose/component_0,1.3413622379302979
174,1789025028.6615055,pose/component_1,0.05317176878452301
174,1789025028.6615055,pose/component_2,0.011797647923231125
174,1789025028.6615055,pose/component_3,0.5604697465896606
174,1789025028.6615055,pose/component_4,0.0037395181134343147
174,1789025028.6615055,pose/component_5,0.0
175,1789025028.787329,amp/overflow_retries,0.0
175,1789025028.787329,amp/scale,16.0
175,1789025028.787329,gradient/clipped_norm,15635.5322265625
175,1789025028.787329,images/detect,0.0
175,1789025028.787329,images/pose,16.0
175,1789025028.787329,loss/backward,399.56878662109375
175,1789025028.787329,loss/detect_mean,0.0
175,1789025028.787329,loss/joint_mean,6.24326229095459
175,1789025028.787329,loss/pose_mean,6.24326229095459
175,1789025028.787329,lr/attention.decay,0.0
175,1789025028.787329,lr/attention.no_decay,0.0
175,1789025028.787329,lr/backbone.decay,7.869973190348526e-06
175,1789025028.787329,lr/backbone.no_decay,7.869973190348526e-06
175,1789025028.787329,lr/detect_head.decay,0.0
175,1789025028.787329,lr/detect_head.no_decay,0.0
175,1789025028.787329,lr/neck.decay,3.934986595174262e-05
175,1789025028.787329,lr/neck.no_decay,3.934986595174262e-05
175,1789025028.787329,lr/pose_head.decay,0.00010493297587131368
175,1789025028.787329,lr/pose_head.no_decay,0.00010493297587131368
175,1789025028.787329,pose/component_0,1.256750464439392
175,1789025028.787329,pose/component_1,0.09608826041221619
175,1789025028.787329,pose/component_2,0.022218218073248863
175,1789025028.787329,pose/component_3,0.7602590918540955
175,1789025028.787329,pose/component_4,0.006988652981817722
175,1789025028.787329,pose/component_5,1.4632498025894165
176,1789025028.9090886,amp/overflow_retries,0.0
176,1789025028.9090886,amp/scale,16.0
176,1789025028.9090886,gradient/clipped_norm,17063.98046875
176,1789025028.9090886,images/detect,0.0
176,1789025028.9090886,images/pose,16.0
176,1789025028.9090886,loss/backward,239.58102416992188
176,1789025028.9090886,loss/detect_mean,0.0
176,1789025028.9090886,loss/joint_mean,3.7434535026550293
176,1789025028.9090886,loss/pose_mean,3.7434535026550293
176,1789025028.9090886,lr/attention.decay,0.0
176,1789025028.9090886,lr/attention.no_decay,0.0
176,1789025028.9090886,lr/backbone.decay,7.906166219839142e-06
176,1789025028.9090886,lr/backbone.no_decay,7.906166219839142e-06
176,1789025028.9090886,lr/detect_head.decay,0.0
176,1789025028.9090886,lr/detect_head.no_decay,0.0
176,1789025028.9090886,lr/neck.decay,3.9530831099195706e-05
176,1789025028.9090886,lr/neck.no_decay,3.9530831099195706e-05
176,1789025028.9090886,lr/pose_head.decay,0.00010541554959785523
176,1789025028.9090886,lr/pose_head.no_decay,0.00010541554959785523
176,1789025028.9090886,pose/component_0,1.3266096115112305
176,1789025028.9090886,pose/component_1,0.12654225528240204
176,1789025028.9090886,pose/component_2,0.017283430323004723
176,1789025028.9090886,pose/component_3,0.5878047347068787
176,1789025028.9090886,pose/component_4,0.004025598056614399
176,1789025028.9090886,pose/component_5,1.0522942543029785
177,1789025029.0307817,amp/overflow_retries,0.0
177,1789025029.0307817,amp/scale,16.0
177,1789025029.0307817,gradient/clipped_norm,19141.310546875
177,1789025029.0307817,images/detect,0.0
177,1789025029.0307817,images/pose,16.0
177,1789025029.0307817,loss/backward,389.4670715332031
177,1789025029.0307817,loss/detect_mean,0.0
177,1789025029.0307817,loss/joint_mean,6.085422992706299
177,1789025029.0307817,loss/pose_mean,6.085422992706299
177,1789025029.0307817,lr/attention.decay,0.0
177,1789025029.0307817,lr/attention.no_decay,0.0
177,1789025029.0307817,lr/backbone.decay,7.942359249329759e-06
177,1789025029.0307817,lr/backbone.no_decay,7.942359249329759e-06
177,1789025029.0307817,lr/detect_head.decay,0.0
177,1789025029.0307817,lr/detect_head.no_decay,0.0
177,1789025029.0307817,lr/neck.decay,3.971179624664879e-05
177,1789025029.0307817,lr/neck.no_decay,3.971179624664879e-05
177,1789025029.0307817,lr/pose_head.decay,0.00010589812332439679
177,1789025029.0307817,lr/pose_head.no_decay,0.00010589812332439679
177,1789025029.0307817,pose/component_0,1.319200038909912
177,1789025029.0307817,pose/component_1,0.08306321501731873
177,1789025029.0307817,pose/component_2,0.024072110652923584
177,1789025029.0307817,pose/component_3,0.8141218423843384
177,1789025029.0307817,pose/component_4,0.004387985449284315
177,1789025029.0307817,pose/component_5,1.691654920578003
178,1789025029.153604,amp/overflow_retries,0.0
178,1789025029.153604,amp/scale,16.0
178,1789025029.153604,gradient/clipped_norm,18367.291015625
178,1789025029.153604,images/detect,0.0
178,1789025029.153604,images/pose,16.0
178,1789025029.153604,loss/backward,336.5290832519531
178,1789025029.153604,loss/detect_mean,0.0
178,1789025029.153604,loss/joint_mean,5.258266925811768
178,1789025029.153604,loss/pose_mean,5.258266925811768
178,1789025029.153604,lr/attention.decay,0.0
178,1789025029.153604,lr/attention.no_decay,0.0
178,1789025029.153604,lr/backbone.decay,7.978552278820375e-06
178,1789025029.153604,lr/backbone.no_decay,7.978552278820375e-06
178,1789025029.153604,lr/detect_head.decay,0.0
178,1789025029.153604,lr/detect_head.no_decay,0.0
178,1789025029.153604,lr/neck.decay,3.989276139410187e-05
178,1789025029.153604,lr/neck.no_decay,3.989276139410187e-05
178,1789025029.153604,lr/pose_head.decay,0.00010638069705093834
178,1789025029.153604,lr/pose_head.no_decay,0.00010638069705093834
178,1789025029.153604,pose/component_0,1.4403530359268188
178,1789025029.153604,pose/component_1,0.10281413793563843
178,1789025029.153604,pose/component_2,0.014169977977871895
178,1789025029.153604,pose/component_3,0.6888513565063477
178,1789025029.153604,pose/component_4,0.00391272222623229
178,1789025029.153604,pose/component_5,1.1393487453460693
179,1789025029.2758288,amp/overflow_retries,0.0
179,1789025029.2758288,amp/scale,16.0
179,1789025029.2758288,gradient/clipped_norm,16941.59375
179,1789025029.2758288,images/detect,0.0
179,1789025029.2758288,images/pose,16.0
179,1789025029.2758288,loss/backward,320.9236145019531
179,1789025029.2758288,loss/detect_mean,0.0
179,1789025029.2758288,loss/joint_mean,5.014431476593018
179,1789025029.2758288,loss/pose_mean,5.014431476593018
179,1789025029.2758288,lr/attention.decay,0.0
179,1789025029.2758288,lr/attention.no_decay,0.0
179,1789025029.2758288,lr/backbone.decay,8.014745308310993e-06
179,1789025029.2758288,lr/backbone.no_decay,8.014745308310993e-06
179,1789025029.2758288,lr/detect_head.decay,0.0
179,1789025029.2758288,lr/detect_head.no_decay,0.0
179,1789025029.2758288,lr/neck.decay,4.007372654155496e-05
179,1789025029.2758288,lr/neck.no_decay,4.007372654155496e-05
179,1789025029.2758288,lr/pose_head.decay,0.0001068632707774799
179,1789025029.2758288,lr/pose_head.no_decay,0.0001068632707774799
179,1789025029.2758288,pose/component_0,0.9260432124137878
179,1789025029.2758288,pose/component_1,0.0810949057340622
179,1789025029.2758288,pose/component_2,0.050540950149297714
179,1789025029.2758288,pose/component_3,0.8564180731773376
179,1789025029.2758288,pose/component_4,0.005062718875706196
179,1789025029.2758288,pose/component_5,2.18015456199646
180,1789025029.3977282,amp/overflow_retries,0.0
180,1789025029.3977282,amp/scale,16.0
180,1789025029.3977282,gradient/clipped_norm,20614.658203125
180,1789025029.3977282,images/detect,0.0
180,1789025029.3977282,images/pose,16.0
180,1789025029.3977282,loss/backward,291.5399475097656
180,1789025029.3977282,loss/detect_mean,0.0
180,1789025029.3977282,loss/joint_mean,4.555311679840088
180,1789025029.3977282,loss/pose_mean,4.555311679840088
180,1789025029.3977282,lr/attention.decay,0.0
180,1789025029.3977282,lr/attention.no_decay,0.0
180,1789025029.3977282,lr/backbone.decay,8.050938337801608e-06
180,1789025029.3977282,lr/backbone.no_decay,8.050938337801608e-06
180,1789025029.3977282,lr/detect_head.decay,0.0
180,1789025029.3977282,lr/detect_head.no_decay,0.0
180,1789025029.3977282,lr/neck.decay,4.025469168900804e-05
180,1789025029.3977282,lr/neck.no_decay,4.025469168900804e-05
180,1789025029.3977282,lr/pose_head.decay,0.00010734584450402145
180,1789025029.3977282,lr/pose_head.no_decay,0.00010734584450402145
180,1789025029.3977282,pose/component_0,1.154081106185913
180,1789025029.3977282,pose/component_1,0.041530076414346695
180,1789025029.3977282,pose/component_2,0.13537997007369995
180,1789025029.3977282,pose/component_3,0.7258095145225525
180,1789025029.3977282,pose/component_4,0.005344751290977001
180,1789025029.3977282,pose/component_5,1.0557661056518555
181,1789025029.520174,amp/overflow_retries,0.0
181,1789025029.520174,amp/scale,16.0
181,1789025029.520174,gradient/clipped_norm,15720.3173828125
181,1789025029.520174,images/detect,0.0
181,1789025029.520174,images/pose,16.0
181,1789025029.520174,loss/backward,286.081298828125
181,1789025029.520174,loss/detect_mean,0.0
181,1789025029.520174,loss/joint_mean,4.470020294189453
181,1789025029.520174,loss/pose_mean,4.470020294189453
181,1789025029.520174,lr/attention.decay,0.0
181,1789025029.520174,lr/attention.no_decay,0.0
181,1789025029.520174,lr/backbone.decay,8.087131367292225e-06
181,1789025029.520174,lr/backbone.no_decay,8.087131367292225e-06
181,1789025029.520174,lr/detect_head.decay,0.0
181,1789025029.520174,lr/detect_head.no_decay,0.0
181,1789025029.520174,lr/neck.decay,4.043565683646112e-05
181,1789025029.520174,lr/neck.no_decay,4.043565683646112e-05
181,1789025029.520174,lr/pose_head.decay,0.000107828418230563
181,1789025029.520174,lr/pose_head.no_decay,0.000107828418230563
181,1789025029.520174,pose/component_0,1.2024955749511719
181,1789025029.520174,pose/component_1,0.18625874817371368
181,1789025029.520174,pose/component_2,0.1241879016160965
181,1789025029.520174,pose/component_3,0.5285890698432922
181,1789025029.520174,pose/component_4,0.0045385719276964664
181,1789025029.520174,pose/component_5,1.8453216552734375
182,1789025029.6424754,amp/overflow_retries,0.0
182,1789025029.6424754,amp/scale,16.0
182,1789025029.6424754,gradient/clipped_norm,12647.787109375
182,1789025029.6424754,images/detect,0.0
182,1789025029.6424754,images/pose,16.0
182,1789025029.6424754,loss/backward,221.4040985107422
182,1789025029.6424754,loss/detect_mean,0.0
182,1789025029.6424754,loss/joint_mean,3.4594390392303467
182,1789025029.6424754,loss/pose_mean,3.4594390392303467
182,1789025029.6424754,lr/attention.decay,0.0
182,1789025029.6424754,lr/attention.no_decay,0.0
182,1789025029.6424754,lr/backbone.decay,8.123324396782843e-06
182,1789025029.6424754,lr/backbone.no_decay,8.123324396782843e-06
182,1789025029.6424754,lr/detect_head.decay,0.0
182,1789025029.6424754,lr/detect_head.no_decay,0.0
182,1789025029.6424754,lr/neck.decay,4.061662198391421e-05
182,1789025029.6424754,lr/neck.no_decay,4.061662198391421e-05
182,1789025029.6424754,lr/pose_head.decay,0.00010831099195710456
182,1789025029.6424754,lr/pose_head.no_decay,0.00010831099195710456
182,1789025029.6424754,pose/component_0,1.1240907907485962
182,1789025029.6424754,pose/component_1,0.041927188634872437
182,1789025029.6424754,pose/component_2,0.12295714765787125
182,1789025029.6424754,pose/component_3,0.8692375421524048
182,1789025029.6424754,pose/component_4,0.003559303469955921
182,1789025029.6424754,pose/component_5,0.0
183,1789025029.7648492,amp/overflow_retries,0.0
183,1789025029.7648492,amp/scale,16.0
183,1789025029.7648492,gradient/clipped_norm,11549.28125
183,1789025029.7648492,images/detect,0.0
183,1789025029.7648492,images/pose,16.0
183,1789025029.7648492,loss/backward,198.76620483398438
183,1789025029.7648492,loss/detect_mean,0.0
183,1789025029.7648492,loss/joint_mean,3.105721950531006
183,1789025029.7648492,loss/pose_mean,3.105721950531006
183,1789025029.7648492,lr/attention.decay,0.0
183,1789025029.7648492,lr/attention.no_decay,0.0
183,1789025029.7648492,lr/backbone.decay,8.159517426273458e-06
183,1789025029.7648492,lr/backbone.no_decay,8.159517426273458e-06
183,1789025029.7648492,lr/detect_head.decay,0.0
183,1789025029.7648492,lr/detect_head.no_decay,0.0
183,1789025029.7648492,lr/neck.decay,4.079758713136729e-05
183,1789025029.7648492,lr/neck.no_decay,4.079758713136729e-05
183,1789025029.7648492,lr/pose_head.decay,0.00010879356568364611
183,1789025029.7648492,lr/pose_head.no_decay,0.00010879356568364611
183,1789025029.7648492,pose/component_0,1.1327905654907227
183,1789025029.7648492,pose/component_1,0.061723921447992325
183,1789025029.7648492,pose/component_2,0.013225046917796135
183,1789025029.7648492,pose/component_3,0.6836350560188293
183,1789025029.7648492,pose/component_4,0.0030260011553764343
183,1789025029.7648492,pose/component_5,0.5238840579986572
184,1789025029.888147,amp/overflow_retries,0.0
184,1789025029.888147,amp/scale,16.0
184,1789025029.888147,gradient/clipped_norm,14140.875
184,1789025029.888147,images/detect,0.0
184,1789025029.888147,images/pose,16.0
184,1789025029.888147,loss/backward,226.10992431640625
184,1789025029.888147,loss/detect_mean,0.0
184,1789025029.888147,loss/joint_mean,3.5329675674438477
184,1789025029.888147,loss/pose_mean,3.5329675674438477
184,1789025029.888147,lr/attention.decay,0.0
184,1789025029.888147,lr/attention.no_decay,0.0
184,1789025029.888147,lr/backbone.decay,8.195710455764076e-06
184,1789025029.888147,lr/backbone.no_decay,8.195710455764076e-06
184,1789025029.888147,lr/detect_head.decay,0.0
184,1789025029.888147,lr/detect_head.no_decay,0.0
184,1789025029.888147,lr/neck.decay,4.097855227882037e-05
184,1789025029.888147,lr/neck.no_decay,4.097855227882037e-05
184,1789025029.888147,lr/pose_head.decay,0.00010927613941018769
184,1789025029.888147,lr/pose_head.no_decay,0.00010927613941018769
184,1789025029.888147,pose/component_0,1.2826658487319946
184,1789025029.888147,pose/component_1,0.026422996073961258
184,1789025029.888147,pose/component_2,0.06747155636548996
184,1789025029.888147,pose/component_3,0.7436972856521606
184,1789025029.888147,pose/component_4,0.005036693532019854
184,1789025029.888147,pose/component_5,0.3169392943382263
185,1789025030.0102086,amp/overflow_retries,0.0
185,1789025030.0102086,amp/scale,16.0
185,1789025030.0102086,gradient/clipped_norm,13522.2041015625
185,1789025030.0102086,images/detect,0.0
185,1789025030.0102086,images/pose,16.0
185,1789025030.0102086,loss/backward,182.45263671875
185,1789025030.0102086,loss/detect_mean,0.0
185,1789025030.0102086,loss/joint_mean,2.8508224487304688
185,1789025030.0102086,loss/pose_mean,2.8508224487304688
185,1789025030.0102086,lr/attention.decay,0.0
185,1789025030.0102086,lr/attention.no_decay,0.0
185,1789025030.0102086,lr/backbone.decay,8.231903485254692e-06
185,1789025030.0102086,lr/backbone.no_decay,8.231903485254692e-06
185,1789025030.0102086,lr/detect_head.decay,0.0
185,1789025030.0102086,lr/detect_head.no_decay,0.0
185,1789025030.0102086,lr/neck.decay,4.1159517426273455e-05
185,1789025030.0102086,lr/neck.no_decay,4.1159517426273455e-05
185,1789025030.0102086,lr/pose_head.decay,0.00010975871313672924
185,1789025030.0102086,lr/pose_head.no_decay,0.00010975871313672924
185,1789025030.0102086,pose/component_0,1.2824256420135498
185,1789025030.0102086,pose/component_1,0.11754177510738373
185,1789025030.0102086,pose/component_2,0.04748601093888283
185,1789025030.0102086,pose/component_3,0.7515210509300232
185,1789025030.0102086,pose/component_4,0.0041624438017606735
185,1789025030.0102086,pose/component_5,0.0
186,1789025030.1316304,amp/overflow_retries,0.0
186,1789025030.1316304,amp/scale,16.0
186,1789025030.1316304,gradient/clipped_norm,16906.861328125
186,1789025030.1316304,images/detect,0.0
186,1789025030.1316304,images/pose,16.0
186,1789025030.1316304,loss/backward,231.8155975341797
186,1789025030.1316304,loss/detect_mean,0.0
186,1789025030.1316304,loss/joint_mean,3.6221187114715576
186,1789025030.1316304,loss/pose_mean,3.6221187114715576
186,1789025030.1316304,lr/attention.decay,0.0
186,1789025030.1316304,lr/attention.no_decay,0.0
186,1789025030.1316304,lr/backbone.decay,8.268096514745307e-06
186,1789025030.1316304,lr/backbone.no_decay,8.268096514745307e-06
186,1789025030.1316304,lr/detect_head.decay,0.0
186,1789025030.1316304,lr/detect_head.no_decay,0.0
186,1789025030.1316304,lr/neck.decay,4.134048257372654e-05
186,1789025030.1316304,lr/neck.no_decay,4.134048257372654e-05
186,1789025030.1316304,lr/pose_head.decay,0.00011024128686327077
186,1789025030.1316304,lr/pose_head.no_decay,0.00011024128686327077
186,1789025030.1316304,pose/component_0,1.0461636781692505
186,1789025030.1316304,pose/component_1,0.06951962411403656
186,1789025030.1316304,pose/component_2,0.09762889891862869
186,1789025030.1316304,pose/component_3,0.5928475260734558
186,1789025030.1316304,pose/component_4,0.004563609603792429
186,1789025030.1316304,pose/component_5,0.9469133019447327
187,1789025030.2530808,amp/overflow_retries,0.0
187,1789025030.2530808,amp/scale,16.0
187,1789025030.2530808,gradient/clipped_norm,16078.8125
187,1789025030.2530808,images/detect,0.0
187,1789025030.2530808,images/pose,16.0
187,1789025030.2530808,loss/backward,233.31968688964844
187,1789025030.2530808,loss/detect_mean,0.0
187,1789025030.2530808,loss/joint_mean,3.645620107650757
187,1789025030.2530808,loss/pose_mean,3.645620107650757
187,1789025030.2530808,lr/attention.decay,0.0
187,1789025030.2530808,lr/attention.no_decay,0.0
187,1789025030.2530808,lr/backbone.decay,8.304289544235925e-06
187,1789025030.2530808,lr/backbone.no_decay,8.304289544235925e-06
187,1789025030.2530808,lr/detect_head.decay,0.0
187,1789025030.2530808,lr/detect_head.no_decay,0.0
187,1789025030.2530808,lr/neck.decay,4.152144772117963e-05
187,1789025030.2530808,lr/neck.no_decay,4.152144772117963e-05
187,1789025030.2530808,lr/pose_head.decay,0.00011072386058981235
187,1789025030.2530808,lr/pose_head.no_decay,0.00011072386058981235
187,1789025030.2530808,pose/component_0,1.2673085927963257
187,1789025030.2530808,pose/component_1,0.10508561879396439
187,1789025030.2530808,pose/component_2,0.015980979427695274
187,1789025030.2530808,pose/component_3,0.6805458068847656
187,1789025030.2530808,pose/component_4,0.0038839804474264383
187,1789025030.2530808,pose/component_5,0.16695745289325714
188,1789025030.374409,amp/overflow_retries,0.0
188,1789025030.374409,amp/scale,16.0
188,1789025030.374409,gradient/clipped_norm,16420.3515625
188,1789025030.374409,images/detect,0.0
188,1789025030.374409,images/pose,16.0
188,1789025030.374409,loss/backward,337.2049560546875
188,1789025030.374409,loss/detect_mean,0.0
188,1789025030.374409,loss/joint_mean,5.268827438354492
188,1789025030.374409,loss/pose_mean,5.268827438354492
188,1789025030.374409,lr/attention.decay,0.0
188,1789025030.374409,lr/attention.no_decay,0.0
188,1789025030.374409,lr/backbone.decay,8.340482573726542e-06
188,1789025030.374409,lr/backbone.no_decay,8.340482573726542e-06
188,1789025030.374409,lr/detect_head.decay,0.0
188,1789025030.374409,lr/detect_head.no_decay,0.0
188,1789025030.374409,lr/neck.decay,4.17024128686327e-05
188,1789025030.374409,lr/neck.no_decay,4.17024128686327e-05
188,1789025030.374409,lr/pose_head.decay,0.0001112064343163539
188,1789025030.374409,lr/pose_head.no_decay,0.0001112064343163539
188,1789025030.374409,pose/component_0,0.9682944416999817
188,1789025030.374409,pose/component_1,0.21514646708965302
188,1789025030.374409,pose/component_2,0.02344394102692604
188,1789025030.374409,pose/component_3,0.46671557426452637
188,1789025030.374409,pose/component_4,0.003421060275286436
188,1789025030.374409,pose/component_5,1.1198182106018066
189,1789025030.4960144,amp/overflow_retries,0.0
189,1789025030.4960144,amp/scale,16.0
189,1789025030.4960144,gradient/clipped_norm,12121.69140625
189,1789025030.4960144,images/detect,0.0
189,1789025030.4960144,images/pose,16.0
189,1789025030.4960144,loss/backward,180.77005004882812
189,1789025030.4960144,loss/detect_mean,0.0
189,1789025030.4960144,loss/joint_mean,2.8245320320129395
189,1789025030.4960144,loss/pose_mean,2.8245320320129395
189,1789025030.4960144,lr/attention.decay,0.0
189,1789025030.4960144,lr/attention.no_decay,0.0
189,1789025030.4960144,lr/backbone.decay,8.37667560321716e-06
189,1789025030.4960144,lr/backbone.no_decay,8.37667560321716e-06
189,1789025030.4960144,lr/detect_head.decay,0.0
189,1789025030.4960144,lr/detect_head.no_decay,0.0
189,1789025030.4960144,lr/neck.decay,4.188337801608579e-05
189,1789025030.4960144,lr/neck.no_decay,4.188337801608579e-05
189,1789025030.4960144,lr/pose_head.decay,0.00011168900804289546
189,1789025030.4960144,lr/pose_head.no_decay,0.00011168900804289546
189,1789025030.4960144,pose/component_0,1.3853780031204224
189,1789025030.4960144,pose/component_1,0.08277309685945511
189,1789025030.4960144,pose/component_2,0.06472764164209366
189,1789025030.4960144,pose/component_3,0.7977955937385559
189,1789025030.4960144,pose/component_4,0.003435995662584901
189,1789025030.4960144,pose/component_5,0.22527532279491425
190,1789025030.617822,amp/overflow_retries,0.0
190,1789025030.617822,amp/scale,16.0
190,1789025030.617822,gradient/clipped_norm,17555.166015625
190,1789025030.617822,images/detect,0.0
190,1789025030.617822,images/pose,16.0
190,1789025030.617822,loss/backward,273.6807556152344
190,1789025030.617822,loss/detect_mean,0.0
190,1789025030.617822,loss/joint_mean,4.276261806488037
190,1789025030.617822,loss/pose_mean,4.276261806488037
190,1789025030.617822,lr/attention.decay,0.0
190,1789025030.617822,lr/attention.no_decay,0.0
190,1789025030.617822,lr/backbone.decay,8.412868632707775e-06
190,1789025030.617822,lr/backbone.no_decay,8.412868632707775e-06
190,1789025030.617822,lr/detect_head.decay,0.0
190,1789025030.617822,lr/detect_head.no_decay,0.0
190,1789025030.617822,lr/neck.decay,4.2064343163538874e-05
190,1789025030.617822,lr/neck.no_decay,4.2064343163538874e-05
190,1789025030.617822,lr/pose_head.decay,0.00011217158176943701
190,1789025030.617822,lr/pose_head.no_decay,0.00011217158176943701
190,1789025030.617822,pose/component_0,0.9998897314071655
190,1789025030.617822,pose/component_1,0.05747624486684799
190,1789025030.617822,pose/component_2,0.1391856074333191
190,1789025030.617822,pose/component_3,0.7843480110168457
190,1789025030.617822,pose/component_4,0.004362473264336586
190,1789025030.617822,pose/component_5,0.9006325602531433
191,1789025030.7394369,amp/overflow_retries,0.0
191,1789025030.7394369,amp/scale,16.0
191,1789025030.7394369,gradient/clipped_norm,16078.302734375
191,1789025030.7394369,images/detect,0.0
191,1789025030.7394369,images/pose,16.0
191,1789025030.7394369,loss/backward,411.8383483886719
191,1789025030.7394369,loss/detect_mean,0.0
191,1789025030.7394369,loss/joint_mean,6.434974193572998
191,1789025030.7394369,loss/pose_mean,6.434974193572998
191,1789025030.7394369,lr/attention.decay,0.0
191,1789025030.7394369,lr/attention.no_decay,0.0
191,1789025030.7394369,lr/backbone.decay,8.449061662198391e-06
191,1789025030.7394369,lr/backbone.no_decay,8.449061662198391e-06
191,1789025030.7394369,lr/detect_head.decay,0.0
191,1789025030.7394369,lr/detect_head.no_decay,0.0
191,1789025030.7394369,lr/neck.decay,4.224530831099195e-05
191,1789025030.7394369,lr/neck.no_decay,4.224530831099195e-05
191,1789025030.7394369,lr/pose_head.decay,0.00011265415549597856
191,1789025030.7394369,lr/pose_head.no_decay,0.00011265415549597856
191,1789025030.7394369,pose/component_0,1.2868075370788574
191,1789025030.7394369,pose/component_1,0.7477757930755615
191,1789025030.7394369,pose/component_2,0.09160641580820084
191,1789025030.7394369,pose/component_3,0.725775957107544
191,1789025030.7394369,pose/component_4,0.0050445254892110825
191,1789025030.7394369,pose/component_5,2.5451760292053223
192,1789025030.8618565,amp/overflow_retries,0.0
192,1789025030.8618565,amp/scale,16.0
192,1789025030.8618565,gradient/clipped_norm,15741.609375
192,1789025030.8618565,images/detect,0.0
192,1789025030.8618565,images/pose,16.0
192,1789025030.8618565,loss/backward,340.3443603515625
192,1789025030.8618565,loss/detect_mean,0.0
192,1789025030.8618565,loss/joint_mean,5.317880630493164
192,1789025030.8618565,loss/pose_mean,5.317880630493164
192,1789025030.8618565,lr/attention.decay,0.0
192,1789025030.8618565,lr/attention.no_decay,0.0
192,1789025030.8618565,lr/backbone.decay,8.48525469168901e-06
192,1789025030.8618565,lr/backbone.no_decay,8.48525469168901e-06
192,1789025030.8618565,lr/detect_head.decay,0.0
192,1789025030.8618565,lr/detect_head.no_decay,0.0
192,1789025030.8618565,lr/neck.decay,4.242627345844504e-05
192,1789025030.8618565,lr/neck.no_decay,4.242627345844504e-05
192,1789025030.8618565,lr/pose_head.decay,0.00011313672922252012
192,1789025030.8618565,lr/pose_head.no_decay,0.00011313672922252012
192,1789025030.8618565,pose/component_0,1.4952410459518433
192,1789025030.8618565,pose/component_1,0.09861724823713303
192,1789025030.8618565,pose/component_2,0.06198877468705177
192,1789025030.8618565,pose/component_3,1.069563388824463
192,1789025030.8618565,pose/component_4,0.0058709364384412766
192,1789025030.8618565,pose/component_5,1.7463278770446777
193,1789025030.9848168,amp/overflow_retries,0.0
193,1789025030.9848168,amp/scale,16.0
193,1789025030.9848168,gradient/clipped_norm,14338.1279296875
193,1789025030.9848168,images/detect,0.0
193,1789025030.9848168,images/pose,16.0
193,1789025030.9848168,loss/backward,195.3530731201172
193,1789025030.9848168,loss/detect_mean,0.0
193,1789025030.9848168,loss/joint_mean,3.052391767501831
193,1789025030.9848168,loss/pose_mean,3.052391767501831
193,1789025030.9848168,lr/attention.decay,0.0
193,1789025030.9848168,lr/attention.no_decay,0.0
193,1789025030.9848168,lr/backbone.decay,8.521447721179624e-06
193,1789025030.9848168,lr/backbone.no_decay,8.521447721179624e-06
193,1789025030.9848168,lr/detect_head.decay,0.0
193,1789025030.9848168,lr/detect_head.no_decay,0.0
193,1789025030.9848168,lr/neck.decay,4.260723860589812e-05
193,1789025030.9848168,lr/neck.no_decay,4.260723860589812e-05
193,1789025030.9848168,lr/pose_head.decay,0.00011361930294906167
193,1789025030.9848168,lr/pose_head.no_decay,0.00011361930294906167
193,1789025030.9848168,pose/component_0,1.105483889579773
193,1789025030.9848168,pose/component_1,0.05116169899702072
193,1789025030.9848168,pose/component_2,0.05724071338772774
193,1789025030.9848168,pose/component_3,0.6830801367759705
193,1789025030.9848168,pose/component_4,0.004267580807209015
193,1789025030.9848168,pose/component_5,0.27083346247673035
194,1789025031.1139781,amp/overflow_retries,0.0
194,1789025031.1139781,amp/scale,16.0
194,1789025031.1139781,gradient/clipped_norm,14600.2119140625
194,1789025031.1139781,images/detect,0.0
194,1789025031.1139781,images/pose,16.0
194,1789025031.1139781,loss/backward,263.7298889160156
194,1789025031.1139781,loss/detect_mean,0.0
194,1789025031.1139781,loss/joint_mean,4.120779514312744
194,1789025031.1139781,loss/pose_mean,4.120779514312744
194,1789025031.1139781,lr/attention.decay,0.0
194,1789025031.1139781,lr/attention.no_decay,0.0
194,1789025031.1139781,lr/backbone.decay,8.557640750670243e-06
194,1789025031.1139781,lr/backbone.no_decay,8.557640750670243e-06
194,1789025031.1139781,lr/detect_head.decay,0.0
194,1789025031.1139781,lr/detect_head.no_decay,0.0
194,1789025031.1139781,lr/neck.decay,4.2788203753351205e-05
194,1789025031.1139781,lr/neck.no_decay,4.2788203753351205e-05
194,1789025031.1139781,lr/pose_head.decay,0.00011410187667560323
194,1789025031.1139781,lr/pose_head.no_decay,0.00011410187667560323
194,1789025031.1139781,pose/component_0,1.2313015460968018
194,1789025031.1139781,pose/component_1,0.034241579473018646
194,1789025031.1139781,pose/component_2,0.013667029328644276
194,1789025031.1139781,pose/component_3,0.7279319167137146
194,1789025031.1139781,pose/component_4,0.003875238820910454
194,1789025031.1139781,pose/component_5,0.7671427726745605
195,1789025031.2357345,amp/overflow_retries,0.0
195,1789025031.2357345,amp/scale,16.0
195,1789025031.2357345,gradient/clipped_norm,12548.962890625
195,1789025031.2357345,images/detect,0.0
195,1789025031.2357345,images/pose,16.0
195,1789025031.2357345,loss/backward,231.82418823242188
195,1789025031.2357345,loss/detect_mean,0.0
195,1789025031.2357345,loss/joint_mean,3.622252941131592
195,1789025031.2357345,loss/pose_mean,3.622252941131592
195,1789025031.2357345,lr/attention.decay,0.0
195,1789025031.2357345,lr/attention.no_decay,0.0
195,1789025031.2357345,lr/backbone.decay,8.593833780160859e-06
195,1789025031.2357345,lr/backbone.no_decay,8.593833780160859e-06
195,1789025031.2357345,lr/detect_head.decay,0.0
195,1789025031.2357345,lr/detect_head.no_decay,0.0
195,1789025031.2357345,lr/neck.decay,4.296916890080429e-05
195,1789025031.2357345,lr/neck.no_decay,4.296916890080429e-05
195,1789025031.2357345,lr/pose_head.decay,0.00011458445040214478
195,1789025031.2357345,lr/pose_head.no_decay,0.00011458445040214478
195,1789025031.2357345,pose/component_0,1.2623544931411743
195,1789025031.2357345,pose/component_1,0.03831981122493744
195,1789025031.2357345,pose/component_2,0.009653307497501373
195,1789025031.2357345,pose/component_3,0.5167466998100281
195,1789025031.2357345,pose/component_4,0.00441434420645237
195,1789025031.2357345,pose/component_5,0.5424292683601379
196,1789025031.3570836,amp/overflow_retries,0.0
196,1789025031.3570836,amp/scale,16.0
196,1789025031.3570836,gradient/clipped_norm,18956.212890625
196,1789025031.3570836,images/detect,0.0
196,1789025031.3570836,images/pose,16.0
196,1789025031.3570836,loss/backward,285.7919006347656
196,1789025031.3570836,loss/detect_mean,0.0
196,1789025031.3570836,loss/joint_mean,4.465498447418213
196,1789025031.3570836,loss/pose_mean,4.465498447418213
196,1789025031.3570836,lr/attention.decay,0.0
196,1789025031.3570836,lr/attention.no_decay,0.0
196,1789025031.3570836,lr/backbone.decay,8.630026809651474e-06
196,1789025031.3570836,lr/backbone.no_decay,8.630026809651474e-06
196,1789025031.3570836,lr/detect_head.decay,0.0
196,1789025031.3570836,lr/detect_head.no_decay,0.0
196,1789025031.3570836,lr/neck.decay,4.315013404825737e-05
196,1789025031.3570836,lr/neck.no_decay,4.315013404825737e-05
196,1789025031.3570836,lr/pose_head.decay,0.00011506702412868633
196,1789025031.3570836,lr/pose_head.no_decay,0.00011506702412868633
196,1789025031.3570836,pose/component_0,1.2104038000106812
196,1789025031.3570836,pose/component_1,0.0565180629491806
196,1789025031.3570836,pose/component_2,0.15080924332141876
196,1789025031.3570836,pose/component_3,0.6745389103889465
196,1789025031.3570836,pose/component_4,0.005030572880059481
196,1789025031.3570836,pose/component_5,0.9788576364517212
197,1789025031.478709,amp/overflow_retries,0.0
197,1789025031.478709,amp/scale,16.0
197,1789025031.478709,gradient/clipped_norm,14455.2666015625
197,1789025031.478709,images/detect,0.0
197,1789025031.478709,images/pose,16.0
197,1789025031.478709,loss/backward,322.1011657714844
197,1789025031.478709,loss/detect_mean,0.0
197,1789025031.478709,loss/joint_mean,5.032830715179443
197,1789025031.478709,loss/pose_mean,5.032830715179443
197,1789025031.478709,lr/attention.decay,0.0
197,1789025031.478709,lr/attention.no_decay,0.0
197,1789025031.478709,lr/backbone.decay,8.666219839142092e-06
197,1789025031.478709,lr/backbone.no_decay,8.666219839142092e-06
197,1789025031.478709,lr/detect_head.decay,0.0
197,1789025031.478709,lr/detect_head.no_decay,0.0
197,1789025031.478709,lr/neck.decay,4.333109919571046e-05
197,1789025031.478709,lr/neck.no_decay,4.333109919571046e-05
197,1789025031.478709,lr/pose_head.decay,0.0001155495978552279
197,1789025031.478709,lr/pose_head.no_decay,0.0001155495978552279
197,1789025031.478709,pose/component_0,1.1708582639694214
197,1789025031.478709,pose/component_1,0.08598387986421585
197,1789025031.478709,pose/component_2,0.0760728120803833
197,1789025031.478709,pose/component_3,1.0171120166778564
197,1789025031.478709,pose/component_4,0.007368008606135845
197,1789025031.478709,pose/component_5,1.2788372039794922
198,1789025031.6051714,amp/overflow_retries,0.0
198,1789025031.6051714,amp/scale,16.0
198,1789025031.6051714,gradient/clipped_norm,15609.962890625
198,1789025031.6051714,images/detect,0.0
198,1789025031.6051714,images/pose,16.0
198,1789025031.6051714,loss/backward,284.10650634765625
198,1789025031.6051714,loss/detect_mean,0.0
198,1789025031.6051714,loss/joint_mean,4.439164161682129
198,1789025031.6051714,loss/pose_mean,4.439164161682129
198,1789025031.6051714,lr/attention.decay,0.0
198,1789025031.6051714,lr/attention.no_decay,0.0
198,1789025031.6051714,lr/backbone.decay,8.702412868632709e-06
198,1789025031.6051714,lr/backbone.no_decay,8.702412868632709e-06
198,1789025031.6051714,lr/detect_head.decay,0.0
198,1789025031.6051714,lr/detect_head.no_decay,0.0
198,1789025031.6051714,lr/neck.decay,4.3512064343163535e-05
198,1789025031.6051714,lr/neck.no_decay,4.3512064343163535e-05
198,1789025031.6051714,lr/pose_head.decay,0.00011603217158176944
198,1789025031.6051714,lr/pose_head.no_decay,0.00011603217158176944
198,1789025031.6051714,pose/component_0,1.1511530876159668
198,1789025031.6051714,pose/component_1,0.0783497542142868
198,1789025031.6051714,pose/component_2,0.026854155585169792
198,1789025031.6051714,pose/component_3,0.94935142993927
198,1789025031.6051714,pose/component_4,0.007168537005782127
198,1789025031.6051714,pose/component_5,0.624445915222168
199,1789025031.7270124,amp/overflow_retries,0.0
199,1789025031.7270124,amp/scale,16.0
199,1789025031.7270124,gradient/clipped_norm,14645.6669921875
199,1789025031.7270124,images/detect,0.0
199,1789025031.7270124,images/pose,16.0
199,1789025031.7270124,loss/backward,292.77459716796875
199,1789025031.7270124,loss/detect_mean,0.0
199,1789025031.7270124,loss/joint_mean,4.574603080749512
199,1789025031.7270124,loss/pose_mean,4.574603080749512
199,1789025031.7270124,lr/attention.decay,0.0
199,1789025031.7270124,lr/attention.no_decay,0.0
199,1789025031.7270124,lr/backbone.decay,8.738605898123325e-06
199,1789025031.7270124,lr/backbone.no_decay,8.738605898123325e-06
199,1789025031.7270124,lr/detect_head.decay,0.0
199,1789025031.7270124,lr/detect_head.no_decay,0.0
199,1789025031.7270124,lr/neck.decay,4.3693029490616624e-05
199,1789025031.7270124,lr/neck.no_decay,4.3693029490616624e-05
199,1789025031.7270124,lr/pose_head.decay,0.00011651474530831102
199,1789025031.7270124,lr/pose_head.no_decay,0.00011651474530831102
199,1789025031.7270124,pose/component_0,1.1765666007995605
199,1789025031.7270124,pose/component_1,0.04860800504684448
199,1789025031.7270124,pose/component_2,0.01168668270111084
199,1789025031.7270124,pose/component_3,0.5840497612953186
199,1789025031.7270124,pose/component_4,0.004118910524994135
199,1789025031.7270124,pose/component_5,0.9456465244293213
200,1789025031.84883,amp/overflow_retries,0.0
200,1789025031.84883,amp/scale,16.0
200,1789025031.84883,gradient/clipped_norm,20365.9140625
200,1789025031.84883,images/detect,0.0
200,1789025031.84883,images/pose,16.0
200,1789025031.84883,loss/backward,238.30831909179688
200,1789025031.84883,loss/detect_mean,0.0
200,1789025031.84883,loss/joint_mean,3.723567485809326
200,1789025031.84883,loss/pose_mean,3.723567485809326
200,1789025031.84883,lr/attention.decay,0.0
200,1789025031.84883,lr/attention.no_decay,0.0
200,1789025031.84883,lr/backbone.decay,8.774798927613942e-06
200,1789025031.84883,lr/backbone.no_decay,8.774798927613942e-06
200,1789025031.84883,lr/detect_head.decay,0.0
200,1789025031.84883,lr/detect_head.no_decay,0.0
200,1789025031.84883,lr/neck.decay,4.3873994638069706e-05
200,1789025031.84883,lr/neck.no_decay,4.3873994638069706e-05
200,1789025031.84883,lr/pose_head.decay,0.00011699731903485256
200,1789025031.84883,lr/pose_head.no_decay,0.00011699731903485256
200,1789025031.84883,pose/component_0,1.1449472904205322
200,1789025031.84883,pose/component_1,0.05564224720001221
200,1789025031.84883,pose/component_2,0.01664569601416588
200,1789025031.84883,pose/component_3,0.7667104005813599
200,1789025031.84883,pose/component_4,0.003369465470314026
200,1789025031.84883,pose/component_5,0.7484927177429199
201,1789025031.9707046,amp/overflow_retries,0.0
201,1789025031.9707046,amp/scale,16.0
201,1789025031.9707046,gradient/clipped_norm,17234.548828125
201,1789025031.9707046,images/detect,0.0
201,1789025031.9707046,images/pose,16.0
201,1789025031.9707046,loss/backward,332.3787536621094
201,1789025031.9707046,loss/detect_mean,0.0
201,1789025031.9707046,loss/joint_mean,5.193418025970459
201,1789025031.9707046,loss/pose_mean,5.193418025970459
201,1789025031.9707046,lr/attention.decay,0.0
201,1789025031.9707046,lr/attention.no_decay,0.0
201,1789025031.9707046,lr/backbone.decay,8.810991957104558e-06
201,1789025031.9707046,lr/backbone.no_decay,8.810991957104558e-06
201,1789025031.9707046,lr/detect_head.decay,0.0
201,1789025031.9707046,lr/detect_head.no_decay,0.0
201,1789025031.9707046,lr/neck.decay,4.405495978552278e-05
201,1789025031.9707046,lr/neck.no_decay,4.405495978552278e-05
201,1789025031.9707046,lr/pose_head.decay,0.0001174798927613941
201,1789025031.9707046,lr/pose_head.no_decay,0.0001174798927613941
201,1789025031.9707046,pose/component_0,1.3536440134048462
201,1789025031.9707046,pose/component_1,0.0739966630935669
201,1789025031.9707046,pose/component_2,0.014753120020031929
201,1789025031.9707046,pose/component_3,0.8838979601860046
201,1789025031.9707046,pose/component_4,0.003987646196037531
201,1789025031.9707046,pose/component_5,0.8089432716369629
202,1789025032.0922387,amp/overflow_retries,0.0
202,1789025032.0922387,amp/scale,16.0
202,1789025032.0922387,gradient/clipped_norm,12128.4091796875
202,1789025032.0922387,images/detect,0.0
202,1789025032.0922387,images/pose,16.0
202,1789025032.0922387,loss/backward,199.47787475585938
202,1789025032.0922387,loss/detect_mean,0.0
202,1789025032.0922387,loss/joint_mean,3.1168417930603027
202,1789025032.0922387,loss/pose_mean,3.1168417930603027
202,1789025032.0922387,lr/attention.decay,0.0
202,1789025032.0922387,lr/attention.no_decay,0.0
202,1789025032.0922387,lr/backbone.decay,8.847184986595175e-06
202,1789025032.0922387,lr/backbone.no_decay,8.847184986595175e-06
202,1789025032.0922387,lr/detect_head.decay,0.0
202,1789025032.0922387,lr/detect_head.no_decay,0.0
202,1789025032.0922387,lr/neck.decay,4.423592493297587e-05
202,1789025032.0922387,lr/neck.no_decay,4.423592493297587e-05
202,1789025032.0922387,lr/pose_head.decay,0.00011796246648793568
202,1789025032.0922387,lr/pose_head.no_decay,0.00011796246648793568
202,1789025032.0922387,pose/component_0,0.9837431907653809
202,1789025032.0922387,pose/component_1,0.027644943445920944
202,1789025032.0922387,pose/component_2,0.18467363715171814
202,1789025032.0922387,pose/component_3,0.42195454239845276
202,1789025032.0922387,pose/component_4,0.003933368716388941
202,1789025032.0922387,pose/component_5,0.6310321092605591
203,1789025032.21403,amp/overflow_retries,0.0
203,1789025032.21403,amp/scale,16.0
203,1789025032.21403,gradient/clipped_norm,11359.2451171875
203,1789025032.21403,images/detect,0.0
203,1789025032.21403,images/pose,16.0
203,1789025032.21403,loss/backward,270.01165771484375
203,1789025032.21403,loss/detect_mean,0.0
203,1789025032.21403,loss/joint_mean,4.218932151794434
203,1789025032.21403,loss/pose_mean,4.218932151794434
203,1789025032.21403,lr/attention.decay,0.0
203,1789025032.21403,lr/attention.no_decay,0.0
203,1789025032.21403,lr/backbone.decay,8.883378016085791e-06
203,1789025032.21403,lr/backbone.no_decay,8.883378016085791e-06
203,1789025032.21403,lr/detect_head.decay,0.0
203,1789025032.21403,lr/detect_head.no_decay,0.0
203,1789025032.21403,lr/neck.decay,4.4416890080428954e-05
203,1789025032.21403,lr/neck.no_decay,4.4416890080428954e-05
203,1789025032.21403,lr/pose_head.decay,0.00011844504021447722
203,1789025032.21403,lr/pose_head.no_decay,0.00011844504021447722
203,1789025032.21403,pose/component_0,1.2979745864868164
203,1789025032.21403,pose/component_1,0.2156423032283783
203,1789025032.21403,pose/component_2,0.08802291005849838
203,1789025032.21403,pose/component_3,0.715404212474823
203,1789025032.21403,pose/component_4,0.005205201916396618
203,1789025032.21403,pose/component_5,1.5315706729888916
204,1789025032.3358488,amp/overflow_retries,0.0
204,1789025032.3358488,amp/scale,16.0
204,1789025032.3358488,gradient/clipped_norm,13895.732421875
204,1789025032.3358488,images/detect,0.0
204,1789025032.3358488,images/pose,16.0
204,1789025032.3358488,loss/backward,226.57000732421875
204,1789025032.3358488,loss/detect_mean,0.0
204,1789025032.3358488,loss/joint_mean,3.540156364440918
204,1789025032.3358488,loss/pose_mean,3.540156364440918
204,1789025032.3358488,lr/attention.decay,0.0
204,1789025032.3358488,lr/attention.no_decay,0.0
204,1789025032.3358488,lr/backbone.decay,8.91957104557641e-06
204,1789025032.3358488,lr/backbone.no_decay,8.91957104557641e-06
204,1789025032.3358488,lr/detect_head.decay,0.0
204,1789025032.3358488,lr/detect_head.no_decay,0.0
204,1789025032.3358488,lr/neck.decay,4.459785522788204e-05
204,1789025032.3358488,lr/neck.no_decay,4.459785522788204e-05
204,1789025032.3358488,lr/pose_head.decay,0.00011892761394101879
204,1789025032.3358488,lr/pose_head.no_decay,0.00011892761394101879
204,1789025032.3358488,pose/component_0,1.1186994314193726
204,1789025032.3358488,pose/component_1,0.04797833412885666
204,1789025032.3358488,pose/component_2,0.020359426736831665
204,1789025032.3358488,pose/component_3,0.6213833689689636
204,1789025032.3358488,pose/component_4,0.005398117005825043
204,1789025032.3358488,pose/component_5,1.5122735500335693
205,1789025032.4577582,amp/overflow_retries,0.0
205,1789025032.4577582,amp/scale,16.0
205,1789025032.4577582,gradient/clipped_norm,11637.26171875
205,1789025032.4577582,images/detect,0.0
205,1789025032.4577582,images/pose,16.0
205,1789025032.4577582,loss/backward,217.76516723632812
205,1789025032.4577582,loss/detect_mean,0.0
205,1789025032.4577582,loss/joint_mean,3.402580738067627
205,1789025032.4577582,loss/pose_mean,3.402580738067627
205,1789025032.4577582,lr/attention.decay,0.0
205,1789025032.4577582,lr/attention.no_decay,0.0
205,1789025032.4577582,lr/backbone.decay,8.955764075067026e-06
205,1789025032.4577582,lr/backbone.no_decay,8.955764075067026e-06
205,1789025032.4577582,lr/detect_head.decay,0.0
205,1789025032.4577582,lr/detect_head.no_decay,0.0
205,1789025032.4577582,lr/neck.decay,4.477882037533512e-05
205,1789025032.4577582,lr/neck.no_decay,4.477882037533512e-05
205,1789025032.4577582,lr/pose_head.decay,0.00011941018766756034
205,1789025032.4577582,lr/pose_head.no_decay,0.00011941018766756034
205,1789025032.4577582,pose/component_0,1.159190058708191
205,1789025032.4577582,pose/component_1,0.05101703107357025
205,1789025032.4577582,pose/component_2,0.01153622381389141
205,1789025032.4577582,pose/component_3,0.42784368991851807
205,1789025032.4577582,pose/component_4,0.004914112389087677
205,1789025032.4577582,pose/component_5,1.1565788984298706
206,1789025032.579533,amp/overflow_retries,0.0
206,1789025032.579533,amp/scale,16.0
206,1789025032.579533,gradient/clipped_norm,11671.8740234375
206,1789025032.579533,images/detect,0.0
206,1789025032.579533,images/pose,16.0
206,1789025032.579533,loss/backward,217.25439453125
206,1789025032.579533,loss/detect_mean,0.0
206,1789025032.579533,loss/joint_mean,3.3945999145507812
206,1789025032.579533,loss/pose_mean,3.3945999145507812
206,1789025032.579533,lr/attention.decay,0.0
206,1789025032.579533,lr/attention.no_decay,0.0
206,1789025032.579533,lr/backbone.decay,8.99195710455764e-06
206,1789025032.579533,lr/backbone.no_decay,8.99195710455764e-06
206,1789025032.579533,lr/detect_head.decay,0.0
206,1789025032.579533,lr/detect_head.no_decay,0.0
206,1789025032.579533,lr/neck.decay,4.49597855227882e-05
206,1789025032.579533,lr/neck.no_decay,4.49597855227882e-05
206,1789025032.579533,lr/pose_head.decay,0.00011989276139410188
206,1789025032.579533,lr/pose_head.no_decay,0.00011989276139410188
206,1789025032.579533,pose/component_0,1.1236766576766968
206,1789025032.579533,pose/component_1,0.07073692977428436
206,1789025032.579533,pose/component_2,0.031811997294425964
206,1789025032.579533,pose/component_3,0.5519443154335022
206,1789025032.579533,pose/component_4,0.003765975823625922
206,1789025032.579533,pose/component_5,0.7541109919548035
207,1789025032.7008722,amp/overflow_retries,0.0
207,1789025032.7008722,amp/scale,16.0
207,1789025032.7008722,gradient/clipped_norm,14195.4208984375
207,1789025032.7008722,images/detect,0.0
207,1789025032.7008722,images/pose,16.0
207,1789025032.7008722,loss/backward,222.13914489746094
207,1789025032.7008722,loss/detect_mean,0.0
207,1789025032.7008722,loss/joint_mean,3.470924139022827
207,1789025032.7008722,loss/pose_mean,3.470924139022827
207,1789025032.7008722,lr/attention.decay,0.0
207,1789025032.7008722,lr/attention.no_decay,0.0
207,1789025032.7008722,lr/backbone.decay,9.028150134048259e-06
207,1789025032.7008722,lr/backbone.no_decay,9.028150134048259e-06
207,1789025032.7008722,lr/detect_head.decay,0.0
207,1789025032.7008722,lr/detect_head.no_decay,0.0
207,1789025032.7008722,lr/neck.decay,4.514075067024129e-05
207,1789025032.7008722,lr/neck.no_decay,4.514075067024129e-05
207,1789025032.7008722,lr/pose_head.decay,0.00012037533512064345
207,1789025032.7008722,lr/pose_head.no_decay,0.00012037533512064345
207,1789025032.7008722,pose/component_0,0.9849413633346558
207,1789025032.7008722,pose/component_1,0.02958860993385315
207,1789025032.7008722,pose/component_2,0.04623200371861458
207,1789025032.7008722,pose/component_3,0.42748457193374634
207,1789025032.7008722,pose/component_4,0.004931282717734575
207,1789025032.7008722,pose/component_5,0.3576885461807251
208,1789025032.8223321,amp/overflow_retries,0.0
208,1789025032.8223321,amp/scale,16.0
208,1789025032.8223321,gradient/clipped_norm,13330.3046875
208,1789025032.8223321,images/detect,0.0
208,1789025032.8223321,images/pose,16.0
208,1789025032.8223321,loss/backward,154.01571655273438
208,1789025032.8223321,loss/detect_mean,0.0
208,1789025032.8223321,loss/joint_mean,2.4064955711364746
208,1789025032.8223321,loss/pose_mean,2.4064955711364746
208,1789025032.8223321,lr/attention.decay,0.0
208,1789025032.8223321,lr/attention.no_decay,0.0
208,1789025032.8223321,lr/backbone.decay,9.064343163538875e-06
208,1789025032.8223321,lr/backbone.no_decay,9.064343163538875e-06
208,1789025032.8223321,lr/detect_head.decay,0.0
208,1789025032.8223321,lr/detect_head.no_decay,0.0
208,1789025032.8223321,lr/neck.decay,4.5321715817694366e-05
208,1789025032.8223321,lr/neck.no_decay,4.5321715817694366e-05
208,1789025032.8223321,lr/pose_head.decay,0.000120857908847185
208,1789025032.8223321,lr/pose_head.no_decay,0.000120857908847185
208,1789025032.8223321,pose/component_0,0.9091299176216125
208,1789025032.8223321,pose/component_1,0.017273318022489548
208,1789025032.8223321,pose/component_2,0.028506746515631676
208,1789025032.8223321,pose/component_3,0.3936559557914734
208,1789025032.8223321,pose/component_4,0.0030550500378012657
208,1789025032.8223321,pose/component_5,0.0
209,1789025032.9441044,amp/overflow_retries,0.0
209,1789025032.9441044,amp/scale,16.0
209,1789025032.9441044,gradient/clipped_norm,15475.39453125
209,1789025032.9441044,images/detect,0.0
209,1789025032.9441044,images/pose,16.0
209,1789025032.9441044,loss/backward,312.83184814453125
209,1789025032.9441044,loss/detect_mean,0.0
209,1789025032.9441044,loss/joint_mean,4.887997627258301
209,1789025032.9441044,loss/pose_mean,4.887997627258301
209,1789025032.9441044,lr/attention.decay,0.0
209,1789025032.9441044,lr/attention.no_decay,0.0
209,1789025032.9441044,lr/backbone.decay,9.10053619302949e-06
209,1789025032.9441044,lr/backbone.no_decay,9.10053619302949e-06
209,1789025032.9441044,lr/detect_head.decay,0.0
209,1789025032.9441044,lr/detect_head.no_decay,0.0
209,1789025032.9441044,lr/neck.decay,4.550268096514745e-05
209,1789025032.9441044,lr/neck.no_decay,4.550268096514745e-05
209,1789025032.9441044,lr/pose_head.decay,0.00012134048257372654
209,1789025032.9441044,lr/pose_head.no_decay,0.00012134048257372654
209,1789025032.9441044,pose/component_0,1.093994140625
209,1789025032.9441044,pose/component_1,0.06662803888320923
209,1789025032.9441044,pose/component_2,0.1860930174589157
209,1789025032.9441044,pose/component_3,0.9355676770210266
209,1789025032.9441044,pose/component_4,0.003296676091849804
209,1789025032.9441044,pose/component_5,1.4533228874206543
210,1789025033.0655944,amp/overflow_retries,0.0
210,1789025033.0655944,amp/scale,16.0
210,1789025033.0655944,gradient/clipped_norm,17351.271484375
210,1789025033.0655944,images/detect,0.0
210,1789025033.0655944,images/pose,16.0
210,1789025033.0655944,loss/backward,300.72540283203125
210,1789025033.0655944,loss/detect_mean,0.0
210,1789025033.0655944,loss/joint_mean,4.698834419250488
210,1789025033.0655944,loss/pose_mean,4.698834419250488
210,1789025033.0655944,lr/attention.decay,0.0
210,1789025033.0655944,lr/attention.no_decay,0.0
210,1789025033.0655944,lr/backbone.decay,9.136729222520108e-06
210,1789025033.0655944,lr/backbone.no_decay,9.136729222520108e-06
210,1789025033.0655944,lr/detect_head.decay,0.0
210,1789025033.0655944,lr/detect_head.no_decay,0.0
210,1789025033.0655944,lr/neck.decay,4.568364611260054e-05
210,1789025033.0655944,lr/neck.no_decay,4.568364611260054e-05
210,1789025033.0655944,lr/pose_head.decay,0.0001218230563002681
210,1789025033.0655944,lr/pose_head.no_decay,0.0001218230563002681
210,1789025033.0655944,pose/component_0,1.419869303703308
210,1789025033.0655944,pose/component_1,0.07899332046508789
210,1789025033.0655944,pose/component_2,0.13853216171264648
210,1789025033.0655944,pose/component_3,0.865340530872345
210,1789025033.0655944,pose/component_4,0.0039472091011703014
210,1789025033.0655944,pose/component_5,1.0051937103271484
211,1789025033.18908,amp/overflow_retries,0.0
211,1789025033.18908,amp/scale,16.0
211,1789025033.18908,gradient/clipped_norm,13356.5712890625
211,1789025033.18908,images/detect,0.0
211,1789025033.18908,images/pose,16.0
211,1789025033.18908,loss/backward,195.203125
211,1789025033.18908,loss/detect_mean,0.0
211,1789025033.18908,loss/joint_mean,3.050048828125
211,1789025033.18908,loss/pose_mean,3.050048828125
211,1789025033.18908,lr/attention.decay,0.0
211,1789025033.18908,lr/attention.no_decay,0.0
211,1789025033.18908,lr/backbone.decay,9.172922252010725e-06
211,1789025033.18908,lr/backbone.no_decay,9.172922252010725e-06
211,1789025033.18908,lr/detect_head.decay,0.0
211,1789025033.18908,lr/detect_head.no_decay,0.0
211,1789025033.18908,lr/neck.decay,4.5864611260053614e-05
211,1789025033.18908,lr/neck.no_decay,4.5864611260053614e-05
211,1789025033.18908,lr/pose_head.decay,0.00012230563002680966
211,1789025033.18908,lr/pose_head.no_decay,0.00012230563002680966
211,1789025033.18908,pose/component_0,1.1542835235595703
211,1789025033.18908,pose/component_1,0.040062468498945236
211,1789025033.18908,pose/component_2,0.025983767583966255
211,1789025033.18908,pose/component_3,0.6040160059928894
211,1789025033.18908,pose/component_4,0.002977613825351
211,1789025033.18908,pose/component_5,0.0
212,1789025033.3152623,amp/overflow_retries,0.0
212,1789025033.3152623,amp/scale,16.0
212,1789025033.3152623,gradient/clipped_norm,25856.62109375
212,1789025033.3152623,images/detect,0.0
212,1789025033.3152623,images/pose,16.0
212,1789025033.3152623,loss/backward,345.588623046875
212,1789025033.3152623,loss/detect_mean,0.0
212,1789025033.3152623,loss/joint_mean,5.399822235107422
212,1789025033.3152623,loss/pose_mean,5.399822235107422
212,1789025033.3152623,lr/attention.decay,0.0
212,1789025033.3152623,lr/attention.no_decay,0.0
212,1789025033.3152623,lr/backbone.decay,9.209115281501341e-06
212,1789025033.3152623,lr/backbone.no_decay,9.209115281501341e-06
212,1789025033.3152623,lr/detect_head.decay,0.0
212,1789025033.3152623,lr/detect_head.no_decay,0.0
212,1789025033.3152623,lr/neck.decay,4.60455764075067e-05
212,1789025033.3152623,lr/neck.no_decay,4.60455764075067e-05
212,1789025033.3152623,lr/pose_head.decay,0.00012278820375335122
212,1789025033.3152623,lr/pose_head.no_decay,0.00012278820375335122
212,1789025033.3152623,pose/component_0,1.5589072704315186
212,1789025033.3152623,pose/component_1,0.06357060372829437
212,1789025033.3152623,pose/component_2,0.09900908917188644
212,1789025033.3152623,pose/component_3,1.1045033931732178
212,1789025033.3152623,pose/component_4,0.004696328658610582
212,1789025033.3152623,pose/component_5,1.1093714237213135
213,1789025033.439517,amp/overflow_retries,0.0
213,1789025033.439517,amp/scale,16.0
213,1789025033.439517,gradient/clipped_norm,25830.0546875
213,1789025033.439517,images/detect,0.0
213,1789025033.439517,images/pose,16.0
213,1789025033.439517,loss/backward,427.57122802734375
213,1789025033.439517,loss/detect_mean,0.0
213,1789025033.439517,loss/joint_mean,6.680800437927246
213,1789025033.439517,loss/pose_mean,6.680800437927246
213,1789025033.439517,lr/attention.decay,0.0
213,1789025033.439517,lr/attention.no_decay,0.0
213,1789025033.439517,lr/backbone.decay,9.245308310991958e-06
213,1789025033.439517,lr/backbone.no_decay,9.245308310991958e-06
213,1789025033.439517,lr/detect_head.decay,0.0
213,1789025033.439517,lr/detect_head.no_decay,0.0
213,1789025033.439517,lr/neck.decay,4.6226541554959786e-05
213,1789025033.439517,lr/neck.no_decay,4.6226541554959786e-05
213,1789025033.439517,lr/pose_head.decay,0.00012327077747989278
213,1789025033.439517,lr/pose_head.no_decay,0.00012327077747989278
213,1789025033.439517,pose/component_0,1.2569693326950073
213,1789025033.439517,pose/component_1,0.17511513829231262
213,1789025033.439517,pose/component_2,0.019350506365299225
213,1789025033.439517,pose/component_3,0.6138172745704651
213,1789025033.439517,pose/component_4,0.008816398680210114
213,1789025033.439517,pose/component_5,2.913651704788208
214,1789025033.5639193,amp/overflow_retries,0.0
214,1789025033.5639193,amp/scale,16.0
214,1789025033.5639193,gradient/clipped_norm,26838.025390625
214,1789025033.5639193,images/detect,0.0
214,1789025033.5639193,images/pose,16.0
214,1789025033.5639193,loss/backward,332.0010986328125
214,1789025033.5639193,loss/detect_mean,0.0
214,1789025033.5639193,loss/joint_mean,5.187517166137695
214,1789025033.5639193,loss/pose_mean,5.187517166137695
214,1789025033.5639193,lr/attention.decay,0.0
214,1789025033.5639193,lr/attention.no_decay,0.0
214,1789025033.5639193,lr/backbone.decay,9.281501340482574e-06
214,1789025033.5639193,lr/backbone.no_decay,9.281501340482574e-06
214,1789025033.5639193,lr/detect_head.decay,0.0
214,1789025033.5639193,lr/detect_head.no_decay,0.0
214,1789025033.5639193,lr/neck.decay,4.640750670241286e-05
214,1789025033.5639193,lr/neck.no_decay,4.640750670241286e-05
214,1789025033.5639193,lr/pose_head.decay,0.00012375335120643432
214,1789025033.5639193,lr/pose_head.no_decay,0.00012375335120643432
214,1789025033.5639193,pose/component_0,1.3152395486831665
214,1789025033.5639193,pose/component_1,0.05880122631788254
214,1789025033.5639193,pose/component_2,0.02145831286907196
214,1789025033.5639193,pose/component_3,0.7002749443054199
214,1789025033.5639193,pose/component_4,0.003982501104474068
214,1789025033.5639193,pose/component_5,0.6714316606521606
215,1789025033.688406,amp/overflow_retries,0.0
215,1789025033.688406,amp/scale,16.0
215,1789025033.688406,gradient/clipped_norm,22581.533203125
215,1789025033.688406,images/detect,0.0
215,1789025033.688406,images/pose,16.0
215,1789025033.688406,loss/backward,376.2936096191406
215,1789025033.688406,loss/detect_mean,0.0
215,1789025033.688406,loss/joint_mean,5.879587650299072
215,1789025033.688406,loss/pose_mean,5.879587650299072
215,1789025033.688406,lr/attention.decay,0.0
215,1789025033.688406,lr/attention.no_decay,0.0
215,1789025033.688406,lr/backbone.decay,9.31769436997319e-06
215,1789025033.688406,lr/backbone.no_decay,9.31769436997319e-06
215,1789025033.688406,lr/detect_head.decay,0.0
215,1789025033.688406,lr/detect_head.no_decay,0.0
215,1789025033.688406,lr/neck.decay,4.658847184986595e-05
215,1789025033.688406,lr/neck.no_decay,4.658847184986595e-05
215,1789025033.688406,lr/pose_head.decay,0.00012423592493297588
215,1789025033.688406,lr/pose_head.no_decay,0.00012423592493297588
215,1789025033.688406,pose/component_0,1.26875638961792
215,1789025033.688406,pose/component_1,0.08211226761341095
215,1789025033.688406,pose/component_2,0.02382473647594452
215,1789025033.688406,pose/component_3,0.8498949408531189
215,1789025033.688406,pose/component_4,0.005007455125451088
215,1789025033.688406,pose/component_5,2.171184539794922
216,1789025033.811563,amp/overflow_retries,0.0
216,1789025033.811563,amp/scale,16.0
216,1789025033.811563,gradient/clipped_norm,14813.46484375
216,1789025033.811563,images/detect,0.0
216,1789025033.811563,images/pose,16.0
216,1789025033.811563,loss/backward,304.3594055175781
216,1789025033.811563,loss/detect_mean,0.0
216,1789025033.811563,loss/joint_mean,4.755615711212158
216,1789025033.811563,loss/pose_mean,4.755615711212158
216,1789025033.811563,lr/attention.decay,0.0
216,1789025033.811563,lr/attention.no_decay,0.0
216,1789025033.811563,lr/backbone.decay,9.353887399463807e-06
216,1789025033.811563,lr/backbone.no_decay,9.353887399463807e-06
216,1789025033.811563,lr/detect_head.decay,0.0
216,1789025033.811563,lr/detect_head.no_decay,0.0
216,1789025033.811563,lr/neck.decay,4.676943699731903e-05
216,1789025033.811563,lr/neck.no_decay,4.676943699731903e-05
216,1789025033.811563,lr/pose_head.decay,0.00012471849865951744
216,1789025033.811563,lr/pose_head.no_decay,0.00012471849865951744
216,1789025033.811563,pose/component_0,1.2980958223342896
216,1789025033.811563,pose/component_1,0.05787137523293495
216,1789025033.811563,pose/component_2,0.020516283810138702
216,1789025033.811563,pose/component_3,0.845169186592102
216,1789025033.811563,pose/component_4,0.0066230264492332935
216,1789025033.811563,pose/component_5,0.9092013239860535
217,1789025033.9334679,amp/overflow_retries,0.0
217,1789025033.9334679,amp/scale,16.0
217,1789025033.9334679,gradient/clipped_norm,18489.3046875
217,1789025033.9334679,images/detect,0.0
217,1789025033.9334679,images/pose,16.0
217,1789025033.9334679,loss/backward,378.6221618652344
217,1789025033.9334679,loss/detect_mean,0.0
217,1789025033.9334679,loss/joint_mean,5.915971279144287
217,1789025033.9334679,loss/pose_mean,5.915971279144287
217,1789025033.9334679,lr/attention.decay,0.0
217,1789025033.9334679,lr/attention.no_decay,0.0
217,1789025033.9334679,lr/backbone.decay,9.390080428954424e-06
217,1789025033.9334679,lr/backbone.no_decay,9.390080428954424e-06
217,1789025033.9334679,lr/detect_head.decay,0.0
217,1789025033.9334679,lr/detect_head.no_decay,0.0
217,1789025033.9334679,lr/neck.decay,4.695040214477211e-05
217,1789025033.9334679,lr/neck.no_decay,4.695040214477211e-05
217,1789025033.9334679,lr/pose_head.decay,0.00012520107238605898
217,1789025033.9334679,lr/pose_head.no_decay,0.00012520107238605898
217,1789025033.9334679,pose/component_0,1.2743316888809204
217,1789025033.9334679,pose/component_1,0.0776500552892685
217,1789025033.9334679,pose/component_2,0.022927289828658104
217,1789025033.9334679,pose/component_3,0.6335439682006836
217,1789025033.9334679,pose/component_4,0.005444543901830912
217,1789025033.9334679,pose/component_5,1.829329490661621
218,1789025034.05536,amp/overflow_retries,0.0
218,1789025034.05536,amp/scale,16.0
218,1789025034.05536,gradient/clipped_norm,16508.150390625
218,1789025034.05536,images/detect,0.0
218,1789025034.05536,images/pose,16.0
218,1789025034.05536,loss/backward,234.14141845703125
218,1789025034.05536,loss/detect_mean,0.0
218,1789025034.05536,loss/joint_mean,3.6584596633911133
218,1789025034.05536,loss/pose_mean,3.6584596633911133
218,1789025034.05536,lr/attention.decay,0.0
218,1789025034.05536,lr/attention.no_decay,0.0
218,1789025034.05536,lr/backbone.decay,9.426273458445039e-06
218,1789025034.05536,lr/backbone.no_decay,9.426273458445039e-06
218,1789025034.05536,lr/detect_head.decay,0.0
218,1789025034.05536,lr/detect_head.no_decay,0.0
218,1789025034.05536,lr/neck.decay,4.713136729222519e-05
218,1789025034.05536,lr/neck.no_decay,4.713136729222519e-05
218,1789025034.05536,lr/pose_head.decay,0.00012568364611260054
218,1789025034.05536,lr/pose_head.no_decay,0.00012568364611260054
218,1789025034.05536,pose/component_0,1.1076351404190063
218,1789025034.05536,pose/component_1,0.058380067348480225
218,1789025034.05536,pose/component_2,0.01689426600933075
218,1789025034.05536,pose/component_3,0.7436928749084473
218,1789025034.05536,pose/component_4,0.004480564966797829
218,1789025034.05536,pose/component_5,1.5605800151824951
219,1789025034.176869,amp/overflow_retries,0.0
219,1789025034.176869,amp/scale,16.0
219,1789025034.176869,gradient/clipped_norm,17046.02734375
219,1789025034.176869,images/detect,0.0
219,1789025034.176869,images/pose,16.0
219,1789025034.176869,loss/backward,279.37872314453125
219,1789025034.176869,loss/detect_mean,0.0
219,1789025034.176869,loss/joint_mean,4.365292549133301
219,1789025034.176869,loss/pose_mean,4.365292549133301
219,1789025034.176869,lr/attention.decay,0.0
219,1789025034.176869,lr/attention.no_decay,0.0
219,1789025034.176869,lr/backbone.decay,9.462466487935657e-06
219,1789025034.176869,lr/backbone.no_decay,9.462466487935657e-06
219,1789025034.176869,lr/detect_head.decay,0.0
219,1789025034.176869,lr/detect_head.no_decay,0.0
219,1789025034.176869,lr/neck.decay,4.731233243967828e-05
219,1789025034.176869,lr/neck.no_decay,4.731233243967828e-05
219,1789025034.176869,lr/pose_head.decay,0.0001261662198391421
219,1789025034.176869,lr/pose_head.no_decay,0.0001261662198391421
219,1789025034.176869,pose/component_0,1.1661980152130127
219,1789025034.176869,pose/component_1,0.043300554156303406
219,1789025034.176869,pose/component_2,0.02169227972626686
219,1789025034.176869,pose/component_3,0.6036757826805115
219,1789025034.176869,pose/component_4,0.0032688784413039684
219,1789025034.176869,pose/component_5,0.7193095088005066
220,1789025034.2982624,amp/overflow_retries,0.0
220,1789025034.2982624,amp/scale,16.0
220,1789025034.2982624,gradient/clipped_norm,12890.841796875
220,1789025034.2982624,images/detect,0.0
220,1789025034.2982624,images/pose,16.0
220,1789025034.2982624,loss/backward,227.06149291992188
220,1789025034.2982624,loss/detect_mean,0.0
220,1789025034.2982624,loss/joint_mean,3.5478358268737793
220,1789025034.2982624,loss/pose_mean,3.5478358268737793
220,1789025034.2982624,lr/attention.decay,0.0
220,1789025034.2982624,lr/attention.no_decay,0.0
220,1789025034.2982624,lr/backbone.decay,9.498659517426273e-06
220,1789025034.2982624,lr/backbone.no_decay,9.498659517426273e-06
220,1789025034.2982624,lr/detect_head.decay,0.0
220,1789025034.2982624,lr/detect_head.no_decay,0.0
220,1789025034.2982624,lr/neck.decay,4.749329758713136e-05
220,1789025034.2982624,lr/neck.no_decay,4.749329758713136e-05
220,1789025034.2982624,lr/pose_head.decay,0.00012664879356568364
220,1789025034.2982624,lr/pose_head.no_decay,0.00012664879356568364
220,1789025034.2982624,pose/component_0,1.1534397602081299
220,1789025034.2982624,pose/component_1,0.052786264568567276
220,1789025034.2982624,pose/component_2,0.12238387763500214
220,1789025034.2982624,pose/component_3,0.4428424835205078
220,1789025034.2982624,pose/component_4,0.0040490394458174706
220,1789025034.2982624,pose/component_5,1.2200605869293213
221,1789025034.4198163,amp/overflow_retries,0.0
221,1789025034.4198163,amp/scale,16.0
221,1789025034.4198163,gradient/clipped_norm,17010.271484375
221,1789025034.4198163,images/detect,0.0
221,1789025034.4198163,images/pose,16.0
221,1789025034.4198163,loss/backward,375.23931884765625
221,1789025034.4198163,loss/detect_mean,0.0
221,1789025034.4198163,loss/joint_mean,5.863114356994629
221,1789025034.4198163,loss/pose_mean,5.863114356994629
221,1789025034.4198163,lr/attention.decay,0.0
221,1789025034.4198163,lr/attention.no_decay,0.0
221,1789025034.4198163,lr/backbone.decay,9.534852546916888e-06
221,1789025034.4198163,lr/backbone.no_decay,9.534852546916888e-06
221,1789025034.4198163,lr/detect_head.decay,0.0
221,1789025034.4198163,lr/detect_head.no_decay,0.0
221,1789025034.4198163,lr/neck.decay,4.767426273458444e-05
221,1789025034.4198163,lr/neck.no_decay,4.767426273458444e-05
221,1789025034.4198163,lr/pose_head.decay,0.0001271313672922252
221,1789025034.4198163,lr/pose_head.no_decay,0.0001271313672922252
221,1789025034.4198163,pose/component_0,1.2765392065048218
221,1789025034.4198163,pose/component_1,0.18560342490673065
221,1789025034.4198163,pose/component_2,0.0650288537144661
221,1789025034.4198163,pose/component_3,0.932639479637146
221,1789025034.4198163,pose/component_4,0.0047368863597512245
221,1789025034.4198163,pose/component_5,1.954075574874878
222,1789025034.5414798,amp/overflow_retries,0.0
222,1789025034.5414798,amp/scale,16.0
222,1789025034.5414798,gradient/clipped_norm,25414.73046875
222,1789025034.5414798,images/detect,0.0
222,1789025034.5414798,images/pose,16.0
222,1789025034.5414798,loss/backward,530.4691162109375
222,1789025034.5414798,loss/detect_mean,0.0
222,1789025034.5414798,loss/joint_mean,8.288579940795898
222,1789025034.5414798,loss/pose_mean,8.288579940795898
222,1789025034.5414798,lr/attention.decay,0.0
222,1789025034.5414798,lr/attention.no_decay,0.0
222,1789025034.5414798,lr/backbone.decay,9.571045576407506e-06
222,1789025034.5414798,lr/backbone.no_decay,9.571045576407506e-06
222,1789025034.5414798,lr/detect_head.decay,0.0
222,1789025034.5414798,lr/detect_head.no_decay,0.0
222,1789025034.5414798,lr/neck.decay,4.785522788203753e-05
222,1789025034.5414798,lr/neck.no_decay,4.785522788203753e-05
222,1789025034.5414798,lr/pose_head.decay,0.00012761394101876676
222,1789025034.5414798,lr/pose_head.no_decay,0.00012761394101876676
222,1789025034.5414798,pose/component_0,1.3441215753555298
222,1789025034.5414798,pose/component_1,0.3190838694572449
222,1789025034.5414798,pose/component_2,0.19442108273506165
222,1789025034.5414798,pose/component_3,0.9299284219741821
222,1789025034.5414798,pose/component_4,0.00618860125541687
222,1789025034.5414798,pose/component_5,3.4786972999572754
223,1789025034.6628506,amp/overflow_retries,0.0
223,1789025034.6628506,amp/scale,16.0
223,1789025034.6628506,gradient/clipped_norm,16556.80078125
223,1789025034.6628506,images/detect,0.0
223,1789025034.6628506,images/pose,16.0
223,1789025034.6628506,loss/backward,310.41351318359375
223,1789025034.6628506,loss/detect_mean,0.0
223,1789025034.6628506,loss/joint_mean,4.850211143493652
223,1789025034.6628506,loss/pose_mean,4.850211143493652
223,1789025034.6628506,lr/attention.decay,0.0
223,1789025034.6628506,lr/attention.no_decay,0.0
223,1789025034.6628506,lr/backbone.decay,9.607238605898123e-06
223,1789025034.6628506,lr/backbone.no_decay,9.607238605898123e-06
223,1789025034.6628506,lr/detect_head.decay,0.0
223,1789025034.6628506,lr/detect_head.no_decay,0.0
223,1789025034.6628506,lr/neck.decay,4.803619302949061e-05
223,1789025034.6628506,lr/neck.no_decay,4.803619302949061e-05
223,1789025034.6628506,lr/pose_head.decay,0.0001280965147453083
223,1789025034.6628506,lr/pose_head.no_decay,0.0001280965147453083
223,1789025034.6628506,pose/component_0,1.194064736366272
223,1789025034.6628506,pose/component_1,0.07171500474214554
223,1789025034.6628506,pose/component_2,0.04159901663661003
223,1789025034.6628506,pose/component_3,0.7041998505592346
223,1789025034.6628506,pose/component_4,0.00464531360194087
223,1789025034.6628506,pose/component_5,1.3697130680084229
224,1789025034.7851646,amp/overflow_retries,0.0
224,1789025034.7851646,amp/scale,16.0
224,1789025034.7851646,gradient/clipped_norm,15194.408203125
224,1789025034.7851646,images/detect,0.0
224,1789025034.7851646,images/pose,16.0
224,1789025034.7851646,loss/backward,353.1103210449219
224,1789025034.7851646,loss/detect_mean,0.0
224,1789025034.7851646,loss/joint_mean,5.517348766326904
224,1789025034.7851646,loss/pose_mean,5.517348766326904
224,1789025034.7851646,lr/attention.decay,0.0
224,1789025034.7851646,lr/attention.no_decay,0.0
224,1789025034.7851646,lr/backbone.decay,9.643431635388741e-06
224,1789025034.7851646,lr/backbone.no_decay,9.643431635388741e-06
224,1789025034.7851646,lr/detect_head.decay,0.0
224,1789025034.7851646,lr/detect_head.no_decay,0.0
224,1789025034.7851646,lr/neck.decay,4.8217158176943693e-05
224,1789025034.7851646,lr/neck.no_decay,4.8217158176943693e-05
224,1789025034.7851646,lr/pose_head.decay,0.00012857908847184989
224,1789025034.7851646,lr/pose_head.no_decay,0.00012857908847184989
224,1789025034.7851646,pose/component_0,0.838384211063385
224,1789025034.7851646,pose/component_1,0.2467312216758728
224,1789025034.7851646,pose/component_2,0.040896497666835785
224,1789025034.7851646,pose/component_3,0.43865856528282166
224,1789025034.7851646,pose/component_4,0.0040463171899318695
224,1789025034.7851646,pose/component_5,2.402674674987793
225,1789025034.9066668,amp/overflow_retries,0.0
225,1789025034.9066668,amp/scale,16.0
225,1789025034.9066668,gradient/clipped_norm,16830.771484375
225,1789025034.9066668,images/detect,0.0
225,1789025034.9066668,images/pose,16.0
225,1789025034.9066668,loss/backward,229.2496337890625
225,1789025034.9066668,loss/detect_mean,0.0
225,1789025034.9066668,loss/joint_mean,3.5820255279541016
225,1789025034.9066668,loss/pose_mean,3.5820255279541016
225,1789025034.9066668,lr/attention.decay,0.0
225,1789025034.9066668,lr/attention.no_decay,0.0
225,1789025034.9066668,lr/backbone.decay,9.679624664879356e-06
225,1789025034.9066668,lr/backbone.no_decay,9.679624664879356e-06
225,1789025034.9066668,lr/detect_head.decay,0.0
225,1789025034.9066668,lr/detect_head.no_decay,0.0
225,1789025034.9066668,lr/neck.decay,4.8398123324396776e-05
225,1789025034.9066668,lr/neck.no_decay,4.8398123324396776e-05
225,1789025034.9066668,lr/pose_head.decay,0.00012906166219839142
225,1789025034.9066668,lr/pose_head.no_decay,0.00012906166219839142
225,1789025034.9066668,pose/component_0,1.1872559785842896
225,1789025034.9066668,pose/component_1,0.03337235748767853
225,1789025034.9066668,pose/component_2,0.012206998653709888
225,1789025034.9066668,pose/component_3,0.7257483601570129
225,1789025034.9066668,pose/component_4,0.0039206622168421745
225,1789025034.9066668,pose/component_5,0.6885968446731567
226,1789025035.0280252,amp/overflow_retries,0.0
226,1789025035.0280252,amp/scale,16.0
226,1789025035.0280252,gradient/clipped_norm,14065.154296875
226,1789025035.0280252,images/detect,0.0
226,1789025035.0280252,images/pose,16.0
226,1789025035.0280252,loss/backward,238.60499572753906
226,1789025035.0280252,loss/detect_mean,0.0
226,1789025035.0280252,loss/joint_mean,3.728203058242798
226,1789025035.0280252,loss/pose_mean,3.728203058242798
226,1789025035.0280252,lr/attention.decay,0.0
226,1789025035.0280252,lr/attention.no_decay,0.0
226,1789025035.0280252,lr/backbone.decay,9.715817694369972e-06
226,1789025035.0280252,lr/backbone.no_decay,9.715817694369972e-06
226,1789025035.0280252,lr/detect_head.decay,0.0
226,1789025035.0280252,lr/detect_head.no_decay,0.0
226,1789025035.0280252,lr/neck.decay,4.857908847184986e-05
226,1789025035.0280252,lr/neck.no_decay,4.857908847184986e-05
226,1789025035.0280252,lr/pose_head.decay,0.00012954423592493296
226,1789025035.0280252,lr/pose_head.no_decay,0.00012954423592493296
226,1789025035.0280252,pose/component_0,1.2272883653640747
226,1789025035.0280252,pose/component_1,0.050611212849617004
226,1789025035.0280252,pose/component_2,0.017362210899591446
226,1789025035.0280252,pose/component_3,0.8435691595077515
226,1789025035.0280252,pose/component_4,0.003795051947236061
226,1789025035.0280252,pose/component_5,0.7941231727600098
227,1789025035.1498525,amp/overflow_retries,0.0
227,1789025035.1498525,amp/scale,16.0
227,1789025035.1498525,gradient/clipped_norm,16417.689453125
227,1789025035.1498525,images/detect,0.0
227,1789025035.1498525,images/pose,16.0
227,1789025035.1498525,loss/backward,254.10276794433594
227,1789025035.1498525,loss/detect_mean,0.0
227,1789025035.1498525,loss/joint_mean,3.970355749130249
227,1789025035.1498525,loss/pose_mean,3.970355749130249
227,1789025035.1498525,lr/attention.decay,0.0
227,1789025035.1498525,lr/attention.no_decay,0.0
227,1789025035.1498525,lr/backbone.decay,9.75201072386059e-06
227,1789025035.1498525,lr/backbone.no_decay,9.75201072386059e-06
227,1789025035.1498525,lr/detect_head.decay,0.0
227,1789025035.1498525,lr/detect_head.no_decay,0.0
227,1789025035.1498525,lr/neck.decay,4.876005361930294e-05
227,1789025035.1498525,lr/neck.no_decay,4.876005361930294e-05
227,1789025035.1498525,lr/pose_head.decay,0.00013002680965147455
227,1789025035.1498525,lr/pose_head.no_decay,0.00013002680965147455
227,1789025035.1498525,pose/component_0,1.1825960874557495
227,1789025035.1498525,pose/component_1,0.026773810386657715
227,1789025035.1498525,pose/component_2,0.014710040763020515
227,1789025035.1498525,pose/component_3,0.7949432134628296
227,1789025035.1498525,pose/component_4,0.0035411184653639793
227,1789025035.1498525,pose/component_5,0.0
228,1789025035.2714567,amp/overflow_retries,0.0
228,1789025035.2714567,amp/scale,16.0
228,1789025035.2714567,gradient/clipped_norm,19332.6171875
228,1789025035.2714567,images/detect,0.0
228,1789025035.2714567,images/pose,16.0
228,1789025035.2714567,loss/backward,419.6556396484375
228,1789025035.2714567,loss/detect_mean,0.0
228,1789025035.2714567,loss/joint_mean,6.557119369506836
228,1789025035.2714567,loss/pose_mean,6.557119369506836
228,1789025035.2714567,lr/attention.decay,0.0
228,1789025035.2714567,lr/attention.no_decay,0.0
228,1789025035.2714567,lr/backbone.decay,9.788203753351205e-06
228,1789025035.2714567,lr/backbone.no_decay,9.788203753351205e-06
228,1789025035.2714567,lr/detect_head.decay,0.0
228,1789025035.2714567,lr/detect_head.no_decay,0.0
228,1789025035.2714567,lr/neck.decay,4.8941018766756024e-05
228,1789025035.2714567,lr/neck.no_decay,4.8941018766756024e-05
228,1789025035.2714567,lr/pose_head.decay,0.00013050938337801608
228,1789025035.2714567,lr/pose_head.no_decay,0.00013050938337801608
228,1789025035.2714567,pose/component_0,1.3432228565216064
228,1789025035.2714567,pose/component_1,0.3762863874435425
228,1789025035.2714567,pose/component_2,0.02971857227385044
228,1789025035.2714567,pose/component_3,0.6278245449066162
228,1789025035.2714567,pose/component_4,0.005012857262045145
228,1789025035.2714567,pose/component_5,1.8591506481170654
229,1789025035.3927634,amp/overflow_retries,0.0
229,1789025035.3927634,amp/scale,16.0
229,1789025035.3927634,gradient/clipped_norm,16164.6005859375
229,1789025035.3927634,images/detect,0.0
229,1789025035.3927634,images/pose,16.0
229,1789025035.3927634,loss/backward,282.8707580566406
229,1789025035.3927634,loss/detect_mean,0.0
229,1789025035.3927634,loss/joint_mean,4.41985559463501
229,1789025035.3927634,loss/pose_mean,4.41985559463501
229,1789025035.3927634,lr/attention.decay,0.0
229,1789025035.3927634,lr/attention.no_decay,0.0
229,1789025035.3927634,lr/backbone.decay,9.824396782841824e-06
229,1789025035.3927634,lr/backbone.no_decay,9.824396782841824e-06
229,1789025035.3927634,lr/detect_head.decay,0.0
229,1789025035.3927634,lr/detect_head.no_decay,0.0
229,1789025035.3927634,lr/neck.decay,4.912198391420911e-05
229,1789025035.3927634,lr/neck.no_decay,4.912198391420911e-05
229,1789025035.3927634,lr/pose_head.decay,0.00013099195710455764
229,1789025035.3927634,lr/pose_head.no_decay,0.00013099195710455764
229,1789025035.3927634,pose/component_0,0.9969403147697449
229,1789025035.3927634,pose/component_1,0.0565328411757946
229,1789025035.3927634,pose/component_2,0.018818866461515427
229,1789025035.3927634,pose/component_3,0.7677825093269348
229,1789025035.3927634,pose/component_4,0.005462222266942263
229,1789025035.3927634,pose/component_5,1.5982146263122559
230,1789025035.5151384,amp/overflow_retries,0.0
230,1789025035.5151384,amp/scale,16.0
230,1789025035.5151384,gradient/clipped_norm,15347.849609375
230,1789025035.5151384,images/detect,0.0
230,1789025035.5151384,images/pose,16.0
230,1789025035.5151384,loss/backward,244.38650512695312
230,1789025035.5151384,loss/detect_mean,0.0
230,1789025035.5151384,loss/joint_mean,3.8185391426086426
230,1789025035.5151384,loss/pose_mean,3.8185391426086426
230,1789025035.5151384,lr/attention.decay,0.0
230,1789025035.5151384,lr/attention.no_decay,0.0
230,1789025035.5151384,lr/backbone.decay,9.86058981233244e-06
230,1789025035.5151384,lr/backbone.no_decay,9.86058981233244e-06
230,1789025035.5151384,lr/detect_head.decay,0.0
230,1789025035.5151384,lr/detect_head.no_decay,0.0
230,1789025035.5151384,lr/neck.decay,4.9302949061662195e-05
230,1789025035.5151384,lr/neck.no_decay,4.9302949061662195e-05
230,1789025035.5151384,lr/pose_head.decay,0.0001314745308310992
230,1789025035.5151384,lr/pose_head.no_decay,0.0001314745308310992
230,1789025035.5151384,pose/component_0,1.2173759937286377
230,1789025035.5151384,pose/component_1,0.03221504017710686
230,1789025035.5151384,pose/component_2,0.0892251580953598
230,1789025035.5151384,pose/component_3,0.6082245111465454
230,1789025035.5151384,pose/component_4,0.004073942080140114
230,1789025035.5151384,pose/component_5,0.0
231,1789025035.6362448,amp/overflow_retries,0.0
231,1789025035.6362448,amp/scale,16.0
231,1789025035.6362448,gradient/clipped_norm,11432.876953125
231,1789025035.6362448,images/detect,0.0
231,1789025035.6362448,images/pose,16.0
231,1789025035.6362448,loss/backward,244.98214721679688
231,1789025035.6362448,loss/detect_mean,0.0
231,1789025035.6362448,loss/joint_mean,3.827846050262451
231,1789025035.6362448,loss/pose_mean,3.827846050262451
231,1789025035.6362448,lr/attention.decay,0.0
231,1789025035.6362448,lr/attention.no_decay,0.0
231,1789025035.6362448,lr/backbone.decay,9.896782841823055e-06
231,1789025035.6362448,lr/backbone.no_decay,9.896782841823055e-06
231,1789025035.6362448,lr/detect_head.decay,0.0
231,1789025035.6362448,lr/detect_head.no_decay,0.0
231,1789025035.6362448,lr/neck.decay,4.948391420911527e-05
231,1789025035.6362448,lr/neck.no_decay,4.948391420911527e-05
231,1789025035.6362448,lr/pose_head.decay,0.00013195710455764074
231,1789025035.6362448,lr/pose_head.no_decay,0.00013195710455764074
231,1789025035.6362448,pose/component_0,1.0506616830825806
231,1789025035.6362448,pose/component_1,0.03799915313720703
231,1789025035.6362448,pose/component_2,0.009294597432017326
231,1789025035.6362448,pose/component_3,0.5807594656944275
231,1789025035.6362448,pose/component_4,0.004819271620362997
231,1789025035.6362448,pose/component_5,1.3428919315338135
232,1789025035.7580311,amp/overflow_retries,0.0
232,1789025035.7580311,amp/scale,16.0
232,1789025035.7580311,gradient/clipped_norm,16753.130859375
232,1789025035.7580311,images/detect,0.0
232,1789025035.7580311,images/pose,16.0
232,1789025035.7580311,loss/backward,358.0322265625
232,1789025035.7580311,loss/detect_mean,0.0
232,1789025035.7580311,loss/joint_mean,5.5942535400390625
232,1789025035.7580311,loss/pose_mean,5.5942535400390625
232,1789025035.7580311,lr/attention.decay,0.0
232,1789025035.7580311,lr/attention.no_decay,0.0
232,1789025035.7580311,lr/backbone.decay,9.932975871313673e-06
232,1789025035.7580311,lr/backbone.no_decay,9.932975871313673e-06
232,1789025035.7580311,lr/detect_head.decay,0.0
232,1789025035.7580311,lr/detect_head.no_decay,0.0
232,1789025035.7580311,lr/neck.decay,4.966487935656836e-05
232,1789025035.7580311,lr/neck.no_decay,4.966487935656836e-05
232,1789025035.7580311,lr/pose_head.decay,0.0001324396782841823
232,1789025035.7580311,lr/pose_head.no_decay,0.0001324396782841823
232,1789025035.7580311,pose/component_0,1.3763052225112915
232,1789025035.7580311,pose/component_1,0.16680020093917847
232,1789025035.7580311,pose/component_2,0.05503838136792183
232,1789025035.7580311,pose/component_3,1.103829264640808
232,1789025035.7580311,pose/component_4,0.00675630709156394
232,1789025035.7580311,pose/component_5,2.5157017707824707
233,1789025035.8797543,amp/overflow_retries,0.0
233,1789025035.8797543,amp/scale,16.0
233,1789025035.8797543,gradient/clipped_norm,17215.408203125
233,1789025035.8797543,images/detect,0.0
233,1789025035.8797543,images/pose,16.0
233,1789025035.8797543,loss/backward,227.73716735839844
233,1789025035.8797543,loss/detect_mean,0.0
233,1789025035.8797543,loss/joint_mean,3.5583932399749756
233,1789025035.8797543,loss/pose_mean,3.5583932399749756
233,1789025035.8797543,lr/attention.decay,0.0
233,1789025035.8797543,lr/attention.no_decay,0.0
233,1789025035.8797543,lr/backbone.decay,9.96916890080429e-06
233,1789025035.8797543,lr/backbone.no_decay,9.96916890080429e-06
233,1789025035.8797543,lr/detect_head.decay,0.0
233,1789025035.8797543,lr/detect_head.no_decay,0.0
233,1789025035.8797543,lr/neck.decay,4.984584450402144e-05
233,1789025035.8797543,lr/neck.no_decay,4.984584450402144e-05
233,1789025035.8797543,lr/pose_head.decay,0.00013292225201072387
233,1789025035.8797543,lr/pose_head.no_decay,0.00013292225201072387
233,1789025035.8797543,pose/component_0,0.9190389513969421
233,1789025035.8797543,pose/component_1,0.09510967880487442
233,1789025035.8797543,pose/component_2,0.008424438536167145
233,1789025035.8797543,pose/component_3,0.7496582865715027
233,1789025035.8797543,pose/component_4,0.0023292589467018843
233,1789025035.8797543,pose/component_5,0.7386627197265625
234,1789025036.0024798,amp/overflow_retries,0.0
234,1789025036.0024798,amp/scale,16.0
234,1789025036.0024798,gradient/clipped_norm,19780.66015625
234,1789025036.0024798,images/detect,0.0
234,1789025036.0024798,images/pose,16.0
234,1789025036.0024798,loss/backward,347.3340148925781
234,1789025036.0024798,loss/detect_mean,0.0
234,1789025036.0024798,loss/joint_mean,5.427093982696533
234,1789025036.0024798,loss/pose_mean,5.427093982696533
234,1789025036.0024798,lr/attention.decay,0.0
234,1789025036.0024798,lr/attention.no_decay,0.0
234,1789025036.0024798,lr/backbone.decay,1.0005361930294906e-05
234,1789025036.0024798,lr/backbone.no_decay,1.0005361930294906e-05
234,1789025036.0024798,lr/detect_head.decay,0.0
234,1789025036.0024798,lr/detect_head.no_decay,0.0
234,1789025036.0024798,lr/neck.decay,5.0026809651474525e-05
234,1789025036.0024798,lr/neck.no_decay,5.0026809651474525e-05
234,1789025036.0024798,lr/pose_head.decay,0.00013340482573726543
234,1789025036.0024798,lr/pose_head.no_decay,0.00013340482573726543
234,1789025036.0024798,pose/component_0,1.2288906574249268
234,1789025036.0024798,pose/component_1,0.06242799758911133
234,1789025036.0024798,pose/component_2,0.11091230809688568
234,1789025036.0024798,pose/component_3,0.511982262134552
234,1789025036.0024798,pose/component_4,0.00414323341101408
234,1789025036.0024798,pose/component_5,2.0079073905944824
235,1789025036.1263442,amp/overflow_retries,0.0
235,1789025036.1263442,amp/scale,16.0
235,1789025036.1263442,gradient/clipped_norm,11757.9130859375
235,1789025036.1263442,images/detect,0.0
235,1789025036.1263442,images/pose,16.0
235,1789025036.1263442,loss/backward,330.1739196777344
235,1789025036.1263442,loss/detect_mean,0.0
235,1789025036.1263442,loss/joint_mean,5.1589674949646
235,1789025036.1263442,loss/pose_mean,5.1589674949646
235,1789025036.1263442,lr/attention.decay,0.0
235,1789025036.1263442,lr/attention.no_decay,0.0
235,1789025036.1263442,lr/backbone.decay,1.0041554959785523e-05
235,1789025036.1263442,lr/backbone.no_decay,1.0041554959785523e-05
235,1789025036.1263442,lr/detect_head.decay,0.0
235,1789025036.1263442,lr/detect_head.no_decay,0.0
235,1789025036.1263442,lr/neck.decay,5.020777479892761e-05
235,1789025036.1263442,lr/neck.no_decay,5.020777479892761e-05
235,1789025036.1263442,lr/pose_head.decay,0.00013388739946380696
235,1789025036.1263442,lr/pose_head.no_decay,0.00013388739946380696
235,1789025036.1263442,pose/component_0,1.1493215560913086
235,1789025036.1263442,pose/component_1,0.20187515020370483
235,1789025036.1263442,pose/component_2,0.020456666126847267
235,1789025036.1263442,pose/component_3,0.5228049159049988
235,1789025036.1263442,pose/component_4,0.004154929891228676
235,1789025036.1263442,pose/component_5,1.5211896896362305
236,1789025036.2512414,amp/overflow_retries,0.0
236,1789025036.2512414,amp/scale,16.0
236,1789025036.2512414,gradient/clipped_norm,15114.9814453125
236,1789025036.2512414,images/detect,0.0
236,1789025036.2512414,images/pose,16.0
236,1789025036.2512414,loss/backward,289.4001159667969
236,1789025036.2512414,loss/detect_mean,0.0
236,1789025036.2512414,loss/joint_mean,4.521876811981201
236,1789025036.2512414,loss/pose_mean,4.521876811981201
236,1789025036.2512414,lr/attention.decay,0.0
236,1789025036.2512414,lr/attention.no_decay,0.0
236,1789025036.2512414,lr/backbone.decay,1.0077747989276139e-05
236,1789025036.2512414,lr/backbone.no_decay,1.0077747989276139e-05
236,1789025036.2512414,lr/detect_head.decay,0.0
236,1789025036.2512414,lr/detect_head.no_decay,0.0
236,1789025036.2512414,lr/neck.decay,5.038873994638069e-05
236,1789025036.2512414,lr/neck.no_decay,5.038873994638069e-05
236,1789025036.2512414,lr/pose_head.decay,0.00013436997319034853
236,1789025036.2512414,lr/pose_head.no_decay,0.00013436997319034853
236,1789025036.2512414,pose/component_0,1.1721618175506592
236,1789025036.2512414,pose/component_1,0.10122396051883698
236,1789025036.2512414,pose/component_2,0.049169182777404785
236,1789025036.2512414,pose/component_3,0.871200442314148
236,1789025036.2512414,pose/component_4,0.003962447866797447
236,1789025036.2512414,pose/component_5,1.9961071014404297
237,1789025036.3735383,amp/overflow_retries,0.0
237,1789025036.3735383,amp/scale,16.0
237,1789025036.3735383,gradient/clipped_norm,12169.0439453125
237,1789025036.3735383,images/detect,0.0
237,1789025036.3735383,images/pose,16.0
237,1789025036.3735383,loss/backward,187.04139709472656
237,1789025036.3735383,loss/detect_mean,0.0
237,1789025036.3735383,loss/joint_mean,2.9225218296051025
237,1789025036.3735383,loss/pose_mean,2.9225218296051025
237,1789025036.3735383,lr/attention.decay,0.0
237,1789025036.3735383,lr/attention.no_decay,0.0
237,1789025036.3735383,lr/backbone.decay,1.0113941018766756e-05
237,1789025036.3735383,lr/backbone.no_decay,1.0113941018766756e-05
237,1789025036.3735383,lr/detect_head.decay,0.0
237,1789025036.3735383,lr/detect_head.no_decay,0.0
237,1789025036.3735383,lr/neck.decay,5.056970509383377e-05
237,1789025036.3735383,lr/neck.no_decay,5.056970509383377e-05
237,1789025036.3735383,lr/pose_head.decay,0.0001348525469168901
237,1789025036.3735383,lr/pose_head.no_decay,0.0001348525469168901
237,1789025036.3735383,pose/component_0,1.072316288948059
237,1789025036.3735383,pose/component_1,0.030899260193109512
237,1789025036.3735383,pose/component_2,0.009474669583141804
237,1789025036.3735383,pose/component_3,0.6680757403373718
237,1789025036.3735383,pose/component_4,0.0030855960212647915
237,1789025036.3735383,pose/component_5,0.0
238,1789025036.4954267,amp/overflow_retries,0.0
238,1789025036.4954267,amp/scale,16.0
238,1789025036.4954267,gradient/clipped_norm,13801.9306640625
238,1789025036.4954267,images/detect,0.0
238,1789025036.4954267,images/pose,16.0
238,1789025036.4954267,loss/backward,393.1216125488281
238,1789025036.4954267,loss/detect_mean,0.0
238,1789025036.4954267,loss/joint_mean,6.1425251960754395
238,1789025036.4954267,loss/pose_mean,6.1425251960754395
238,1789025036.4954267,lr/attention.decay,0.0
238,1789025036.4954267,lr/attention.no_decay,0.0
238,1789025036.4954267,lr/backbone.decay,1.0150134048257372e-05
238,1789025036.4954267,lr/backbone.no_decay,1.0150134048257372e-05
238,1789025036.4954267,lr/detect_head.decay,0.0
238,1789025036.4954267,lr/detect_head.no_decay,0.0
238,1789025036.4954267,lr/neck.decay,5.0750670241286855e-05
238,1789025036.4954267,lr/neck.no_decay,5.0750670241286855e-05
238,1789025036.4954267,lr/pose_head.decay,0.00013533512064343162
238,1789025036.4954267,lr/pose_head.no_decay,0.00013533512064343162
238,1789025036.4954267,pose/component_0,1.3814154863357544
238,1789025036.4954267,pose/component_1,0.17581206560134888
238,1789025036.4954267,pose/component_2,0.1437734067440033
238,1789025036.4954267,pose/component_3,0.9488727450370789
238,1789025036.4954267,pose/component_4,0.006476971320807934
238,1789025036.4954267,pose/component_5,2.666329860687256
239,1789025036.6163957,amp/overflow_retries,0.0
239,1789025036.6163957,amp/scale,16.0
239,1789025036.6163957,gradient/clipped_norm,17174.6015625
239,1789025036.6163957,images/detect,0.0
239,1789025036.6163957,images/pose,16.0
239,1789025036.6163957,loss/backward,225.42950439453125
239,1789025036.6163957,loss/detect_mean,0.0
239,1789025036.6163957,loss/joint_mean,3.522336006164551
239,1789025036.6163957,loss/pose_mean,3.522336006164551
239,1789025036.6163957,lr/attention.decay,0.0
239,1789025036.6163957,lr/attention.no_decay,0.0
239,1789025036.6163957,lr/backbone.decay,1.018632707774799e-05
239,1789025036.6163957,lr/backbone.no_decay,1.018632707774799e-05
239,1789025036.6163957,lr/detect_head.decay,0.0
239,1789025036.6163957,lr/detect_head.no_decay,0.0
239,1789025036.6163957,lr/neck.decay,5.0931635388739945e-05
239,1789025036.6163957,lr/neck.no_decay,5.0931635388739945e-05
239,1789025036.6163957,lr/pose_head.decay,0.0001358176943699732
239,1789025036.6163957,lr/pose_head.no_decay,0.0001358176943699732
239,1789025036.6163957,pose/component_0,1.0983211994171143
239,1789025036.6163957,pose/component_1,0.0526253767311573
239,1789025036.6163957,pose/component_2,0.07612746208906174
239,1789025036.6163957,pose/component_3,0.5704717636108398
239,1789025036.6163957,pose/component_4,0.004838974680751562
239,1789025036.6163957,pose/component_5,0.12356016039848328
240,1789025036.7392495,amp/overflow_retries,0.0
240,1789025036.7392495,amp/scale,16.0
240,1789025036.7392495,gradient/clipped_norm,14620.56640625
240,1789025036.7392495,images/detect,0.0
240,1789025036.7392495,images/pose,16.0
240,1789025036.7392495,loss/backward,520.9534301757812
240,1789025036.7392495,loss/detect_mean,0.0
240,1789025036.7392495,loss/joint_mean,8.139897346496582
240,1789025036.7392495,loss/pose_mean,8.139897346496582
240,1789025036.7392495,lr/attention.decay,0.0
240,1789025036.7392495,lr/attention.no_decay,0.0
240,1789025036.7392495,lr/backbone.decay,1.0222520107238607e-05
240,1789025036.7392495,lr/backbone.no_decay,1.0222520107238607e-05
240,1789025036.7392495,lr/detect_head.decay,0.0
240,1789025036.7392495,lr/detect_head.no_decay,0.0
240,1789025036.7392495,lr/neck.decay,5.111260053619303e-05
240,1789025036.7392495,lr/neck.no_decay,5.111260053619303e-05
240,1789025036.7392495,lr/pose_head.decay,0.00013630026809651475
240,1789025036.7392495,lr/pose_head.no_decay,0.00013630026809651475
240,1789025036.7392495,pose/component_0,1.2349134683609009
240,1789025036.7392495,pose/component_1,0.5231005549430847
240,1789025036.7392495,pose/component_2,0.16175664961338043
240,1789025036.7392495,pose/component_3,0.6527514457702637
240,1789025036.7392495,pose/component_4,0.006622146349400282
240,1789025036.7392495,pose/component_5,4.662091255187988
241,1789025036.86093,amp/overflow_retries,0.0
241,1789025036.86093,amp/scale,16.0
241,1789025036.86093,gradient/clipped_norm,16331.685546875
241,1789025036.86093,images/detect,0.0
241,1789025036.86093,images/pose,16.0
241,1789025036.86093,loss/backward,283.9933776855469
241,1789025036.86093,loss/detect_mean,0.0
241,1789025036.86093,loss/joint_mean,4.43739652633667
241,1789025036.86093,loss/pose_mean,4.43739652633667
241,1789025036.86093,lr/attention.decay,0.0
241,1789025036.86093,lr/attention.no_decay,0.0
241,1789025036.86093,lr/backbone.decay,1.0258713136729222e-05
241,1789025036.86093,lr/backbone.no_decay,1.0258713136729222e-05
241,1789025036.86093,lr/detect_head.decay,0.0
241,1789025036.86093,lr/detect_head.no_decay,0.0
241,1789025036.86093,lr/neck.decay,5.12935656836461e-05
241,1789025036.86093,lr/neck.no_decay,5.12935656836461e-05
241,1789025036.86093,lr/pose_head.decay,0.00013678284182305628
241,1789025036.86093,lr/pose_head.no_decay,0.00013678284182305628
241,1789025036.86093,pose/component_0,1.2250654697418213
241,1789025036.86093,pose/component_1,0.04652005434036255
241,1789025036.86093,pose/component_2,0.023136302828788757
241,1789025036.86093,pose/component_3,0.8739485144615173
241,1789025036.86093,pose/component_4,0.007183392532169819
241,1789025036.86093,pose/component_5,1.3886198997497559
242,1789025036.9823062,amp/overflow_retries,0.0
242,1789025036.9823062,amp/scale,16.0
242,1789025036.9823062,gradient/clipped_norm,9743.2568359375
242,1789025036.9823062,images/detect,0.0
242,1789025036.9823062,images/pose,16.0
242,1789025036.9823062,loss/backward,300.66278076171875
242,1789025036.9823062,loss/detect_mean,0.0
242,1789025036.9823062,loss/joint_mean,4.6978559494018555
242,1789025036.9823062,loss/pose_mean,4.6978559494018555
242,1789025036.9823062,lr/attention.decay,0.0
242,1789025036.9823062,lr/attention.no_decay,0.0
242,1789025036.9823062,lr/backbone.decay,1.029490616621984e-05
242,1789025036.9823062,lr/backbone.no_decay,1.029490616621984e-05
242,1789025036.9823062,lr/detect_head.decay,0.0
242,1789025036.9823062,lr/detect_head.no_decay,0.0
242,1789025036.9823062,lr/neck.decay,5.147453083109919e-05
242,1789025036.9823062,lr/neck.no_decay,5.147453083109919e-05
242,1789025036.9823062,lr/pose_head.decay,0.00013726541554959787
242,1789025036.9823062,lr/pose_head.no_decay,0.00013726541554959787
242,1789025036.9823062,pose/component_0,1.1163278818130493
242,1789025036.9823062,pose/component_1,0.11654919385910034
242,1789025036.9823062,pose/component_2,0.025547033175826073
242,1789025036.9823062,pose/component_3,0.823554277420044
242,1789025036.9823062,pose/component_4,0.005518327467143536
242,1789025036.9823062,pose/component_5,2.0746328830718994
243,1789025037.1034846,amp/overflow_retries,0.0
243,1789025037.1034846,amp/scale,16.0
243,1789025037.1034846,gradient/clipped_norm,13625.970703125
243,1789025037.1034846,images/detect,0.0
243,1789025037.1034846,images/pose,16.0
243,1789025037.1034846,loss/backward,248.94125366210938
243,1789025037.1034846,loss/detect_mean,0.0
243,1789025037.1034846,loss/joint_mean,3.889707088470459
243,1789025037.1034846,loss/pose_mean,3.889707088470459
243,1789025037.1034846,lr/attention.decay,0.0
243,1789025037.1034846,lr/attention.no_decay,0.0
243,1789025037.1034846,lr/backbone.decay,1.0331099195710456e-05
243,1789025037.1034846,lr/backbone.no_decay,1.0331099195710456e-05
243,1789025037.1034846,lr/detect_head.decay,0.0
243,1789025037.1034846,lr/detect_head.no_decay,0.0
243,1789025037.1034846,lr/neck.decay,5.1655495978552275e-05
243,1789025037.1034846,lr/neck.no_decay,5.1655495978552275e-05
243,1789025037.1034846,lr/pose_head.decay,0.0001377479892761394
243,1789025037.1034846,lr/pose_head.no_decay,0.0001377479892761394
243,1789025037.1034846,pose/component_0,1.175684928894043
243,1789025037.1034846,pose/component_1,0.17357400059700012
243,1789025037.1034846,pose/component_2,0.041498247534036636
243,1789025037.1034846,pose/component_3,0.8169357180595398
243,1789025037.1034846,pose/component_4,0.0038292594254016876
243,1789025037.1034846,pose/component_5,0.4778535068035126
244,1789025037.2250965,amp/overflow_retries,0.0
244,1789025037.2250965,amp/scale,16.0
244,1789025037.2250965,gradient/clipped_norm,12493.3271484375
244,1789025037.2250965,images/detect,0.0
244,1789025037.2250965,images/pose,16.0
244,1789025037.2250965,loss/backward,193.99156188964844
244,1789025037.2250965,loss/detect_mean,0.0
244,1789025037.2250965,loss/joint_mean,3.031118154525757
244,1789025037.2250965,loss/pose_mean,3.031118154525757
244,1789025037.2250965,lr/attention.decay,0.0
244,1789025037.2250965,lr/attention.no_decay,0.0
244,1789025037.2250965,lr/backbone.decay,1.0367292225201073e-05
244,1789025037.2250965,lr/backbone.no_decay,1.0367292225201073e-05
244,1789025037.2250965,lr/detect_head.decay,0.0
244,1789025037.2250965,lr/detect_head.no_decay,0.0
244,1789025037.2250965,lr/neck.decay,5.183646112600536e-05
244,1789025037.2250965,lr/neck.no_decay,5.183646112600536e-05
244,1789025037.2250965,lr/pose_head.decay,0.00013823056300268097
244,1789025037.2250965,lr/pose_head.no_decay,0.00013823056300268097
244,1789025037.2250965,pose/component_0,1.1441153287887573
244,1789025037.2250965,pose/component_1,0.07893811166286469
244,1789025037.2250965,pose/component_2,0.012064063921570778
244,1789025037.2250965,pose/component_3,0.7113012075424194
244,1789025037.2250965,pose/component_4,0.0041067698039114475
244,1789025037.2250965,pose/component_5,0.12866505980491638
245,1789025037.348062,amp/overflow_retries,0.0
245,1789025037.348062,amp/scale,16.0
245,1789025037.348062,gradient/clipped_norm,12273.8955078125
245,1789025037.348062,images/detect,0.0
245,1789025037.348062,images/pose,16.0
245,1789025037.348062,loss/backward,310.41009521484375
245,1789025037.348062,loss/detect_mean,0.0
245,1789025037.348062,loss/joint_mean,4.850157737731934
245,1789025037.348062,loss/pose_mean,4.850157737731934
245,1789025037.348062,lr/attention.decay,0.0
245,1789025037.348062,lr/attention.no_decay,0.0
245,1789025037.348062,lr/backbone.decay,1.040348525469169e-05
245,1789025037.348062,lr/backbone.no_decay,1.040348525469169e-05
245,1789025037.348062,lr/detect_head.decay,0.0
245,1789025037.348062,lr/detect_head.no_decay,0.0
245,1789025037.348062,lr/neck.decay,5.201742627345844e-05
245,1789025037.348062,lr/neck.no_decay,5.201742627345844e-05
245,1789025037.348062,lr/pose_head.decay,0.00013871313672922253
245,1789025037.348062,lr/pose_head.no_decay,0.00013871313672922253
245,1789025037.348062,pose/component_0,1.1229004859924316
245,1789025037.348062,pose/component_1,0.07221267372369766
245,1789025037.348062,pose/component_2,0.0770169347524643
245,1789025037.348062,pose/component_3,0.6194847226142883
245,1789025037.348062,pose/component_4,0.007093253545463085
245,1789025037.348062,pose/component_5,2.141244888305664
246,1789025037.471073,amp/overflow_retries,0.0
246,1789025037.471073,amp/scale,16.0
246,1789025037.471073,gradient/clipped_norm,13112.7958984375
246,1789025037.471073,images/detect,0.0
246,1789025037.471073,images/pose,16.0
246,1789025037.471073,loss/backward,311.0563659667969
246,1789025037.471073,loss/detect_mean,0.0
246,1789025037.471073,loss/joint_mean,4.860255718231201
246,1789025037.471073,loss/pose_mean,4.860255718231201
246,1789025037.471073,lr/attention.decay,0.0
246,1789025037.471073,lr/attention.no_decay,0.0
246,1789025037.471073,lr/backbone.decay,1.0439678284182306e-05
246,1789025037.471073,lr/backbone.no_decay,1.0439678284182306e-05
246,1789025037.471073,lr/detect_head.decay,0.0
246,1789025037.471073,lr/detect_head.no_decay,0.0
246,1789025037.471073,lr/neck.decay,5.219839142091152e-05
246,1789025037.471073,lr/neck.no_decay,5.219839142091152e-05
246,1789025037.471073,lr/pose_head.decay,0.00013919571045576407
246,1789025037.471073,lr/pose_head.no_decay,0.00013919571045576407
246,1789025037.471073,pose/component_0,1.203163743019104
246,1789025037.471073,pose/component_1,0.09811415523290634
246,1789025037.471073,pose/component_2,0.01462252251803875
246,1789025037.471073,pose/component_3,0.8564643859863281
246,1789025037.471073,pose/component_4,0.0034365474712103605
246,1789025037.471073,pose/component_5,0.19827528297901154
247,1789025037.5936728,amp/overflow_retries,0.0
247,1789025037.5936728,amp/scale,16.0
247,1789025037.5936728,gradient/clipped_norm,17469.591796875
247,1789025037.5936728,images/detect,0.0
247,1789025037.5936728,images/pose,16.0
247,1789025037.5936728,loss/backward,331.00030517578125
247,1789025037.5936728,loss/detect_mean,0.0
247,1789025037.5936728,loss/joint_mean,5.171879768371582
247,1789025037.5936728,loss/pose_mean,5.171879768371582
247,1789025037.5936728,lr/attention.decay,0.0
247,1789025037.5936728,lr/attention.no_decay,0.0
247,1789025037.5936728,lr/backbone.decay,1.0475871313672922e-05
247,1789025037.5936728,lr/backbone.no_decay,1.0475871313672922e-05
247,1789025037.5936728,lr/detect_head.decay,0.0
247,1789025037.5936728,lr/detect_head.no_decay,0.0
247,1789025037.5936728,lr/neck.decay,5.237935656836461e-05
247,1789025037.5936728,lr/neck.no_decay,5.237935656836461e-05
247,1789025037.5936728,lr/pose_head.decay,0.00013967828418230563
247,1789025037.5936728,lr/pose_head.no_decay,0.00013967828418230563
247,1789025037.5936728,pose/component_0,1.0908292531967163
247,1789025037.5936728,pose/component_1,0.15783698856830597
247,1789025037.5936728,pose/component_2,0.015367171727120876
247,1789025037.5936728,pose/component_3,0.47409674525260925
247,1789025037.5936728,pose/component_4,0.003667239798232913
247,1789025037.5936728,pose/component_5,1.6662129163742065
248,1789025037.717928,amp/overflow_retries,0.0
248,1789025037.717928,amp/scale,16.0
248,1789025037.717928,gradient/clipped_norm,15460.767578125
248,1789025037.717928,images/detect,0.0
248,1789025037.717928,images/pose,16.0
248,1789025037.717928,loss/backward,348.7875061035156
248,1789025037.717928,loss/detect_mean,0.0
248,1789025037.717928,loss/joint_mean,5.449804782867432
248,1789025037.717928,loss/pose_mean,5.449804782867432
248,1789025037.717928,lr/attention.decay,0.0
248,1789025037.717928,lr/attention.no_decay,0.0
248,1789025037.717928,lr/backbone.decay,1.0512064343163539e-05
248,1789025037.717928,lr/backbone.no_decay,1.0512064343163539e-05
248,1789025037.717928,lr/detect_head.decay,0.0
248,1789025037.717928,lr/detect_head.no_decay,0.0
248,1789025037.717928,lr/neck.decay,5.256032171581769e-05
248,1789025037.717928,lr/neck.no_decay,5.256032171581769e-05
248,1789025037.717928,lr/pose_head.decay,0.0001401608579088472
248,1789025037.717928,lr/pose_head.no_decay,0.0001401608579088472
248,1789025037.717928,pose/component_0,0.9662140607833862
248,1789025037.717928,pose/component_1,0.23976173996925354
248,1789025037.717928,pose/component_2,0.056803155690431595
248,1789025037.717928,pose/component_3,0.8677717447280884
248,1789025037.717928,pose/component_4,0.005571895278990269
248,1789025037.717928,pose/component_5,1.9196945428848267
249,1789025037.843565,amp/overflow_retries,0.0
249,1789025037.843565,amp/scale,16.0
249,1789025037.843565,gradient/clipped_norm,18935.75390625
249,1789025037.843565,images/detect,0.0
249,1789025037.843565,images/pose,16.0
249,1789025037.843565,loss/backward,375.7840576171875
249,1789025037.843565,loss/detect_mean,0.0
249,1789025037.843565,loss/joint_mean,5.871625900268555
249,1789025037.843565,loss/pose_mean,5.871625900268555
249,1789025037.843565,lr/attention.decay,0.0
249,1789025037.843565,lr/attention.no_decay,0.0
249,1789025037.843565,lr/backbone.decay,1.0548257372654157e-05
249,1789025037.843565,lr/backbone.no_decay,1.0548257372654157e-05
249,1789025037.843565,lr/detect_head.decay,0.0
249,1789025037.843565,lr/detect_head.no_decay,0.0
249,1789025037.843565,lr/neck.decay,5.2741286863270777e-05
249,1789025037.843565,lr/neck.no_decay,5.2741286863270777e-05
249,1789025037.843565,lr/pose_head.decay,0.00014064343163538876
249,1789025037.843565,lr/pose_head.no_decay,0.00014064343163538876
249,1789025037.843565,pose/component_0,1.1471585035324097
249,1789025037.843565,pose/component_1,0.2783252000808716
249,1789025037.843565,pose/component_2,0.054033488035202026
249,1789025037.843565,pose/component_3,0.5238699913024902
249,1789025037.843565,pose/component_4,0.00439472496509552
249,1789025037.843565,pose/component_5,1.3394083976745605
250,1789025037.9694118,amp/overflow_retries,0.0
250,1789025037.9694118,amp/scale,16.0
250,1789025037.9694118,gradient/clipped_norm,9923.0126953125
250,1789025037.9694118,images/detect,0.0
250,1789025037.9694118,images/pose,16.0
250,1789025037.9694118,loss/backward,312.128173828125
250,1789025037.9694118,loss/detect_mean,0.0
250,1789025037.9694118,loss/joint_mean,4.877002716064453
250,1789025037.9694118,loss/pose_mean,4.877002716064453
250,1789025037.9694118,lr/attention.decay,0.0
250,1789025037.9694118,lr/attention.no_decay,0.0
250,1789025037.9694118,lr/backbone.decay,1.0584450402144772e-05
250,1789025037.9694118,lr/backbone.no_decay,1.0584450402144772e-05
250,1789025037.9694118,lr/detect_head.decay,0.0
250,1789025037.9694118,lr/detect_head.no_decay,0.0
250,1789025037.9694118,lr/neck.decay,5.292225201072386e-05
250,1789025037.9694118,lr/neck.no_decay,5.292225201072386e-05
250,1789025037.9694118,lr/pose_head.decay,0.0001411260053619303
250,1789025037.9694118,lr/pose_head.no_decay,0.0001411260053619303
250,1789025037.9694118,pose/component_0,1.3840012550354004
250,1789025037.9694118,pose/component_1,0.15237757563591003
250,1789025037.9694118,pose/component_2,0.03408121317625046
250,1789025037.9694118,pose/component_3,0.806369960308075
250,1789025037.9694118,pose/component_4,0.004555582068860531
250,1789025037.9694118,pose/component_5,1.707136869430542
251,1789025038.090846,amp/overflow_retries,0.0
251,1789025038.090846,amp/scale,16.0
251,1789025038.090846,gradient/clipped_norm,12888.01953125
251,1789025038.090846,images/detect,0.0
251,1789025038.090846,images/pose,16.0
251,1789025038.090846,loss/backward,249.13478088378906
251,1789025038.090846,loss/detect_mean,0.0
251,1789025038.090846,loss/joint_mean,3.892730951309204
251,1789025038.090846,loss/pose_mean,3.892730951309204
251,1789025038.090846,lr/attention.decay,0.0
251,1789025038.090846,lr/attention.no_decay,0.0
251,1789025038.090846,lr/backbone.decay,1.0620643431635388e-05
251,1789025038.090846,lr/backbone.no_decay,1.0620643431635388e-05
251,1789025038.090846,lr/detect_head.decay,0.0
251,1789025038.090846,lr/detect_head.no_decay,0.0
251,1789025038.090846,lr/neck.decay,5.3103217158176935e-05
251,1789025038.090846,lr/neck.no_decay,5.3103217158176935e-05
251,1789025038.090846,lr/pose_head.decay,0.00014160857908847185
251,1789025038.090846,lr/pose_head.no_decay,0.00014160857908847185
251,1789025038.090846,pose/component_0,1.12844717502594
251,1789025038.090846,pose/component_1,0.0420975387096405
251,1789025038.090846,pose/component_2,0.011425170116126537
251,1789025038.090846,pose/component_3,0.6422290802001953
251,1789025038.090846,pose/component_4,0.004168687388300896
251,1789025038.090846,pose/component_5,1.059369683265686
252,1789025038.2129247,amp/overflow_retries,0.0
252,1789025038.2129247,amp/scale,16.0
252,1789025038.2129247,gradient/clipped_norm,17301.93359375
252,1789025038.2129247,images/detect,0.0
252,1789025038.2129247,images/pose,16.0
252,1789025038.2129247,loss/backward,358.05633544921875
252,1789025038.2129247,loss/detect_mean,0.0
252,1789025038.2129247,loss/joint_mean,5.594630241394043
252,1789025038.2129247,loss/pose_mean,5.594630241394043
252,1789025038.2129247,lr/attention.decay,0.0
252,1789025038.2129247,lr/attention.no_decay,0.0
252,1789025038.2129247,lr/backbone.decay,1.0656836461126007e-05
252,1789025038.2129247,lr/backbone.no_decay,1.0656836461126007e-05
252,1789025038.2129247,lr/detect_head.decay,0.0
252,1789025038.2129247,lr/detect_head.no_decay,0.0
252,1789025038.2129247,lr/neck.decay,5.3284182305630024e-05
252,1789025038.2129247,lr/neck.no_decay,5.3284182305630024e-05
252,1789025038.2129247,lr/pose_head.decay,0.00014209115281501342
252,1789025038.2129247,lr/pose_head.no_decay,0.00014209115281501342
252,1789025038.2129247,pose/component_0,1.4892102479934692
252,1789025038.2129247,pose/component_1,0.10946790874004364
252,1789025038.2129247,pose/component_2,0.02151191234588623
252,1789025038.2129247,pose/component_3,0.597989559173584
252,1789025038.2129247,pose/component_4,0.004005887545645237
252,1789025038.2129247,pose/component_5,1.5554721355438232
253,1789025038.335165,amp/overflow_retries,0.0
253,1789025038.335165,amp/scale,16.0
253,1789025038.335165,gradient/clipped_norm,14778.5810546875
253,1789025038.335165,images/detect,0.0
253,1789025038.335165,images/pose,16.0
253,1789025038.335165,loss/backward,264.9927673339844
253,1789025038.335165,loss/detect_mean,0.0
253,1789025038.335165,loss/joint_mean,4.140511989593506
253,1789025038.335165,loss/pose_mean,4.140511989593506
253,1789025038.335165,lr/attention.decay,0.0
253,1789025038.335165,lr/attention.no_decay,0.0
253,1789025038.335165,lr/backbone.decay,1.0693029490616621e-05
253,1789025038.335165,lr/backbone.no_decay,1.0693029490616621e-05
253,1789025038.335165,lr/detect_head.decay,0.0
253,1789025038.335165,lr/detect_head.no_decay,0.0
253,1789025038.335165,lr/neck.decay,5.346514745308311e-05
253,1789025038.335165,lr/neck.no_decay,5.346514745308311e-05
253,1789025038.335165,lr/pose_head.decay,0.00014257372654155495
253,1789025038.335165,lr/pose_head.no_decay,0.00014257372654155495
253,1789025038.335165,pose/component_0,1.22881019115448
253,1789025038.335165,pose/component_1,0.08288854360580444
253,1789025038.335165,pose/component_2,0.026698453351855278
253,1789025038.335165,pose/component_3,0.7380032539367676
253,1789025038.335165,pose/component_4,0.0037498767487704754
253,1789025038.335165,pose/component_5,0.6447802186012268
254,1789025038.457572,amp/overflow_retries,0.0
254,1789025038.457572,amp/scale,16.0
254,1789025038.457572,gradient/clipped_norm,11290.52734375
254,1789025038.457572,images/detect,0.0
254,1789025038.457572,images/pose,16.0
254,1789025038.457572,loss/backward,466.4473571777344
254,1789025038.457572,loss/detect_mean,0.0
254,1789025038.457572,loss/joint_mean,7.2882399559021
254,1789025038.457572,loss/pose_mean,7.2882399559021
254,1789025038.457572,lr/attention.decay,0.0
254,1789025038.457572,lr/attention.no_decay,0.0
254,1789025038.457572,lr/backbone.decay,1.072922252010724e-05
254,1789025038.457572,lr/backbone.no_decay,1.072922252010724e-05
254,1789025038.457572,lr/detect_head.decay,0.0
254,1789025038.457572,lr/detect_head.no_decay,0.0
254,1789025038.457572,lr/neck.decay,5.364611260053619e-05
254,1789025038.457572,lr/neck.no_decay,5.364611260053619e-05
254,1789025038.457572,lr/pose_head.decay,0.00014305630026809654
254,1789025038.457572,lr/pose_head.no_decay,0.00014305630026809654
254,1789025038.457572,pose/component_0,1.4580554962158203
254,1789025038.457572,pose/component_1,0.2864973545074463
254,1789025038.457572,pose/component_2,0.2183224856853485
254,1789025038.457572,pose/component_3,1.0866758823394775
254,1789025038.457572,pose/component_4,0.014989800751209259
254,1789025038.457572,pose/component_5,3.617220163345337
255,1789025038.583485,amp/overflow_retries,0.0
255,1789025038.583485,amp/scale,16.0
255,1789025038.583485,gradient/clipped_norm,13847.7294921875
255,1789025038.583485,images/detect,0.0
255,1789025038.583485,images/pose,16.0
255,1789025038.583485,loss/backward,217.7142333984375
255,1789025038.583485,loss/detect_mean,0.0
255,1789025038.583485,loss/joint_mean,3.401784896850586
255,1789025038.583485,loss/pose_mean,3.401784896850586
255,1789025038.583485,lr/attention.decay,0.0
255,1789025038.583485,lr/attention.no_decay,0.0
255,1789025038.583485,lr/backbone.decay,1.0765415549597856e-05
255,1789025038.583485,lr/backbone.no_decay,1.0765415549597856e-05
255,1789025038.583485,lr/detect_head.decay,0.0
255,1789025038.583485,lr/detect_head.no_decay,0.0
255,1789025038.583485,lr/neck.decay,5.382707774798927e-05
255,1789025038.583485,lr/neck.no_decay,5.382707774798927e-05
255,1789025038.583485,lr/pose_head.decay,0.00014353887399463808
255,1789025038.583485,lr/pose_head.no_decay,0.00014353887399463808
255,1789025038.583485,pose/component_0,1.0282763242721558
255,1789025038.583485,pose/component_1,0.075931116938591
255,1789025038.583485,pose/component_2,0.011626707389950752
255,1789025038.583485,pose/component_3,0.480690598487854
255,1789025038.583485,pose/component_4,0.0027694704476743937
255,1789025038.583485,pose/component_5,1.100346565246582
256,1789025038.7048686,amp/overflow_retries,0.0
256,1789025038.7048686,amp/scale,16.0
256,1789025038.7048686,gradient/clipped_norm,8750.1708984375
256,1789025038.7048686,images/detect,0.0
256,1789025038.7048686,images/pose,16.0
256,1789025038.7048686,loss/backward,247.22731018066406
256,1789025038.7048686,loss/detect_mean,0.0
256,1789025038.7048686,loss/joint_mean,3.862926721572876
256,1789025038.7048686,loss/pose_mean,3.862926721572876
256,1789025038.7048686,lr/attention.decay,0.0
256,1789025038.7048686,lr/attention.no_decay,0.0
256,1789025038.7048686,lr/backbone.decay,1.080160857908847e-05
256,1789025038.7048686,lr/backbone.no_decay,1.080160857908847e-05
256,1789025038.7048686,lr/detect_head.decay,0.0
256,1789025038.7048686,lr/detect_head.no_decay,0.0
256,1789025038.7048686,lr/neck.decay,5.4008042895442354e-05
256,1789025038.7048686,lr/neck.no_decay,5.4008042895442354e-05
256,1789025038.7048686,lr/pose_head.decay,0.00014402144772117964
256,1789025038.7048686,lr/pose_head.no_decay,0.00014402144772117964
256,1789025038.7048686,pose/component_0,1.4049041271209717
256,1789025038.7048686,pose/component_1,0.06520458310842514
256,1789025038.7048686,pose/component_2,0.14789767563343048
256,1789025038.7048686,pose/component_3,0.8738309741020203
256,1789025038.7048686,pose/component_4,0.006398098077625036
256,1789025038.7048686,pose/component_5,0.4711149036884308
257,1789025038.8262887,amp/overflow_retries,0.0
257,1789025038.8262887,amp/scale,16.0
257,1789025038.8262887,gradient/clipped_norm,10434.78125
257,1789025038.8262887,images/detect,0.0
257,1789025038.8262887,images/pose,16.0
257,1789025038.8262887,loss/backward,287.8127746582031
257,1789025038.8262887,loss/detect_mean,0.0
257,1789025038.8262887,loss/joint_mean,4.497074604034424
257,1789025038.8262887,loss/pose_mean,4.497074604034424
257,1789025038.8262887,lr/attention.decay,0.0
257,1789025038.8262887,lr/attention.no_decay,0.0
257,1789025038.8262887,lr/backbone.decay,1.0837801608579089e-05
257,1789025038.8262887,lr/backbone.no_decay,1.0837801608579089e-05
257,1789025038.8262887,lr/detect_head.decay,0.0
257,1789025038.8262887,lr/detect_head.no_decay,0.0
257,1789025038.8262887,lr/neck.decay,5.4189008042895443e-05
257,1789025038.8262887,lr/neck.no_decay,5.4189008042895443e-05
257,1789025038.8262887,lr/pose_head.decay,0.0001445040214477212
257,1789025038.8262887,lr/pose_head.no_decay,0.0001445040214477212
257,1789025038.8262887,pose/component_0,1.331820011138916
257,1789025038.8262887,pose/component_1,0.06496533006429672
257,1789025038.8262887,pose/component_2,0.0826139897108078
257,1789025038.8262887,pose/component_3,0.6376867294311523
257,1789025038.8262887,pose/component_4,0.004510263912379742
257,1789025038.8262887,pose/component_5,1.6307058334350586
258,1789025038.9475963,amp/overflow_retries,0.0
258,1789025038.9475963,amp/scale,16.0
258,1789025038.9475963,gradient/clipped_norm,10170.4765625
258,1789025038.9475963,images/detect,0.0
258,1789025038.9475963,images/pose,16.0
258,1789025038.9475963,loss/backward,207.07080078125
258,1789025038.9475963,loss/detect_mean,0.0
258,1789025038.9475963,loss/joint_mean,3.2354812622070312
258,1789025038.9475963,loss/pose_mean,3.2354812622070312
258,1789025038.9475963,lr/attention.decay,0.0
258,1789025038.9475963,lr/attention.no_decay,0.0
258,1789025038.9475963,lr/backbone.decay,1.0873994638069706e-05
258,1789025038.9475963,lr/backbone.no_decay,1.0873994638069706e-05
258,1789025038.9475963,lr/detect_head.decay,0.0
258,1789025038.9475963,lr/detect_head.no_decay,0.0
258,1789025038.9475963,lr/neck.decay,5.436997319034852e-05
258,1789025038.9475963,lr/neck.no_decay,5.436997319034852e-05
258,1789025038.9475963,lr/pose_head.decay,0.00014498659517426274
258,1789025038.9475963,lr/pose_head.no_decay,0.00014498659517426274
258,1789025038.9475963,pose/component_0,1.3793920278549194
258,1789025038.9475963,pose/component_1,0.046761058270931244
258,1789025038.9475963,pose/component_2,0.015168994665145874
258,1789025038.9475963,pose/component_3,0.6078551411628723
258,1789025038.9475963,pose/component_4,0.004830269142985344
258,1789025038.9475963,pose/component_5,0.36036065220832825
259,1789025039.069554,amp/overflow_retries,0.0
259,1789025039.069554,amp/scale,16.0
259,1789025039.069554,gradient/clipped_norm,12980.0087890625
259,1789025039.069554,images/detect,0.0
259,1789025039.069554,images/pose,16.0
259,1789025039.069554,loss/backward,232.19729614257812
259,1789025039.069554,loss/detect_mean,0.0
259,1789025039.069554,loss/joint_mean,3.628082752227783
259,1789025039.069554,loss/pose_mean,3.628082752227783
259,1789025039.069554,lr/attention.decay,0.0
259,1789025039.069554,lr/attention.no_decay,0.0
259,1789025039.069554,lr/backbone.decay,1.0910187667560324e-05
259,1789025039.069554,lr/backbone.no_decay,1.0910187667560324e-05
259,1789025039.069554,lr/detect_head.decay,0.0
259,1789025039.069554,lr/detect_head.no_decay,0.0
259,1789025039.069554,lr/neck.decay,5.455093833780161e-05
259,1789025039.069554,lr/neck.no_decay,5.455093833780161e-05
259,1789025039.069554,lr/pose_head.decay,0.0001454691689008043
259,1789025039.069554,lr/pose_head.no_decay,0.0001454691689008043
259,1789025039.069554,pose/component_0,1.1175962686538696
259,1789025039.069554,pose/component_1,0.04323709011077881
259,1789025039.069554,pose/component_2,0.02878737449645996
259,1789025039.069554,pose/component_3,0.8995125889778137
259,1789025039.069554,pose/component_4,0.006082460284233093
259,1789025039.069554,pose/component_5,0.7481127977371216
260,1789025039.1912663,amp/overflow_retries,0.0
260,1789025039.1912663,amp/scale,16.0
260,1789025039.1912663,gradient/clipped_norm,16757.947265625
260,1789025039.1912663,images/detect,0.0
260,1789025039.1912663,images/pose,16.0
260,1789025039.1912663,loss/backward,287.50390625
260,1789025039.1912663,loss/detect_mean,0.0
260,1789025039.1912663,loss/joint_mean,4.49224853515625
260,1789025039.1912663,loss/pose_mean,4.49224853515625
260,1789025039.1912663,lr/attention.decay,0.0
260,1789025039.1912663,lr/attention.no_decay,0.0
260,1789025039.1912663,lr/backbone.decay,1.0946380697050939e-05
260,1789025039.1912663,lr/backbone.no_decay,1.0946380697050939e-05
260,1789025039.1912663,lr/detect_head.decay,0.0
260,1789025039.1912663,lr/detect_head.no_decay,0.0
260,1789025039.1912663,lr/neck.decay,5.473190348525469e-05
260,1789025039.1912663,lr/neck.no_decay,5.473190348525469e-05
260,1789025039.1912663,lr/pose_head.decay,0.00014595174262734586
260,1789025039.1912663,lr/pose_head.no_decay,0.00014595174262734586
260,1789025039.1912663,pose/component_0,1.008073329925537
260,1789025039.1912663,pose/component_1,0.09553961455821991
260,1789025039.1912663,pose/component_2,0.010299766436219215
260,1789025039.1912663,pose/component_3,0.5338340997695923
260,1789025039.1912663,pose/component_4,0.005289907567203045
260,1789025039.1912663,pose/component_5,2.100153923034668
261,1789025039.312567,amp/overflow_retries,0.0
261,1789025039.312567,amp/scale,16.0
261,1789025039.312567,gradient/clipped_norm,11558.3720703125
261,1789025039.312567,images/detect,0.0
261,1789025039.312567,images/pose,16.0
261,1789025039.312567,loss/backward,182.33273315429688
261,1789025039.312567,loss/detect_mean,0.0
261,1789025039.312567,loss/joint_mean,2.8489489555358887
261,1789025039.312567,loss/pose_mean,2.8489489555358887
261,1789025039.312567,lr/attention.decay,0.0
261,1789025039.312567,lr/attention.no_decay,0.0
261,1789025039.312567,lr/backbone.decay,1.0982573726541555e-05
261,1789025039.312567,lr/backbone.no_decay,1.0982573726541555e-05
261,1789025039.312567,lr/detect_head.decay,0.0
261,1789025039.312567,lr/detect_head.no_decay,0.0
261,1789025039.312567,lr/neck.decay,5.491286863270777e-05
261,1789025039.312567,lr/neck.no_decay,5.491286863270777e-05
261,1789025039.312567,lr/pose_head.decay,0.0001464343163538874
261,1789025039.312567,lr/pose_head.no_decay,0.0001464343163538874
261,1789025039.312567,pose/component_0,0.9653497934341431
261,1789025039.312567,pose/component_1,0.05899093300104141
261,1789025039.312567,pose/component_2,0.04496448487043381
261,1789025039.312567,pose/component_3,0.6719293594360352
261,1789025039.312567,pose/component_4,0.005362285766750574
261,1789025039.312567,pose/component_5,0.914718508720398
262,1789025039.433723,amp/overflow_retries,0.0
262,1789025039.433723,amp/scale,16.0
262,1789025039.433723,gradient/clipped_norm,17669.73046875
262,1789025039.433723,images/detect,0.0
262,1789025039.433723,images/pose,16.0
262,1789025039.433723,loss/backward,261.06414794921875
262,1789025039.433723,loss/detect_mean,0.0
262,1789025039.433723,loss/joint_mean,4.079127311706543
262,1789025039.433723,loss/pose_mean,4.079127311706543
262,1789025039.433723,lr/attention.decay,0.0
262,1789025039.433723,lr/attention.no_decay,0.0
262,1789025039.433723,lr/backbone.decay,1.1018766756032173e-05
262,1789025039.433723,lr/backbone.no_decay,1.1018766756032173e-05
262,1789025039.433723,lr/detect_head.decay,0.0
262,1789025039.433723,lr/detect_head.no_decay,0.0
262,1789025039.433723,lr/neck.decay,5.5093833780160856e-05
262,1789025039.433723,lr/neck.no_decay,5.5093833780160856e-05
262,1789025039.433723,lr/pose_head.decay,0.00014691689008042896
262,1789025039.433723,lr/pose_head.no_decay,0.00014691689008042896
262,1789025039.433723,pose/component_0,1.141013503074646
262,1789025039.433723,pose/component_1,0.06506337225437164
262,1789025039.433723,pose/component_2,0.08192355185747147
262,1789025039.433723,pose/component_3,0.634112536907196
262,1789025039.433723,pose/component_4,0.005257471464574337
262,1789025039.433723,pose/component_5,1.77268385887146
263,1789025039.5551853,amp/overflow_retries,0.0
263,1789025039.5551853,amp/scale,16.0
263,1789025039.5551853,gradient/clipped_norm,9134.4384765625
263,1789025039.5551853,images/detect,0.0
263,1789025039.5551853,images/pose,16.0
263,1789025039.5551853,loss/backward,224.67431640625
263,1789025039.5551853,loss/detect_mean,0.0
263,1789025039.5551853,loss/joint_mean,3.5105361938476562
263,1789025039.5551853,loss/pose_mean,3.5105361938476562
263,1789025039.5551853,lr/attention.decay,0.0
263,1789025039.5551853,lr/attention.no_decay,0.0
263,1789025039.5551853,lr/backbone.decay,1.1054959785522788e-05
263,1789025039.5551853,lr/backbone.no_decay,1.1054959785522788e-05
263,1789025039.5551853,lr/detect_head.decay,0.0
263,1789025039.5551853,lr/detect_head.no_decay,0.0
263,1789025039.5551853,lr/neck.decay,5.527479892761394e-05
263,1789025039.5551853,lr/neck.no_decay,5.527479892761394e-05
263,1789025039.5551853,lr/pose_head.decay,0.00014739946380697052
263,1789025039.5551853,lr/pose_head.no_decay,0.00014739946380697052
263,1789025039.5551853,pose/component_0,0.9547259211540222
263,1789025039.5551853,pose/component_1,0.057221390306949615
263,1789025039.5551853,pose/component_2,0.08566057682037354
263,1789025039.5551853,pose/component_3,0.7610927820205688
263,1789025039.5551853,pose/component_4,0.003091830527409911
263,1789025039.5551853,pose/component_5,0.7629894018173218
264,1789025039.6777582,amp/overflow_retries,0.0
264,1789025039.6777582,amp/scale,16.0
264,1789025039.6777582,gradient/clipped_norm,15129.0224609375
264,1789025039.6777582,images/detect,0.0
264,1789025039.6777582,images/pose,16.0
264,1789025039.6777582,loss/backward,311.3443908691406
264,1789025039.6777582,loss/detect_mean,0.0
264,1789025039.6777582,loss/joint_mean,4.864756107330322
264,1789025039.6777582,loss/pose_mean,4.864756107330322
264,1789025039.6777582,lr/attention.decay,0.0
264,1789025039.6777582,lr/attention.no_decay,0.0
264,1789025039.6777582,lr/backbone.decay,1.1091152815013406e-05
264,1789025039.6777582,lr/backbone.no_decay,1.1091152815013406e-05
264,1789025039.6777582,lr/detect_head.decay,0.0
264,1789025039.6777582,lr/detect_head.no_decay,0.0
264,1789025039.6777582,lr/neck.decay,5.545576407506703e-05
264,1789025039.6777582,lr/neck.no_decay,5.545576407506703e-05
264,1789025039.6777582,lr/pose_head.decay,0.00014788203753351208
264,1789025039.6777582,lr/pose_head.no_decay,0.00014788203753351208
264,1789025039.6777582,pose/component_0,1.2727819681167603
264,1789025039.6777582,pose/component_1,0.06197941303253174
264,1789025039.6777582,pose/component_2,0.014083974063396454
264,1789025039.6777582,pose/component_3,0.5036072134971619
264,1789025039.6777582,pose/component_4,0.00405102176591754
264,1789025039.6777582,pose/component_5,0.6321879029273987
265,1789025039.798978,amp/overflow_retries,0.0
265,1789025039.798978,amp/scale,16.0
265,1789025039.798978,gradient/clipped_norm,22905.724609375
265,1789025039.798978,images/detect,0.0
265,1789025039.798978,images/pose,16.0
265,1789025039.798978,loss/backward,357.4659423828125
265,1789025039.798978,loss/detect_mean,0.0
265,1789025039.798978,loss/joint_mean,5.585405349731445
265,1789025039.798978,loss/pose_mean,5.585405349731445
265,1789025039.798978,lr/attention.decay,0.0
265,1789025039.798978,lr/attention.no_decay,0.0
265,1789025039.798978,lr/backbone.decay,1.1127345844504023e-05
265,1789025039.798978,lr/backbone.no_decay,1.1127345844504023e-05
265,1789025039.798978,lr/detect_head.decay,0.0
265,1789025039.798978,lr/detect_head.no_decay,0.0
265,1789025039.798978,lr/neck.decay,5.5636729222520104e-05
265,1789025039.798978,lr/neck.no_decay,5.5636729222520104e-05
265,1789025039.798978,lr/pose_head.decay,0.00014836461126005362
265,1789025039.798978,lr/pose_head.no_decay,0.00014836461126005362
265,1789025039.798978,pose/component_0,1.476534128189087
265,1789025039.798978,pose/component_1,0.28023797273635864
265,1789025039.798978,pose/component_2,0.09154989570379257
265,1789025039.798978,pose/component_3,0.9627415537834167
265,1789025039.798978,pose/component_4,0.005034595727920532
265,1789025039.798978,pose/component_5,2.1603903770446777
266,1789025039.9206274,amp/overflow_retries,0.0
266,1789025039.9206274,amp/scale,16.0
266,1789025039.9206274,gradient/clipped_norm,12844.1201171875
266,1789025039.9206274,images/detect,0.0
266,1789025039.9206274,images/pose,16.0
266,1789025039.9206274,loss/backward,438.62640380859375
266,1789025039.9206274,loss/detect_mean,0.0
266,1789025039.9206274,loss/joint_mean,6.853537559509277
266,1789025039.9206274,loss/pose_mean,6.853537559509277
266,1789025039.9206274,lr/attention.decay,0.0
266,1789025039.9206274,lr/attention.no_decay,0.0
266,1789025039.9206274,lr/backbone.decay,1.1163538873994638e-05
266,1789025039.9206274,lr/backbone.no_decay,1.1163538873994638e-05
266,1789025039.9206274,lr/detect_head.decay,0.0
266,1789025039.9206274,lr/detect_head.no_decay,0.0
266,1789025039.9206274,lr/neck.decay,5.5817694369973186e-05
266,1789025039.9206274,lr/neck.no_decay,5.5817694369973186e-05
266,1789025039.9206274,lr/pose_head.decay,0.00014884718498659518
266,1789025039.9206274,lr/pose_head.no_decay,0.00014884718498659518
266,1789025039.9206274,pose/component_0,1.099057912826538
266,1789025039.9206274,pose/component_1,0.07284494489431381
266,1789025039.9206274,pose/component_2,0.23125644028186798
266,1789025039.9206274,pose/component_3,0.7726398706436157
266,1789025039.9206274,pose/component_4,0.005440655164420605
266,1789025039.9206274,pose/component_5,2.013822078704834
267,1789025040.0441625,amp/overflow_retries,0.0
267,1789025040.0441625,amp/scale,16.0
267,1789025040.0441625,gradient/clipped_norm,13926.490234375
267,1789025040.0441625,images/detect,0.0
267,1789025040.0441625,images/pose,16.0
267,1789025040.0441625,loss/backward,316.3353271484375
267,1789025040.0441625,loss/detect_mean,0.0
267,1789025040.0441625,loss/joint_mean,4.942739486694336
267,1789025040.0441625,loss/pose_mean,4.942739486694336
267,1789025040.0441625,lr/attention.decay,0.0
267,1789025040.0441625,lr/attention.no_decay,0.0
267,1789025040.0441625,lr/backbone.decay,1.1199731903485256e-05
267,1789025040.0441625,lr/backbone.no_decay,1.1199731903485256e-05
267,1789025040.0441625,lr/detect_head.decay,0.0
267,1789025040.0441625,lr/detect_head.no_decay,0.0
267,1789025040.0441625,lr/neck.decay,5.5998659517426275e-05
267,1789025040.0441625,lr/neck.no_decay,5.5998659517426275e-05
267,1789025040.0441625,lr/pose_head.decay,0.00014932975871313674
267,1789025040.0441625,lr/pose_head.no_decay,0.00014932975871313674
267,1789025040.0441625,pose/component_0,1.2584937810897827
267,1789025040.0441625,pose/component_1,0.12471576780080795
267,1789025040.0441625,pose/component_2,0.11648474633693695
267,1789025040.0441625,pose/component_3,0.7736679911613464
267,1789025040.0441625,pose/component_4,0.0035628792829811573
267,1789025040.0441625,pose/component_5,2.04762864112854
268,1789025040.1660502,amp/overflow_retries,0.0
268,1789025040.1660502,amp/scale,16.0
268,1789025040.1660502,gradient/clipped_norm,13156.4501953125
268,1789025040.1660502,images/detect,0.0
268,1789025040.1660502,images/pose,16.0
268,1789025040.1660502,loss/backward,302.72869873046875
268,1789025040.1660502,loss/detect_mean,0.0
268,1789025040.1660502,loss/joint_mean,4.730135917663574
268,1789025040.1660502,loss/pose_mean,4.730135917663574
268,1789025040.1660502,lr/attention.decay,0.0
268,1789025040.1660502,lr/attention.no_decay,0.0
268,1789025040.1660502,lr/backbone.decay,1.1235924932975872e-05
268,1789025040.1660502,lr/backbone.no_decay,1.1235924932975872e-05
268,1789025040.1660502,lr/detect_head.decay,0.0
268,1789025040.1660502,lr/detect_head.no_decay,0.0
268,1789025040.1660502,lr/neck.decay,5.617962466487935e-05
268,1789025040.1660502,lr/neck.no_decay,5.617962466487935e-05
268,1789025040.1660502,lr/pose_head.decay,0.0001498123324396783
268,1789025040.1660502,lr/pose_head.no_decay,0.0001498123324396783
268,1789025040.1660502,pose/component_0,1.1890305280685425
268,1789025040.1660502,pose/component_1,0.07455010712146759
268,1789025040.1660502,pose/component_2,0.011901338584721088
268,1789025040.1660502,pose/component_3,0.5141820311546326
268,1789025040.1660502,pose/component_4,0.0034628219436854124
268,1789025040.1660502,pose/component_5,1.4210690259933472
269,1789025040.2877827,amp/overflow_retries,0.0
269,1789025040.2877827,amp/scale,16.0
269,1789025040.2877827,gradient/clipped_norm,13280.599609375
269,1789025040.2877827,images/detect,0.0
269,1789025040.2877827,images/pose,16.0
269,1789025040.2877827,loss/backward,322.9739685058594
269,1789025040.2877827,loss/detect_mean,0.0
269,1789025040.2877827,loss/joint_mean,5.046468257904053
269,1789025040.2877827,loss/pose_mean,5.046468257904053
269,1789025040.2877827,lr/attention.decay,0.0
269,1789025040.2877827,lr/attention.no_decay,0.0
269,1789025040.2877827,lr/backbone.decay,1.1272117962466489e-05
269,1789025040.2877827,lr/backbone.no_decay,1.1272117962466489e-05
269,1789025040.2877827,lr/detect_head.decay,0.0
269,1789025040.2877827,lr/detect_head.no_decay,0.0
269,1789025040.2877827,lr/neck.decay,5.636058981233244e-05
269,1789025040.2877827,lr/neck.no_decay,5.636058981233244e-05
269,1789025040.2877827,lr/pose_head.decay,0.00015029490616621987
269,1789025040.2877827,lr/pose_head.no_decay,0.00015029490616621987
269,1789025040.2877827,pose/component_0,1.0505261421203613
269,1789025040.2877827,pose/component_1,0.08486775308847427
269,1789025040.2877827,pose/component_2,0.03102915734052658
269,1789025040.2877827,pose/component_3,0.7191433906555176
269,1789025040.2877827,pose/component_4,0.003300619311630726
269,1789025040.2877827,pose/component_5,2.1242849826812744
270,1789025040.4095817,amp/overflow_retries,0.0
270,1789025040.4095817,amp/scale,16.0
270,1789025040.4095817,gradient/clipped_norm,16554.619140625
270,1789025040.4095817,images/detect,0.0
270,1789025040.4095817,images/pose,16.0
270,1789025040.4095817,loss/backward,400.2281494140625
270,1789025040.4095817,loss/detect_mean,0.0
270,1789025040.4095817,loss/joint_mean,6.253564834594727
270,1789025040.4095817,loss/pose_mean,6.253564834594727
270,1789025040.4095817,lr/attention.decay,0.0
270,1789025040.4095817,lr/attention.no_decay,0.0
270,1789025040.4095817,lr/backbone.decay,1.1308310991957105e-05
270,1789025040.4095817,lr/backbone.no_decay,1.1308310991957105e-05
270,1789025040.4095817,lr/detect_head.decay,0.0
270,1789025040.4095817,lr/detect_head.no_decay,0.0
270,1789025040.4095817,lr/neck.decay,5.654155495978552e-05
270,1789025040.4095817,lr/neck.no_decay,5.654155495978552e-05
270,1789025040.4095817,lr/pose_head.decay,0.0001507774798927614
270,1789025040.4095817,lr/pose_head.no_decay,0.0001507774798927614
270,1789025040.4095817,pose/component_0,1.152532935142517
270,1789025040.4095817,pose/component_1,0.18381334841251373
270,1789025040.4095817,pose/component_2,0.12775295972824097
270,1789025040.4095817,pose/component_3,0.7772484421730042
270,1789025040.4095817,pose/component_4,0.003514650044962764
270,1789025040.4095817,pose/component_5,1.381069540977478
271,1789025040.5321882,amp/overflow_retries,0.0
271,1789025040.5321882,amp/scale,16.0
271,1789025040.5321882,gradient/clipped_norm,11257.33203125
271,1789025040.5321882,images/detect,0.0
271,1789025040.5321882,images/pose,16.0
271,1789025040.5321882,loss/backward,223.70774841308594
271,1789025040.5321882,loss/detect_mean,0.0
271,1789025040.5321882,loss/joint_mean,3.4954335689544678
271,1789025040.5321882,loss/pose_mean,3.4954335689544678
271,1789025040.5321882,lr/attention.decay,0.0
271,1789025040.5321882,lr/attention.no_decay,0.0
271,1789025040.5321882,lr/backbone.decay,1.1344504021447722e-05
271,1789025040.5321882,lr/backbone.no_decay,1.1344504021447722e-05
271,1789025040.5321882,lr/detect_head.decay,0.0
271,1789025040.5321882,lr/detect_head.no_decay,0.0
271,1789025040.5321882,lr/neck.decay,5.67225201072386e-05
271,1789025040.5321882,lr/neck.no_decay,5.67225201072386e-05
271,1789025040.5321882,lr/pose_head.decay,0.00015126005361930297
271,1789025040.5321882,lr/pose_head.no_decay,0.00015126005361930297
271,1789025040.5321882,pose/component_0,1.0095829963684082
271,1789025040.5321882,pose/component_1,0.021467842161655426
271,1789025040.5321882,pose/component_2,0.11297022551298141
271,1789025040.5321882,pose/component_3,0.5362054109573364
271,1789025040.5321882,pose/component_4,0.006543914787471294
271,1789025040.5321882,pose/component_5,0.5385321974754333
272,1789025040.6560383,amp/overflow_retries,0.0
272,1789025040.6560383,amp/scale,16.0
272,1789025040.6560383,gradient/clipped_norm,16626.21484375
272,1789025040.6560383,images/detect,0.0
272,1789025040.6560383,images/pose,16.0
272,1789025040.6560383,loss/backward,365.069580078125
272,1789025040.6560383,loss/detect_mean,0.0
272,1789025040.6560383,loss/joint_mean,5.704212188720703
272,1789025040.6560383,loss/pose_mean,5.704212188720703
272,1789025040.6560383,lr/attention.decay,0.0
272,1789025040.6560383,lr/attention.no_decay,0.0
272,1789025040.6560383,lr/backbone.decay,1.1380697050938338e-05
272,1789025040.6560383,lr/backbone.no_decay,1.1380697050938338e-05
272,1789025040.6560383,lr/detect_head.decay,0.0
272,1789025040.6560383,lr/detect_head.no_decay,0.0
272,1789025040.6560383,lr/neck.decay,5.690348525469169e-05
272,1789025040.6560383,lr/neck.no_decay,5.690348525469169e-05
272,1789025040.6560383,lr/pose_head.decay,0.00015174262734584453
272,1789025040.6560383,lr/pose_head.no_decay,0.00015174262734584453
272,1789025040.6560383,pose/component_0,1.2599879503250122
272,1789025040.6560383,pose/component_1,0.5296306014060974
272,1789025040.6560383,pose/component_2,0.1130460649728775
272,1789025040.6560383,pose/component_3,0.7505530714988708
272,1789025040.6560383,pose/component_4,0.004433238413184881
272,1789025040.6560383,pose/component_5,2.572990655899048
273,1789025040.7797103,amp/overflow_retries,0.0
273,1789025040.7797103,amp/scale,16.0
273,1789025040.7797103,gradient/clipped_norm,23651.486328125
273,1789025040.7797103,images/detect,0.0
273,1789025040.7797103,images/pose,16.0
273,1789025040.7797103,loss/backward,448.7264099121094
273,1789025040.7797103,loss/detect_mean,0.0
273,1789025040.7797103,loss/joint_mean,7.011350154876709
273,1789025040.7797103,loss/pose_mean,7.011350154876709
273,1789025040.7797103,lr/attention.decay,0.0
273,1789025040.7797103,lr/attention.no_decay,0.0
273,1789025040.7797103,lr/backbone.decay,1.1416890080428955e-05
273,1789025040.7797103,lr/backbone.no_decay,1.1416890080428955e-05
273,1789025040.7797103,lr/detect_head.decay,0.0
273,1789025040.7797103,lr/detect_head.no_decay,0.0
273,1789025040.7797103,lr/neck.decay,5.708445040214477e-05
273,1789025040.7797103,lr/neck.no_decay,5.708445040214477e-05
273,1789025040.7797103,lr/pose_head.decay,0.00015222520107238606
273,1789025040.7797103,lr/pose_head.no_decay,0.00015222520107238606
273,1789025040.7797103,pose/component_0,1.3817249536514282
273,1789025040.7797103,pose/component_1,0.14109590649604797
273,1789025040.7797103,pose/component_2,0.03910999372601509
273,1789025040.7797103,pose/component_3,1.0145137310028076
273,1789025040.7797103,pose/component_4,0.009148076176643372
273,1789025040.7797103,pose/component_5,3.9814443588256836
274,1789025040.9015687,amp/overflow_retries,0.0
274,1789025040.9015687,amp/scale,16.0
274,1789025040.9015687,gradient/clipped_norm,27353.771484375
274,1789025040.9015687,images/detect,0.0
274,1789025040.9015687,images/pose,16.0
274,1789025040.9015687,loss/backward,349.8362731933594
274,1789025040.9015687,loss/detect_mean,0.0
274,1789025040.9015687,loss/joint_mean,5.46619176864624
274,1789025040.9015687,loss/pose_mean,5.46619176864624
274,1789025040.9015687,lr/attention.decay,0.0
274,1789025040.9015687,lr/attention.no_decay,0.0
274,1789025040.9015687,lr/backbone.decay,1.1453083109919573e-05
274,1789025040.9015687,lr/backbone.no_decay,1.1453083109919573e-05
274,1789025040.9015687,lr/detect_head.decay,0.0
274,1789025040.9015687,lr/detect_head.no_decay,0.0
274,1789025040.9015687,lr/neck.decay,5.726541554959786e-05
274,1789025040.9015687,lr/neck.no_decay,5.726541554959786e-05
274,1789025040.9015687,lr/pose_head.decay,0.00015270777479892763
274,1789025040.9015687,lr/pose_head.no_decay,0.00015270777479892763
274,1789025040.9015687,pose/component_0,1.3003532886505127
274,1789025040.9015687,pose/component_1,0.05173403397202492
274,1789025040.9015687,pose/component_2,0.06176065653562546
274,1789025040.9015687,pose/component_3,0.7895150780677795
274,1789025040.9015687,pose/component_4,0.0047922031953930855
274,1789025040.9015687,pose/component_5,2.198216199874878
275,1789025041.0227973,amp/overflow_retries,0.0
275,1789025041.0227973,amp/scale,16.0
275,1789025041.0227973,gradient/clipped_norm,20699.515625
275,1789025041.0227973,images/detect,0.0
275,1789025041.0227973,images/pose,16.0
275,1789025041.0227973,loss/backward,315.6784362792969
275,1789025041.0227973,loss/detect_mean,0.0
275,1789025041.0227973,loss/joint_mean,4.932475566864014
275,1789025041.0227973,loss/pose_mean,4.932475566864014
275,1789025041.0227973,lr/attention.decay,0.0
275,1789025041.0227973,lr/attention.no_decay,0.0
275,1789025041.0227973,lr/backbone.decay,1.1489276139410188e-05
275,1789025041.0227973,lr/backbone.no_decay,1.1489276139410188e-05
275,1789025041.0227973,lr/detect_head.decay,0.0
275,1789025041.0227973,lr/detect_head.no_decay,0.0
275,1789025041.0227973,lr/neck.decay,5.7446380697050935e-05
275,1789025041.0227973,lr/neck.no_decay,5.7446380697050935e-05
275,1789025041.0227973,lr/pose_head.decay,0.0001531903485254692
275,1789025041.0227973,lr/pose_head.no_decay,0.0001531903485254692
275,1789025041.0227973,pose/component_0,1.2072434425354004
275,1789025041.0227973,pose/component_1,0.29949241876602173
275,1789025041.0227973,pose/component_2,0.012064364738762379
275,1789025041.0227973,pose/component_3,0.6563783884048462
275,1789025041.0227973,pose/component_4,0.003826253116130829
275,1789025041.0227973,pose/component_5,1.1687164306640625
276,1789025041.1446888,amp/overflow_retries,0.0
276,1789025041.1446888,amp/scale,16.0
276,1789025041.1446888,gradient/clipped_norm,40670.36328125
276,1789025041.1446888,images/detect,0.0
276,1789025041.1446888,images/pose,16.0
276,1789025041.1446888,loss/backward,542.7203979492188
276,1789025041.1446888,loss/detect_mean,0.0
276,1789025041.1446888,loss/joint_mean,8.480006217956543
276,1789025041.1446888,loss/pose_mean,8.480006217956543
276,1789025041.1446888,lr/attention.decay,0.0
276,1789025041.1446888,lr/attention.no_decay,0.0
276,1789025041.1446888,lr/backbone.decay,1.1525469168900804e-05
276,1789025041.1446888,lr/backbone.no_decay,1.1525469168900804e-05
276,1789025041.1446888,lr/detect_head.decay,0.0
276,1789025041.1446888,lr/detect_head.no_decay,0.0
276,1789025041.1446888,lr/neck.decay,5.762734584450402e-05
276,1789025041.1446888,lr/neck.no_decay,5.762734584450402e-05
276,1789025041.1446888,lr/pose_head.decay,0.00015367292225201072
276,1789025041.1446888,lr/pose_head.no_decay,0.00015367292225201072
276,1789025041.1446888,pose/component_0,1.076050043106079
276,1789025041.1446888,pose/component_1,0.2936594784259796
276,1789025041.1446888,pose/component_2,0.051188912242650986
276,1789025041.1446888,pose/component_3,0.5003567934036255
276,1789025041.1446888,pose/component_4,0.003566702827811241
276,1789025041.1446888,pose/component_5,4.505832672119141
277,1789025041.2670603,amp/overflow_retries,0.0
277,1789025041.2670603,amp/scale,16.0
277,1789025041.2670603,gradient/clipped_norm,13749.6728515625
277,1789025041.2670603,images/detect,0.0
277,1789025041.2670603,images/pose,16.0
277,1789025041.2670603,loss/backward,260.826171875
277,1789025041.2670603,loss/detect_mean,0.0
277,1789025041.2670603,loss/joint_mean,4.075408935546875
277,1789025041.2670603,loss/pose_mean,4.075408935546875
277,1789025041.2670603,lr/attention.decay,0.0
277,1789025041.2670603,lr/attention.no_decay,0.0
277,1789025041.2670603,lr/backbone.decay,1.1561662198391422e-05
277,1789025041.2670603,lr/backbone.no_decay,1.1561662198391422e-05
277,1789025041.2670603,lr/detect_head.decay,0.0
277,1789025041.2670603,lr/detect_head.no_decay,0.0
277,1789025041.2670603,lr/neck.decay,5.780831099195711e-05
277,1789025041.2670603,lr/neck.no_decay,5.780831099195711e-05
277,1789025041.2670603,lr/pose_head.decay,0.0001541554959785523
277,1789025041.2670603,lr/pose_head.no_decay,0.0001541554959785523
277,1789025041.2670603,pose/component_0,1.1230032444000244
277,1789025041.2670603,pose/component_1,0.2030162513256073
277,1789025041.2670603,pose/component_2,0.03411758691072464
277,1789025041.2670603,pose/component_3,0.5999079346656799
277,1789025041.2670603,pose/component_4,0.004614496603608131
277,1789025041.2670603,pose/component_5,1.2734935283660889
278,1789025041.3899827,amp/overflow_retries,0.0
278,1789025041.3899827,amp/scale,16.0
278,1789025041.3899827,gradient/clipped_norm,13030.20703125
278,1789025041.3899827,images/detect,0.0
278,1789025041.3899827,images/pose,16.0
278,1789025041.3899827,loss/backward,318.0767517089844
278,1789025041.3899827,loss/detect_mean,0.0
278,1789025041.3899827,loss/joint_mean,4.969949245452881
278,1789025041.3899827,loss/pose_mean,4.969949245452881
278,1789025041.3899827,lr/attention.decay,0.0
278,1789025041.3899827,lr/attention.no_decay,0.0
278,1789025041.3899827,lr/backbone.decay,1.1597855227882039e-05
278,1789025041.3899827,lr/backbone.no_decay,1.1597855227882039e-05
278,1789025041.3899827,lr/detect_head.decay,0.0
278,1789025041.3899827,lr/detect_head.no_decay,0.0
278,1789025041.3899827,lr/neck.decay,5.798927613941018e-05
278,1789025041.3899827,lr/neck.no_decay,5.798927613941018e-05
278,1789025041.3899827,lr/pose_head.decay,0.00015463806970509385
278,1789025041.3899827,lr/pose_head.no_decay,0.00015463806970509385
278,1789025041.3899827,pose/component_0,1.3957269191741943
278,1789025041.3899827,pose/component_1,0.09789018332958221
278,1789025041.3899827,pose/component_2,0.03016209602355957
278,1789025041.3899827,pose/component_3,0.7917923927307129
278,1789025041.3899827,pose/component_4,0.00923794973641634
278,1789025041.3899827,pose/component_5,1.3726698160171509
279,1789025041.5119421,amp/overflow_retries,0.0
279,1789025041.5119421,amp/scale,16.0
279,1789025041.5119421,gradient/clipped_norm,27956.5703125
279,1789025041.5119421,images/detect,0.0
279,1789025041.5119421,images/pose,16.0
279,1789025041.5119421,loss/backward,283.27020263671875
279,1789025041.5119421,loss/detect_mean,0.0
279,1789025041.5119421,loss/joint_mean,4.4260969161987305
279,1789025041.5119421,loss/pose_mean,4.4260969161987305
279,1789025041.5119421,lr/attention.decay,0.0
279,1789025041.5119421,lr/attention.no_decay,0.0
279,1789025041.5119421,lr/backbone.decay,1.1634048257372654e-05
279,1789025041.5119421,lr/backbone.no_decay,1.1634048257372654e-05
279,1789025041.5119421,lr/detect_head.decay,0.0
279,1789025041.5119421,lr/detect_head.no_decay,0.0
279,1789025041.5119421,lr/neck.decay,5.8170241286863266e-05
279,1789025041.5119421,lr/neck.no_decay,5.8170241286863266e-05
279,1789025041.5119421,lr/pose_head.decay,0.00015512064343163538
279,1789025041.5119421,lr/pose_head.no_decay,0.00015512064343163538
279,1789025041.5119421,pose/component_0,1.313256025314331
279,1789025041.5119421,pose/component_1,0.051510605961084366
279,1789025041.5119421,pose/component_2,0.031257517635822296
279,1789025041.5119421,pose/component_3,0.4501727819442749
279,1789025041.5119421,pose/component_4,0.005212477408349514
279,1789025041.5119421,pose/component_5,1.004614233970642
280,1789025041.6341286,amp/overflow_retries,0.0
280,1789025041.6341286,amp/scale,16.0
280,1789025041.6341286,gradient/clipped_norm,16440.060546875
280,1789025041.6341286,images/detect,0.0
280,1789025041.6341286,images/pose,16.0
280,1789025041.6341286,loss/backward,311.3684997558594
280,1789025041.6341286,loss/detect_mean,0.0
280,1789025041.6341286,loss/joint_mean,4.865132808685303
280,1789025041.6341286,loss/pose_mean,4.865132808685303
280,1789025041.6341286,lr/attention.decay,0.0
280,1789025041.6341286,lr/attention.no_decay,0.0
280,1789025041.6341286,lr/backbone.decay,1.167024128686327e-05
280,1789025041.6341286,lr/backbone.no_decay,1.167024128686327e-05
280,1789025041.6341286,lr/detect_head.decay,0.0
280,1789025041.6341286,lr/detect_head.no_decay,0.0
280,1789025041.6341286,lr/neck.decay,5.835120643431634e-05
280,1789025041.6341286,lr/neck.no_decay,5.835120643431634e-05
280,1789025041.6341286,lr/pose_head.decay,0.00015560321715817695
280,1789025041.6341286,lr/pose_head.no_decay,0.00015560321715817695
280,1789025041.6341286,pose/component_0,1.1655417680740356
280,1789025041.6341286,pose/component_1,0.06726595014333725
280,1789025041.6341286,pose/component_2,0.030654726549983025
280,1789025041.6341286,pose/component_3,0.7695574760437012
280,1789025041.6341286,pose/component_4,0.009137717075645924
280,1789025041.6341286,pose/component_5,1.8716976642608643
281,1789025041.7563512,amp/overflow_retries,0.0
281,1789025041.7563512,amp/scale,16.0
281,1789025041.7563512,gradient/clipped_norm,23609.736328125
281,1789025041.7563512,images/detect,0.0
281,1789025041.7563512,images/pose,16.0
281,1789025041.7563512,loss/backward,321.552734375
281,1789025041.7563512,loss/detect_mean,0.0
281,1789025041.7563512,loss/joint_mean,5.024261474609375
281,1789025041.7563512,loss/pose_mean,5.024261474609375
281,1789025041.7563512,lr/attention.decay,0.0
281,1789025041.7563512,lr/attention.no_decay,0.0
281,1789025041.7563512,lr/backbone.decay,1.1706434316353887e-05
281,1789025041.7563512,lr/backbone.no_decay,1.1706434316353887e-05
281,1789025041.7563512,lr/detect_head.decay,0.0
281,1789025041.7563512,lr/detect_head.no_decay,0.0
281,1789025041.7563512,lr/neck.decay,5.8532171581769424e-05
281,1789025041.7563512,lr/neck.no_decay,5.8532171581769424e-05
281,1789025041.7563512,lr/pose_head.decay,0.00015608579088471848
281,1789025041.7563512,lr/pose_head.no_decay,0.00015608579088471848
281,1789025041.7563512,pose/component_0,1.1489863395690918
281,1789025041.7563512,pose/component_1,0.04969082027673721
281,1789025041.7563512,pose/component_2,0.09098278731107712
281,1789025041.7563512,pose/component_3,0.5903410315513611
281,1789025041.7563512,pose/component_4,0.007410658523440361
281,1789025041.7563512,pose/component_5,1.60867178440094
282,1789025041.878526,amp/overflow_retries,0.0
282,1789025041.878526,amp/scale,16.0
282,1789025041.878526,gradient/clipped_norm,9649.4033203125
282,1789025041.878526,images/detect,0.0
282,1789025041.878526,images/pose,16.0
282,1789025041.878526,loss/backward,155.5516815185547
282,1789025041.878526,loss/detect_mean,0.0
282,1789025041.878526,loss/joint_mean,2.430495023727417
282,1789025041.878526,loss/pose_mean,2.430495023727417
282,1789025041.878526,lr/attention.decay,0.0
282,1789025041.878526,lr/attention.no_decay,0.0
282,1789025041.878526,lr/backbone.decay,1.1742627345844503e-05
282,1789025041.878526,lr/backbone.no_decay,1.1742627345844503e-05
282,1789025041.878526,lr/detect_head.decay,0.0
282,1789025041.878526,lr/detect_head.no_decay,0.0
282,1789025041.878526,lr/neck.decay,5.871313672922251e-05
282,1789025041.878526,lr/neck.no_decay,5.871313672922251e-05
282,1789025041.878526,lr/pose_head.decay,0.00015656836461126004
282,1789025041.878526,lr/pose_head.no_decay,0.00015656836461126004
282,1789025041.878526,pose/component_0,0.9175721406936646
282,1789025041.878526,pose/component_1,0.020697731524705887
282,1789025041.878526,pose/component_2,0.027429237961769104
282,1789025041.878526,pose/component_3,0.6030532121658325
282,1789025041.878526,pose/component_4,0.004548794589936733
282,1789025041.878526,pose/component_5,0.253709077835083
283,1789025042.0015404,amp/overflow_retries,0.0
283,1789025042.0015404,amp/scale,16.0
283,1789025042.0015404,gradient/clipped_norm,10523.8095703125
283,1789025042.0015404,images/detect,0.0
283,1789025042.0015404,images/pose,16.0
283,1789025042.0015404,loss/backward,269.49462890625
283,1789025042.0015404,loss/detect_mean,0.0
283,1789025042.0015404,loss/joint_mean,4.210853576660156
283,1789025042.0015404,loss/pose_mean,4.210853576660156
283,1789025042.0015404,lr/attention.decay,0.0
283,1789025042.0015404,lr/attention.no_decay,0.0
283,1789025042.0015404,lr/backbone.decay,1.177882037533512e-05
283,1789025042.0015404,lr/backbone.no_decay,1.177882037533512e-05
283,1789025042.0015404,lr/detect_head.decay,0.0
283,1789025042.0015404,lr/detect_head.no_decay,0.0
283,1789025042.0015404,lr/neck.decay,5.8894101876675596e-05
283,1789025042.0015404,lr/neck.no_decay,5.8894101876675596e-05
283,1789025042.0015404,lr/pose_head.decay,0.0001570509383378016
283,1789025042.0015404,lr/pose_head.no_decay,0.0001570509383378016
283,1789025042.0015404,pose/component_0,1.1083883047103882
283,1789025042.0015404,pose/component_1,0.07321153581142426
283,1789025042.0015404,pose/component_2,0.016959670931100845
283,1789025042.0015404,pose/component_3,0.7398674488067627
283,1789025042.0015404,pose/component_4,0.0037441353779286146
283,1789025042.0015404,pose/component_5,1.200260043144226
284,1789025042.1233358,amp/overflow_retries,0.0
284,1789025042.1233358,amp/scale,16.0
284,1789025042.1233358,gradient/clipped_norm,11294.939453125
284,1789025042.1233358,images/detect,0.0
284,1789025042.1233358,images/pose,16.0
284,1789025042.1233358,loss/backward,250.1566162109375
284,1789025042.1233358,loss/detect_mean,0.0
284,1789025042.1233358,loss/joint_mean,3.9086971282958984
284,1789025042.1233358,loss/pose_mean,3.9086971282958984
284,1789025042.1233358,lr/attention.decay,0.0
284,1789025042.1233358,lr/attention.no_decay,0.0
284,1789025042.1233358,lr/backbone.decay,1.1815013404825738e-05
284,1789025042.1233358,lr/backbone.no_decay,1.1815013404825738e-05
284,1789025042.1233358,lr/detect_head.decay,0.0
284,1789025042.1233358,lr/detect_head.no_decay,0.0
284,1789025042.1233358,lr/neck.decay,5.907506702412868e-05
284,1789025042.1233358,lr/neck.no_decay,5.907506702412868e-05
284,1789025042.1233358,lr/pose_head.decay,0.00015753351206434317
284,1789025042.1233358,lr/pose_head.no_decay,0.00015753351206434317
284,1789025042.1233358,pose/component_0,1.151286244392395
284,1789025042.1233358,pose/component_1,0.055809348821640015
284,1789025042.1233358,pose/component_2,0.07736679166555405
284,1789025042.1233358,pose/component_3,0.8773966431617737
284,1789025042.1233358,pose/component_4,0.003233300056308508
284,1789025042.1233358,pose/component_5,1.5659722089767456
285,1789025042.2464561,amp/overflow_retries,0.0
285,1789025042.2464561,amp/scale,16.0
285,1789025042.2464561,gradient/clipped_norm,10659.64453125
285,1789025042.2464561,images/detect,0.0
285,1789025042.2464561,images/pose,16.0
285,1789025042.2464561,loss/backward,210.39739990234375
285,1789025042.2464561,loss/detect_mean,0.0
285,1789025042.2464561,loss/joint_mean,3.287459373474121
285,1789025042.2464561,loss/pose_mean,3.287459373474121
285,1789025042.2464561,lr/attention.decay,0.0
285,1789025042.2464561,lr/attention.no_decay,0.0
285,1789025042.2464561,lr/backbone.decay,1.1851206434316353e-05
285,1789025042.2464561,lr/backbone.no_decay,1.1851206434316353e-05
285,1789025042.2464561,lr/detect_head.decay,0.0
285,1789025042.2464561,lr/detect_head.no_decay,0.0
285,1789025042.2464561,lr/neck.decay,5.925603217158176e-05
285,1789025042.2464561,lr/neck.no_decay,5.925603217158176e-05
285,1789025042.2464561,lr/pose_head.decay,0.0001580160857908847
285,1789025042.2464561,lr/pose_head.no_decay,0.0001580160857908847
285,1789025042.2464561,pose/component_0,0.9638408422470093
285,1789025042.2464561,pose/component_1,0.01827969029545784
285,1789025042.2464561,pose/component_2,0.01077115535736084
285,1789025042.2464561,pose/component_3,0.5632200241088867
285,1789025042.2464561,pose/component_4,0.005613576155155897
285,1789025042.2464561,pose/component_5,0.36912772059440613
286,1789025042.3683605,amp/overflow_retries,0.0
286,1789025042.3683605,amp/scale,16.0
286,1789025042.3683605,gradient/clipped_norm,13374.580078125
286,1789025042.3683605,images/detect,0.0
286,1789025042.3683605,images/pose,16.0
286,1789025042.3683605,loss/backward,338.1302185058594
286,1789025042.3683605,loss/detect_mean,0.0
286,1789025042.3683605,loss/joint_mean,5.283284664154053
286,1789025042.3683605,loss/pose_mean,5.283284664154053
286,1789025042.3683605,lr/attention.decay,0.0
286,1789025042.3683605,lr/attention.no_decay,0.0
286,1789025042.3683605,lr/backbone.decay,1.188739946380697e-05
286,1789025042.3683605,lr/backbone.no_decay,1.188739946380697e-05
286,1789025042.3683605,lr/detect_head.decay,0.0
286,1789025042.3683605,lr/detect_head.no_decay,0.0
286,1789025042.3683605,lr/neck.decay,5.943699731903484e-05
286,1789025042.3683605,lr/neck.no_decay,5.943699731903484e-05
286,1789025042.3683605,lr/pose_head.decay,0.00015849865951742627
286,1789025042.3683605,lr/pose_head.no_decay,0.00015849865951742627
286,1789025042.3683605,pose/component_0,0.9236411452293396
286,1789025042.3683605,pose/component_1,0.033330678939819336
286,1789025042.3683605,pose/component_2,0.21936820447444916
286,1789025042.3683605,pose/component_3,0.6448129415512085
286,1789025042.3683605,pose/component_4,0.004323369823396206
286,1789025042.3683605,pose/component_5,1.85715913772583
287,1789025042.4900641,amp/overflow_retries,0.0
287,1789025042.4900641,amp/scale,16.0
287,1789025042.4900641,gradient/clipped_norm,20449.515625
287,1789025042.4900641,images/detect,0.0
287,1789025042.4900641,images/pose,16.0
287,1789025042.4900641,loss/backward,387.4058532714844
287,1789025042.4900641,loss/detect_mean,0.0
287,1789025042.4900641,loss/joint_mean,6.053216457366943
287,1789025042.4900641,loss/pose_mean,6.053216457366943
287,1789025042.4900641,lr/attention.decay,0.0
287,1789025042.4900641,lr/attention.no_decay,0.0
287,1789025042.4900641,lr/backbone.decay,1.1923592493297587e-05
287,1789025042.4900641,lr/backbone.no_decay,1.1923592493297587e-05
287,1789025042.4900641,lr/detect_head.decay,0.0
287,1789025042.4900641,lr/detect_head.no_decay,0.0
287,1789025042.4900641,lr/neck.decay,5.9617962466487926e-05
287,1789025042.4900641,lr/neck.no_decay,5.9617962466487926e-05
287,1789025042.4900641,lr/pose_head.decay,0.00015898123324396783
287,1789025042.4900641,lr/pose_head.no_decay,0.00015898123324396783
287,1789025042.4900641,pose/component_0,1.0346992015838623
287,1789025042.4900641,pose/component_1,0.11977625638246536
287,1789025042.4900641,pose/component_2,0.05338580906391144
287,1789025042.4900641,pose/component_3,0.75848788022995
287,1789025042.4900641,pose/component_4,0.005097795743495226
287,1789025042.4900641,pose/component_5,2.650125026702881
288,1789025042.612512,amp/overflow_retries,0.0
288,1789025042.612512,amp/scale,16.0
288,1789025042.612512,gradient/clipped_norm,13337.7939453125
288,1789025042.612512,images/detect,0.0
288,1789025042.612512,images/pose,16.0
288,1789025042.612512,loss/backward,176.60073852539062
288,1789025042.612512,loss/detect_mean,0.0
288,1789025042.612512,loss/joint_mean,2.7593865394592285
288,1789025042.612512,loss/pose_mean,2.7593865394592285
288,1789025042.612512,lr/attention.decay,0.0
288,1789025042.612512,lr/attention.no_decay,0.0
288,1789025042.612512,lr/backbone.decay,1.1959785522788202e-05
288,1789025042.612512,lr/backbone.no_decay,1.1959785522788202e-05
288,1789025042.612512,lr/detect_head.decay,0.0
288,1789025042.612512,lr/detect_head.no_decay,0.0
288,1789025042.612512,lr/neck.decay,5.979892761394101e-05
288,1789025042.612512,lr/neck.no_decay,5.979892761394101e-05
288,1789025042.612512,lr/pose_head.decay,0.00015946380697050936
288,1789025042.612512,lr/pose_head.no_decay,0.00015946380697050936
288,1789025042.612512,pose/component_0,0.9788281321525574
288,1789025042.612512,pose/component_1,0.04297344386577606
288,1789025042.612512,pose/component_2,0.013180745765566826
288,1789025042.612512,pose/component_3,0.5508857369422913
288,1789025042.612512,pose/component_4,0.002640987280756235
288,1789025042.612512,pose/component_5,0.0
289,1789025042.734573,amp/overflow_retries,0.0
289,1789025042.734573,amp/scale,16.0
289,1789025042.734573,gradient/clipped_norm,9676.0693359375
289,1789025042.734573,images/detect,0.0
289,1789025042.734573,images/pose,16.0
289,1789025042.734573,loss/backward,223.35122680664062
289,1789025042.734573,loss/detect_mean,0.0
289,1789025042.734573,loss/joint_mean,3.4898629188537598
289,1789025042.734573,loss/pose_mean,3.4898629188537598
289,1789025042.734573,lr/attention.decay,0.0
289,1789025042.734573,lr/attention.no_decay,0.0
289,1789025042.734573,lr/backbone.decay,1.199597855227882e-05
289,1789025042.734573,lr/backbone.no_decay,1.199597855227882e-05
289,1789025042.734573,lr/detect_head.decay,0.0
289,1789025042.734573,lr/detect_head.no_decay,0.0
289,1789025042.734573,lr/neck.decay,5.99798927613941e-05
289,1789025042.734573,lr/neck.no_decay,5.99798927613941e-05
289,1789025042.734573,lr/pose_head.decay,0.00015994638069705095
289,1789025042.734573,lr/pose_head.no_decay,0.00015994638069705095
289,1789025042.734573,pose/component_0,1.2902637720108032
289,1789025042.734573,pose/component_1,0.048702336847782135
289,1789025042.734573,pose/component_2,0.025911970064044
289,1789025042.734573,pose/component_3,0.7331256866455078
289,1789025042.734573,pose/component_4,0.004498149733990431
289,1789025042.734573,pose/component_5,0.34609752893447876
290,1789025042.8578885,amp/overflow_retries,0.0
290,1789025042.8578885,amp/scale,16.0
290,1789025042.8578885,gradient/clipped_norm,12718.15234375
290,1789025042.8578885,images/detect,0.0
290,1789025042.8578885,images/pose,16.0
290,1789025042.8578885,loss/backward,240.8869171142578
290,1789025042.8578885,loss/detect_mean,0.0
290,1789025042.8578885,loss/joint_mean,3.7638580799102783
290,1789025042.8578885,loss/pose_mean,3.7638580799102783
290,1789025042.8578885,lr/attention.decay,0.0
290,1789025042.8578885,lr/attention.no_decay,0.0
290,1789025042.8578885,lr/backbone.decay,1.2032171581769437e-05
290,1789025042.8578885,lr/backbone.no_decay,1.2032171581769437e-05
290,1789025042.8578885,lr/detect_head.decay,0.0
290,1789025042.8578885,lr/detect_head.no_decay,0.0
290,1789025042.8578885,lr/neck.decay,6.016085790884717e-05
290,1789025042.8578885,lr/neck.no_decay,6.016085790884717e-05
290,1789025042.8578885,lr/pose_head.decay,0.0001604289544235925
290,1789025042.8578885,lr/pose_head.no_decay,0.0001604289544235925
290,1789025042.8578885,pose/component_0,1.4786498546600342
290,1789025042.8578885,pose/component_1,0.08304102718830109
290,1789025042.8578885,pose/component_2,0.0512898750603199
290,1789025042.8578885,pose/component_3,0.9519036412239075
290,1789025042.8578885,pose/component_4,0.004924865439534187
290,1789025042.8578885,pose/component_5,1.0205793380737305
291,1789025042.98017,amp/overflow_retries,0.0
291,1789025042.98017,amp/scale,16.0
291,1789025042.98017,gradient/clipped_norm,12031.8388671875
291,1789025042.98017,images/detect,0.0
291,1789025042.98017,images/pose,16.0
291,1789025042.98017,loss/backward,381.1030578613281
291,1789025042.98017,loss/detect_mean,0.0
291,1789025042.98017,loss/joint_mean,5.954735279083252
291,1789025042.98017,loss/pose_mean,5.954735279083252
291,1789025042.98017,lr/attention.decay,0.0
291,1789025042.98017,lr/attention.no_decay,0.0
291,1789025042.98017,lr/backbone.decay,1.2068364611260052e-05
291,1789025042.98017,lr/backbone.no_decay,1.2068364611260052e-05
291,1789025042.98017,lr/detect_head.decay,0.0
291,1789025042.98017,lr/detect_head.no_decay,0.0
291,1789025042.98017,lr/neck.decay,6.0341823056300256e-05
291,1789025042.98017,lr/neck.no_decay,6.0341823056300256e-05
291,1789025042.98017,lr/pose_head.decay,0.00016091152815013405
291,1789025042.98017,lr/pose_head.no_decay,0.00016091152815013405
291,1789025042.98017,pose/component_0,1.605077862739563
291,1789025042.98017,pose/component_1,0.207320898771286
291,1789025042.98017,pose/component_2,0.2001877725124359
291,1789025042.98017,pose/component_3,0.8708676099777222
291,1789025042.98017,pose/component_4,0.005725478287786245
291,1789025042.98017,pose/component_5,2.5381529331207275
292,1789025043.1018069,amp/overflow_retries,0.0
292,1789025043.1018069,amp/scale,16.0
292,1789025043.1018069,gradient/clipped_norm,12822.78515625
292,1789025043.1018069,images/detect,0.0
292,1789025043.1018069,images/pose,16.0
292,1789025043.1018069,loss/backward,267.96148681640625
292,1789025043.1018069,loss/detect_mean,0.0
292,1789025043.1018069,loss/joint_mean,4.186898231506348
292,1789025043.1018069,loss/pose_mean,4.186898231506348
292,1789025043.1018069,lr/attention.decay,0.0
292,1789025043.1018069,lr/attention.no_decay,0.0
292,1789025043.1018069,lr/backbone.decay,1.210455764075067e-05
292,1789025043.1018069,lr/backbone.no_decay,1.210455764075067e-05
292,1789025043.1018069,lr/detect_head.decay,0.0
292,1789025043.1018069,lr/detect_head.no_decay,0.0
292,1789025043.1018069,lr/neck.decay,6.0522788203753345e-05
292,1789025043.1018069,lr/neck.no_decay,6.0522788203753345e-05
292,1789025043.1018069,lr/pose_head.decay,0.00016139410187667561
292,1789025043.1018069,lr/pose_head.no_decay,0.00016139410187667561
292,1789025043.1018069,pose/component_0,1.1838208436965942
292,1789025043.1018069,pose/component_1,0.09488361328840256
292,1789025043.1018069,pose/component_2,0.04212632402777672
292,1789025043.1018069,pose/component_3,0.6420162916183472
292,1789025043.1018069,pose/component_4,0.004555908963084221
292,1789025043.1018069,pose/component_5,2.061800479888916
293,1789025043.223034,amp/overflow_retries,0.0
293,1789025043.223034,amp/scale,16.0
293,1789025043.223034,gradient/clipped_norm,13348.380859375
293,1789025043.223034,images/detect,0.0
293,1789025043.223034,images/pose,16.0
293,1789025043.223034,loss/backward,257.7056884765625
293,1789025043.223034,loss/detect_mean,0.0
293,1789025043.223034,loss/joint_mean,4.026651382446289
293,1789025043.223034,loss/pose_mean,4.026651382446289
293,1789025043.223034,lr/attention.decay,0.0
293,1789025043.223034,lr/attention.no_decay,0.0
293,1789025043.223034,lr/backbone.decay,1.2140750670241287e-05
293,1789025043.223034,lr/backbone.no_decay,1.2140750670241287e-05
293,1789025043.223034,lr/detect_head.decay,0.0
293,1789025043.223034,lr/detect_head.no_decay,0.0
293,1789025043.223034,lr/neck.decay,6.070375335120643e-05
293,1789025043.223034,lr/neck.no_decay,6.070375335120643e-05
293,1789025043.223034,lr/pose_head.decay,0.00016187667560321715
293,1789025043.223034,lr/pose_head.no_decay,0.00016187667560321715
293,1789025043.223034,pose/component_0,1.3754806518554688
293,1789025043.223034,pose/component_1,0.040800102055072784
293,1789025043.223034,pose/component_2,0.03981225565075874
293,1789025043.223034,pose/component_3,0.8855272531509399
293,1789025043.223034,pose/component_4,0.004316363949328661
293,1789025043.223034,pose/component_5,0.42160511016845703
294,1789025043.3460884,amp/overflow_retries,0.0
294,1789025043.3460884,amp/scale,16.0
294,1789025043.3460884,gradient/clipped_norm,10903.7646484375
294,1789025043.3460884,images/detect,0.0
294,1789025043.3460884,images/pose,16.0
294,1789025043.3460884,loss/backward,173.07247924804688
294,1789025043.3460884,loss/detect_mean,0.0
294,1789025043.3460884,loss/joint_mean,2.7042574882507324
294,1789025043.3460884,loss/pose_mean,2.7042574882507324
294,1789025043.3460884,lr/attention.decay,0.0
294,1789025043.3460884,lr/attention.no_decay,0.0
294,1789025043.3460884,lr/backbone.decay,1.2176943699731905e-05
294,1789025043.3460884,lr/backbone.no_decay,1.2176943699731905e-05
294,1789025043.3460884,lr/detect_head.decay,0.0
294,1789025043.3460884,lr/detect_head.no_decay,0.0
294,1789025043.3460884,lr/neck.decay,6.088471849865951e-05
294,1789025043.3460884,lr/neck.no_decay,6.088471849865951e-05
294,1789025043.3460884,lr/pose_head.decay,0.0001623592493297587
294,1789025043.3460884,lr/pose_head.no_decay,0.0001623592493297587
294,1789025043.3460884,pose/component_0,1.2397992610931396
294,1789025043.3460884,pose/component_1,0.04437766596674919
294,1789025043.3460884,pose/component_2,0.011173567734658718
294,1789025043.3460884,pose/component_3,0.5971803665161133
294,1789025043.3460884,pose/component_4,0.003009434323757887
294,1789025043.3460884,pose/component_5,0.0
295,1789025043.4683049,amp/overflow_retries,0.0
295,1789025043.4683049,amp/scale,16.0
295,1789025043.4683049,gradient/clipped_norm,11216.8203125
295,1789025043.4683049,images/detect,0.0
295,1789025043.4683049,images/pose,16.0
295,1789025043.4683049,loss/backward,226.42294311523438
295,1789025043.4683049,loss/detect_mean,0.0
295,1789025043.4683049,loss/joint_mean,3.537858486175537
295,1789025043.4683049,loss/pose_mean,3.537858486175537
295,1789025043.4683049,lr/attention.decay,0.0
295,1789025043.4683049,lr/attention.no_decay,0.0
295,1789025043.4683049,lr/backbone.decay,1.221313672922252e-05
295,1789025043.4683049,lr/backbone.no_decay,1.221313672922252e-05
295,1789025043.4683049,lr/detect_head.decay,0.0
295,1789025043.4683049,lr/detect_head.no_decay,0.0
295,1789025043.4683049,lr/neck.decay,6.106568364611259e-05
295,1789025043.4683049,lr/neck.no_decay,6.106568364611259e-05
295,1789025043.4683049,lr/pose_head.decay,0.00016284182305630027
295,1789025043.4683049,lr/pose_head.no_decay,0.00016284182305630027
295,1789025043.4683049,pose/component_0,1.408020257949829
295,1789025043.4683049,pose/component_1,0.08187080174684525
295,1789025043.4683049,pose/component_2,0.027917398139834404
295,1789025043.4683049,pose/component_3,0.573727011680603
295,1789025043.4683049,pose/component_4,0.0036794915795326233
295,1789025043.4683049,pose/component_5,0.45200544595718384
296,1789025043.5900934,amp/overflow_retries,0.0
296,1789025043.5900934,amp/scale,16.0
296,1789025043.5900934,gradient/clipped_norm,9559.1494140625
296,1789025043.5900934,images/detect,0.0
296,1789025043.5900934,images/pose,16.0
296,1789025043.5900934,loss/backward,245.57131958007812
296,1789025043.5900934,loss/detect_mean,0.0
296,1789025043.5900934,loss/joint_mean,3.8370518684387207
296,1789025043.5900934,loss/pose_mean,3.8370518684387207
296,1789025043.5900934,lr/attention.decay,0.0
296,1789025043.5900934,lr/attention.no_decay,0.0
296,1789025043.5900934,lr/backbone.decay,1.2249329758713136e-05
296,1789025043.5900934,lr/backbone.no_decay,1.2249329758713136e-05
296,1789025043.5900934,lr/detect_head.decay,0.0
296,1789025043.5900934,lr/detect_head.no_decay,0.0
296,1789025043.5900934,lr/neck.decay,6.124664879356567e-05
296,1789025043.5900934,lr/neck.no_decay,6.124664879356567e-05
296,1789025043.5900934,lr/pose_head.decay,0.0001633243967828418
296,1789025043.5900934,lr/pose_head.no_decay,0.0001633243967828418
296,1789025043.5900934,pose/component_0,1.3226522207260132
296,1789025043.5900934,pose/component_1,0.053247760981321335
296,1789025043.5900934,pose/component_2,0.04538873955607414
296,1789025043.5900934,pose/component_3,0.694120466709137
296,1789025043.5900934,pose/component_4,0.004032112658023834
296,1789025043.5900934,pose/component_5,0.3101878762245178
297,1789025043.7113316,amp/overflow_retries,0.0
297,1789025043.7113316,amp/scale,16.0
297,1789025043.7113316,gradient/clipped_norm,13499.3310546875
297,1789025043.7113316,images/detect,0.0
297,1789025043.7113316,images/pose,16.0
297,1789025043.7113316,loss/backward,316.7734069824219
297,1789025043.7113316,loss/detect_mean,0.0
297,1789025043.7113316,loss/joint_mean,4.949584484100342
297,1789025043.7113316,loss/pose_mean,4.949584484100342
297,1789025043.7113316,lr/attention.decay,0.0
297,1789025043.7113316,lr/attention.no_decay,0.0
297,1789025043.7113316,lr/backbone.decay,1.2285522788203754e-05
297,1789025043.7113316,lr/backbone.no_decay,1.2285522788203754e-05
297,1789025043.7113316,lr/detect_head.decay,0.0
297,1789025043.7113316,lr/detect_head.no_decay,0.0
297,1789025043.7113316,lr/neck.decay,6.142761394101876e-05
297,1789025043.7113316,lr/neck.no_decay,6.142761394101876e-05
297,1789025043.7113316,lr/pose_head.decay,0.00016380697050938337
297,1789025043.7113316,lr/pose_head.no_decay,0.00016380697050938337
297,1789025043.7113316,pose/component_0,1.118596076965332
297,1789025043.7113316,pose/component_1,0.06744903326034546
297,1789025043.7113316,pose/component_2,0.02611766941845417
297,1789025043.7113316,pose/component_3,0.7233985662460327
297,1789025043.7113316,pose/component_4,0.005433695390820503
297,1789025043.7113316,pose/component_5,1.4925951957702637
298,1789025043.835809,amp/overflow_retries,0.0
298,1789025043.835809,amp/scale,16.0
298,1789025043.835809,gradient/clipped_norm,11388.2880859375
298,1789025043.835809,images/detect,0.0
298,1789025043.835809,images/pose,16.0
298,1789025043.835809,loss/backward,305.2213439941406
298,1789025043.835809,loss/detect_mean,0.0
298,1789025043.835809,loss/joint_mean,4.769083499908447
298,1789025043.835809,loss/pose_mean,4.769083499908447
298,1789025043.835809,lr/attention.decay,0.0
298,1789025043.835809,lr/attention.no_decay,0.0
298,1789025043.835809,lr/backbone.decay,1.2321715817694369e-05
298,1789025043.835809,lr/backbone.no_decay,1.2321715817694369e-05
298,1789025043.835809,lr/detect_head.decay,0.0
298,1789025043.835809,lr/detect_head.no_decay,0.0
298,1789025043.835809,lr/neck.decay,6.160857908847185e-05
298,1789025043.835809,lr/neck.no_decay,6.160857908847185e-05
298,1789025043.835809,lr/pose_head.decay,0.00016428954423592493
298,1789025043.835809,lr/pose_head.no_decay,0.00016428954423592493
298,1789025043.835809,pose/component_0,1.1173794269561768
298,1789025043.835809,pose/component_1,0.15865738689899445
298,1789025043.835809,pose/component_2,0.11741529405117035
298,1789025043.835809,pose/component_3,0.8215528130531311
298,1789025043.835809,pose/component_4,0.004390922840684652
298,1789025043.835809,pose/component_5,2.161701202392578
299,1789025043.959006,amp/overflow_retries,0.0
299,1789025043.959006,amp/scale,16.0
299,1789025043.959006,gradient/clipped_norm,13265.6328125
299,1789025043.959006,images/detect,0.0
299,1789025043.959006,images/pose,16.0
299,1789025043.959006,loss/backward,264.31585693359375
299,1789025043.959006,loss/detect_mean,0.0
299,1789025043.959006,loss/joint_mean,4.129935264587402
299,1789025043.959006,loss/pose_mean,4.129935264587402
299,1789025043.959006,lr/attention.decay,0.0
299,1789025043.959006,lr/attention.no_decay,0.0
299,1789025043.959006,lr/backbone.decay,1.2357908847184987e-05
299,1789025043.959006,lr/backbone.no_decay,1.2357908847184987e-05
299,1789025043.959006,lr/detect_head.decay,0.0
299,1789025043.959006,lr/detect_head.no_decay,0.0
299,1789025043.959006,lr/neck.decay,6.178954423592492e-05
299,1789025043.959006,lr/neck.no_decay,6.178954423592492e-05
299,1789025043.959006,lr/pose_head.decay,0.0001647721179624665
299,1789025043.959006,lr/pose_head.no_decay,0.0001647721179624665
299,1789025043.959006,pose/component_0,1.5432462692260742
299,1789025043.959006,pose/component_1,0.1235361397266388
299,1789025043.959006,pose/component_2,0.01806703954935074
299,1789025043.959006,pose/component_3,0.8813202381134033
299,1789025043.959006,pose/component_4,0.0050644651055336
299,1789025043.959006,pose/component_5,0.7018560171127319
300,1789025044.0810938,amp/overflow_retries,0.0
300,1789025044.0810938,amp/scale,16.0
300,1789025044.0810938,gradient/clipped_norm,11099.3134765625
300,1789025044.0810938,images/detect,0.0
300,1789025044.0810938,images/pose,16.0
300,1789025044.0810938,loss/backward,268.0055847167969
300,1789025044.0810938,loss/detect_mean,0.0
300,1789025044.0810938,loss/joint_mean,4.187587261199951
300,1789025044.0810938,loss/pose_mean,4.187587261199951
300,1789025044.0810938,lr/attention.decay,0.0
300,1789025044.0810938,lr/attention.no_decay,0.0
300,1789025044.0810938,lr/backbone.decay,1.2394101876675604e-05
300,1789025044.0810938,lr/backbone.no_decay,1.2394101876675604e-05
300,1789025044.0810938,lr/detect_head.decay,0.0
300,1789025044.0810938,lr/detect_head.no_decay,0.0
300,1789025044.0810938,lr/neck.decay,6.197050938337801e-05
300,1789025044.0810938,lr/neck.no_decay,6.197050938337801e-05
300,1789025044.0810938,lr/pose_head.decay,0.00016525469168900806
300,1789025044.0810938,lr/pose_head.no_decay,0.00016525469168900806
300,1789025044.0810938,pose/component_0,1.158921718597412
300,1789025044.0810938,pose/component_1,0.07705262303352356
300,1789025044.0810938,pose/component_2,0.07433933019638062
300,1789025044.0810938,pose/component_3,0.9730314612388611
300,1789025044.0810938,pose/component_4,0.005837373901158571
300,1789025044.0810938,pose/component_5,0.9165370464324951
301,1789025044.2046425,amp/overflow_retries,0.0
301,1789025044.2046425,amp/scale,16.0
301,1789025044.2046425,gradient/clipped_norm,14754.5517578125
301,1789025044.2046425,images/detect,0.0
301,1789025044.2046425,images/pose,16.0
301,1789025044.2046425,loss/backward,255.42279052734375
301,1789025044.2046425,loss/detect_mean,0.0
301,1789025044.2046425,loss/joint_mean,3.990981101989746
301,1789025044.2046425,loss/pose_mean,3.990981101989746
301,1789025044.2046425,lr/attention.decay,0.0
301,1789025044.2046425,lr/attention.no_decay,0.0
301,1789025044.2046425,lr/backbone.decay,1.2430294906166219e-05
301,1789025044.2046425,lr/backbone.no_decay,1.2430294906166219e-05
301,1789025044.2046425,lr/detect_head.decay,0.0
301,1789025044.2046425,lr/detect_head.no_decay,0.0
301,1789025044.2046425,lr/neck.decay,6.215147453083109e-05
301,1789025044.2046425,lr/neck.no_decay,6.215147453083109e-05
301,1789025044.2046425,lr/pose_head.decay,0.0001657372654155496
301,1789025044.2046425,lr/pose_head.no_decay,0.0001657372654155496
301,1789025044.2046425,pose/component_0,1.4324774742126465
301,1789025044.2046425,pose/component_1,0.10769956558942795
301,1789025044.2046425,pose/component_2,0.09492141753435135
301,1789025044.2046425,pose/component_3,0.6338161826133728
301,1789025044.2046425,pose/component_4,0.0035116118378937244
301,1789025044.2046425,pose/component_5,1.0258185863494873
302,1789025044.3271282,amp/overflow_retries,0.0
302,1789025044.3271282,amp/scale,16.0
302,1789025044.3271282,gradient/clipped_norm,8428.5078125
302,1789025044.3271282,images/detect,0.0
302,1789025044.3271282,images/pose,16.0
302,1789025044.3271282,loss/backward,252.9327392578125
302,1789025044.3271282,loss/detect_mean,0.0
302,1789025044.3271282,loss/joint_mean,3.9520740509033203
302,1789025044.3271282,loss/pose_mean,3.9520740509033203
302,1789025044.3271282,lr/attention.decay,0.0
302,1789025044.3271282,lr/attention.no_decay,0.0
302,1789025044.3271282,lr/backbone.decay,1.2466487935656837e-05
302,1789025044.3271282,lr/backbone.no_decay,1.2466487935656837e-05
302,1789025044.3271282,lr/detect_head.decay,0.0
302,1789025044.3271282,lr/detect_head.no_decay,0.0
302,1789025044.3271282,lr/neck.decay,6.233243967828418e-05
302,1789025044.3271282,lr/neck.no_decay,6.233243967828418e-05
302,1789025044.3271282,lr/pose_head.decay,0.00016621983914209116
302,1789025044.3271282,lr/pose_head.no_decay,0.00016621983914209116
302,1789025044.3271282,pose/component_0,0.93290776014328
302,1789025044.3271282,pose/component_1,0.07257352024316788
302,1789025044.3271282,pose/component_2,0.012884012423455715
302,1789025044.3271282,pose/component_3,0.6107050776481628
302,1789025044.3271282,pose/component_4,0.0032456088811159134
302,1789025044.3271282,pose/component_5,1.6961004734039307
303,1789025044.4487913,amp/overflow_retries,0.0
303,1789025044.4487913,amp/scale,16.0
303,1789025044.4487913,gradient/clipped_norm,19569.15625
303,1789025044.4487913,images/detect,0.0
303,1789025044.4487913,images/pose,16.0
303,1789025044.4487913,loss/backward,379.2344665527344
303,1789025044.4487913,loss/detect_mean,0.0
303,1789025044.4487913,loss/joint_mean,5.925538539886475
303,1789025044.4487913,loss/pose_mean,5.925538539886475
303,1789025044.4487913,lr/attention.decay,0.0
303,1789025044.4487913,lr/attention.no_decay,0.0
303,1789025044.4487913,lr/backbone.decay,1.2502680965147453e-05
303,1789025044.4487913,lr/backbone.no_decay,1.2502680965147453e-05
303,1789025044.4487913,lr/detect_head.decay,0.0
303,1789025044.4487913,lr/detect_head.no_decay,0.0
303,1789025044.4487913,lr/neck.decay,6.251340482573725e-05
303,1789025044.4487913,lr/neck.no_decay,6.251340482573725e-05
303,1789025044.4487913,lr/pose_head.decay,0.00016670241286863272
303,1789025044.4487913,lr/pose_head.no_decay,0.00016670241286863272
303,1789025044.4487913,pose/component_0,1.197292447090149
303,1789025044.4487913,pose/component_1,0.0843537226319313
303,1789025044.4487913,pose/component_2,0.09281628578901291
303,1789025044.4487913,pose/component_3,0.8912231922149658
303,1789025044.4487913,pose/component_4,0.008104251697659492
303,1789025044.4487913,pose/component_5,1.8218324184417725
304,1789025044.5700436,amp/overflow_retries,0.0
304,1789025044.5700436,amp/scale,16.0
304,1789025044.5700436,gradient/clipped_norm,12284.0087890625
304,1789025044.5700436,images/detect,0.0
304,1789025044.5700436,images/pose,16.0
304,1789025044.5700436,loss/backward,285.9316101074219
304,1789025044.5700436,loss/detect_mean,0.0
304,1789025044.5700436,loss/joint_mean,4.467681407928467
304,1789025044.5700436,loss/pose_mean,4.467681407928467
304,1789025044.5700436,lr/attention.decay,0.0
304,1789025044.5700436,lr/attention.no_decay,0.0
304,1789025044.5700436,lr/backbone.decay,1.253887399463807e-05
304,1789025044.5700436,lr/backbone.no_decay,1.253887399463807e-05
304,1789025044.5700436,lr/detect_head.decay,0.0
304,1789025044.5700436,lr/detect_head.no_decay,0.0
304,1789025044.5700436,lr/neck.decay,6.269436997319034e-05
304,1789025044.5700436,lr/neck.no_decay,6.269436997319034e-05
304,1789025044.5700436,lr/pose_head.decay,0.00016718498659517428
304,1789025044.5700436,lr/pose_head.no_decay,0.00016718498659517428
304,1789025044.5700436,pose/component_0,1.383620023727417
304,1789025044.5700436,pose/component_1,0.13258770108222961
304,1789025044.5700436,pose/component_2,0.15788455307483673
304,1789025044.5700436,pose/component_3,0.7254389524459839
304,1789025044.5700436,pose/component_4,0.005258220713585615
304,1789025044.5700436,pose/component_5,1.2885807752609253
305,1789025044.6937037,amp/overflow_retries,0.0
305,1789025044.6937037,amp/scale,16.0
305,1789025044.6937037,gradient/clipped_norm,12738.0283203125
305,1789025044.6937037,images/detect,0.0
305,1789025044.6937037,images/pose,16.0
305,1789025044.6937037,loss/backward,253.10427856445312
305,1789025044.6937037,loss/detect_mean,0.0
305,1789025044.6937037,loss/joint_mean,3.95475435256958
305,1789025044.6937037,loss/pose_mean,3.95475435256958
305,1789025044.6937037,lr/attention.decay,0.0
305,1789025044.6937037,lr/attention.no_decay,0.0
305,1789025044.6937037,lr/backbone.decay,1.2575067024128686e-05
305,1789025044.6937037,lr/backbone.no_decay,1.2575067024128686e-05
305,1789025044.6937037,lr/detect_head.decay,0.0
305,1789025044.6937037,lr/detect_head.no_decay,0.0
305,1789025044.6937037,lr/neck.decay,6.287533512064343e-05
305,1789025044.6937037,lr/neck.no_decay,6.287533512064343e-05
305,1789025044.6937037,lr/pose_head.decay,0.00016766756032171582
305,1789025044.6937037,lr/pose_head.no_decay,0.00016766756032171582
305,1789025044.6937037,pose/component_0,1.3910880088806152
305,1789025044.6937037,pose/component_1,0.0631188377737999
305,1789025044.6937037,pose/component_2,0.011886294931173325
305,1789025044.6937037,pose/component_3,0.6280035972595215
305,1789025044.6937037,pose/component_4,0.007895694114267826
305,1789025044.6937037,pose/component_5,1.3658889532089233
306,1789025044.8165314,amp/overflow_retries,0.0
306,1789025044.8165314,amp/scale,16.0
306,1789025044.8165314,gradient/clipped_norm,12164.3798828125
306,1789025044.8165314,images/detect,0.0
306,1789025044.8165314,images/pose,16.0
306,1789025044.8165314,loss/backward,344.2435607910156
306,1789025044.8165314,loss/detect_mean,0.0
306,1789025044.8165314,loss/joint_mean,5.378805637359619
306,1789025044.8165314,loss/pose_mean,5.378805637359619
306,1789025044.8165314,lr/attention.decay,0.0
306,1789025044.8165314,lr/attention.no_decay,0.0
306,1789025044.8165314,lr/backbone.decay,1.2611260053619303e-05
306,1789025044.8165314,lr/backbone.no_decay,1.2611260053619303e-05
306,1789025044.8165314,lr/detect_head.decay,0.0
306,1789025044.8165314,lr/detect_head.no_decay,0.0
306,1789025044.8165314,lr/neck.decay,6.305630026809651e-05
306,1789025044.8165314,lr/neck.no_decay,6.305630026809651e-05
306,1789025044.8165314,lr/pose_head.decay,0.00016815013404825738
306,1789025044.8165314,lr/pose_head.no_decay,0.00016815013404825738
306,1789025044.8165314,pose/component_0,1.4945355653762817
306,1789025044.8165314,pose/component_1,0.06899556517601013
306,1789025044.8165314,pose/component_2,0.1205582246184349
306,1789025044.8165314,pose/component_3,1.1131070852279663
306,1789025044.8165314,pose/component_4,0.007199265528470278
306,1789025044.8165314,pose/component_5,1.1086370944976807
307,1789025044.942249,amp/overflow_retries,0.0
307,1789025044.942249,amp/scale,16.0
307,1789025044.942249,gradient/clipped_norm,22153.52734375
307,1789025044.942249,images/detect,0.0
307,1789025044.942249,images/pose,16.0
307,1789025044.942249,loss/backward,265.57354736328125
307,1789025044.942249,loss/detect_mean,0.0
307,1789025044.942249,loss/joint_mean,4.1495866775512695
307,1789025044.942249,loss/pose_mean,4.1495866775512695
307,1789025044.942249,lr/attention.decay,0.0
307,1789025044.942249,lr/attention.no_decay,0.0
307,1789025044.942249,lr/backbone.decay,1.264745308310992e-05
307,1789025044.942249,lr/backbone.no_decay,1.264745308310992e-05
307,1789025044.942249,lr/detect_head.decay,0.0
307,1789025044.942249,lr/detect_head.no_decay,0.0
307,1789025044.942249,lr/neck.decay,6.32372654155496e-05
307,1789025044.942249,lr/neck.no_decay,6.32372654155496e-05
307,1789025044.942249,lr/pose_head.decay,0.00016863270777479894
307,1789025044.942249,lr/pose_head.no_decay,0.00016863270777479894
307,1789025044.942249,pose/component_0,1.1404792070388794
307,1789025044.942249,pose/component_1,0.03878030180931091
307,1789025044.942249,pose/component_2,0.21217642724514008
307,1789025044.942249,pose/component_3,0.7962632775306702
307,1789025044.942249,pose/component_4,0.0034525799565017223
307,1789025044.942249,pose/component_5,0.4369451403617859
308,1789025045.065773,amp/overflow_retries,0.0
308,1789025045.065773,amp/scale,16.0
308,1789025045.065773,gradient/clipped_norm,16512.916015625
308,1789025045.065773,images/detect,0.0
308,1789025045.065773,images/pose,16.0
308,1789025045.065773,loss/backward,319.58453369140625
308,1789025045.065773,loss/detect_mean,0.0
308,1789025045.065773,loss/joint_mean,4.993508338928223
308,1789025045.065773,loss/pose_mean,4.993508338928223
308,1789025045.065773,lr/attention.decay,0.0
308,1789025045.065773,lr/attention.no_decay,0.0
308,1789025045.065773,lr/backbone.decay,1.2683646112600536e-05
308,1789025045.065773,lr/backbone.no_decay,1.2683646112600536e-05
308,1789025045.065773,lr/detect_head.decay,0.0
308,1789025045.065773,lr/detect_head.no_decay,0.0
308,1789025045.065773,lr/neck.decay,6.341823056300267e-05
308,1789025045.065773,lr/neck.no_decay,6.341823056300267e-05
308,1789025045.065773,lr/pose_head.decay,0.00016911528150134048
308,1789025045.065773,lr/pose_head.no_decay,0.00016911528150134048
308,1789025045.065773,pose/component_0,1.393179178237915
308,1789025045.065773,pose/component_1,0.1659139096736908
308,1789025045.065773,pose/component_2,0.04789452999830246
308,1789025045.065773,pose/component_3,0.7609328627586365
308,1789025045.065773,pose/component_4,0.006750172935426235
308,1789025045.065773,pose/component_5,1.409989833831787
309,1789025045.1875908,amp/overflow_retries,0.0
309,1789025045.1875908,amp/scale,16.0
309,1789025045.1875908,gradient/clipped_norm,19138.8984375
309,1789025045.1875908,images/detect,0.0
309,1789025045.1875908,images/pose,16.0
309,1789025045.1875908,loss/backward,297.35516357421875
309,1789025045.1875908,loss/detect_mean,0.0
309,1789025045.1875908,loss/joint_mean,4.646174430847168
309,1789025045.1875908,loss/pose_mean,4.646174430847168
309,1789025045.1875908,lr/attention.decay,0.0
309,1789025045.1875908,lr/attention.no_decay,0.0
309,1789025045.1875908,lr/backbone.decay,1.2719839142091154e-05
309,1789025045.1875908,lr/backbone.no_decay,1.2719839142091154e-05
309,1789025045.1875908,lr/detect_head.decay,0.0
309,1789025045.1875908,lr/detect_head.no_decay,0.0
309,1789025045.1875908,lr/neck.decay,6.359919571045576e-05
309,1789025045.1875908,lr/neck.no_decay,6.359919571045576e-05
309,1789025045.1875908,lr/pose_head.decay,0.00016959785522788204
309,1789025045.1875908,lr/pose_head.no_decay,0.00016959785522788204
309,1789025045.1875908,pose/component_0,1.3040904998779297
309,1789025045.1875908,pose/component_1,0.03926406055688858
309,1789025045.1875908,pose/component_2,0.0424213744699955
309,1789025045.1875908,pose/component_3,0.8544819951057434
309,1789025045.1875908,pose/component_4,0.008458968251943588
309,1789025045.1875908,pose/component_5,1.3982524871826172
310,1789025045.3104978,amp/overflow_retries,0.0
310,1789025045.3104978,amp/scale,16.0
310,1789025045.3104978,gradient/clipped_norm,13843.9267578125
310,1789025045.3104978,images/detect,0.0
310,1789025045.3104978,images/pose,16.0
310,1789025045.3104978,loss/backward,248.5828857421875
310,1789025045.3104978,loss/detect_mean,0.0
310,1789025045.3104978,loss/joint_mean,3.8841075897216797
310,1789025045.3104978,loss/pose_mean,3.8841075897216797
310,1789025045.3104978,lr/attention.decay,0.0
310,1789025045.3104978,lr/attention.no_decay,0.0
310,1789025045.3104978,lr/backbone.decay,1.2756032171581769e-05
310,1789025045.3104978,lr/backbone.no_decay,1.2756032171581769e-05
310,1789025045.3104978,lr/detect_head.decay,0.0
310,1789025045.3104978,lr/detect_head.no_decay,0.0
310,1789025045.3104978,lr/neck.decay,6.378016085790884e-05
310,1789025045.3104978,lr/neck.no_decay,6.378016085790884e-05
310,1789025045.3104978,lr/pose_head.decay,0.0001700804289544236
310,1789025045.3104978,lr/pose_head.no_decay,0.0001700804289544236
310,1789025045.3104978,pose/component_0,1.4298179149627686
310,1789025045.3104978,pose/component_1,0.12321558594703674
310,1789025045.3104978,pose/component_2,0.012811852619051933
310,1789025045.3104978,pose/component_3,0.9663544297218323
310,1789025045.3104978,pose/component_4,0.00372437946498394
310,1789025045.3104978,pose/component_5,0.4114314913749695
311,1789025045.4315715,amp/overflow_retries,0.0
311,1789025045.4315715,amp/scale,16.0
311,1789025045.4315715,gradient/clipped_norm,10366.91796875
311,1789025045.4315715,images/detect,0.0
311,1789025045.4315715,images/pose,16.0
311,1789025045.4315715,loss/backward,249.26768493652344
311,1789025045.4315715,loss/detect_mean,0.0
311,1789025045.4315715,loss/joint_mean,3.8948075771331787
311,1789025045.4315715,loss/pose_mean,3.8948075771331787
311,1789025045.4315715,lr/attention.decay,0.0
311,1789025045.4315715,lr/attention.no_decay,0.0
311,1789025045.4315715,lr/backbone.decay,1.2792225201072385e-05
311,1789025045.4315715,lr/backbone.no_decay,1.2792225201072385e-05
311,1789025045.4315715,lr/detect_head.decay,0.0
311,1789025045.4315715,lr/detect_head.no_decay,0.0
311,1789025045.4315715,lr/neck.decay,6.396112600536193e-05
311,1789025045.4315715,lr/neck.no_decay,6.396112600536193e-05
311,1789025045.4315715,lr/pose_head.decay,0.00017056300268096514
311,1789025045.4315715,lr/pose_head.no_decay,0.00017056300268096514
311,1789025045.4315715,pose/component_0,1.0697077512741089
311,1789025045.4315715,pose/component_1,0.03350365161895752
311,1789025045.4315715,pose/component_2,0.11698346585035324
311,1789025045.4315715,pose/component_3,0.7044340372085571
311,1789025045.4315715,pose/component_4,0.004094086587429047
311,1789025045.4315715,pose/component_5,0.26987412571907043
312,1789025045.553496,amp/overflow_retries,0.0
312,1789025045.553496,amp/scale,16.0
312,1789025045.553496,gradient/clipped_norm,13437.3427734375
312,1789025045.553496,images/detect,0.0
312,1789025045.553496,images/pose,16.0
312,1789025045.553496,loss/backward,305.22564697265625
312,1789025045.553496,loss/detect_mean,0.0
312,1789025045.553496,loss/joint_mean,4.769150733947754
312,1789025045.553496,loss/pose_mean,4.769150733947754
312,1789025045.553496,lr/attention.decay,0.0
312,1789025045.553496,lr/attention.no_decay,0.0
312,1789025045.553496,lr/backbone.decay,1.2828418230563003e-05
312,1789025045.553496,lr/backbone.no_decay,1.2828418230563003e-05
312,1789025045.553496,lr/detect_head.decay,0.0
312,1789025045.553496,lr/detect_head.no_decay,0.0
312,1789025045.553496,lr/neck.decay,6.414209115281502e-05
312,1789025045.553496,lr/neck.no_decay,6.414209115281502e-05
312,1789025045.553496,lr/pose_head.decay,0.00017104557640750673
312,1789025045.553496,lr/pose_head.no_decay,0.00017104557640750673
312,1789025045.553496,pose/component_0,1.1590837240219116
312,1789025045.553496,pose/component_1,0.05278192460536957
312,1789025045.553496,pose/component_2,0.0757860392332077
312,1789025045.553496,pose/component_3,0.6366554498672485
312,1789025045.553496,pose/component_4,0.006039087660610676
312,1789025045.553496,pose/component_5,1.76664400100708
313,1789025045.6760876,amp/overflow_retries,0.0
313,1789025045.6760876,amp/scale,16.0
313,1789025045.6760876,gradient/clipped_norm,13601.443359375
313,1789025045.6760876,images/detect,0.0
313,1789025045.6760876,images/pose,16.0
313,1789025045.6760876,loss/backward,319.8021240234375
313,1789025045.6760876,loss/detect_mean,0.0
313,1789025045.6760876,loss/joint_mean,4.996908187866211
313,1789025045.6760876,loss/pose_mean,4.996908187866211
313,1789025045.6760876,lr/attention.decay,0.0
313,1789025045.6760876,lr/attention.no_decay,0.0
313,1789025045.6760876,lr/backbone.decay,1.286461126005362e-05
313,1789025045.6760876,lr/backbone.no_decay,1.286461126005362e-05
313,1789025045.6760876,lr/detect_head.decay,0.0
313,1789025045.6760876,lr/detect_head.no_decay,0.0
313,1789025045.6760876,lr/neck.decay,6.432305630026809e-05
313,1789025045.6760876,lr/neck.no_decay,6.432305630026809e-05
313,1789025045.6760876,lr/pose_head.decay,0.00017152815013404826
313,1789025045.6760876,lr/pose_head.no_decay,0.00017152815013404826
313,1789025045.6760876,pose/component_0,1.321178913116455
313,1789025045.6760876,pose/component_1,0.06874299794435501
313,1789025045.6760876,pose/component_2,0.09024001657962799
313,1789025045.6760876,pose/component_3,0.7753623127937317
313,1789025045.6760876,pose/component_4,0.005411052145063877
313,1789025045.6760876,pose/component_5,1.7501468658447266
314,1789025045.7986147,amp/overflow_retries,0.0
314,1789025045.7986147,amp/scale,16.0
314,1789025045.7986147,gradient/clipped_norm,17602.974609375
314,1789025045.7986147,images/detect,0.0
314,1789025045.7986147,images/pose,16.0
314,1789025045.7986147,loss/backward,390.58563232421875
314,1789025045.7986147,loss/detect_mean,0.0
314,1789025045.7986147,loss/joint_mean,6.102900505065918
314,1789025045.7986147,loss/pose_mean,6.102900505065918
314,1789025045.7986147,lr/attention.decay,0.0
314,1789025045.7986147,lr/attention.no_decay,0.0
314,1789025045.7986147,lr/backbone.decay,1.2900804289544236e-05
314,1789025045.7986147,lr/backbone.no_decay,1.2900804289544236e-05
314,1789025045.7986147,lr/detect_head.decay,0.0
314,1789025045.7986147,lr/detect_head.no_decay,0.0
314,1789025045.7986147,lr/neck.decay,6.450402144772118e-05
314,1789025045.7986147,lr/neck.no_decay,6.450402144772118e-05
314,1789025045.7986147,lr/pose_head.decay,0.00017201072386058982
314,1789025045.7986147,lr/pose_head.no_decay,0.00017201072386058982
314,1789025045.7986147,pose/component_0,1.363659143447876
314,1789025045.7986147,pose/component_1,0.07216919958591461
314,1789025045.7986147,pose/component_2,0.016940994188189507
314,1789025045.7986147,pose/component_3,0.9785543084144592
314,1789025045.7986147,pose/component_4,0.01229512132704258
314,1789025045.7986147,pose/component_5,2.392568349838257
315,1789025045.9204354,amp/overflow_retries,0.0
315,1789025045.9204354,amp/scale,16.0
315,1789025045.9204354,gradient/clipped_norm,18110.927734375
315,1789025045.9204354,images/detect,0.0
315,1789025045.9204354,images/pose,16.0
315,1789025045.9204354,loss/backward,257.23992919921875
315,1789025045.9204354,loss/detect_mean,0.0
315,1789025045.9204354,loss/joint_mean,4.019373893737793
315,1789025045.9204354,loss/pose_mean,4.019373893737793
315,1789025045.9204354,lr/attention.decay,0.0
315,1789025045.9204354,lr/attention.no_decay,0.0
315,1789025045.9204354,lr/backbone.decay,1.2936997319034853e-05
315,1789025045.9204354,lr/backbone.no_decay,1.2936997319034853e-05
315,1789025045.9204354,lr/detect_head.decay,0.0
315,1789025045.9204354,lr/detect_head.no_decay,0.0
315,1789025045.9204354,lr/neck.decay,6.468498659517426e-05
315,1789025045.9204354,lr/neck.no_decay,6.468498659517426e-05
315,1789025045.9204354,lr/pose_head.decay,0.00017249329758713139
315,1789025045.9204354,lr/pose_head.no_decay,0.00017249329758713139
315,1789025045.9204354,pose/component_0,1.0478227138519287
315,1789025045.9204354,pose/component_1,0.020129507407546043
315,1789025045.9204354,pose/component_2,0.09074387699365616
315,1789025045.9204354,pose/component_3,0.4525732100009918
315,1789025045.9204354,pose/component_4,0.004463497549295425
315,1789025045.9204354,pose/component_5,0.37809962034225464
316,1789025046.0424855,amp/overflow_retries,0.0
316,1789025046.0424855,amp/scale,16.0
316,1789025046.0424855,gradient/clipped_norm,11247.0068359375
316,1789025046.0424855,images/detect,0.0
316,1789025046.0424855,images/pose,16.0
316,1789025046.0424855,loss/backward,316.23236083984375
316,1789025046.0424855,loss/detect_mean,0.0
316,1789025046.0424855,loss/joint_mean,4.941130638122559
316,1789025046.0424855,loss/pose_mean,4.941130638122559
316,1789025046.0424855,lr/attention.decay,0.0
316,1789025046.0424855,lr/attention.no_decay,0.0
316,1789025046.0424855,lr/backbone.decay,1.297319034852547e-05
316,1789025046.0424855,lr/backbone.no_decay,1.297319034852547e-05
316,1789025046.0424855,lr/detect_head.decay,0.0
316,1789025046.0424855,lr/detect_head.no_decay,0.0
316,1789025046.0424855,lr/neck.decay,6.486595174262733e-05
316,1789025046.0424855,lr/neck.no_decay,6.486595174262733e-05
316,1789025046.0424855,lr/pose_head.decay,0.00017297587131367292
316,1789025046.0424855,lr/pose_head.no_decay,0.00017297587131367292
316,1789025046.0424855,pose/component_0,1.1851067543029785
316,1789025046.0424855,pose/component_1,0.08716882765293121
316,1789025046.0424855,pose/component_2,0.023153532296419144
316,1789025046.0424855,pose/component_3,0.5926156044006348
316,1789025046.0424855,pose/component_4,0.005804439075291157
316,1789025046.0424855,pose/component_5,2.8389673233032227
317,1789025046.1753795,amp/overflow_retries,0.0
317,1789025046.1753795,amp/scale,16.0
317,1789025046.1753795,gradient/clipped_norm,16801.818359375
317,1789025046.1753795,images/detect,0.0
317,1789025046.1753795,images/pose,16.0
317,1789025046.1753795,loss/backward,291.94830322265625
317,1789025046.1753795,loss/detect_mean,0.0
317,1789025046.1753795,loss/joint_mean,4.561692237854004
317,1789025046.1753795,loss/pose_mean,4.561692237854004
317,1789025046.1753795,lr/attention.decay,0.0
317,1789025046.1753795,lr/attention.no_decay,0.0
317,1789025046.1753795,lr/backbone.decay,1.3009383378016086e-05
317,1789025046.1753795,lr/backbone.no_decay,1.3009383378016086e-05
317,1789025046.1753795,lr/detect_head.decay,0.0
317,1789025046.1753795,lr/detect_head.no_decay,0.0
317,1789025046.1753795,lr/neck.decay,6.504691689008042e-05
317,1789025046.1753795,lr/neck.no_decay,6.504691689008042e-05
317,1789025046.1753795,lr/pose_head.decay,0.00017345844504021448
317,1789025046.1753795,lr/pose_head.no_decay,0.00017345844504021448
317,1789025046.1753795,pose/component_0,1.3268048763275146
317,1789025046.1753795,pose/component_1,0.10261566936969757
317,1789025046.1753795,pose/component_2,0.26611173152923584
317,1789025046.1753795,pose/component_3,1.00040864944458
317,1789025046.1753795,pose/component_4,0.004925931338220835
317,1789025046.1753795,pose/component_5,1.093276858329773
318,1789025046.3010576,amp/overflow_retries,0.0
318,1789025046.3010576,amp/scale,16.0
318,1789025046.3010576,gradient/clipped_norm,16988.998046875
318,1789025046.3010576,images/detect,0.0
318,1789025046.3010576,images/pose,16.0
318,1789025046.3010576,loss/backward,373.31805419921875
318,1789025046.3010576,loss/detect_mean,0.0
318,1789025046.3010576,loss/joint_mean,5.833094596862793
318,1789025046.3010576,loss/pose_mean,5.833094596862793
318,1789025046.3010576,lr/attention.decay,0.0
318,1789025046.3010576,lr/attention.no_decay,0.0
318,1789025046.3010576,lr/backbone.decay,1.3045576407506702e-05
318,1789025046.3010576,lr/backbone.no_decay,1.3045576407506702e-05
318,1789025046.3010576,lr/detect_head.decay,0.0
318,1789025046.3010576,lr/detect_head.no_decay,0.0
318,1789025046.3010576,lr/neck.decay,6.522788203753351e-05
318,1789025046.3010576,lr/neck.no_decay,6.522788203753351e-05
318,1789025046.3010576,lr/pose_head.decay,0.00017394101876675605
318,1789025046.3010576,lr/pose_head.no_decay,0.00017394101876675605
318,1789025046.3010576,pose/component_0,1.1948564052581787
318,1789025046.3010576,pose/component_1,0.18239858746528625
318,1789025046.3010576,pose/component_2,0.03602271527051926
318,1789025046.3010576,pose/component_3,0.8039641380310059
318,1789025046.3010576,pose/component_4,0.0068945493549108505
318,1789025046.3010576,pose/component_5,2.2766780853271484
319,1789025046.423768,amp/overflow_retries,0.0
319,1789025046.423768,amp/scale,16.0
319,1789025046.423768,gradient/clipped_norm,22612.03125
319,1789025046.423768,images/detect,0.0
319,1789025046.423768,images/pose,16.0
319,1789025046.423768,loss/backward,496.5834655761719
319,1789025046.423768,loss/detect_mean,0.0
319,1789025046.423768,loss/joint_mean,7.7591166496276855
319,1789025046.423768,loss/pose_mean,7.7591166496276855
319,1789025046.423768,lr/attention.decay,0.0
319,1789025046.423768,lr/attention.no_decay,0.0
319,1789025046.423768,lr/backbone.decay,1.308176943699732e-05
319,1789025046.423768,lr/backbone.no_decay,1.308176943699732e-05
319,1789025046.423768,lr/detect_head.decay,0.0
319,1789025046.423768,lr/detect_head.no_decay,0.0
319,1789025046.423768,lr/neck.decay,6.540884718498659e-05
319,1789025046.423768,lr/neck.no_decay,6.540884718498659e-05
319,1789025046.423768,lr/pose_head.decay,0.0001744235924932976
319,1789025046.423768,lr/pose_head.no_decay,0.0001744235924932976
319,1789025046.423768,pose/component_0,1.4726016521453857
319,1789025046.423768,pose/component_1,0.3767583668231964
319,1789025046.423768,pose/component_2,0.17678199708461761
319,1789025046.423768,pose/component_3,1.1594182252883911
319,1789025046.423768,pose/component_4,0.009355096146464348
319,1789025046.423768,pose/component_5,4.49210262298584
320,1789025046.5459995,amp/overflow_retries,0.0
320,1789025046.5459995,amp/scale,16.0
320,1789025046.5459995,gradient/clipped_norm,14989.830078125
320,1789025046.5459995,images/detect,0.0
320,1789025046.5459995,images/pose,16.0
320,1789025046.5459995,loss/backward,345.0806884765625
320,1789025046.5459995,loss/detect_mean,0.0
320,1789025046.5459995,loss/joint_mean,5.391885757446289
320,1789025046.5459995,loss/pose_mean,5.391885757446289
320,1789025046.5459995,lr/attention.decay,0.0
320,1789025046.5459995,lr/attention.no_decay,0.0
320,1789025046.5459995,lr/backbone.decay,1.3117962466487935e-05
320,1789025046.5459995,lr/backbone.no_decay,1.3117962466487935e-05
320,1789025046.5459995,lr/detect_head.decay,0.0
320,1789025046.5459995,lr/detect_head.no_decay,0.0
320,1789025046.5459995,lr/neck.decay,6.558981233243968e-05
320,1789025046.5459995,lr/neck.no_decay,6.558981233243968e-05
320,1789025046.5459995,lr/pose_head.decay,0.00017490616621983914
320,1789025046.5459995,lr/pose_head.no_decay,0.00017490616621983914
320,1789025046.5459995,pose/component_0,1.358667016029358
320,1789025046.5459995,pose/component_1,0.11405367404222488
320,1789025046.5459995,pose/component_2,0.10513676702976227
320,1789025046.5459995,pose/component_3,0.610871434211731
320,1789025046.5459995,pose/component_4,0.006094242446124554
320,1789025046.5459995,pose/component_5,2.365281105041504
321,1789025046.669843,amp/overflow_retries,0.0
321,1789025046.669843,amp/scale,16.0
321,1789025046.669843,gradient/clipped_norm,15342.662109375
321,1789025046.669843,images/detect,0.0
321,1789025046.669843,images/pose,16.0
321,1789025046.669843,loss/backward,338.8233947753906
321,1789025046.669843,loss/detect_mean,0.0
321,1789025046.669843,loss/joint_mean,5.2941155433654785
321,1789025046.669843,loss/pose_mean,5.2941155433654785
321,1789025046.669843,lr/attention.decay,0.0
321,1789025046.669843,lr/attention.no_decay,0.0
321,1789025046.669843,lr/backbone.decay,1.3154155495978552e-05
321,1789025046.669843,lr/backbone.no_decay,1.3154155495978552e-05
321,1789025046.669843,lr/detect_head.decay,0.0
321,1789025046.669843,lr/detect_head.no_decay,0.0
321,1789025046.669843,lr/neck.decay,6.577077747989275e-05
321,1789025046.669843,lr/neck.no_decay,6.577077747989275e-05
321,1789025046.669843,lr/pose_head.decay,0.0001753887399463807
321,1789025046.669843,lr/pose_head.no_decay,0.0001753887399463807
321,1789025046.669843,pose/component_0,1.2403634786605835
321,1789025046.669843,pose/component_1,0.1263226419687271
321,1789025046.669843,pose/component_2,0.019149702042341232
321,1789025046.669843,pose/component_3,0.740658164024353
321,1789025046.669843,pose/component_4,0.008130352944135666
321,1789025046.669843,pose/component_5,1.686720848083496
322,1789025046.7926068,amp/overflow_retries,0.0
322,1789025046.7926068,amp/scale,16.0
322,1789025046.7926068,gradient/clipped_norm,13810.6796875
322,1789025046.7926068,images/detect,0.0
322,1789025046.7926068,images/pose,16.0
322,1789025046.7926068,loss/backward,344.9455261230469
322,1789025046.7926068,loss/detect_mean,0.0
322,1789025046.7926068,loss/joint_mean,5.389773845672607
322,1789025046.7926068,loss/pose_mean,5.389773845672607
322,1789025046.7926068,lr/attention.decay,0.0
322,1789025046.7926068,lr/attention.no_decay,0.0
322,1789025046.7926068,lr/backbone.decay,1.319034852546917e-05
322,1789025046.7926068,lr/backbone.no_decay,1.319034852546917e-05
322,1789025046.7926068,lr/detect_head.decay,0.0
322,1789025046.7926068,lr/detect_head.no_decay,0.0
322,1789025046.7926068,lr/neck.decay,6.595174262734584e-05
322,1789025046.7926068,lr/neck.no_decay,6.595174262734584e-05
322,1789025046.7926068,lr/pose_head.decay,0.00017587131367292227
322,1789025046.7926068,lr/pose_head.no_decay,0.00017587131367292227
322,1789025046.7926068,pose/component_0,1.5464073419570923
322,1789025046.7926068,pose/component_1,0.13882987201213837
322,1789025046.7926068,pose/component_2,0.03204751014709473
322,1789025046.7926068,pose/component_3,1.0977929830551147
322,1789025046.7926068,pose/component_4,0.012810064479708672
322,1789025046.7926068,pose/component_5,1.9129745960235596
323,1789025046.9156766,amp/overflow_retries,0.0
323,1789025046.9156766,amp/scale,16.0
323,1789025046.9156766,gradient/clipped_norm,13315.0009765625
323,1789025046.9156766,images/detect,0.0
323,1789025046.9156766,images/pose,16.0
323,1789025046.9156766,loss/backward,224.64027404785156
323,1789025046.9156766,loss/detect_mean,0.0
323,1789025046.9156766,loss/joint_mean,3.5100042819976807
323,1789025046.9156766,loss/pose_mean,3.5100042819976807
323,1789025046.9156766,lr/attention.decay,0.0
323,1789025046.9156766,lr/attention.no_decay,0.0
323,1789025046.9156766,lr/backbone.decay,1.3226541554959785e-05
323,1789025046.9156766,lr/backbone.no_decay,1.3226541554959785e-05
323,1789025046.9156766,lr/detect_head.decay,0.0
323,1789025046.9156766,lr/detect_head.no_decay,0.0
323,1789025046.9156766,lr/neck.decay,6.613270777479892e-05
323,1789025046.9156766,lr/neck.no_decay,6.613270777479892e-05
323,1789025046.9156766,lr/pose_head.decay,0.0001763538873994638
323,1789025046.9156766,lr/pose_head.no_decay,0.0001763538873994638
323,1789025046.9156766,pose/component_0,1.0840651988983154
323,1789025046.9156766,pose/component_1,0.1098254844546318
323,1789025046.9156766,pose/component_2,0.007263685576617718
323,1789025046.9156766,pose/component_3,0.6655565500259399
323,1789025046.9156766,pose/component_4,0.006589372642338276
323,1789025046.9156766,pose/component_5,1.2403936386108398
324,1789025047.03835,amp/overflow_retries,0.0
324,1789025047.03835,amp/scale,16.0
324,1789025047.03835,gradient/clipped_norm,13794.6259765625
324,1789025047.03835,images/detect,0.0
324,1789025047.03835,images/pose,16.0
324,1789025047.03835,loss/backward,302.2500915527344
324,1789025047.03835,loss/detect_mean,0.0
324,1789025047.03835,loss/joint_mean,4.722657680511475
324,1789025047.03835,loss/pose_mean,4.722657680511475
324,1789025047.03835,lr/attention.decay,0.0
324,1789025047.03835,lr/attention.no_decay,0.0
324,1789025047.03835,lr/backbone.decay,1.3262734584450403e-05
324,1789025047.03835,lr/backbone.no_decay,1.3262734584450403e-05
324,1789025047.03835,lr/detect_head.decay,0.0
324,1789025047.03835,lr/detect_head.no_decay,0.0
324,1789025047.03835,lr/neck.decay,6.6313672922252e-05
324,1789025047.03835,lr/neck.no_decay,6.6313672922252e-05
324,1789025047.03835,lr/pose_head.decay,0.0001768364611260054
324,1789025047.03835,lr/pose_head.no_decay,0.0001768364611260054
324,1789025047.03835,pose/component_0,1.226057529449463
324,1789025047.03835,pose/component_1,0.0937621146440506
324,1789025047.03835,pose/component_2,0.019747110083699226
324,1789025047.03835,pose/component_3,0.9761880040168762
324,1789025047.03835,pose/component_4,0.006967262364923954
324,1789025047.03835,pose/component_5,1.083937644958496
325,1789025047.1609054,amp/overflow_retries,0.0
325,1789025047.1609054,amp/scale,16.0
325,1789025047.1609054,gradient/clipped_norm,17330.587890625
325,1789025047.1609054,images/detect,0.0
325,1789025047.1609054,images/pose,16.0
325,1789025047.1609054,loss/backward,223.85211181640625
325,1789025047.1609054,loss/detect_mean,0.0
325,1789025047.1609054,loss/joint_mean,3.4976892471313477
325,1789025047.1609054,loss/pose_mean,3.4976892471313477
325,1789025047.1609054,lr/attention.decay,0.0
325,1789025047.1609054,lr/attention.no_decay,0.0
325,1789025047.1609054,lr/backbone.decay,1.329892761394102e-05
325,1789025047.1609054,lr/backbone.no_decay,1.329892761394102e-05
325,1789025047.1609054,lr/detect_head.decay,0.0
325,1789025047.1609054,lr/detect_head.no_decay,0.0
325,1789025047.1609054,lr/neck.decay,6.64946380697051e-05
325,1789025047.1609054,lr/neck.no_decay,6.64946380697051e-05
325,1789025047.1609054,lr/pose_head.decay,0.00017731903485254693
325,1789025047.1609054,lr/pose_head.no_decay,0.00017731903485254693
325,1789025047.1609054,pose/component_0,1.190916895866394
325,1789025047.1609054,pose/component_1,0.0522143691778183
325,1789025047.1609054,pose/component_2,0.015707923099398613
325,1789025047.1609054,pose/component_3,0.692133903503418
325,1789025047.1609054,pose/component_4,0.0030621460173279047
325,1789025047.1609054,pose/component_5,0.0
326,1789025047.2825284,amp/overflow_retries,0.0
326,1789025047.2825284,amp/scale,16.0
326,1789025047.2825284,gradient/clipped_norm,11637.1904296875
326,1789025047.2825284,images/detect,0.0
326,1789025047.2825284,images/pose,16.0
326,1789025047.2825284,loss/backward,299.3523254394531
326,1789025047.2825284,loss/detect_mean,0.0
326,1789025047.2825284,loss/joint_mean,4.677380084991455
326,1789025047.2825284,loss/pose_mean,4.677380084991455
326,1789025047.2825284,lr/attention.decay,0.0
326,1789025047.2825284,lr/attention.no_decay,0.0
326,1789025047.2825284,lr/backbone.decay,1.3335120643431634e-05
326,1789025047.2825284,lr/backbone.no_decay,1.3335120643431634e-05
326,1789025047.2825284,lr/detect_head.decay,0.0
326,1789025047.2825284,lr/detect_head.no_decay,0.0
326,1789025047.2825284,lr/neck.decay,6.667560321715817e-05
326,1789025047.2825284,lr/neck.no_decay,6.667560321715817e-05
326,1789025047.2825284,lr/pose_head.decay,0.00017780160857908846
326,1789025047.2825284,lr/pose_head.no_decay,0.00017780160857908846
326,1789025047.2825284,pose/component_0,1.2187832593917847
326,1789025047.2825284,pose/component_1,0.07021205127239227
326,1789025047.2825284,pose/component_2,0.04376111924648285
326,1789025047.2825284,pose/component_3,0.6502515077590942
326,1789025047.2825284,pose/component_4,0.00439568143337965
326,1789025047.2825284,pose/component_5,1.6154347658157349
327,1789025047.405188,amp/overflow_retries,0.0
327,1789025047.405188,amp/scale,16.0
327,1789025047.405188,gradient/clipped_norm,13844.8037109375
327,1789025047.405188,images/detect,0.0
327,1789025047.405188,images/pose,16.0
327,1789025047.405188,loss/backward,419.1418151855469
327,1789025047.405188,loss/detect_mean,0.0
327,1789025047.405188,loss/joint_mean,6.54909086227417
327,1789025047.405188,loss/pose_mean,6.54909086227417
327,1789025047.405188,lr/attention.decay,0.0
327,1789025047.405188,lr/attention.no_decay,0.0
327,1789025047.405188,lr/backbone.decay,1.3371313672922253e-05
327,1789025047.405188,lr/backbone.no_decay,1.3371313672922253e-05
327,1789025047.405188,lr/detect_head.decay,0.0
327,1789025047.405188,lr/detect_head.no_decay,0.0
327,1789025047.405188,lr/neck.decay,6.685656836461126e-05
327,1789025047.405188,lr/neck.no_decay,6.685656836461126e-05
327,1789025047.405188,lr/pose_head.decay,0.00017828418230563005
327,1789025047.405188,lr/pose_head.no_decay,0.00017828418230563005
327,1789025047.405188,pose/component_0,1.5180435180664062
327,1789025047.405188,pose/component_1,0.11280880868434906
327,1789025047.405188,pose/component_2,0.11462404578924179
327,1789025047.405188,pose/component_3,1.0442068576812744
327,1789025047.405188,pose/component_4,0.005068308208137751
327,1789025047.405188,pose/component_5,2.3616607189178467
328,1789025047.52756,amp/overflow_retries,0.0
328,1789025047.52756,amp/scale,16.0
328,1789025047.52756,gradient/clipped_norm,15465.4873046875
328,1789025047.52756,images/detect,0.0
328,1789025047.52756,images/pose,16.0
328,1789025047.52756,loss/backward,359.7728576660156
328,1789025047.52756,loss/detect_mean,0.0
328,1789025047.52756,loss/joint_mean,5.621450901031494
328,1789025047.52756,loss/pose_mean,5.621450901031494
328,1789025047.52756,lr/attention.decay,0.0
328,1789025047.52756,lr/attention.no_decay,0.0
328,1789025047.52756,lr/backbone.decay,1.340750670241287e-05
328,1789025047.52756,lr/backbone.no_decay,1.340750670241287e-05
328,1789025047.52756,lr/detect_head.decay,0.0
328,1789025047.52756,lr/detect_head.no_decay,0.0
328,1789025047.52756,lr/neck.decay,6.703753351206434e-05
328,1789025047.52756,lr/neck.no_decay,6.703753351206434e-05
328,1789025047.52756,lr/pose_head.decay,0.0001787667560321716
328,1789025047.52756,lr/pose_head.no_decay,0.0001787667560321716
328,1789025047.52756,pose/component_0,1.4672484397888184
328,1789025047.52756,pose/component_1,0.12752608954906464
328,1789025047.52756,pose/component_2,0.017603237181901932
328,1789025047.52756,pose/component_3,0.8328215479850769
328,1789025047.52756,pose/component_4,0.005431125871837139
328,1789025047.52756,pose/component_5,2.084151029586792
329,1789025047.6499054,amp/overflow_retries,0.0
329,1789025047.6499054,amp/scale,16.0
329,1789025047.6499054,gradient/clipped_norm,11932.7685546875
329,1789025047.6499054,images/detect,0.0
329,1789025047.6499054,images/pose,16.0
329,1789025047.6499054,loss/backward,256.3526611328125
329,1789025047.6499054,loss/detect_mean,0.0
329,1789025047.6499054,loss/joint_mean,4.005510330200195
329,1789025047.6499054,loss/pose_mean,4.005510330200195
329,1789025047.6499054,lr/attention.decay,0.0
329,1789025047.6499054,lr/attention.no_decay,0.0
329,1789025047.6499054,lr/backbone.decay,1.3443699731903487e-05
329,1789025047.6499054,lr/backbone.no_decay,1.3443699731903487e-05
329,1789025047.6499054,lr/detect_head.decay,0.0
329,1789025047.6499054,lr/detect_head.no_decay,0.0
329,1789025047.6499054,lr/neck.decay,6.721849865951743e-05
329,1789025047.6499054,lr/neck.no_decay,6.721849865951743e-05
329,1789025047.6499054,lr/pose_head.decay,0.00017924932975871315
329,1789025047.6499054,lr/pose_head.no_decay,0.00017924932975871315
329,1789025047.6499054,pose/component_0,1.4177926778793335
329,1789025047.6499054,pose/component_1,0.05484667420387268
329,1789025047.6499054,pose/component_2,0.015705600380897522
329,1789025047.6499054,pose/component_3,0.74140465259552
329,1789025047.6499054,pose/component_4,0.005980009213089943
329,1789025047.6499054,pose/component_5,1.2762399911880493
330,1789025047.7722664,amp/overflow_retries,0.0
330,1789025047.7722664,amp/scale,16.0
330,1789025047.7722664,gradient/clipped_norm,14146.5224609375
330,1789025047.7722664,images/detect,0.0
330,1789025047.7722664,images/pose,16.0
330,1789025047.7722664,loss/backward,308.5695495605469
330,1789025047.7722664,loss/detect_mean,0.0
330,1789025047.7722664,loss/joint_mean,4.821399211883545
330,1789025047.7722664,loss/pose_mean,4.821399211883545
330,1789025047.7722664,lr/attention.decay,0.0
330,1789025047.7722664,lr/attention.no_decay,0.0
330,1789025047.7722664,lr/backbone.decay,1.3479892761394102e-05
330,1789025047.7722664,lr/backbone.no_decay,1.3479892761394102e-05
330,1789025047.7722664,lr/detect_head.decay,0.0
330,1789025047.7722664,lr/detect_head.no_decay,0.0
330,1789025047.7722664,lr/neck.decay,6.73994638069705e-05
330,1789025047.7722664,lr/neck.no_decay,6.73994638069705e-05
330,1789025047.7722664,lr/pose_head.decay,0.00017973190348525471
330,1789025047.7722664,lr/pose_head.no_decay,0.00017973190348525471
330,1789025047.7722664,pose/component_0,1.3921959400177002
330,1789025047.7722664,pose/component_1,0.06271687895059586
330,1789025047.7722664,pose/component_2,0.059461865574121475
330,1789025047.7722664,pose/component_3,0.918717086315155
330,1789025047.7722664,pose/component_4,0.005341541953384876
330,1789025047.7722664,pose/component_5,1.4824787378311157
331,1789025047.8952801,amp/overflow_retries,0.0
331,1789025047.8952801,amp/scale,16.0
331,1789025047.8952801,gradient/clipped_norm,12136.263671875
331,1789025047.8952801,images/detect,0.0
331,1789025047.8952801,images/pose,16.0
331,1789025047.8952801,loss/backward,334.38336181640625
331,1789025047.8952801,loss/detect_mean,0.0
331,1789025047.8952801,loss/joint_mean,5.224740028381348
331,1789025047.8952801,loss/pose_mean,5.224740028381348
331,1789025047.8952801,lr/attention.decay,0.0
331,1789025047.8952801,lr/attention.no_decay,0.0
331,1789025047.8952801,lr/backbone.decay,1.3516085790884719e-05
331,1789025047.8952801,lr/backbone.no_decay,1.3516085790884719e-05
331,1789025047.8952801,lr/detect_head.decay,0.0
331,1789025047.8952801,lr/detect_head.no_decay,0.0
331,1789025047.8952801,lr/neck.decay,6.758042895442359e-05
331,1789025047.8952801,lr/neck.no_decay,6.758042895442359e-05
331,1789025047.8952801,lr/pose_head.decay,0.00018021447721179625
331,1789025047.8952801,lr/pose_head.no_decay,0.00018021447721179625
331,1789025047.8952801,pose/component_0,1.4150148630142212
331,1789025047.8952801,pose/component_1,0.08276379108428955
331,1789025047.8952801,pose/component_2,0.017367970198392868
331,1789025047.8952801,pose/component_3,0.8343396782875061
331,1789025047.8952801,pose/component_4,0.006014993414282799
331,1789025047.8952801,pose/component_5,1.5330595970153809
332,1789025048.0177488,amp/overflow_retries,0.0
332,1789025048.0177488,amp/scale,16.0
332,1789025048.0177488,gradient/clipped_norm,21879.802734375
332,1789025048.0177488,images/detect,0.0
332,1789025048.0177488,images/pose,16.0
332,1789025048.0177488,loss/backward,383.8564758300781
332,1789025048.0177488,loss/detect_mean,0.0
332,1789025048.0177488,loss/joint_mean,5.997757434844971
332,1789025048.0177488,loss/pose_mean,5.997757434844971
332,1789025048.0177488,lr/attention.decay,0.0
332,1789025048.0177488,lr/attention.no_decay,0.0
332,1789025048.0177488,lr/backbone.decay,1.3552278820375337e-05
332,1789025048.0177488,lr/backbone.no_decay,1.3552278820375337e-05
332,1789025048.0177488,lr/detect_head.decay,0.0
332,1789025048.0177488,lr/detect_head.no_decay,0.0
332,1789025048.0177488,lr/neck.decay,6.776139410187668e-05
332,1789025048.0177488,lr/neck.no_decay,6.776139410187668e-05
332,1789025048.0177488,lr/pose_head.decay,0.0001806970509383378
332,1789025048.0177488,lr/pose_head.no_decay,0.0001806970509383378
332,1789025048.0177488,pose/component_0,1.358145833015442
332,1789025048.0177488,pose/component_1,0.06134792044758797
332,1789025048.0177488,pose/component_2,0.06151142343878746
332,1789025048.0177488,pose/component_3,0.7360106706619263
332,1789025048.0177488,pose/component_4,0.004775244742631912
332,1789025048.0177488,pose/component_5,1.8082350492477417
333,1789025048.1396227,amp/overflow_retries,0.0
333,1789025048.1396227,amp/scale,16.0
333,1789025048.1396227,gradient/clipped_norm,16131.630859375
333,1789025048.1396227,images/detect,0.0
333,1789025048.1396227,images/pose,16.0
333,1789025048.1396227,loss/backward,342.6809387207031
333,1789025048.1396227,loss/detect_mean,0.0
333,1789025048.1396227,loss/joint_mean,5.354389667510986
333,1789025048.1396227,loss/pose_mean,5.354389667510986
333,1789025048.1396227,lr/attention.decay,0.0
333,1789025048.1396227,lr/attention.no_decay,0.0
333,1789025048.1396227,lr/backbone.decay,1.3588471849865952e-05
333,1789025048.1396227,lr/backbone.no_decay,1.3588471849865952e-05
333,1789025048.1396227,lr/detect_head.decay,0.0
333,1789025048.1396227,lr/detect_head.no_decay,0.0
333,1789025048.1396227,lr/neck.decay,6.794235924932976e-05
333,1789025048.1396227,lr/neck.no_decay,6.794235924932976e-05
333,1789025048.1396227,lr/pose_head.decay,0.00018117962466487937
333,1789025048.1396227,lr/pose_head.no_decay,0.00018117962466487937
333,1789025048.1396227,pose/component_0,1.557753086090088
333,1789025048.1396227,pose/component_1,0.06893208622932434
333,1789025048.1396227,pose/component_2,0.02550903707742691
333,1789025048.1396227,pose/component_3,0.8637191653251648
333,1789025048.1396227,pose/component_4,0.005800801794975996
333,1789025048.1396227,pose/component_5,0.8505407571792603
334,1789025048.2618265,amp/overflow_retries,0.0
334,1789025048.2618265,amp/scale,16.0
334,1789025048.2618265,gradient/clipped_norm,10191.83203125
334,1789025048.2618265,images/detect,0.0
334,1789025048.2618265,images/pose,16.0
334,1789025048.2618265,loss/backward,397.943603515625
334,1789025048.2618265,loss/detect_mean,0.0
334,1789025048.2618265,loss/joint_mean,6.217868804931641
334,1789025048.2618265,loss/pose_mean,6.217868804931641
334,1789025048.2618265,lr/attention.decay,0.0
334,1789025048.2618265,lr/attention.no_decay,0.0
334,1789025048.2618265,lr/backbone.decay,1.362466487935657e-05
334,1789025048.2618265,lr/backbone.no_decay,1.362466487935657e-05
334,1789025048.2618265,lr/detect_head.decay,0.0
334,1789025048.2618265,lr/detect_head.no_decay,0.0
334,1789025048.2618265,lr/neck.decay,6.812332439678284e-05
334,1789025048.2618265,lr/neck.no_decay,6.812332439678284e-05
334,1789025048.2618265,lr/pose_head.decay,0.00018166219839142094
334,1789025048.2618265,lr/pose_head.no_decay,0.00018166219839142094
334,1789025048.2618265,pose/component_0,1.2048813104629517
334,1789025048.2618265,pose/component_1,0.1319006085395813
334,1789025048.2618265,pose/component_2,0.014483264647424221
334,1789025048.2618265,pose/component_3,0.7850493788719177
334,1789025048.2618265,pose/component_4,0.011264404281973839
334,1789025048.2618265,pose/component_5,3.0732574462890625
335,1789025048.3840744,amp/overflow_retries,0.0
335,1789025048.3840744,amp/scale,16.0
335,1789025048.3840744,gradient/clipped_norm,9779.9443359375
335,1789025048.3840744,images/detect,0.0
335,1789025048.3840744,images/pose,16.0
335,1789025048.3840744,loss/backward,213.85362243652344
335,1789025048.3840744,loss/detect_mean,0.0
335,1789025048.3840744,loss/joint_mean,3.3414628505706787
335,1789025048.3840744,loss/pose_mean,3.3414628505706787
335,1789025048.3840744,lr/attention.decay,0.0
335,1789025048.3840744,lr/attention.no_decay,0.0
335,1789025048.3840744,lr/backbone.decay,1.3660857908847186e-05
335,1789025048.3840744,lr/backbone.no_decay,1.3660857908847186e-05
335,1789025048.3840744,lr/detect_head.decay,0.0
335,1789025048.3840744,lr/detect_head.no_decay,0.0
335,1789025048.3840744,lr/neck.decay,6.830428954423592e-05
335,1789025048.3840744,lr/neck.no_decay,6.830428954423592e-05
335,1789025048.3840744,lr/pose_head.decay,0.00018214477211796247
335,1789025048.3840744,lr/pose_head.no_decay,0.00018214477211796247
335,1789025048.3840744,pose/component_0,1.2148542404174805
335,1789025048.3840744,pose/component_1,0.03194701299071312
335,1789025048.3840744,pose/component_2,0.020463455468416214
335,1789025048.3840744,pose/component_3,0.546384334564209
335,1789025048.3840744,pose/component_4,0.0035900913644582033
335,1789025048.3840744,pose/component_5,0.042274147272109985
336,1789025048.5059888,amp/overflow_retries,0.0
336,1789025048.5059888,amp/scale,16.0
336,1789025048.5059888,gradient/clipped_norm,14455.13671875
336,1789025048.5059888,images/detect,0.0
336,1789025048.5059888,images/pose,16.0
336,1789025048.5059888,loss/backward,271.56622314453125
336,1789025048.5059888,loss/detect_mean,0.0
336,1789025048.5059888,loss/joint_mean,4.243222236633301
336,1789025048.5059888,loss/pose_mean,4.243222236633301
336,1789025048.5059888,lr/attention.decay,0.0
336,1789025048.5059888,lr/attention.no_decay,0.0
336,1789025048.5059888,lr/backbone.decay,1.3697050938337801e-05
336,1789025048.5059888,lr/backbone.no_decay,1.3697050938337801e-05
336,1789025048.5059888,lr/detect_head.decay,0.0
336,1789025048.5059888,lr/detect_head.no_decay,0.0
336,1789025048.5059888,lr/neck.decay,6.8485254691689e-05
336,1789025048.5059888,lr/neck.no_decay,6.8485254691689e-05
336,1789025048.5059888,lr/pose_head.decay,0.00018262734584450403
336,1789025048.5059888,lr/pose_head.no_decay,0.00018262734584450403
336,1789025048.5059888,pose/component_0,1.2296576499938965
336,1789025048.5059888,pose/component_1,0.029977817088365555
336,1789025048.5059888,pose/component_2,0.07733502238988876
336,1789025048.5059888,pose/component_3,0.5599207282066345
336,1789025048.5059888,pose/component_4,0.006127410102635622
336,1789025048.5059888,pose/component_5,1.5324909687042236
337,1789025048.62797,amp/overflow_retries,0.0
337,1789025048.62797,amp/scale,16.0
337,1789025048.62797,gradient/clipped_norm,11545.5576171875
337,1789025048.62797,images/detect,0.0
337,1789025048.62797,images/pose,16.0
337,1789025048.62797,loss/backward,242.3480224609375
337,1789025048.62797,loss/detect_mean,0.0
337,1789025048.62797,loss/joint_mean,3.7866878509521484
337,1789025048.62797,loss/pose_mean,3.7866878509521484
337,1789025048.62797,lr/attention.decay,0.0
337,1789025048.62797,lr/attention.no_decay,0.0
337,1789025048.62797,lr/backbone.decay,1.373324396782842e-05
337,1789025048.62797,lr/backbone.no_decay,1.373324396782842e-05
337,1789025048.62797,lr/detect_head.decay,0.0
337,1789025048.62797,lr/detect_head.no_decay,0.0
337,1789025048.62797,lr/neck.decay,6.866621983914209e-05
337,1789025048.62797,lr/neck.no_decay,6.866621983914209e-05
337,1789025048.62797,lr/pose_head.decay,0.0001831099195710456
337,1789025048.62797,lr/pose_head.no_decay,0.0001831099195710456
337,1789025048.62797,pose/component_0,1.3497580289840698
337,1789025048.62797,pose/component_1,0.0786399319767952
337,1789025048.62797,pose/component_2,0.01581377163529396
337,1789025048.62797,pose/component_3,0.630452036857605
337,1789025048.62797,pose/component_4,0.00438139820471406
337,1789025048.62797,pose/component_5,0.9489067792892456
338,1789025048.7504847,amp/overflow_retries,0.0
338,1789025048.7504847,amp/scale,16.0
338,1789025048.7504847,gradient/clipped_norm,11258.2197265625
338,1789025048.7504847,images/detect,0.0
338,1789025048.7504847,images/pose,16.0
338,1789025048.7504847,loss/backward,294.6570129394531
338,1789025048.7504847,loss/detect_mean,0.0
338,1789025048.7504847,loss/joint_mean,4.604015827178955
338,1789025048.7504847,loss/pose_mean,4.604015827178955
338,1789025048.7504847,lr/attention.decay,0.0
338,1789025048.7504847,lr/attention.no_decay,0.0
338,1789025048.7504847,lr/backbone.decay,1.3769436997319036e-05
338,1789025048.7504847,lr/backbone.no_decay,1.3769436997319036e-05
338,1789025048.7504847,lr/detect_head.decay,0.0
338,1789025048.7504847,lr/detect_head.no_decay,0.0
338,1789025048.7504847,lr/neck.decay,6.884718498659517e-05
338,1789025048.7504847,lr/neck.no_decay,6.884718498659517e-05
338,1789025048.7504847,lr/pose_head.decay,0.00018359249329758713
338,1789025048.7504847,lr/pose_head.no_decay,0.00018359249329758713
338,1789025048.7504847,pose/component_0,1.4372718334197998
338,1789025048.7504847,pose/component_1,0.08913849294185638
338,1789025048.7504847,pose/component_2,0.018059415742754936
338,1789025048.7504847,pose/component_3,0.640587329864502
338,1789025048.7504847,pose/component_4,0.005523250438272953
338,1789025048.7504847,pose/component_5,0.8075266480445862
339,1789025048.8721375,amp/overflow_retries,0.0
339,1789025048.8721375,amp/scale,16.0
339,1789025048.8721375,gradient/clipped_norm,15034.935546875
339,1789025048.8721375,images/detect,0.0
339,1789025048.8721375,images/pose,16.0
339,1789025048.8721375,loss/backward,291.11273193359375
339,1789025048.8721375,loss/detect_mean,0.0
339,1789025048.8721375,loss/joint_mean,4.548636436462402
339,1789025048.8721375,loss/pose_mean,4.548636436462402
339,1789025048.8721375,lr/attention.decay,0.0
339,1789025048.8721375,lr/attention.no_decay,0.0
339,1789025048.8721375,lr/backbone.decay,1.3805630026809652e-05
339,1789025048.8721375,lr/backbone.no_decay,1.3805630026809652e-05
339,1789025048.8721375,lr/detect_head.decay,0.0
339,1789025048.8721375,lr/detect_head.no_decay,0.0
339,1789025048.8721375,lr/neck.decay,6.902815013404826e-05
339,1789025048.8721375,lr/neck.no_decay,6.902815013404826e-05
339,1789025048.8721375,lr/pose_head.decay,0.00018407506702412872
339,1789025048.8721375,lr/pose_head.no_decay,0.00018407506702412872
339,1789025048.8721375,pose/component_0,1.0224138498306274
339,1789025048.8721375,pose/component_1,0.039982691407203674
339,1789025048.8721375,pose/component_2,0.012882315553724766
339,1789025048.8721375,pose/component_3,0.7338250875473022
339,1789025048.8721375,pose/component_4,0.004713225178420544
339,1789025048.8721375,pose/component_5,1.71751070022583
340,1789025048.9952714,amp/overflow_retries,0.0
340,1789025048.9952714,amp/scale,16.0
340,1789025048.9952714,gradient/clipped_norm,9157.650390625
340,1789025048.9952714,images/detect,0.0
340,1789025048.9952714,images/pose,16.0
340,1789025048.9952714,loss/backward,223.8895721435547
340,1789025048.9952714,loss/detect_mean,0.0
340,1789025048.9952714,loss/joint_mean,3.498274564743042
340,1789025048.9952714,loss/pose_mean,3.498274564743042
340,1789025048.9952714,lr/attention.decay,0.0
340,1789025048.9952714,lr/attention.no_decay,0.0
340,1789025048.9952714,lr/backbone.decay,1.3841823056300269e-05
340,1789025048.9952714,lr/backbone.no_decay,1.3841823056300269e-05
340,1789025048.9952714,lr/detect_head.decay,0.0
340,1789025048.9952714,lr/detect_head.no_decay,0.0
340,1789025048.9952714,lr/neck.decay,6.920911528150134e-05
340,1789025048.9952714,lr/neck.no_decay,6.920911528150134e-05
340,1789025048.9952714,lr/pose_head.decay,0.00018455764075067026
340,1789025048.9952714,lr/pose_head.no_decay,0.00018455764075067026
340,1789025048.9952714,pose/component_0,1.306999921798706
340,1789025048.9952714,pose/component_1,0.03989136964082718
340,1789025048.9952714,pose/component_2,0.07699772715568542
340,1789025048.9952714,pose/component_3,0.7313483357429504
340,1789025048.9952714,pose/component_4,0.005201901309192181
340,1789025048.9952714,pose/component_5,0.8226295709609985
341,1789025049.1175303,amp/overflow_retries,0.0
341,1789025049.1175303,amp/scale,16.0
341,1789025049.1175303,gradient/clipped_norm,8546.0830078125
341,1789025049.1175303,images/detect,0.0
341,1789025049.1175303,images/pose,16.0
341,1789025049.1175303,loss/backward,208.41754150390625
341,1789025049.1175303,loss/detect_mean,0.0
341,1789025049.1175303,loss/joint_mean,3.256524085998535
341,1789025049.1175303,loss/pose_mean,3.256524085998535
341,1789025049.1175303,lr/attention.decay,0.0
341,1789025049.1175303,lr/attention.no_decay,0.0
341,1789025049.1175303,lr/backbone.decay,1.3878016085790885e-05
341,1789025049.1175303,lr/backbone.no_decay,1.3878016085790885e-05
341,1789025049.1175303,lr/detect_head.decay,0.0
341,1789025049.1175303,lr/detect_head.no_decay,0.0
341,1789025049.1175303,lr/neck.decay,6.939008042895442e-05
341,1789025049.1175303,lr/neck.no_decay,6.939008042895442e-05
341,1789025049.1175303,lr/pose_head.decay,0.0001850402144772118
341,1789025049.1175303,lr/pose_head.no_decay,0.0001850402144772118
341,1789025049.1175303,pose/component_0,1.4313902854919434
341,1789025049.1175303,pose/component_1,0.028659150004386902
341,1789025049.1175303,pose/component_2,0.08000600337982178
341,1789025049.1175303,pose/component_3,0.7724663019180298
341,1789025049.1175303,pose/component_4,0.004693372640758753
341,1789025049.1175303,pose/component_5,0.10774697363376617
342,1789025049.2396462,amp/overflow_retries,0.0
342,1789025049.2396462,amp/scale,16.0
342,1789025049.2396462,gradient/clipped_norm,8236.33984375
342,1789025049.2396462,images/detect,0.0
342,1789025049.2396462,images/pose,16.0
342,1789025049.2396462,loss/backward,218.60873413085938
342,1789025049.2396462,loss/detect_mean,0.0
342,1789025049.2396462,loss/joint_mean,3.4157614707946777
342,1789025049.2396462,loss/pose_mean,3.4157614707946777
342,1789025049.2396462,lr/attention.decay,0.0
342,1789025049.2396462,lr/attention.no_decay,0.0
342,1789025049.2396462,lr/backbone.decay,1.39142091152815e-05
342,1789025049.2396462,lr/backbone.no_decay,1.39142091152815e-05
342,1789025049.2396462,lr/detect_head.decay,0.0
342,1789025049.2396462,lr/detect_head.no_decay,0.0
342,1789025049.2396462,lr/neck.decay,6.957104557640749e-05
342,1789025049.2396462,lr/neck.no_decay,6.957104557640749e-05
342,1789025049.2396462,lr/pose_head.decay,0.00018552278820375335
342,1789025049.2396462,lr/pose_head.no_decay,0.00018552278820375335
342,1789025049.2396462,pose/component_0,1.1569859981536865
342,1789025049.2396462,pose/component_1,0.05593658983707428
342,1789025049.2396462,pose/component_2,0.031682416796684265
342,1789025049.2396462,pose/component_3,0.5951710343360901
342,1789025049.2396462,pose/component_4,0.004347182344645262
342,1789025049.2396462,pose/component_5,0.3296470046043396
343,1789025049.361238,amp/overflow_retries,0.0
343,1789025049.361238,amp/scale,16.0
343,1789025049.361238,gradient/clipped_norm,17934.7890625
343,1789025049.361238,images/detect,0.0
343,1789025049.361238,images/pose,16.0
343,1789025049.361238,loss/backward,412.41363525390625
343,1789025049.361238,loss/detect_mean,0.0
343,1789025049.361238,loss/joint_mean,6.443963050842285
343,1789025049.361238,loss/pose_mean,6.443963050842285
343,1789025049.361238,lr/attention.decay,0.0
343,1789025049.361238,lr/attention.no_decay,0.0
343,1789025049.361238,lr/backbone.decay,1.3950402144772117e-05
343,1789025049.361238,lr/backbone.no_decay,1.3950402144772117e-05
343,1789025049.361238,lr/detect_head.decay,0.0
343,1789025049.361238,lr/detect_head.no_decay,0.0
343,1789025049.361238,lr/neck.decay,6.975201072386058e-05
343,1789025049.361238,lr/neck.no_decay,6.975201072386058e-05
343,1789025049.361238,lr/pose_head.decay,0.0001860053619302949
343,1789025049.361238,lr/pose_head.no_decay,0.0001860053619302949
343,1789025049.361238,pose/component_0,1.2878886461257935
343,1789025049.361238,pose/component_1,0.22975996136665344
343,1789025049.361238,pose/component_2,0.046126239001750946
343,1789025049.361238,pose/component_3,0.9205802083015442
343,1789025049.361238,pose/component_4,0.006239407695829868
343,1789025049.361238,pose/component_5,2.7923085689544678
344,1789025049.482966,amp/overflow_retries,0.0
344,1789025049.482966,amp/scale,16.0
344,1789025049.482966,gradient/clipped_norm,18202.76953125
344,1789025049.482966,images/detect,0.0
344,1789025049.482966,images/pose,16.0
344,1789025049.482966,loss/backward,270.981201171875
344,1789025049.482966,loss/detect_mean,0.0
344,1789025049.482966,loss/joint_mean,4.234081268310547
344,1789025049.482966,loss/pose_mean,4.234081268310547
344,1789025049.482966,lr/attention.decay,0.0
344,1789025049.482966,lr/attention.no_decay,0.0
344,1789025049.482966,lr/backbone.decay,1.3986595174262735e-05
344,1789025049.482966,lr/backbone.no_decay,1.3986595174262735e-05
344,1789025049.482966,lr/detect_head.decay,0.0
344,1789025049.482966,lr/detect_head.no_decay,0.0
344,1789025049.482966,lr/neck.decay,6.993297587131367e-05
344,1789025049.482966,lr/neck.no_decay,6.993297587131367e-05
344,1789025049.482966,lr/pose_head.decay,0.00018648793565683645
344,1789025049.482966,lr/pose_head.no_decay,0.00018648793565683645
344,1789025049.482966,pose/component_0,0.9945960640907288
344,1789025049.482966,pose/component_1,0.06600198149681091
344,1789025049.482966,pose/component_2,0.023115137591958046
344,1789025049.482966,pose/component_3,0.9078439474105835
344,1789025049.482966,pose/component_4,0.0043832166120409966
344,1789025049.482966,pose/component_5,1.221177577972412
345,1789025049.6053042,amp/overflow_retries,0.0
345,1789025049.6053042,amp/scale,16.0
345,1789025049.6053042,gradient/clipped_norm,15212.7138671875
345,1789025049.6053042,images/detect,0.0
345,1789025049.6053042,images/pose,16.0
345,1789025049.6053042,loss/backward,347.9113464355469
345,1789025049.6053042,loss/detect_mean,0.0
345,1789025049.6053042,loss/joint_mean,5.43611478805542
345,1789025049.6053042,loss/pose_mean,5.43611478805542
345,1789025049.6053042,lr/attention.decay,0.0
345,1789025049.6053042,lr/attention.no_decay,0.0
345,1789025049.6053042,lr/backbone.decay,1.4022788203753351e-05
345,1789025049.6053042,lr/backbone.no_decay,1.4022788203753351e-05
345,1789025049.6053042,lr/detect_head.decay,0.0
345,1789025049.6053042,lr/detect_head.no_decay,0.0
345,1789025049.6053042,lr/neck.decay,7.011394101876675e-05
345,1789025049.6053042,lr/neck.no_decay,7.011394101876675e-05
345,1789025049.6053042,lr/pose_head.decay,0.00018697050938337801
345,1789025049.6053042,lr/pose_head.no_decay,0.00018697050938337801
345,1789025049.6053042,pose/component_0,1.2524906396865845
345,1789025049.6053042,pose/component_1,0.12318038195371628
345,1789025049.6053042,pose/component_2,0.04873477667570114
345,1789025049.6053042,pose/component_3,0.8744098544120789
345,1789025049.6053042,pose/component_4,0.007591915316879749
345,1789025049.6053042,pose/component_5,1.5236296653747559
346,1789025049.727399,amp/overflow_retries,0.0
346,1789025049.727399,amp/scale,16.0
346,1789025049.727399,gradient/clipped_norm,12168.9033203125
346,1789025049.727399,images/detect,0.0
346,1789025049.727399,images/pose,16.0
346,1789025049.727399,loss/backward,209.58197021484375
346,1789025049.727399,loss/detect_mean,0.0
346,1789025049.727399,loss/joint_mean,3.2747182846069336
346,1789025049.727399,loss/pose_mean,3.2747182846069336
346,1789025049.727399,lr/attention.decay,0.0
346,1789025049.727399,lr/attention.no_decay,0.0
346,1789025049.727399,lr/backbone.decay,1.4058981233243968e-05
346,1789025049.727399,lr/backbone.no_decay,1.4058981233243968e-05
346,1789025049.727399,lr/detect_head.decay,0.0
346,1789025049.727399,lr/detect_head.no_decay,0.0
346,1789025049.727399,lr/neck.decay,7.029490616621983e-05
346,1789025049.727399,lr/neck.no_decay,7.029490616621983e-05
346,1789025049.727399,lr/pose_head.decay,0.00018745308310991958
346,1789025049.727399,lr/pose_head.no_decay,0.00018745308310991958
346,1789025049.727399,pose/component_0,1.3026939630508423
346,1789025049.727399,pose/component_1,0.03267618268728256
346,1789025049.727399,pose/component_2,0.010565065778791904
346,1789025049.727399,pose/component_3,0.7791844606399536
346,1789025049.727399,pose/component_4,0.00532109010964632
346,1789025049.727399,pose/component_5,0.0
347,1789025049.850558,amp/overflow_retries,0.0
347,1789025049.850558,amp/scale,16.0
347,1789025049.850558,gradient/clipped_norm,12338.6669921875
347,1789025049.850558,images/detect,0.0
347,1789025049.850558,images/pose,16.0
347,1789025049.850558,loss/backward,302.46173095703125
347,1789025049.850558,loss/detect_mean,0.0
347,1789025049.850558,loss/joint_mean,4.725964546203613
347,1789025049.850558,loss/pose_mean,4.725964546203613
347,1789025049.850558,lr/attention.decay,0.0
347,1789025049.850558,lr/attention.no_decay,0.0
347,1789025049.850558,lr/backbone.decay,1.4095174262734584e-05
347,1789025049.850558,lr/backbone.no_decay,1.4095174262734584e-05
347,1789025049.850558,lr/detect_head.decay,0.0
347,1789025049.850558,lr/detect_head.no_decay,0.0
347,1789025049.850558,lr/neck.decay,7.047587131367291e-05
347,1789025049.850558,lr/neck.no_decay,7.047587131367291e-05
347,1789025049.850558,lr/pose_head.decay,0.00018793565683646114
347,1789025049.850558,lr/pose_head.no_decay,0.00018793565683646114
347,1789025049.850558,pose/component_0,1.0085909366607666
347,1789025049.850558,pose/component_1,0.03587713837623596
347,1789025049.850558,pose/component_2,0.021001942455768585
347,1789025049.850558,pose/component_3,0.5271859169006348
347,1789025049.850558,pose/component_4,0.0074325865134596825
347,1789025049.850558,pose/component_5,1.3575552701950073
348,1789025049.9724967,amp/overflow_retries,0.0
348,1789025049.9724967,amp/scale,16.0
348,1789025049.9724967,gradient/clipped_norm,10229.494140625
348,1789025049.9724967,images/detect,0.0
348,1789025049.9724967,images/pose,16.0
348,1789025049.9724967,loss/backward,242.69354248046875
348,1789025049.9724967,loss/detect_mean,0.0
348,1789025049.9724967,loss/joint_mean,3.792086601257324
348,1789025049.9724967,loss/pose_mean,3.792086601257324
348,1789025049.9724967,lr/attention.decay,0.0
348,1789025049.9724967,lr/attention.no_decay,0.0
348,1789025049.9724967,lr/backbone.decay,1.4131367292225201e-05
348,1789025049.9724967,lr/backbone.no_decay,1.4131367292225201e-05
348,1789025049.9724967,lr/detect_head.decay,0.0
348,1789025049.9724967,lr/detect_head.no_decay,0.0
348,1789025049.9724967,lr/neck.decay,7.0656836461126e-05
348,1789025049.9724967,lr/neck.no_decay,7.0656836461126e-05
348,1789025049.9724967,lr/pose_head.decay,0.00018841823056300267
348,1789025049.9724967,lr/pose_head.no_decay,0.00018841823056300267
348,1789025049.9724967,pose/component_0,1.2145739793777466
348,1789025049.9724967,pose/component_1,0.08022837340831757
348,1789025049.9724967,pose/component_2,0.03566889837384224
348,1789025049.9724967,pose/component_3,0.603060781955719
348,1789025049.9724967,pose/component_4,0.004386040847748518
348,1789025049.9724967,pose/component_5,1.7205926179885864
349,1789025050.0942173,amp/overflow_retries,0.0
349,1789025050.0942173,amp/scale,16.0
349,1789025050.0942173,gradient/clipped_norm,13430.8955078125
349,1789025050.0942173,images/detect,0.0
349,1789025050.0942173,images/pose,16.0
349,1789025050.0942173,loss/backward,240.87301635742188
349,1789025050.0942173,loss/detect_mean,0.0
349,1789025050.0942173,loss/joint_mean,3.763640880584717
349,1789025050.0942173,loss/pose_mean,3.763640880584717
349,1789025050.0942173,lr/attention.decay,0.0
349,1789025050.0942173,lr/attention.no_decay,0.0
349,1789025050.0942173,lr/backbone.decay,1.4167560321715817e-05
349,1789025050.0942173,lr/backbone.no_decay,1.4167560321715817e-05
349,1789025050.0942173,lr/detect_head.decay,0.0
349,1789025050.0942173,lr/detect_head.no_decay,0.0
349,1789025050.0942173,lr/neck.decay,7.083780160857908e-05
349,1789025050.0942173,lr/neck.no_decay,7.083780160857908e-05
349,1789025050.0942173,lr/pose_head.decay,0.00018890080428954424
349,1789025050.0942173,lr/pose_head.no_decay,0.00018890080428954424
349,1789025050.0942173,pose/component_0,1.2266228199005127
349,1789025050.0942173,pose/component_1,0.06402908265590668
349,1789025050.0942173,pose/component_2,0.01837441697716713
349,1789025050.0942173,pose/component_3,0.655290961265564
349,1789025050.0942173,pose/component_4,0.006663247011601925
349,1789025050.0942173,pose/component_5,1.3926658630371094
350,1789025050.2164626,amp/overflow_retries,0.0
350,1789025050.2164626,amp/scale,16.0
350,1789025050.2164626,gradient/clipped_norm,12803.1484375
350,1789025050.2164626,images/detect,0.0
350,1789025050.2164626,images/pose,16.0
350,1789025050.2164626,loss/backward,287.7619934082031
350,1789025050.2164626,loss/detect_mean,0.0
350,1789025050.2164626,loss/joint_mean,4.496281147003174
350,1789025050.2164626,loss/pose_mean,4.496281147003174
350,1789025050.2164626,lr/attention.decay,0.0
350,1789025050.2164626,lr/attention.no_decay,0.0
350,1789025050.2164626,lr/backbone.decay,1.4203753351206434e-05
350,1789025050.2164626,lr/backbone.no_decay,1.4203753351206434e-05
350,1789025050.2164626,lr/detect_head.decay,0.0
350,1789025050.2164626,lr/detect_head.no_decay,0.0
350,1789025050.2164626,lr/neck.decay,7.101876675603216e-05
350,1789025050.2164626,lr/neck.no_decay,7.101876675603216e-05
350,1789025050.2164626,lr/pose_head.decay,0.0001893833780160858
350,1789025050.2164626,lr/pose_head.no_decay,0.0001893833780160858
350,1789025050.2164626,pose/component_0,1.2528711557388306
350,1789025050.2164626,pose/component_1,0.05530570447444916
350,1789025050.2164626,pose/component_2,0.03740093484520912
350,1789025050.2164626,pose/component_3,0.8112528324127197
350,1789025050.2164626,pose/component_4,0.006674737203866243
350,1789025050.2164626,pose/component_5,1.8318054676055908
351,1789025050.339279,amp/overflow_retries,0.0
351,1789025050.339279,amp/scale,16.0
351,1789025050.339279,gradient/clipped_norm,22835.939453125
351,1789025050.339279,images/detect,0.0
351,1789025050.339279,images/pose,16.0
351,1789025050.339279,loss/backward,366.7121887207031
351,1789025050.339279,loss/detect_mean,0.0
351,1789025050.339279,loss/joint_mean,5.729877948760986
351,1789025050.339279,loss/pose_mean,5.729877948760986
351,1789025050.339279,lr/attention.decay,0.0
351,1789025050.339279,lr/attention.no_decay,0.0
351,1789025050.339279,lr/backbone.decay,1.4239946380697052e-05
351,1789025050.339279,lr/backbone.no_decay,1.4239946380697052e-05
351,1789025050.339279,lr/detect_head.decay,0.0
351,1789025050.339279,lr/detect_head.no_decay,0.0
351,1789025050.339279,lr/neck.decay,7.119973190348525e-05
351,1789025050.339279,lr/neck.no_decay,7.119973190348525e-05
351,1789025050.339279,lr/pose_head.decay,0.00018986595174262736
351,1789025050.339279,lr/pose_head.no_decay,0.00018986595174262736
351,1789025050.339279,pose/component_0,1.2896177768707275
351,1789025050.339279,pose/component_1,0.10771091282367706
351,1789025050.339279,pose/component_2,0.025442270562052727
351,1789025050.339279,pose/component_3,0.6992748379707336
351,1789025050.339279,pose/component_4,0.006881954614073038
351,1789025050.339279,pose/component_5,2.270393133163452
352,1789025050.4630482,amp/overflow_retries,0.0
352,1789025050.4630482,amp/scale,16.0
352,1789025050.4630482,gradient/clipped_norm,11283.400390625
352,1789025050.4630482,images/detect,0.0
352,1789025050.4630482,images/pose,16.0
352,1789025050.4630482,loss/backward,255.13101196289062
352,1789025050.4630482,loss/detect_mean,0.0
352,1789025050.4630482,loss/joint_mean,3.986422061920166
352,1789025050.4630482,loss/pose_mean,3.986422061920166
352,1789025050.4630482,lr/attention.decay,0.0
352,1789025050.4630482,lr/attention.no_decay,0.0
352,1789025050.4630482,lr/backbone.decay,1.4276139410187667e-05
352,1789025050.4630482,lr/backbone.no_decay,1.4276139410187667e-05
352,1789025050.4630482,lr/detect_head.decay,0.0
352,1789025050.4630482,lr/detect_head.no_decay,0.0
352,1789025050.4630482,lr/neck.decay,7.138069705093833e-05
352,1789025050.4630482,lr/neck.no_decay,7.138069705093833e-05
352,1789025050.4630482,lr/pose_head.decay,0.0001903485254691689
352,1789025050.4630482,lr/pose_head.no_decay,0.0001903485254691689
352,1789025050.4630482,pose/component_0,1.2858246564865112
352,1789025050.4630482,pose/component_1,0.04585542157292366
352,1789025050.4630482,pose/component_2,0.10382037609815598
352,1789025050.4630482,pose/component_3,0.6191112399101257
352,1789025050.4630482,pose/component_4,0.006033503450453281
352,1789025050.4630482,pose/component_5,1.3388047218322754
353,1789025050.58472,amp/overflow_retries,0.0
353,1789025050.58472,amp/scale,16.0
353,1789025050.58472,gradient/clipped_norm,13131.1171875
353,1789025050.58472,images/detect,0.0
353,1789025050.58472,images/pose,16.0
353,1789025050.58472,loss/backward,357.89288330078125
353,1789025050.58472,loss/detect_mean,0.0
353,1789025050.58472,loss/joint_mean,5.592076301574707
353,1789025050.58472,loss/pose_mean,5.592076301574707
353,1789025050.58472,lr/attention.decay,0.0
353,1789025050.58472,lr/attention.no_decay,0.0
353,1789025050.58472,lr/backbone.decay,1.4312332439678283e-05
353,1789025050.58472,lr/backbone.no_decay,1.4312332439678283e-05
353,1789025050.58472,lr/detect_head.decay,0.0
353,1789025050.58472,lr/detect_head.no_decay,0.0
353,1789025050.58472,lr/neck.decay,7.15616621983914e-05
353,1789025050.58472,lr/neck.no_decay,7.15616621983914e-05
353,1789025050.58472,lr/pose_head.decay,0.00019083109919571046
353,1789025050.58472,lr/pose_head.no_decay,0.00019083109919571046
353,1789025050.58472,pose/component_0,1.3528695106506348
353,1789025050.58472,pose/component_1,0.15381787717342377
353,1789025050.58472,pose/component_2,0.050909705460071564
353,1789025050.58472,pose/component_3,0.5950342416763306
353,1789025050.58472,pose/component_4,0.0064306966960430145
353,1789025050.58472,pose/component_5,2.057983875274658
354,1789025050.7070017,amp/overflow_retries,0.0
354,1789025050.7070017,amp/scale,16.0
354,1789025050.7070017,gradient/clipped_norm,24320.1640625
354,1789025050.7070017,images/detect,0.0
354,1789025050.7070017,images/pose,16.0
354,1789025050.7070017,loss/backward,448.23931884765625
354,1789025050.7070017,loss/detect_mean,0.0
354,1789025050.7070017,loss/joint_mean,7.003739356994629
354,1789025050.7070017,loss/pose_mean,7.003739356994629
354,1789025050.7070017,lr/attention.decay,0.0
354,1789025050.7070017,lr/attention.no_decay,0.0
354,1789025050.7070017,lr/backbone.decay,1.4348525469168902e-05
354,1789025050.7070017,lr/backbone.no_decay,1.4348525469168902e-05
354,1789025050.7070017,lr/detect_head.decay,0.0
354,1789025050.7070017,lr/detect_head.no_decay,0.0
354,1789025050.7070017,lr/neck.decay,7.17426273458445e-05
354,1789025050.7070017,lr/neck.no_decay,7.17426273458445e-05
354,1789025050.7070017,lr/pose_head.decay,0.00019131367292225202
354,1789025050.7070017,lr/pose_head.no_decay,0.00019131367292225202
354,1789025050.7070017,pose/component_0,1.659104585647583
354,1789025050.7070017,pose/component_1,0.13170063495635986
354,1789025050.7070017,pose/component_2,0.044589243829250336
354,1789025050.7070017,pose/component_3,1.1332651376724243
354,1789025050.7070017,pose/component_4,0.006852365098893642
354,1789025050.7070017,pose/component_5,4.015871047973633
355,1789025050.8291728,amp/overflow_retries,0.0
355,1789025050.8291728,amp/scale,16.0
355,1789025050.8291728,gradient/clipped_norm,17314.88671875
355,1789025050.8291728,images/detect,0.0
355,1789025050.8291728,images/pose,16.0
355,1789025050.8291728,loss/backward,403.3371276855469
355,1789025050.8291728,loss/detect_mean,0.0
355,1789025050.8291728,loss/joint_mean,6.30214262008667
355,1789025050.8291728,loss/pose_mean,6.30214262008667
355,1789025050.8291728,lr/attention.decay,0.0
355,1789025050.8291728,lr/attention.no_decay,0.0
355,1789025050.8291728,lr/backbone.decay,1.4384718498659516e-05
355,1789025050.8291728,lr/backbone.no_decay,1.4384718498659516e-05
355,1789025050.8291728,lr/detect_head.decay,0.0
355,1789025050.8291728,lr/detect_head.no_decay,0.0
355,1789025050.8291728,lr/neck.decay,7.192359249329757e-05
355,1789025050.8291728,lr/neck.no_decay,7.192359249329757e-05
355,1789025050.8291728,lr/pose_head.decay,0.00019179624664879356
355,1789025050.8291728,lr/pose_head.no_decay,0.00019179624664879356
355,1789025050.8291728,pose/component_0,1.4085495471954346
355,1789025050.8291728,pose/component_1,0.18492475152015686
355,1789025050.8291728,pose/component_2,0.1489558070898056
355,1789025050.8291728,pose/component_3,0.9848251938819885
355,1789025050.8291728,pose/component_4,0.004716734401881695
355,1789025050.8291728,pose/component_5,2.542741537094116
356,1789025050.9567916,amp/overflow_retries,0.0
356,1789025050.9567916,amp/scale,16.0
356,1789025050.9567916,gradient/clipped_norm,12702.3408203125
356,1789025050.9567916,images/detect,0.0
356,1789025050.9567916,images/pose,16.0
356,1789025050.9567916,loss/backward,249.7273406982422
356,1789025050.9567916,loss/detect_mean,0.0
356,1789025050.9567916,loss/joint_mean,3.901989698410034
356,1789025050.9567916,loss/pose_mean,3.901989698410034
356,1789025050.9567916,lr/attention.decay,0.0
356,1789025050.9567916,lr/attention.no_decay,0.0
356,1789025050.9567916,lr/backbone.decay,1.4420911528150135e-05
356,1789025050.9567916,lr/backbone.no_decay,1.4420911528150135e-05
356,1789025050.9567916,lr/detect_head.decay,0.0
356,1789025050.9567916,lr/detect_head.no_decay,0.0
356,1789025050.9567916,lr/neck.decay,7.210455764075066e-05
356,1789025050.9567916,lr/neck.no_decay,7.210455764075066e-05
356,1789025050.9567916,lr/pose_head.decay,0.00019227882037533515
356,1789025050.9567916,lr/pose_head.no_decay,0.00019227882037533515
356,1789025050.9567916,pose/component_0,1.1708287000656128
356,1789025050.9567916,pose/component_1,0.04688029736280441
356,1789025050.9567916,pose/component_2,0.009112014435231686
356,1789025050.9567916,pose/component_3,0.9139311909675598
356,1789025050.9567916,pose/component_4,0.0035879428032785654
356,1789025050.9567916,pose/component_5,0.7498298287391663
357,1789025051.0802002,amp/overflow_retries,0.0
357,1789025051.0802002,amp/scale,16.0
357,1789025051.0802002,gradient/clipped_norm,19793.08984375
357,1789025051.0802002,images/detect,0.0
357,1789025051.0802002,images/pose,16.0
357,1789025051.0802002,loss/backward,294.9951171875
357,1789025051.0802002,loss/detect_mean,0.0
357,1789025051.0802002,loss/joint_mean,4.6092987060546875
357,1789025051.0802002,loss/pose_mean,4.6092987060546875
357,1789025051.0802002,lr/attention.decay,0.0
357,1789025051.0802002,lr/attention.no_decay,0.0
357,1789025051.0802002,lr/backbone.decay,1.4457104557640751e-05
357,1789025051.0802002,lr/backbone.no_decay,1.4457104557640751e-05
357,1789025051.0802002,lr/detect_head.decay,0.0
357,1789025051.0802002,lr/detect_head.no_decay,0.0
357,1789025051.0802002,lr/neck.decay,7.228552278820375e-05
357,1789025051.0802002,lr/neck.no_decay,7.228552278820375e-05
357,1789025051.0802002,lr/pose_head.decay,0.00019276139410187668
357,1789025051.0802002,lr/pose_head.no_decay,0.00019276139410187668
357,1789025051.0802002,pose/component_0,1.3702045679092407
357,1789025051.0802002,pose/component_1,0.04742808640003204
357,1789025051.0802002,pose/component_2,0.02781863696873188
357,1789025051.0802002,pose/component_3,0.6181869506835938
357,1789025051.0802002,pose/component_4,0.005198107101023197
357,1789025051.0802002,pose/component_5,1.5446010828018188
358,1789025051.2026317,amp/overflow_retries,0.0
358,1789025051.2026317,amp/scale,16.0
358,1789025051.2026317,gradient/clipped_norm,17286.294921875
358,1789025051.2026317,images/detect,0.0
358,1789025051.2026317,images/pose,16.0
358,1789025051.2026317,loss/backward,298.41900634765625
358,1789025051.2026317,loss/detect_mean,0.0
358,1789025051.2026317,loss/joint_mean,4.662796974182129
358,1789025051.2026317,loss/pose_mean,4.662796974182129
358,1789025051.2026317,lr/attention.decay,0.0
358,1789025051.2026317,lr/attention.no_decay,0.0
358,1789025051.2026317,lr/backbone.decay,1.4493297587131366e-05
358,1789025051.2026317,lr/backbone.no_decay,1.4493297587131366e-05
358,1789025051.2026317,lr/detect_head.decay,0.0
358,1789025051.2026317,lr/detect_head.no_decay,0.0
358,1789025051.2026317,lr/neck.decay,7.246648793565682e-05
358,1789025051.2026317,lr/neck.no_decay,7.246648793565682e-05
358,1789025051.2026317,lr/pose_head.decay,0.00019324396782841822
358,1789025051.2026317,lr/pose_head.no_decay,0.00019324396782841822
358,1789025051.2026317,pose/component_0,1.228232502937317
358,1789025051.2026317,pose/component_1,0.03970816731452942
358,1789025051.2026317,pose/component_2,0.029195662587881088
358,1789025051.2026317,pose/component_3,0.7034106850624084
358,1789025051.2026317,pose/component_4,0.0034403724130243063
358,1789025051.2026317,pose/component_5,0.38848620653152466
359,1789025051.3254051,amp/overflow_retries,0.0
359,1789025051.3254051,amp/scale,16.0
359,1789025051.3254051,gradient/clipped_norm,24015.888671875
359,1789025051.3254051,images/detect,0.0
359,1789025051.3254051,images/pose,16.0
359,1789025051.3254051,loss/backward,293.87603759765625
359,1789025051.3254051,loss/detect_mean,0.0
359,1789025051.3254051,loss/joint_mean,4.591813087463379
359,1789025051.3254051,loss/pose_mean,4.591813087463379
359,1789025051.3254051,lr/attention.decay,0.0
359,1789025051.3254051,lr/attention.no_decay,0.0
359,1789025051.3254051,lr/backbone.decay,1.4529490616621984e-05
359,1789025051.3254051,lr/backbone.no_decay,1.4529490616621984e-05
359,1789025051.3254051,lr/detect_head.decay,0.0
359,1789025051.3254051,lr/detect_head.no_decay,0.0
359,1789025051.3254051,lr/neck.decay,7.264745308310991e-05
359,1789025051.3254051,lr/neck.no_decay,7.264745308310991e-05
359,1789025051.3254051,lr/pose_head.decay,0.0001937265415549598
359,1789025051.3254051,lr/pose_head.no_decay,0.0001937265415549598
359,1789025051.3254051,pose/component_0,1.6197268962860107
359,1789025051.3254051,pose/component_1,0.0873355120420456
359,1789025051.3254051,pose/component_2,0.060223400592803955
359,1789025051.3254051,pose/component_3,1.0013247728347778
359,1789025051.3254051,pose/component_4,0.0059280600398778915
359,1789025051.3254051,pose/component_5,2.6676442623138428
360,1789025051.4475791,amp/overflow_retries,0.0
360,1789025051.4475791,amp/scale,16.0
360,1789025051.4475791,gradient/clipped_norm,10177.8837890625
360,1789025051.4475791,images/detect,0.0
360,1789025051.4475791,images/pose,16.0
360,1789025051.4475791,loss/backward,249.74261474609375
360,1789025051.4475791,loss/detect_mean,0.0
360,1789025051.4475791,loss/joint_mean,3.902228355407715
360,1789025051.4475791,loss/pose_mean,3.902228355407715
360,1789025051.4475791,lr/attention.decay,0.0
360,1789025051.4475791,lr/attention.no_decay,0.0
360,1789025051.4475791,lr/backbone.decay,1.45656836461126e-05
360,1789025051.4475791,lr/backbone.no_decay,1.45656836461126e-05
360,1789025051.4475791,lr/detect_head.decay,0.0
360,1789025051.4475791,lr/detect_head.no_decay,0.0
360,1789025051.4475791,lr/neck.decay,7.282841823056299e-05
360,1789025051.4475791,lr/neck.no_decay,7.282841823056299e-05
360,1789025051.4475791,lr/pose_head.decay,0.00019420911528150134
360,1789025051.4475791,lr/pose_head.no_decay,0.00019420911528150134
360,1789025051.4475791,pose/component_0,1.3176419734954834
360,1789025051.4475791,pose/component_1,0.02855589985847473
360,1789025051.4475791,pose/component_2,0.08066749572753906
360,1789025051.4475791,pose/component_3,0.6999105215072632
360,1789025051.4475791,pose/component_4,0.004375622607767582
360,1789025051.4475791,pose/component_5,0.5044063329696655
361,1789025051.569215,amp/overflow_retries,0.0
361,1789025051.569215,amp/scale,16.0
361,1789025051.569215,gradient/clipped_norm,10132.2451171875
361,1789025051.569215,images/detect,0.0
361,1789025051.569215,images/pose,16.0
361,1789025051.569215,loss/backward,207.63897705078125
361,1789025051.569215,loss/detect_mean,0.0
361,1789025051.569215,loss/joint_mean,3.244359016418457
361,1789025051.569215,loss/pose_mean,3.244359016418457
361,1789025051.569215,lr/attention.decay,0.0
361,1789025051.569215,lr/attention.no_decay,0.0
361,1789025051.569215,lr/backbone.decay,1.4601876675603217e-05
361,1789025051.569215,lr/backbone.no_decay,1.4601876675603217e-05
361,1789025051.569215,lr/detect_head.decay,0.0
361,1789025051.569215,lr/detect_head.no_decay,0.0
361,1789025051.569215,lr/neck.decay,7.300938337801608e-05
361,1789025051.569215,lr/neck.no_decay,7.300938337801608e-05
361,1789025051.569215,lr/pose_head.decay,0.0001946916890080429
361,1789025051.569215,lr/pose_head.no_decay,0.0001946916890080429
361,1789025051.569215,pose/component_0,1.083876609802246
361,1789025051.569215,pose/component_1,0.02056129276752472
361,1789025051.569215,pose/component_2,0.016203556209802628
361,1789025051.569215,pose/component_3,0.6967511773109436
361,1789025051.569215,pose/component_4,0.0032894741743803024
361,1789025051.569215,pose/component_5,0.0
362,1789025051.691205,amp/overflow_retries,0.0
362,1789025051.691205,amp/scale,16.0
362,1789025051.691205,gradient/clipped_norm,14364.2958984375
362,1789025051.691205,images/detect,0.0
362,1789025051.691205,images/pose,16.0
362,1789025051.691205,loss/backward,212.031494140625
362,1789025051.691205,loss/detect_mean,0.0
362,1789025051.691205,loss/joint_mean,3.3129920959472656
362,1789025051.691205,loss/pose_mean,3.3129920959472656
362,1789025051.691205,lr/attention.decay,0.0
362,1789025051.691205,lr/attention.no_decay,0.0
362,1789025051.691205,lr/backbone.decay,1.4638069705093834e-05
362,1789025051.691205,lr/backbone.no_decay,1.4638069705093834e-05
362,1789025051.691205,lr/detect_head.decay,0.0
362,1789025051.691205,lr/detect_head.no_decay,0.0
362,1789025051.691205,lr/neck.decay,7.319034852546915e-05
362,1789025051.691205,lr/neck.no_decay,7.319034852546915e-05
362,1789025051.691205,lr/pose_head.decay,0.00019517426273458447
362,1789025051.691205,lr/pose_head.no_decay,0.00019517426273458447
362,1789025051.691205,pose/component_0,1.1750191450119019
362,1789025051.691205,pose/component_1,0.054620735347270966
362,1789025051.691205,pose/component_2,0.017313336953520775
362,1789025051.691205,pose/component_3,0.6419864892959595
362,1789025051.691205,pose/component_4,0.00375492125749588
362,1789025051.691205,pose/component_5,1.2060939073562622
363,1789025051.8137367,amp/overflow_retries,0.0
363,1789025051.8137367,amp/scale,16.0
363,1789025051.8137367,gradient/clipped_norm,16893.201171875
363,1789025051.8137367,images/detect,0.0
363,1789025051.8137367,images/pose,16.0
363,1789025051.8137367,loss/backward,248.72418212890625
363,1789025051.8137367,loss/detect_mean,0.0
363,1789025051.8137367,loss/joint_mean,3.88631534576416
363,1789025051.8137367,loss/pose_mean,3.88631534576416
363,1789025051.8137367,lr/attention.decay,0.0
363,1789025051.8137367,lr/attention.no_decay,0.0
363,1789025051.8137367,lr/backbone.decay,1.467426273458445e-05
363,1789025051.8137367,lr/backbone.no_decay,1.467426273458445e-05
363,1789025051.8137367,lr/detect_head.decay,0.0
363,1789025051.8137367,lr/detect_head.no_decay,0.0
363,1789025051.8137367,lr/neck.decay,7.337131367292224e-05
363,1789025051.8137367,lr/neck.no_decay,7.337131367292224e-05
363,1789025051.8137367,lr/pose_head.decay,0.000195656836461126
363,1789025051.8137367,lr/pose_head.no_decay,0.000195656836461126
363,1789025051.8137367,pose/component_0,1.2317821979522705
363,1789025051.8137367,pose/component_1,0.026536328718066216
363,1789025051.8137367,pose/component_2,0.05351422354578972
363,1789025051.8137367,pose/component_3,0.5271217226982117
363,1789025051.8137367,pose/component_4,0.006322073750197887
363,1789025051.8137367,pose/component_5,0.8232423663139343
364,1789025051.9365418,amp/overflow_retries,0.0
364,1789025051.9365418,amp/scale,16.0
364,1789025051.9365418,gradient/clipped_norm,11426.2001953125
364,1789025051.9365418,images/detect,0.0
364,1789025051.9365418,images/pose,16.0
364,1789025051.9365418,loss/backward,261.3302001953125
364,1789025051.9365418,loss/detect_mean,0.0
364,1789025051.9365418,loss/joint_mean,4.083284378051758
364,1789025051.9365418,loss/pose_mean,4.083284378051758
364,1789025051.9365418,lr/attention.decay,0.0
364,1789025051.9365418,lr/attention.no_decay,0.0
364,1789025051.9365418,lr/backbone.decay,1.4710455764075068e-05
364,1789025051.9365418,lr/backbone.no_decay,1.4710455764075068e-05
364,1789025051.9365418,lr/detect_head.decay,0.0
364,1789025051.9365418,lr/detect_head.no_decay,0.0
364,1789025051.9365418,lr/neck.decay,7.355227882037533e-05
364,1789025051.9365418,lr/neck.no_decay,7.355227882037533e-05
364,1789025051.9365418,lr/pose_head.decay,0.00019613941018766756
364,1789025051.9365418,lr/pose_head.no_decay,0.00019613941018766756
364,1789025051.9365418,pose/component_0,1.0544239282608032
364,1789025051.9365418,pose/component_1,0.0892489105463028
364,1789025051.9365418,pose/component_2,0.047064635902643204
364,1789025051.9365418,pose/component_3,0.6298614144325256
364,1789025051.9365418,pose/component_4,0.006219698116183281
364,1789025051.9365418,pose/component_5,2.435182809829712
365,1789025052.0692554,amp/overflow_retries,0.0
365,1789025052.0692554,amp/scale,16.0
365,1789025052.0692554,gradient/clipped_norm,12798.1748046875
365,1789025052.0692554,images/detect,0.0
365,1789025052.0692554,images/pose,16.0
365,1789025052.0692554,loss/backward,309.66180419921875
365,1789025052.0692554,loss/detect_mean,0.0
365,1789025052.0692554,loss/joint_mean,4.838465690612793
365,1789025052.0692554,loss/pose_mean,4.838465690612793
365,1789025052.0692554,lr/attention.decay,0.0
365,1789025052.0692554,lr/attention.no_decay,0.0
365,1789025052.0692554,lr/backbone.decay,1.4746648793565683e-05
365,1789025052.0692554,lr/backbone.no_decay,1.4746648793565683e-05
365,1789025052.0692554,lr/detect_head.decay,0.0
365,1789025052.0692554,lr/detect_head.no_decay,0.0
365,1789025052.0692554,lr/neck.decay,7.373324396782841e-05
365,1789025052.0692554,lr/neck.no_decay,7.373324396782841e-05
365,1789025052.0692554,lr/pose_head.decay,0.00019662198391420913
365,1789025052.0692554,lr/pose_head.no_decay,0.00019662198391420913
365,1789025052.0692554,pose/component_0,1.3274428844451904
365,1789025052.0692554,pose/component_1,0.06591124087572098
365,1789025052.0692554,pose/component_2,0.08050486445426941
365,1789025052.0692554,pose/component_3,1.1503489017486572
365,1789025052.0692554,pose/component_4,0.0043835765682160854
365,1789025052.0692554,pose/component_5,0.5216302275657654
366,1789025052.191774,amp/overflow_retries,0.0
366,1789025052.191774,amp/scale,16.0
366,1789025052.191774,gradient/clipped_norm,12505.390625
366,1789025052.191774,images/detect,0.0
366,1789025052.191774,images/pose,16.0
366,1789025052.191774,loss/backward,388.308349609375
366,1789025052.191774,loss/detect_mean,0.0
366,1789025052.191774,loss/joint_mean,6.067317962646484
366,1789025052.191774,loss/pose_mean,6.067317962646484
366,1789025052.191774,lr/attention.decay,0.0
366,1789025052.191774,lr/attention.no_decay,0.0
366,1789025052.191774,lr/backbone.decay,1.4782841823056301e-05
366,1789025052.191774,lr/backbone.no_decay,1.4782841823056301e-05
366,1789025052.191774,lr/detect_head.decay,0.0
366,1789025052.191774,lr/detect_head.no_decay,0.0
366,1789025052.191774,lr/neck.decay,7.39142091152815e-05
366,1789025052.191774,lr/neck.no_decay,7.39142091152815e-05
366,1789025052.191774,lr/pose_head.decay,0.0001971045576407507
366,1789025052.191774,lr/pose_head.no_decay,0.0001971045576407507
366,1789025052.191774,pose/component_0,1.4255661964416504
366,1789025052.191774,pose/component_1,0.09508469700813293
366,1789025052.191774,pose/component_2,0.03546024113893509
366,1789025052.191774,pose/component_3,1.3023488521575928
366,1789025052.191774,pose/component_4,0.005319193471223116
366,1789025052.191774,pose/component_5,2.6235547065734863
367,1789025052.3275778,amp/overflow_retries,0.0
367,1789025052.3275778,amp/scale,16.0
367,1789025052.3275778,gradient/clipped_norm,16629.2578125
367,1789025052.3275778,images/detect,0.0
367,1789025052.3275778,images/pose,16.0
367,1789025052.3275778,loss/backward,365.459228515625
367,1789025052.3275778,loss/detect_mean,0.0
367,1789025052.3275778,loss/joint_mean,5.710300445556641
367,1789025052.3275778,loss/pose_mean,5.710300445556641
367,1789025052.3275778,lr/attention.decay,0.0
367,1789025052.3275778,lr/attention.no_decay,0.0
367,1789025052.3275778,lr/backbone.decay,1.4819034852546918e-05
367,1789025052.3275778,lr/backbone.no_decay,1.4819034852546918e-05
367,1789025052.3275778,lr/detect_head.decay,0.0
367,1789025052.3275778,lr/detect_head.no_decay,0.0
367,1789025052.3275778,lr/neck.decay,7.409517426273457e-05
367,1789025052.3275778,lr/neck.no_decay,7.409517426273457e-05
367,1789025052.3275778,lr/pose_head.decay,0.00019758713136729222
367,1789025052.3275778,lr/pose_head.no_decay,0.00019758713136729222
367,1789025052.3275778,pose/component_0,1.2346305847167969
367,1789025052.3275778,pose/component_1,0.11283336579799652
367,1789025052.3275778,pose/component_2,0.09685292094945908
367,1789025052.3275778,pose/component_3,0.6286889910697937
367,1789025052.3275778,pose/component_4,0.003915220964699984
367,1789025052.3275778,pose/component_5,1.7025209665298462
368,1789025052.4541926,amp/overflow_retries,0.0
368,1789025052.4541926,amp/scale,16.0
368,1789025052.4541926,gradient/clipped_norm,14993.9140625
368,1789025052.4541926,images/detect,0.0
368,1789025052.4541926,images/pose,16.0
368,1789025052.4541926,loss/backward,277.27996826171875
368,1789025052.4541926,loss/detect_mean,0.0
368,1789025052.4541926,loss/joint_mean,4.3324995040893555
368,1789025052.4541926,loss/pose_mean,4.3324995040893555
368,1789025052.4541926,lr/attention.decay,0.0
368,1789025052.4541926,lr/attention.no_decay,0.0
368,1789025052.4541926,lr/backbone.decay,1.4855227882037533e-05
368,1789025052.4541926,lr/backbone.no_decay,1.4855227882037533e-05
368,1789025052.4541926,lr/detect_head.decay,0.0
368,1789025052.4541926,lr/detect_head.no_decay,0.0
368,1789025052.4541926,lr/neck.decay,7.427613941018766e-05
368,1789025052.4541926,lr/neck.no_decay,7.427613941018766e-05
368,1789025052.4541926,lr/pose_head.decay,0.0001980697050938338
368,1789025052.4541926,lr/pose_head.no_decay,0.0001980697050938338
368,1789025052.4541926,pose/component_0,1.3915714025497437
368,1789025052.4541926,pose/component_1,0.10583479702472687
368,1789025052.4541926,pose/component_2,0.08646225184202194
368,1789025052.4541926,pose/component_3,0.7113009691238403
368,1789025052.4541926,pose/component_4,0.0059589603915810585
368,1789025052.4541926,pose/component_5,1.0172648429870605
369,1789025052.5800228,amp/overflow_retries,0.0
369,1789025052.5800228,amp/scale,16.0
369,1789025052.5800228,gradient/clipped_norm,20390.115234375
369,1789025052.5800228,images/detect,0.0
369,1789025052.5800228,images/pose,16.0
369,1789025052.5800228,loss/backward,329.554443359375
369,1789025052.5800228,loss/detect_mean,0.0
369,1789025052.5800228,loss/joint_mean,5.149288177490234
369,1789025052.5800228,loss/pose_mean,5.149288177490234
369,1789025052.5800228,lr/attention.decay,0.0
369,1789025052.5800228,lr/attention.no_decay,0.0
369,1789025052.5800228,lr/backbone.decay,1.4891420911528151e-05
369,1789025052.5800228,lr/backbone.no_decay,1.4891420911528151e-05
369,1789025052.5800228,lr/detect_head.decay,0.0
369,1789025052.5800228,lr/detect_head.no_decay,0.0
369,1789025052.5800228,lr/neck.decay,7.445710455764074e-05
369,1789025052.5800228,lr/neck.no_decay,7.445710455764074e-05
369,1789025052.5800228,lr/pose_head.decay,0.00019855227882037535
369,1789025052.5800228,lr/pose_head.no_decay,0.00019855227882037535
369,1789025052.5800228,pose/component_0,1.4397443532943726
369,1789025052.5800228,pose/component_1,0.0951019823551178
369,1789025052.5800228,pose/component_2,0.011048342101275921
369,1789025052.5800228,pose/component_3,0.6584503650665283
369,1789025052.5800228,pose/component_4,0.0040145451202988625
369,1789025052.5800228,pose/component_5,2.2588679790496826
370,1789025052.7040617,amp/overflow_retries,0.0
370,1789025052.7040617,amp/scale,16.0
370,1789025052.7040617,gradient/clipped_norm,10073.4755859375
370,1789025052.7040617,images/detect,0.0
370,1789025052.7040617,images/pose,16.0
370,1789025052.7040617,loss/backward,290.9380798339844
370,1789025052.7040617,loss/detect_mean,0.0
370,1789025052.7040617,loss/joint_mean,4.545907497406006
370,1789025052.7040617,loss/pose_mean,4.545907497406006
370,1789025052.7040617,lr/attention.decay,0.0
370,1789025052.7040617,lr/attention.no_decay,0.0
370,1789025052.7040617,lr/backbone.decay,1.4927613941018767e-05
370,1789025052.7040617,lr/backbone.no_decay,1.4927613941018767e-05
370,1789025052.7040617,lr/detect_head.decay,0.0
370,1789025052.7040617,lr/detect_head.no_decay,0.0
370,1789025052.7040617,lr/neck.decay,7.463806970509383e-05
370,1789025052.7040617,lr/neck.no_decay,7.463806970509383e-05
370,1789025052.7040617,lr/pose_head.decay,0.00019903485254691688
370,1789025052.7040617,lr/pose_head.no_decay,0.00019903485254691688
370,1789025052.7040617,pose/component_0,1.0899683237075806
370,1789025052.7040617,pose/component_1,0.06622915714979172
370,1789025052.7040617,pose/component_2,0.011823004111647606
370,1789025052.7040617,pose/component_3,0.5140328407287598
370,1789025052.7040617,pose/component_4,0.0033162501640617847
370,1789025052.7040617,pose/component_5,2.0853800773620605
371,1789025052.8321137,amp/overflow_retries,0.0
371,1789025052.8321137,amp/scale,16.0
371,1789025052.8321137,gradient/clipped_norm,10733.533203125
371,1789025052.8321137,images/detect,0.0
371,1789025052.8321137,images/pose,16.0
371,1789025052.8321137,loss/backward,344.4560546875
371,1789025052.8321137,loss/detect_mean,0.0
371,1789025052.8321137,loss/joint_mean,5.3821258544921875
371,1789025052.8321137,loss/pose_mean,5.3821258544921875
371,1789025052.8321137,lr/attention.decay,0.0
371,1789025052.8321137,lr/attention.no_decay,0.0
371,1789025052.8321137,lr/backbone.decay,1.4963806970509384e-05
371,1789025052.8321137,lr/backbone.no_decay,1.4963806970509384e-05
371,1789025052.8321137,lr/detect_head.decay,0.0
371,1789025052.8321137,lr/detect_head.no_decay,0.0
371,1789025052.8321137,lr/neck.decay,7.481903485254692e-05
371,1789025052.8321137,lr/neck.no_decay,7.481903485254692e-05
371,1789025052.8321137,lr/pose_head.decay,0.00019951742627345847
371,1789025052.8321137,lr/pose_head.no_decay,0.00019951742627345847
371,1789025052.8321137,pose/component_0,1.0379923582077026
371,1789025052.8321137,pose/component_1,0.06841310113668442
371,1789025052.8321137,pose/component_2,0.13904619216918945
371,1789025052.8321137,pose/component_3,0.7505558133125305
371,1789025052.8321137,pose/component_4,0.005145358387380838
371,1789025052.8321137,pose/component_5,2.600226879119873
372,1789025055.199953,amp/overflow_retries,0.0
372,1789025055.199953,amp/scale,16.0
372,1789025055.199953,gradient/clipped_norm,12691.1884765625
372,1789025055.199953,images/detect,0.0
372,1789025055.199953,images/pose,12.0
372,1789025055.199953,loss/backward,337.9020589192708
372,1789025055.199953,loss/detect_mean,0.0
372,1789025055.199953,loss/joint_mean,5.2797196706136065
372,1789025055.199953,loss/pose_mean,5.2797196706136065
372,1789025055.199953,lr/attention.decay,0.0
372,1789025055.199953,lr/attention.no_decay,0.0
372,1789025055.199953,lr/backbone.decay,1.5e-05
372,1789025055.199953,lr/backbone.no_decay,1.5e-05
372,1789025055.199953,lr/detect_head.decay,0.0
372,1789025055.199953,lr/detect_head.no_decay,0.0
372,1789025055.199953,lr/neck.decay,7.5e-05
372,1789025055.199953,lr/neck.no_decay,7.5e-05
372,1789025055.199953,lr/pose_head.decay,0.0002
372,1789025055.199953,lr/pose_head.no_decay,0.0002
372,1789025055.199953,pose/component_0,1.3566595315933228
372,1789025055.199953,pose/component_1,0.07497351616621017
372,1789025055.199953,pose/component_2,0.007262060418725014
372,1789025055.199953,pose/component_3,0.8008177280426025
372,1789025055.199953,pose/component_4,0.0035027239937335253
372,1789025055.199953,pose/component_5,2.456291675567627
