source,archive,bytes,sha256,mtime_ns,copy_verified,role_hint,load_test
/home/uxin/yolo/yolo_achitechure/achitechure_1/final/weights/bittrue/a0.pt,snapshot/dependencies/yolo_achitechure/achitechure_1/final/weights/bittrue/a0.pt,44305659,c989aeed09de7663ad093d32d098e5fc889cf04924fa1162efaf886869de0123,1787371364000000000,True,unclassified,not_loaded_by_archive; byte-integrity-only
/home/uxin/yolo/yolo_achitechure/achitechure_1/final/weights/bittrue/full35-a2.pt,snapshot/dependencies/yolo_achitechure/achitechure_1/final/weights/bittrue/full35-a2.pt,44550181,5ca57319d3708e5639c4852bac0898038d61ac793a4973015f1b6be8b764582d,1787371364000000000,True,unclassified,not_loaded_by_archive; byte-integrity-only
/home/uxin/yolo/yolo_achitechure/achitechure_1/final/weights/bittrue/full35-b-f03.pt,snapshot/dependencies/yolo_achitechure/achitechure_1/final/weights/bittrue/full35-b-f03.pt,44539330,9eb84288e6594f980c301c57aff7c25b52c85e21f855a68e5b0f6ea63be5a7fb,1787371364000000000,True,unclassified,not_loaded_by_archive; byte-integrity-only
/home/uxin/yolo/yolo_achitechure/achitechure_1/final/weights/bittrue/full35-b-f10.pt,snapshot/dependencies/yolo_achitechure/achitechure_1/final/weights/bittrue/full35-b-f10.pt,44487016,a8780ae988e61905fa78134b16bf362d2392d2a71f43941f770769bd42265cae,1787371364000000000,True,unclassified,not_loaded_by_archive; byte-integrity-only
/home/uxin/yolo/yolo_achitechure/achitechure_1/final/weights/bittrue/full35-c-f03.pt,snapshot/dependencies/yolo_achitechure/achitechure_1/final/weights/bittrue/full35-c-f03.pt,44540482,8cfdb532599c27ded718ef27a1b504a5716875bdea9777b875103948a672fe5a,1787371364000000000,True,unclassified,not_loaded_by_archive; byte-integrity-only
/home/uxin/yolo/yolo_achitechure/achitechure_1/final/weights/bittrue/partial75-a2.pt,snapshot/dependencies/yolo_achitechure/achitechure_1/final/weights/bittrue/partial75-a2.pt,44412544,aa878765518efa6a3801c03e39ce5a3d78bea0fa09c70a3cbd41a83f7c6b77e8,1787371364000000000,True,unclassified,not_loaded_by_archive; byte-integrity-only
/home/uxin/yolo/yolo_achitechure/achitechure_1/final/weights/bittrue/partial75-b-f03.pt,snapshot/dependencies/yolo_achitechure/achitechure_1/final/weights/bittrue/partial75-b-f03.pt,44401373,ef21d05d83d65e4949dd486e30b4bf411e36d3a59cf787e25fd647bfa69932da,1787371364000000000,True,unclassified,not_loaded_by_archive; byte-integrity-only
/home/uxin/yolo/yolo_achitechure/achitechure_1/final/weights/bittrue/partial75-b-f10.pt,snapshot/dependencies/yolo_achitechure/achitechure_1/final/weights/bittrue/partial75-b-f10.pt,44349763,05070ec4e7661de5980d51451c49f39192f01783ac7746b9a9ce038fe7cdb74f,1787371364000000000,True,unclassified,not_loaded_by_archive; byte-integrity-only
/home/uxin/yolo/yolo_achitechure/achitechure_1/final/weights/bittrue/partial75-c-f03.pt,snapshot/dependencies/yolo_achitechure/achitechure_1/final/weights/bittrue/partial75-c-f03.pt,44402461,510f70c8bfd6d45a217fdf4626cfcf349587d75b8dc965a0d1fcbcf019c36e2b,1787371364000000000,True,unclassified,not_loaded_by_archive; byte-integrity-only
/home/uxin/yolo/yolo_achitechure/achitechure_1/final/weights/float/full35-a2.pt,snapshot/dependencies/yolo_achitechure/achitechure_1/final/weights/float/full35-a2.pt,44389460,af390ec43cadb5aaac47a22ebf58c710106c3f8dd143fbd2bbcb0eb2b76ebf26,1787371364000000000,True,unclassified,not_loaded_by_archive; byte-integrity-only
/home/uxin/yolo/yolo_achitechure/achitechure_1/final/weights/float/full35-b-f03.pt,snapshot/dependencies/yolo_achitechure/achitechure_1/final/weights/float/full35-b-f03.pt,44386900,bae03f4b260a71dbdc47876afbf78f86eb24deeb1e774f41d6c450349402d7f0,1787371364000000000,True,unclassified,not_loaded_by_archive; byte-integrity-only
/home/uxin/yolo/yolo_achitechure/achitechure_1/final/weights/float/full35-b-f10.pt,snapshot/dependencies/yolo_achitechure/achitechure_1/final/weights/float/full35-b-f10.pt,44387540,81dc8629fc6db2915242ba950c522c249d89ba1aa6d53ab39389c9b5a4ed0047,1787371364000000000,True,unclassified,not_loaded_by_archive; byte-integrity-only
/home/uxin/yolo/yolo_achitechure/achitechure_1/final/weights/float/full35-c-f03.pt,snapshot/dependencies/yolo_achitechure/achitechure_1/final/weights/float/full35-c-f03.pt,44388052,5e4530dbfaab34d45a18d8a40f82c29897b2666b86254302f596796fd16bb8f0,1787371364000000000,True,unclassified,not_loaded_by_archive; byte-integrity-only
/home/uxin/yolo/yolo_achitechure/achitechure_1/final/weights/float/partial75-a2.pt,snapshot/dependencies/yolo_achitechure/achitechure_1/final/weights/float/partial75-a2.pt,44249044,070b571d1a52b1e7d13acc25d4c77278e38395d975fe6bff5e9bbd1bdc01e568,1787371364000000000,True,unclassified,not_loaded_by_archive; byte-integrity-only
/home/uxin/yolo/yolo_achitechure/achitechure_1/final/weights/float/partial75-b-f03.pt,snapshot/dependencies/yolo_achitechure/achitechure_1/final/weights/float/partial75-b-f03.pt,44246420,f9dddcc7aed2d9cf17927c93577192bb58d9ba84a514d6d51284bb8489f2cb80,1787371364000000000,True,unclassified,not_loaded_by_archive; byte-integrity-only
/home/uxin/yolo/yolo_achitechure/achitechure_1/final/weights/float/partial75-b-f10.pt,snapshot/dependencies/yolo_achitechure/achitechure_1/final/weights/float/partial75-b-f10.pt,44246676,f6bc0591ac05d842a491e1c0ea32c4a8aaeda7fc6e6f88a6a2e1df88dc894841,1787371364000000000,True,unclassified,not_loaded_by_archive; byte-integrity-only
/home/uxin/yolo/yolo_achitechure/achitechure_1/final/weights/float/partial75-c-f03.pt,snapshot/dependencies/yolo_achitechure/achitechure_1/final/weights/float/partial75-c-f03.pt,44247572,a6e47d546ee239800bac2b6f8b046d5881607da137bfab5eaf95637ae17154d9,1787371364000000000,True,unclassified,not_loaded_by_archive; byte-integrity-only
/home/uxin/yolo/yolo_attention_final/final/artifacts/runs/s0-phase-b-bittrue/checkpoints/evaluated-variant.pt,snapshot/dependencies/yolo_attention_final/final/artifacts/runs/s0-phase-b-bittrue/checkpoints/evaluated-variant.pt,44306619,2f5a18e37eca6f780e1aa52c9aeb50306e4aba7f14e1c22a8b499bcf8a40d8ac,1786950747959938027,True,resume_candidate,not_loaded_by_archive; byte-integrity-only
/home/uxin/yolo/yolo_attention_final/final/pwl-final-best.pt,snapshot/dependencies/yolo_attention_final/final/pwl-final-best.pt,44305659,c989aeed09de7663ad093d32d098e5fc889cf04924fa1162efaf886869de0123,1787015255199811554,True,unclassified,not_loaded_by_archive; byte-integrity-only
/home/uxin/yolo/yolo_attention_final/final/weights/v1-br-best.pt,snapshot/dependencies/yolo_attention_final/final/weights/v1-br-best.pt,71574771,9e2ca0d93793785f0f7e514d876580204070bac57b4163d7c5f0c5ca352b9c3f,1786898141538614747,True,unclassified,not_loaded_by_archive; byte-integrity-only
/home/uxin/yolo/yolo_combine/final/full35/source_bundle/weights/bittrue/full35-a2.pt,snapshot/dependencies/yolo_combine/final/full35/source_bundle/weights/bittrue/full35-a2.pt,44550181,5ca57319d3708e5639c4852bac0898038d61ac793a4973015f1b6be8b764582d,1787371364000000000,True,unclassified,not_loaded_by_archive; byte-integrity-only
/home/uxin/yolo/yolo_combine/final/full35/source_bundle/weights/float/full35-a2.pt,snapshot/dependencies/yolo_combine/final/full35/source_bundle/weights/float/full35-a2.pt,44389460,af390ec43cadb5aaac47a22ebf58c710106c3f8dd143fbd2bbcb0eb2b76ebf26,1787371364000000000,True,unclassified,not_loaded_by_archive; byte-integrity-only
/home/uxin/yolo/yolo_combine/final/full35/weights/combined/full-resume/best_detect.pt,snapshot/dependencies/yolo_combine/final/full35/weights/combined/full-resume/best_detect.pt,250394808,4434447fde636e7929a7822f84cc6f142e7b93324cdfde4eac06d89c4b51379a,1787732148602854832,True,unclassified,not_loaded_by_archive; byte-integrity-only
/home/uxin/yolo/yolo_combine/final/full35/weights/combined/full-resume/best_joint.pt,snapshot/dependencies/yolo_combine/final/full35/weights/combined/full-resume/best_joint.pt,425495487,26e648432388060cb75a67875d956a022114e36f731ff9b5de04953e053b413d,1787767175717179947,True,unclassified,not_loaded_by_archive; byte-integrity-only
/home/uxin/yolo/yolo_combine/final/full35/weights/combined/full-resume/best_pose.pt,snapshot/dependencies/yolo_combine/final/full35/weights/combined/full-resume/best_pose.pt,425491876,78858e91d744d766a75428d534cb230b639726b30f74b8ed321f8b1e329176a6,1787768043949167950,True,unclassified,not_loaded_by_archive; byte-integrity-only
/home/uxin/yolo/yolo_combine/final/full35/weights/combined/full-resume/last.pt,snapshot/dependencies/yolo_combine/final/full35/weights/combined/full-resume/last.pt,425470301,69c1b0f8d429a37158c07907d23e021d70b42846305abf7ba0710c390090b0af,1787771492107283300,True,unclassified,not_loaded_by_archive; byte-integrity-only
/home/uxin/yolo/yolo_combine/final/full35/weights/combined/inference/best_detect.pt,snapshot/dependencies/yolo_combine/final/full35/weights/combined/inference/best_detect.pt,106826785,52cecfed391f1b555da51db2f4216e2fcd600f0d1e8f29e24d0804ffc9f64d56,1787732148758862810,True,inference_candidate,not_loaded_by_archive; byte-integrity-only
/home/uxin/yolo/yolo_combine/final/full35/weights/combined/inference/best_joint.pt,snapshot/dependencies/yolo_combine/final/full35/weights/combined/inference/best_joint.pt,106825541,d67fb45c576035e1b9c607914c62fa2c46bad84a5f53dea2c95ea7d4155ec74c,1787767176042198226,True,inference_candidate,not_loaded_by_archive; byte-integrity-only
/home/uxin/yolo/yolo_combine/final/full35/weights/combined/inference/best_pose.pt,snapshot/dependencies/yolo_combine/final/full35/weights/combined/inference/best_pose.pt,106824297,424cc480149fa16845f3366636401c54af58c0cb6de2ce63010b39dd22d9a483,1787768044299187100,True,inference_candidate,not_loaded_by_archive; byte-integrity-only
/home/uxin/yolo/yolo_combine/final/full35/weights/combined/inference/last.pt,snapshot/dependencies/yolo_combine/final/full35/weights/combined/inference/last.pt,106818077,f981a21476093d732f9a2d73c3ff28236b5b1b1c8b93bd0e120df8b84562c0ba,1787771492420299274,True,inference_candidate,not_loaded_by_archive; byte-integrity-only
/home/uxin/yolo/yolo_combine/final/full35/weights/rollback/j2/full-resume/best_detect.pt,snapshot/dependencies/yolo_combine/final/full35/weights/rollback/j2/full-resume/best_detect.pt,250394808,4434447fde636e7929a7822f84cc6f142e7b93324cdfde4eac06d89c4b51379a,1787732148602854832,True,unclassified,not_loaded_by_archive; byte-integrity-only
/home/uxin/yolo/yolo_combine/final/full35/weights/rollback/j2/full-resume/best_joint.pt,snapshot/dependencies/yolo_combine/final/full35/weights/rollback/j2/full-resume/best_joint.pt,353541645,9ef6990a6d61acd60825b796d9967fecdc767b46c676b2404aa89570720fad57,1787749932321918799,True,unclassified,not_loaded_by_archive; byte-integrity-only
/home/uxin/yolo/yolo_combine/final/full35/weights/rollback/j2/full-resume/best_pose.pt,snapshot/dependencies/yolo_combine/final/full35/weights/rollback/j2/full-resume/best_pose.pt,353537573,e370e16d552087f0e73f7034283162336383366d3701d694c32cb03452055574,1787749931723890330,True,unclassified,not_loaded_by_archive; byte-integrity-only
/home/uxin/yolo/yolo_combine/final/full35/weights/rollback/j2/full-resume/last.pt,snapshot/dependencies/yolo_combine/final/full35/weights/rollback/j2/full-resume/last.pt,353518173,6778c7954a98e5782e57ecbc409cf51e05c2550dd22ebf0be602312e45e21ff2,1787760445988163271,True,unclassified,not_loaded_by_archive; byte-integrity-only
/home/uxin/yolo/yolo_combine/final/full35/weights/rollback/j2/inference/best_detect.pt,snapshot/dependencies/yolo_combine/final/full35/weights/rollback/j2/inference/best_detect.pt,106826785,52cecfed391f1b555da51db2f4216e2fcd600f0d1e8f29e24d0804ffc9f64d56,1787732148758862810,True,inference_candidate,not_loaded_by_archive; byte-integrity-only
/home/uxin/yolo/yolo_combine/final/full35/weights/rollback/j2/inference/best_joint.pt,snapshot/dependencies/yolo_combine/final/full35/weights/rollback/j2/inference/best_joint.pt,106825541,bd8aad5d944e088c6c9f77b5728eed6c0f5ac0509ed96941a05210c184623cb6,1787749932595931845,True,inference_candidate,not_loaded_by_archive; byte-integrity-only
/home/uxin/yolo/yolo_combine/final/full35/weights/rollback/j2/inference/best_pose.pt,snapshot/dependencies/yolo_combine/final/full35/weights/rollback/j2/inference/best_pose.pt,106824297,71d28e14d90d5e8c4ff9327c9efd98903aaa97ab090738209a3e8de391cd6da2,1787749932002903611,True,inference_candidate,not_loaded_by_archive; byte-integrity-only
/home/uxin/yolo/yolo_combine/final/full35/weights/rollback/j2/inference/last.pt,snapshot/dependencies/yolo_combine/final/full35/weights/rollback/j2/inference/last.pt,106818077,d4714ff95a57c6791fd3e4b46a0b5bb39fe4ce37c14eeaac6bdea6de5766bee6,1787760446462188783,True,inference_candidate,not_loaded_by_archive; byte-integrity-only
/home/uxin/yolo/yolo_combine/final/full35/weights/standalone/detect-full35-a2-bittrue.pt,snapshot/dependencies/yolo_combine/final/full35/weights/standalone/detect-full35-a2-bittrue.pt,44550181,5ca57319d3708e5639c4852bac0898038d61ac793a4973015f1b6be8b764582d,1787371364000000000,True,unclassified,not_loaded_by_archive; byte-integrity-only
/home/uxin/yolo/yolo_combine/final/full35/weights/standalone/detect-full35-a2-float.pt,snapshot/dependencies/yolo_combine/final/full35/weights/standalone/detect-full35-a2-float.pt,44389460,af390ec43cadb5aaac47a22ebf58c710106c3f8dd143fbd2bbcb0eb2b76ebf26,1787371364000000000,True,unclassified,not_loaded_by_archive; byte-integrity-only
/home/uxin/yolo/yolo_combine/final/full35/weights/standalone/pose-full35-p3.pt,snapshot/dependencies/yolo_combine/final/full35/weights/standalone/pose-full35-p3.pt,189690733,7b46c6af29723cff8ffdad96cf1220fd75975c31f99def58cfec84e80c322f99,1787713903245019230,True,unclassified,not_loaded_by_archive; byte-integrity-only
/home/uxin/yolo/yolo_combine/variants/full35/artifacts/pose/p0-full35-p3-b32a4-e100max-seed0/weights/best.pt,snapshot/dependencies/yolo_combine/variants/full35/artifacts/pose/p0-full35-p3-b32a4-e100max-seed0/weights/best.pt,189690733,7b46c6af29723cff8ffdad96cf1220fd75975c31f99def58cfec84e80c322f99,1787713903245019230,True,unclassified,not_loaded_by_archive; byte-integrity-only
/home/uxin/yolo/yolo_optimize/experiments/activation/bridge_v1/artifacts/runs/qsilu_pq-short-e10-seed1-v1/checkpoints/best_detect.pt,snapshot/optimize/activation/bridge_v1/artifacts/runs/qsilu_pq-short-e10-seed1-v1/checkpoints/best_detect.pt,425470106,689af706973df015e7e6e441c360ce6c034cc27578dedffefea6426f10d1eb70,1789100300979107257,True,resume_candidate,not_loaded_by_archive; byte-integrity-only
/home/uxin/yolo/yolo_optimize/experiments/activation/bridge_v1/artifacts/runs/qsilu_pq-short-e10-seed1-v1/checkpoints/best_joint.pt,snapshot/optimize/activation/bridge_v1/artifacts/runs/qsilu_pq-short-e10-seed1-v1/checkpoints/best_joint.pt,425465599,995d5ac943c69ac5e42630a8bd858d8c7578d2961be1a5bba444627cc2868471,1789083647694203771,True,resume_candidate,not_loaded_by_archive; byte-integrity-only
/home/uxin/yolo/yolo_optimize/experiments/activation/bridge_v1/artifacts/runs/qsilu_pq-short-e10-seed1-v1/checkpoints/best_pose.pt,snapshot/optimize/activation/bridge_v1/artifacts/runs/qsilu_pq-short-e10-seed1-v1/checkpoints/best_pose.pt,425461092,426b683acbc9b6798f845b4496783aafbef473332371821200dbec85ae1a0f68,1789083646994149781,True,resume_candidate,not_loaded_by_archive; byte-integrity-only
/home/uxin/yolo/yolo_optimize/experiments/activation/bridge_v1/artifacts/runs/qsilu_pq-short-e10-seed1-v1/checkpoints/last.pt,snapshot/optimize/activation/bridge_v1/artifacts/runs/qsilu_pq-short-e10-seed1-v1/checkpoints/last.pt,425439517,a077f249ee16ff6cd3a223d977fd53a16d4ddf9ffcd8f624a959379bf1894ec3,1789102681445782145,True,resume_candidate,not_loaded_by_archive; byte-integrity-only
/home/uxin/yolo/yolo_optimize/experiments/activation/bridge_v1/artifacts/runs/qsilu_pq-short-e10-seed1-v1/inference/best_detect.pt,snapshot/optimize/activation/bridge_v1/artifacts/runs/qsilu_pq-short-e10-seed1-v1/inference/best_detect.pt,106827041,6b72539b81c843a90a8efbea26dac597f3b149ebd84c757b0004c13e467c6d83,1789100301478134186,True,inference_candidate,not_loaded_by_archive; byte-integrity-only
/home/uxin/yolo/yolo_optimize/experiments/activation/bridge_v1/artifacts/runs/qsilu_pq-short-e10-seed1-v1/inference/best_joint.pt,snapshot/optimize/activation/bridge_v1/artifacts/runs/qsilu_pq-short-e10-seed1-v1/inference/best_joint.pt,106825797,1bbbbe0f87cb853827af1bb625e7066178e3fb2c7e14c410d997efb24e94834a,1789083647993226832,True,inference_candidate,not_loaded_by_archive; byte-integrity-only
/home/uxin/yolo/yolo_optimize/experiments/activation/bridge_v1/artifacts/runs/qsilu_pq-short-e10-seed1-v1/inference/best_pose.pt,snapshot/optimize/activation/bridge_v1/artifacts/runs/qsilu_pq-short-e10-seed1-v1/inference/best_pose.pt,106824553,74e27e9cd4241e1218b706bee86c8dcb9be23b3a5d279efbb0504bdaf4f67e74,1789083647318174771,True,inference_candidate,not_loaded_by_archive; byte-integrity-only
/home/uxin/yolo/yolo_optimize/experiments/activation/bridge_v1/artifacts/runs/qsilu_pq-short-e10-seed1-v1/inference/last.pt,snapshot/optimize/activation/bridge_v1/artifacts/runs/qsilu_pq-short-e10-seed1-v1/inference/last.pt,106818333,a7f995dc658c947b2c85033e8eea2b9802217828308cedb49a7c94aae0870210,1789102681951809382,True,inference_candidate,not_loaded_by_archive; byte-integrity-only
/home/uxin/yolo/yolo_optimize/experiments/activation/bridge_v1/artifacts/runs/silu-short-e10-seed1-v1/checkpoints/best_detect.pt,snapshot/optimize/activation/bridge_v1/artifacts/runs/silu-short-e10-seed1-v1/checkpoints/best_detect.pt,425471066,51d5044035c480d94175e90b0e5153fd806ce0327ad11fd792c2e1117893fa72,1789073455702890009,True,resume_candidate,not_loaded_by_archive; byte-integrity-only
/home/uxin/yolo/yolo_optimize/experiments/activation/bridge_v1/artifacts/runs/silu-short-e10-seed1-v1/checkpoints/best_joint.pt,snapshot/optimize/activation/bridge_v1/artifacts/runs/silu-short-e10-seed1-v1/checkpoints/best_joint.pt,425465599,94f142a9d673dc13f66b6019839cc7d979e1e642e30e6ec9549a91e7fa2f5f43,1789077943620670754,True,resume_candidate,not_loaded_by_archive; byte-integrity-only
/home/uxin/yolo/yolo_optimize/experiments/activation/bridge_v1/artifacts/runs/silu-short-e10-seed1-v1/checkpoints/best_pose.pt,snapshot/optimize/activation/bridge_v1/artifacts/runs/silu-short-e10-seed1-v1/checkpoints/best_pose.pt,425461092,deaed0250996d9f0a113dfb3c41a3ff9693de6cf3065c00c4a6bfd6c647c15d0,1789077942908625992,True,resume_candidate,not_loaded_by_archive; byte-integrity-only
/home/uxin/yolo/yolo_optimize/experiments/activation/bridge_v1/artifacts/runs/silu-short-e10-seed1-v1/checkpoints/last.pt,snapshot/optimize/activation/bridge_v1/artifacts/runs/silu-short-e10-seed1-v1/checkpoints/last.pt,425439517,de8ba862ce726592605ed886bdf5c09c3883b319d4c7120c554269d90b0f5599,1789078839999146239,True,resume_candidate,not_loaded_by_archive; byte-integrity-only
/home/uxin/yolo/yolo_optimize/experiments/activation/bridge_v1/artifacts/runs/silu-short-e10-seed1-v1/inference/best_detect.pt,snapshot/optimize/activation/bridge_v1/artifacts/runs/silu-short-e10-seed1-v1/inference/best_detect.pt,106827041,8ab665acaa73c96b5042596e28ab5998b70fff38e585d58c3791537348b58664,1789073456034908371,True,inference_candidate,not_loaded_by_archive; byte-integrity-only
/home/uxin/yolo/yolo_optimize/experiments/activation/bridge_v1/artifacts/runs/silu-short-e10-seed1-v1/inference/best_joint.pt,snapshot/optimize/activation/bridge_v1/artifacts/runs/silu-short-e10-seed1-v1/inference/best_joint.pt,106825797,dfef14a7c3f2b424d7d95cba6ae91ebca500636bb376c93111569618a84ef694,1789077943920689615,True,inference_candidate,not_loaded_by_archive; byte-integrity-only
/home/uxin/yolo/yolo_optimize/experiments/activation/bridge_v1/artifacts/runs/silu-short-e10-seed1-v1/inference/best_pose.pt,snapshot/optimize/activation/bridge_v1/artifacts/runs/silu-short-e10-seed1-v1/inference/best_pose.pt,106824553,8076ec18da8e5a616200556900af4f3227cfa169a619e86b488e029e04667f68,1789077943218645481,True,inference_candidate,not_loaded_by_archive; byte-integrity-only
/home/uxin/yolo/yolo_optimize/experiments/activation/bridge_v1/artifacts/runs/silu-short-e10-seed1-v1/inference/last.pt,snapshot/optimize/activation/bridge_v1/artifacts/runs/silu-short-e10-seed1-v1/inference/last.pt,106818333,1710eed35ec5a222fc2c75c2e073876f564468dc07cfed7126d4730e2690238c,1789078840321164866,True,inference_candidate,not_loaded_by_archive; byte-integrity-only
/home/uxin/yolo/yolo_optimize/experiments/artifacts/direction1-20260908/ema-age-paired/checkpoints/continued-epoch-0001.pt,snapshot/optimize/artifacts/direction1-20260908/ema-age-paired/checkpoints/continued-epoch-0001.pt,341471261,44d78885d839fa7e2a8626b9ee0785ef7b530a5d09c05678fc973102562a395d,1788869340199537198,True,resume_candidate,not_loaded_by_archive; byte-integrity-only
/home/uxin/yolo/yolo_optimize/experiments/artifacts/direction1-20260908/ema-age-paired/checkpoints/fresh-epoch-0001.pt,snapshot/optimize/artifacts/direction1-20260908/ema-age-paired/checkpoints/fresh-epoch-0001.pt,341454605,9f9844547a2cf2972fd9a9095230ed60b54ec5170ac64633c158b72f8a06b33a,1788869339722512371,True,resume_candidate,not_loaded_by_archive; byte-integrity-only
/home/uxin/yolo/yolo_optimize/experiments/artifacts/direction1-20260908/ema-age-paired/inference/continued-epoch-0001.pt,snapshot/optimize/artifacts/direction1-20260908/ema-age-paired/inference/continued-epoch-0001.pt,106836957,11f98b395b9e9f423f564c7b9425c8dc4e365140ce8cdbcd4fe7a96203e31414,1788869481078871326,True,inference_candidate,not_loaded_by_archive; byte-integrity-only
/home/uxin/yolo/yolo_optimize/experiments/artifacts/direction1-20260908/ema-age-paired/inference/fresh-epoch-0001.pt,snapshot/optimize/artifacts/direction1-20260908/ema-age-paired/inference/fresh-epoch-0001.pt,106831597,1992f31533d5a2085b1f9cf3eab9aa545a297e1ccf840662ae6d619802f671bd,1788869410111176349,True,inference_candidate,not_loaded_by_archive; byte-integrity-only
/home/uxin/yolo/yolo_optimize/experiments/artifacts/direction1-20260908/ema-age-paired/inference/live-epoch-0001.pt,snapshot/optimize/artifacts/direction1-20260908/ema-age-paired/inference/live-epoch-0001.pt,106830289,7200e93998e2c3d907e958c6c512d339314810b6e5ebd724120554d68d7dc9c5,1788869340575556769,True,inference_candidate,not_loaded_by_archive; byte-integrity-only
/home/uxin/yolo/yolo_optimize/experiments/artifacts/direction1-20260908/heads-only-parent-recovery/checkpoints/best_detect.pt,snapshot/optimize/artifacts/direction1-20260908/heads-only-parent-recovery/checkpoints/best_detect.pt,273963148,689fb8f84c55284f74c2cd7f391d95e73be024c49703508bd847277cdd0f5dad,1788896978030261335,True,resume_candidate,not_loaded_by_archive; byte-integrity-only
/home/uxin/yolo/yolo_optimize/experiments/artifacts/direction1-20260908/heads-only-parent-recovery/checkpoints/best_joint.pt,snapshot/optimize/artifacts/direction1-20260908/heads-only-parent-recovery/checkpoints/best_joint.pt,273958515,c97ace9a068ebc15ac60ac9202a5baa535f237ac10619a29497a3ca90c52ecd3,1788895873854630447,True,resume_candidate,not_loaded_by_archive; byte-integrity-only
/home/uxin/yolo/yolo_optimize/experiments/artifacts/direction1-20260908/heads-only-parent-recovery/checkpoints/best_pose.pt,snapshot/optimize/artifacts/direction1-20260908/heads-only-parent-recovery/checkpoints/best_pose.pt,273953882,204a43347f2f5e415ef0a85f8dc19226ede3719b080bdf604faa57724b5ea0c3,1788895322033853656,True,resume_candidate,not_loaded_by_archive; byte-integrity-only
/home/uxin/yolo/yolo_optimize/experiments/artifacts/direction1-20260908/heads-only-parent-recovery/checkpoints/epoch-0001-validation-pending.pt,snapshot/optimize/artifacts/direction1-20260908/heads-only-parent-recovery/checkpoints/epoch-0001-validation-pending.pt,274023822,eba7a9a7947dca694cc58d5eb0b7b40bf5db4c2a1cb4b642279709958e0b8ebb,1788895218334664620,True,resume_candidate,not_loaded_by_archive; byte-integrity-only
/home/uxin/yolo/yolo_optimize/experiments/artifacts/direction1-20260908/heads-only-parent-recovery/checkpoints/epoch-0001.pt,snapshot/optimize/artifacts/direction1-20260908/heads-only-parent-recovery/checkpoints/epoch-0001.pt,273957555,0ef83e56904d16f45f60f95e9942c81ee4cb4a4b772d656f20dd8bdae7db709f,1788895321210827116,True,resume_candidate,not_loaded_by_archive; byte-integrity-only
/home/uxin/yolo/yolo_optimize/experiments/artifacts/direction1-20260908/heads-only-parent-recovery/checkpoints/epoch-0002-validation-pending.pt,snapshot/optimize/artifacts/direction1-20260908/heads-only-parent-recovery/checkpoints/epoch-0002-validation-pending.pt,274027662,99dfdd1b0d50c8888be9ddb1449fd6bcb22b436ed3832823560e3f7aec2dec13,1788895767179267752,True,resume_candidate,not_loaded_by_archive; byte-integrity-only
/home/uxin/yolo/yolo_optimize/experiments/artifacts/direction1-20260908/heads-only-parent-recovery/checkpoints/epoch-0002.pt,snapshot/optimize/artifacts/direction1-20260908/heads-only-parent-recovery/checkpoints/epoch-0002.pt,273958515,4c5f35bc10ba79eee037e3aa3e9267096659b3699c2c53d65f869b3617aebd34,1788895873389611185,True,resume_candidate,not_loaded_by_archive; byte-integrity-only
/home/uxin/yolo/yolo_optimize/experiments/artifacts/direction1-20260908/heads-only-parent-recovery/checkpoints/epoch-0003-validation-pending.pt,snapshot/optimize/artifacts/direction1-20260908/heads-only-parent-recovery/checkpoints/epoch-0003-validation-pending.pt,274028622,b0625684134a5c03eb75a703c745729803d74405e48f2de240953548c9bffbee,1788896321453877293,True,resume_candidate,not_loaded_by_archive; byte-integrity-only
/home/uxin/yolo/yolo_optimize/experiments/artifacts/direction1-20260908/heads-only-parent-recovery/checkpoints/epoch-0003.pt,snapshot/optimize/artifacts/direction1-20260908/heads-only-parent-recovery/checkpoints/epoch-0003.pt,273959475,2c375607068105f13847b9f202583485a5cab8d7447e44db1c50c583bfaf36c4,1788896426975559103,True,resume_candidate,not_loaded_by_archive; byte-integrity-only
/home/uxin/yolo/yolo_optimize/experiments/artifacts/direction1-20260908/heads-only-parent-recovery/checkpoints/epoch-0004-validation-pending.pt,snapshot/optimize/artifacts/direction1-20260908/heads-only-parent-recovery/checkpoints/epoch-0004-validation-pending.pt,274029582,7908d7d0555a0881738b58dd1bbffc83edad5527bfe76272ccae7a5176d015ee,1788896872429205983,True,resume_candidate,not_loaded_by_archive; byte-integrity-only
/home/uxin/yolo/yolo_optimize/experiments/artifacts/direction1-20260908/heads-only-parent-recovery/checkpoints/epoch-0004.pt,snapshot/optimize/artifacts/direction1-20260908/heads-only-parent-recovery/checkpoints/epoch-0004.pt,273959475,c30b8ea9f077a333aaf345981c34f76c8c32798f71772577fe04e3eaf2082fe2,1788896977482225666,True,resume_candidate,not_loaded_by_archive; byte-integrity-only
/home/uxin/yolo/yolo_optimize/experiments/artifacts/direction1-20260908/heads-only-parent-recovery/checkpoints/epoch-0005-validation-pending.pt,snapshot/optimize/artifacts/direction1-20260908/heads-only-parent-recovery/checkpoints/epoch-0005-validation-pending.pt,274029582,7b46b25ba5641ca03105d42eee86b2dfb3f047c111c871e8e3260df053693cc2,1788897426388074176,True,resume_candidate,not_loaded_by_archive; byte-integrity-only
/home/uxin/yolo/yolo_optimize/experiments/artifacts/direction1-20260908/heads-only-parent-recovery/checkpoints/epoch-0005.pt,snapshot/optimize/artifacts/direction1-20260908/heads-only-parent-recovery/checkpoints/epoch-0005.pt,273960435,a6de74a105d62e64715bdf2ec254d661cd72e69f8e4445ce300d7f35bb7d35d5,1788897531736893018,True,resume_candidate,not_loaded_by_archive; byte-integrity-only
/home/uxin/yolo/yolo_optimize/experiments/artifacts/direction1-20260908/heads-only-parent-recovery/checkpoints/last.pt,snapshot/optimize/artifacts/direction1-20260908/heads-only-parent-recovery/checkpoints/last.pt,273938397,4a46e0c029c63a0eaecd8948ba899f9e9d03cc552e3cae54a8063431515414a6,1788897532181917336,True,resume_candidate,not_loaded_by_archive; byte-integrity-only
/home/uxin/yolo/yolo_optimize/experiments/artifacts/direction1-20260908/heads-only-parent-recovery/inference/best_detect.pt,snapshot/optimize/artifacts/direction1-20260908/heads-only-parent-recovery/inference/best_detect.pt,106826849,80d1f1867fbf6f0f9cce82423e5d786e8ebb9e034598ad1a7bed2e77f79ab357,1788896978306279290,True,inference_candidate,not_loaded_by_archive; byte-integrity-only
/home/uxin/yolo/yolo_optimize/experiments/artifacts/direction1-20260908/heads-only-parent-recovery/inference/best_joint.pt,snapshot/optimize/artifacts/direction1-20260908/heads-only-parent-recovery/inference/best_joint.pt,106825605,d8b5189b70b72b9ccb30b2a4eba539d4d3a4db73e1751c42963fd0f66fd72cab,1788895874112641135,True,inference_candidate,not_loaded_by_archive; byte-integrity-only
/home/uxin/yolo/yolo_optimize/experiments/artifacts/direction1-20260908/heads-only-parent-recovery/inference/best_pose.pt,snapshot/optimize/artifacts/direction1-20260908/heads-only-parent-recovery/inference/best_pose.pt,106824361,b9a492f5d81372982cc60d78818ff46616a2b84b524ab1858283b88b17f8a71e,1788895322193858820,True,inference_candidate,not_loaded_by_archive; byte-integrity-only
/home/uxin/yolo/yolo_optimize/experiments/artifacts/direction1-20260908/heads-only-parent-recovery/inference/epoch-0001.pt,snapshot/optimize/artifacts/direction1-20260908/heads-only-parent-recovery/inference/epoch-0001.pt,106825605,bacce78f290a2a5054190bfe168347668a8481f7ad6743196efab0dd555e3176,1788895321371832308,True,inference_candidate,not_loaded_by_archive; byte-integrity-only
/home/uxin/yolo/yolo_optimize/experiments/artifacts/direction1-20260908/heads-only-parent-recovery/inference/epoch-0002.pt,snapshot/optimize/artifacts/direction1-20260908/heads-only-parent-recovery/inference/epoch-0002.pt,106825605,42bef66970d7ab790ef4d58035099ee7de00503253825631191b496aa565e983,1788895873599619883,True,inference_candidate,not_loaded_by_archive; byte-integrity-only
/home/uxin/yolo/yolo_optimize/experiments/artifacts/direction1-20260908/heads-only-parent-recovery/inference/epoch-0003.pt,snapshot/optimize/artifacts/direction1-20260908/heads-only-parent-recovery/inference/epoch-0003.pt,106825605,1003ad0373eee4c603aa8c57261754d6bb7282ee5cd502a026ec638397ac7418,1788896427140566453,True,inference_candidate,not_loaded_by_archive; byte-integrity-only
/home/uxin/yolo/yolo_optimize/experiments/artifacts/direction1-20260908/heads-only-parent-recovery/inference/epoch-0004.pt,snapshot/optimize/artifacts/direction1-20260908/heads-only-parent-recovery/inference/epoch-0004.pt,106825605,0859c375911bb06e071cab8b70b862b765381e39a947d6e11e299d5391d84075,1788896977688239076,True,inference_candidate,not_loaded_by_archive; byte-integrity-only
/home/uxin/yolo/yolo_optimize/experiments/artifacts/direction1-20260908/heads-only-parent-recovery/inference/epoch-0005.pt,snapshot/optimize/artifacts/direction1-20260908/heads-only-parent-recovery/inference/epoch-0005.pt,106825605,d59b878a248999f393765a2404d3b564f6f16a3d8c51a39706941a17a7f06ce9,1788897531946904494,True,inference_candidate,not_loaded_by_archive; byte-integrity-only
/home/uxin/yolo/yolo_optimize/experiments/artifacts/direction1-20260908/heads-only-parent-recovery/inference/last.pt,snapshot/optimize/artifacts/direction1-20260908/heads-only-parent-recovery/inference/last.pt,106818141,ce352f685b6280638fc1a399a2e7a84adfb26b52d19282a5e2aa34084e6dc850,1788897532466932907,True,inference_candidate,not_loaded_by_archive; byte-integrity-only
/home/uxin/yolo/yolo_optimize/experiments/artifacts/direction1-20260908/hog-parent-ema-band-v1/checkpoints/best_detect.pt,snapshot/optimize/artifacts/direction1-20260908/hog-parent-ema-band-v1/checkpoints/best_detect.pt,341457135,0916bc5db52e20aaa9c52a9105213a850c8abbfa7dc503bf1940f47868e6c314,1788884434253781451,True,resume_candidate,not_loaded_by_archive; byte-integrity-only
/home/uxin/yolo/yolo_optimize/experiments/artifacts/direction1-20260908/hog-parent-ema-band-v1/checkpoints/best_joint.pt,snapshot/optimize/artifacts/direction1-20260908/hog-parent-ema-band-v1/checkpoints/best_joint.pt,341452177,81d6c52c252ed9ee5090f1e694a622dc30533ab77e0a3b09680e49ccb47ec793,1788883108181630488,True,resume_candidate,not_loaded_by_archive; byte-integrity-only
/home/uxin/yolo/yolo_optimize/experiments/artifacts/direction1-20260908/hog-parent-ema-band-v1/checkpoints/best_pose.pt,snapshot/optimize/artifacts/direction1-20260908/hog-parent-ema-band-v1/checkpoints/best_pose.pt,341427093,18bdf17bc1149b9d32937684adfcb8d82be01455528e02f3eaf52fada73da9df,1788882439996336987,True,resume_candidate,not_loaded_by_archive; byte-integrity-only
/home/uxin/yolo/yolo_optimize/experiments/artifacts/direction1-20260908/hog-parent-ema-band-v1/checkpoints/epoch-0001-validation-pending.pt,snapshot/optimize/artifacts/direction1-20260908/hog-parent-ema-band-v1/checkpoints/epoch-0001-validation-pending.pt,341503605,5f3b64b00ffd7d4862b71bbff5989e5cd89e6625131d7d1b48b2e3db480b6225,1788882335079073945,True,resume_candidate,not_loaded_by_archive; byte-integrity-only
/home/uxin/yolo/yolo_optimize/experiments/artifacts/direction1-20260908/hog-parent-ema-band-v1/checkpoints/epoch-0001.pt,snapshot/optimize/artifacts/direction1-20260908/hog-parent-ema-band-v1/checkpoints/epoch-0001.pt,341431085,82858e6ee4ca0ab3322a1df5077c420527a26cd25375fa0acfa9da7c2b05c0b6,1788882439031243564,True,resume_candidate,not_loaded_by_archive; byte-integrity-only
/home/uxin/yolo/yolo_optimize/experiments/artifacts/direction1-20260908/hog-parent-ema-band-v1/checkpoints/epoch-0002-validation-pending.pt,snapshot/optimize/artifacts/direction1-20260908/hog-parent-ema-band-v1/checkpoints/epoch-0002-validation-pending.pt,341527755,3ba7e9e5e6e45b603a9c8ca0c5eb4acfcde9f01eb6f7739528c2891c693f73ef,1788882995490015459,True,resume_candidate,not_loaded_by_archive; byte-integrity-only
/home/uxin/yolo/yolo_optimize/experiments/artifacts/direction1-20260908/hog-parent-ema-band-v1/checkpoints/epoch-0002.pt,snapshot/optimize/artifacts/direction1-20260908/hog-parent-ema-band-v1/checkpoints/epoch-0002.pt,341452177,96f24d54c079a40d2e18e8af4bcfba9e209fb21fc788b25fb6f0be4bc802f490,1788883106853542512,True,resume_candidate,not_loaded_by_archive; byte-integrity-only
/home/uxin/yolo/yolo_optimize/experiments/artifacts/direction1-20260908/hog-parent-ema-band-v1/checkpoints/epoch-0003-validation-pending.pt,snapshot/optimize/artifacts/direction1-20260908/hog-parent-ema-band-v1/checkpoints/epoch-0003-validation-pending.pt,341528715,5987987f077ef8a78e1182827c5300bab18da1c5c9825fd70069646b009dd86e,1788883662831913058,True,resume_candidate,not_loaded_by_archive; byte-integrity-only
/home/uxin/yolo/yolo_optimize/experiments/artifacts/direction1-20260908/hog-parent-ema-band-v1/checkpoints/epoch-0003.pt,snapshot/optimize/artifacts/direction1-20260908/hog-parent-ema-band-v1/checkpoints/epoch-0003.pt,341453137,7c103e02343dc8a49a3bb1b033cb9c31c170fa7f9182640872377bc36cb2b1ce,1788883769037110104,True,resume_candidate,not_loaded_by_archive; byte-integrity-only
/home/uxin/yolo/yolo_optimize/experiments/artifacts/direction1-20260908/hog-parent-ema-band-v1/checkpoints/epoch-0004-validation-pending.pt,snapshot/optimize/artifacts/direction1-20260908/hog-parent-ema-band-v1/checkpoints/epoch-0004-validation-pending.pt,341529675,cf56b84ccc35acd77d741af27b553ad06f4970f2549b9f9666d48fa680c14ae6,1788884325302698392,True,resume_candidate,not_loaded_by_archive; byte-integrity-only
/home/uxin/yolo/yolo_optimize/experiments/artifacts/direction1-20260908/hog-parent-ema-band-v1/checkpoints/epoch-0004.pt,snapshot/optimize/artifacts/direction1-20260908/hog-parent-ema-band-v1/checkpoints/epoch-0004.pt,341453137,96f04aeb12181d99ac8c5fb9fed5b30e53aed7a9c3c7673c96f4f06af0679985,1788884433741752913,True,resume_candidate,not_loaded_by_archive; byte-integrity-only
/home/uxin/yolo/yolo_optimize/experiments/artifacts/direction1-20260908/hog-parent-ema-band-v1/checkpoints/last.pt,snapshot/optimize/artifacts/direction1-20260908/hog-parent-ema-band-v1/checkpoints/last.pt,341429149,1e33c11ccfd910adf95e35c9bce47eebcaa9ec89b141fbebd66da8073f329e31,1788884434897817347,True,resume_candidate,not_loaded_by_archive; byte-integrity-only
/home/uxin/yolo/yolo_optimize/experiments/artifacts/direction1-20260908/hog-parent-ema-band-v1/inference/best_detect.pt,snapshot/optimize/artifacts/direction1-20260908/hog-parent-ema-band-v1/inference/best_detect.pt,106826785,526750b93730c3eec6fbd19ded30ac0363e959a242c902a1f93cf3fbc29edcc4,1788884434605801071,True,inference_candidate,not_loaded_by_archive; byte-integrity-only
/home/uxin/yolo/yolo_optimize/experiments/artifacts/direction1-20260908/hog-parent-ema-band-v1/inference/best_joint.pt,snapshot/optimize/artifacts/direction1-20260908/hog-parent-ema-band-v1/inference/best_joint.pt,106825541,7aafe59ea2468bf7843a8c8f69a7bf3f0175f08d72dfd659857fe5c61fbb3df7,1788883108515652607,True,inference_candidate,not_loaded_by_archive; byte-integrity-only
/home/uxin/yolo/yolo_optimize/experiments/artifacts/direction1-20260908/hog-parent-ema-band-v1/inference/best_pose.pt,snapshot/optimize/artifacts/direction1-20260908/hog-parent-ema-band-v1/inference/best_pose.pt,106824297,faa0e33227e26dc5fa76dd29b55519853c62210852876902f304273fde53fb21,1788882440234360010,True,inference_candidate,not_loaded_by_archive; byte-integrity-only
/home/uxin/yolo/yolo_optimize/experiments/artifacts/direction1-20260908/hog-parent-ema-band-v1/inference/epoch-0001.pt,snapshot/optimize/artifacts/direction1-20260908/hog-parent-ema-band-v1/inference/epoch-0001.pt,106825541,a5680728b34b9c6d9cf8aad82e406c11eac85b1e5e1c6ade29be8586deabc1ef,1788882439217261571,True,inference_candidate,not_loaded_by_archive; byte-integrity-only
/home/uxin/yolo/yolo_optimize/experiments/artifacts/direction1-20260908/hog-parent-ema-band-v1/inference/epoch-0002.pt,snapshot/optimize/artifacts/direction1-20260908/hog-parent-ema-band-v1/inference/epoch-0002.pt,106825541,d5a37d9138340317ff7f24527c464d3e500d958637827bf4fc465ec72631e8ad,1788883107067556693,True,inference_candidate,not_loaded_by_archive; byte-integrity-only
/home/uxin/yolo/yolo_optimize/experiments/artifacts/direction1-20260908/hog-parent-ema-band-v1/inference/epoch-0003.pt,snapshot/optimize/artifacts/direction1-20260908/hog-parent-ema-band-v1/inference/epoch-0003.pt,106825541,e0ef72272abda9646b24aa5023460238f570d56ca57c82ce54f0732d9d238d25,1788883769322126634,True,inference_candidate,not_loaded_by_archive; byte-integrity-only
/home/uxin/yolo/yolo_optimize/experiments/artifacts/direction1-20260908/hog-parent-ema-band-v1/inference/epoch-0004.pt,snapshot/optimize/artifacts/direction1-20260908/hog-parent-ema-band-v1/inference/epoch-0004.pt,106825541,220e5493dbdba0a1917f8a217f6ec99af595073c05bb8b1740b4d450c86c0393,1788884433974765900,True,inference_candidate,not_loaded_by_archive; byte-integrity-only
/home/uxin/yolo/yolo_optimize/experiments/artifacts/direction1-20260908/hog-parent-ema-band-v1/inference/last.pt,snapshot/optimize/artifacts/direction1-20260908/hog-parent-ema-band-v1/inference/last.pt,106818077,8bbb3788b36587800653c7f4800016516b33f3c8450327f89ed0a34124f4b6df,1788884435184833344,True,inference_candidate,not_loaded_by_archive; byte-integrity-only
/home/uxin/yolo/yolo_optimize/experiments/artifacts/direction1-20260908/masf-off-parent-bridge/checkpoints/best_detect.pt,snapshot/optimize/artifacts/direction1-20260908/masf-off-parent-bridge/checkpoints/best_detect.pt,341415657,b6e4d9c1f0742b36451dbe588da6a1bc6ad0dd2a8d057d3c3910d0795a2d9d8f,1788892321945300229,True,resume_candidate,not_loaded_by_archive; byte-integrity-only
/home/uxin/yolo/yolo_optimize/experiments/artifacts/direction1-20260908/masf-off-parent-bridge/checkpoints/best_joint.pt,snapshot/optimize/artifacts/direction1-20260908/masf-off-parent-bridge/checkpoints/best_joint.pt,341410709,e0faaebbef17d7f3a09dbc0d6680766d7b5f2062232001a8a2dbfa20cf6ac146,1788891023775441770,True,resume_candidate,not_loaded_by_archive; byte-integrity-only
/home/uxin/yolo/yolo_optimize/experiments/artifacts/direction1-20260908/masf-off-parent-bridge/checkpoints/best_pose.pt,snapshot/optimize/artifacts/direction1-20260908/masf-off-parent-bridge/checkpoints/best_pose.pt,341405761,e64255644a98c3bace9059dafa149accf4165a04ad23525010a97063fceec723,1788890375856769466,True,resume_candidate,not_loaded_by_archive; byte-integrity-only
/home/uxin/yolo/yolo_optimize/experiments/artifacts/direction1-20260908/masf-off-parent-bridge/checkpoints/epoch-0001-validation-pending.pt,snapshot/optimize/artifacts/direction1-20260908/masf-off-parent-bridge/checkpoints/epoch-0001-validation-pending.pt,341482065,b00836155accb9d2a3546e985cdb3ed7d50b2ac321f37a175c8e91c6d1eeef10,1788890272360121002,True,resume_candidate,not_loaded_by_archive; byte-integrity-only
/home/uxin/yolo/yolo_optimize/experiments/artifacts/direction1-20260908/masf-off-parent-bridge/checkpoints/epoch-0001.pt,snapshot/optimize/artifacts/direction1-20260908/masf-off-parent-bridge/checkpoints/epoch-0001.pt,341409749,6a10e88e13d16448832cfecf969dc0b490ff06a4fbd98403eebb54e6959a1753,1788890374768710035,True,resume_candidate,not_loaded_by_archive; byte-integrity-only
/home/uxin/yolo/yolo_optimize/experiments/artifacts/direction1-20260908/masf-off-parent-bridge/checkpoints/epoch-0002-validation-pending.pt,snapshot/optimize/artifacts/direction1-20260908/masf-off-parent-bridge/checkpoints/epoch-0002-validation-pending.pt,341485841,2f718a235f757e54a058dd970b22657ebd551d56291ebbdc66e9952c0db4cedf,1788890916743955843,True,resume_candidate,not_loaded_by_archive; byte-integrity-only
/home/uxin/yolo/yolo_optimize/experiments/artifacts/direction1-20260908/masf-off-parent-bridge/checkpoints/epoch-0002.pt,snapshot/optimize/artifacts/direction1-20260908/masf-off-parent-bridge/checkpoints/epoch-0002.pt,341410709,f81f8450b24ccdf596d9b4a2ff6c14f912060d0d992599c21cc433d2c80d302d,1788891022667403709,True,resume_candidate,not_loaded_by_archive; byte-integrity-only
/home/uxin/yolo/yolo_optimize/experiments/artifacts/direction1-20260908/masf-off-parent-bridge/checkpoints/epoch-0003-validation-pending.pt,snapshot/optimize/artifacts/direction1-20260908/masf-off-parent-bridge/checkpoints/epoch-0003-validation-pending.pt,341486801,2e539429cb6c36c1b4cfe67b0442fd33d953eebbffb49b4193085f76a0cbc02d,1788891565624389232,True,resume_candidate,not_loaded_by_archive; byte-integrity-only
/home/uxin/yolo/yolo_optimize/experiments/artifacts/direction1-20260908/masf-off-parent-bridge/checkpoints/epoch-0003.pt,snapshot/optimize/artifacts/direction1-20260908/masf-off-parent-bridge/checkpoints/epoch-0003.pt,341411669,0db653b33e2549820eafe00859f551747901d07e32c4216c989435893cd78bf7,1788891670538148203,True,resume_candidate,not_loaded_by_archive; byte-integrity-only
/home/uxin/yolo/yolo_optimize/experiments/artifacts/direction1-20260908/masf-off-parent-bridge/checkpoints/epoch-0004-validation-pending.pt,snapshot/optimize/artifacts/direction1-20260908/masf-off-parent-bridge/checkpoints/epoch-0004-validation-pending.pt,341487825,fd1aadc182b74e31b9a9669f7ae45499c428ed03f04e6c4a71ebbcc9e3c8b40e,1788892214548040820,True,resume_candidate,not_loaded_by_archive; byte-integrity-only
/home/uxin/yolo/yolo_optimize/experiments/artifacts/direction1-20260908/masf-off-parent-bridge/checkpoints/epoch-0004.pt,snapshot/optimize/artifacts/direction1-20260908/masf-off-parent-bridge/checkpoints/epoch-0004.pt,341411669,444e8bcaa8814cb08e6ec6e7b6ea008dc3bf1423254baca00ecaa518e6a55a82,1788892321356271299,True,resume_candidate,not_loaded_by_archive; byte-integrity-only
/home/uxin/yolo/yolo_optimize/experiments/artifacts/direction1-20260908/masf-off-parent-bridge/checkpoints/last.pt,snapshot/optimize/artifacts/direction1-20260908/masf-off-parent-bridge/checkpoints/last.pt,341387741,74a416356a96418e3fac43c7d806b5df0763380fff497e49d7ab02a363d59a29,1788892322782341339,True,resume_candidate,not_loaded_by_archive; byte-integrity-only
/home/uxin/yolo/yolo_optimize/experiments/artifacts/direction1-20260908/masf-off-parent-bridge/inference/best_detect.pt,snapshot/optimize/artifacts/direction1-20260908/masf-off-parent-bridge/inference/best_detect.pt,106826849,2b960062ca049ef4921d918c58d09d8bfa5483a0b2acdd4c43567b47a3584245,1788892322408322969,True,inference_candidate,not_loaded_by_archive; byte-integrity-only
/home/uxin/yolo/yolo_optimize/experiments/artifacts/direction1-20260908/masf-off-parent-bridge/inference/best_joint.pt,snapshot/optimize/artifacts/direction1-20260908/masf-off-parent-bridge/inference/best_joint.pt,106825605,a88332ed2824a7ac3d09911cf329333a5e800e53469a51179fd21d2440841785,1788891024039450842,True,inference_candidate,not_loaded_by_archive; byte-integrity-only
/home/uxin/yolo/yolo_optimize/experiments/artifacts/direction1-20260908/masf-off-parent-bridge/inference/best_pose.pt,snapshot/optimize/artifacts/direction1-20260908/masf-off-parent-bridge/inference/best_pose.pt,106824361,c811b64e05a9409b33dd569bb7e47716e741cd87e2b37443f02c0d88c07c3b1c,1788890376075781429,True,inference_candidate,not_loaded_by_archive; byte-integrity-only
/home/uxin/yolo/yolo_optimize/experiments/artifacts/direction1-20260908/masf-off-parent-bridge/inference/epoch-0001.pt,snapshot/optimize/artifacts/direction1-20260908/masf-off-parent-bridge/inference/epoch-0001.pt,106825605,479f223e3cbd2a294faa443169babe93c6384762d74b89d2a4d154cee5c8a364,1788890374954720196,True,inference_candidate,not_loaded_by_archive; byte-integrity-only
/home/uxin/yolo/yolo_optimize/experiments/artifacts/direction1-20260908/masf-off-parent-bridge/inference/epoch-0002.pt,snapshot/optimize/artifacts/direction1-20260908/masf-off-parent-bridge/inference/epoch-0002.pt,106825605,8144910b0e4b53298113edbf73ecd2eaa28a9561b75cf7b1ecfa5ae1bac2895d,1788891022884411158,True,inference_candidate,not_loaded_by_archive; byte-integrity-only
/home/uxin/yolo/yolo_optimize/experiments/artifacts/direction1-20260908/masf-off-parent-bridge/inference/epoch-0003.pt,snapshot/optimize/artifacts/direction1-20260908/masf-off-parent-bridge/inference/epoch-0003.pt,106825605,403a0de01951b677834d45321374b178f2ae31e881741aac4dfbf8d75a1a874d,1788891670767158705,True,inference_candidate,not_loaded_by_archive; byte-integrity-only
/home/uxin/yolo/yolo_optimize/experiments/artifacts/direction1-20260908/masf-off-parent-bridge/inference/epoch-0004.pt,snapshot/optimize/artifacts/direction1-20260908/masf-off-parent-bridge/inference/epoch-0004.pt,106825605,7a2353e30406723ab3021e9814778387541f22c63fcf1325cd2d295490075404,1788892321638285150,True,inference_candidate,not_loaded_by_archive; byte-integrity-only
/home/uxin/yolo/yolo_optimize/experiments/artifacts/direction1-20260908/masf-off-parent-bridge/inference/last.pt,snapshot/optimize/artifacts/direction1-20260908/masf-off-parent-bridge/inference/last.pt,106818141,38f5f8e5f5bd1872309111629b61debddd03d3088eb3d5a16eea09ccceb6bfac,1788892323070355486,True,inference_candidate,not_loaded_by_archive; byte-integrity-only
/home/uxin/yolo/yolo_optimize/experiments/artifacts/direction1-20260908/native-control/checkpoints/best_detect.pt,snapshot/optimize/artifacts/direction1-20260908/native-control/checkpoints/best_detect.pt,341387561,3677da3615f888ccddf7dfb36096be50456bb635407d45fc2c4433f16bf143dc,1788863361032521721,True,resume_candidate,not_loaded_by_archive; byte-integrity-only
/home/uxin/yolo/yolo_optimize/experiments/artifacts/direction1-20260908/native-control/checkpoints/best_joint.pt,snapshot/optimize/artifacts/direction1-20260908/native-control/checkpoints/best_joint.pt,341383573,1a16cd9838cf94216cc30ec56f6e48a152d1401cfb56862c91d346ff3b7328e5,1788863361963567882,True,resume_candidate,not_loaded_by_archive; byte-integrity-only
/home/uxin/yolo/yolo_optimize/experiments/artifacts/direction1-20260908/native-control/checkpoints/best_pose.pt,snapshot/optimize/artifacts/direction1-20260908/native-control/checkpoints/best_pose.pt,341379585,d972165064c742d1ab457136ee8891927b22b39efb63fc93b04b5ca96be30342,1788863361525546165,True,resume_candidate,not_loaded_by_archive; byte-integrity-only
/home/uxin/yolo/yolo_optimize/experiments/artifacts/direction1-20260908/native-control/checkpoints/epoch-0001.pt,snapshot/optimize/artifacts/direction1-20260908/native-control/checkpoints/epoch-0001.pt,341383573,d854ed87cf3eafb242e08260d41abc4d784e45f7e7170bceb83df254a8f7678b,1788863360476494153,True,resume_candidate,not_loaded_by_archive; byte-integrity-only
/home/uxin/yolo/yolo_optimize/experiments/artifacts/direction1-20260908/native-control/checkpoints/last.pt,snapshot/optimize/artifacts/direction1-20260908/native-control/checkpoints/last.pt,341359645,2bdb4e74598b20a3d86a25c8373822bd1dd3a4367ca91e365c592e64bf66c018,1788863362394589252,True,resume_candidate,not_loaded_by_archive; byte-integrity-only
/home/uxin/yolo/yolo_optimize/experiments/artifacts/direction1-20260908/native-control/inference/best_detect.pt,snapshot/optimize/artifacts/direction1-20260908/native-control/inference/best_detect.pt,106826785,760367de1c405f60e49144196808af21aa4a0e6e10db2f9289385e5c8a526f09,1788863361214530745,True,inference_candidate,not_loaded_by_archive; byte-integrity-only
/home/uxin/yolo/yolo_optimize/experiments/artifacts/direction1-20260908/native-control/inference/best_joint.pt,snapshot/optimize/artifacts/direction1-20260908/native-control/inference/best_joint.pt,106825541,1407dddda8f2069b999eedd8c28b736f03ba7d2c883c3db013abba91a5c42d09,1788863362135576410,True,inference_candidate,not_loaded_by_archive; byte-integrity-only
/home/uxin/yolo/yolo_optimize/experiments/artifacts/direction1-20260908/native-control/inference/best_pose.pt,snapshot/optimize/artifacts/direction1-20260908/native-control/inference/best_pose.pt,106824297,797807125795071abd5351140443909b176de6dda821246f15d53004ac58b47b,1788863361700554842,True,inference_candidate,not_loaded_by_archive; byte-integrity-only
/home/uxin/yolo/yolo_optimize/experiments/artifacts/direction1-20260908/native-control/inference/epoch-0001.pt,snapshot/optimize/artifacts/direction1-20260908/native-control/inference/epoch-0001.pt,106825541,2e73345994df57a3fdd23d4b3bca0c01a18f0ed1ae6366393db606fd035bf083,1788863360699505210,True,inference_candidate,not_loaded_by_archive; byte-integrity-only
/home/uxin/yolo/yolo_optimize/experiments/artifacts/direction1-20260908/native-control/inference/last.pt,snapshot/optimize/artifacts/direction1-20260908/native-control/inference/last.pt,106818077,d67066a2fbcfe30e4dac5920e321383aaff3150c27c0479c877fb2e27daaad93,1788863362593599118,True,inference_candidate,not_loaded_by_archive; byte-integrity-only
/home/uxin/yolo/yolo_optimize/experiments/artifacts/direction1-20260908/native-parent-ema-control-adopted/checkpoints/best_detect.pt,snapshot/optimize/artifacts/direction1-20260908/native-parent-ema-control-adopted/checkpoints/best_detect.pt,341415465,07afc8f38c096ab44c101fb3c66dd6f5bc3d44b80e8b412937514116ebb7b790,1788873663072702271,True,resume_candidate,not_loaded_by_archive; byte-integrity-only
/home/uxin/yolo/yolo_optimize/experiments/artifacts/direction1-20260908/native-parent-ema-control-adopted/checkpoints/best_joint.pt,snapshot/optimize/artifacts/direction1-20260908/native-parent-ema-control-adopted/checkpoints/best_joint.pt,341410581,abb36146b9c4359f45e3546e9342dfc000425dcf31adcc3770b6c610ee22e9b9,1788872356964258247,True,resume_candidate,not_loaded_by_archive; byte-integrity-only
/home/uxin/yolo/yolo_optimize/experiments/artifacts/direction1-20260908/native-parent-ema-control-adopted/checkpoints/best_pose.pt,snapshot/optimize/artifacts/direction1-20260908/native-parent-ema-control-adopted/checkpoints/best_pose.pt,341406593,03cce1b070c56ecc7bb39fa2152a66a59cd44bdc7fe61ad7f278cb16a05095e7,1788872356451229527,True,resume_candidate,not_loaded_by_archive; byte-integrity-only
/home/uxin/yolo/yolo_optimize/experiments/artifacts/direction1-20260908/native-parent-ema-control-adopted/checkpoints/epoch-0001.pt,snapshot/optimize/artifacts/direction1-20260908/native-parent-ema-control-adopted/checkpoints/epoch-0001.pt,341410581,10d14efc219e6b68f2f6391190d74dd39a3d5d4f6e90136e601ece648ab269e1,1788872355024149628,True,resume_candidate,not_loaded_by_archive; byte-integrity-only
/home/uxin/yolo/yolo_optimize/experiments/artifacts/direction1-20260908/native-parent-ema-control-adopted/checkpoints/epoch-0002-validation-pending.pt,snapshot/optimize/artifacts/direction1-20260908/native-parent-ema-control-adopted/checkpoints/epoch-0002-validation-pending.pt,341486737,d3a552f071841cd5a1faec02343654d64c2ab09400bde2fa0de5f4b5470c84de,1788872906062061344,True,resume_candidate,not_loaded_by_archive; byte-integrity-only
/home/uxin/yolo/yolo_optimize/experiments/artifacts/direction1-20260908/native-parent-ema-control-adopted/checkpoints/epoch-0002.pt,snapshot/optimize/artifacts/direction1-20260908/native-parent-ema-control-adopted/checkpoints/epoch-0002.pt,341411477,59ef52c1d783920f04134b8526bfacec644b4cd3e2f79ec3dd30e28ec77c9fe0,1788873011131623658,True,resume_candidate,not_loaded_by_archive; byte-integrity-only
/home/uxin/yolo/yolo_optimize/experiments/artifacts/direction1-20260908/native-parent-ema-control-adopted/checkpoints/epoch-0003-validation-pending.pt,snapshot/optimize/artifacts/direction1-20260908/native-parent-ema-control-adopted/checkpoints/epoch-0003-validation-pending.pt,341487697,652cd1a3204145416caae297e5f5d57c5a951a62e19715d45cafe09916ae34d6,1788873554499060575,True,resume_candidate,not_loaded_by_archive; byte-integrity-only
/home/uxin/yolo/yolo_optimize/experiments/artifacts/direction1-20260908/native-parent-ema-control-adopted/checkpoints/epoch-0003.pt,snapshot/optimize/artifacts/direction1-20260908/native-parent-ema-control-adopted/checkpoints/epoch-0003.pt,341411477,b753fe9c3e977c30a94ddcc7cc8a750fca315a8ed741d27667cfd2bdea77ed10,1788873662555675425,True,resume_candidate,not_loaded_by_archive; byte-integrity-only
/home/uxin/yolo/yolo_optimize/experiments/artifacts/direction1-20260908/native-parent-ema-control-adopted/checkpoints/epoch-0004-validation-pending.pt,snapshot/optimize/artifacts/direction1-20260908/native-parent-ema-control-adopted/checkpoints/epoch-0004-validation-pending.pt,341487697,c216d3b4508d8bf489d74a3711921ee323c35152425c2e6bc7d1de470917c2c0,1788874207155889610,True,resume_candidate,not_loaded_by_archive; byte-integrity-only
/home/uxin/yolo/yolo_optimize/experiments/artifacts/direction1-20260908/native-parent-ema-control-adopted/checkpoints/epoch-0004.pt,snapshot/optimize/artifacts/direction1-20260908/native-parent-ema-control-adopted/checkpoints/epoch-0004.pt,341412501,5271d6d6b01ca1cc91e5c43478f2f888d197dca84bae35916a3ac7cd1901577b,1788874313676771965,True,resume_candidate,not_loaded_by_archive; byte-integrity-only
/home/uxin/yolo/yolo_optimize/experiments/artifacts/direction1-20260908/native-parent-ema-control-adopted/checkpoints/epoch-0005-validation-pending.pt,snapshot/optimize/artifacts/direction1-20260908/native-parent-ema-control-adopted/checkpoints/epoch-0005-validation-pending.pt,341488657,56fefdb6bc99ff7163a326f9fc41cc11fcdad9619e4bcfc9287a6d8ac04cd5c6,1788874858274068512,True,resume_candidate,not_loaded_by_archive; byte-integrity-only
/home/uxin/yolo/yolo_optimize/experiments/artifacts/direction1-20260908/native-parent-ema-control-adopted/checkpoints/epoch-0005.pt,snapshot/optimize/artifacts/direction1-20260908/native-parent-ema-control-adopted/checkpoints/epoch-0005.pt,341412501,774cb888ad9894eabc52a287de44c4a780ca85a4ff7d4320545305538efb9b28,1788874965014717245,True,resume_candidate,not_loaded_by_archive; byte-integrity-only
/home/uxin/yolo/yolo_optimize/experiments/artifacts/direction1-20260908/native-parent-ema-control-adopted/checkpoints/last.pt,snapshot/optimize/artifacts/direction1-20260908/native-parent-ema-control-adopted/checkpoints/last.pt,341388509,809e8218fd4239b50dea22637a9d814703e72d267e193a51adde8828aa5af931,1788874965548745456,True,resume_candidate,not_loaded_by_archive; byte-integrity-only
/home/uxin/yolo/yolo_optimize/experiments/artifacts/direction1-20260908/native-parent-ema-control-adopted/inference/best_detect.pt,snapshot/optimize/artifacts/direction1-20260908/native-parent-ema-control-adopted/inference/best_detect.pt,106826785,f1a0a589a36ce678e27b44d3241ea7c1d5620f0920dca5007b8d595ae7a1a286,1788873663564727818,True,inference_candidate,not_loaded_by_archive; byte-integrity-only
/home/uxin/yolo/yolo_optimize/experiments/artifacts/direction1-20260908/native-parent-ema-control-adopted/inference/best_joint.pt,snapshot/optimize/artifacts/direction1-20260908/native-parent-ema-control-adopted/inference/best_joint.pt,106825541,c2ffe3d88286e639e1de9c5f36ac231cea7f7370a4daa189460563fcacadac0e,1788872357135267818,True,inference_candidate,not_loaded_by_archive; byte-integrity-only
/home/uxin/yolo/yolo_optimize/experiments/artifacts/direction1-20260908/native-parent-ema-control-adopted/inference/best_pose.pt,snapshot/optimize/artifacts/direction1-20260908/native-parent-ema-control-adopted/inference/best_pose.pt,106824297,1c371ba80e1dfd2e9bb9dfed6240e724d602d48a33f9c9d768d7ddd7b48550d7,1788872356659241171,True,inference_candidate,not_loaded_by_archive; byte-integrity-only
/home/uxin/yolo/yolo_optimize/experiments/artifacts/direction1-20260908/native-parent-ema-control-adopted/inference/epoch-0001.pt,snapshot/optimize/artifacts/direction1-20260908/native-parent-ema-control-adopted/inference/epoch-0001.pt,106825541,ffc4dbb1e1a22f4543a8f5fff9ba138bb345a839fb2853dedf9e6c6339ef371e,1788872355208159931,True,inference_candidate,not_loaded_by_archive; byte-integrity-only
/home/uxin/yolo/yolo_optimize/experiments/artifacts/direction1-20260908/native-parent-ema-control-adopted/inference/epoch-0002.pt,snapshot/optimize/artifacts/direction1-20260908/native-parent-ema-control-adopted/inference/epoch-0002.pt,106825541,1640b8856a4f25840bd3cb9f9465a63ff87ee991995788fb936c8dcd25dfa52f,1788873011322633743,True,inference_candidate,not_loaded_by_archive; byte-integrity-only
/home/uxin/yolo/yolo_optimize/experiments/artifacts/direction1-20260908/native-parent-ema-control-adopted/inference/epoch-0003.pt,snapshot/optimize/artifacts/direction1-20260908/native-parent-ema-control-adopted/inference/epoch-0003.pt,106825541,b80837ebc5e7ac3a3948d64cd03478c02f80073dc5e524b0fd096dc9c31752d3,1788873662776686900,True,inference_candidate,not_loaded_by_archive; byte-integrity-only
/home/uxin/yolo/yolo_optimize/experiments/artifacts/direction1-20260908/native-parent-ema-control-adopted/inference/epoch-0004.pt,snapshot/optimize/artifacts/direction1-20260908/native-parent-ema-control-adopted/inference/epoch-0004.pt,106825541,c91606a4b8f47640a90207fad0ed4f1781fbdd3d2db3e4a1071c03c18c4039f6,1788874313870782617,True,inference_candidate,not_loaded_by_archive; byte-integrity-only
/home/uxin/yolo/yolo_optimize/experiments/artifacts/direction1-20260908/native-parent-ema-control-adopted/inference/epoch-0005.pt,snapshot/optimize/artifacts/direction1-20260908/native-parent-ema-control-adopted/inference/epoch-0005.pt,106825541,640654e64537e5fc89fada7bf78284d8256b32ccf0f8d76c134072c5d95db114,1788874965225728392,True,inference_candidate,not_loaded_by_archive; byte-integrity-only
/home/uxin/yolo/yolo_optimize/experiments/artifacts/direction1-20260908/native-parent-ema-control-adopted/inference/last.pt,snapshot/optimize/artifacts/direction1-20260908/native-parent-ema-control-adopted/inference/last.pt,106818077,aa652962e75b91734705a0d79673b20a12ea58d7504004ad267292101050fb96,1788874965898763948,True,inference_candidate,not_loaded_by_archive; byte-integrity-only
/home/uxin/yolo/yolo_optimize/experiments/artifacts/direction1-20260908/native-quarter-lr-control/checkpoints/best_detect.pt,snapshot/optimize/artifacts/direction1-20260908/native-quarter-lr-control/checkpoints/best_detect.pt,341414185,f1a56c6f26641d2cec43aad2cd1e77e1624ff734435b56095b0c1c26a777c3f0,1788877150374816687,True,resume_candidate,not_loaded_by_archive; byte-integrity-only
/home/uxin/yolo/yolo_optimize/experiments/artifacts/direction1-20260908/native-quarter-lr-control/checkpoints/best_joint.pt,snapshot/optimize/artifacts/direction1-20260908/native-quarter-lr-control/checkpoints/best_joint.pt,341409237,08856ba00009b59788149167708af0bb432f170ee6efb1b9ee19c70f448d8e57,1788876500261310086,True,resume_candidate,not_loaded_by_archive; byte-integrity-only
/home/uxin/yolo/yolo_optimize/experiments/artifacts/direction1-20260908/native-quarter-lr-control/checkpoints/best_pose.pt,snapshot/optimize/artifacts/direction1-20260908/native-quarter-lr-control/checkpoints/best_pose.pt,341405249,1abc4dc9c361ecd9b217f95367aa6714704c7cb1f39559d179e24d8f32695219,1788876499786270865,True,resume_candidate,not_loaded_by_archive; byte-integrity-only
/home/uxin/yolo/yolo_optimize/experiments/artifacts/direction1-20260908/native-quarter-lr-control/checkpoints/epoch-0001-validation-pending.pt,snapshot/optimize/artifacts/direction1-20260908/native-quarter-lr-control/checkpoints/epoch-0001-validation-pending.pt,341481553,4912602559c4f0a99fe50dcb8d845a7585811d1421b16a1b70d87c6d320b3ecb,1788876395358357345,True,resume_candidate,not_loaded_by_archive; byte-integrity-only
/home/uxin/yolo/yolo_optimize/experiments/artifacts/direction1-20260908/native-quarter-lr-control/checkpoints/epoch-0001.pt,snapshot/optimize/artifacts/direction1-20260908/native-quarter-lr-control/checkpoints/epoch-0001.pt,341409237,97f81097021436c586e264fd0981f15576a98df056a0d7faa1a2754b4e9c437e,1788876498725183216,True,resume_candidate,not_loaded_by_archive; byte-integrity-only
/home/uxin/yolo/yolo_optimize/experiments/artifacts/direction1-20260908/native-quarter-lr-control/checkpoints/epoch-0002-validation-pending.pt,snapshot/optimize/artifacts/direction1-20260908/native-quarter-lr-control/checkpoints/epoch-0002-validation-pending.pt,341485393,2e947c2e93c647b5c1cf0bb4e81f699e2ad4789f40bad65844a026deccb50d9a,1788877043279846002,True,resume_candidate,not_loaded_by_archive; byte-integrity-only
/home/uxin/yolo/yolo_optimize/experiments/artifacts/direction1-20260908/native-quarter-lr-control/checkpoints/epoch-0002.pt,snapshot/optimize/artifacts/direction1-20260908/native-quarter-lr-control/checkpoints/epoch-0002.pt,341410197,cdba3deaa88f7be89036986a2453fd241d48fa8cd602b428e9a3e2c31b13590f,1788877149912786984,True,resume_candidate,not_loaded_by_archive; byte-integrity-only
/home/uxin/yolo/yolo_optimize/experiments/artifacts/direction1-20260908/native-quarter-lr-control/checkpoints/last.pt,snapshot/optimize/artifacts/direction1-20260908/native-quarter-lr-control/checkpoints/last.pt,341386269,651594eb2f8b2d8304f5209c08f3033ea44e0d4f757b75e35777916262bc39cc,1788877151064861047,True,resume_candidate,not_loaded_by_archive; byte-integrity-only
/home/uxin/yolo/yolo_optimize/experiments/artifacts/direction1-20260908/native-quarter-lr-control/inference/best_detect.pt,snapshot/optimize/artifacts/direction1-20260908/native-quarter-lr-control/inference/best_detect.pt,106826785,712f8702041efbd8620591425e12020f92b8bf59287c4b0815b6e1ee53427796,1788877150718838804,True,inference_candidate,not_loaded_by_archive; byte-integrity-only
/home/uxin/yolo/yolo_optimize/experiments/artifacts/direction1-20260908/native-quarter-lr-control/inference/best_joint.pt,snapshot/optimize/artifacts/direction1-20260908/native-quarter-lr-control/inference/best_joint.pt,106825541,9a3cf168eb5f51c6aaa268b6a3cca40eab3984a616ed2a039b18696f9fef6ef3,1788876500476327833,True,inference_candidate,not_loaded_by_archive; byte-integrity-only
/home/uxin/yolo/yolo_optimize/experiments/artifacts/direction1-20260908/native-quarter-lr-control/inference/best_pose.pt,snapshot/optimize/artifacts/direction1-20260908/native-quarter-lr-control/inference/best_pose.pt,106824297,27a68222011617889a0df8486e466cbc8ee1af97700676d9bd350b5c3e99cd92,1788876499978286723,True,inference_candidate,not_loaded_by_archive; byte-integrity-only
/home/uxin/yolo/yolo_optimize/experiments/artifacts/direction1-20260908/native-quarter-lr-control/inference/epoch-0001.pt,snapshot/optimize/artifacts/direction1-20260908/native-quarter-lr-control/inference/epoch-0001.pt,106825541,ab662998cf3fa2ed66006c377257d2ded6176d2dfb64e644358e2f60f990b831,1788876499040209247,True,inference_candidate,not_loaded_by_archive; byte-integrity-only
/home/uxin/yolo/yolo_optimize/experiments/artifacts/direction1-20260908/native-quarter-lr-control/inference/epoch-0002.pt,snapshot/optimize/artifacts/direction1-20260908/native-quarter-lr-control/inference/epoch-0002.pt,106825541,a9d84adc474fd04f8bea1ae0f2dac609dd011ccce4f24c3534668d8de9b216ca,1788877150104799329,True,inference_candidate,not_loaded_by_archive; byte-integrity-only
/home/uxin/yolo/yolo_optimize/experiments/artifacts/direction1-20260908/native-quarter-lr-control/inference/last.pt,snapshot/optimize/artifacts/direction1-20260908/native-quarter-lr-control/inference/last.pt,106818077,a3cc5dd8b2cd93e22599c9712046cabe1cb5ed907f7979a1bc13283dd7160cbb,1788877151322877630,True,inference_candidate,not_loaded_by_archive; byte-integrity-only
/home/uxin/yolo/yolo_optimize/experiments/artifacts/direction1-20260908/rep17-integration-cpu/synthetic-full-resume.pt,snapshot/optimize/artifacts/direction1-20260908/rep17-integration-cpu/synthetic-full-resume.pt,219609231,38011a95670128d5cdc094a69403bb397ab75a6b09e3dd5a2d80dc21b4365ea3,1788885588196114777,True,resume_candidate,not_loaded_by_archive; byte-integrity-only
/home/uxin/yolo/yolo_optimize/experiments/artifacts/direction1-20260908/rep17-parent-ema-control/checkpoints/best_detect.pt,snapshot/optimize/artifacts/direction1-20260908/rep17-parent-ema-control/checkpoints/best_detect.pt,342482364,5599cdb775250b7ce0d1728cd11f83982db20ccb3d5eaf5b1ce5ab2d768bfd2a,1788887840609420153,True,resume_candidate,not_loaded_by_archive; byte-integrity-only
/home/uxin/yolo/yolo_optimize/experiments/artifacts/direction1-20260908/rep17-parent-ema-control/checkpoints/best_joint.pt,snapshot/optimize/artifacts/direction1-20260908/rep17-parent-ema-control/checkpoints/best_joint.pt,342478355,b31279ced5bee835057164375cd8d919b69440f7724ed34895909c882269906b,1788887841220456486,True,resume_candidate,not_loaded_by_archive; byte-integrity-only
/home/uxin/yolo/yolo_optimize/experiments/artifacts/direction1-20260908/rep17-parent-ema-control/checkpoints/best_pose.pt,snapshot/optimize/artifacts/direction1-20260908/rep17-parent-ema-control/checkpoints/best_pose.pt,342473386,c2e8d34dc29baf6f83ae37c9212bdfea41a942501a710ee56e97781010d1e971,1788887186220796955,True,resume_candidate,not_loaded_by_archive; byte-integrity-only
/home/uxin/yolo/yolo_optimize/experiments/artifacts/direction1-20260908/rep17-parent-ema-control/checkpoints/epoch-0001-validation-pending.pt,snapshot/optimize/artifacts/direction1-20260908/rep17-parent-ema-control/checkpoints/epoch-0001-validation-pending.pt,342550110,1ec4aeec16d56b1827500120b66cbd2397b1b74fbdfd921faf5cbb3a3814efa0,1788886432597960898,True,resume_candidate,not_loaded_by_archive; byte-integrity-only
/home/uxin/yolo/yolo_optimize/experiments/artifacts/direction1-20260908/rep17-parent-ema-control/checkpoints/epoch-0001.pt,snapshot/optimize/artifacts/direction1-20260908/rep17-parent-ema-control/checkpoints/epoch-0001.pt,342477395,4c3fa0037ecba57a709102b16f8a5cc47acc2c9c24960ee0a8ba958df0bd4862,1788886533964604367,True,resume_candidate,not_loaded_by_archive; byte-integrity-only
/home/uxin/yolo/yolo_optimize/experiments/artifacts/direction1-20260908/rep17-parent-ema-control/checkpoints/epoch-0002-validation-pending.pt,snapshot/optimize/artifacts/direction1-20260908/rep17-parent-ema-control/checkpoints/epoch-0002-validation-pending.pt,342553950,f3a07c9cbb3d36ae60a92233cd838aa41d0a9703fafd3c070d9ff93f48fd9089,1788887079278622106,True,resume_candidate,not_loaded_by_archive; byte-integrity-only
/home/uxin/yolo/yolo_optimize/experiments/artifacts/direction1-20260908/rep17-parent-ema-control/checkpoints/epoch-0002.pt,snapshot/optimize/artifacts/direction1-20260908/rep17-parent-ema-control/checkpoints/epoch-0002.pt,342477395,f0f0c12e8348b583cf3e5b1b0daf2ab405493d2dd08ebe6e57d1ab9e30aa1130,1788887184914710654,True,resume_candidate,not_loaded_by_archive; byte-integrity-only
/home/uxin/yolo/yolo_optimize/experiments/artifacts/direction1-20260908/rep17-parent-ema-control/checkpoints/epoch-0003-validation-pending.pt,snapshot/optimize/artifacts/direction1-20260908/rep17-parent-ema-control/checkpoints/epoch-0003-validation-pending.pt,342553950,5f699595ba5a132ecf6c3f6583a92e6b3dfd6bf0cce70d3e0ae3b604117f4779,1788887733720033738,True,resume_candidate,not_loaded_by_archive; byte-integrity-only
/home/uxin/yolo/yolo_optimize/experiments/artifacts/direction1-20260908/rep17-parent-ema-control/checkpoints/epoch-0003.pt,snapshot/optimize/artifacts/direction1-20260908/rep17-parent-ema-control/checkpoints/epoch-0003.pt,342478355,de42f505df887a9ea4e8cc436907eb1302ea77cc137a33a0e1420fa4d2cf5cca,1788887839287341534,True,resume_candidate,not_loaded_by_archive; byte-integrity-only
/home/uxin/yolo/yolo_optimize/experiments/artifacts/direction1-20260908/rep17-parent-ema-control/checkpoints/epoch-0004-validation-pending.pt,snapshot/optimize/artifacts/direction1-20260908/rep17-parent-ema-control/checkpoints/epoch-0004-validation-pending.pt,342554910,24929f16d1499db6ec91310ab29a40ef5e277baa3fef216aaf87f2261a7f0ab4,1788888389848538397,True,resume_candidate,not_loaded_by_archive; byte-integrity-only
/home/uxin/yolo/yolo_optimize/experiments/artifacts/direction1-20260908/rep17-parent-ema-control/checkpoints/epoch-0004.pt,snapshot/optimize/artifacts/direction1-20260908/rep17-parent-ema-control/checkpoints/epoch-0004.pt,342479315,8369e4a83cd059f3cfeda8ffb422e768f3fc9fb8df62bd67f398627dec2b6aca,1788888493877541342,True,resume_candidate,not_loaded_by_archive; byte-integrity-only
/home/uxin/yolo/yolo_optimize/experiments/artifacts/direction1-20260908/rep17-parent-ema-control/checkpoints/epoch-0005-validation-pending.pt,snapshot/optimize/artifacts/direction1-20260908/rep17-parent-ema-control/checkpoints/epoch-0005-validation-pending.pt,342555870,646fc048870acad801a26318d4a698473cfd7e88e81e46566dfde7f50e121b86,1788889041510016949,True,resume_candidate,not_loaded_by_archive; byte-integrity-only
/home/uxin/yolo/yolo_optimize/experiments/artifacts/direction1-20260908/rep17-parent-ema-control/checkpoints/epoch-0005.pt,snapshot/optimize/artifacts/direction1-20260908/rep17-parent-ema-control/checkpoints/epoch-0005.pt,342479315,cda48ca68de5c5473890be9364a7515940d6a4215ce56be1df4e3f755271653a,1788889148082336656,True,resume_candidate,not_loaded_by_archive; byte-integrity-only
/home/uxin/yolo/yolo_optimize/experiments/artifacts/direction1-20260908/rep17-parent-ema-control/checkpoints/last.pt,snapshot/optimize/artifacts/direction1-20260908/rep17-parent-ema-control/checkpoints/last.pt,342455261,6b4ea6054154dae7636fac472b3dc605c05e05cc24c9266feea5494bf02bb46e,1788889148748370247,True,resume_candidate,not_loaded_by_archive; byte-integrity-only
/home/uxin/yolo/yolo_optimize/experiments/artifacts/direction1-20260908/rep17-parent-ema-control/inference/best_detect.pt,snapshot/optimize/artifacts/direction1-20260908/rep17-parent-ema-control/inference/best_detect.pt,106826977,cbf622f718b9769628ff4b7add9e0e0452595d7f46fab43a94e83d549a65296d,1788887840901437516,True,inference_candidate,not_loaded_by_archive; byte-integrity-only
/home/uxin/yolo/yolo_optimize/experiments/artifacts/direction1-20260908/rep17-parent-ema-control/inference/best_joint.pt,snapshot/optimize/artifacts/direction1-20260908/rep17-parent-ema-control/inference/best_joint.pt,106825733,9eb5bd84a0a455fd723336310bfcff80e6d31a293613d346118e598e867ddd1d,1788887841548475989,True,inference_candidate,not_loaded_by_archive; byte-integrity-only
/home/uxin/yolo/yolo_optimize/experiments/artifacts/direction1-20260908/rep17-parent-ema-control/inference/best_pose.pt,snapshot/optimize/artifacts/direction1-20260908/rep17-parent-ema-control/inference/best_pose.pt,106824489,e6ac1a8c335826272da683227bda580db100b8c3f52b1fc0a1839f9a3283002a,1788887186482814263,True,inference_candidate,not_loaded_by_archive; byte-integrity-only
/home/uxin/yolo/yolo_optimize/experiments/artifacts/direction1-20260908/rep17-parent-ema-control/inference/epoch-0001.pt,snapshot/optimize/artifacts/direction1-20260908/rep17-parent-ema-control/inference/epoch-0001.pt,106825733,7174b6a13750399091d34c64f6c9f4ecdbd2ce494ed3bd26e107d737623c9b29,1788886534145620593,True,inference_candidate,not_loaded_by_archive; byte-integrity-only
/home/uxin/yolo/yolo_optimize/experiments/artifacts/direction1-20260908/rep17-parent-ema-control/inference/epoch-0002.pt,snapshot/optimize/artifacts/direction1-20260908/rep17-parent-ema-control/inference/epoch-0002.pt,106825733,e8708e1eb4dc3c2fd3441673d92666293d494c8325b896e3144f34cf52bd0de6,1788887185103723144,True,inference_candidate,not_loaded_by_archive; byte-integrity-only
/home/uxin/yolo/yolo_optimize/experiments/artifacts/direction1-20260908/rep17-parent-ema-control/inference/epoch-0003.pt,snapshot/optimize/artifacts/direction1-20260908/rep17-parent-ema-control/inference/epoch-0003.pt,106825733,f3c211ae8467dc1ac95e507613afecf2330e07e299c7e9f03600fb6a7ef4830d,1788887840224397257,True,inference_candidate,not_loaded_by_archive; byte-integrity-only
/home/uxin/yolo/yolo_optimize/experiments/artifacts/direction1-20260908/rep17-parent-ema-control/inference/epoch-0004.pt,snapshot/optimize/artifacts/direction1-20260908/rep17-parent-ema-control/inference/epoch-0004.pt,106825733,629ef8d71cb74e7b85ca0a05bb3b0f9029ede386ce40170de2f1c2bdfa97a155,1788888494078552926,True,inference_candidate,not_loaded_by_archive; byte-integrity-only
/home/uxin/yolo/yolo_optimize/experiments/artifacts/direction1-20260908/rep17-parent-ema-control/inference/epoch-0005.pt,snapshot/optimize/artifacts/direction1-20260908/rep17-parent-ema-control/inference/epoch-0005.pt,106825733,5cce8c263536e781ad7d1b2028fd8b231c0e472f1aecfe2c705d76b02a3750f9,1788889148289347097,True,inference_candidate,not_loaded_by_archive; byte-integrity-only
/home/uxin/yolo/yolo_optimize/experiments/artifacts/direction1-20260908/rep17-parent-ema-control/inference/last.pt,snapshot/optimize/artifacts/direction1-20260908/rep17-parent-ema-control/inference/last.pt,106818269,c235dde84d3a715f7804a76ea154a5ffa72c4a7fbbcc65533798c3623bf40d57,1788889149039384926,True,inference_candidate,not_loaded_by_archive; byte-integrity-only
/home/uxin/yolo/yolo_optimize/experiments/combine/artifacts/fusion/j0-no-masf-v1/checkpoints/best_detect.pt,snapshot/optimize/combine/artifacts/fusion/j0-no-masf-v1/checkpoints/best_detect.pt,249762606,5b925f044b290f6073ad2132d5501ef24524fe8bf8deccd92a441d58eda4a0d9,1789009363624178038,True,resume_candidate,not_loaded_by_archive; byte-integrity-only
/home/uxin/yolo/yolo_optimize/experiments/combine/artifacts/fusion/j0-no-masf-v1/checkpoints/best_pose.pt,snapshot/optimize/combine/artifacts/fusion/j0-no-masf-v1/checkpoints/best_pose.pt,249757088,79288008e7c034e70c03e005ad1a9fe06a67c095aec931ae3160ca391565ccc1,1789009877479664645,True,resume_candidate,not_loaded_by_archive; byte-integrity-only
/home/uxin/yolo/yolo_optimize/experiments/combine/artifacts/fusion/j0-no-masf-v1/checkpoints/last.pt,snapshot/optimize/combine/artifacts/fusion/j0-no-masf-v1/checkpoints/last.pt,249740893,ec0fbfe357ffeb4ed9bfcaa8be3ee786ec467970022e0005eb8d935246165919,1789009877965698661,True,resume_candidate,not_loaded_by_archive; byte-integrity-only
/home/uxin/yolo/yolo_optimize/experiments/combine/artifacts/fusion/j0-no-masf-v1/inference/best_detect.pt,snapshot/optimize/combine/artifacts/fusion/j0-no-masf-v1/inference/best_detect.pt,106511260,949a5379a4c1cbd1b56db6161614b36deadba4cc603787154bf3342899b68157,1789009363777186001,True,inference_candidate,not_loaded_by_archive; byte-integrity-only
/home/uxin/yolo/yolo_optimize/experiments/combine/artifacts/fusion/j0-no-masf-v1/inference/best_pose.pt,snapshot/optimize/combine/artifacts/fusion/j0-no-masf-v1/inference/best_pose.pt,106508810,f483423c6618c69854ffb24779823c0a7084ffbbd3bff1446171d668967fd685,1789009877716681233,True,inference_candidate,not_loaded_by_archive; byte-integrity-only
/home/uxin/yolo/yolo_optimize/experiments/combine/artifacts/fusion/j0-no-masf-v1/inference/last.pt,snapshot/optimize/combine/artifacts/fusion/j0-no-masf-v1/inference/last.pt,106502685,919e47f051ae1e14f4d05669d3dd0de2ec097e8ad9ac33aa532e4713a1e885f6,1789009878186714125,True,inference_candidate,not_loaded_by_archive; byte-integrity-only
/home/uxin/yolo/yolo_optimize/experiments/combine/bridge_v1/artifacts/fusion/balanced-j1-v2/checkpoints/best_detect.pt,snapshot/optimize/combine/bridge_v1/artifacts/fusion/balanced-j1-v2/checkpoints/best_detect.pt,341770621,49be8bc0d583a5b5f772e63352712e4ae592af6aab770a96e4fb08a34163c491,1789036283035173466,True,resume_candidate,not_loaded_by_archive; byte-integrity-only
/home/uxin/yolo/yolo_optimize/experiments/combine/bridge_v1/artifacts/fusion/balanced-j1-v2/checkpoints/best_pose.pt,snapshot/optimize/combine/bridge_v1/artifacts/fusion/balanced-j1-v2/checkpoints/best_pose.pt,341762941,d35c68936cebebc34910cc1e2f594e5f7fd083b20af0980600ef377dc693019a,1789034528062941542,True,resume_candidate,not_loaded_by_archive; byte-integrity-only
/home/uxin/yolo/yolo_optimize/experiments/combine/bridge_v1/artifacts/fusion/balanced-j1-v2/checkpoints/last.pt,snapshot/optimize/combine/bridge_v1/artifacts/fusion/balanced-j1-v2/checkpoints/last.pt,341744925,341d796f10b0c71513722ef581ee10b8eb602841bc42ffe18065d12b97dc7015,1789039194893768562,True,resume_candidate,not_loaded_by_archive; byte-integrity-only
/home/uxin/yolo/yolo_optimize/experiments/combine/bridge_v1/artifacts/fusion/balanced-j1-v2/inference/best_detect.pt,snapshot/optimize/combine/bridge_v1/artifacts/fusion/balanced-j1-v2/inference/best_detect.pt,106827041,16aa56b698578be8406328ae844cdec4cdda4a95f372e34b08a0fdceb2a3c063,1789036283287188603,True,inference_candidate,not_loaded_by_archive; byte-integrity-only
/home/uxin/yolo/yolo_optimize/experiments/combine/bridge_v1/artifacts/fusion/balanced-j1-v2/inference/best_pose.pt,snapshot/optimize/combine/bridge_v1/artifacts/fusion/balanced-j1-v2/inference/best_pose.pt,106824553,7ef02ce42ab9dfec984f60a79cc3b52002e6630dd35665ecf7c0001269902c50,1789034528342956521,True,inference_candidate,not_loaded_by_archive; byte-integrity-only
/home/uxin/yolo/yolo_optimize/experiments/combine/bridge_v1/artifacts/fusion/balanced-j1-v2/inference/last.pt,snapshot/optimize/combine/bridge_v1/artifacts/fusion/balanced-j1-v2/inference/last.pt,106818333,2732f352b6c0f26f9ab92da3619535c24778bcca6d94effef0a563618b08750a,1789039195164782687,True,inference_candidate,not_loaded_by_archive; byte-integrity-only
/home/uxin/yolo/yolo_optimize/experiments/combine/bridge_v1/artifacts/fusion/balanced-j2-v1/checkpoints/best_detect.pt,snapshot/optimize/combine/bridge_v1/artifacts/fusion/balanced-j2-v1/checkpoints/best_detect.pt,353309243,97958bfcbde6ff7faaf9409e4058be37f76d2d53213adaea3d5833d3bb91ff62,1789052617983188423,True,resume_candidate,not_loaded_by_archive; byte-integrity-only
/home/uxin/yolo/yolo_optimize/experiments/combine/bridge_v1/artifacts/fusion/balanced-j2-v1/checkpoints/best_pose.pt,snapshot/optimize/combine/bridge_v1/artifacts/fusion/balanced-j2-v1/checkpoints/best_pose.pt,353301591,66c75a7130d636e0640bf1e97c59e01054cc02d1604fb63195b1e86037915706,1789052618586235348,True,resume_candidate,not_loaded_by_archive; byte-integrity-only
/home/uxin/yolo/yolo_optimize/experiments/combine/bridge_v1/artifacts/fusion/balanced-j2-v1/checkpoints/last.pt,snapshot/optimize/combine/bridge_v1/artifacts/fusion/balanced-j2-v1/checkpoints/last.pt,353283421,bacb96a6487c1147eb4d8d04bd7f842a28454a5240b2371119a382de75859835,1789053211040251151,True,resume_candidate,not_loaded_by_archive; byte-integrity-only
/home/uxin/yolo/yolo_optimize/experiments/combine/bridge_v1/artifacts/fusion/balanced-j2-v1/inference/best_detect.pt,snapshot/optimize/combine/bridge_v1/artifacts/fusion/balanced-j2-v1/inference/best_detect.pt,106827041,12ad96da8912353f76170c6cdebef9d3e7462a358a3674c49e1c87aa7ad399e8,1789052618271210835,True,inference_candidate,not_loaded_by_archive; byte-integrity-only
/home/uxin/yolo/yolo_optimize/experiments/combine/bridge_v1/artifacts/fusion/balanced-j2-v1/inference/best_pose.pt,snapshot/optimize/combine/bridge_v1/artifacts/fusion/balanced-j2-v1/inference/best_pose.pt,106824553,30df89e8791b06e89ac51e099317d810299973e7b6b5adaeb0a2ef82b44ccfcc,1789052618849255814,True,inference_candidate,not_loaded_by_archive; byte-integrity-only
/home/uxin/yolo/yolo_optimize/experiments/combine/bridge_v1/artifacts/fusion/balanced-j2-v1/inference/last.pt,snapshot/optimize/combine/bridge_v1/artifacts/fusion/balanced-j2-v1/inference/last.pt,106818333,555645f65bee6bf1f270243019ec8735d09ba6f7405bb36943deba10eb783119,1789053211323269087,True,inference_candidate,not_loaded_by_archive; byte-integrity-only
/home/uxin/yolo/yolo_optimize/experiments/combine/bridge_v1/artifacts/fusion/balanced-j3-v1/checkpoints/best_detect.pt,snapshot/optimize/combine/bridge_v1/artifacts/fusion/balanced-j3-v1/checkpoints/best_detect.pt,425009770,2cd91a90e538cb12e374cc0f462f5cf57cc3fcd1194c63593777e5de59831dd5,1789054449338629209,True,resume_candidate,not_loaded_by_archive; byte-integrity-only
/home/uxin/yolo/yolo_optimize/experiments/combine/bridge_v1/artifacts/fusion/balanced-j3-v1/checkpoints/best_pose.pt,snapshot/optimize/combine/bridge_v1/artifacts/fusion/balanced-j3-v1/checkpoints/best_pose.pt,425002772,a5c3cbce340ca6c21256f163672860bff320d3b4452620ac6994b4f7ba133503,1789062892602232939,True,resume_candidate,not_loaded_by_archive; byte-integrity-only
/home/uxin/yolo/yolo_optimize/experiments/combine/bridge_v1/artifacts/fusion/balanced-j3-v1/checkpoints/last.pt,snapshot/optimize/combine/bridge_v1/artifacts/fusion/balanced-j3-v1/checkpoints/last.pt,424983837,458f2cbdd602116ba3b586b0730f16289750c21fc1785e9315a78396b6a0e7bd,1789066731693874785,True,resume_candidate,not_loaded_by_archive; byte-integrity-only
/home/uxin/yolo/yolo_optimize/experiments/combine/bridge_v1/artifacts/fusion/balanced-j3-v1/inference/best_detect.pt,snapshot/optimize/combine/bridge_v1/artifacts/fusion/balanced-j3-v1/inference/best_detect.pt,106827041,e7fbe58fe813d49cd4a88357bc9f5462825df93003b5a2de4ab04d873f3afb68,1789054449535640509,True,inference_candidate,not_loaded_by_archive; byte-integrity-only
/home/uxin/yolo/yolo_optimize/experiments/combine/bridge_v1/artifacts/fusion/balanced-j3-v1/inference/best_pose.pt,snapshot/optimize/combine/bridge_v1/artifacts/fusion/balanced-j3-v1/inference/best_pose.pt,106824553,3d8d806ce9247c6df6a1b8007bc52210db041e8060c52de71079f6a1ff1a8042,1789062893106261614,True,inference_candidate,not_loaded_by_archive; byte-integrity-only
/home/uxin/yolo/yolo_optimize/experiments/combine/bridge_v1/artifacts/fusion/balanced-j3-v1/inference/last.pt,snapshot/optimize/combine/bridge_v1/artifacts/fusion/balanced-j3-v1/inference/last.pt,106818333,bdd6c0c40f6dd46892bf75a17aaae585067ce843e01f0923475d8c56f04929f7,1789066732208901981,True,inference_candidate,not_loaded_by_archive; byte-integrity-only
/home/uxin/yolo/yolo_optimize/experiments/combine/bridge_v1/artifacts/fusion/full-pose-adamw-v1/checkpoints/best_detect.pt,snapshot/optimize/combine/bridge_v1/artifacts/fusion/full-pose-adamw-v1/checkpoints/best_detect.pt,398756466,bf482ebd628041c3da012df3de8116a9f781f6089c998c4ba9d6cd6f5eea6643,1789025093114810864,True,resume_candidate,not_loaded_by_archive; byte-integrity-only
/home/uxin/yolo/yolo_optimize/experiments/combine/bridge_v1/artifacts/fusion/full-pose-adamw-v1/checkpoints/best_pose.pt,snapshot/optimize/combine/bridge_v1/artifacts/fusion/full-pose-adamw-v1/checkpoints/best_pose.pt,398749420,adb073d4ad9f74094238ee53398d3f689a990def33d534d1f1f324d347bf2a5a,1789025093636839213,True,resume_candidate,not_loaded_by_archive; byte-integrity-only
/home/uxin/yolo/yolo_optimize/experiments/combine/bridge_v1/artifacts/fusion/full-pose-adamw-v1/checkpoints/last.pt,snapshot/optimize/combine/bridge_v1/artifacts/fusion/full-pose-adamw-v1/checkpoints/last.pt,398731805,3aecb842c5381e1899a4283366d23d0f96e4b6036d1f996b13dcc1fc5d9196d4,1789025094152867236,True,resume_candidate,not_loaded_by_archive; byte-integrity-only
/home/uxin/yolo/yolo_optimize/experiments/combine/bridge_v1/artifacts/fusion/full-pose-adamw-v1/inference/best_detect.pt,snapshot/optimize/combine/bridge_v1/artifacts/fusion/full-pose-adamw-v1/inference/best_detect.pt,106827041,86f336a7d775936bc42e1809f0d83c9958f17a8de4ea5d6dff5db2407d1f3b9b,1789025093304821183,True,inference_candidate,not_loaded_by_archive; byte-integrity-only
/home/uxin/yolo/yolo_optimize/experiments/combine/bridge_v1/artifacts/fusion/full-pose-adamw-v1/inference/best_pose.pt,snapshot/optimize/combine/bridge_v1/artifacts/fusion/full-pose-adamw-v1/inference/best_pose.pt,106824553,94d0d94df7ea1615504b73a68a11ab690cec404db1e5ac4230ee6be1cbf5b22c,1789025093824849424,True,inference_candidate,not_loaded_by_archive; byte-integrity-only
/home/uxin/yolo/yolo_optimize/experiments/combine/bridge_v1/artifacts/fusion/full-pose-adamw-v1/inference/last.pt,snapshot/optimize/combine/bridge_v1/artifacts/fusion/full-pose-adamw-v1/inference/last.pt,106818333,ba81e9f72f3f7aa523c3c1b80c9afef2e461be906c1b4b97ff0216044d868ae0,1789025094339877392,True,inference_candidate,not_loaded_by_archive; byte-integrity-only
/home/uxin/yolo/yolo_optimize/experiments/combine/bridge_v1/artifacts/fusion/full-pose-gentle-v1/checkpoints/best_detect.pt,snapshot/optimize/combine/bridge_v1/artifacts/fusion/full-pose-gentle-v1/checkpoints/best_detect.pt,398757298,6b4666cc1c28fc2946cfcae8d2a4fd38e27dcc1cadf9115df18e51227eb4fc1a,1789025320506122605,True,resume_candidate,not_loaded_by_archive; byte-integrity-only
/home/uxin/yolo/yolo_optimize/experiments/combine/bridge_v1/artifacts/fusion/full-pose-gentle-v1/checkpoints/best_joint.pt,snapshot/optimize/combine/bridge_v1/artifacts/fusion/full-pose-gentle-v1/checkpoints/best_joint.pt,398753775,96faf67ac3901fd6d5ff75b17e81f006d10aec5a7be729f2e5c9d68808d3ea6a,1789025321548178878,True,resume_candidate,not_loaded_by_archive; byte-integrity-only
/home/uxin/yolo/yolo_optimize/experiments/combine/bridge_v1/artifacts/fusion/full-pose-gentle-v1/checkpoints/best_pose.pt,snapshot/optimize/combine/bridge_v1/artifacts/fusion/full-pose-gentle-v1/checkpoints/best_pose.pt,398751212,3828a59150bead6f7e7a991ccb6a1378d434e92f4ca3e795fd859fd581556f08,1789027860447640811,True,resume_candidate,not_loaded_by_archive; byte-integrity-only
/home/uxin/yolo/yolo_optimize/experiments/combine/bridge_v1/artifacts/fusion/full-pose-gentle-v1/checkpoints/last.pt,snapshot/optimize/combine/bridge_v1/artifacts/fusion/full-pose-gentle-v1/checkpoints/last.pt,398734493,b59fb9cbf8f59d493cdfde2c790a6f5832d52c36b188fec6a0fa7f38e1e615f1,1789028910981858904,True,resume_candidate,not_loaded_by_archive; byte-integrity-only
/home/uxin/yolo/yolo_optimize/experiments/combine/bridge_v1/artifacts/fusion/full-pose-gentle-v1/inference/best_detect.pt,snapshot/optimize/combine/bridge_v1/artifacts/fusion/full-pose-gentle-v1/inference/best_detect.pt,106827041,02548c128c2ff81db7332d80d0f16affa6c3dc2805898f9e48bc14c1b5586ac8,1789025320699133028,True,inference_candidate,not_loaded_by_archive; byte-integrity-only
/home/uxin/yolo/yolo_optimize/experiments/combine/bridge_v1/artifacts/fusion/full-pose-gentle-v1/inference/best_joint.pt,snapshot/optimize/combine/bridge_v1/artifacts/fusion/full-pose-gentle-v1/inference/best_joint.pt,106825797,964696a42b0fe360205129128ce29b4e2e002534a9c28550c50145095117064c,1789025321735188977,True,inference_candidate,not_loaded_by_archive; byte-integrity-only
/home/uxin/yolo/yolo_optimize/experiments/combine/bridge_v1/artifacts/fusion/full-pose-gentle-v1/inference/best_pose.pt,snapshot/optimize/combine/bridge_v1/artifacts/fusion/full-pose-gentle-v1/inference/best_pose.pt,106824553,68d6be769751aaf7ce15d552f6b8d7f1e6f4bb5e463a530bbc976e655959f117,1789027860780661508,True,inference_candidate,not_loaded_by_archive; byte-integrity-only
/home/uxin/yolo/yolo_optimize/experiments/combine/bridge_v1/artifacts/fusion/full-pose-gentle-v1/inference/last.pt,snapshot/optimize/combine/bridge_v1/artifacts/fusion/full-pose-gentle-v1/inference/last.pt,106818333,2adc2eb90e02ab746c09ada5e6f906d78e58effb695fbf2e5d5cfd1112348319,1789028911303876097,True,inference_candidate,not_loaded_by_archive; byte-integrity-only
/home/uxin/yolo/yolo_optimize/experiments/combine/bridge_v1/artifacts/fusion/j0-pose-extend-v1/checkpoints/best_detect.pt,snapshot/optimize/combine/bridge_v1/artifacts/fusion/j0-pose-extend-v1/checkpoints/best_detect.pt,250396216,22bb5f64b32dfc0d8659b05989ee048832d7fabfc94f7018c5d141c9a070708c,1789021852535765515,True,resume_candidate,not_loaded_by_archive; byte-integrity-only
/home/uxin/yolo/yolo_optimize/experiments/combine/bridge_v1/artifacts/fusion/j0-pose-extend-v1/checkpoints/best_pose.pt,snapshot/optimize/combine/bridge_v1/artifacts/fusion/j0-pose-extend-v1/checkpoints/best_pose.pt,250390558,986ef3214599c439c8adb13afa42b5b02b9e7a25a0de3f82af87ca6bbb987582,1789024509692698718,True,resume_candidate,not_loaded_by_archive; byte-integrity-only
/home/uxin/yolo/yolo_optimize/experiments/combine/bridge_v1/artifacts/fusion/j0-pose-extend-v1/checkpoints/last.pt,snapshot/optimize/combine/bridge_v1/artifacts/fusion/j0-pose-extend-v1/checkpoints/last.pt,250375133,add2b0db38ce7464534189de15b736f4885131f173bf659c39e752a8f5337a4a,1789024731862053593,True,resume_candidate,not_loaded_by_archive; byte-integrity-only
/home/uxin/yolo/yolo_optimize/experiments/combine/bridge_v1/artifacts/fusion/j0-pose-extend-v1/inference/best_detect.pt,snapshot/optimize/combine/bridge_v1/artifacts/fusion/j0-pose-extend-v1/inference/best_detect.pt,106827041,35fe9f2fee13e9032922a66d72758ed2221f43d5d5dc00a91b9d82d0efd842fc,1789021852684773505,True,inference_candidate,not_loaded_by_archive; byte-integrity-only
/home/uxin/yolo/yolo_optimize/experiments/combine/bridge_v1/artifacts/fusion/j0-pose-extend-v1/inference/best_pose.pt,snapshot/optimize/combine/bridge_v1/artifacts/fusion/j0-pose-extend-v1/inference/best_pose.pt,106824553,1b9803b6cfaacc0dad59ecd3fcffaea976bc50c45d828be5981323c941047b05,1789024510106721949,True,inference_candidate,not_loaded_by_archive; byte-integrity-only
/home/uxin/yolo/yolo_optimize/experiments/combine/bridge_v1/artifacts/fusion/j0-pose-extend-v1/inference/last.pt,snapshot/optimize/combine/bridge_v1/artifacts/fusion/j0-pose-extend-v1/inference/last.pt,106818333,ba9b0cca099771c74127f21717582e6cf31f57e6b459d663c276588bdaa9e827,1789024732097066561,True,inference_candidate,not_loaded_by_archive; byte-integrity-only
/home/uxin/yolo/yolo_optimize/experiments/combine/bridge_v1/artifacts/fusion/j1-bridge-v1/checkpoints/best_detect.pt,snapshot/optimize/combine/bridge_v1/artifacts/fusion/j1-bridge-v1/checkpoints/best_detect.pt,341768189,4b270f610acac043a28b2ed3e0aec4116ea60cacae78c49f77c6dc6fcdcfe5f7,1789021306787158288,True,resume_candidate,not_loaded_by_archive; byte-integrity-only
/home/uxin/yolo/yolo_optimize/experiments/combine/bridge_v1/artifacts/fusion/j1-bridge-v1/checkpoints/best_pose.pt,snapshot/optimize/combine/bridge_v1/artifacts/fusion/j1-bridge-v1/checkpoints/best_pose.pt,341760573,a94d1588dd29849afed73bd5a0c1fe46c9d3efaddfe4e6f05e489a852a6036db,1789021307252182348,True,resume_candidate,not_loaded_by_archive; byte-integrity-only
/home/uxin/yolo/yolo_optimize/experiments/combine/bridge_v1/artifacts/fusion/j1-bridge-v1/checkpoints/last.pt,snapshot/optimize/combine/bridge_v1/artifacts/fusion/j1-bridge-v1/checkpoints/last.pt,341741533,e4a834bf6b81a3b343bab2fe6491da24f465de9203da22e02b055f76ddbe81cd,1789021307726206874,True,resume_candidate,not_loaded_by_archive; byte-integrity-only
/home/uxin/yolo/yolo_optimize/experiments/combine/bridge_v1/artifacts/fusion/j1-bridge-v1/inference/best_detect.pt,snapshot/optimize/combine/bridge_v1/artifacts/fusion/j1-bridge-v1/inference/best_detect.pt,106827041,cd9ecc5a4d000d2da65583a0f2205c5e51e9e5950cfcc5d14474385987f9b3df,1789021306961167291,True,inference_candidate,not_loaded_by_archive; byte-integrity-only
/home/uxin/yolo/yolo_optimize/experiments/combine/bridge_v1/artifacts/fusion/j1-bridge-v1/inference/best_pose.pt,snapshot/optimize/combine/bridge_v1/artifacts/fusion/j1-bridge-v1/inference/best_pose.pt,106824553,92b8d929175ee2958c53c1b7b26622087b8598d862526c4b896ce5eee852d3fa,1789021307424191248,True,inference_candidate,not_loaded_by_archive; byte-integrity-only
/home/uxin/yolo/yolo_optimize/experiments/combine/bridge_v1/artifacts/fusion/j1-bridge-v1/inference/last.pt,snapshot/optimize/combine/bridge_v1/artifacts/fusion/j1-bridge-v1/inference/last.pt,106818333,2c727bec5a78d2bbd38ec6b6b7c92924b153eb4382bc5f2d15b6938364c8ad42,1789021307907216239,True,inference_candidate,not_loaded_by_archive; byte-integrity-only
/home/uxin/yolo/yolo_optimize/experiments/combine/bridge_v1/artifacts/fusion/j3-pose-head-recovery-v1/checkpoints/best_detect.pt,snapshot/optimize/combine/bridge_v1/artifacts/fusion/j3-pose-head-recovery-v1/checkpoints/best_detect.pt,250396216,d2d92e81ec63b6835fa791d39f69c18120a70c13f7917a75b51a87e45930f93f,1789067687053793322,True,resume_candidate,not_loaded_by_archive; byte-integrity-only
/home/uxin/yolo/yolo_optimize/experiments/combine/bridge_v1/artifacts/fusion/j3-pose-head-recovery-v1/checkpoints/best_pose.pt,snapshot/optimize/combine/bridge_v1/artifacts/fusion/j3-pose-head-recovery-v1/checkpoints/best_pose.pt,250390622,7bd8698e87ec9a53775a09cd262a54da3b8ea74eadc4ee93928e4873b5436c0c,1789067979348259740,True,resume_candidate,not_loaded_by_archive; byte-integrity-only
/home/uxin/yolo/yolo_optimize/experiments/combine/bridge_v1/artifacts/fusion/j3-pose-head-recovery-v1/checkpoints/last.pt,snapshot/optimize/combine/bridge_v1/artifacts/fusion/j3-pose-head-recovery-v1/checkpoints/last.pt,250375197,819da7fab43ef6257c1e197fa3a52a42b77ee78825c759e996029bb5752f9ea9,1789068272710279873,True,resume_candidate,not_loaded_by_archive; byte-integrity-only
/home/uxin/yolo/yolo_optimize/experiments/combine/bridge_v1/artifacts/fusion/j3-pose-head-recovery-v1/inference/best_detect.pt,snapshot/optimize/combine/bridge_v1/artifacts/fusion/j3-pose-head-recovery-v1/inference/best_detect.pt,106827041,34ad8547c06bc978473a90b9fd1d249772723e19b1844ebeae7d78e2efdf6bc8,1789067687205803116,True,inference_candidate,not_loaded_by_archive; byte-integrity-only
/home/uxin/yolo/yolo_optimize/experiments/combine/bridge_v1/artifacts/fusion/j3-pose-head-recovery-v1/inference/best_pose.pt,snapshot/optimize/combine/bridge_v1/artifacts/fusion/j3-pose-head-recovery-v1/inference/best_pose.pt,106824553,d5b2083b2b736ded790578a2779d223d82413ce0c6cbac1468601105c094f9a6,1789067979566273286,True,inference_candidate,not_loaded_by_archive; byte-integrity-only
/home/uxin/yolo/yolo_optimize/experiments/combine/bridge_v1/artifacts/fusion/j3-pose-head-recovery-v1/inference/last.pt,snapshot/optimize/combine/bridge_v1/artifacts/fusion/j3-pose-head-recovery-v1/inference/last.pt,106818333,c1791790ce02a7706eb47a66198478821ad8e2415f8fdb1b0d2f45eb764f2803,1789068273115304514,True,inference_candidate,not_loaded_by_archive; byte-integrity-only
/home/uxin/yolo/yolo_optimize/experiments/combine/bridge_v1/artifacts/fusion/merge-j0-v1/checkpoints/best_detect.pt,snapshot/optimize/combine/bridge_v1/artifacts/fusion/merge-j0-v1/checkpoints/best_detect.pt,250396856,84b93d9a06714a3cdd3092eb900ce7df5ab1a5810e948ee6926e8d459e4976b0,1789029364294867239,True,resume_candidate,not_loaded_by_archive; byte-integrity-only
/home/uxin/yolo/yolo_optimize/experiments/combine/bridge_v1/artifacts/fusion/merge-j0-v1/checkpoints/best_pose.pt,snapshot/optimize/combine/bridge_v1/artifacts/fusion/merge-j0-v1/checkpoints/best_pose.pt,250390302,c952ed41bb69b08541cd86f159c27e81849f5c4294eaf6f534430962c7118f23,1789029364659886453,True,resume_candidate,not_loaded_by_archive; byte-integrity-only
/home/uxin/yolo/yolo_optimize/experiments/combine/bridge_v1/artifacts/fusion/merge-j0-v1/checkpoints/last.pt,snapshot/optimize/combine/bridge_v1/artifacts/fusion/merge-j0-v1/checkpoints/last.pt,250374877,3678c1da59969640d5bc4730f37ff14d144a4476aa600ee3b2892400e8f85cff,1789030099747193650,True,resume_candidate,not_loaded_by_archive; byte-integrity-only
/home/uxin/yolo/yolo_optimize/experiments/combine/bridge_v1/artifacts/fusion/merge-j0-v1/inference/best_detect.pt,snapshot/optimize/combine/bridge_v1/artifacts/fusion/merge-j0-v1/inference/best_detect.pt,106827041,b666cf8797c5a20df0ecab83390039de3fbed198228a9aa8359a30cf9554420b,1789029364445875188,True,inference_candidate,not_loaded_by_archive; byte-integrity-only
/home/uxin/yolo/yolo_optimize/experiments/combine/bridge_v1/artifacts/fusion/merge-j0-v1/inference/best_pose.pt,snapshot/optimize/combine/bridge_v1/artifacts/fusion/merge-j0-v1/inference/best_pose.pt,106824553,42c48372c451e87112e63399acc064608088322711d1f311af9c2cb51c3a2c19,1789029364809894349,True,inference_candidate,not_loaded_by_archive; byte-integrity-only
/home/uxin/yolo/yolo_optimize/experiments/combine/bridge_v1/artifacts/fusion/merge-j0-v1/inference/last.pt,snapshot/optimize/combine/bridge_v1/artifacts/fusion/merge-j0-v1/inference/last.pt,106818333,f5f211e0b2598ccdb8698f65582b56b9d31ca271a960aee972a866842932c50b,1789030099969211492,True,inference_candidate,not_loaded_by_archive; byte-integrity-only
/home/uxin/yolo/yolo_optimize/experiments/combine/bridge_v1/artifacts/j3-pose-bn-calibration-v1/candidate.pt,snapshot/optimize/combine/bridge_v1/artifacts/j3-pose-bn-calibration-v1/candidate.pt,106875641,60e487f63b77e7d13c3f8e7134adfb2c3bb7f0dd342beb1f16fd4fe356575641,1789068496633831455,True,unclassified,not_loaded_by_archive; byte-integrity-only
/home/uxin/yolo/yolo_optimize/experiments/inference/pose_branch_v1/artifacts/branch-v2/candidate.pt,snapshot/optimize/inference/pose_branch_v1/artifacts/branch-v2/candidate.pt,106814209,dceec1215c8d8b7e252b8e77ac40549b559999cf1ea6df2dea8c68e0ac212e6c,1789140123759863281,True,inference_candidate,not_loaded_by_archive; byte-integrity-only
/home/uxin/yolo/yolo_optimize/experiments/kd/dual_task_v1/artifacts/runs/k0-e5-seed1-v1/checkpoints/best_detect.pt,snapshot/optimize/kd/dual_task_v1/artifacts/runs/k0-e5-seed1-v1/checkpoints/best_detect.pt,425469786,08d440e1964ff8ab295e1cff7505e62bd90778ef3a835d02fb54b92571d4af05,1789115273257092648,True,resume_candidate,not_loaded_by_archive; byte-integrity-only
/home/uxin/yolo/yolo_optimize/experiments/kd/dual_task_v1/artifacts/runs/k0-e5-seed1-v1/checkpoints/best_pose.pt,snapshot/optimize/kd/dual_task_v1/artifacts/runs/k0-e5-seed1-v1/checkpoints/best_pose.pt,425460772,6aca9e8202c4ba5bd1918bc585c6d3c21850b392ebfdd984a68605a352dcd09c,1789110523497193582,True,resume_candidate,not_loaded_by_archive; byte-integrity-only
/home/uxin/yolo/yolo_optimize/experiments/kd/dual_task_v1/artifacts/runs/k0-e5-seed1-v1/checkpoints/last.pt,snapshot/optimize/kd/dual_task_v1/artifacts/runs/k0-e5-seed1-v1/checkpoints/last.pt,425439197,d9e56c6d5c8e596412d140ea84969ca1f7fb4b8ede7da26187638118cebbf36e,1789117654345851255,True,resume_candidate,not_loaded_by_archive; byte-integrity-only
/home/uxin/yolo/yolo_optimize/experiments/kd/dual_task_v1/artifacts/runs/k0-e5-seed1-v1/inference/best_detect.pt,snapshot/optimize/kd/dual_task_v1/artifacts/runs/k0-e5-seed1-v1/inference/best_detect.pt,106827041,042724f325e3928b6283157022d1bd317176aaf31dc714f7354a92f0b780603a,1789115273590110619,True,inference_candidate,not_loaded_by_archive; byte-integrity-only
/home/uxin/yolo/yolo_optimize/experiments/kd/dual_task_v1/artifacts/runs/k0-e5-seed1-v1/inference/best_pose.pt,snapshot/optimize/kd/dual_task_v1/artifacts/runs/k0-e5-seed1-v1/inference/best_pose.pt,106824553,902e94c260fa22225159d4459c8e62fb766d7dc82cb5dac1fc9e0f305b21c2e7,1789110524010214357,True,inference_candidate,not_loaded_by_archive; byte-integrity-only
/home/uxin/yolo/yolo_optimize/experiments/kd/dual_task_v1/artifacts/runs/k0-e5-seed1-v1/inference/last.pt,snapshot/optimize/kd/dual_task_v1/artifacts/runs/k0-e5-seed1-v1/inference/last.pt,106818333,e63054b575ef5b1801f79f898040d46f19a9207c2f3a1816ad8ee53ce153df99,1789117654682866327,True,inference_candidate,not_loaded_by_archive; byte-integrity-only
/home/uxin/yolo/yolo_optimize/experiments/kd/dual_task_v1/artifacts/runs/spatial-e5-seed1-v1/checkpoints/best_detect.pt,snapshot/optimize/kd/dual_task_v1/artifacts/runs/spatial-e5-seed1-v1/checkpoints/best_detect.pt,425469018,c8dd888aef630436ccccfc3550228f4e9184296a8fc50057d4bdbaf8b21e50f1,1789120292757610581,True,resume_candidate,not_loaded_by_archive; byte-integrity-only
/home/uxin/yolo/yolo_optimize/experiments/kd/dual_task_v1/artifacts/runs/spatial-e5-seed1-v1/checkpoints/best_pose.pt,snapshot/optimize/kd/dual_task_v1/artifacts/runs/spatial-e5-seed1-v1/checkpoints/best_pose.pt,425460964,fba82d028c80764bd4b11b36369d15f792831d722cd72e187811679e9f3cff08,1789128016769912182,True,resume_candidate,not_loaded_by_archive; byte-integrity-only
/home/uxin/yolo/yolo_optimize/experiments/kd/dual_task_v1/artifacts/runs/spatial-e5-seed1-v1/checkpoints/last.pt,snapshot/optimize/kd/dual_task_v1/artifacts/runs/spatial-e5-seed1-v1/checkpoints/last.pt,425439389,2639901b102f53b08a6f545712216ab60083774213a1af65f0fe3c202205b367,1789130598909356296,True,resume_candidate,not_loaded_by_archive; byte-integrity-only
/home/uxin/yolo/yolo_optimize/experiments/kd/dual_task_v1/artifacts/runs/spatial-e5-seed1-v1/inference/best_detect.pt,snapshot/optimize/kd/dual_task_v1/artifacts/runs/spatial-e5-seed1-v1/inference/best_detect.pt,106827041,c7e90018bdbb9d1df76f721696915c6156eb8ce57b2f56fc4ad9f153a2d1f658,1789120292953621491,True,inference_candidate,not_loaded_by_archive; byte-integrity-only
/home/uxin/yolo/yolo_optimize/experiments/kd/dual_task_v1/artifacts/runs/spatial-e5-seed1-v1/inference/best_pose.pt,snapshot/optimize/kd/dual_task_v1/artifacts/runs/spatial-e5-seed1-v1/inference/best_pose.pt,106824553,0307316b37187e35f55f95e0a09672e00005b7ffd8747fedfb5e91af11cca97b,1789128017083930775,True,inference_candidate,not_loaded_by_archive; byte-integrity-only
/home/uxin/yolo/yolo_optimize/experiments/kd/dual_task_v1/artifacts/runs/spatial-e5-seed1-v1/inference/last.pt,snapshot/optimize/kd/dual_task_v1/artifacts/runs/spatial-e5-seed1-v1/inference/last.pt,106818333,ad82bf7d45d550e2645408fe6d67626f6ecf7090e7081e1c5de92e0bff07cc8e,1789130599227372333,True,inference_candidate,not_loaded_by_archive; byte-integrity-only
/home/uxin/yolo/yolo_optimize/experiments/kd/dual_task_v1/artifacts/runs/spatial-smoke-v1/kd-state-roundtrip.pt,snapshot/optimize/kd/dual_task_v1/artifacts/runs/spatial-smoke-v1/kd-state-roundtrip.pt,106827573,56de43bffafd34a1475584f391522e6dafe7ed4a0ad5c9572a3190f9ed308659,1789105569106441536,True,unclassified,not_loaded_by_archive; byte-integrity-only
/home/uxin/yolo/yolo_optimize/experiments/kd/dual_task_v1/artifacts/teachers/yolo26l.pt,snapshot/optimize/kd/dual_task_v1/artifacts/teachers/yolo26l.pt,53211173,9fe3c544f2b19bebad7ea41e76d7ad3d88b7c2f10d11d24430c5311f6b32db26,1789104406012733996,True,unclassified,not_loaded_by_archive; byte-integrity-only
/home/uxin/yolo/yolo_optimize/experiments/kd/pose_focus_v1/artifacts/runs/kd-e5-seed1-v1/checkpoints/best_detect.pt,snapshot/optimize/kd/pose_focus_v1/artifacts/runs/kd-e5-seed1-v1/checkpoints/best_detect.pt,250396664,618c50755df893b936976533fce4cc50d3c59ca5e54ea58cd277e8336509a632,1789132713799750693,True,resume_candidate,not_loaded_by_archive; byte-integrity-only
/home/uxin/yolo/yolo_optimize/experiments/kd/pose_focus_v1/artifacts/runs/kd-e5-seed1-v1/checkpoints/best_pose.pt,snapshot/optimize/kd/pose_focus_v1/artifacts/runs/kd-e5-seed1-v1/checkpoints/best_pose.pt,250391070,c22de804167871a31a1e7bff93023adfc0368827be5011402af561afff9027e9,1789132935944838114,True,resume_candidate,not_loaded_by_archive; byte-integrity-only
/home/uxin/yolo/yolo_optimize/experiments/kd/pose_focus_v1/artifacts/runs/kd-e5-seed1-v1/checkpoints/last.pt,snapshot/optimize/kd/pose_focus_v1/artifacts/runs/kd-e5-seed1-v1/checkpoints/last.pt,250375709,10c7d7807c8f2dd20226093db9fdaf2ca89838daf8ed56bc2f85baff16c17380,1789133604756525085,True,resume_candidate,not_loaded_by_archive; byte-integrity-only
/home/uxin/yolo/yolo_optimize/experiments/kd/pose_focus_v1/artifacts/runs/kd-e5-seed1-v1/inference/best_detect.pt,snapshot/optimize/kd/pose_focus_v1/artifacts/runs/kd-e5-seed1-v1/inference/best_detect.pt,106827041,43d0ce2a1feb3bd9ceddb9c0b9356846807c7194e5b3dd5568a51deb51dd4cd2,1789132713948758867,True,inference_candidate,not_loaded_by_archive; byte-integrity-only
/home/uxin/yolo/yolo_optimize/experiments/kd/pose_focus_v1/artifacts/runs/kd-e5-seed1-v1/inference/best_pose.pt,snapshot/optimize/kd/pose_focus_v1/artifacts/runs/kd-e5-seed1-v1/inference/best_pose.pt,106824553,b67a5a82c3b36ff1bc701630ab7b874b06485ca2c9c6fff42074f6f202ebe0e4,1789132936177850704,True,inference_candidate,not_loaded_by_archive; byte-integrity-only
/home/uxin/yolo/yolo_optimize/experiments/kd/pose_focus_v1/artifacts/runs/kd-e5-seed1-v1/inference/last.pt,snapshot/optimize/kd/pose_focus_v1/artifacts/runs/kd-e5-seed1-v1/inference/last.pt,106818333,ffefa7ed0f55a92ddad68700e3005dadaf7a8370dc2d51fa242d77ab42bbd6ea,1789133604995537735,True,inference_candidate,not_loaded_by_archive; byte-integrity-only
/home/uxin/yolo/yolo_optimize/experiments/kd/pose_focus_v1/artifacts/runs/kd-probe-v1/criteria-state.pt,snapshot/optimize/kd/pose_focus_v1/artifacts/runs/kd-probe-v1/criteria-state.pt,1751,6952e02bdc6686f4dd49eb00acbae9cb75173505909bed5f5e24fd9962293e11,1789131840962821074,True,unclassified,not_loaded_by_archive; byte-integrity-only
/home/uxin/yolo/yolo_optimize/experiments/kd/pose_focus_v1/artifacts/runs/native-e5-seed1-v1/checkpoints/best_detect.pt,snapshot/optimize/kd/pose_focus_v1/artifacts/runs/native-e5-seed1-v1/checkpoints/best_detect.pt,250396536,610a56006753acfdbda350c06b40cf8cb98f5735a0d5daf1ba7a21f0a16c3ce0,1789132148131617844,True,resume_candidate,not_loaded_by_archive; byte-integrity-only
/home/uxin/yolo/yolo_optimize/experiments/kd/pose_focus_v1/artifacts/runs/native-e5-seed1-v1/checkpoints/best_pose.pt,snapshot/optimize/kd/pose_focus_v1/artifacts/runs/native-e5-seed1-v1/checkpoints/best_pose.pt,250389982,c01bb21c4f94079f063f5d1d552f91a13d5d4c280d949ace12254ecc3f9dc1e8,1789132148505637087,True,resume_candidate,not_loaded_by_archive; byte-integrity-only
/home/uxin/yolo/yolo_optimize/experiments/kd/pose_focus_v1/artifacts/runs/native-e5-seed1-v1/checkpoints/last.pt,snapshot/optimize/kd/pose_focus_v1/artifacts/runs/native-e5-seed1-v1/checkpoints/last.pt,250373597,85c87fda05ad65e7259673f539afa2cc60c0b48ec594c30a4e24b3f3c21fd35d,1789132148875656123,True,resume_candidate,not_loaded_by_archive; byte-integrity-only
/home/uxin/yolo/yolo_optimize/experiments/kd/pose_focus_v1/artifacts/runs/native-e5-seed1-v1/inference/best_detect.pt,snapshot/optimize/kd/pose_focus_v1/artifacts/runs/native-e5-seed1-v1/inference/best_detect.pt,106827041,45ff4b5dcf3ee11b5840718999485a80c877e8f61f7ae590aba31321a1e37006,1789132148282625614,True,inference_candidate,not_loaded_by_archive; byte-integrity-only
/home/uxin/yolo/yolo_optimize/experiments/kd/pose_focus_v1/artifacts/runs/native-e5-seed1-v1/inference/best_pose.pt,snapshot/optimize/kd/pose_focus_v1/artifacts/runs/native-e5-seed1-v1/inference/best_pose.pt,106824553,8ab306ed30f7cc71e65a9f6a08944395d33eacca0c454448b76f37e28928b2a3,1789132148653644701,True,inference_candidate,not_loaded_by_archive; byte-integrity-only
/home/uxin/yolo/yolo_optimize/experiments/kd/pose_focus_v1/artifacts/runs/native-e5-seed1-v1/inference/last.pt,snapshot/optimize/kd/pose_focus_v1/artifacts/runs/native-e5-seed1-v1/inference/last.pt,106818333,29ff9a0fa5b2ffdc7cc0a621d4dd7386e23190b29f5e08583acef24e168c48bc,1789132149023663737,True,inference_candidate,not_loaded_by_archive; byte-integrity-only
/home/uxin/yolo/yolo_optimize/experiments/kd/pose_focus_v1/artifacts/runs/native-probe-v1/criteria-state.pt,snapshot/optimize/kd/pose_focus_v1/artifacts/runs/native-probe-v1/criteria-state.pt,1559,5082a7a6ca032131f2aa79cc60de2dac0411b15e0180974cf7ce74be866bc2eb,1789131827861147616,True,unclassified,not_loaded_by_archive; byte-integrity-only
/home/uxin/yolo/yolo_optimize/experiments/studies/pre-fusion-full35-b100/artifacts/a0-control-continue-smoke/epoch-02-resume.pt,snapshot/optimize/studies/pre-fusion-full35-b100/artifacts/a0-control-continue-smoke/epoch-02-resume.pt,540766393,bc78ffa883fea365856aa0a1f124f595c575222775025046c81c015c1089a6f9,1788928238824116706,True,resume_candidate,not_loaded_by_archive; byte-integrity-only
/home/uxin/yolo/yolo_optimize/experiments/studies/pre-fusion-full35-b100/artifacts/a0-control-continue-smoke-v2/epoch-02-resume.pt,snapshot/optimize/studies/pre-fusion-full35-b100/artifacts/a0-control-continue-smoke-v2/epoch-02-resume.pt,540766393,119f8111d7512aaee71eb5fe6be144ae826f2b5578ce5eb4830e674cf57a1dcf,1788928541999807233,True,resume_candidate,not_loaded_by_archive; byte-integrity-only
/home/uxin/yolo/yolo_optimize/experiments/studies/pre-fusion-full35-b100/artifacts/a0-control-e3-smoke-v3/epoch-04-resume.pt,snapshot/optimize/studies/pre-fusion-full35-b100/artifacts/a0-control-e3-smoke-v3/epoch-04-resume.pt,540766393,88b74c7d387416f2ddcccc4ad357fe13bac0bd1ca32d2fada42e2ae2421004ac,1788931046515535822,True,resume_candidate,not_loaded_by_archive; byte-integrity-only
/home/uxin/yolo/yolo_optimize/experiments/studies/pre-fusion-full35-b100/artifacts/a0-control-recovery-v1/epoch-01-resume.pt,snapshot/optimize/studies/pre-fusion-full35-b100/artifacts/a0-control-recovery-v1/epoch-01-resume.pt,359723129,868378db7255b9201570d2d03bcfd9a7f8338b6aeaa9ba9a5d63aa9dceb7c521,1788927287618366487,True,resume_candidate,not_loaded_by_archive; byte-integrity-only
/home/uxin/yolo/yolo_optimize/experiments/studies/pre-fusion-full35-b100/artifacts/a0-control-recovery-v2/epoch-02-resume.pt,snapshot/optimize/studies/pre-fusion-full35-b100/artifacts/a0-control-recovery-v2/epoch-02-resume.pt,359723193,250657fba70d1ce6e9f1e6ae33257633bce1e3e79f6bb7999a8258632c33d563,1788929129639657902,True,resume_candidate,not_loaded_by_archive; byte-integrity-only
/home/uxin/yolo/yolo_optimize/experiments/studies/pre-fusion-full35-b100/artifacts/a0-control-recovery-v2/epoch-03-resume.pt,snapshot/optimize/studies/pre-fusion-full35-b100/artifacts/a0-control-recovery-v2/epoch-03-resume.pt,359723193,5eb86cf02d67ccc39ce7dd8b1a56308861806c018b70fd019827f7fdf347b14e,1788929622852799340,True,resume_candidate,not_loaded_by_archive; byte-integrity-only
/home/uxin/yolo/yolo_optimize/experiments/studies/pre-fusion-full35-b100/artifacts/a0-control-recovery-v3/epoch-04-resume.pt,snapshot/optimize/studies/pre-fusion-full35-b100/artifacts/a0-control-recovery-v3/epoch-04-resume.pt,359723193,82ff25bc285e41b64dcdeec98a7e47e298242f242eb47055e06df40aa0acb97c,1788931525545456326,True,resume_candidate,not_loaded_by_archive; byte-integrity-only
/home/uxin/yolo/yolo_optimize/experiments/studies/pre-fusion-full35-b100/artifacts/a0-control-recovery-v3/epoch-05-resume.pt,snapshot/optimize/studies/pre-fusion-full35-b100/artifacts/a0-control-recovery-v3/epoch-05-resume.pt,359723193,c2e6ec8ee15a267bcc3f1e155948d178880bd9a8262ad91fa9cc5e06fe1d0f91,1788932018566424141,True,resume_candidate,not_loaded_by_archive; byte-integrity-only
/home/uxin/yolo/yolo_optimize/experiments/studies/pre-fusion-full35-b100/artifacts/a0-control-smoke/epoch-01-resume.pt,snapshot/optimize/studies/pre-fusion-full35-b100/artifacts/a0-control-smoke/epoch-01-resume.pt,540766329,fed46add152a1a6e0df35c592679a8de35708d4aecf0ecd8378bb4454b72541a,1788926494243528194,True,resume_candidate,not_loaded_by_archive; byte-integrity-only
/home/uxin/yolo/yolo_optimize/experiments/studies/pre-fusion-full35-b100/artifacts/a0-qk-continue-smoke/epoch-02-resume.pt,snapshot/optimize/studies/pre-fusion-full35-b100/artifacts/a0-qk-continue-smoke/epoch-02-resume.pt,541833525,6edf0a0941e5746d137613652d0e48d87ecdeeb2da6190432d668dbc71ab91d9,1788928118805908043,True,resume_candidate,not_loaded_by_archive; byte-integrity-only
/home/uxin/yolo/yolo_optimize/experiments/studies/pre-fusion-full35-b100/artifacts/a0-qk-continue-smoke-v2/epoch-02-resume.pt,snapshot/optimize/studies/pre-fusion-full35-b100/artifacts/a0-qk-continue-smoke-v2/epoch-02-resume.pt,541833589,a030129624276ccea3968bf9102159e2607e6d362e8fd7a396d0091e8ff01262,1788928575192895719,True,resume_candidate,not_loaded_by_archive; byte-integrity-only
/home/uxin/yolo/yolo_optimize/experiments/studies/pre-fusion-full35-b100/artifacts/a0-qk-e3-smoke-v3/epoch-04-resume.pt,snapshot/optimize/studies/pre-fusion-full35-b100/artifacts/a0-qk-e3-smoke-v3/epoch-04-resume.pt,541833525,4c432cf391af873c458016254083c547f3f5e64ef7c9283452e2780cabbd250f,1788931057274113529,True,resume_candidate,not_loaded_by_archive; byte-integrity-only
/home/uxin/yolo/yolo_optimize/experiments/studies/pre-fusion-full35-b100/artifacts/a0-qk-recovery-v1/epoch-01-resume.pt,snapshot/optimize/studies/pre-fusion-full35-b100/artifacts/a0-qk-recovery-v1/epoch-01-resume.pt,360790261,96f5eb4212cb9604100a87ff8368130d031f150320fd1eb984ece85f5974c9bd,1788927871376842487,True,resume_candidate,not_loaded_by_archive; byte-integrity-only
/home/uxin/yolo/yolo_optimize/experiments/studies/pre-fusion-full35-b100/artifacts/a0-qk-recovery-v2/epoch-02-resume.pt,snapshot/optimize/studies/pre-fusion-full35-b100/artifacts/a0-qk-recovery-v2/epoch-02-resume.pt,360790325,6e8d3a67e5d763ce1a42afecdf3b79dc87bee275d823ada1c236c49818b424e0,1788930207467054410,True,resume_candidate,not_loaded_by_archive; byte-integrity-only
/home/uxin/yolo/yolo_optimize/experiments/studies/pre-fusion-full35-b100/artifacts/a0-qk-recovery-v2/epoch-03-resume.pt,snapshot/optimize/studies/pre-fusion-full35-b100/artifacts/a0-qk-recovery-v2/epoch-03-resume.pt,360790325,3226d1b0b1d536231bf7f760560b737ed4c86d90ce3d0db5a205aa3274ae75c7,1788930784081544842,True,resume_candidate,not_loaded_by_archive; byte-integrity-only
/home/uxin/yolo/yolo_optimize/experiments/studies/pre-fusion-full35-b100/artifacts/a0-qk-recovery-v3/epoch-04-resume.pt,snapshot/optimize/studies/pre-fusion-full35-b100/artifacts/a0-qk-recovery-v3/epoch-04-resume.pt,360790325,abbc0ae6357dd31f8350877db19c310e8d2e21a83a7b8e69e87d5a083edc8a20,1788932603714220787,True,resume_candidate,not_loaded_by_archive; byte-integrity-only
/home/uxin/yolo/yolo_optimize/experiments/studies/pre-fusion-full35-b100/artifacts/a0-qk-recovery-v3/epoch-05-resume.pt,snapshot/optimize/studies/pre-fusion-full35-b100/artifacts/a0-qk-recovery-v3/epoch-05-resume.pt,360790325,2f9c85f05c5c83f285b9900171979a05f42ef7bc8938f27bd8d0b32bc77cc734,1788933180596355615,True,resume_candidate,not_loaded_by_archive; byte-integrity-only
/home/uxin/yolo/yolo_optimize/experiments/studies/pre-fusion-full35-b100/artifacts/a0-qk-smoke/epoch-01-resume.pt,snapshot/optimize/studies/pre-fusion-full35-b100/artifacts/a0-qk-smoke/epoch-01-resume.pt,541833461,b4f406f0b894e18aee5eda8b8bda51966e85c7a17eb255cc1e49951bfc8d02fe,1788925904300601345,True,resume_candidate,not_loaded_by_archive; byte-integrity-only
/home/uxin/yolo/yolo_optimize/experiments/studies/pre-fusion-full35-b100/artifacts/a0-qk-smoke/inference-bittrue.pt,snapshot/optimize/studies/pre-fusion-full35-b100/artifacts/a0-qk-smoke/inference-bittrue.pt,88239803,e3bdf34ab5165f6af5f5dd9b75d34626e9076973bfd46b2d0c1ca7f6a1ac8dc4,1788926703894080098,True,unclassified,not_loaded_by_archive; byte-integrity-only
/home/uxin/yolo/yolo_optimize/experiments/studies/pre-fusion-full35-b100/artifacts/a0-qk-smoke-v2/epoch-01-resume.pt,snapshot/optimize/studies/pre-fusion-full35-b100/artifacts/a0-qk-smoke-v2/epoch-01-resume.pt,541833461,a06c895c671549a96972574e2078e3c6773056914b874839fc8554c815dca65c,1788926672533503297,True,resume_candidate,not_loaded_by_archive; byte-integrity-only
/home/uxin/yolo/yolo_optimize/experiments/studies/pre-fusion-full35-b100/artifacts/a0-scope-late-e8-smoke-v2/epoch-09-resume.pt,snapshot/optimize/studies/pre-fusion-full35-b100/artifacts/a0-scope-late-e8-smoke-v2/epoch-09-resume.pt,580872026,9df929f34ee5b3ab71ab645da6297f87604731593cd0bfa5fcf1d9d964f1404f,1788937465954960271,True,resume_candidate,not_loaded_by_archive; byte-integrity-only
/home/uxin/yolo/yolo_optimize/experiments/studies/pre-fusion-full35-b100/artifacts/a0-scope-late-smoke-v1/epoch-06-resume.pt,snapshot/optimize/studies/pre-fusion-full35-b100/artifacts/a0-scope-late-smoke-v1/epoch-06-resume.pt,580872026,9c4d96a3ae0cbd15a7efcaa4041fa33940270fb4f5f42afecbbfca1843e44140,1788933557097764458,True,resume_candidate,not_loaded_by_archive; byte-integrity-only
/home/uxin/yolo/yolo_optimize/experiments/studies/pre-fusion-full35-b100/artifacts/a0-scope-late-v1/epoch-06-resume.pt,snapshot/optimize/studies/pre-fusion-full35-b100/artifacts/a0-scope-late-v1/epoch-06-resume.pt,399828826,25b00bfde1ffa0a8d344e371433a64333f3d9e4fc674e168289f9ee1dc6308ef,1788935869631344039,True,resume_candidate,not_loaded_by_archive; byte-integrity-only
/home/uxin/yolo/yolo_optimize/experiments/studies/pre-fusion-full35-b100/artifacts/a0-scope-late-v1/epoch-07-resume.pt,snapshot/optimize/studies/pre-fusion-full35-b100/artifacts/a0-scope-late-v1/epoch-07-resume.pt,399828762,dd1770b5100179d7f6c8db7a54d3ed0b0a02944e742b2a41865e80fddc12e4a3,1788936464636145623,True,resume_candidate,not_loaded_by_archive; byte-integrity-only
/home/uxin/yolo/yolo_optimize/experiments/studies/pre-fusion-full35-b100/artifacts/a0-scope-late-v1/epoch-08-resume.pt,snapshot/optimize/studies/pre-fusion-full35-b100/artifacts/a0-scope-late-v1/epoch-08-resume.pt,399828762,27c09c6685a003e9ff106898fd898199e184ee195cce643dd668079abadb9342,1788937058494994906,True,resume_candidate,not_loaded_by_archive; byte-integrity-only
/home/uxin/yolo/yolo_optimize/experiments/studies/pre-fusion-full35-b100/artifacts/a0-scope-late-v2/epoch-09-resume.pt,snapshot/optimize/studies/pre-fusion-full35-b100/artifacts/a0-scope-late-v2/epoch-09-resume.pt,399828826,13e5bcc07ea4402ea9e74e6330931a1601883116ca6bcd0311837b2054732ef1,1788939200840041730,True,resume_candidate,not_loaded_by_archive; byte-integrity-only
/home/uxin/yolo/yolo_optimize/experiments/studies/pre-fusion-full35-b100/artifacts/a0-scope-late-v2/epoch-10-resume.pt,snapshot/optimize/studies/pre-fusion-full35-b100/artifacts/a0-scope-late-v2/epoch-10-resume.pt,399828762,fd513a3de64bdfb8588100cf792cd1413357f66e607b3b16f87fd25ad84f8074,1788939796336395610,True,resume_candidate,not_loaded_by_archive; byte-integrity-only
/home/uxin/yolo/yolo_optimize/experiments/studies/pre-fusion-full35-b100/artifacts/a0-scope-narrow-e8-smoke-v2/epoch-09-resume.pt,snapshot/optimize/studies/pre-fusion-full35-b100/artifacts/a0-scope-narrow-e8-smoke-v2/epoch-09-resume.pt,541833589,4682c0631b91fe1866f030cb90448a0b4a3d622ab84f00bbdf46fd555f84256b,1788937455231479248,True,resume_candidate,not_loaded_by_archive; byte-integrity-only
/home/uxin/yolo/yolo_optimize/experiments/studies/pre-fusion-full35-b100/artifacts/a0-scope-narrow-smoke-v1/epoch-06-resume.pt,snapshot/optimize/studies/pre-fusion-full35-b100/artifacts/a0-scope-narrow-smoke-v1/epoch-06-resume.pt,541833589,241f27f3ad543495952682478f7909715c36994c8cbb6e4554f96a98ef477e88,1788933546172226295,True,resume_candidate,not_loaded_by_archive; byte-integrity-only
/home/uxin/yolo/yolo_optimize/experiments/studies/pre-fusion-full35-b100/artifacts/a0-scope-narrow-v1/epoch-06-resume.pt,snapshot/optimize/studies/pre-fusion-full35-b100/artifacts/a0-scope-narrow-v1/epoch-06-resume.pt,360790389,58bdca0b2d580177040f428965645ddf4e99eeb2dd2311322a4f51f0dfca4f8d,1788934108985445538,True,resume_candidate,not_loaded_by_archive; byte-integrity-only
/home/uxin/yolo/yolo_optimize/experiments/studies/pre-fusion-full35-b100/artifacts/a0-scope-narrow-v1/epoch-07-resume.pt,snapshot/optimize/studies/pre-fusion-full35-b100/artifacts/a0-scope-narrow-v1/epoch-07-resume.pt,360790389,4d29e60567f8025524b70cc7d320a5501c64fcb0a03a566d87adb08f3a359608,1788934687464882741,True,resume_candidate,not_loaded_by_archive; byte-integrity-only
/home/uxin/yolo/yolo_optimize/experiments/studies/pre-fusion-full35-b100/artifacts/a0-scope-narrow-v1/epoch-08-resume.pt,snapshot/optimize/studies/pre-fusion-full35-b100/artifacts/a0-scope-narrow-v1/epoch-08-resume.pt,360790389,e21a510db1d7e73b2230404a663dc9145d2c13715fb9a8592fcf50930c1bb493,1788935265865195241,True,resume_candidate,not_loaded_by_archive; byte-integrity-only
/home/uxin/yolo/yolo_optimize/experiments/studies/pre-fusion-full35-b100/artifacts/a0-scope-narrow-v2/epoch-09-resume.pt,snapshot/optimize/studies/pre-fusion-full35-b100/artifacts/a0-scope-narrow-v2/epoch-09-resume.pt,360790389,5931f6774deead26ede70aa44252f567ab71791f4d70791c33afbd4348da52d5,1788938018364535006,True,resume_candidate,not_loaded_by_archive; byte-integrity-only
/home/uxin/yolo/yolo_optimize/experiments/studies/pre-fusion-full35-b100/artifacts/a0-scope-narrow-v2/epoch-10-resume.pt,snapshot/optimize/studies/pre-fusion-full35-b100/artifacts/a0-scope-narrow-v2/epoch-10-resume.pt,360790389,700887001af2d124a0d30672350d2ed30a3d963a04ef2f127602609f7e6ab3cc,1788938595855429425,True,resume_candidate,not_loaded_by_archive; byte-integrity-only
/home/uxin/yolo/yolo_optimize/experiments/studies/pre-fusion-full35-b100/artifacts/direction1-candidate-verification-v1/control-e8-bittrue.pt,snapshot/optimize/studies/pre-fusion-full35-b100/artifacts/direction1-candidate-verification-v1/control-e8-bittrue.pt,88240689,5c6ac574aff5d16d0b2035e4571beb024ba137354687e389001d562f86b3009d,1788977758569919976,True,unclassified,not_loaded_by_archive; byte-integrity-only
/home/uxin/yolo/yolo_optimize/experiments/studies/pre-fusion-full35-b100/artifacts/direction1-candidate-verification-v1/masf-e8-bittrue.pt,snapshot/optimize/studies/pre-fusion-full35-b100/artifacts/direction1-candidate-verification-v1/masf-e8-bittrue.pt,88557505,73705178305e55e497ead1e1d8948114b67e1d17bf528861c9606e66cd372721,1788977777858953361,True,unclassified,not_loaded_by_archive; byte-integrity-only
/home/uxin/yolo/yolo_optimize/experiments/studies/pre-fusion-full35-b100/artifacts/late-e8-inference-verification/late-e8-bittrue.pt,snapshot/optimize/studies/pre-fusion-full35-b100/artifacts/late-e8-inference-verification/late-e8-bittrue.pt,88238223,b51c7504ffc7a4be298325e89f53c9856ff12d939f519cf6ff75b1fd142f3673,1788937200910188517,True,unclassified,not_loaded_by_archive; byte-integrity-only
/home/uxin/yolo/yolo_optimize/experiments/studies/pre-fusion-full35-b100/artifacts/masf-head-control-smoke-v1/epoch-06-resume.pt,snapshot/optimize/studies/pre-fusion-full35-b100/artifacts/masf-head-control-smoke-v1/epoch-06-resume.pt,522800876,7a779dab95d07721b43ace5061a01a36d5223c14973f11a4dac29f87bf58e453,1788969533654696163,True,resume_candidate,not_loaded_by_archive; byte-integrity-only
/home/uxin/yolo/yolo_optimize/experiments/studies/pre-fusion-full35-b100/artifacts/masf-head-control-smoke-v1/smoke-inference.pt,snapshot/optimize/studies/pre-fusion-full35-b100/artifacts/masf-head-control-smoke-v1/smoke-inference.pt,88238223,5e3c077d3c7affca3d2d1cbc020281b4de8749ac7baa6151a0dd28bd6e4219b2,1788969535192781444,True,unclassified,not_loaded_by_archive; byte-integrity-only
/home/uxin/yolo/yolo_optimize/experiments/studies/pre-fusion-full35-b100/artifacts/masf-head-control-v1/epoch-06-resume.pt,snapshot/optimize/studies/pre-fusion-full35-b100/artifacts/masf-head-control-v1/epoch-06-resume.pt,341757676,fcf1417c57eea874776d48d980f5250948dae1087f082e4a3c41da806f9c344c,1788969984667346143,True,resume_candidate,not_loaded_by_archive; byte-integrity-only
/home/uxin/yolo/yolo_optimize/experiments/studies/pre-fusion-full35-b100/artifacts/masf-head-control-v1/epoch-07-resume.pt,snapshot/optimize/studies/pre-fusion-full35-b100/artifacts/masf-head-control-v1/epoch-07-resume.pt,341757676,4ec6b6f98fd266397f1c72f4c7283a2169c2827cc605ff9cb7ef4139c30849f5,1788970448796281552,True,resume_candidate,not_loaded_by_archive; byte-integrity-only
/home/uxin/yolo/yolo_optimize/experiments/studies/pre-fusion-full35-b100/artifacts/masf-head-control-v1/epoch-08-resume.pt,snapshot/optimize/studies/pre-fusion-full35-b100/artifacts/masf-head-control-v1/epoch-08-resume.pt,341757612,3aeeaec2b379d465ceb5aee6051e5c11772e856497676ec9c87f2cb511a0c06c,1788970912317447066,True,resume_candidate,not_loaded_by_archive; byte-integrity-only
/home/uxin/yolo/yolo_optimize/experiments/studies/pre-fusion-full35-b100/artifacts/masf-head-control-v1/epoch-09-resume.pt,snapshot/optimize/studies/pre-fusion-full35-b100/artifacts/masf-head-control-v1/epoch-09-resume.pt,341757676,64534f8932568d1ff42f5d2f6d0b5e2050ecdff1af8d2f6c0ad254891b9916c7,1788971377311248907,True,resume_candidate,not_loaded_by_archive; byte-integrity-only
/home/uxin/yolo/yolo_optimize/experiments/studies/pre-fusion-full35-b100/artifacts/masf-head-control-v1/epoch-10-resume.pt,snapshot/optimize/studies/pre-fusion-full35-b100/artifacts/masf-head-control-v1/epoch-10-resume.pt,341757676,44065fbbf40dff866d623c34cec85f004fe9d337cc26732033f3dfc596c1507b,1788971841696905207,True,resume_candidate,not_loaded_by_archive; byte-integrity-only
/home/uxin/yolo/yolo_optimize/experiments/studies/pre-fusion-full35-b100/artifacts/masf-head-fork-smoke-v1/epoch-06-resume.pt,snapshot/optimize/studies/pre-fusion-full35-b100/artifacts/masf-head-fork-smoke-v1/epoch-06-resume.pt,524053704,d86f62698db974da88e3d9eb795ada9434f8be7f2109831bffa0c54c3855f35b,1788969545816370182,True,resume_candidate,not_loaded_by_archive; byte-integrity-only
/home/uxin/yolo/yolo_optimize/experiments/studies/pre-fusion-full35-b100/artifacts/masf-head-fork-smoke-v1/smoke-inference.pt,snapshot/optimize/studies/pre-fusion-full35-b100/artifacts/masf-head-fork-smoke-v1/smoke-inference.pt,88557441,b43ca4040433706f8907a0c95bfeda0d0b84a2be106d5f12847377abac2e4138,1788969547324453715,True,unclassified,not_loaded_by_archive; byte-integrity-only
/home/uxin/yolo/yolo_optimize/experiments/studies/pre-fusion-full35-b100/artifacts/masf-head-fork-v1/epoch-06-resume.pt,snapshot/optimize/studies/pre-fusion-full35-b100/artifacts/masf-head-fork-v1/epoch-06-resume.pt,343010504,46b771db922a012db6e7f965ac70d06367d850e1f5daad87aa7cdf83faa0f411,1788972339565628815,True,resume_candidate,not_loaded_by_archive; byte-integrity-only
/home/uxin/yolo/yolo_optimize/experiments/studies/pre-fusion-full35-b100/artifacts/masf-head-fork-v1/epoch-07-resume.pt,snapshot/optimize/studies/pre-fusion-full35-b100/artifacts/masf-head-fork-v1/epoch-07-resume.pt,343010504,f6fb2a0f6af0f0703ae572a4f708b8fd7a42b2a55fcda1f0b21f60a359aef0c6,1788972830951313352,True,resume_candidate,not_loaded_by_archive; byte-integrity-only
/home/uxin/yolo/yolo_optimize/experiments/studies/pre-fusion-full35-b100/artifacts/masf-head-fork-v1/epoch-08-resume.pt,snapshot/optimize/studies/pre-fusion-full35-b100/artifacts/masf-head-fork-v1/epoch-08-resume.pt,343010504,a8593ae7fa1b8977408c49fab467b4b5a5a2fe7b9396a059b5ff1aba2adcca2d,1788973322245711736,True,resume_candidate,not_loaded_by_archive; byte-integrity-only
/home/uxin/yolo/yolo_optimize/experiments/studies/pre-fusion-full35-b100/artifacts/masf-head-fork-v1/epoch-09-resume.pt,snapshot/optimize/studies/pre-fusion-full35-b100/artifacts/masf-head-fork-v1/epoch-09-resume.pt,343010504,9763d72c46ddc4dfc6c848eb117fa993b40275282d5d0f28bec09a631a2570d4,1788973812476229404,True,resume_candidate,not_loaded_by_archive; byte-integrity-only
/home/uxin/yolo/yolo_optimize/experiments/studies/pre-fusion-full35-b100/artifacts/masf-head-fork-v1/epoch-10-resume.pt,snapshot/optimize/studies/pre-fusion-full35-b100/artifacts/masf-head-fork-v1/epoch-10-resume.pt,343010504,3ea4a615dbfc63cf2255477a778994651458fbba1c923a4e4774a7dcc0c17248,1788974303218745106,True,resume_candidate,not_loaded_by_archive; byte-integrity-only
/home/uxin/yolo/yolo_optimize/experiments/studies/pre-fusion-full35-b100/artifacts/masf-p2-control-smoke-v1/epoch-01-resume.pt,snapshot/optimize/studies/pre-fusion-full35-b100/artifacts/masf-p2-control-smoke-v1/epoch-01-resume.pt,540766009,56e8dc31ccc5b3084c276932aeb3d78b8d9c0e7301199616789a6a2800364301,1788978882521125285,True,resume_candidate,not_loaded_by_archive; byte-integrity-only
/home/uxin/yolo/yolo_optimize/experiments/studies/pre-fusion-full35-b100/artifacts/masf-p2-control-smoke-v1/smoke-inference.pt,snapshot/optimize/studies/pre-fusion-full35-b100/artifacts/masf-p2-control-smoke-v1/smoke-inference.pt,88238223,25848091472492b3bef3f43d7329256af3aa07057f6f8ede13fe7f411aed7923,1788978884123256163,True,unclassified,not_loaded_by_archive; byte-integrity-only
/home/uxin/yolo/yolo_optimize/experiments/studies/pre-fusion-full35-b100/artifacts/masf-p2-control-v1/epoch-01-resume.pt,snapshot/optimize/studies/pre-fusion-full35-b100/artifacts/masf-p2-control-v1/epoch-01-resume.pt,359722809,e708d44cdbaccdebccd63920b8b2270e327c98225d39108c400411ec9dda3f25,1788979357997945340,True,resume_candidate,not_loaded_by_archive; byte-integrity-only
/home/uxin/yolo/yolo_optimize/experiments/studies/pre-fusion-full35-b100/artifacts/masf-p2-control-v1/epoch-02-resume.pt,snapshot/optimize/studies/pre-fusion-full35-b100/artifacts/masf-p2-control-v1/epoch-02-resume.pt,359722873,a24a459396c6493307e3711e5228ac8df21e95f4268e1c943f2481de8f3c9a19,1788979846967027107,True,resume_candidate,not_loaded_by_archive; byte-integrity-only
/home/uxin/yolo/yolo_optimize/experiments/studies/pre-fusion-full35-b100/artifacts/masf-p2-control-v1/epoch-03-resume.pt,snapshot/optimize/studies/pre-fusion-full35-b100/artifacts/masf-p2-control-v1/epoch-03-resume.pt,359722873,165d5147d106d9c1b941962877b41e963e62c25b3a734714739ffbfbe81db9ed,1788980335410215158,True,resume_candidate,not_loaded_by_archive; byte-integrity-only
/home/uxin/yolo/yolo_optimize/experiments/studies/pre-fusion-full35-b100/artifacts/masf-p2-control-v1/epoch-04-resume.pt,snapshot/optimize/studies/pre-fusion-full35-b100/artifacts/masf-p2-control-v1/epoch-04-resume.pt,359722873,ea7a7f14915cae729f047d9ad2ca86be15083328e1d35281fc8b0253eace1e83,1788980824321084836,True,resume_candidate,not_loaded_by_archive; byte-integrity-only
/home/uxin/yolo/yolo_optimize/experiments/studies/pre-fusion-full35-b100/artifacts/masf-p2-control-v1/epoch-05-resume.pt,snapshot/optimize/studies/pre-fusion-full35-b100/artifacts/masf-p2-control-v1/epoch-05-resume.pt,359722873,82dd6fa04b78739ca0bd0e3d7a310f634b228e800daa1e7c2238d7f68b1ba2e9,1788981314075889312,True,resume_candidate,not_loaded_by_archive; byte-integrity-only
/home/uxin/yolo/yolo_optimize/experiments/studies/pre-fusion-full35-b100/artifacts/masf-p2-p2-smoke-v1/epoch-01-resume.pt,snapshot/optimize/studies/pre-fusion-full35-b100/artifacts/masf-p2-p2-smoke-v1/epoch-01-resume.pt,542018453,ded8ce8b582fa8aacfc645cbfe823d5502c98de2a25d96315ae3e0610e1efb7e,1788978894697116885,True,resume_candidate,not_loaded_by_archive; byte-integrity-only
/home/uxin/yolo/yolo_optimize/experiments/studies/pre-fusion-full35-b100/artifacts/masf-p2-p2-smoke-v1/smoke-inference.pt,snapshot/optimize/studies/pre-fusion-full35-b100/artifacts/masf-p2-p2-smoke-v1/smoke-inference.pt,88557505,de899c7152875824d90720e0dee51c7ed54f854b309160a0a52a00b1f27521f4,1788978896283245545,True,unclassified,not_loaded_by_archive; byte-integrity-only
/home/uxin/yolo/yolo_optimize/experiments/studies/pre-fusion-full35-b100/artifacts/masf-p2-p2-v1/epoch-01-resume.pt,snapshot/optimize/studies/pre-fusion-full35-b100/artifacts/masf-p2-p2-v1/epoch-01-resume.pt,360975189,909846185da76ed444163fa0163c351c2d5d7a1b27a9d83f812533ae57828c61,1788981995800299083,True,resume_candidate,not_loaded_by_archive; byte-integrity-only
/home/uxin/yolo/yolo_optimize/experiments/studies/pre-fusion-full35-b100/artifacts/masf-p2-p2-v1/epoch-02-resume.pt,snapshot/optimize/studies/pre-fusion-full35-b100/artifacts/masf-p2-p2-v1/epoch-02-resume.pt,360975317,e2fd7051c592acdf0416a4d4ebfba652ed4cc88f96e384ba1e1a98c3fb8fa243,1788982676683647562,True,resume_candidate,not_loaded_by_archive; byte-integrity-only
/home/uxin/yolo/yolo_optimize/experiments/studies/pre-fusion-full35-b100/artifacts/masf-p2-p2-v1/epoch-03-resume.pt,snapshot/optimize/studies/pre-fusion-full35-b100/artifacts/masf-p2-p2-v1/epoch-03-resume.pt,360975253,a89603f431003354e581ccec365b34c191650750f046b2313d9fb2ab8d9b3391,1788983358007256245,True,resume_candidate,not_loaded_by_archive; byte-integrity-only
/home/uxin/yolo/yolo_optimize/experiments/studies/pre-fusion-full35-b100/artifacts/masf-p2-p2-v1/epoch-04-resume.pt,snapshot/optimize/studies/pre-fusion-full35-b100/artifacts/masf-p2-p2-v1/epoch-04-resume.pt,360975253,faac8e9728fd230cde8a3b5a65b8187dabe209eb00ddb72ba3c14cf333115460,1788984037324414728,True,resume_candidate,not_loaded_by_archive; byte-integrity-only
/home/uxin/yolo/yolo_optimize/experiments/studies/pre-fusion-full35-b100/artifacts/masf-p2-p2-v1/epoch-05-resume.pt,snapshot/optimize/studies/pre-fusion-full35-b100/artifacts/masf-p2-p2-v1/epoch-05-resume.pt,360975253,1874d7ada7ca936141a10665dee81767ec336a0a69bf254e0575a00485a2e14e,1788984717223279218,True,resume_candidate,not_loaded_by_archive; byte-integrity-only
/home/uxin/yolo/yolo_optimize/experiments/studies/pre-fusion-full35-b100/artifacts/masf-p3-control-smoke-v1/epoch-01-resume.pt,snapshot/optimize/studies/pre-fusion-full35-b100/artifacts/masf-p3-control-smoke-v1/epoch-01-resume.pt,522803649,639ceada443bb7647875985524b38c7d1ed4a0c6835805bac0af143ebb888c2b,1788961427143038237,True,resume_candidate,not_loaded_by_archive; byte-integrity-only
/home/uxin/yolo/yolo_optimize/experiments/studies/pre-fusion-full35-b100/artifacts/masf-p3-control-smoke-v1/smoke-inference.pt,snapshot/optimize/studies/pre-fusion-full35-b100/artifacts/masf-p3-control-smoke-v1/smoke-inference.pt,88238223,4e8cecab0a9cbc451e4459b03176b534f0d9f4be3044104f636ea53c2189dcd7,1788961428679117535,True,unclassified,not_loaded_by_archive; byte-integrity-only
/home/uxin/yolo/yolo_optimize/experiments/studies/pre-fusion-full35-b100/artifacts/masf-p3-control-v1/epoch-01-resume.pt,snapshot/optimize/studies/pre-fusion-full35-b100/artifacts/masf-p3-control-v1/epoch-01-resume.pt,341760449,1dac9f6ee91d50bd9c9399e833d78da1bab18ed97a383fe970b4f7c93c6568e6,1788961886132708017,True,resume_candidate,not_loaded_by_archive; byte-integrity-only
/home/uxin/yolo/yolo_optimize/experiments/studies/pre-fusion-full35-b100/artifacts/masf-p3-control-v1/epoch-02-resume.pt,snapshot/optimize/studies/pre-fusion-full35-b100/artifacts/masf-p3-control-v1/epoch-02-resume.pt,341760513,0c065a2bd2881e9800bec886994b00cbf1764e137afdff86c4ac61d978375be6,1788962351535366946,True,resume_candidate,not_loaded_by_archive; byte-integrity-only
/home/uxin/yolo/yolo_optimize/experiments/studies/pre-fusion-full35-b100/artifacts/masf-p3-control-v1/epoch-03-resume.pt,snapshot/optimize/studies/pre-fusion-full35-b100/artifacts/masf-p3-control-v1/epoch-03-resume.pt,341760513,acd812453bb775e9d6d27ffe9de08ad6369777343fd0b79eb40e8a63fd4bde95,1788962817247835587,True,resume_candidate,not_loaded_by_archive; byte-integrity-only
/home/uxin/yolo/yolo_optimize/experiments/studies/pre-fusion-full35-b100/artifacts/masf-p3-control-v1/epoch-04-resume.pt,snapshot/optimize/studies/pre-fusion-full35-b100/artifacts/masf-p3-control-v1/epoch-04-resume.pt,341760513,8697c6fd2adc83d2d3b3dda6c5ac8916ec651ff4c6a57218c03fe8aa64069632,1788963283170676902,True,resume_candidate,not_loaded_by_archive; byte-integrity-only
/home/uxin/yolo/yolo_optimize/experiments/studies/pre-fusion-full35-b100/artifacts/masf-p3-control-v1/epoch-05-resume.pt,snapshot/optimize/studies/pre-fusion-full35-b100/artifacts/masf-p3-control-v1/epoch-05-resume.pt,341760513,432832f3c4d410e97ebd96f3d12a9fdc6a7b421b6a0747ae1f70065462fc2b67,1788963748804230976,True,resume_candidate,not_loaded_by_archive; byte-integrity-only
/home/uxin/yolo/yolo_optimize/experiments/studies/pre-fusion-full35-b100/artifacts/masf-p3-fork-smoke-v1/epoch-01-resume.pt,snapshot/optimize/studies/pre-fusion-full35-b100/artifacts/masf-p3-fork-smoke-v1/epoch-01-resume.pt,524056541,90a15b76aaddf1a0877bdbc6066f3dd2eecd01b6a0510de92f4feb6b068ffc65,1788961447761102559,True,resume_candidate,not_loaded_by_archive; byte-integrity-only
/home/uxin/yolo/yolo_optimize/experiments/studies/pre-fusion-full35-b100/artifacts/masf-p3-fork-smoke-v1/smoke-inference.pt,snapshot/optimize/studies/pre-fusion-full35-b100/artifacts/masf-p3-fork-smoke-v1/smoke-inference.pt,88557441,940b7027c95cab8d2f35a9f6bb129dba70ca4cc9b6069614b4b1818e89ea013d,1788961449243179059,True,unclassified,not_loaded_by_archive; byte-integrity-only
/home/uxin/yolo/yolo_optimize/experiments/studies/pre-fusion-full35-b100/artifacts/masf-p3-fork-v1/epoch-01-resume.pt,snapshot/optimize/studies/pre-fusion-full35-b100/artifacts/masf-p3-fork-v1/epoch-01-resume.pt,343013341,74f7f865c261d9a9d9577caebe1473585d93fb9542fa152b74a46298c8dcd947,1788966856604116859,True,resume_candidate,not_loaded_by_archive; byte-integrity-only
/home/uxin/yolo/yolo_optimize/experiments/studies/pre-fusion-full35-b100/artifacts/masf-p3-fork-v1/epoch-02-resume.pt,snapshot/optimize/studies/pre-fusion-full35-b100/artifacts/masf-p3-fork-v1/epoch-02-resume.pt,343013405,440b6144fb6b7d77ed42b9f1ea21e269b469209a8e1e405a7ff2097c284d6303,1788967346512169127,True,resume_candidate,not_loaded_by_archive; byte-integrity-only
/home/uxin/yolo/yolo_optimize/experiments/studies/pre-fusion-full35-b100/artifacts/masf-p3-fork-v1/epoch-03-resume.pt,snapshot/optimize/studies/pre-fusion-full35-b100/artifacts/masf-p3-fork-v1/epoch-03-resume.pt,343013341,79a8465fa879aef5b21887df77feaa7ed65a8e93182988988f0db0198d90138c,1788967836254327795,True,resume_candidate,not_loaded_by_archive; byte-integrity-only
/home/uxin/yolo/yolo_optimize/experiments/studies/pre-fusion-full35-b100/artifacts/masf-p3-fork-v1/epoch-04-resume.pt,snapshot/optimize/studies/pre-fusion-full35-b100/artifacts/masf-p3-fork-v1/epoch-04-resume.pt,343013405,734c310c5a2de1b527ec450a358a4b442fa0d849de7f06bccb48e78aea9c3dc7,1788968326263693899,True,resume_candidate,not_loaded_by_archive; byte-integrity-only
/home/uxin/yolo/yolo_optimize/experiments/studies/pre-fusion-full35-b100/artifacts/masf-p3-fork-v1/epoch-05-resume.pt,snapshot/optimize/studies/pre-fusion-full35-b100/artifacts/masf-p3-fork-v1/epoch-05-resume.pt,343013341,132c74576946cdaa4ef606dfddaa2b56fddf219a0987b9ddfe12ca051d40c33e,1788968816551920161,True,resume_candidate,not_loaded_by_archive; byte-integrity-only
/home/uxin/yolo/yolo_optimize/experiments/studies/pre-fusion-full35-b100/artifacts/masf-p3-shared-smoke-v1/epoch-01-resume.pt,snapshot/optimize/studies/pre-fusion-full35-b100/artifacts/masf-p3-shared-smoke-v1/epoch-01-resume.pt,524056605,18d3db3c4fa5ab3783959cce71ed327cc089a4e9a16dab188010d1f28382308f,1788961437861591553,True,resume_candidate,not_loaded_by_archive; byte-integrity-only
/home/uxin/yolo/yolo_optimize/experiments/studies/pre-fusion-full35-b100/artifacts/masf-p3-shared-smoke-v1/smoke-inference.pt,snapshot/optimize/studies/pre-fusion-full35-b100/artifacts/masf-p3-shared-smoke-v1/smoke-inference.pt,88557505,01dbca27dc5b1c0a2674c4bec97bcd72aebb85c5a534f840ef30237c4d8b7e47,1788961439342668007,True,unclassified,not_loaded_by_archive; byte-integrity-only
/home/uxin/yolo/yolo_optimize/experiments/studies/pre-fusion-full35-b100/artifacts/masf-p3-shared-v1/epoch-01-resume.pt,snapshot/optimize/studies/pre-fusion-full35-b100/artifacts/masf-p3-shared-v1/epoch-01-resume.pt,343013341,b9705e78645e9ad79a9b635ef2c5af5c8df0ada86bcc09e4399bb2363391d995,1788964277631453007,True,resume_candidate,not_loaded_by_archive; byte-integrity-only
/home/uxin/yolo/yolo_optimize/experiments/studies/pre-fusion-full35-b100/artifacts/masf-p3-shared-v1/epoch-02-resume.pt,snapshot/optimize/studies/pre-fusion-full35-b100/artifacts/masf-p3-shared-v1/epoch-02-resume.pt,343013469,ac29d13d95bd8617ae644f652160870341c2e9141bf9e0b52c63a5cc249ac19d,1788964798170980715,True,resume_candidate,not_loaded_by_archive; byte-integrity-only
/home/uxin/yolo/yolo_optimize/experiments/studies/pre-fusion-full35-b100/artifacts/masf-p3-shared-v1/epoch-03-resume.pt,snapshot/optimize/studies/pre-fusion-full35-b100/artifacts/masf-p3-shared-v1/epoch-03-resume.pt,343013405,20df8c472f451c77822e551645d019d3ca30a6753e5c432d2441f83d1cb05f94,1788965318956635861,True,resume_candidate,not_loaded_by_archive; byte-integrity-only
/home/uxin/yolo/yolo_optimize/experiments/studies/pre-fusion-full35-b100/artifacts/masf-p3-shared-v1/epoch-04-resume.pt,snapshot/optimize/studies/pre-fusion-full35-b100/artifacts/masf-p3-shared-v1/epoch-04-resume.pt,343013405,70642f3b527bf379d4f8d635afb58cc5b199a7e79efa78a028e9b9bb43050d78,1788965839095302291,True,resume_candidate,not_loaded_by_archive; byte-integrity-only
/home/uxin/yolo/yolo_optimize/experiments/studies/pre-fusion-full35-b100/artifacts/masf-p3-shared-v1/epoch-05-resume.pt,snapshot/optimize/studies/pre-fusion-full35-b100/artifacts/masf-p3-shared-v1/epoch-05-resume.pt,343013405,cb5a5425f643a4181b1a8edd376495443843398c769233d7a6bb724e72967ce7,1788966359544362862,True,resume_candidate,not_loaded_by_archive; byte-integrity-only
/home/uxin/yolo/yolo_optimize/experiments/studies/pre-fusion-full35-b100/artifacts/masf-task-bridge-smoke-v1/epoch-06-resume.pt,snapshot/optimize/studies/pre-fusion-full35-b100/artifacts/masf-task-bridge-smoke-v1/epoch-06-resume.pt,524053832,b182dcffeab58a0f60348f762e32e5e5158433c3b7c4484e954ea79b2b295338,1788975069242571320,True,resume_candidate,not_loaded_by_archive; byte-integrity-only
/home/uxin/yolo/yolo_optimize/experiments/studies/pre-fusion-full35-b100/artifacts/masf-task-bridge-smoke-v1/smoke-inference.pt,snapshot/optimize/studies/pre-fusion-full35-b100/artifacts/masf-task-bridge-smoke-v1/smoke-inference.pt,88557505,54c36c9ad5e8f40443f6ed49c29b360228e1ba06ed6c925d69c45da2c9e31eb7,1788975071117672038,True,unclassified,not_loaded_by_archive; byte-integrity-only
/home/uxin/yolo/yolo_optimize/experiments/studies/pre-fusion-full35-b100/artifacts/masf-task-bridge-v1/epoch-06-resume.pt,snapshot/optimize/studies/pre-fusion-full35-b100/artifacts/masf-task-bridge-v1/epoch-06-resume.pt,343010568,4da34a68e6bba340d7b5bbc5b23ad63a33e405c5567eb4c33b6805a81c35e8c3,1788975558175404911,True,resume_candidate,not_loaded_by_archive; byte-integrity-only
/home/uxin/yolo/yolo_optimize/experiments/studies/pre-fusion-full35-b100/artifacts/masf-task-bridge-v1/epoch-07-resume.pt,snapshot/optimize/studies/pre-fusion-full35-b100/artifacts/masf-task-bridge-v1/epoch-07-resume.pt,343010568,dd5ce817f271b914dc5dabd315202277796f6c846f300d00a0a5d8268c584994,1788976071801033005,True,resume_candidate,not_loaded_by_archive; byte-integrity-only
/home/uxin/yolo/yolo_optimize/experiments/studies/pre-fusion-full35-b100/artifacts/masf-task-bridge-v1/epoch-08-resume.pt,snapshot/optimize/studies/pre-fusion-full35-b100/artifacts/masf-task-bridge-v1/epoch-08-resume.pt,343010568,8309b92c7e1a00c34b37177836da4d04317b7573765f4f342ad8d894468ea9da,1788976585084448128,True,resume_candidate,not_loaded_by_archive; byte-integrity-only
/home/uxin/yolo/yolo_optimize/experiments/studies/pre-fusion-full35-b100/artifacts/masf-task-bridge-v1/epoch-09-resume.pt,snapshot/optimize/studies/pre-fusion-full35-b100/artifacts/masf-task-bridge-v1/epoch-09-resume.pt,343010632,d338b63f5e633fa7bd3c6cae416b8ece0bb97be0ac262433f5928da77cda9a76,1788977099486013655,True,resume_candidate,not_loaded_by_archive; byte-integrity-only
/home/uxin/yolo/yolo_optimize/experiments/studies/pre-fusion-full35-b100/artifacts/masf-task-bridge-v1/epoch-10-resume.pt,snapshot/optimize/studies/pre-fusion-full35-b100/artifacts/masf-task-bridge-v1/epoch-10-resume.pt,343010568,6d45098551883d51624984198d3d6a09084cf45757131d20454147ab2f706712,1788977612538074497,True,resume_candidate,not_loaded_by_archive; byte-integrity-only
/home/uxin/yolo/yolo_optimize/experiments/studies/pre-fusion-full35-b100/artifacts/prefusion-hog-control-smoke-v1/epoch-01-resume.pt,snapshot/optimize/studies/pre-fusion-full35-b100/artifacts/prefusion-hog-control-smoke-v1/epoch-01-resume.pt,608248882,9f4cabf32bb4fe29fa6d600a530854345281c3061829859fd45c8bdad2ab3f23,1788940522592257184,True,resume_candidate,not_loaded_by_archive; byte-integrity-only
/home/uxin/yolo/yolo_optimize/experiments/studies/pre-fusion-full35-b100/artifacts/prefusion-hog-control-v1/epoch-01-resume.pt,snapshot/optimize/studies/pre-fusion-full35-b100/artifacts/prefusion-hog-control-v1/epoch-01-resume.pt,427205682,c1da80642adaba097cffefa17b33c9928ff4a60e2ae9a4c3ad10317ba09ac15c,1788941106152976621,True,resume_candidate,not_loaded_by_archive; byte-integrity-only
/home/uxin/yolo/yolo_optimize/experiments/studies/pre-fusion-full35-b100/artifacts/prefusion-hog-control-v1/epoch-02-resume.pt,snapshot/optimize/studies/pre-fusion-full35-b100/artifacts/prefusion-hog-control-v1/epoch-02-resume.pt,427205746,290309d73388bc13b41e14b0617e85378a13658e00f8701cfcfc9101c230b8c6,1788941705480510620,True,resume_candidate,not_loaded_by_archive; byte-integrity-only
/home/uxin/yolo/yolo_optimize/experiments/studies/pre-fusion-full35-b100/artifacts/prefusion-hog-control-v1/epoch-03-resume.pt,snapshot/optimize/studies/pre-fusion-full35-b100/artifacts/prefusion-hog-control-v1/epoch-03-resume.pt,427205746,c4ef561b0b4073d9ceda63a5d414b61a38c494aa0ae45c8ec215ca933daa2c79,1788942304541593069,True,resume_candidate,not_loaded_by_archive; byte-integrity-only
/home/uxin/yolo/yolo_optimize/experiments/studies/pre-fusion-full35-b100/artifacts/prefusion-hog-control-v1/epoch-04-resume.pt,snapshot/optimize/studies/pre-fusion-full35-b100/artifacts/prefusion-hog-control-v1/epoch-04-resume.pt,427205746,87d225c7a3a9c187266ca5a55c985d2b9c4196bf8f573ae978d91508ef5af7c7,1788942904846176195,True,resume_candidate,not_loaded_by_archive; byte-integrity-only
/home/uxin/yolo/yolo_optimize/experiments/studies/pre-fusion-full35-b100/artifacts/prefusion-hog-control-v1/epoch-05-resume.pt,snapshot/optimize/studies/pre-fusion-full35-b100/artifacts/prefusion-hog-control-v1/epoch-05-resume.pt,427205746,7f6c4a3d87e8e526d7f64190de5877c8132f046223a37086354a48f3a98bd50c,1788943503374339249,True,resume_candidate,not_loaded_by_archive; byte-integrity-only
/home/uxin/yolo/yolo_optimize/experiments/studies/pre-fusion-full35-b100/artifacts/prefusion-hog-hog-smoke-v1/epoch-01-resume.pt,snapshot/optimize/studies/pre-fusion-full35-b100/artifacts/prefusion-hog-hog-smoke-v1/epoch-01-resume.pt,608269020,ff9ce26b04cf44c346733680b176eb8ce8c77847d28794c70b61808d500b28af,1788940533617705585,True,resume_candidate,not_loaded_by_archive; byte-integrity-only
/home/uxin/yolo/yolo_optimize/experiments/studies/pre-fusion-full35-b100/artifacts/prefusion-hog-hog-v1/epoch-01-resume.pt,snapshot/optimize/studies/pre-fusion-full35-b100/artifacts/prefusion-hog-hog-v1/epoch-01-resume.pt,427205682,ad2a29f753ccc99bd07e5a69f3727b4615d5f2123c07077f97256ba9daedcf9f,1788944111378002918,True,resume_candidate,not_loaded_by_archive; byte-integrity-only
/home/uxin/yolo/yolo_optimize/experiments/studies/pre-fusion-full35-b100/artifacts/prefusion-hog-hog-v1/epoch-02-resume.pt,snapshot/optimize/studies/pre-fusion-full35-b100/artifacts/prefusion-hog-hog-v1/epoch-02-resume.pt,427225884,e91f5a963d0fc86bf8c3e9cbe4b25cf3e0d1406daa13c42f5238f114d79315da,1788944741795824520,True,resume_candidate,not_loaded_by_archive; byte-integrity-only
/home/uxin/yolo/yolo_optimize/experiments/studies/pre-fusion-full35-b100/artifacts/prefusion-hog-hog-v1/epoch-03-resume.pt,snapshot/optimize/studies/pre-fusion-full35-b100/artifacts/prefusion-hog-hog-v1/epoch-03-resume.pt,427225884,59fb658bb6260ed976086aadda2f193e99afc686e3969238a14b3269b583ca6f,1788945372946398365,True,resume_candidate,not_loaded_by_archive; byte-integrity-only
/home/uxin/yolo/yolo_optimize/experiments/studies/pre-fusion-full35-b100/artifacts/prefusion-hog-hog-v1/epoch-04-resume.pt,snapshot/optimize/studies/pre-fusion-full35-b100/artifacts/prefusion-hog-hog-v1/epoch-04-resume.pt,427225884,330500a678adf5a0af1850453570358c34fd9542b8df4290229e98782b888b5b,1788946004458196119,True,resume_candidate,not_loaded_by_archive; byte-integrity-only
/home/uxin/yolo/yolo_optimize/experiments/studies/pre-fusion-full35-b100/artifacts/rep17-control-smoke-v1/epoch-01-resume.pt,snapshot/optimize/studies/pre-fusion-full35-b100/artifacts/rep17-control-smoke-v1/epoch-01-resume.pt,522000676,ddf32228750915dc425ff006ee9c31f2f895af75ed745e48c5393d0d729f36fd,1788947184168777988,True,resume_candidate,not_loaded_by_archive; byte-integrity-only
/home/uxin/yolo/yolo_optimize/experiments/studies/pre-fusion-full35-b100/artifacts/rep17-control-smoke-v1/smoke-inference.pt,snapshot/optimize/studies/pre-fusion-full35-b100/artifacts/rep17-control-smoke-v1/smoke-inference.pt,88238223,3dded798f7c040e60be0de0eb04473a08674017502ee9af09add83e29203bd4f,1788947185695860089,True,unclassified,not_loaded_by_archive; byte-integrity-only
/home/uxin/yolo/yolo_optimize/experiments/studies/pre-fusion-full35-b100/artifacts/rep17-control-v1/epoch-01-resume.pt,snapshot/optimize/studies/pre-fusion-full35-b100/artifacts/rep17-control-v1/epoch-01-resume.pt,340957476,5d41029be27a56d3259db6bd6d24b439e13782cb1fb898a0ffd173223a0e27a5,1788947605109287167,True,resume_candidate,not_loaded_by_archive; byte-integrity-only
/home/uxin/yolo/yolo_optimize/experiments/studies/pre-fusion-full35-b100/artifacts/rep17-control-v1/epoch-02-resume.pt,snapshot/optimize/studies/pre-fusion-full35-b100/artifacts/rep17-control-v1/epoch-02-resume.pt,340957540,12a6ec5ffbb86054fab90124914f54c6e251e039d6e7098bdacfb7fe7bc58c6c,1788948044111882102,True,resume_candidate,not_loaded_by_archive; byte-integrity-only
/home/uxin/yolo/yolo_optimize/experiments/studies/pre-fusion-full35-b100/artifacts/rep17-control-v1/epoch-03-resume.pt,snapshot/optimize/studies/pre-fusion-full35-b100/artifacts/rep17-control-v1/epoch-03-resume.pt,340957540,02a849b017c0efd2bf6ff39673a6c0145947b1b68662b80e75e27fab57761eec,1788948482983335764,True,resume_candidate,not_loaded_by_archive; byte-integrity-only
/home/uxin/yolo/yolo_optimize/experiments/studies/pre-fusion-full35-b100/artifacts/rep17-control-v1/epoch-04-resume.pt,snapshot/optimize/studies/pre-fusion-full35-b100/artifacts/rep17-control-v1/epoch-04-resume.pt,340957540,c6c2239125665b7dbfd7b18363ab515635f8b14df39f53740a5cecf358bc5258,1788948922588488118,True,resume_candidate,not_loaded_by_archive; byte-integrity-only
/home/uxin/yolo/yolo_optimize/experiments/studies/pre-fusion-full35-b100/artifacts/rep17-control-v1/epoch-05-resume.pt,snapshot/optimize/studies/pre-fusion-full35-b100/artifacts/rep17-control-v1/epoch-05-resume.pt,340957540,78f34da80e0496070a4261dce7be80ccadd0063d036e2cdf2fc4f0230e4c6522,1788949362235796166,True,resume_candidate,not_loaded_by_archive; byte-integrity-only
/home/uxin/yolo/yolo_optimize/experiments/studies/pre-fusion-full35-b100/artifacts/rep17-rep-smoke-v1/epoch-01-resume.pt,snapshot/optimize/studies/pre-fusion-full35-b100/artifacts/rep17-rep-smoke-v1/epoch-01-resume.pt,523072311,54801b53ec3a36ca3a32ce0c0afd63cad54534aa11561398e9790062d3b01447,1788947193931302787,True,resume_candidate,not_loaded_by_archive; byte-integrity-only
/home/uxin/yolo/yolo_optimize/experiments/studies/pre-fusion-full35-b100/artifacts/rep17-rep-smoke-v1/smoke-inference.pt,snapshot/optimize/studies/pre-fusion-full35-b100/artifacts/rep17-rep-smoke-v1/smoke-inference.pt,88238991,73fe0ab4e0137dced978b8f0e50fa7ff93de52dbd0bf999c12e6fee6e0be7f4f,1788947195458384862,True,unclassified,not_loaded_by_archive; byte-integrity-only
/home/uxin/yolo/yolo_optimize/experiments/studies/pre-fusion-full35-b100/artifacts/rep17-rep-v1/epoch-01-resume.pt,snapshot/optimize/studies/pre-fusion-full35-b100/artifacts/rep17-rep-v1/epoch-01-resume.pt,342029111,49b5332b8bbd8e6b05e95ff5b39aed621dc986d82a0797bb85a9b550a9b2d1d4,1788949809743774756,True,resume_candidate,not_loaded_by_archive; byte-integrity-only
/home/uxin/yolo/yolo_optimize/experiments/studies/pre-fusion-full35-b100/artifacts/rep17-rep-v1/epoch-02-resume.pt,snapshot/optimize/studies/pre-fusion-full35-b100/artifacts/rep17-rep-v1/epoch-02-resume.pt,342029175,0d21f757ba91957d7cfe12eed2b4a445331f5a06e425cf7b7091a2097baf135f,1788950249986359582,True,resume_candidate,not_loaded_by_archive; byte-integrity-only
/home/uxin/yolo/yolo_optimize/experiments/studies/pre-fusion-full35-b100/artifacts/rep17-rep-v1/epoch-03-resume.pt,snapshot/optimize/studies/pre-fusion-full35-b100/artifacts/rep17-rep-v1/epoch-03-resume.pt,342029175,dc6bfe238dbcf6b43a13b56d939885441fb2b7f41f659033a4181fe4ca48e1cf,1788950690285879992,True,resume_candidate,not_loaded_by_archive; byte-integrity-only
/home/uxin/yolo/yolo_optimize/experiments/studies/pre-fusion-full35-b100/artifacts/rep17-rep-v1/epoch-04-resume.pt,snapshot/optimize/studies/pre-fusion-full35-b100/artifacts/rep17-rep-v1/epoch-04-resume.pt,342029175,069eb7fccae1f52b558a87fb292ca02dd847f6fb993021975c66c1a7277347ed,1788951130908946291,True,resume_candidate,not_loaded_by_archive; byte-integrity-only
/home/uxin/yolo/yolo_optimize/experiments/studies/pre-fusion-full35-b100/artifacts/rep17-rep-v1/epoch-05-resume.pt,snapshot/optimize/studies/pre-fusion-full35-b100/artifacts/rep17-rep-v1/epoch-05-resume.pt,342029175,497f6ae100814721854566ae8dd023e9086aa9403630c33b58a73f581eeea6ef,1788951571063634135,True,resume_candidate,not_loaded_by_archive; byte-integrity-only
