step,time_unix,metric,value
0,1788868786.1914003,amp/overflow_retries,4.0
0,1788868786.1914003,amp/scale,4096.0
0,1788868786.1914003,detect/component_0,1.0206730365753174
0,1788868786.1914003,detect/component_1,0.9709469676017761
0,1788868786.1914003,detect/component_2,0.006306481547653675
0,1788868786.1914003,gradient/clipped_norm,115.69918060302734
0,1788868786.1914003,gradient/detect_shared_norm,86.16291226627615
0,1788868786.1914003,gradient/pose_shared_norm,50.003176337321186
0,1788868786.1914003,gradient/shared_cosine,-0.03344812653937726
0,1788868786.1914003,images/detect,256.0
0,1788868786.1914003,images/pose,16.0
0,1788868786.1914003,loss/backward,100.45257949829102
0,1788868786.1914003,loss/detect_mean,1.767562448978424
0,1788868786.1914003,loss/joint_mean,1.5695715546607971
0,1788868786.1914003,loss/pose_mean,0.7776079773902893
0,1788868786.1914003,lr/attention.decay,0.0
0,1788868786.1914003,lr/attention.no_decay,0.0
0,1788868786.1914003,lr/backbone.decay,0.0
0,1788868786.1914003,lr/backbone.no_decay,0.0
0,1788868786.1914003,lr/detect_head.decay,2.548596112311015e-06
0,1788868786.1914003,lr/detect_head.no_decay,2.548596112311015e-06
0,1788868786.1914003,lr/masf.decay,0.0
0,1788868786.1914003,lr/masf.no_decay,0.0
0,1788868786.1914003,lr/neck.decay,1.019438444924406e-06
0,1788868786.1914003,lr/neck.no_decay,1.019438444924406e-06
0,1788868786.1914003,lr/pose_head.decay,2.548596112311015e-06
0,1788868786.1914003,lr/pose_head.no_decay,2.548596112311015e-06
0,1788868786.1914003,pose/component_0,0.5584069490432739
0,1788868786.1914003,pose/component_1,0.014627337455749512
0,1788868786.1914003,pose/component_2,0.0013294392265379429
0,1788868786.1914003,pose/component_3,0.22961321473121643
0,1788868786.1914003,pose/component_4,0.0015852905344218016
0,1788868786.1914003,pose/component_5,0.0
1,1788868787.3522892,amp/overflow_retries,0.0
1,1788868787.3522892,amp/scale,4096.0
1,1788868787.3522892,detect/component_0,1.0702928304672241
1,1788868787.3522892,detect/component_1,0.9340453147888184
1,1788868787.3522892,detect/component_2,0.006148351356387138
1,1788868787.3522892,gradient/clipped_norm,136.86825561523438
1,1788868787.3522892,images/detect,256.0
1,1788868787.3522892,images/pose,16.0
1,1788868787.3522892,loss/backward,102.67916717529297
1,1788868787.3522892,loss/detect_mean,1.7830926775932312
1,1788868787.3522892,loss/joint_mean,1.6043619871139527
1,1788868787.3522892,loss/pose_mean,0.8894392251968384
1,1788868787.3522892,lr/attention.decay,0.0
1,1788868787.3522892,lr/attention.no_decay,0.0
1,1788868787.3522892,lr/backbone.decay,0.0
1,1788868787.3522892,lr/backbone.no_decay,0.0
1,1788868787.3522892,lr/detect_head.decay,2.5971922246220306e-06
1,1788868787.3522892,lr/detect_head.no_decay,2.5971922246220306e-06
1,1788868787.3522892,lr/masf.decay,0.0
1,1788868787.3522892,lr/masf.no_decay,0.0
1,1788868787.3522892,lr/neck.decay,1.0388768898488122e-06
1,1788868787.3522892,lr/neck.no_decay,1.0388768898488122e-06
1,1788868787.3522892,lr/pose_head.decay,2.5971922246220306e-06
1,1788868787.3522892,lr/pose_head.no_decay,2.5971922246220306e-06
1,1788868787.3522892,pose/component_0,0.6096303462982178
1,1788868787.3522892,pose/component_1,0.013932807371020317
1,1788868787.3522892,pose/component_2,0.001633227919228375
1,1788868787.3522892,pose/component_3,0.2996041178703308
1,1788868787.3522892,pose/component_4,0.0017774157458916306
1,1788868787.3522892,pose/component_5,0.0
2,1788868788.539912,amp/overflow_retries,0.0
2,1788868788.539912,amp/scale,4096.0
2,1788868788.539912,detect/component_0,1.0394642353057861
2,1788868788.539912,detect/component_1,0.9387314915657043
2,1788868788.539912,detect/component_2,0.006779098883271217
2,1788868788.539912,gradient/clipped_norm,152.2010040283203
2,1788868788.539912,images/detect,256.0
2,1788868788.539912,images/pose,16.0
2,1788868788.539912,loss/backward,103.57911987304688
2,1788868788.539912,loss/detect_mean,1.7740946859121323
2,1788868788.539912,loss/joint_mean,1.6184237480163575
2,1788868788.539912,loss/pose_mean,0.9957399964332581
2,1788868788.539912,lr/attention.decay,0.0
2,1788868788.539912,lr/attention.no_decay,0.0
2,1788868788.539912,lr/backbone.decay,0.0
2,1788868788.539912,lr/backbone.no_decay,0.0
2,1788868788.539912,lr/detect_head.decay,2.645788336933046e-06
2,1788868788.539912,lr/detect_head.no_decay,2.645788336933046e-06
2,1788868788.539912,lr/masf.decay,0.0
2,1788868788.539912,lr/masf.no_decay,0.0
2,1788868788.539912,lr/neck.decay,1.0583153347732183e-06
2,1788868788.539912,lr/neck.no_decay,1.0583153347732183e-06
2,1788868788.539912,lr/pose_head.decay,2.645788336933046e-06
2,1788868788.539912,lr/pose_head.no_decay,2.645788336933046e-06
2,1788868788.539912,pose/component_0,0.5910384654998779
2,1788868788.539912,pose/component_1,0.09193578362464905
2,1788868788.539912,pose/component_2,0.003798938589170575
2,1788868788.539912,pose/component_3,0.3740462362766266
2,1788868788.539912,pose/component_4,0.0018508292268961668
2,1788868788.539912,pose/component_5,0.0
3,1788868789.720404,amp/overflow_retries,0.0
3,1788868789.720404,amp/scale,4096.0
3,1788868789.720404,detect/component_0,1.0803992748260498
3,1788868789.720404,detect/component_1,0.9229133129119873
3,1788868789.720404,detect/component_2,0.005934163928031921
3,1788868789.720404,gradient/clipped_norm,115.16213989257812
3,1788868789.720404,images/detect,256.0
3,1788868789.720404,images/pose,16.0
3,1788868789.720404,loss/backward,101.88294906616211
3,1788868789.720404,loss/detect_mean,1.7814887911081314
3,1788868789.720404,loss/joint_mean,1.591921079158783
3,1788868789.720404,loss/pose_mean,0.8336502313613892
3,1788868789.720404,lr/attention.decay,0.0
3,1788868789.720404,lr/attention.no_decay,0.0
3,1788868789.720404,lr/backbone.decay,0.0
3,1788868789.720404,lr/backbone.no_decay,0.0
3,1788868789.720404,lr/detect_head.decay,2.694384449244061e-06
3,1788868789.720404,lr/detect_head.no_decay,2.694384449244061e-06
3,1788868789.720404,lr/masf.decay,0.0
3,1788868789.720404,lr/masf.no_decay,0.0
3,1788868789.720404,lr/neck.decay,1.0777537796976244e-06
3,1788868789.720404,lr/neck.no_decay,1.0777537796976244e-06
3,1788868789.720404,lr/pose_head.decay,2.694384449244061e-06
3,1788868789.720404,lr/pose_head.no_decay,2.694384449244061e-06
3,1788868789.720404,pose/component_0,0.6191579103469849
3,1788868789.720404,pose/component_1,0.014783112332224846
3,1788868789.720404,pose/component_2,0.0008675669669173658
3,1788868789.720404,pose/component_3,0.18126194179058075
3,1788868789.720404,pose/component_4,0.00338598620146513
3,1788868789.720404,pose/component_5,0.0
4,1788868790.8828056,amp/overflow_retries,0.0
4,1788868790.8828056,amp/scale,4096.0
4,1788868790.8828056,detect/component_0,1.0470290184020996
4,1788868790.8828056,detect/component_1,0.9632902145385742
4,1788868790.8828056,detect/component_2,0.006239916197955608
4,1788868790.8828056,gradient/clipped_norm,117.28702545166016
4,1788868790.8828056,images/detect,256.0
4,1788868790.8828056,images/pose,16.0
4,1788868790.8828056,loss/backward,104.1490707397461
4,1788868790.8828056,loss/detect_mean,1.804946705698967
4,1788868790.8828056,loss/joint_mean,1.6273292303085327
4,1788868790.8828056,loss/pose_mean,0.9168593287467957
4,1788868790.8828056,lr/attention.decay,0.0
4,1788868790.8828056,lr/attention.no_decay,0.0
4,1788868790.8828056,lr/backbone.decay,0.0
4,1788868790.8828056,lr/backbone.no_decay,0.0
4,1788868790.8828056,lr/detect_head.decay,2.742980561555076e-06
4,1788868790.8828056,lr/detect_head.no_decay,2.742980561555076e-06
4,1788868790.8828056,lr/masf.decay,0.0
4,1788868790.8828056,lr/masf.no_decay,0.0
4,1788868790.8828056,lr/neck.decay,1.0971922246220303e-06
4,1788868790.8828056,lr/neck.no_decay,1.0971922246220303e-06
4,1788868790.8828056,lr/pose_head.decay,2.742980561555076e-06
4,1788868790.8828056,lr/pose_head.no_decay,2.742980561555076e-06
4,1788868790.8828056,pose/component_0,0.6883559823036194
4,1788868790.8828056,pose/component_1,0.022658176720142365
4,1788868790.8828056,pose/component_2,0.0011495681246742606
4,1788868790.8828056,pose/component_3,0.26772305369377136
4,1788868790.8828056,pose/component_4,0.0017874666955322027
4,1788868790.8828056,pose/component_5,0.0
5,1788868792.0294282,amp/overflow_retries,0.0
5,1788868792.0294282,amp/scale,4096.0
5,1788868792.0294282,detect/component_0,1.0448068380355835
5,1788868792.0294282,detect/component_1,0.933201789855957
5,1788868792.0294282,detect/component_2,0.005988400895148516
5,1788868792.0294282,gradient/clipped_norm,110.8232650756836
5,1788868792.0294282,images/detect,256.0
5,1788868792.0294282,images/pose,16.0
5,1788868792.0294282,loss/backward,99.63262939453125
5,1788868792.0294282,loss/detect_mean,1.7687888443470001
5,1788868792.0294282,loss/joint_mean,1.5567598342895508
5,1788868792.0294282,loss/pose_mean,0.7086437940597534
5,1788868792.0294282,lr/attention.decay,0.0
5,1788868792.0294282,lr/attention.no_decay,0.0
5,1788868792.0294282,lr/backbone.decay,0.0
5,1788868792.0294282,lr/backbone.no_decay,0.0
5,1788868792.0294282,lr/detect_head.decay,2.791576673866091e-06
5,1788868792.0294282,lr/detect_head.no_decay,2.791576673866091e-06
5,1788868792.0294282,lr/masf.decay,0.0
5,1788868792.0294282,lr/masf.no_decay,0.0
5,1788868792.0294282,lr/neck.decay,1.1166306695464364e-06
5,1788868792.0294282,lr/neck.no_decay,1.1166306695464364e-06
5,1788868792.0294282,lr/pose_head.decay,2.791576673866091e-06
5,1788868792.0294282,lr/pose_head.no_decay,2.791576673866091e-06
5,1788868792.0294282,pose/component_0,0.5143963098526001
5,1788868792.0294282,pose/component_1,0.00748008769005537
5,1788868792.0294282,pose/component_2,0.0023333870340138674
5,1788868792.0294282,pose/component_3,0.21455460786819458
5,1788868792.0294282,pose/component_4,0.0017422058153897524
5,1788868792.0294282,pose/component_5,0.0
6,1788868795.332552,amp/overflow_retries,2.0
6,1788868795.332552,amp/scale,1024.0
6,1788868795.332552,detect/component_0,1.0452075004577637
6,1788868795.332552,detect/component_1,0.9552603960037231
6,1788868795.332552,detect/component_2,0.006848365068435669
6,1788868795.332552,gradient/clipped_norm,179.49557495117188
6,1788868795.332552,images/detect,256.0
6,1788868795.332552,images/pose,16.0
6,1788868795.332552,loss/backward,107.76071624755859
6,1788868795.332552,loss/detect_mean,1.788441240787506
6,1788868795.332552,loss/joint_mean,1.683761191368103
6,1788868795.332552,loss/pose_mean,1.2650409936904907
6,1788868795.332552,lr/attention.decay,0.0
6,1788868795.332552,lr/attention.no_decay,0.0
6,1788868795.332552,lr/backbone.decay,0.0
6,1788868795.332552,lr/backbone.no_decay,0.0
6,1788868795.332552,lr/detect_head.decay,2.8401727861771062e-06
6,1788868795.332552,lr/detect_head.no_decay,2.8401727861771062e-06
6,1788868795.332552,lr/masf.decay,0.0
6,1788868795.332552,lr/masf.no_decay,0.0
6,1788868795.332552,lr/neck.decay,1.1360691144708425e-06
6,1788868795.332552,lr/neck.no_decay,1.1360691144708425e-06
6,1788868795.332552,lr/pose_head.decay,2.8401727861771062e-06
6,1788868795.332552,lr/pose_head.no_decay,2.8401727861771062e-06
6,1788868795.332552,pose/component_0,1.029401421546936
6,1788868795.332552,pose/component_1,0.04095678776502609
6,1788868795.332552,pose/component_2,0.01107120607048273
6,1788868795.332552,pose/component_3,0.4066358208656311
6,1788868795.332552,pose/component_4,0.0017435611225664616
6,1788868795.332552,pose/component_5,0.0
7,1788868796.496275,amp/overflow_retries,0.0
7,1788868796.496275,amp/scale,1024.0
7,1788868796.496275,detect/component_0,1.0410563945770264
7,1788868796.496275,detect/component_1,0.8833011388778687
7,1788868796.496275,detect/component_2,0.006640168838202953
7,1788868796.496275,gradient/clipped_norm,136.20883178710938
7,1788868796.496275,images/detect,256.0
7,1788868796.496275,images/pose,16.0
7,1788868796.496275,loss/backward,99.90693511962891
7,1788868796.496275,loss/detect_mean,1.7251774072647095
7,1788868796.496275,loss/joint_mean,1.5610458612442017
7,1788868796.496275,loss/pose_mean,0.9045196771621704
7,1788868796.496275,lr/attention.decay,0.0
7,1788868796.496275,lr/attention.no_decay,0.0
7,1788868796.496275,lr/backbone.decay,0.0
7,1788868796.496275,lr/backbone.no_decay,0.0
7,1788868796.496275,lr/detect_head.decay,2.8887688984881216e-06
7,1788868796.496275,lr/detect_head.no_decay,2.8887688984881216e-06
7,1788868796.496275,lr/masf.decay,0.0
7,1788868796.496275,lr/masf.no_decay,0.0
7,1788868796.496275,lr/neck.decay,1.1555075593952486e-06
7,1788868796.496275,lr/neck.no_decay,1.1555075593952486e-06
7,1788868796.496275,lr/pose_head.decay,2.8887688984881216e-06
7,1788868796.496275,lr/pose_head.no_decay,2.8887688984881216e-06
7,1788868796.496275,pose/component_0,0.6114014983177185
7,1788868796.496275,pose/component_1,0.02602243423461914
7,1788868796.496275,pose/component_2,0.002080038655549288
7,1788868796.496275,pose/component_3,0.30170828104019165
7,1788868796.496275,pose/component_4,0.0015639038756489754
7,1788868796.496275,pose/component_5,0.0
8,1788868797.6619747,amp/overflow_retries,0.0
8,1788868797.6619747,amp/scale,1024.0
8,1788868797.6619747,detect/component_0,1.116284728050232
8,1788868797.6619747,detect/component_1,1.004385232925415
8,1788868797.6619747,detect/component_2,0.005753231234848499
8,1788868797.6619747,gradient/clipped_norm,176.6107635498047
8,1788868797.6619747,images/detect,256.0
8,1788868797.6619747,images/pose,16.0
8,1788868797.6619747,loss/backward,109.38858032226562
8,1788868797.6619747,loss/detect_mean,1.869035005569458
8,1788868797.6619747,loss/joint_mean,1.7091965675354004
8,1788868797.6619747,loss/pose_mean,1.06984281539917
8,1788868797.6619747,lr/attention.decay,0.0
8,1788868797.6619747,lr/attention.no_decay,0.0
8,1788868797.6619747,lr/backbone.decay,0.0
8,1788868797.6619747,lr/backbone.no_decay,0.0
8,1788868797.6619747,lr/detect_head.decay,2.937365010799136e-06
8,1788868797.6619747,lr/detect_head.no_decay,2.937365010799136e-06
8,1788868797.6619747,lr/masf.decay,0.0
8,1788868797.6619747,lr/masf.no_decay,0.0
8,1788868797.6619747,lr/neck.decay,1.1749460043196545e-06
8,1788868797.6619747,lr/neck.no_decay,1.1749460043196545e-06
8,1788868797.6619747,lr/pose_head.decay,2.937365010799136e-06
8,1788868797.6619747,lr/pose_head.no_decay,2.937365010799136e-06
8,1788868797.6619747,pose/component_0,0.7449591755867004
8,1788868797.6619747,pose/component_1,0.010599374771118164
8,1788868797.6619747,pose/component_2,0.005035925656557083
8,1788868797.6619747,pose/component_3,0.2969359755516052
8,1788868797.6619747,pose/component_4,0.0021391778718680143
8,1788868797.6619747,pose/component_5,0.0
9,1788868798.8154712,amp/overflow_retries,0.0
9,1788868798.8154712,amp/scale,1024.0
9,1788868798.8154712,detect/component_0,1.0723801851272583
9,1788868798.8154712,detect/component_1,0.9448381662368774
9,1788868798.8154712,detect/component_2,0.006050611846148968
9,1788868798.8154712,gradient/clipped_norm,125.54324340820312
9,1788868798.8154712,images/detect,256.0
9,1788868798.8154712,images/pose,16.0
9,1788868798.8154712,loss/backward,104.09342041015626
9,1788868798.8154712,loss/detect_mean,1.808186113834381
9,1788868798.8154712,loss/joint_mean,1.6264596939086915
9,1788868798.8154712,loss/pose_mean,0.8995540142059326
9,1788868798.8154712,lr/attention.decay,0.0
9,1788868798.8154712,lr/attention.no_decay,0.0
9,1788868798.8154712,lr/backbone.decay,0.0
9,1788868798.8154712,lr/backbone.no_decay,0.0
9,1788868798.8154712,lr/detect_head.decay,2.9859611231101515e-06
9,1788868798.8154712,lr/detect_head.no_decay,2.9859611231101515e-06
9,1788868798.8154712,lr/masf.decay,0.0
9,1788868798.8154712,lr/masf.no_decay,0.0
9,1788868798.8154712,lr/neck.decay,1.1943844492440607e-06
9,1788868798.8154712,lr/neck.no_decay,1.1943844492440607e-06
9,1788868798.8154712,lr/pose_head.decay,2.9859611231101515e-06
9,1788868798.8154712,lr/pose_head.no_decay,2.9859611231101515e-06
9,1788868798.8154712,pose/component_0,0.6785042881965637
9,1788868798.8154712,pose/component_1,0.021325647830963135
9,1788868798.8154712,pose/component_2,0.014830104075372219
9,1788868798.8154712,pose/component_3,0.24471360445022583
9,1788868798.8154712,pose/component_4,0.00262552872300148
9,1788868798.8154712,pose/component_5,0.0
10,1788868799.9801812,amp/overflow_retries,0.0
10,1788868799.9801812,amp/scale,1024.0
10,1788868799.9801812,detect/component_0,1.0783932209014893
10,1788868799.9801812,detect/component_1,0.9446882605552673
10,1788868799.9801812,detect/component_2,0.006724555976688862
10,1788868799.9801812,gradient/clipped_norm,131.80735778808594
10,1788868799.9801812,images/detect,256.0
10,1788868799.9801812,images/pose,16.0
10,1788868799.9801812,loss/backward,101.36594848632812
10,1788868799.9801812,loss/detect_mean,1.8004920780658722
10,1788868799.9801812,loss/joint_mean,1.583842945098877
10,1788868799.9801812,loss/pose_mean,0.717246413230896
10,1788868799.9801812,lr/attention.decay,0.0
10,1788868799.9801812,lr/attention.no_decay,0.0
10,1788868799.9801812,lr/backbone.decay,0.0
10,1788868799.9801812,lr/backbone.no_decay,0.0
10,1788868799.9801812,lr/detect_head.decay,3.0345572354211665e-06
10,1788868799.9801812,lr/detect_head.no_decay,3.0345572354211665e-06
10,1788868799.9801812,lr/masf.decay,0.0
10,1788868799.9801812,lr/masf.no_decay,0.0
10,1788868799.9801812,lr/neck.decay,1.2138228941684668e-06
10,1788868799.9801812,lr/neck.no_decay,1.2138228941684668e-06
10,1788868799.9801812,lr/pose_head.decay,3.0345572354211665e-06
10,1788868799.9801812,lr/pose_head.no_decay,3.0345572354211665e-06
10,1788868799.9801812,pose/component_0,0.5174171924591064
10,1788868799.9801812,pose/component_1,0.00737742567434907
10,1788868799.9801812,pose/component_2,0.0015659509226679802
10,1788868799.9801812,pose/component_3,0.1753348708152771
10,1788868799.9801812,pose/component_4,0.0019646980799734592
10,1788868799.9801812,pose/component_5,0.0
11,1788868801.160098,amp/overflow_retries,0.0
11,1788868801.160098,amp/scale,1024.0
11,1788868801.160098,detect/component_0,1.0420536994934082
11,1788868801.160098,detect/component_1,0.9409930109977722
11,1788868801.160098,detect/component_2,0.00599051546305418
11,1788868801.160098,gradient/clipped_norm,142.36265563964844
11,1788868801.160098,images/detect,256.0
11,1788868801.160098,images/pose,16.0
11,1788868801.160098,loss/backward,102.28318481445312
11,1788868801.160098,loss/detect_mean,1.7573091089725494
11,1788868801.160098,loss/joint_mean,1.59817476272583
11,1788868801.160098,loss/pose_mean,0.9616373777389526
11,1788868801.160098,lr/attention.decay,0.0
11,1788868801.160098,lr/attention.no_decay,0.0
11,1788868801.160098,lr/backbone.decay,0.0
11,1788868801.160098,lr/backbone.no_decay,0.0
11,1788868801.160098,lr/detect_head.decay,3.083153347732182e-06
11,1788868801.160098,lr/detect_head.no_decay,3.083153347732182e-06
11,1788868801.160098,lr/masf.decay,0.0
11,1788868801.160098,lr/masf.no_decay,0.0
11,1788868801.160098,lr/neck.decay,1.2332613390928727e-06
11,1788868801.160098,lr/neck.no_decay,1.2332613390928727e-06
11,1788868801.160098,lr/pose_head.decay,3.083153347732182e-06
11,1788868801.160098,lr/pose_head.no_decay,3.083153347732182e-06
11,1788868801.160098,pose/component_0,0.6914012432098389
11,1788868801.160098,pose/component_1,0.008740139193832874
11,1788868801.160098,pose/component_2,0.001507683889940381
11,1788868801.160098,pose/component_3,0.25023236870765686
11,1788868801.160098,pose/component_4,0.0026793801225721836
11,1788868801.160098,pose/component_5,0.0
12,1788868802.3139346,amp/overflow_retries,0.0
12,1788868802.3139346,amp/scale,1024.0
12,1788868802.3139346,detect/component_0,1.1080472469329834
12,1788868802.3139346,detect/component_1,0.9845385551452637
12,1788868802.3139346,detect/component_2,0.0065028127282857895
12,1788868802.3139346,gradient/clipped_norm,124.52748107910156
12,1788868802.3139346,images/detect,256.0
12,1788868802.3139346,images/pose,16.0
12,1788868802.3139346,loss/backward,104.19220962524415
12,1788868802.3139346,loss/detect_mean,1.8511010259389877
12,1788868802.3139346,loss/joint_mean,1.6280032753944398
12,1788868802.3139346,loss/pose_mean,0.7356122732162476
12,1788868802.3139346,lr/attention.decay,0.0
12,1788868802.3139346,lr/attention.no_decay,0.0
12,1788868802.3139346,lr/backbone.decay,0.0
12,1788868802.3139346,lr/backbone.no_decay,0.0
12,1788868802.3139346,lr/detect_head.decay,3.1317494600431973e-06
12,1788868802.3139346,lr/detect_head.no_decay,3.1317494600431973e-06
12,1788868802.3139346,lr/masf.decay,0.0
12,1788868802.3139346,lr/masf.no_decay,0.0
12,1788868802.3139346,lr/neck.decay,1.2526997840172788e-06
12,1788868802.3139346,lr/neck.no_decay,1.2526997840172788e-06
12,1788868802.3139346,lr/pose_head.decay,3.1317494600431973e-06
12,1788868802.3139346,lr/pose_head.no_decay,3.1317494600431973e-06
12,1788868802.3139346,pose/component_0,0.5181823968887329
12,1788868802.3139346,pose/component_1,0.009105091914534569
12,1788868802.3139346,pose/component_2,0.0009815689409151673
12,1788868802.3139346,pose/component_3,0.18827976286411285
12,1788868802.3139346,pose/component_4,0.0015874202363193035
12,1788868802.3139346,pose/component_5,0.0
13,1788868803.4925218,amp/overflow_retries,0.0
13,1788868803.4925218,amp/scale,1024.0
13,1788868803.4925218,detect/component_0,1.0065767765045166
13,1788868803.4925218,detect/component_1,0.8943827748298645
13,1788868803.4925218,detect/component_2,0.006034824997186661
13,1788868803.4925218,gradient/clipped_norm,126.82435607910156
13,1788868803.4925218,images/detect,256.0
13,1788868803.4925218,images/pose,16.0
13,1788868803.4925218,loss/backward,100.35550918579102
13,1788868803.4925218,loss/detect_mean,1.6990590244531631
13,1788868803.4925218,loss/joint_mean,1.5680548310279847
13,1788868803.4925218,loss/pose_mean,1.0440380573272705
13,1788868803.4925218,lr/attention.decay,0.0
13,1788868803.4925218,lr/attention.no_decay,0.0
13,1788868803.4925218,lr/backbone.decay,0.0
13,1788868803.4925218,lr/backbone.no_decay,0.0
13,1788868803.4925218,lr/detect_head.decay,3.180345572354212e-06
13,1788868803.4925218,lr/detect_head.no_decay,3.180345572354212e-06
13,1788868803.4925218,lr/masf.decay,0.0
13,1788868803.4925218,lr/masf.no_decay,0.0
13,1788868803.4925218,lr/neck.decay,1.2721382289416847e-06
13,1788868803.4925218,lr/neck.no_decay,1.2721382289416847e-06
13,1788868803.4925218,lr/pose_head.decay,3.180345572354212e-06
13,1788868803.4925218,lr/pose_head.no_decay,3.180345572354212e-06
13,1788868803.4925218,pose/component_0,0.6803701519966125
13,1788868803.4925218,pose/component_1,0.03647081181406975
13,1788868803.4925218,pose/component_2,0.013005170039832592
13,1788868803.4925218,pose/component_3,0.32859882712364197
13,1788868803.4925218,pose/component_4,0.0028809807263314724
13,1788868803.4925218,pose/component_5,0.0
14,1788868804.6408792,amp/overflow_retries,0.0
14,1788868804.6408792,amp/scale,1024.0
14,1788868804.6408792,detect/component_0,1.057883381843567
14,1788868804.6408792,detect/component_1,0.956101655960083
14,1788868804.6408792,detect/component_2,0.0072295526042580605
14,1788868804.6408792,gradient/clipped_norm,140.11502075195312
14,1788868804.6408792,images/detect,256.0
14,1788868804.6408792,images/pose,16.0
14,1788868804.6408792,loss/backward,108.00349426269531
14,1788868804.6408792,loss/detect_mean,1.8026445806026459
14,1788868804.6408792,loss/joint_mean,1.6875545978546143
14,1788868804.6408792,loss/pose_mean,1.2271946668624878
14,1788868804.6408792,lr/attention.decay,0.0
14,1788868804.6408792,lr/attention.no_decay,0.0
14,1788868804.6408792,lr/backbone.decay,0.0
14,1788868804.6408792,lr/backbone.no_decay,0.0
14,1788868804.6408792,lr/detect_head.decay,3.228941684665227e-06
14,1788868804.6408792,lr/detect_head.no_decay,3.228941684665227e-06
14,1788868804.6408792,lr/masf.decay,0.0
14,1788868804.6408792,lr/masf.no_decay,0.0
14,1788868804.6408792,lr/neck.decay,1.291576673866091e-06
14,1788868804.6408792,lr/neck.no_decay,1.291576673866091e-06
14,1788868804.6408792,lr/pose_head.decay,3.228941684665227e-06
14,1788868804.6408792,lr/pose_head.no_decay,3.228941684665227e-06
14,1788868804.6408792,pose/component_0,0.8976414799690247
14,1788868804.6408792,pose/component_1,0.016380544751882553
14,1788868804.6408792,pose/component_2,0.01646902598440647
14,1788868804.6408792,pose/component_3,0.3085470199584961
14,1788868804.6408792,pose/component_4,0.0033915129024535418
14,1788868804.6408792,pose/component_5,0.0
15,1788868805.8152184,amp/overflow_retries,0.0
15,1788868805.8152184,amp/scale,1024.0
15,1788868805.8152184,detect/component_0,1.0901200771331787
15,1788868805.8152184,detect/component_1,0.9947972297668457
15,1788868805.8152184,detect/component_2,0.007124034222215414
15,1788868805.8152184,gradient/clipped_norm,138.49391174316406
15,1788868805.8152184,images/detect,256.0
15,1788868805.8152184,images/pose,16.0
15,1788868805.8152184,loss/backward,107.82609786987305
15,1788868805.8152184,loss/detect_mean,1.8781055957078934
15,1788868805.8152184,loss/joint_mean,1.6847827792167664
15,1788868805.8152184,loss/pose_mean,0.9114915132522583
15,1788868805.8152184,lr/attention.decay,0.0
15,1788868805.8152184,lr/attention.no_decay,0.0
15,1788868805.8152184,lr/backbone.decay,0.0
15,1788868805.8152184,lr/backbone.no_decay,0.0
15,1788868805.8152184,lr/detect_head.decay,3.2775377969762417e-06
15,1788868805.8152184,lr/detect_head.no_decay,3.2775377969762417e-06
15,1788868805.8152184,lr/masf.decay,0.0
15,1788868805.8152184,lr/masf.no_decay,0.0
15,1788868805.8152184,lr/neck.decay,1.311015118790497e-06
15,1788868805.8152184,lr/neck.no_decay,1.311015118790497e-06
15,1788868805.8152184,lr/pose_head.decay,3.2775377969762417e-06
15,1788868805.8152184,lr/pose_head.no_decay,3.2775377969762417e-06
15,1788868805.8152184,pose/component_0,0.6055529117584229
15,1788868805.8152184,pose/component_1,0.013173549436032772
15,1788868805.8152184,pose/component_2,0.00537483673542738
15,1788868805.8152184,pose/component_3,0.3057248294353485
15,1788868805.8152184,pose/component_4,0.00197899853810668
15,1788868805.8152184,pose/component_5,0.0
16,1788868806.966238,amp/overflow_retries,0.0
16,1788868806.966238,amp/scale,1024.0
16,1788868806.966238,detect/component_0,1.0528590679168701
16,1788868806.966238,detect/component_1,0.9361939430236816
16,1788868806.966238,detect/component_2,0.005901218391954899
16,1788868806.966238,gradient/clipped_norm,136.53106689453125
16,1788868806.966238,images/detect,256.0
16,1788868806.966238,images/pose,16.0
16,1788868806.966238,loss/backward,103.27129592895508
16,1788868806.966238,loss/detect_mean,1.7772140204906464
16,1788868806.966238,loss/joint_mean,1.6136139988899232
16,1788868806.966238,loss/pose_mean,0.95921391248703
16,1788868806.966238,lr/attention.decay,0.0
16,1788868806.966238,lr/attention.no_decay,0.0
16,1788868806.966238,lr/backbone.decay,0.0
16,1788868806.966238,lr/backbone.no_decay,0.0
16,1788868806.966238,lr/detect_head.decay,3.326133909287257e-06
16,1788868806.966238,lr/detect_head.no_decay,3.326133909287257e-06
16,1788868806.966238,lr/masf.decay,0.0
16,1788868806.966238,lr/masf.no_decay,0.0
16,1788868806.966238,lr/neck.decay,1.330453563714903e-06
16,1788868806.966238,lr/neck.no_decay,1.330453563714903e-06
16,1788868806.966238,lr/pose_head.decay,3.326133909287257e-06
16,1788868806.966238,lr/pose_head.no_decay,3.326133909287257e-06
16,1788868806.966238,pose/component_0,0.7221907377243042
16,1788868806.966238,pose/component_1,0.009902937337756157
16,1788868806.966238,pose/component_2,0.0015476406551897526
16,1788868806.966238,pose/component_3,0.2743091881275177
16,1788868806.966238,pose/component_4,0.002104118000715971
16,1788868806.966238,pose/component_5,0.0
17,1788868808.1193063,amp/overflow_retries,0.0
17,1788868808.1193063,amp/scale,1024.0
17,1788868808.1193063,detect/component_0,1.0085605382919312
17,1788868808.1193063,detect/component_1,0.8379635214805603
17,1788868808.1193063,detect/component_2,0.005981875117868185
17,1788868808.1193063,gradient/clipped_norm,135.1486053466797
17,1788868808.1193063,images/detect,256.0
17,1788868808.1193063,images/pose,16.0
17,1788868808.1193063,loss/backward,100.93960723876953
17,1788868808.1193063,loss/detect_mean,1.6616063117980957
17,1788868808.1193063,loss/joint_mean,1.5771813631057738
17,1788868808.1193063,loss/pose_mean,1.2394815683364868
17,1788868808.1193063,lr/attention.decay,0.0
17,1788868808.1193063,lr/attention.no_decay,0.0
17,1788868808.1193063,lr/backbone.decay,0.0
17,1788868808.1193063,lr/backbone.no_decay,0.0
17,1788868808.1193063,lr/detect_head.decay,3.374730021598273e-06
17,1788868808.1193063,lr/detect_head.no_decay,3.374730021598273e-06
17,1788868808.1193063,lr/masf.decay,0.0
17,1788868808.1193063,lr/masf.no_decay,0.0
17,1788868808.1193063,lr/neck.decay,1.3498920086393091e-06
17,1788868808.1193063,lr/neck.no_decay,1.3498920086393091e-06
17,1788868808.1193063,lr/pose_head.decay,3.374730021598273e-06
17,1788868808.1193063,lr/pose_head.no_decay,3.374730021598273e-06
17,1788868808.1193063,pose/component_0,0.9887478351593018
17,1788868808.1193063,pose/component_1,0.028391333296895027
17,1788868808.1193063,pose/component_2,0.0013615654315799475
17,1788868808.1193063,pose/component_3,0.24909467995166779
17,1788868808.1193063,pose/component_4,0.002500462345778942
17,1788868808.1193063,pose/component_5,0.0
18,1788868809.2837887,amp/overflow_retries,0.0
18,1788868809.2837887,amp/scale,1024.0
18,1788868809.2837887,detect/component_0,1.053462266921997
18,1788868809.2837887,detect/component_1,0.9735475182533264
18,1788868809.2837887,detect/component_2,0.00677612004801631
18,1788868809.2837887,gradient/clipped_norm,153.1655731201172
18,1788868809.2837887,images/detect,256.0
18,1788868809.2837887,images/pose,16.0
18,1788868809.2837887,loss/backward,107.71494827270507
18,1788868809.2837887,loss/detect_mean,1.823948934674263
18,1788868809.2837887,loss/joint_mean,1.6830460667610168
18,1788868809.2837887,loss/pose_mean,1.1194345951080322
18,1788868809.2837887,lr/attention.decay,0.0
18,1788868809.2837887,lr/attention.no_decay,0.0
18,1788868809.2837887,lr/backbone.decay,0.0
18,1788868809.2837887,lr/backbone.no_decay,0.0
18,1788868809.2837887,lr/detect_head.decay,3.4233261339092875e-06
18,1788868809.2837887,lr/detect_head.no_decay,3.4233261339092875e-06
18,1788868809.2837887,lr/masf.decay,0.0
18,1788868809.2837887,lr/masf.no_decay,0.0
18,1788868809.2837887,lr/neck.decay,1.369330453563715e-06
18,1788868809.2837887,lr/neck.no_decay,1.369330453563715e-06
18,1788868809.2837887,lr/pose_head.decay,3.4233261339092875e-06
18,1788868809.2837887,lr/pose_head.no_decay,3.4233261339092875e-06
18,1788868809.2837887,pose/component_0,0.7782860398292542
18,1788868809.2837887,pose/component_1,0.01029587909579277
18,1788868809.2837887,pose/component_2,0.0019101416692137718
18,1788868809.2837887,pose/component_3,0.3587087392807007
18,1788868809.2837887,pose/component_4,0.0032921340316534042
18,1788868809.2837887,pose/component_5,0.0
19,1788868810.8344357,amp/overflow_retries,0.0
19,1788868810.8344357,amp/scale,1024.0
19,1788868810.8344357,detect/component_0,1.042192816734314
19,1788868810.8344357,detect/component_1,0.9776229858398438
19,1788868810.8344357,detect/component_2,0.006026785355061293
19,1788868810.8344357,gradient/clipped_norm,132.64129638671875
19,1788868810.8344357,images/detect,256.0
19,1788868810.8344357,images/pose,16.0
19,1788868810.8344357,loss/backward,102.58159637451172
19,1788868810.8344357,loss/detect_mean,1.8148113191127777
19,1788868810.8344357,loss/joint_mean,1.6028374433517456
19,1788868810.8344357,loss/pose_mean,0.7549419403076172
19,1788868810.8344357,lr/attention.decay,0.0
19,1788868810.8344357,lr/attention.no_decay,0.0
19,1788868810.8344357,lr/backbone.decay,0.0
19,1788868810.8344357,lr/backbone.no_decay,0.0
19,1788868810.8344357,lr/detect_head.decay,3.471922246220303e-06
19,1788868810.8344357,lr/detect_head.no_decay,3.471922246220303e-06
19,1788868810.8344357,lr/masf.decay,0.0
19,1788868810.8344357,lr/masf.no_decay,0.0
19,1788868810.8344357,lr/neck.decay,1.3887688984881211e-06
19,1788868810.8344357,lr/neck.no_decay,1.3887688984881211e-06
19,1788868810.8344357,lr/pose_head.decay,3.471922246220303e-06
19,1788868810.8344357,lr/pose_head.no_decay,3.471922246220303e-06
19,1788868810.8344357,pose/component_0,0.5355898141860962
19,1788868810.8344357,pose/component_1,0.01332898810505867
19,1788868810.8344357,pose/component_2,0.001340146060101688
19,1788868810.8344357,pose/component_3,0.21579180657863617
19,1788868810.8344357,pose/component_4,0.001653090468607843
19,1788868810.8344357,pose/component_5,0.0
20,1788868812.0057676,amp/overflow_retries,0.0
20,1788868812.0057676,amp/scale,1024.0
20,1788868812.0057676,detect/component_0,0.9824016690254211
20,1788868812.0057676,detect/component_1,0.8898020386695862
20,1788868812.0057676,detect/component_2,0.006391386967152357
20,1788868812.0057676,gradient/clipped_norm,141.34991455078125
20,1788868812.0057676,images/detect,256.0
20,1788868812.0057676,images/pose,16.0
20,1788868812.0057676,loss/backward,96.11989059448243
20,1788868812.0057676,loss/detect_mean,1.6808927804231644
20,1788868812.0057676,loss/joint_mean,1.501873290538788
20,1788868812.0057676,loss/pose_mean,0.7857953310012817
20,1788868812.0057676,lr/attention.decay,0.0
20,1788868812.0057676,lr/attention.no_decay,0.0
20,1788868812.0057676,lr/backbone.decay,0.0
20,1788868812.0057676,lr/backbone.no_decay,0.0
20,1788868812.0057676,lr/detect_head.decay,3.5205183585313174e-06
20,1788868812.0057676,lr/detect_head.no_decay,3.5205183585313174e-06
20,1788868812.0057676,lr/masf.decay,0.0
20,1788868812.0057676,lr/masf.no_decay,0.0
20,1788868812.0057676,lr/neck.decay,1.408207343412527e-06
20,1788868812.0057676,lr/neck.no_decay,1.408207343412527e-06
20,1788868812.0057676,lr/pose_head.decay,3.5205183585313174e-06
20,1788868812.0057676,lr/pose_head.no_decay,3.5205183585313174e-06
20,1788868812.0057676,pose/component_0,0.5674076676368713
20,1788868812.0057676,pose/component_1,0.005797749385237694
20,1788868812.0057676,pose/component_2,0.0025786994956433773
20,1788868812.0057676,pose/component_3,0.17969000339508057
20,1788868812.0057676,pose/component_4,0.0016968600684776902
20,1788868812.0057676,pose/component_5,0.0
21,1788868813.1730275,amp/overflow_retries,0.0
21,1788868813.1730275,amp/scale,1024.0
21,1788868813.1730275,detect/component_0,1.0587468147277832
21,1788868813.1730275,detect/component_1,0.9514244794845581
21,1788868813.1730275,detect/component_2,0.006531787104904652
21,1788868813.1730275,gradient/clipped_norm,135.340087890625
21,1788868813.1730275,images/detect,256.0
21,1788868813.1730275,images/pose,16.0
21,1788868813.1730275,loss/backward,104.22331619262695
21,1788868813.1730275,loss/detect_mean,1.7971467524766922
21,1788868813.1730275,loss/joint_mean,1.6284893155097961
21,1788868813.1730275,loss/pose_mean,0.9538595676422119
21,1788868813.1730275,lr/attention.decay,0.0
21,1788868813.1730275,lr/attention.no_decay,0.0
21,1788868813.1730275,lr/backbone.decay,0.0
21,1788868813.1730275,lr/backbone.no_decay,0.0
21,1788868813.1730275,lr/detect_head.decay,3.569114470842333e-06
21,1788868813.1730275,lr/detect_head.no_decay,3.569114470842333e-06
21,1788868813.1730275,lr/masf.decay,0.0
21,1788868813.1730275,lr/masf.no_decay,0.0
21,1788868813.1730275,lr/neck.decay,1.4276457883369332e-06
21,1788868813.1730275,lr/neck.no_decay,1.4276457883369332e-06
21,1788868813.1730275,lr/pose_head.decay,3.569114470842333e-06
21,1788868813.1730275,lr/pose_head.no_decay,3.569114470842333e-06
21,1788868813.1730275,pose/component_0,0.7041622996330261
21,1788868813.1730275,pose/component_1,0.018330590799450874
21,1788868813.1730275,pose/component_2,0.0031920168548822403
21,1788868813.1730275,pose/component_3,0.2613863945007324
21,1788868813.1730275,pose/component_4,0.0026024701073765755
21,1788868813.1730275,pose/component_5,0.0
22,1788868814.3561292,amp/overflow_retries,0.0
22,1788868814.3561292,amp/scale,1024.0
22,1788868814.3561292,detect/component_0,1.0095646381378174
22,1788868814.3561292,detect/component_1,0.9421132802963257
22,1788868814.3561292,detect/component_2,0.006237099412828684
22,1788868814.3561292,gradient/clipped_norm,121.20391845703125
22,1788868814.3561292,images/detect,256.0
22,1788868814.3561292,images/pose,16.0
22,1788868814.3561292,loss/backward,99.37322540283203
22,1788868814.3561292,loss/detect_mean,1.7547002732753754
22,1788868814.3561292,loss/joint_mean,1.5527066469192505
22,1788868814.3561292,loss/pose_mean,0.744732141494751
22,1788868814.3561292,lr/attention.decay,0.0
22,1788868814.3561292,lr/attention.no_decay,0.0
22,1788868814.3561292,lr/backbone.decay,0.0
22,1788868814.3561292,lr/backbone.no_decay,0.0
22,1788868814.3561292,lr/detect_head.decay,3.617710583153348e-06
22,1788868814.3561292,lr/detect_head.no_decay,3.617710583153348e-06
22,1788868814.3561292,lr/masf.decay,0.0
22,1788868814.3561292,lr/masf.no_decay,0.0
22,1788868814.3561292,lr/neck.decay,1.4470842332613395e-06
22,1788868814.3561292,lr/neck.no_decay,1.4470842332613395e-06
22,1788868814.3561292,lr/pose_head.decay,3.617710583153348e-06
22,1788868814.3561292,lr/pose_head.no_decay,3.617710583153348e-06
22,1788868814.3561292,pose/component_0,0.5295777320861816
22,1788868814.3561292,pose/component_1,0.009922401048243046
22,1788868814.3561292,pose/component_2,0.0027956156991422176
22,1788868814.3561292,pose/component_3,0.22247369587421417
22,1788868814.3561292,pose/component_4,0.001846508588641882
22,1788868814.3561292,pose/component_5,0.0
23,1788868815.526864,amp/overflow_retries,0.0
23,1788868815.526864,amp/scale,1024.0
23,1788868815.526864,detect/component_0,1.1401677131652832
23,1788868815.526864,detect/component_1,0.9822454452514648
23,1788868815.526864,detect/component_2,0.0059966095723211765
23,1788868815.526864,gradient/clipped_norm,157.94845581054688
23,1788868815.526864,images/detect,256.0
23,1788868815.526864,images/pose,16.0
23,1788868815.526864,loss/backward,112.00292053222657
23,1788868815.526864,loss/detect_mean,1.8877353966236115
23,1788868815.526864,loss/joint_mean,1.7500456333160401
23,1788868815.526864,loss/pose_mean,1.1992865800857544
23,1788868815.526864,lr/attention.decay,0.0
23,1788868815.526864,lr/attention.no_decay,0.0
23,1788868815.526864,lr/backbone.decay,0.0
23,1788868815.526864,lr/backbone.no_decay,0.0
23,1788868815.526864,lr/detect_head.decay,3.666306695464363e-06
23,1788868815.526864,lr/detect_head.no_decay,3.666306695464363e-06
23,1788868815.526864,lr/masf.decay,0.0
23,1788868815.526864,lr/masf.no_decay,0.0
23,1788868815.526864,lr/neck.decay,1.4665226781857454e-06
23,1788868815.526864,lr/neck.no_decay,1.4665226781857454e-06
23,1788868815.526864,lr/pose_head.decay,3.666306695464363e-06
23,1788868815.526864,lr/pose_head.no_decay,3.666306695464363e-06
23,1788868815.526864,pose/component_0,0.8539183735847473
23,1788868815.526864,pose/component_1,0.009851247072219849
23,1788868815.526864,pose/component_2,0.0012794251088052988
23,1788868815.526864,pose/component_3,0.40861043334007263
23,1788868815.526864,pose/component_4,0.0016932624857872725
23,1788868815.526864,pose/component_5,0.0
24,1788868816.7021058,amp/overflow_retries,0.0
24,1788868816.7021058,amp/scale,1024.0
24,1788868816.7021058,detect/component_0,1.0806468725204468
24,1788868816.7021058,detect/component_1,0.9390976428985596
24,1788868816.7021058,detect/component_2,0.006267189513891935
24,1788868816.7021058,gradient/clipped_norm,112.16928100585938
24,1788868816.7021058,images/detect,256.0
24,1788868816.7021058,images/pose,16.0
24,1788868816.7021058,loss/backward,103.07520599365235
24,1788868816.7021058,loss/detect_mean,1.816695898771286
24,1788868816.7021058,loss/joint_mean,1.610550093650818
24,1788868816.7021058,loss/pose_mean,0.7859668731689453
24,1788868816.7021058,lr/attention.decay,0.0
24,1788868816.7021058,lr/attention.no_decay,0.0
24,1788868816.7021058,lr/backbone.decay,0.0
24,1788868816.7021058,lr/backbone.no_decay,0.0
24,1788868816.7021058,lr/detect_head.decay,3.7149028077753785e-06
24,1788868816.7021058,lr/detect_head.no_decay,3.7149028077753785e-06
24,1788868816.7021058,lr/masf.decay,0.0
24,1788868816.7021058,lr/masf.no_decay,0.0
24,1788868816.7021058,lr/neck.decay,1.4859611231101515e-06
24,1788868816.7021058,lr/neck.no_decay,1.4859611231101515e-06
24,1788868816.7021058,lr/pose_head.decay,3.7149028077753785e-06
24,1788868816.7021058,lr/pose_head.no_decay,3.7149028077753785e-06
24,1788868816.7021058,pose/component_0,0.6026894450187683
24,1788868816.7021058,pose/component_1,0.020166533067822456
24,1788868816.7021058,pose/component_2,0.0022643546108156443
24,1788868816.7021058,pose/component_3,0.21046815812587738
24,1788868816.7021058,pose/component_4,0.001587156904861331
24,1788868816.7021058,pose/component_5,0.0
25,1788868817.8782403,amp/overflow_retries,0.0
25,1788868817.8782403,amp/scale,1024.0
25,1788868817.8782403,detect/component_0,1.0378056764602661
25,1788868817.8782403,detect/component_1,0.9013860821723938
25,1788868817.8782403,detect/component_2,0.006244049873203039
25,1788868817.8782403,gradient/clipped_norm,178.2763214111328
25,1788868817.8782403,images/detect,256.0
25,1788868817.8782403,images/pose,16.0
25,1788868817.8782403,loss/backward,100.78025588989257
25,1788868817.8782403,loss/detect_mean,1.7401249408721924
25,1788868817.8782403,loss/joint_mean,1.5746914982795714
25,1788868817.8782403,loss/pose_mean,0.9129577279090881
25,1788868817.8782403,lr/attention.decay,0.0
25,1788868817.8782403,lr/attention.no_decay,0.0
25,1788868817.8782403,lr/backbone.decay,0.0
25,1788868817.8782403,lr/backbone.no_decay,0.0
25,1788868817.8782403,lr/detect_head.decay,3.763498920086393e-06
25,1788868817.8782403,lr/detect_head.no_decay,3.763498920086393e-06
25,1788868817.8782403,lr/masf.decay,0.0
25,1788868817.8782403,lr/masf.no_decay,0.0
25,1788868817.8782403,lr/neck.decay,1.5053995680345574e-06
25,1788868817.8782403,lr/neck.no_decay,1.5053995680345574e-06
25,1788868817.8782403,lr/pose_head.decay,3.763498920086393e-06
25,1788868817.8782403,lr/pose_head.no_decay,3.763498920086393e-06
25,1788868817.8782403,pose/component_0,0.6866717338562012
25,1788868817.8782403,pose/component_1,0.013274144381284714
25,1788868817.8782403,pose/component_2,0.0019879250321537256
25,1788868817.8782403,pose/component_3,0.21173858642578125
25,1788868817.8782403,pose/component_4,0.0018158258171752095
25,1788868817.8782403,pose/component_5,0.0
26,1788868819.0388134,amp/overflow_retries,0.0
26,1788868819.0388134,amp/scale,1024.0
26,1788868819.0388134,detect/component_0,0.9708689451217651
26,1788868819.0388134,detect/component_1,0.8646516799926758
26,1788868819.0388134,detect/component_2,0.00672185467556119
26,1788868819.0388134,gradient/clipped_norm,123.96834564208984
26,1788868819.0388134,images/detect,256.0
26,1788868819.0388134,images/pose,16.0
26,1788868819.0388134,loss/backward,96.10369491577148
26,1788868819.0388134,loss/detect_mean,1.663401946425438
26,1788868819.0388134,loss/joint_mean,1.5016202330589294
26,1788868819.0388134,loss/pose_mean,0.8544933795928955
26,1788868819.0388134,lr/attention.decay,0.0
26,1788868819.0388134,lr/attention.no_decay,0.0
26,1788868819.0388134,lr/backbone.decay,0.0
26,1788868819.0388134,lr/backbone.no_decay,0.0
26,1788868819.0388134,lr/detect_head.decay,3.8120950323974085e-06
26,1788868819.0388134,lr/detect_head.no_decay,3.8120950323974085e-06
26,1788868819.0388134,lr/masf.decay,0.0
26,1788868819.0388134,lr/masf.no_decay,0.0
26,1788868819.0388134,lr/neck.decay,1.5248380129589635e-06
26,1788868819.0388134,lr/neck.no_decay,1.5248380129589635e-06
26,1788868819.0388134,lr/pose_head.decay,3.8120950323974085e-06
26,1788868819.0388134,lr/pose_head.no_decay,3.8120950323974085e-06
26,1788868819.0388134,pose/component_0,0.6075092554092407
26,1788868819.0388134,pose/component_1,0.006148445885628462
26,1788868819.0388134,pose/component_2,0.0008504924480803311
26,1788868819.0388134,pose/component_3,0.27099373936653137
26,1788868819.0388134,pose/component_4,0.0015842050779610872
26,1788868819.0388134,pose/component_5,0.0
27,1788868820.208224,amp/overflow_retries,0.0
27,1788868820.208224,amp/scale,1024.0
27,1788868820.208224,detect/component_0,1.0047270059585571
27,1788868820.208224,detect/component_1,0.867814302444458
27,1788868820.208224,detect/component_2,0.006390182767063379
27,1788868820.208224,gradient/clipped_norm,146.9851531982422
27,1788868820.208224,images/detect,256.0
27,1788868820.208224,images/pose,16.0
27,1788868820.208224,loss/backward,95.55651473999023
27,1788868820.208224,loss/detect_mean,1.680770680308342
27,1788868820.208224,loss/joint_mean,1.4930705428123474
27,1788868820.208224,loss/pose_mean,0.7422699928283691
27,1788868820.208224,lr/attention.decay,0.0
27,1788868820.208224,lr/attention.no_decay,0.0
27,1788868820.208224,lr/backbone.decay,0.0
27,1788868820.208224,lr/backbone.no_decay,0.0
27,1788868820.208224,lr/detect_head.decay,3.860691144708424e-06
27,1788868820.208224,lr/detect_head.no_decay,3.860691144708424e-06
27,1788868820.208224,lr/masf.decay,0.0
27,1788868820.208224,lr/masf.no_decay,0.0
27,1788868820.208224,lr/neck.decay,1.5442764578833696e-06
27,1788868820.208224,lr/neck.no_decay,1.5442764578833696e-06
27,1788868820.208224,lr/pose_head.decay,3.860691144708424e-06
27,1788868820.208224,lr/pose_head.no_decay,3.860691144708424e-06
27,1788868820.208224,pose/component_0,0.4874503016471863
27,1788868820.208224,pose/component_1,0.007839632220566273
27,1788868820.208224,pose/component_2,0.012205183506011963
27,1788868820.208224,pose/component_3,0.21830278635025024
27,1788868820.208224,pose/component_4,0.0025126668624579906
27,1788868820.208224,pose/component_5,0.0
28,1788868821.3592846,amp/overflow_retries,0.0
28,1788868821.3592846,amp/scale,1024.0
28,1788868821.3592846,detect/component_0,1.0937786102294922
28,1788868821.3592846,detect/component_1,0.9897066950798035
28,1788868821.3592846,detect/component_2,0.006659805774688721
28,1788868821.3592846,gradient/clipped_norm,150.1697540283203
28,1788868821.3592846,images/detect,256.0
28,1788868821.3592846,images/pose,16.0
28,1788868821.3592846,loss/backward,103.59802703857422
28,1788868821.3592846,loss/detect_mean,1.840256541967392
28,1788868821.3592846,loss/joint_mean,1.6187191724777221
28,1788868821.3592846,loss/pose_mean,0.732569694519043
28,1788868821.3592846,lr/attention.decay,0.0
28,1788868821.3592846,lr/attention.no_decay,0.0
28,1788868821.3592846,lr/backbone.decay,0.0
28,1788868821.3592846,lr/backbone.no_decay,0.0
28,1788868821.3592846,lr/detect_head.decay,3.909287257019438e-06
28,1788868821.3592846,lr/detect_head.no_decay,3.909287257019438e-06
28,1788868821.3592846,lr/masf.decay,0.0
28,1788868821.3592846,lr/masf.no_decay,0.0
28,1788868821.3592846,lr/neck.decay,1.5637149028077755e-06
28,1788868821.3592846,lr/neck.no_decay,1.5637149028077755e-06
28,1788868821.3592846,lr/pose_head.decay,3.909287257019438e-06
28,1788868821.3592846,lr/pose_head.no_decay,3.909287257019438e-06
28,1788868821.3592846,pose/component_0,0.4590083062648773
28,1788868821.3592846,pose/component_1,0.008842089213430882
28,1788868821.3592846,pose/component_2,0.0021258541382849216
28,1788868821.3592846,pose/component_3,0.21548141539096832
28,1788868821.3592846,pose/component_4,0.0020861178636550903
28,1788868821.3592846,pose/component_5,0.0
29,1788868822.5165772,amp/overflow_retries,0.0
29,1788868822.5165772,amp/scale,1024.0
29,1788868822.5165772,detect/component_0,1.1067533493041992
29,1788868822.5165772,detect/component_1,0.9892441034317017
29,1788868822.5165772,detect/component_2,0.006750670727342367
29,1788868822.5165772,gradient/clipped_norm,116.76084899902344
29,1788868822.5165772,images/detect,256.0
29,1788868822.5165772,images/pose,16.0
29,1788868822.5165772,loss/backward,103.60728149414062
29,1788868822.5165772,loss/detect_mean,1.8491123914718628
29,1788868822.5165772,loss/joint_mean,1.6188637733459472
29,1788868822.5165772,loss/pose_mean,0.6978693008422852
29,1788868822.5165772,lr/attention.decay,0.0
29,1788868822.5165772,lr/attention.no_decay,0.0
29,1788868822.5165772,lr/backbone.decay,0.0
29,1788868822.5165772,lr/backbone.no_decay,0.0
29,1788868822.5165772,lr/detect_head.decay,3.957883369330454e-06
29,1788868822.5165772,lr/detect_head.no_decay,3.957883369330454e-06
29,1788868822.5165772,lr/masf.decay,0.0
29,1788868822.5165772,lr/masf.no_decay,0.0
29,1788868822.5165772,lr/neck.decay,1.5831533477321816e-06
29,1788868822.5165772,lr/neck.no_decay,1.5831533477321816e-06
29,1788868822.5165772,lr/pose_head.decay,3.957883369330454e-06
29,1788868822.5165772,lr/pose_head.no_decay,3.957883369330454e-06
29,1788868822.5165772,pose/component_0,0.5125730037689209
29,1788868822.5165772,pose/component_1,0.01228269748389721
29,1788868822.5165772,pose/component_2,0.0015727455029264092
29,1788868822.5165772,pose/component_3,0.14801213145256042
29,1788868822.5165772,pose/component_4,0.001542485784739256
29,1788868822.5165772,pose/component_5,0.0
30,1788868823.6823535,amp/overflow_retries,0.0
30,1788868823.6823535,amp/scale,1024.0
30,1788868823.6823535,detect/component_0,1.052048921585083
30,1788868823.6823535,detect/component_1,0.9067862033843994
30,1788868823.6823535,detect/component_2,0.006429737899452448
30,1788868823.6823535,gradient/clipped_norm,140.29356384277344
30,1788868823.6823535,images/detect,256.0
30,1788868823.6823535,images/pose,16.0
30,1788868823.6823535,loss/backward,101.43944702148437
30,1788868823.6823535,loss/detect_mean,1.7415997236967087
30,1788868823.6823535,loss/joint_mean,1.5849913597106933
30,1788868823.6823535,loss/pose_mean,0.9585579037666321
30,1788868823.6823535,lr/attention.decay,0.0
30,1788868823.6823535,lr/attention.no_decay,0.0
30,1788868823.6823535,lr/backbone.decay,0.0
30,1788868823.6823535,lr/backbone.no_decay,0.0
30,1788868823.6823535,lr/detect_head.decay,4.006479481641469e-06
30,1788868823.6823535,lr/detect_head.no_decay,4.006479481641469e-06
30,1788868823.6823535,lr/masf.decay,0.0
30,1788868823.6823535,lr/masf.no_decay,0.0
30,1788868823.6823535,lr/neck.decay,1.6025917926565875e-06
30,1788868823.6823535,lr/neck.no_decay,1.6025917926565875e-06
30,1788868823.6823535,lr/pose_head.decay,4.006479481641469e-06
30,1788868823.6823535,lr/pose_head.no_decay,4.006479481641469e-06
30,1788868823.6823535,pose/component_0,0.7081286907196045
30,1788868823.6823535,pose/component_1,0.013884885236620903
30,1788868823.6823535,pose/component_2,0.0026330675464123487
30,1788868823.6823535,pose/component_3,0.22102025151252747
30,1788868823.6823535,pose/component_4,0.0017727755475789309
30,1788868823.6823535,pose/component_5,0.0
31,1788868824.8608963,amp/overflow_retries,0.0
31,1788868824.8608963,amp/scale,1024.0
31,1788868824.8608963,detect/component_0,1.0056473016738892
31,1788868824.8608963,detect/component_1,0.9250903129577637
31,1788868824.8608963,detect/component_2,0.006500125862658024
31,1788868824.8608963,gradient/clipped_norm,178.0538330078125
31,1788868824.8608963,images/detect,256.0
31,1788868824.8608963,images/pose,16.0
31,1788868824.8608963,loss/backward,100.12452545166016
31,1788868824.8608963,loss/detect_mean,1.7225608825683594
31,1788868824.8608963,loss/joint_mean,1.56444571018219
31,1788868824.8608963,loss/pose_mean,0.9319850206375122
31,1788868824.8608963,lr/attention.decay,0.0
31,1788868824.8608963,lr/attention.no_decay,0.0
31,1788868824.8608963,lr/backbone.decay,0.0
31,1788868824.8608963,lr/backbone.no_decay,0.0
31,1788868824.8608963,lr/detect_head.decay,4.0550755939524845e-06
31,1788868824.8608963,lr/detect_head.no_decay,4.0550755939524845e-06
31,1788868824.8608963,lr/masf.decay,0.0
31,1788868824.8608963,lr/masf.no_decay,0.0
31,1788868824.8608963,lr/neck.decay,1.6220302375809939e-06
31,1788868824.8608963,lr/neck.no_decay,1.6220302375809939e-06
31,1788868824.8608963,lr/pose_head.decay,4.0550755939524845e-06
31,1788868824.8608963,lr/pose_head.no_decay,4.0550755939524845e-06
31,1788868824.8608963,pose/component_0,0.5989841818809509
31,1788868824.8608963,pose/component_1,0.004454951733350754
31,1788868824.8608963,pose/component_2,0.05834174156188965
31,1788868824.8608963,pose/component_3,0.27826735377311707
31,1788868824.8608963,pose/component_4,0.002290217438712716
31,1788868824.8608963,pose/component_5,0.0
32,1788868826.0298011,amp/overflow_retries,0.0
32,1788868826.0298011,amp/scale,1024.0
32,1788868826.0298011,detect/component_0,1.0450403690338135
32,1788868826.0298011,detect/component_1,0.8893832564353943
32,1788868826.0298011,detect/component_2,0.006677116733044386
32,1788868826.0298011,gradient/clipped_norm,134.78721618652344
32,1788868826.0298011,images/detect,256.0
32,1788868826.0298011,images/pose,16.0
32,1788868826.0298011,loss/backward,102.45531158447265
32,1788868826.0298011,loss/detect_mean,1.739558070898056
32,1788868826.0298011,loss/joint_mean,1.6008642435073852
32,1788868826.0298011,loss/pose_mean,1.0460889339447021
32,1788868826.0298011,lr/attention.decay,0.0
32,1788868826.0298011,lr/attention.no_decay,0.0
32,1788868826.0298011,lr/backbone.decay,0.0
32,1788868826.0298011,lr/backbone.no_decay,0.0
32,1788868826.0298011,lr/detect_head.decay,4.1036717062635e-06
32,1788868826.0298011,lr/detect_head.no_decay,4.1036717062635e-06
32,1788868826.0298011,lr/masf.decay,0.0
32,1788868826.0298011,lr/masf.no_decay,0.0
32,1788868826.0298011,lr/neck.decay,1.6414686825054e-06
32,1788868826.0298011,lr/neck.no_decay,1.6414686825054e-06
32,1788868826.0298011,lr/pose_head.decay,4.1036717062635e-06
32,1788868826.0298011,lr/pose_head.no_decay,4.1036717062635e-06
32,1788868826.0298011,pose/component_0,0.8945812582969666
32,1788868826.0298011,pose/component_1,0.010747522115707397
32,1788868826.0298011,pose/component_2,0.0009392397478222847
32,1788868826.0298011,pose/component_3,0.2333114892244339
32,1788868826.0298011,pose/component_4,0.002016426296904683
32,1788868826.0298011,pose/component_5,0.0
33,1788868827.195092,amp/overflow_retries,0.0
33,1788868827.195092,amp/scale,1024.0
33,1788868827.195092,detect/component_0,1.0341204404830933
33,1788868827.195092,detect/component_1,0.9055361747741699
33,1788868827.195092,detect/component_2,0.006684320978820324
33,1788868827.195092,gradient/clipped_norm,141.3177490234375
33,1788868827.195092,images/detect,256.0
33,1788868827.195092,images/pose,16.0
33,1788868827.195092,loss/backward,102.91200790405273
33,1788868827.195092,loss/detect_mean,1.7634627372026443
33,1788868827.195092,loss/joint_mean,1.6080001235008239
33,1788868827.195092,loss/pose_mean,0.9861496686935425
33,1788868827.195092,lr/attention.decay,0.0
33,1788868827.195092,lr/attention.no_decay,0.0
33,1788868827.195092,lr/backbone.decay,0.0
33,1788868827.195092,lr/backbone.no_decay,0.0
33,1788868827.195092,lr/detect_head.decay,4.1522678185745145e-06
33,1788868827.195092,lr/detect_head.no_decay,4.1522678185745145e-06
33,1788868827.195092,lr/masf.decay,0.0
33,1788868827.195092,lr/masf.no_decay,0.0
33,1788868827.195092,lr/neck.decay,1.6609071274298059e-06
33,1788868827.195092,lr/neck.no_decay,1.6609071274298059e-06
33,1788868827.195092,lr/pose_head.decay,4.1522678185745145e-06
33,1788868827.195092,lr/pose_head.no_decay,4.1522678185745145e-06
33,1788868827.195092,pose/component_0,0.6366070508956909
33,1788868827.195092,pose/component_1,0.011316651478409767
33,1788868827.195092,pose/component_2,0.11669476330280304
33,1788868827.195092,pose/component_3,0.2754756510257721
33,1788868827.195092,pose/component_4,0.001950195524841547
33,1788868827.195092,pose/component_5,0.0
34,1788868828.3600984,amp/overflow_retries,0.0
34,1788868828.3600984,amp/scale,1024.0
34,1788868828.3600984,detect/component_0,1.019550085067749
34,1788868828.3600984,detect/component_1,0.9575791358947754
34,1788868828.3600984,detect/component_2,0.006188084837049246
34,1788868828.3600984,gradient/clipped_norm,135.33444213867188
34,1788868828.3600984,images/detect,256.0
34,1788868828.3600984,images/pose,16.0
34,1788868828.3600984,loss/backward,104.71026229858398
34,1788868828.3600984,loss/detect_mean,1.750693067908287
34,1788868828.3600984,loss/joint_mean,1.6360978484153748
34,1788868828.3600984,loss/pose_mean,1.1777169704437256
34,1788868828.3600984,lr/attention.decay,0.0
34,1788868828.3600984,lr/attention.no_decay,0.0
34,1788868828.3600984,lr/backbone.decay,0.0
34,1788868828.3600984,lr/backbone.no_decay,0.0
34,1788868828.3600984,lr/detect_head.decay,4.200863930885529e-06
34,1788868828.3600984,lr/detect_head.no_decay,4.200863930885529e-06
34,1788868828.3600984,lr/masf.decay,0.0
34,1788868828.3600984,lr/masf.no_decay,0.0
34,1788868828.3600984,lr/neck.decay,1.6803455723542118e-06
34,1788868828.3600984,lr/neck.no_decay,1.6803455723542118e-06
34,1788868828.3600984,lr/pose_head.decay,4.200863930885529e-06
34,1788868828.3600984,lr/pose_head.no_decay,4.200863930885529e-06
34,1788868828.3600984,pose/component_0,0.8401074409484863
34,1788868828.3600984,pose/component_1,0.020132331177592278
34,1788868828.3600984,pose/component_2,0.0763203427195549
34,1788868828.3600984,pose/component_3,0.27066728472709656
34,1788868828.3600984,pose/component_4,0.0018289029831066728
34,1788868828.3600984,pose/component_5,0.0
35,1788868829.5476806,amp/overflow_retries,0.0
35,1788868829.5476806,amp/scale,1024.0
35,1788868829.5476806,detect/component_0,1.0136723518371582
35,1788868829.5476806,detect/component_1,0.9144971370697021
35,1788868829.5476806,detect/component_2,0.006191469728946686
35,1788868829.5476806,gradient/clipped_norm,138.57383728027344
35,1788868829.5476806,images/detect,256.0
35,1788868829.5476806,images/pose,16.0
35,1788868829.5476806,loss/backward,102.0445327758789
35,1788868829.5476806,loss/detect_mean,1.7191698551177979
35,1788868829.5476806,loss/joint_mean,1.594445824623108
35,1788868829.5476806,loss/pose_mean,1.0955497026443481
35,1788868829.5476806,lr/attention.decay,0.0
35,1788868829.5476806,lr/attention.no_decay,0.0
35,1788868829.5476806,lr/backbone.decay,0.0
35,1788868829.5476806,lr/backbone.no_decay,0.0
35,1788868829.5476806,lr/detect_head.decay,4.249460043196544e-06
35,1788868829.5476806,lr/detect_head.no_decay,4.249460043196544e-06
35,1788868829.5476806,lr/masf.decay,0.0
35,1788868829.5476806,lr/masf.no_decay,0.0
35,1788868829.5476806,lr/neck.decay,1.6997840172786179e-06
35,1788868829.5476806,lr/neck.no_decay,1.6997840172786179e-06
35,1788868829.5476806,lr/pose_head.decay,4.249460043196544e-06
35,1788868829.5476806,lr/pose_head.no_decay,4.249460043196544e-06
35,1788868829.5476806,pose/component_0,0.8053359985351562
35,1788868829.5476806,pose/component_1,0.012040683999657631
35,1788868829.5476806,pose/component_2,0.0015288225840777159
35,1788868829.5476806,pose/component_3,0.2806650400161743
35,1788868829.5476806,pose/component_4,0.0015879282727837563
35,1788868829.5476806,pose/component_5,0.0
36,1788868830.714741,amp/overflow_retries,0.0
36,1788868830.714741,amp/scale,1024.0
36,1788868830.714741,detect/component_0,1.1274967193603516
36,1788868830.714741,detect/component_1,0.9945051670074463
36,1788868830.714741,detect/component_2,0.006620288826525211
36,1788868830.714741,gradient/clipped_norm,140.48097229003906
36,1788868830.714741,images/detect,256.0
36,1788868830.714741,images/pose,16.0
36,1788868830.714741,loss/backward,107.8465690612793
36,1788868830.714741,loss/detect_mean,1.8833040744066238
36,1788868830.714741,loss/joint_mean,1.685102641582489
36,1788868830.714741,loss/pose_mean,0.8922969102859497
36,1788868830.714741,lr/attention.decay,0.0
36,1788868830.714741,lr/attention.no_decay,0.0
36,1788868830.714741,lr/backbone.decay,0.0
36,1788868830.714741,lr/backbone.no_decay,0.0
36,1788868830.714741,lr/detect_head.decay,4.29805615550756e-06
36,1788868830.714741,lr/detect_head.no_decay,4.29805615550756e-06
36,1788868830.714741,lr/masf.decay,0.0
36,1788868830.714741,lr/masf.no_decay,0.0
36,1788868830.714741,lr/neck.decay,1.719222462203024e-06
36,1788868830.714741,lr/neck.no_decay,1.719222462203024e-06
36,1788868830.714741,lr/pose_head.decay,4.29805615550756e-06
36,1788868830.714741,lr/pose_head.no_decay,4.29805615550756e-06
36,1788868830.714741,pose/component_0,0.5923430323600769
36,1788868830.714741,pose/component_1,0.0067707085981965065
36,1788868830.714741,pose/component_2,0.011449181474745274
36,1788868830.714741,pose/component_3,0.28224581480026245
36,1788868830.714741,pose/component_4,0.0024858787655830383
36,1788868830.714741,pose/component_5,0.0
37,1788868831.89155,amp/overflow_retries,0.0
37,1788868831.89155,amp/scale,1024.0
37,1788868831.89155,detect/component_0,1.0851163864135742
37,1788868831.89155,detect/component_1,1.0273419618606567
37,1788868831.89155,detect/component_2,0.005961551796644926
37,1788868831.89155,gradient/clipped_norm,132.23626708984375
37,1788868831.89155,images/detect,256.0
37,1788868831.89155,images/pose,16.0
37,1788868831.89155,loss/backward,113.67991409301757
37,1788868831.89155,loss/detect_mean,1.8721805661916733
37,1788868831.89155,loss/joint_mean,1.7762486577033996
37,1788868831.89155,loss/pose_mean,1.3925210237503052
37,1788868831.89155,lr/attention.decay,0.0
37,1788868831.89155,lr/attention.no_decay,0.0
37,1788868831.89155,lr/backbone.decay,0.0
37,1788868831.89155,lr/backbone.no_decay,0.0
37,1788868831.89155,lr/detect_head.decay,4.346652267818575e-06
37,1788868831.89155,lr/detect_head.no_decay,4.346652267818575e-06
37,1788868831.89155,lr/masf.decay,0.0
37,1788868831.89155,lr/masf.no_decay,0.0
37,1788868831.89155,lr/neck.decay,1.7386609071274301e-06
37,1788868831.89155,lr/neck.no_decay,1.7386609071274301e-06
37,1788868831.89155,lr/pose_head.decay,4.346652267818575e-06
37,1788868831.89155,lr/pose_head.no_decay,4.346652267818575e-06
37,1788868831.89155,pose/component_0,0.926020622253418
37,1788868831.89155,pose/component_1,0.016178835183382034
37,1788868831.89155,pose/component_2,0.164653941988945
37,1788868831.89155,pose/component_3,0.3497883379459381
37,1788868831.89155,pose/component_4,0.002217707224190235
37,1788868831.89155,pose/component_5,0.0
38,1788868833.0528312,amp/overflow_retries,0.0
38,1788868833.0528312,amp/scale,1024.0
38,1788868833.0528312,detect/component_0,1.0220115184783936
38,1788868833.0528312,detect/component_1,0.9399328231811523
38,1788868833.0528312,detect/component_2,0.0064134737476706505
38,1788868833.0528312,gradient/clipped_norm,133.20684814453125
38,1788868833.0528312,images/detect,256.0
38,1788868833.0528312,images/pose,16.0
38,1788868833.0528312,loss/backward,102.43414916992188
38,1788868833.0528312,loss/detect_mean,1.757262259721756
38,1788868833.0528312,loss/joint_mean,1.6005335807800294
38,1788868833.0528312,loss/pose_mean,0.9736188650131226
38,1788868833.0528312,lr/attention.decay,0.0
38,1788868833.0528312,lr/attention.no_decay,0.0
38,1788868833.0528312,lr/backbone.decay,0.0
38,1788868833.0528312,lr/backbone.no_decay,0.0
38,1788868833.0528312,lr/detect_head.decay,4.39524838012959e-06
38,1788868833.0528312,lr/detect_head.no_decay,4.39524838012959e-06
38,1788868833.0528312,lr/masf.decay,0.0
38,1788868833.0528312,lr/masf.no_decay,0.0
38,1788868833.0528312,lr/neck.decay,1.758099352051836e-06
38,1788868833.0528312,lr/neck.no_decay,1.758099352051836e-06
38,1788868833.0528312,lr/pose_head.decay,4.39524838012959e-06
38,1788868833.0528312,lr/pose_head.no_decay,4.39524838012959e-06
38,1788868833.0528312,pose/component_0,0.8063227534294128
38,1788868833.0528312,pose/component_1,0.028519921004772186
38,1788868833.0528312,pose/component_2,0.008301620371639729
38,1788868833.0528312,pose/component_3,0.21787388622760773
38,1788868833.0528312,pose/component_4,0.0022005420178174973
38,1788868833.0528312,pose/component_5,0.0
39,1788868834.2140236,amp/overflow_retries,0.0
39,1788868834.2140236,amp/scale,1024.0
39,1788868834.2140236,detect/component_0,1.148411750793457
39,1788868834.2140236,detect/component_1,0.996636688709259
39,1788868834.2140236,detect/component_2,0.006024456582963467
39,1788868834.2140236,gradient/clipped_norm,136.78358459472656
39,1788868834.2140236,images/detect,256.0
39,1788868834.2140236,images/pose,16.0
39,1788868834.2140236,loss/backward,109.57574920654297
39,1788868834.2140236,loss/detect_mean,1.9010681509971619
39,1788868834.2140236,loss/joint_mean,1.7121210813522338
39,1788868834.2140236,loss/pose_mean,0.956332802772522
39,1788868834.2140236,lr/attention.decay,0.0
39,1788868834.2140236,lr/attention.no_decay,0.0
39,1788868834.2140236,lr/backbone.decay,0.0
39,1788868834.2140236,lr/backbone.no_decay,0.0
39,1788868834.2140236,lr/detect_head.decay,4.443844492440605e-06
39,1788868834.2140236,lr/detect_head.no_decay,4.443844492440605e-06
39,1788868834.2140236,lr/masf.decay,0.0
39,1788868834.2140236,lr/masf.no_decay,0.0
39,1788868834.2140236,lr/neck.decay,1.777537796976242e-06
39,1788868834.2140236,lr/neck.no_decay,1.777537796976242e-06
39,1788868834.2140236,lr/pose_head.decay,4.443844492440605e-06
39,1788868834.2140236,lr/pose_head.no_decay,4.443844492440605e-06
39,1788868834.2140236,pose/component_0,0.7089886665344238
39,1788868834.2140236,pose/component_1,0.00879514217376709
39,1788868834.2140236,pose/component_2,0.0018414841033518314
39,1788868834.2140236,pose/component_3,0.29148221015930176
39,1788868834.2140236,pose/component_4,0.0016404292546212673
39,1788868834.2140236,pose/component_5,0.0
40,1788868835.381179,amp/overflow_retries,0.0
40,1788868835.381179,amp/scale,1024.0
40,1788868835.381179,detect/component_0,1.049195647239685
40,1788868835.381179,detect/component_1,0.9311660528182983
40,1788868835.381179,detect/component_2,0.006205572281032801
40,1788868835.381179,gradient/clipped_norm,120.9344711303711
40,1788868835.381179,images/detect,256.0
40,1788868835.381179,images/pose,16.0
40,1788868835.381179,loss/backward,101.35048751831054
40,1788868835.381179,loss/detect_mean,1.7677689343690872
40,1788868835.381179,loss/joint_mean,1.5836013674736023
40,1788868835.381179,loss/pose_mean,0.8469310998916626
40,1788868835.381179,lr/attention.decay,0.0
40,1788868835.381179,lr/attention.no_decay,0.0
40,1788868835.381179,lr/backbone.decay,0.0
40,1788868835.381179,lr/backbone.no_decay,0.0
40,1788868835.381179,lr/detect_head.decay,4.4924406047516205e-06
40,1788868835.381179,lr/detect_head.no_decay,4.4924406047516205e-06
40,1788868835.381179,lr/masf.decay,0.0
40,1788868835.381179,lr/masf.no_decay,0.0
40,1788868835.381179,lr/neck.decay,1.796976241900648e-06
40,1788868835.381179,lr/neck.no_decay,1.796976241900648e-06
40,1788868835.381179,lr/pose_head.decay,4.4924406047516205e-06
40,1788868835.381179,lr/pose_head.no_decay,4.4924406047516205e-06
40,1788868835.381179,pose/component_0,0.6342875957489014
40,1788868835.381179,pose/component_1,0.008767452090978622
40,1788868835.381179,pose/component_2,0.00708355288952589
40,1788868835.381179,pose/component_3,0.22426572442054749
40,1788868835.381179,pose/component_4,0.002135812770575285
40,1788868835.381179,pose/component_5,0.0
41,1788868836.5648217,amp/overflow_retries,0.0
41,1788868836.5648217,amp/scale,1024.0
41,1788868836.5648217,detect/component_0,1.0584462881088257
41,1788868836.5648217,detect/component_1,0.915176510810852
41,1788868836.5648217,detect/component_2,0.006415973417460918
41,1788868836.5648217,gradient/clipped_norm,122.87168884277344
41,1788868836.5648217,images/detect,256.0
41,1788868836.5648217,images/pose,16.0
41,1788868836.5648217,loss/backward,101.19014358520508
41,1788868836.5648217,loss/detect_mean,1.7639981806278229
41,1788868836.5648217,loss/joint_mean,1.5810959935188293
41,1788868836.5648217,loss/pose_mean,0.8494872450828552
41,1788868836.5648217,lr/attention.decay,0.0
41,1788868836.5648217,lr/attention.no_decay,0.0
41,1788868836.5648217,lr/backbone.decay,0.0
41,1788868836.5648217,lr/backbone.no_decay,0.0
41,1788868836.5648217,lr/detect_head.decay,4.541036717062636e-06
41,1788868836.5648217,lr/detect_head.no_decay,4.541036717062636e-06
41,1788868836.5648217,lr/masf.decay,0.0
41,1788868836.5648217,lr/masf.no_decay,0.0
41,1788868836.5648217,lr/neck.decay,1.8164146868250544e-06
41,1788868836.5648217,lr/neck.no_decay,1.8164146868250544e-06
41,1788868836.5648217,lr/pose_head.decay,4.541036717062636e-06
41,1788868836.5648217,lr/pose_head.no_decay,4.541036717062636e-06
41,1788868836.5648217,pose/component_0,0.6380852460861206
41,1788868836.5648217,pose/component_1,0.017257798463106155
41,1788868836.5648217,pose/component_2,0.0016373035032302141
41,1788868836.5648217,pose/component_3,0.16629737615585327
41,1788868836.5648217,pose/component_4,0.0023179142735898495
41,1788868836.5648217,pose/component_5,0.0
42,1788868837.748082,amp/overflow_retries,0.0
42,1788868837.748082,amp/scale,1024.0
42,1788868837.748082,detect/component_0,1.047420859336853
42,1788868837.748082,detect/component_1,0.9100390076637268
42,1788868837.748082,detect/component_2,0.006498602218925953
42,1788868837.748082,gradient/clipped_norm,114.72383880615234
42,1788868837.748082,images/detect,256.0
42,1788868837.748082,images/pose,16.0
42,1788868837.748082,loss/backward,98.56595001220703
42,1788868837.748082,loss/detect_mean,1.752505898475647
42,1788868837.748082,loss/joint_mean,1.5400929689407348
42,1788868837.748082,loss/pose_mean,0.6904412508010864
42,1788868837.748082,lr/attention.decay,0.0
42,1788868837.748082,lr/attention.no_decay,0.0
42,1788868837.748082,lr/backbone.decay,0.0
42,1788868837.748082,lr/backbone.no_decay,0.0
42,1788868837.748082,lr/detect_head.decay,4.589632829373651e-06
42,1788868837.748082,lr/detect_head.no_decay,4.589632829373651e-06
42,1788868837.748082,lr/masf.decay,0.0
42,1788868837.748082,lr/masf.no_decay,0.0
42,1788868837.748082,lr/neck.decay,1.8358531317494605e-06
42,1788868837.748082,lr/neck.no_decay,1.8358531317494605e-06
42,1788868837.748082,lr/pose_head.decay,4.589632829373651e-06
42,1788868837.748082,lr/pose_head.no_decay,4.589632829373651e-06
42,1788868837.748082,pose/component_0,0.4886564016342163
42,1788868837.748082,pose/component_1,0.012699296697974205
42,1788868837.748082,pose/component_2,0.0020090327598154545
42,1788868837.748082,pose/component_3,0.1601136475801468
42,1788868837.748082,pose/component_4,0.0036519314162433147
42,1788868837.748082,pose/component_5,0.0
43,1788868838.9153376,amp/overflow_retries,0.0
43,1788868838.9153376,amp/scale,1024.0
43,1788868838.9153376,detect/component_0,1.037460207939148
43,1788868838.9153376,detect/component_1,0.9685875177383423
43,1788868838.9153376,detect/component_2,0.006183244753628969
43,1788868838.9153376,gradient/clipped_norm,153.51515197753906
43,1788868838.9153376,images/detect,256.0
43,1788868838.9153376,images/pose,16.0
43,1788868838.9153376,loss/backward,104.98307266235352
43,1788868838.9153376,loss/detect_mean,1.7827998846769333
43,1788868838.9153376,loss/joint_mean,1.6403605103492738
43,1788868838.9153376,loss/pose_mean,1.0706030130386353
43,1788868838.9153376,lr/attention.decay,0.0
43,1788868838.9153376,lr/attention.no_decay,0.0
43,1788868838.9153376,lr/backbone.decay,0.0
43,1788868838.9153376,lr/backbone.no_decay,0.0
43,1788868838.9153376,lr/detect_head.decay,4.638228941684666e-06
43,1788868838.9153376,lr/detect_head.no_decay,4.638228941684666e-06
43,1788868838.9153376,lr/masf.decay,0.0
43,1788868838.9153376,lr/masf.no_decay,0.0
43,1788868838.9153376,lr/neck.decay,1.8552915766738664e-06
43,1788868838.9153376,lr/neck.no_decay,1.8552915766738664e-06
43,1788868838.9153376,lr/pose_head.decay,4.638228941684666e-06
43,1788868838.9153376,lr/pose_head.no_decay,4.638228941684666e-06
43,1788868838.9153376,pose/component_0,0.7184873819351196
43,1788868838.9153376,pose/component_1,0.014769262634217739
43,1788868838.9153376,pose/component_2,0.008663173764944077
43,1788868838.9153376,pose/component_3,0.28353041410446167
43,1788868838.9153376,pose/component_4,0.0018327103462070227
43,1788868838.9153376,pose/component_5,0.0
44,1788868840.0887544,amp/overflow_retries,0.0
44,1788868840.0887544,amp/scale,1024.0
44,1788868840.0887544,detect/component_0,1.0655457973480225
44,1788868840.0887544,detect/component_1,0.9893152713775635
44,1788868840.0887544,detect/component_2,0.0065990230068564415
44,1788868840.0887544,gradient/clipped_norm,120.15032196044922
44,1788868840.0887544,images/detect,256.0
44,1788868840.0887544,images/pose,16.0
44,1788868840.0887544,loss/backward,104.7630111694336
44,1788868840.0887544,loss/detect_mean,1.8340274691581726
44,1788868840.0887544,loss/joint_mean,1.6369220495224
44,1788868840.0887544,loss/pose_mean,0.8485003709793091
44,1788868840.0887544,lr/attention.decay,0.0
44,1788868840.0887544,lr/attention.no_decay,0.0
44,1788868840.0887544,lr/backbone.decay,0.0
44,1788868840.0887544,lr/backbone.no_decay,0.0
44,1788868840.0887544,lr/detect_head.decay,4.68682505399568e-06
44,1788868840.0887544,lr/detect_head.no_decay,4.68682505399568e-06
44,1788868840.0887544,lr/masf.decay,0.0
44,1788868840.0887544,lr/masf.no_decay,0.0
44,1788868840.0887544,lr/neck.decay,1.8747300215982723e-06
44,1788868840.0887544,lr/neck.no_decay,1.8747300215982723e-06
44,1788868840.0887544,lr/pose_head.decay,4.68682505399568e-06
44,1788868840.0887544,lr/pose_head.no_decay,4.68682505399568e-06
44,1788868840.0887544,pose/component_0,0.6403493285179138
44,1788868840.0887544,pose/component_1,0.022541020065546036
44,1788868840.0887544,pose/component_2,0.0028846014756709337
44,1788868840.0887544,pose/component_3,0.21627217531204224
44,1788868840.0887544,pose/component_4,0.0024721845984458923
44,1788868840.0887544,pose/component_5,0.0
45,1788868841.2586348,amp/overflow_retries,0.0
45,1788868841.2586348,amp/scale,1024.0
45,1788868841.2586348,detect/component_0,1.0896992683410645
45,1788868841.2586348,detect/component_1,0.9895861148834229
45,1788868841.2586348,detect/component_2,0.006225938908755779
45,1788868841.2586348,gradient/clipped_norm,126.03113555908203
45,1788868841.2586348,images/detect,256.0
45,1788868841.2586348,images/pose,16.0
45,1788868841.2586348,loss/backward,106.00517959594727
45,1788868841.2586348,loss/detect_mean,1.8397819846868515
45,1788868841.2586348,loss/joint_mean,1.656330931186676
45,1788868841.2586348,loss/pose_mean,0.9225267171859741
45,1788868841.2586348,lr/attention.decay,0.0
45,1788868841.2586348,lr/attention.no_decay,0.0
45,1788868841.2586348,lr/backbone.decay,0.0
45,1788868841.2586348,lr/backbone.no_decay,0.0
45,1788868841.2586348,lr/detect_head.decay,4.735421166306696e-06
45,1788868841.2586348,lr/detect_head.no_decay,4.735421166306696e-06
45,1788868841.2586348,lr/masf.decay,0.0
45,1788868841.2586348,lr/masf.no_decay,0.0
45,1788868841.2586348,lr/neck.decay,1.8941684665226784e-06
45,1788868841.2586348,lr/neck.no_decay,1.8941684665226784e-06
45,1788868841.2586348,lr/pose_head.decay,4.735421166306696e-06
45,1788868841.2586348,lr/pose_head.no_decay,4.735421166306696e-06
45,1788868841.2586348,pose/component_0,0.6451945304870605
45,1788868841.2586348,pose/component_1,0.00827677920460701
45,1788868841.2586348,pose/component_2,0.0020176242105662823
45,1788868841.2586348,pose/component_3,0.26699694991111755
45,1788868841.2586348,pose/component_4,0.002058174693956971
45,1788868841.2586348,pose/component_5,0.0
46,1788868842.4241543,amp/overflow_retries,0.0
46,1788868842.4241543,amp/scale,1024.0
46,1788868842.4241543,detect/component_0,1.077216386795044
46,1788868842.4241543,detect/component_1,0.9497142434120178
46,1788868842.4241543,detect/component_2,0.0059698824770748615
46,1788868842.4241543,gradient/clipped_norm,131.9291534423828
46,1788868842.4241543,images/detect,256.0
46,1788868842.4241543,images/pose,16.0
46,1788868842.4241543,loss/backward,102.16420440673828
46,1788868842.4241543,loss/detect_mean,1.8010450303554535
46,1788868842.4241543,loss/joint_mean,1.5963156938552856
46,1788868842.4241543,loss/pose_mean,0.7773983478546143
46,1788868842.4241543,lr/attention.decay,0.0
46,1788868842.4241543,lr/attention.no_decay,0.0
46,1788868842.4241543,lr/backbone.decay,0.0
46,1788868842.4241543,lr/backbone.no_decay,0.0
46,1788868842.4241543,lr/detect_head.decay,4.784017278617711e-06
46,1788868842.4241543,lr/detect_head.no_decay,4.784017278617711e-06
46,1788868842.4241543,lr/masf.decay,0.0
46,1788868842.4241543,lr/masf.no_decay,0.0
46,1788868842.4241543,lr/neck.decay,1.9136069114470847e-06
46,1788868842.4241543,lr/neck.no_decay,1.9136069114470847e-06
46,1788868842.4241543,lr/pose_head.decay,4.784017278617711e-06
46,1788868842.4241543,lr/pose_head.no_decay,4.784017278617711e-06
46,1788868842.4241543,pose/component_0,0.5150209069252014
46,1788868842.4241543,pose/component_1,0.006604162976145744
46,1788868842.4241543,pose/component_2,0.0017637349665164948
46,1788868842.4241543,pose/component_3,0.22375600039958954
46,1788868842.4241543,pose/component_4,0.0025503779761493206
46,1788868842.4241543,pose/component_5,0.0
47,1788868843.5885856,amp/overflow_retries,0.0
47,1788868843.5885856,amp/scale,1024.0
47,1788868843.5885856,detect/component_0,1.0193144083023071
47,1788868843.5885856,detect/component_1,0.9375308156013489
47,1788868843.5885856,detect/component_2,0.006305119022727013
47,1788868843.5885856,gradient/clipped_norm,122.41995239257812
47,1788868843.5885856,images/detect,256.0
47,1788868843.5885856,images/pose,16.0
47,1788868843.5885856,loss/backward,99.4405387878418
47,1788868843.5885856,loss/detect_mean,1.7517122626304626
47,1788868843.5885856,loss/joint_mean,1.5537584185600282
47,1788868843.5885856,loss/pose_mean,0.7619430422782898
47,1788868843.5885856,lr/attention.decay,0.0
47,1788868843.5885856,lr/attention.no_decay,0.0
47,1788868843.5885856,lr/backbone.decay,0.0
47,1788868843.5885856,lr/backbone.no_decay,0.0
47,1788868843.5885856,lr/detect_head.decay,4.8326133909287265e-06
47,1788868843.5885856,lr/detect_head.no_decay,4.8326133909287265e-06
47,1788868843.5885856,lr/masf.decay,0.0
47,1788868843.5885856,lr/masf.no_decay,0.0
47,1788868843.5885856,lr/neck.decay,1.9330453563714906e-06
47,1788868843.5885856,lr/neck.no_decay,1.9330453563714906e-06
47,1788868843.5885856,lr/pose_head.decay,4.8326133909287265e-06
47,1788868843.5885856,lr/pose_head.no_decay,4.8326133909287265e-06
47,1788868843.5885856,pose/component_0,0.5570309162139893
47,1788868843.5885856,pose/component_1,0.007834049873054028
47,1788868843.5885856,pose/component_2,0.0009767420124262571
47,1788868843.5885856,pose/component_3,0.27965229749679565
47,1788868843.5885856,pose/component_4,0.0014089482137933373
47,1788868843.5885856,pose/component_5,0.0
48,1788868844.7678657,amp/overflow_retries,0.0
48,1788868844.7678657,amp/scale,1024.0
48,1788868844.7678657,detect/component_0,1.10857355594635
48,1788868844.7678657,detect/component_1,1.021390676498413
48,1788868844.7678657,detect/component_2,0.006223618984222412
48,1788868844.7678657,gradient/clipped_norm,133.72857666015625
48,1788868844.7678657,images/detect,256.0
48,1788868844.7678657,images/pose,16.0
48,1788868844.7678657,loss/backward,108.70576858520508
48,1788868844.7678657,loss/detect_mean,1.8929478973150253
48,1788868844.7678657,loss/joint_mean,1.6985276341438293
48,1788868844.7678657,loss/pose_mean,0.9208465814590454
48,1788868844.7678657,lr/attention.decay,0.0
48,1788868844.7678657,lr/attention.no_decay,0.0
48,1788868844.7678657,lr/backbone.decay,0.0
48,1788868844.7678657,lr/backbone.no_decay,0.0
48,1788868844.7678657,lr/detect_head.decay,4.881209503239741e-06
48,1788868844.7678657,lr/detect_head.no_decay,4.881209503239741e-06
48,1788868844.7678657,lr/masf.decay,0.0
48,1788868844.7678657,lr/masf.no_decay,0.0
48,1788868844.7678657,lr/neck.decay,1.9524838012958965e-06
48,1788868844.7678657,lr/neck.no_decay,1.9524838012958965e-06
48,1788868844.7678657,lr/pose_head.decay,4.881209503239741e-06
48,1788868844.7678657,lr/pose_head.no_decay,4.881209503239741e-06
48,1788868844.7678657,pose/component_0,0.6078119874000549
48,1788868844.7678657,pose/component_1,0.006965273525565863
48,1788868844.7678657,pose/component_2,0.0027608831878751516
48,1788868844.7678657,pose/component_3,0.33397409319877625
48,1788868844.7678657,pose/component_4,0.0013823490589857101
48,1788868844.7678657,pose/component_5,0.0
49,1788868845.9365332,amp/overflow_retries,0.0
49,1788868845.9365332,amp/scale,1024.0
49,1788868845.9365332,detect/component_0,1.0885518789291382
49,1788868845.9365332,detect/component_1,0.9582892060279846
49,1788868845.9365332,detect/component_2,0.006323728244751692
49,1788868845.9365332,gradient/clipped_norm,144.61566162109375
49,1788868845.9365332,images/detect,256.0
49,1788868845.9365332,images/pose,16.0
49,1788868845.9365332,loss/backward,107.60816497802735
49,1788868845.9365332,loss/detect_mean,1.8118226528167725
49,1788868845.9365332,loss/joint_mean,1.6813775777816773
49,1788868845.9365332,loss/pose_mean,1.1595972776412964
49,1788868845.9365332,lr/attention.decay,0.0
49,1788868845.9365332,lr/attention.no_decay,0.0
49,1788868845.9365332,lr/backbone.decay,0.0
49,1788868845.9365332,lr/backbone.no_decay,0.0
49,1788868845.9365332,lr/detect_head.decay,4.9298056155507564e-06
49,1788868845.9365332,lr/detect_head.no_decay,4.9298056155507564e-06
49,1788868845.9365332,lr/masf.decay,0.0
49,1788868845.9365332,lr/masf.no_decay,0.0
49,1788868845.9365332,lr/neck.decay,1.9719222462203024e-06
49,1788868845.9365332,lr/neck.no_decay,1.9719222462203024e-06
49,1788868845.9365332,lr/pose_head.decay,4.9298056155507564e-06
49,1788868845.9365332,lr/pose_head.no_decay,4.9298056155507564e-06
49,1788868845.9365332,pose/component_0,0.8755835890769958
49,1788868845.9365332,pose/component_1,0.018916208297014236
49,1788868845.9365332,pose/component_2,0.004345477093011141
49,1788868845.9365332,pose/component_3,0.37127599120140076
49,1788868845.9365332,pose/component_4,0.0021474529057741165
49,1788868845.9365332,pose/component_5,0.0
50,1788868847.1290543,amp/overflow_retries,0.0
50,1788868847.1290543,amp/scale,1024.0
50,1788868847.1290543,detect/component_0,1.0570459365844727
50,1788868847.1290543,detect/component_1,0.9537700414657593
50,1788868847.1290543,detect/component_2,0.006207555532455444
50,1788868847.1290543,gradient/clipped_norm,131.66336059570312
50,1788868847.1290543,images/detect,256.0
50,1788868847.1290543,images/pose,16.0
50,1788868847.1290543,loss/backward,102.56588134765624
50,1788868847.1290543,loss/detect_mean,1.788470596075058
50,1788868847.1290543,loss/joint_mean,1.6025918960571288
50,1788868847.1290543,loss/pose_mean,0.8590770959854126
50,1788868847.1290543,lr/attention.decay,0.0
50,1788868847.1290543,lr/attention.no_decay,0.0
50,1788868847.1290543,lr/backbone.decay,0.0
50,1788868847.1290543,lr/backbone.no_decay,0.0
50,1788868847.1290543,lr/detect_head.decay,4.978401727861772e-06
50,1788868847.1290543,lr/detect_head.no_decay,4.978401727861772e-06
50,1788868847.1290543,lr/masf.decay,0.0
50,1788868847.1290543,lr/masf.no_decay,0.0
50,1788868847.1290543,lr/neck.decay,1.9913606911447087e-06
50,1788868847.1290543,lr/neck.no_decay,1.9913606911447087e-06
50,1788868847.1290543,lr/pose_head.decay,4.978401727861772e-06
50,1788868847.1290543,lr/pose_head.no_decay,4.978401727861772e-06
50,1788868847.1290543,pose/component_0,0.583417534828186
50,1788868847.1290543,pose/component_1,0.007636949419975281
50,1788868847.1290543,pose/component_2,0.0019733579829335213
50,1788868847.1290543,pose/component_3,0.27338355779647827
50,1788868847.1290543,pose/component_4,0.003224019892513752
50,1788868847.1290543,pose/component_5,0.0
51,1788868849.402457,amp/overflow_retries,1.0
51,1788868849.402457,amp/scale,512.0
51,1788868849.402457,detect/component_0,1.0388789176940918
51,1788868849.402457,detect/component_1,0.8919410109519958
51,1788868849.402457,detect/component_2,0.006177565548568964
51,1788868849.402457,gradient/clipped_norm,916.0906372070312
51,1788868849.402457,images/detect,256.0
51,1788868849.402457,images/pose,16.0
51,1788868849.402457,loss/backward,105.62884902954102
51,1788868849.402457,loss/detect_mean,1.7092942744493484
51,1788868849.402457,loss/joint_mean,1.6504507660865784
51,1788868849.402457,loss/pose_mean,1.415076732635498
51,1788868849.402457,lr/attention.decay,0.0
51,1788868849.402457,lr/attention.no_decay,0.0
51,1788868849.402457,lr/backbone.decay,0.0
51,1788868849.402457,lr/backbone.no_decay,0.0
51,1788868849.402457,lr/detect_head.decay,5.026997840172787e-06
51,1788868849.402457,lr/detect_head.no_decay,5.026997840172787e-06
51,1788868849.402457,lr/masf.decay,0.0
51,1788868849.402457,lr/masf.no_decay,0.0
51,1788868849.402457,lr/neck.decay,2.0107991360691146e-06
51,1788868849.402457,lr/neck.no_decay,2.0107991360691146e-06
51,1788868849.402457,lr/pose_head.decay,5.026997840172787e-06
51,1788868849.402457,lr/pose_head.no_decay,5.026997840172787e-06
51,1788868849.402457,pose/component_0,0.7420680522918701
51,1788868849.402457,pose/component_1,0.26960498094558716
51,1788868849.402457,pose/component_2,0.004774530418217182
51,1788868849.402457,pose/component_3,0.31930938363075256
51,1788868849.402457,pose/component_4,0.002297749510034919
51,1788868849.402457,pose/component_5,0.0
52,1788868850.5651376,amp/overflow_retries,0.0
52,1788868850.5651376,amp/scale,512.0
52,1788868850.5651376,detect/component_0,1.1036531925201416
52,1788868850.5651376,detect/component_1,0.997339129447937
52,1788868850.5651376,detect/component_2,0.005953159648925066
52,1788868850.5651376,gradient/clipped_norm,117.75514221191406
52,1788868850.5651376,images/detect,256.0
52,1788868850.5651376,images/pose,16.0
52,1788868850.5651376,loss/backward,105.58707427978516
52,1788868850.5651376,loss/detect_mean,1.8625768423080444
52,1788868850.5651376,loss/joint_mean,1.649798035621643
52,1788868850.5651376,loss/pose_mean,0.7986828088760376
52,1788868850.5651376,lr/attention.decay,0.0
52,1788868850.5651376,lr/attention.no_decay,0.0
52,1788868850.5651376,lr/backbone.decay,0.0
52,1788868850.5651376,lr/backbone.no_decay,0.0
52,1788868850.5651376,lr/detect_head.decay,5.075593952483802e-06
52,1788868850.5651376,lr/detect_head.no_decay,5.075593952483802e-06
52,1788868850.5651376,lr/masf.decay,0.0
52,1788868850.5651376,lr/masf.no_decay,0.0
52,1788868850.5651376,lr/neck.decay,2.0302375809935205e-06
52,1788868850.5651376,lr/neck.no_decay,2.0302375809935205e-06
52,1788868850.5651376,lr/pose_head.decay,5.075593952483802e-06
52,1788868850.5651376,lr/pose_head.no_decay,5.075593952483802e-06
52,1788868850.5651376,pose/component_0,0.5817385315895081
52,1788868850.5651376,pose/component_1,0.006444205529987812
52,1788868850.5651376,pose/component_2,0.0013288932386785746
52,1788868850.5651376,pose/component_3,0.20524656772613525
52,1788868850.5651376,pose/component_4,0.001693350845016539
52,1788868850.5651376,pose/component_5,0.0
53,1788868851.7438383,amp/overflow_retries,0.0
53,1788868851.7438383,amp/scale,512.0
53,1788868851.7438383,detect/component_0,1.0725630521774292
53,1788868851.7438383,detect/component_1,0.9896066188812256
53,1788868851.7438383,detect/component_2,0.006443647667765617
53,1788868851.7438383,gradient/clipped_norm,140.57720947265625
53,1788868851.7438383,images/detect,256.0
53,1788868851.7438383,images/pose,16.0
53,1788868851.7438383,loss/backward,110.64043579101562
53,1788868851.7438383,loss/detect_mean,1.852113276720047
53,1788868851.7438383,loss/joint_mean,1.728756809234619
53,1788868851.7438383,loss/pose_mean,1.2353309392929077
53,1788868851.7438383,lr/attention.decay,0.0
53,1788868851.7438383,lr/attention.no_decay,0.0
53,1788868851.7438383,lr/backbone.decay,0.0
53,1788868851.7438383,lr/backbone.no_decay,0.0
53,1788868851.7438383,lr/detect_head.decay,5.124190064794817e-06
53,1788868851.7438383,lr/detect_head.no_decay,5.124190064794817e-06
53,1788868851.7438383,lr/masf.decay,0.0
53,1788868851.7438383,lr/masf.no_decay,0.0
53,1788868851.7438383,lr/neck.decay,2.049676025917927e-06
53,1788868851.7438383,lr/neck.no_decay,2.049676025917927e-06
53,1788868851.7438383,lr/pose_head.decay,5.124190064794817e-06
53,1788868851.7438383,lr/pose_head.no_decay,5.124190064794817e-06
53,1788868851.7438383,pose/component_0,0.8848920464515686
53,1788868851.7438383,pose/component_1,0.028269249945878983
53,1788868851.7438383,pose/component_2,0.014593958854675293
53,1788868851.7438383,pose/component_3,0.4092068672180176
53,1788868851.7438383,pose/component_4,0.0022141379304230213
53,1788868851.7438383,pose/component_5,0.0
54,1788868852.9245913,amp/overflow_retries,0.0
54,1788868852.9245913,amp/scale,512.0
54,1788868852.9245913,detect/component_0,1.0743670463562012
54,1788868852.9245913,detect/component_1,0.9318804740905762
54,1788868852.9245913,detect/component_2,0.006728704087436199
54,1788868852.9245913,gradient/clipped_norm,126.57705688476562
54,1788868852.9245913,images/detect,256.0
54,1788868852.9245913,images/pose,16.0
54,1788868852.9245913,loss/backward,102.91641159057617
54,1788868852.9245913,loss/detect_mean,1.7928755283355713
54,1788868852.9245913,loss/joint_mean,1.6080689311027527
54,1788868852.9245913,loss/pose_mean,0.8688425421714783
54,1788868852.9245913,lr/attention.decay,0.0
54,1788868852.9245913,lr/attention.no_decay,0.0
54,1788868852.9245913,lr/backbone.decay,0.0
54,1788868852.9245913,lr/backbone.no_decay,0.0
54,1788868852.9245913,lr/detect_head.decay,5.172786177105832e-06
54,1788868852.9245913,lr/detect_head.no_decay,5.172786177105832e-06
54,1788868852.9245913,lr/masf.decay,0.0
54,1788868852.9245913,lr/masf.no_decay,0.0
54,1788868852.9245913,lr/neck.decay,2.0691144708423328e-06
54,1788868852.9245913,lr/neck.no_decay,2.0691144708423328e-06
54,1788868852.9245913,lr/pose_head.decay,5.172786177105832e-06
54,1788868852.9245913,lr/pose_head.no_decay,5.172786177105832e-06
54,1788868852.9245913,pose/component_0,0.5647984147071838
54,1788868852.9245913,pose/component_1,0.008728846907615662
54,1788868852.9245913,pose/component_2,0.04734653979539871
54,1788868852.9245913,pose/component_3,0.2172345668077469
54,1788868852.9245913,pose/component_4,0.0014874263433739543
54,1788868852.9245913,pose/component_5,0.0
55,1788868854.0880568,amp/overflow_retries,0.0
55,1788868854.0880568,amp/scale,512.0
55,1788868854.0880568,detect/component_0,1.013443946838379
55,1788868854.0880568,detect/component_1,0.9486805200576782
55,1788868854.0880568,detect/component_2,0.006674707401543856
55,1788868854.0880568,gradient/clipped_norm,127.2081527709961
55,1788868854.0880568,images/detect,256.0
55,1788868854.0880568,images/pose,16.0
55,1788868854.0880568,loss/backward,102.8133056640625
55,1788868854.0880568,loss/detect_mean,1.7673481851816177
55,1788868854.0880568,loss/joint_mean,1.6064579010009765
55,1788868854.0880568,loss/pose_mean,0.9628967642784119
55,1788868854.0880568,lr/attention.decay,0.0
55,1788868854.0880568,lr/attention.no_decay,0.0
55,1788868854.0880568,lr/backbone.decay,0.0
55,1788868854.0880568,lr/backbone.no_decay,0.0
55,1788868854.0880568,lr/detect_head.decay,5.221382289416847e-06
55,1788868854.0880568,lr/detect_head.no_decay,5.221382289416847e-06
55,1788868854.0880568,lr/masf.decay,0.0
55,1788868854.0880568,lr/masf.no_decay,0.0
55,1788868854.0880568,lr/neck.decay,2.088552915766739e-06
55,1788868854.0880568,lr/neck.no_decay,2.088552915766739e-06
55,1788868854.0880568,lr/pose_head.decay,5.221382289416847e-06
55,1788868854.0880568,lr/pose_head.no_decay,5.221382289416847e-06
55,1788868854.0880568,pose/component_0,0.7215403318405151
55,1788868854.0880568,pose/component_1,0.008587799966335297
55,1788868854.0880568,pose/component_2,0.000992122571915388
55,1788868854.0880568,pose/component_3,0.2762632668018341
55,1788868854.0880568,pose/component_4,0.002048296621069312
55,1788868854.0880568,pose/component_5,0.0
56,1788868855.2630448,amp/overflow_retries,0.0
56,1788868855.2630448,amp/scale,512.0
56,1788868855.2630448,detect/component_0,1.1583893299102783
56,1788868855.2630448,detect/component_1,0.9687352180480957
56,1788868855.2630448,detect/component_2,0.006228456739336252
56,1788868855.2630448,gradient/clipped_norm,125.4095687866211
56,1788868855.2630448,images/detect,256.0
56,1788868855.2630448,images/pose,16.0
56,1788868855.2630448,loss/backward,110.14011993408204
56,1788868855.2630448,loss/detect_mean,1.8794362843036652
56,1788868855.2630448,loss/joint_mean,1.7209393739700318
56,1788868855.2630448,loss/pose_mean,1.086951732635498
56,1788868855.2630448,lr/attention.decay,0.0
56,1788868855.2630448,lr/attention.no_decay,0.0
56,1788868855.2630448,lr/backbone.decay,0.0
56,1788868855.2630448,lr/backbone.no_decay,0.0
56,1788868855.2630448,lr/detect_head.decay,5.2699784017278624e-06
56,1788868855.2630448,lr/detect_head.no_decay,5.2699784017278624e-06
56,1788868855.2630448,lr/masf.decay,0.0
56,1788868855.2630448,lr/masf.no_decay,0.0
56,1788868855.2630448,lr/neck.decay,2.107991360691145e-06
56,1788868855.2630448,lr/neck.no_decay,2.107991360691145e-06
56,1788868855.2630448,lr/pose_head.decay,5.2699784017278624e-06
56,1788868855.2630448,lr/pose_head.no_decay,5.2699784017278624e-06
56,1788868855.2630448,pose/component_0,0.8132771849632263
56,1788868855.2630448,pose/component_1,0.0109056755900383
56,1788868855.2630448,pose/component_2,0.0006676400662399828
56,1788868855.2630448,pose/component_3,0.27432093024253845
56,1788868855.2630448,pose/component_4,0.0019909085240215063
56,1788868855.2630448,pose/component_5,0.0
57,1788868856.4216607,amp/overflow_retries,0.0
57,1788868856.4216607,amp/scale,512.0
57,1788868856.4216607,detect/component_0,1.0563843250274658
57,1788868856.4216607,detect/component_1,0.9823859333992004
57,1788868856.4216607,detect/component_2,0.0064787971787154675
57,1788868856.4216607,gradient/clipped_norm,124.04402923583984
57,1788868856.4216607,images/detect,256.0
57,1788868856.4216607,images/pose,16.0
57,1788868856.4216607,loss/backward,106.04816970825195
57,1788868856.4216607,loss/detect_mean,1.8137414008378983
57,1788868856.4216607,loss/joint_mean,1.6570026516914367
57,1788868856.4216607,loss/pose_mean,1.0300476551055908
57,1788868856.4216607,lr/attention.decay,0.0
57,1788868856.4216607,lr/attention.no_decay,0.0
57,1788868856.4216607,lr/backbone.decay,0.0
57,1788868856.4216607,lr/backbone.no_decay,0.0
57,1788868856.4216607,lr/detect_head.decay,5.318574514038877e-06
57,1788868856.4216607,lr/detect_head.no_decay,5.318574514038877e-06
57,1788868856.4216607,lr/masf.decay,0.0
57,1788868856.4216607,lr/masf.no_decay,0.0
57,1788868856.4216607,lr/neck.decay,2.127429805615551e-06
57,1788868856.4216607,lr/neck.no_decay,2.127429805615551e-06
57,1788868856.4216607,lr/pose_head.decay,5.318574514038877e-06
57,1788868856.4216607,lr/pose_head.no_decay,5.318574514038877e-06
57,1788868856.4216607,pose/component_0,0.8041080236434937
57,1788868856.4216607,pose/component_1,0.03969605267047882
57,1788868856.4216607,pose/component_2,0.03859677165746689
57,1788868856.4216607,pose/component_3,0.230012446641922
57,1788868856.4216607,pose/component_4,0.002252602484077215
57,1788868856.4216607,pose/component_5,0.0
58,1788868857.5815926,amp/overflow_retries,0.0
58,1788868857.5815926,amp/scale,512.0
58,1788868857.5815926,detect/component_0,1.0522706508636475
58,1788868857.5815926,detect/component_1,0.902309775352478
58,1788868857.5815926,detect/component_2,0.00619141198694706
58,1788868857.5815926,gradient/clipped_norm,136.42044067382812
58,1788868857.5815926,images/detect,256.0
58,1788868857.5815926,images/pose,16.0
58,1788868857.5815926,loss/backward,101.32240219116211
58,1788868857.5815926,loss/detect_mean,1.7377029210329056
58,1788868857.5815926,loss/joint_mean,1.583162534236908
58,1788868857.5815926,loss/pose_mean,0.9650009870529175
58,1788868857.5815926,lr/attention.decay,0.0
58,1788868857.5815926,lr/attention.no_decay,0.0
58,1788868857.5815926,lr/backbone.decay,0.0
58,1788868857.5815926,lr/backbone.no_decay,0.0
58,1788868857.5815926,lr/detect_head.decay,5.367170626349892e-06
58,1788868857.5815926,lr/detect_head.no_decay,5.367170626349892e-06
58,1788868857.5815926,lr/masf.decay,0.0
58,1788868857.5815926,lr/masf.no_decay,0.0
58,1788868857.5815926,lr/neck.decay,2.146868250539957e-06
58,1788868857.5815926,lr/neck.no_decay,2.146868250539957e-06
58,1788868857.5815926,lr/pose_head.decay,5.367170626349892e-06
58,1788868857.5815926,lr/pose_head.no_decay,5.367170626349892e-06
58,1788868857.5815926,pose/component_0,0.7046492695808411
58,1788868857.5815926,pose/component_1,0.02172575332224369
58,1788868857.5815926,pose/component_2,0.004542376846075058
58,1788868857.5815926,pose/component_3,0.3076818287372589
58,1788868857.5815926,pose/component_4,0.0018580537289381027
58,1788868857.5815926,pose/component_5,0.0
59,1788868858.749372,amp/overflow_retries,0.0
59,1788868858.749372,amp/scale,512.0
59,1788868858.749372,detect/component_0,1.0535526275634766
59,1788868858.749372,detect/component_1,0.9574247002601624
59,1788868858.749372,detect/component_2,0.006075018551200628
59,1788868858.749372,gradient/clipped_norm,113.9106216430664
59,1788868858.749372,images/detect,256.0
59,1788868858.749372,images/pose,16.0
59,1788868858.749372,loss/backward,104.2772003173828
59,1788868858.749372,loss/detect_mean,1.7961308062076569
59,1788868858.749372,loss/joint_mean,1.6293312549591064
59,1788868858.749372,loss/pose_mean,0.9621330499649048
59,1788868858.749372,lr/attention.decay,0.0
59,1788868858.749372,lr/attention.no_decay,0.0
59,1788868858.749372,lr/backbone.decay,0.0
59,1788868858.749372,lr/backbone.no_decay,0.0
59,1788868858.749372,lr/detect_head.decay,5.415766738660908e-06
59,1788868858.749372,lr/detect_head.no_decay,5.415766738660908e-06
59,1788868858.749372,lr/masf.decay,0.0
59,1788868858.749372,lr/masf.no_decay,0.0
59,1788868858.749372,lr/neck.decay,2.166306695464363e-06
59,1788868858.749372,lr/neck.no_decay,2.166306695464363e-06
59,1788868858.749372,lr/pose_head.decay,5.415766738660908e-06
59,1788868858.749372,lr/pose_head.no_decay,5.415766738660908e-06
59,1788868858.749372,pose/component_0,0.7722156643867493
59,1788868858.749372,pose/component_1,0.010740667581558228
59,1788868858.749372,pose/component_2,0.0010399913880974054
59,1788868858.749372,pose/component_3,0.20924091339111328
59,1788868858.749372,pose/component_4,0.002059160266071558
59,1788868858.749372,pose/component_5,0.0
60,1788868859.9333565,amp/overflow_retries,0.0
60,1788868859.9333565,amp/scale,512.0
60,1788868859.9333565,detect/component_0,1.0896140336990356
60,1788868859.9333565,detect/component_1,0.9867053627967834
60,1788868859.9333565,detect/component_2,0.006255186628550291
60,1788868859.9333565,gradient/clipped_norm,129.45228576660156
60,1788868859.9333565,images/detect,256.0
60,1788868859.9333565,images/pose,16.0
60,1788868859.9333565,loss/backward,103.36485214233399
60,1788868859.9333565,loss/detect_mean,1.8589572459459305
60,1788868859.9333565,loss/joint_mean,1.6150758147239686
60,1788868859.9333565,loss/pose_mean,0.6395500898361206
60,1788868859.9333565,lr/attention.decay,0.0
60,1788868859.9333565,lr/attention.no_decay,0.0
60,1788868859.9333565,lr/backbone.decay,0.0
60,1788868859.9333565,lr/backbone.no_decay,0.0
60,1788868859.9333565,lr/detect_head.decay,5.464362850971923e-06
60,1788868859.9333565,lr/detect_head.no_decay,5.464362850971923e-06
60,1788868859.9333565,lr/masf.decay,0.0
60,1788868859.9333565,lr/masf.no_decay,0.0
60,1788868859.9333565,lr/neck.decay,2.185745140388769e-06
60,1788868859.9333565,lr/neck.no_decay,2.185745140388769e-06
60,1788868859.9333565,lr/pose_head.decay,5.464362850971923e-06
60,1788868859.9333565,lr/pose_head.no_decay,5.464362850971923e-06
60,1788868859.9333565,pose/component_0,0.36716049909591675
60,1788868859.9333565,pose/component_1,0.008961895480751991
60,1788868859.9333565,pose/component_2,0.0216810405254364
60,1788868859.9333565,pose/component_3,0.24396106600761414
60,1788868859.9333565,pose/component_4,0.0018134017009288073
60,1788868859.9333565,pose/component_5,0.0
61,1788868861.1047392,amp/overflow_retries,0.0
61,1788868861.1047392,amp/scale,512.0
61,1788868861.1047392,detect/component_0,1.0839637517929077
61,1788868861.1047392,detect/component_1,0.9543216228485107
61,1788868861.1047392,detect/component_2,0.0061102984473109245
61,1788868861.1047392,gradient/clipped_norm,117.68238067626953
61,1788868861.1047392,images/detect,256.0
61,1788868861.1047392,images/pose,16.0
61,1788868861.1047392,loss/backward,103.01390151977539
61,1788868861.1047392,loss/detect_mean,1.810262382030487
61,1788868861.1047392,loss/joint_mean,1.6095922112464904
61,1788868861.1047392,loss/pose_mean,0.8069115281105042
61,1788868861.1047392,lr/attention.decay,0.0
61,1788868861.1047392,lr/attention.no_decay,0.0
61,1788868861.1047392,lr/backbone.decay,0.0
61,1788868861.1047392,lr/backbone.no_decay,0.0
61,1788868861.1047392,lr/detect_head.decay,5.5129589632829385e-06
61,1788868861.1047392,lr/detect_head.no_decay,5.5129589632829385e-06
61,1788868861.1047392,lr/masf.decay,0.0
61,1788868861.1047392,lr/masf.no_decay,0.0
61,1788868861.1047392,lr/neck.decay,2.2051835853131753e-06
61,1788868861.1047392,lr/neck.no_decay,2.2051835853131753e-06
61,1788868861.1047392,lr/pose_head.decay,5.5129589632829385e-06
61,1788868861.1047392,lr/pose_head.no_decay,5.5129589632829385e-06
61,1788868861.1047392,pose/component_0,0.5124918818473816
61,1788868861.1047392,pose/component_1,0.007353017572313547
61,1788868861.1047392,pose/component_2,0.037365611642599106
61,1788868861.1047392,pose/component_3,0.22854526340961456
61,1788868861.1047392,pose/component_4,0.002797845983877778
61,1788868861.1047392,pose/component_5,0.0
62,1788868862.275734,amp/overflow_retries,0.0
62,1788868862.275734,amp/scale,512.0
62,1788868862.275734,detect/component_0,1.0401276350021362
62,1788868862.275734,detect/component_1,0.8415734171867371
62,1788868862.275734,detect/component_2,0.006587537005543709
62,1788868862.275734,gradient/clipped_norm,155.4077606201172
62,1788868862.275734,images/detect,256.0
62,1788868862.275734,images/pose,16.0
62,1788868862.275734,loss/backward,99.22403030395508
62,1788868862.275734,loss/detect_mean,1.6956016570329666
62,1788868862.275734,loss/joint_mean,1.550375473499298
62,1788868862.275734,loss/pose_mean,0.969470739364624
62,1788868862.275734,lr/attention.decay,0.0
62,1788868862.275734,lr/attention.no_decay,0.0
62,1788868862.275734,lr/backbone.decay,0.0
62,1788868862.275734,lr/backbone.no_decay,0.0
62,1788868862.275734,lr/detect_head.decay,5.561555075593953e-06
62,1788868862.275734,lr/detect_head.no_decay,5.561555075593953e-06
62,1788868862.275734,lr/masf.decay,0.0
62,1788868862.275734,lr/masf.no_decay,0.0
62,1788868862.275734,lr/neck.decay,2.2246220302375812e-06
62,1788868862.275734,lr/neck.no_decay,2.2246220302375812e-06
62,1788868862.275734,lr/pose_head.decay,5.561555075593953e-06
62,1788868862.275734,lr/pose_head.no_decay,5.561555075593953e-06
62,1788868862.275734,pose/component_0,0.6483426690101624
62,1788868862.275734,pose/component_1,0.014700915664434433
62,1788868862.275734,pose/component_2,0.008734999224543571
62,1788868862.275734,pose/component_3,0.2751445472240448
62,1788868862.275734,pose/component_4,0.002537572756409645
62,1788868862.275734,pose/component_5,0.0
63,1788868863.4453423,amp/overflow_retries,0.0
63,1788868863.4453423,amp/scale,512.0
63,1788868863.4453423,detect/component_0,1.0620886087417603
63,1788868863.4453423,detect/component_1,0.9302953481674194
63,1788868863.4453423,detect/component_2,0.0067342715337872505
63,1788868863.4453423,gradient/clipped_norm,136.4535675048828
63,1788868863.4453423,images/detect,256.0
63,1788868863.4453423,images/pose,16.0
63,1788868863.4453423,loss/backward,107.47091445922851
63,1788868863.4453423,loss/detect_mean,1.7891463488340378
63,1788868863.4453423,loss/joint_mean,1.6792330384254455
63,1788868863.4453423,loss/pose_mean,1.2395797967910767
63,1788868863.4453423,lr/attention.decay,0.0
63,1788868863.4453423,lr/attention.no_decay,0.0
63,1788868863.4453423,lr/backbone.decay,0.0
63,1788868863.4453423,lr/backbone.no_decay,0.0
63,1788868863.4453423,lr/detect_head.decay,5.6101511879049685e-06
63,1788868863.4453423,lr/detect_head.no_decay,5.6101511879049685e-06
63,1788868863.4453423,lr/masf.decay,0.0
63,1788868863.4453423,lr/masf.no_decay,0.0
63,1788868863.4453423,lr/neck.decay,2.2440604751619876e-06
63,1788868863.4453423,lr/neck.no_decay,2.2440604751619876e-06
63,1788868863.4453423,lr/pose_head.decay,5.6101511879049685e-06
63,1788868863.4453423,lr/pose_head.no_decay,5.6101511879049685e-06
63,1788868863.4453423,pose/component_0,0.8677522540092468
63,1788868863.4453423,pose/component_1,0.01723453402519226
63,1788868863.4453423,pose/component_2,0.08661074936389923
63,1788868863.4453423,pose/component_3,0.384975790977478
63,1788868863.4453423,pose/component_4,0.0032494724728167057
63,1788868863.4453423,pose/component_5,0.0
64,1788868864.6073408,amp/overflow_retries,0.0
64,1788868864.6073408,amp/scale,512.0
64,1788868864.6073408,detect/component_0,1.0429866313934326
64,1788868864.6073408,detect/component_1,0.9555651545524597
64,1788868864.6073408,detect/component_2,0.006859524175524712
64,1788868864.6073408,gradient/clipped_norm,125.4284439086914
64,1788868864.6073408,images/detect,256.0
64,1788868864.6073408,images/pose,16.0
64,1788868864.6073408,loss/backward,109.1834617614746
64,1788868864.6073408,loss/detect_mean,1.8093238323926926
64,1788868864.6073408,loss/joint_mean,1.7059915900230407
64,1788868864.6073408,loss/pose_mean,1.2926626205444336
64,1788868864.6073408,lr/attention.decay,0.0
64,1788868864.6073408,lr/attention.no_decay,0.0
64,1788868864.6073408,lr/backbone.decay,0.0
64,1788868864.6073408,lr/backbone.no_decay,0.0
64,1788868864.6073408,lr/detect_head.decay,5.658747300215983e-06
64,1788868864.6073408,lr/detect_head.no_decay,5.658747300215983e-06
64,1788868864.6073408,lr/masf.decay,0.0
64,1788868864.6073408,lr/masf.no_decay,0.0
64,1788868864.6073408,lr/neck.decay,2.2634989200863935e-06
64,1788868864.6073408,lr/neck.no_decay,2.2634989200863935e-06
64,1788868864.6073408,lr/pose_head.decay,5.658747300215983e-06
64,1788868864.6073408,lr/pose_head.no_decay,5.658747300215983e-06
64,1788868864.6073408,pose/component_0,0.8602601289749146
64,1788868864.6073408,pose/component_1,0.014623020775616169
64,1788868864.6073408,pose/component_2,0.008637395687401295
64,1788868864.6073408,pose/component_3,0.5289807915687561
64,1788868864.6073408,pose/component_4,0.0019251160556450486
64,1788868864.6073408,pose/component_5,0.0
65,1788868865.7761745,amp/overflow_retries,0.0
65,1788868865.7761745,amp/scale,512.0
65,1788868865.7761745,detect/component_0,1.0830076932907104
65,1788868865.7761745,detect/component_1,0.9403635263442993
65,1788868865.7761745,detect/component_2,0.006870845332741737
65,1788868865.7761745,gradient/clipped_norm,129.05157470703125
65,1788868865.7761745,images/detect,256.0
65,1788868865.7761745,images/pose,16.0
65,1788868865.7761745,loss/backward,104.81530990600587
65,1788868865.7761745,loss/detect_mean,1.8327039331197739
65,1788868865.7761745,loss/joint_mean,1.6377392172813416
65,1788868865.7761745,loss/pose_mean,0.8578803539276123
65,1788868865.7761745,lr/attention.decay,0.0
65,1788868865.7761745,lr/attention.no_decay,0.0
65,1788868865.7761745,lr/backbone.decay,0.0
65,1788868865.7761745,lr/backbone.no_decay,0.0
65,1788868865.7761745,lr/detect_head.decay,5.707343412526998e-06
65,1788868865.7761745,lr/detect_head.no_decay,5.707343412526998e-06
65,1788868865.7761745,lr/masf.decay,0.0
65,1788868865.7761745,lr/masf.no_decay,0.0
65,1788868865.7761745,lr/neck.decay,2.2829373650107994e-06
65,1788868865.7761745,lr/neck.no_decay,2.2829373650107994e-06
65,1788868865.7761745,lr/pose_head.decay,5.707343412526998e-06
65,1788868865.7761745,lr/pose_head.no_decay,5.707343412526998e-06
65,1788868865.7761745,pose/component_0,0.6118840575218201
65,1788868865.7761745,pose/component_1,0.02156497910618782
65,1788868865.7761745,pose/component_2,0.0027290114667266607
65,1788868865.7761745,pose/component_3,0.21473054587841034
65,1788868865.7761745,pose/component_4,0.0026185850147157907
65,1788868865.7761745,pose/component_5,0.0
66,1788868866.9494977,amp/overflow_retries,0.0
66,1788868866.9494977,amp/scale,512.0
66,1788868866.9494977,detect/component_0,1.0117844343185425
66,1788868866.9494977,detect/component_1,0.9258360862731934
66,1788868866.9494977,detect/component_2,0.006608061492443085
66,1788868866.9494977,gradient/clipped_norm,115.4637451171875
66,1788868866.9494977,images/detect,256.0
66,1788868866.9494977,images/pose,16.0
66,1788868866.9494977,loss/backward,98.96500701904297
66,1788868866.9494977,loss/detect_mean,1.7354646176099777
66,1788868866.9494977,loss/joint_mean,1.5463282346725464
66,1788868866.9494977,loss/pose_mean,0.789782702922821
66,1788868866.9494977,lr/attention.decay,0.0
66,1788868866.9494977,lr/attention.no_decay,0.0
66,1788868866.9494977,lr/backbone.decay,0.0
66,1788868866.9494977,lr/backbone.no_decay,0.0
66,1788868866.9494977,lr/detect_head.decay,5.755939524838013e-06
66,1788868866.9494977,lr/detect_head.no_decay,5.755939524838013e-06
66,1788868866.9494977,lr/masf.decay,0.0
66,1788868866.9494977,lr/masf.no_decay,0.0
66,1788868866.9494977,lr/neck.decay,2.3023758099352053e-06
66,1788868866.9494977,lr/neck.no_decay,2.3023758099352053e-06
66,1788868866.9494977,lr/pose_head.decay,5.755939524838013e-06
66,1788868866.9494977,lr/pose_head.no_decay,5.755939524838013e-06
66,1788868866.9494977,pose/component_0,0.5817651748657227
66,1788868866.9494977,pose/component_1,0.006266474723815918
66,1788868866.9494977,pose/component_2,0.017372293397784233
66,1788868866.9494977,pose/component_3,0.15513646602630615
66,1788868866.9494977,pose/component_4,0.002142912708222866
66,1788868866.9494977,pose/component_5,0.0
67,1788868868.1330621,amp/overflow_retries,0.0
67,1788868868.1330621,amp/scale,512.0
67,1788868868.1330621,detect/component_0,1.0699782371520996
67,1788868868.1330621,detect/component_1,0.9432909488677979
67,1788868868.1330621,detect/component_2,0.006256924010813236
67,1788868868.1330621,gradient/clipped_norm,161.8245086669922
67,1788868868.1330621,images/detect,256.0
67,1788868868.1330621,images/pose,16.0
67,1788868868.1330621,loss/backward,103.811474609375
67,1788868868.1330621,loss/detect_mean,1.7817825078964233
67,1788868868.1330621,loss/joint_mean,1.6220542907714843
67,1788868868.1330621,loss/pose_mean,0.9831414222717285
67,1788868868.1330621,lr/attention.decay,0.0
67,1788868868.1330621,lr/attention.no_decay,0.0
67,1788868868.1330621,lr/backbone.decay,0.0
67,1788868868.1330621,lr/backbone.no_decay,0.0
67,1788868868.1330621,lr/detect_head.decay,5.804535637149028e-06
67,1788868868.1330621,lr/detect_head.no_decay,5.804535637149028e-06
67,1788868868.1330621,lr/masf.decay,0.0
67,1788868868.1330621,lr/masf.no_decay,0.0
67,1788868868.1330621,lr/neck.decay,2.3218142548596116e-06
67,1788868868.1330621,lr/neck.no_decay,2.3218142548596116e-06
67,1788868868.1330621,lr/pose_head.decay,5.804535637149028e-06
67,1788868868.1330621,lr/pose_head.no_decay,5.804535637149028e-06
67,1788868868.1330621,pose/component_0,0.6798207759857178
67,1788868868.1330621,pose/component_1,0.008897894993424416
67,1788868868.1330621,pose/component_2,0.05060071870684624
67,1788868868.1330621,pose/component_3,0.2574407756328583
67,1788868868.1330621,pose/component_4,0.0014870320446789265
67,1788868868.1330621,pose/component_5,0.0
68,1788868869.300957,amp/overflow_retries,0.0
68,1788868869.300957,amp/scale,512.0
68,1788868869.300957,detect/component_0,1.0281251668930054
68,1788868869.300957,detect/component_1,0.9045535922050476
68,1788868869.300957,detect/component_2,0.006251301616430283
68,1788868869.300957,gradient/clipped_norm,156.91900634765625
68,1788868869.300957,images/detect,256.0
68,1788868869.300957,images/pose,16.0
68,1788868869.300957,loss/backward,103.78180236816407
68,1788868869.300957,loss/detect_mean,1.7344780266284943
68,1788868869.300957,loss/joint_mean,1.6215906620025635
68,1788868869.300957,loss/pose_mean,1.1700412034988403
68,1788868869.300957,lr/attention.decay,0.0
68,1788868869.300957,lr/attention.no_decay,0.0
68,1788868869.300957,lr/backbone.decay,0.0
68,1788868869.300957,lr/backbone.no_decay,0.0
68,1788868869.300957,lr/detect_head.decay,5.853131749460043e-06
68,1788868869.300957,lr/detect_head.no_decay,5.853131749460043e-06
68,1788868869.300957,lr/masf.decay,0.0
68,1788868869.300957,lr/masf.no_decay,0.0
68,1788868869.300957,lr/neck.decay,2.3412526997840175e-06
68,1788868869.300957,lr/neck.no_decay,2.3412526997840175e-06
68,1788868869.300957,lr/pose_head.decay,5.853131749460043e-06
68,1788868869.300957,lr/pose_head.no_decay,5.853131749460043e-06
68,1788868869.300957,pose/component_0,0.8729846477508545
68,1788868869.300957,pose/component_1,0.011633484624326229
68,1788868869.300957,pose/component_2,0.001977277919650078
68,1788868869.300957,pose/component_3,0.32131943106651306
68,1788868869.300957,pose/component_4,0.0018982335459440947
68,1788868869.300957,pose/component_5,0.0
69,1788868870.4735644,amp/overflow_retries,0.0
69,1788868870.4735644,amp/scale,512.0
69,1788868870.4735644,detect/component_0,1.022497296333313
69,1788868870.4735644,detect/component_1,0.9398793578147888
69,1788868870.4735644,detect/component_2,0.006522469688206911
69,1788868870.4735644,gradient/clipped_norm,149.57659912109375
69,1788868870.4735644,images/detect,256.0
69,1788868870.4735644,images/pose,16.0
69,1788868870.4735644,loss/backward,100.5778579711914
69,1788868870.4735644,loss/detect_mean,1.761752426624298
69,1788868870.4735644,loss/joint_mean,1.5715290307998657
69,1788868870.4735644,loss/pose_mean,0.8106354475021362
69,1788868870.4735644,lr/attention.decay,0.0
69,1788868870.4735644,lr/attention.no_decay,0.0
69,1788868870.4735644,lr/backbone.decay,0.0
69,1788868870.4735644,lr/backbone.no_decay,0.0
69,1788868870.4735644,lr/detect_head.decay,5.901727861771058e-06
69,1788868870.4735644,lr/detect_head.no_decay,5.901727861771058e-06
69,1788868870.4735644,lr/masf.decay,0.0
69,1788868870.4735644,lr/masf.no_decay,0.0
69,1788868870.4735644,lr/neck.decay,2.3606911447084234e-06
69,1788868870.4735644,lr/neck.no_decay,2.3606911447084234e-06
69,1788868870.4735644,lr/pose_head.decay,5.901727861771058e-06
69,1788868870.4735644,lr/pose_head.no_decay,5.901727861771058e-06
69,1788868870.4735644,pose/component_0,0.5608218908309937
69,1788868870.4735644,pose/component_1,0.010345783084630966
69,1788868870.4735644,pose/component_2,0.0016244850121438503
69,1788868870.4735644,pose/component_3,0.2375752031803131
69,1788868870.4735644,pose/component_4,0.0019159936346113682
69,1788868870.4735644,pose/component_5,0.0
70,1788868871.6583974,amp/overflow_retries,0.0
70,1788868871.6583974,amp/scale,512.0
70,1788868871.6583974,detect/component_0,1.0166447162628174
70,1788868871.6583974,detect/component_1,0.9428670406341553
70,1788868871.6583974,detect/component_2,0.006358775310218334
70,1788868871.6583974,gradient/clipped_norm,137.65773010253906
70,1788868871.6583974,images/detect,256.0
70,1788868871.6583974,images/pose,16.0
70,1788868871.6583974,loss/backward,100.3151985168457
70,1788868871.6583974,loss/detect_mean,1.753618374466896
70,1788868871.6583974,loss/joint_mean,1.567424976825714
70,1788868871.6583974,loss/pose_mean,0.8226513862609863
70,1788868871.6583974,lr/attention.decay,0.0
70,1788868871.6583974,lr/attention.no_decay,0.0
70,1788868871.6583974,lr/backbone.decay,0.0
70,1788868871.6583974,lr/backbone.no_decay,0.0
70,1788868871.6583974,lr/detect_head.decay,5.950323974082074e-06
70,1788868871.6583974,lr/detect_head.no_decay,5.950323974082074e-06
70,1788868871.6583974,lr/masf.decay,0.0
70,1788868871.6583974,lr/masf.no_decay,0.0
70,1788868871.6583974,lr/neck.decay,2.3801295896328293e-06
70,1788868871.6583974,lr/neck.no_decay,2.3801295896328293e-06
70,1788868871.6583974,lr/pose_head.decay,5.950323974082074e-06
70,1788868871.6583974,lr/pose_head.no_decay,5.950323974082074e-06
70,1788868871.6583974,pose/component_0,0.6426607966423035
70,1788868871.6583974,pose/component_1,0.01199650764465332
70,1788868871.6583974,pose/component_2,0.002885164227336645
70,1788868871.6583974,pose/component_3,0.20299889147281647
70,1788868871.6583974,pose/component_4,0.002052729018032551
70,1788868871.6583974,pose/component_5,0.0
71,1788868872.8573282,amp/overflow_retries,0.0
71,1788868872.8573282,amp/scale,512.0
71,1788868872.8573282,detect/component_0,1.0660243034362793
71,1788868872.8573282,detect/component_1,0.9205344319343567
71,1788868872.8573282,detect/component_2,0.00607583811506629
71,1788868872.8573282,gradient/clipped_norm,140.005615234375
71,1788868872.8573282,images/detect,256.0
71,1788868872.8573282,images/pose,16.0
71,1788868872.8573282,loss/backward,101.76838760375976
71,1788868872.8573282,loss/detect_mean,1.764136329293251
71,1788868872.8573282,loss/joint_mean,1.5901310563087463
71,1788868872.8573282,loss/pose_mean,0.8941099643707275
71,1788868872.8573282,lr/attention.decay,0.0
71,1788868872.8573282,lr/attention.no_decay,0.0
71,1788868872.8573282,lr/backbone.decay,0.0
71,1788868872.8573282,lr/backbone.no_decay,0.0
71,1788868872.8573282,lr/detect_head.decay,5.998920086393089e-06
71,1788868872.8573282,lr/detect_head.no_decay,5.998920086393089e-06
71,1788868872.8573282,lr/masf.decay,0.0
71,1788868872.8573282,lr/masf.no_decay,0.0
71,1788868872.8573282,lr/neck.decay,2.3995680345572356e-06
71,1788868872.8573282,lr/neck.no_decay,2.3995680345572356e-06
71,1788868872.8573282,lr/pose_head.decay,5.998920086393089e-06
71,1788868872.8573282,lr/pose_head.no_decay,5.998920086393089e-06
71,1788868872.8573282,pose/component_0,0.6160446405410767
71,1788868872.8573282,pose/component_1,0.011824052780866623
71,1788868872.8573282,pose/component_2,0.001357537810690701
71,1788868872.8573282,pose/component_3,0.24362146854400635
71,1788868872.8573282,pose/component_4,0.00210149260237813
71,1788868872.8573282,pose/component_5,0.0
72,1788868874.0465975,amp/overflow_retries,0.0
72,1788868874.0465975,amp/scale,512.0
72,1788868874.0465975,detect/component_0,1.0700668096542358
72,1788868874.0465975,detect/component_1,0.9078860282897949
72,1788868874.0465975,detect/component_2,0.006737236864864826
72,1788868874.0465975,gradient/clipped_norm,149.45028686523438
72,1788868874.0465975,images/detect,256.0
72,1788868874.0465975,images/pose,16.0
72,1788868874.0465975,loss/backward,100.29603500366211
72,1788868874.0465975,loss/detect_mean,1.7763886004686356
72,1788868874.0465975,loss/joint_mean,1.5671255469322205
72,1788868874.0465975,loss/pose_mean,0.7300733327865601
72,1788868874.0465975,lr/attention.decay,0.0
72,1788868874.0465975,lr/attention.no_decay,0.0
72,1788868874.0465975,lr/backbone.decay,0.0
72,1788868874.0465975,lr/backbone.no_decay,0.0
72,1788868874.0465975,lr/detect_head.decay,6.047516198704104e-06
72,1788868874.0465975,lr/detect_head.no_decay,6.047516198704104e-06
72,1788868874.0465975,lr/masf.decay,0.0
72,1788868874.0465975,lr/masf.no_decay,0.0
72,1788868874.0465975,lr/neck.decay,2.419006479481642e-06
72,1788868874.0465975,lr/neck.no_decay,2.419006479481642e-06
72,1788868874.0465975,lr/pose_head.decay,6.047516198704104e-06
72,1788868874.0465975,lr/pose_head.no_decay,6.047516198704104e-06
72,1788868874.0465975,pose/component_0,0.4872063398361206
72,1788868874.0465975,pose/component_1,0.009419139474630356
72,1788868874.0465975,pose/component_2,0.0017403349047526717
72,1788868874.0465975,pose/component_3,0.1887473165988922
72,1788868874.0465975,pose/component_4,0.0022148150019347668
72,1788868874.0465975,pose/component_5,0.0
73,1788868875.2124393,amp/overflow_retries,0.0
73,1788868875.2124393,amp/scale,512.0
73,1788868875.2124393,detect/component_0,1.0818694829940796
73,1788868875.2124393,detect/component_1,0.9675700068473816
73,1788868875.2124393,detect/component_2,0.006340503692626953
73,1788868875.2124393,gradient/clipped_norm,123.92822265625
73,1788868875.2124393,images/detect,256.0
73,1788868875.2124393,images/pose,16.0
73,1788868875.2124393,loss/backward,103.06455154418946
73,1788868875.2124393,loss/detect_mean,1.8258944004774094
73,1788868875.2124393,loss/joint_mean,1.6103836178779602
73,1788868875.2124393,loss/pose_mean,0.7483404874801636
73,1788868875.2124393,lr/attention.decay,0.0
73,1788868875.2124393,lr/attention.no_decay,0.0
73,1788868875.2124393,lr/backbone.decay,0.0
73,1788868875.2124393,lr/backbone.no_decay,0.0
73,1788868875.2124393,lr/detect_head.decay,6.09611231101512e-06
73,1788868875.2124393,lr/detect_head.no_decay,6.09611231101512e-06
73,1788868875.2124393,lr/masf.decay,0.0
73,1788868875.2124393,lr/masf.no_decay,0.0
73,1788868875.2124393,lr/neck.decay,2.438444924406048e-06
73,1788868875.2124393,lr/neck.no_decay,2.438444924406048e-06
73,1788868875.2124393,lr/pose_head.decay,6.09611231101512e-06
73,1788868875.2124393,lr/pose_head.no_decay,6.09611231101512e-06
73,1788868875.2124393,pose/component_0,0.4981869161128998
73,1788868875.2124393,pose/component_1,0.007016927003860474
73,1788868875.2124393,pose/component_2,0.0035888247657567263
73,1788868875.2124393,pose/component_3,0.2255280762910843
73,1788868875.2124393,pose/component_4,0.0019799130968749523
73,1788868875.2124393,pose/component_5,0.0
74,1788868876.3933086,amp/overflow_retries,0.0
74,1788868876.3933086,amp/scale,512.0
74,1788868876.3933086,detect/component_0,1.0393041372299194
74,1788868876.3933086,detect/component_1,0.9533066749572754
74,1788868876.3933086,detect/component_2,0.006718657445162535
74,1788868876.3933086,gradient/clipped_norm,138.95953369140625
74,1788868876.3933086,images/detect,256.0
74,1788868876.3933086,images/pose,16.0
74,1788868876.3933086,loss/backward,103.75589065551758
74,1788868876.3933086,loss/detect_mean,1.8131332099437714
74,1788868876.3933086,loss/joint_mean,1.6211857914924621
74,1788868876.3933086,loss/pose_mean,0.8533961176872253
74,1788868876.3933086,lr/attention.decay,0.0
74,1788868876.3933086,lr/attention.no_decay,0.0
74,1788868876.3933086,lr/backbone.decay,0.0
74,1788868876.3933086,lr/backbone.no_decay,0.0
74,1788868876.3933086,lr/detect_head.decay,6.144708423326135e-06
74,1788868876.3933086,lr/detect_head.no_decay,6.144708423326135e-06
74,1788868876.3933086,lr/masf.decay,0.0
74,1788868876.3933086,lr/masf.no_decay,0.0
74,1788868876.3933086,lr/neck.decay,2.457883369330454e-06
74,1788868876.3933086,lr/neck.no_decay,2.457883369330454e-06
74,1788868876.3933086,lr/pose_head.decay,6.144708423326135e-06
74,1788868876.3933086,lr/pose_head.no_decay,6.144708423326135e-06
74,1788868876.3933086,pose/component_0,0.6146806478500366
74,1788868876.3933086,pose/component_1,0.008114837110042572
74,1788868876.3933086,pose/component_2,0.0031587816774845123
74,1788868876.3933086,pose/component_3,0.34386688470840454
74,1788868876.3933086,pose/component_4,0.001341325114481151
74,1788868876.3933086,pose/component_5,0.0
75,1788868877.5625324,amp/overflow_retries,0.0
75,1788868877.5625324,amp/scale,512.0
75,1788868877.5625324,detect/component_0,1.0270437002182007
75,1788868877.5625324,detect/component_1,0.933125913143158
75,1788868877.5625324,detect/component_2,0.006025686394423246
75,1788868877.5625324,gradient/clipped_norm,121.24411010742188
75,1788868877.5625324,images/detect,256.0
75,1788868877.5625324,images/pose,16.0
75,1788868877.5625324,loss/backward,103.00250701904297
75,1788868877.5625324,loss/detect_mean,1.7560335397720337
75,1788868877.5625324,loss/joint_mean,1.6094141721725463
75,1788868877.5625324,loss/pose_mean,1.0229367017745972
75,1788868877.5625324,lr/attention.decay,0.0
75,1788868877.5625324,lr/attention.no_decay,0.0
75,1788868877.5625324,lr/backbone.decay,0.0
75,1788868877.5625324,lr/backbone.no_decay,0.0
75,1788868877.5625324,lr/detect_head.decay,6.19330453563715e-06
75,1788868877.5625324,lr/detect_head.no_decay,6.19330453563715e-06
75,1788868877.5625324,lr/masf.decay,0.0
75,1788868877.5625324,lr/masf.no_decay,0.0
75,1788868877.5625324,lr/neck.decay,2.47732181425486e-06
75,1788868877.5625324,lr/neck.no_decay,2.47732181425486e-06
75,1788868877.5625324,lr/pose_head.decay,6.19330453563715e-06
75,1788868877.5625324,lr/pose_head.no_decay,6.19330453563715e-06
75,1788868877.5625324,pose/component_0,0.7635397911071777
75,1788868877.5625324,pose/component_1,0.008767997846007347
75,1788868877.5625324,pose/component_2,0.0011565365130081773
75,1788868877.5625324,pose/component_3,0.25368547439575195
75,1788868877.5625324,pose/component_4,0.002728567458689213
75,1788868877.5625324,pose/component_5,0.0
76,1788868878.7427807,amp/overflow_retries,0.0
76,1788868878.7427807,amp/scale,512.0
76,1788868878.7427807,detect/component_0,1.046194076538086
76,1788868878.7427807,detect/component_1,0.9338334798812866
76,1788868878.7427807,detect/component_2,0.005826176144182682
76,1788868878.7427807,gradient/clipped_norm,147.84339904785156
76,1788868878.7427807,images/detect,256.0
76,1788868878.7427807,images/pose,16.0
76,1788868878.7427807,loss/backward,104.00914611816407
76,1788868878.7427807,loss/detect_mean,1.7489296793937683
76,1788868878.7427807,loss/joint_mean,1.6251429080963136
76,1788868878.7427807,loss/pose_mean,1.1299958229064941
76,1788868878.7427807,lr/attention.decay,0.0
76,1788868878.7427807,lr/attention.no_decay,0.0
76,1788868878.7427807,lr/backbone.decay,0.0
76,1788868878.7427807,lr/backbone.no_decay,0.0
76,1788868878.7427807,lr/detect_head.decay,6.241900647948165e-06
76,1788868878.7427807,lr/detect_head.no_decay,6.241900647948165e-06
76,1788868878.7427807,lr/masf.decay,0.0
76,1788868878.7427807,lr/masf.no_decay,0.0
76,1788868878.7427807,lr/neck.decay,2.496760259179266e-06
76,1788868878.7427807,lr/neck.no_decay,2.496760259179266e-06
76,1788868878.7427807,lr/pose_head.decay,6.241900647948165e-06
76,1788868878.7427807,lr/pose_head.no_decay,6.241900647948165e-06
76,1788868878.7427807,pose/component_0,0.8160959482192993
76,1788868878.7427807,pose/component_1,0.019828174263238907
76,1788868878.7427807,pose/component_2,0.013540372252464294
76,1788868878.7427807,pose/component_3,0.32538318634033203
76,1788868878.7427807,pose/component_4,0.0019311669748276472
76,1788868878.7427807,pose/component_5,0.0
77,1788868879.921567,amp/overflow_retries,0.0
77,1788868879.921567,amp/scale,512.0
77,1788868879.921567,detect/component_0,1.1056400537490845
77,1788868879.921567,detect/component_1,0.9398947954177856
77,1788868879.921567,detect/component_2,0.006459395866841078
77,1788868879.921567,gradient/clipped_norm,136.6903839111328
77,1788868879.921567,images/detect,256.0
77,1788868879.921567,images/pose,16.0
77,1788868879.921567,loss/backward,106.68917922973633
77,1788868879.921567,loss/detect_mean,1.8202747851610184
77,1788868879.921567,loss/joint_mean,1.66701842546463
77,1788868879.921567,loss/pose_mean,1.0539929866790771
77,1788868879.921567,lr/attention.decay,0.0
77,1788868879.921567,lr/attention.no_decay,0.0
77,1788868879.921567,lr/backbone.decay,0.0
77,1788868879.921567,lr/backbone.no_decay,0.0
77,1788868879.921567,lr/detect_head.decay,6.290496760259179e-06
77,1788868879.921567,lr/detect_head.no_decay,6.290496760259179e-06
77,1788868879.921567,lr/masf.decay,0.0
77,1788868879.921567,lr/masf.no_decay,0.0
77,1788868879.921567,lr/neck.decay,2.516198704103672e-06
77,1788868879.921567,lr/neck.no_decay,2.516198704103672e-06
77,1788868879.921567,lr/pose_head.decay,6.290496760259179e-06
77,1788868879.921567,lr/pose_head.no_decay,6.290496760259179e-06
77,1788868879.921567,pose/component_0,0.7720075249671936
77,1788868879.921567,pose/component_1,0.019365256652235985
77,1788868879.921567,pose/component_2,0.003448670031502843
77,1788868879.921567,pose/component_3,0.2541443109512329
77,1788868879.921567,pose/component_4,0.0025506813544780016
77,1788868879.921567,pose/component_5,0.0
78,1788868881.0912442,amp/overflow_retries,0.0
78,1788868881.0912442,amp/scale,512.0
78,1788868881.0912442,detect/component_0,1.0238145589828491
78,1788868881.0912442,detect/component_1,0.9470673203468323
78,1788868881.0912442,detect/component_2,0.006730943452566862
78,1788868881.0912442,gradient/clipped_norm,161.6080322265625
78,1788868881.0912442,images/detect,256.0
78,1788868881.0912442,images/pose,16.0
78,1788868881.0912442,loss/backward,101.31848831176758
78,1788868881.0912442,loss/detect_mean,1.7635339349508286
78,1788868881.0912442,loss/joint_mean,1.5831013798713685
78,1788868881.0912442,loss/pose_mean,0.8613711595535278
78,1788868881.0912442,lr/attention.decay,0.0
78,1788868881.0912442,lr/attention.no_decay,0.0
78,1788868881.0912442,lr/backbone.decay,0.0
78,1788868881.0912442,lr/backbone.no_decay,0.0
78,1788868881.0912442,lr/detect_head.decay,6.339092872570196e-06
78,1788868881.0912442,lr/detect_head.no_decay,6.339092872570196e-06
78,1788868881.0912442,lr/masf.decay,0.0
78,1788868881.0912442,lr/masf.no_decay,0.0
78,1788868881.0912442,lr/neck.decay,2.5356371490280786e-06
78,1788868881.0912442,lr/neck.no_decay,2.5356371490280786e-06
78,1788868881.0912442,lr/pose_head.decay,6.339092872570196e-06
78,1788868881.0912442,lr/pose_head.no_decay,6.339092872570196e-06
78,1788868881.0912442,pose/component_0,0.5133822560310364
78,1788868881.0912442,pose/component_1,0.011966809630393982
78,1788868881.0912442,pose/component_2,0.005353190004825592
78,1788868881.0912442,pose/component_3,0.3229329586029053
78,1788868881.0912442,pose/component_4,0.0030033672228455544
78,1788868881.0912442,pose/component_5,0.0
79,1788868882.2802255,amp/overflow_retries,0.0
79,1788868882.2802255,amp/scale,512.0
79,1788868882.2802255,detect/component_0,1.0856845378875732
79,1788868882.2802255,detect/component_1,0.9338856935501099
79,1788868882.2802255,detect/component_2,0.006632655393332243
79,1788868882.2802255,gradient/clipped_norm,134.37411499023438
79,1788868882.2802255,images/detect,256.0
79,1788868882.2802255,images/pose,16.0
79,1788868882.2802255,loss/backward,106.4906219482422
79,1788868882.2802255,loss/detect_mean,1.8082509636878967
79,1788868882.2802255,loss/joint_mean,1.6639159679412843
79,1788868882.2802255,loss/pose_mean,1.086575984954834
79,1788868882.2802255,lr/attention.decay,0.0
79,1788868882.2802255,lr/attention.no_decay,0.0
79,1788868882.2802255,lr/backbone.decay,0.0
79,1788868882.2802255,lr/backbone.no_decay,0.0
79,1788868882.2802255,lr/detect_head.decay,6.3876889848812096e-06
79,1788868882.2802255,lr/detect_head.no_decay,6.3876889848812096e-06
79,1788868882.2802255,lr/masf.decay,0.0
79,1788868882.2802255,lr/masf.no_decay,0.0
79,1788868882.2802255,lr/neck.decay,2.555075593952484e-06
79,1788868882.2802255,lr/neck.no_decay,2.555075593952484e-06
79,1788868882.2802255,lr/pose_head.decay,6.3876889848812096e-06
79,1788868882.2802255,lr/pose_head.no_decay,6.3876889848812096e-06
79,1788868882.2802255,pose/component_0,0.6930766105651855
79,1788868882.2802255,pose/component_1,0.00941476784646511
79,1788868882.2802255,pose/component_2,0.011035817675292492
79,1788868882.2802255,pose/component_3,0.27631875872612
79,1788868882.2802255,pose/component_4,0.002374898176640272
79,1788868882.2802255,pose/component_5,0.0
80,1788868883.4555593,amp/overflow_retries,0.0
80,1788868883.4555593,amp/scale,512.0
80,1788868883.4555593,detect/component_0,1.0662550926208496
80,1788868883.4555593,detect/component_1,0.9687394499778748
80,1788868883.4555593,detect/component_2,0.006179219577461481
80,1788868883.4555593,gradient/clipped_norm,120.29500579833984
80,1788868883.4555593,images/detect,256.0
80,1788868883.4555593,images/pose,16.0
80,1788868883.4555593,loss/backward,103.56895065307617
80,1788868883.4555593,loss/detect_mean,1.796308010816574
80,1788868883.4555593,loss/joint_mean,1.6182648539543152
80,1788868883.4555593,loss/pose_mean,0.9060922265052795
80,1788868883.4555593,lr/attention.decay,0.0
80,1788868883.4555593,lr/attention.no_decay,0.0
80,1788868883.4555593,lr/backbone.decay,0.0
80,1788868883.4555593,lr/backbone.no_decay,0.0
80,1788868883.4555593,lr/detect_head.decay,6.436285097192225e-06
80,1788868883.4555593,lr/detect_head.no_decay,6.436285097192225e-06
80,1788868883.4555593,lr/masf.decay,0.0
80,1788868883.4555593,lr/masf.no_decay,0.0
80,1788868883.4555593,lr/neck.decay,2.5745140388768904e-06
80,1788868883.4555593,lr/neck.no_decay,2.5745140388768904e-06
80,1788868883.4555593,lr/pose_head.decay,6.436285097192225e-06
80,1788868883.4555593,lr/pose_head.no_decay,6.436285097192225e-06
80,1788868883.4555593,pose/component_0,0.6665024161338806
80,1788868883.4555593,pose/component_1,0.006828733719885349
80,1788868883.4555593,pose/component_2,0.0015513645485043526
80,1788868883.4555593,pose/component_3,0.27734169363975525
80,1788868883.4555593,pose/component_4,0.0019326091278344393
80,1788868883.4555593,pose/component_5,0.0
81,1788868884.9184194,amp/overflow_retries,0.0
81,1788868884.9184194,amp/scale,512.0
81,1788868884.9184194,detect/component_0,1.082556962966919
81,1788868884.9184194,detect/component_1,0.9833611249923706
81,1788868884.9184194,detect/component_2,0.006483930163085461
81,1788868884.9184194,gradient/clipped_norm,156.6340789794922
81,1788868884.9184194,images/detect,256.0
81,1788868884.9184194,images/pose,16.0
81,1788868884.9184194,loss/backward,105.82288208007813
81,1788868884.9184194,loss/detect_mean,1.8113371133804321
81,1788868884.9184194,loss/joint_mean,1.6534825325012208
81,1788868884.9184194,loss/pose_mean,1.022064208984375
81,1788868884.9184194,lr/attention.decay,0.0
81,1788868884.9184194,lr/attention.no_decay,0.0
81,1788868884.9184194,lr/backbone.decay,0.0
81,1788868884.9184194,lr/backbone.no_decay,0.0
81,1788868884.9184194,lr/detect_head.decay,6.48488120950324e-06
81,1788868884.9184194,lr/detect_head.no_decay,6.48488120950324e-06
81,1788868884.9184194,lr/masf.decay,0.0
81,1788868884.9184194,lr/masf.no_decay,0.0
81,1788868884.9184194,lr/neck.decay,2.5939524838012963e-06
81,1788868884.9184194,lr/neck.no_decay,2.5939524838012963e-06
81,1788868884.9184194,lr/pose_head.decay,6.48488120950324e-06
81,1788868884.9184194,lr/pose_head.no_decay,6.48488120950324e-06
81,1788868884.9184194,pose/component_0,0.6871443390846252
81,1788868884.9184194,pose/component_1,0.027298949658870697
81,1788868884.9184194,pose/component_2,0.029167303815484047
81,1788868884.9184194,pose/component_3,0.3922097384929657
81,1788868884.9184194,pose/component_4,0.0020326063968241215
81,1788868884.9184194,pose/component_5,0.0
82,1788868886.0932562,amp/overflow_retries,0.0
82,1788868886.0932562,amp/scale,512.0
82,1788868886.0932562,detect/component_0,1.0170570611953735
82,1788868886.0932562,detect/component_1,0.9337863922119141
82,1788868886.0932562,detect/component_2,0.0063958545215427876
82,1788868886.0932562,gradient/clipped_norm,120.33919525146484
82,1788868886.0932562,images/detect,256.0
82,1788868886.0932562,images/pose,16.0
82,1788868886.0932562,loss/backward,97.30599670410156
82,1788868886.0932562,loss/detect_mean,1.7403234243392944
82,1788868886.0932562,loss/joint_mean,1.5204061985015869
82,1788868886.0932562,loss/pose_mean,0.6407372951507568
82,1788868886.0932562,lr/attention.decay,0.0
82,1788868886.0932562,lr/attention.no_decay,0.0
82,1788868886.0932562,lr/backbone.decay,0.0
82,1788868886.0932562,lr/backbone.no_decay,0.0
82,1788868886.0932562,lr/detect_head.decay,6.533477321814255e-06
82,1788868886.0932562,lr/detect_head.no_decay,6.533477321814255e-06
82,1788868886.0932562,lr/masf.decay,0.0
82,1788868886.0932562,lr/masf.no_decay,0.0
82,1788868886.0932562,lr/neck.decay,2.6133909287257018e-06
82,1788868886.0932562,lr/neck.no_decay,2.6133909287257018e-06
82,1788868886.0932562,lr/pose_head.decay,6.533477321814255e-06
82,1788868886.0932562,lr/pose_head.no_decay,6.533477321814255e-06
82,1788868886.0932562,pose/component_0,0.41687431931495667
82,1788868886.0932562,pose/component_1,0.006105042994022369
82,1788868886.0932562,pose/component_2,0.0007939230999909341
82,1788868886.0932562,pose/component_3,0.23625525832176208
82,1788868886.0932562,pose/component_4,0.0013759275898337364
82,1788868886.0932562,pose/component_5,0.0
83,1788868887.2788794,amp/overflow_retries,0.0
83,1788868887.2788794,amp/scale,512.0
83,1788868887.2788794,detect/component_0,1.0679941177368164
83,1788868887.2788794,detect/component_1,0.9245338439941406
83,1788868887.2788794,detect/component_2,0.0061279237270355225
83,1788868887.2788794,gradient/clipped_norm,124.51228332519531
83,1788868887.2788794,images/detect,256.0
83,1788868887.2788794,images/pose,16.0
83,1788868887.2788794,loss/backward,101.01377410888672
83,1788868887.2788794,loss/detect_mean,1.7691691517829895
83,1788868887.2788794,loss/joint_mean,1.578340220451355
83,1788868887.2788794,loss/pose_mean,0.8150244951248169
83,1788868887.2788794,lr/attention.decay,0.0
83,1788868887.2788794,lr/attention.no_decay,0.0
83,1788868887.2788794,lr/backbone.decay,0.0
83,1788868887.2788794,lr/backbone.no_decay,0.0
83,1788868887.2788794,lr/detect_head.decay,6.582073434125272e-06
83,1788868887.2788794,lr/detect_head.no_decay,6.582073434125272e-06
83,1788868887.2788794,lr/masf.decay,0.0
83,1788868887.2788794,lr/masf.no_decay,0.0
83,1788868887.2788794,lr/neck.decay,2.6328293736501085e-06
83,1788868887.2788794,lr/neck.no_decay,2.6328293736501085e-06
83,1788868887.2788794,lr/pose_head.decay,6.582073434125272e-06
83,1788868887.2788794,lr/pose_head.no_decay,6.582073434125272e-06
83,1788868887.2788794,pose/component_0,0.5603627562522888
83,1788868887.2788794,pose/component_1,0.011871443130075932
83,1788868887.2788794,pose/component_2,0.043974459171295166
83,1788868887.2788794,pose/component_3,0.26215091347694397
83,1788868887.2788794,pose/component_4,0.0021085827611386776
83,1788868887.2788794,pose/component_5,0.0
84,1788868888.4633834,amp/overflow_retries,0.0
84,1788868888.4633834,amp/scale,512.0
84,1788868888.4633834,detect/component_0,1.0877835750579834
84,1788868888.4633834,detect/component_1,0.9645111560821533
84,1788868888.4633834,detect/component_2,0.005975023377686739
84,1788868888.4633834,gradient/clipped_norm,130.0175323486328
84,1788868888.4633834,images/detect,256.0
84,1788868888.4633834,images/pose,16.0
84,1788868888.4633834,loss/backward,105.09107208251953
84,1788868888.4633834,loss/detect_mean,1.7976358532905579
84,1788868888.4633834,loss/joint_mean,1.6420480012893677
84,1788868888.4633834,loss/pose_mean,1.019696593284607
84,1788868888.4633834,lr/attention.decay,0.0
84,1788868888.4633834,lr/attention.no_decay,0.0
84,1788868888.4633834,lr/backbone.decay,0.0
84,1788868888.4633834,lr/backbone.no_decay,0.0
84,1788868888.4633834,lr/detect_head.decay,6.630669546436286e-06
84,1788868888.4633834,lr/detect_head.no_decay,6.630669546436286e-06
84,1788868888.4633834,lr/masf.decay,0.0
84,1788868888.4633834,lr/masf.no_decay,0.0
84,1788868888.4633834,lr/neck.decay,2.6522678185745144e-06
84,1788868888.4633834,lr/neck.no_decay,2.6522678185745144e-06
84,1788868888.4633834,lr/pose_head.decay,6.630669546436286e-06
84,1788868888.4633834,lr/pose_head.no_decay,6.630669546436286e-06
84,1788868888.4633834,pose/component_0,0.6878578066825867
84,1788868888.4633834,pose/component_1,0.007469041272997856
84,1788868888.4633834,pose/component_2,0.00681902002543211
84,1788868888.4633834,pose/component_3,0.5237085223197937
84,1788868888.4633834,pose/component_4,0.003123885951936245
84,1788868888.4633834,pose/component_5,0.0
85,1788868889.6484423,amp/overflow_retries,0.0
85,1788868889.6484423,amp/scale,512.0
85,1788868889.6484423,detect/component_0,1.1006108522415161
85,1788868889.6484423,detect/component_1,0.9787246584892273
85,1788868889.6484423,detect/component_2,0.006883201189339161
85,1788868889.6484423,gradient/clipped_norm,115.43460083007812
85,1788868889.6484423,images/detect,256.0
85,1788868889.6484423,images/pose,16.0
85,1788868889.6484423,loss/backward,107.12292098999023
85,1788868889.6484423,loss/detect_mean,1.8611361533403397
85,1788868889.6484423,loss/joint_mean,1.6737956404685974
85,1788868889.6484423,loss/pose_mean,0.9244335889816284
85,1788868889.6484423,lr/attention.decay,0.0
85,1788868889.6484423,lr/attention.no_decay,0.0
85,1788868889.6484423,lr/backbone.decay,0.0
85,1788868889.6484423,lr/backbone.no_decay,0.0
85,1788868889.6484423,lr/detect_head.decay,6.679265658747301e-06
85,1788868889.6484423,lr/detect_head.no_decay,6.679265658747301e-06
85,1788868889.6484423,lr/masf.decay,0.0
85,1788868889.6484423,lr/masf.no_decay,0.0
85,1788868889.6484423,lr/neck.decay,2.6717062634989203e-06
85,1788868889.6484423,lr/neck.no_decay,2.6717062634989203e-06
85,1788868889.6484423,lr/pose_head.decay,6.679265658747301e-06
85,1788868889.6484423,lr/pose_head.no_decay,6.679265658747301e-06
85,1788868889.6484423,pose/component_0,0.6620599627494812
85,1788868889.6484423,pose/component_1,0.00987663771957159
85,1788868889.6484423,pose/component_2,0.0021088356152176857
85,1788868889.6484423,pose/component_3,0.2409900277853012
85,1788868889.6484423,pose/component_4,0.0019294670782983303
85,1788868889.6484423,pose/component_5,0.0
86,1788868890.8316386,amp/overflow_retries,0.0
86,1788868890.8316386,amp/scale,512.0
86,1788868890.8316386,detect/component_0,1.0359950065612793
86,1788868890.8316386,detect/component_1,0.9316725134849548
86,1788868890.8316386,detect/component_2,0.006630562245845795
86,1788868890.8316386,gradient/clipped_norm,132.48866271972656
86,1788868890.8316386,images/detect,256.0
86,1788868890.8316386,images/pose,16.0
86,1788868890.8316386,loss/backward,100.70106353759766
86,1788868890.8316386,loss/detect_mean,1.7629903256893158
86,1788868890.8316386,loss/joint_mean,1.5734541177749635
86,1788868890.8316386,loss/pose_mean,0.8153092861175537
86,1788868890.8316386,lr/attention.decay,0.0
86,1788868890.8316386,lr/attention.no_decay,0.0
86,1788868890.8316386,lr/backbone.decay,0.0
86,1788868890.8316386,lr/backbone.no_decay,0.0
86,1788868890.8316386,lr/detect_head.decay,6.7278617710583164e-06
86,1788868890.8316386,lr/detect_head.no_decay,6.7278617710583164e-06
86,1788868890.8316386,lr/masf.decay,0.0
86,1788868890.8316386,lr/masf.no_decay,0.0
86,1788868890.8316386,lr/neck.decay,2.6911447084233267e-06
86,1788868890.8316386,lr/neck.no_decay,2.6911447084233267e-06
86,1788868890.8316386,lr/pose_head.decay,6.7278617710583164e-06
86,1788868890.8316386,lr/pose_head.no_decay,6.7278617710583164e-06
86,1788868890.8316386,pose/component_0,0.5597037076950073
86,1788868890.8316386,pose/component_1,0.007609685882925987
86,1788868890.8316386,pose/component_2,0.0054014902561903
86,1788868890.8316386,pose/component_3,0.20102237164974213
86,1788868890.8316386,pose/component_4,0.0019456760492175817
86,1788868890.8316386,pose/component_5,0.0
87,1788868892.00103,amp/overflow_retries,0.0
87,1788868892.00103,amp/scale,512.0
87,1788868892.00103,detect/component_0,1.0199191570281982
87,1788868892.00103,detect/component_1,0.9030228853225708
87,1788868892.00103,detect/component_2,0.006782167591154575
87,1788868892.00103,gradient/clipped_norm,148.06654357910156
87,1788868892.00103,images/detect,256.0
87,1788868892.00103,images/pose,16.0
87,1788868892.00103,loss/backward,101.63749771118164
87,1788868892.00103,loss/detect_mean,1.7296022921800613
87,1788868892.00103,loss/joint_mean,1.588085901737213
87,1788868892.00103,loss/pose_mean,1.0220203399658203
87,1788868892.00103,lr/attention.decay,0.0
87,1788868892.00103,lr/attention.no_decay,0.0
87,1788868892.00103,lr/backbone.decay,0.0
87,1788868892.00103,lr/backbone.no_decay,0.0
87,1788868892.00103,lr/detect_head.decay,6.77645788336933e-06
87,1788868892.00103,lr/detect_head.no_decay,6.77645788336933e-06
87,1788868892.00103,lr/masf.decay,0.0
87,1788868892.00103,lr/masf.no_decay,0.0
87,1788868892.00103,lr/neck.decay,2.710583153347732e-06
87,1788868892.00103,lr/neck.no_decay,2.710583153347732e-06
87,1788868892.00103,lr/pose_head.decay,6.77645788336933e-06
87,1788868892.00103,lr/pose_head.no_decay,6.77645788336933e-06
87,1788868892.00103,pose/component_0,0.6572099924087524
87,1788868892.00103,pose/component_1,0.025318074971437454
87,1788868892.00103,pose/component_2,0.0020420297514647245
87,1788868892.00103,pose/component_3,0.38792291283607483
87,1788868892.00103,pose/component_4,0.0017946262378245592
87,1788868892.00103,pose/component_5,0.0
88,1788868893.1782916,amp/overflow_retries,0.0
88,1788868893.1782916,amp/scale,512.0
88,1788868893.1782916,detect/component_0,1.0597580671310425
88,1788868893.1782916,detect/component_1,0.9639560580253601
88,1788868893.1782916,detect/component_2,0.006262236274778843
88,1788868893.1782916,gradient/clipped_norm,139.460205078125
88,1788868893.1782916,images/detect,256.0
88,1788868893.1782916,images/pose,16.0
88,1788868893.1782916,loss/backward,101.57051849365234
88,1788868893.1782916,loss/detect_mean,1.8064727783203125
88,1788868893.1782916,loss/joint_mean,1.5870393514633179
88,1788868893.1782916,loss/pose_mean,0.7093056440353394
88,1788868893.1782916,lr/attention.decay,0.0
88,1788868893.1782916,lr/attention.no_decay,0.0
88,1788868893.1782916,lr/backbone.decay,0.0
88,1788868893.1782916,lr/backbone.no_decay,0.0
88,1788868893.1782916,lr/detect_head.decay,6.8250539956803455e-06
88,1788868893.1782916,lr/detect_head.no_decay,6.8250539956803455e-06
88,1788868893.1782916,lr/masf.decay,0.0
88,1788868893.1782916,lr/masf.no_decay,0.0
88,1788868893.1782916,lr/neck.decay,2.7300215982721385e-06
88,1788868893.1782916,lr/neck.no_decay,2.7300215982721385e-06
88,1788868893.1782916,lr/pose_head.decay,6.8250539956803455e-06
88,1788868893.1782916,lr/pose_head.no_decay,6.8250539956803455e-06
88,1788868893.1782916,pose/component_0,0.478078156709671
88,1788868893.1782916,pose/component_1,0.010843157768249512
88,1788868893.1782916,pose/component_2,0.007603766862303019
88,1788868893.1782916,pose/component_3,0.15817499160766602
88,1788868893.1782916,pose/component_4,0.001919616013765335
88,1788868893.1782916,pose/component_5,0.0
89,1788868894.348783,amp/overflow_retries,0.0
89,1788868894.348783,amp/scale,512.0
89,1788868894.348783,detect/component_0,1.1119401454925537
89,1788868894.348783,detect/component_1,1.0430753231048584
89,1788868894.348783,detect/component_2,0.006571791134774685
89,1788868894.348783,gradient/clipped_norm,131.71170043945312
89,1788868894.348783,images/detect,256.0
89,1788868894.348783,images/pose,16.0
89,1788868894.348783,loss/backward,109.78437652587891
89,1788868894.348783,loss/detect_mean,1.9218110740184784
89,1788868894.348783,loss/joint_mean,1.715380883216858
89,1788868894.348783,loss/pose_mean,0.889660120010376
89,1788868894.348783,lr/attention.decay,0.0
89,1788868894.348783,lr/attention.no_decay,0.0
89,1788868894.348783,lr/backbone.decay,0.0
89,1788868894.348783,lr/backbone.no_decay,0.0
89,1788868894.348783,lr/detect_head.decay,6.873650107991361e-06
89,1788868894.348783,lr/detect_head.no_decay,6.873650107991361e-06
89,1788868894.348783,lr/masf.decay,0.0
89,1788868894.348783,lr/masf.no_decay,0.0
89,1788868894.348783,lr/neck.decay,2.7494600431965448e-06
89,1788868894.348783,lr/neck.no_decay,2.7494600431965448e-06
89,1788868894.348783,lr/pose_head.decay,6.873650107991361e-06
89,1788868894.348783,lr/pose_head.no_decay,6.873650107991361e-06
89,1788868894.348783,pose/component_0,0.6485680937767029
89,1788868894.348783,pose/component_1,0.0059389639645814896
89,1788868894.348783,pose/component_2,0.004898800048977137
89,1788868894.348783,pose/component_3,0.27333593368530273
89,1788868894.348783,pose/component_4,0.0021987135987728834
89,1788868894.348783,pose/component_5,0.0
90,1788868895.5028157,amp/overflow_retries,0.0
90,1788868895.5028157,amp/scale,512.0
90,1788868895.5028157,detect/component_0,1.0264813899993896
90,1788868895.5028157,detect/component_1,0.9209691286087036
90,1788868895.5028157,detect/component_2,0.006426703184843063
90,1788868895.5028157,gradient/clipped_norm,133.11671447753906
90,1788868895.5028157,images/detect,256.0
90,1788868895.5028157,images/pose,16.0
90,1788868895.5028157,loss/backward,103.0170509338379
90,1788868895.5028157,loss/detect_mean,1.7584851831197739
90,1788868895.5028157,loss/joint_mean,1.609641420841217
90,1788868895.5028157,loss/pose_mean,1.0142663717269897
90,1788868895.5028157,lr/attention.decay,0.0
90,1788868895.5028157,lr/attention.no_decay,0.0
90,1788868895.5028157,lr/backbone.decay,0.0
90,1788868895.5028157,lr/backbone.no_decay,0.0
90,1788868895.5028157,lr/detect_head.decay,6.9222462203023754e-06
90,1788868895.5028157,lr/detect_head.no_decay,6.9222462203023754e-06
90,1788868895.5028157,lr/masf.decay,0.0
90,1788868895.5028157,lr/masf.no_decay,0.0
90,1788868895.5028157,lr/neck.decay,2.7688984881209503e-06
90,1788868895.5028157,lr/neck.no_decay,2.7688984881209503e-06
90,1788868895.5028157,lr/pose_head.decay,6.9222462203023754e-06
90,1788868895.5028157,lr/pose_head.no_decay,6.9222462203023754e-06
90,1788868895.5028157,pose/component_0,0.6881402134895325
90,1788868895.5028157,pose/component_1,0.010298172011971474
90,1788868895.5028157,pose/component_2,0.04745345190167427
90,1788868895.5028157,pose/component_3,0.28956568241119385
90,1788868895.5028157,pose/component_4,0.0017555116210132837
90,1788868895.5028157,pose/component_5,0.0
91,1788868896.6765316,amp/overflow_retries,0.0
91,1788868896.6765316,amp/scale,512.0
91,1788868896.6765316,detect/component_0,1.0981740951538086
91,1788868896.6765316,detect/component_1,0.9848847985267639
91,1788868896.6765316,detect/component_2,0.00687140878289938
91,1788868896.6765316,gradient/clipped_norm,136.19964599609375
91,1788868896.6765316,images/detect,256.0
91,1788868896.6765316,images/pose,16.0
91,1788868896.6765316,loss/backward,104.0248046875
91,1788868896.6765316,loss/detect_mean,1.8441073596477509
91,1788868896.6765316,loss/joint_mean,1.6253875732421874
91,1788868896.6765316,loss/pose_mean,0.7505084276199341
91,1788868896.6765316,lr/attention.decay,0.0
91,1788868896.6765316,lr/attention.no_decay,0.0
91,1788868896.6765316,lr/backbone.decay,0.0
91,1788868896.6765316,lr/backbone.no_decay,0.0
91,1788868896.6765316,lr/detect_head.decay,6.970842332613392e-06
91,1788868896.6765316,lr/detect_head.no_decay,6.970842332613392e-06
91,1788868896.6765316,lr/masf.decay,0.0
91,1788868896.6765316,lr/masf.no_decay,0.0
91,1788868896.6765316,lr/neck.decay,2.788336933045357e-06
91,1788868896.6765316,lr/neck.no_decay,2.788336933045357e-06
91,1788868896.6765316,lr/pose_head.decay,6.970842332613392e-06
91,1788868896.6765316,lr/pose_head.no_decay,6.970842332613392e-06
91,1788868896.6765316,pose/component_0,0.5352322459220886
91,1788868896.6765316,pose/component_1,0.009397655725479126
91,1788868896.6765316,pose/component_2,0.0018421821296215057
91,1788868896.6765316,pose/component_3,0.2365671843290329
91,1788868896.6765316,pose/component_4,0.0011231621028855443
91,1788868896.6765316,pose/component_5,0.0
92,1788868897.855313,amp/overflow_retries,0.0
92,1788868897.855313,amp/scale,512.0
92,1788868897.855313,detect/component_0,1.0412213802337646
92,1788868897.855313,detect/component_1,0.9198118448257446
92,1788868897.855313,detect/component_2,0.006105153821408749
92,1788868897.855313,gradient/clipped_norm,131.21060180664062
92,1788868897.855313,images/detect,256.0
92,1788868897.855313,images/pose,16.0
92,1788868897.855313,loss/backward,100.4382537841797
92,1788868897.855313,loss/detect_mean,1.7626962214708328
92,1788868897.855313,loss/joint_mean,1.5693477153778077
92,1788868897.855313,loss/pose_mean,0.7959536910057068
92,1788868897.855313,lr/attention.decay,0.0
92,1788868897.855313,lr/attention.no_decay,0.0
92,1788868897.855313,lr/backbone.decay,0.0
92,1788868897.855313,lr/backbone.no_decay,0.0
92,1788868897.855313,lr/detect_head.decay,7.019438444924406e-06
92,1788868897.855313,lr/detect_head.no_decay,7.019438444924406e-06
92,1788868897.855313,lr/masf.decay,0.0
92,1788868897.855313,lr/masf.no_decay,0.0
92,1788868897.855313,lr/neck.decay,2.8077753779697625e-06
92,1788868897.855313,lr/neck.no_decay,2.8077753779697625e-06
92,1788868897.855313,lr/pose_head.decay,7.019438444924406e-06
92,1788868897.855313,lr/pose_head.no_decay,7.019438444924406e-06
92,1788868897.855313,pose/component_0,0.5280129313468933
92,1788868897.855313,pose/component_1,0.008637615479528904
92,1788868897.855313,pose/component_2,0.0023619350977241993
92,1788868897.855313,pose/component_3,0.25633054971694946
92,1788868897.855313,pose/component_4,0.0033779055811464787
92,1788868897.855313,pose/component_5,0.0
93,1788868899.0278273,amp/overflow_retries,0.0
93,1788868899.0278273,amp/scale,512.0
93,1788868899.0278273,detect/component_0,0.9773911833763123
93,1788868899.0278273,detect/component_1,0.9030683636665344
93,1788868899.0278273,detect/component_2,0.006022718269377947
93,1788868899.0278273,gradient/clipped_norm,149.34889221191406
93,1788868899.0278273,images/detect,256.0
93,1788868899.0278273,images/pose,16.0
93,1788868899.0278273,loss/backward,96.9287239074707
93,1788868899.0278273,loss/detect_mean,1.7013355642557144
93,1788868899.0278273,loss/joint_mean,1.5145113110542296
93,1788868899.0278273,loss/pose_mean,0.767214298248291
93,1788868899.0278273,lr/attention.decay,0.0
93,1788868899.0278273,lr/attention.no_decay,0.0
93,1788868899.0278273,lr/backbone.decay,0.0
93,1788868899.0278273,lr/backbone.no_decay,0.0
93,1788868899.0278273,lr/detect_head.decay,7.068034557235422e-06
93,1788868899.0278273,lr/detect_head.no_decay,7.068034557235422e-06
93,1788868899.0278273,lr/masf.decay,0.0
93,1788868899.0278273,lr/masf.no_decay,0.0
93,1788868899.0278273,lr/neck.decay,2.827213822894169e-06
93,1788868899.0278273,lr/neck.no_decay,2.827213822894169e-06
93,1788868899.0278273,lr/pose_head.decay,7.068034557235422e-06
93,1788868899.0278273,lr/pose_head.no_decay,7.068034557235422e-06
93,1788868899.0278273,pose/component_0,0.48970258235931396
93,1788868899.0278273,pose/component_1,0.009177008643746376
93,1788868899.0278273,pose/component_2,0.002896621823310852
93,1788868899.0278273,pose/component_3,0.3114794194698334
93,1788868899.0278273,pose/component_4,0.0022062428761273623
93,1788868899.0278273,pose/component_5,0.0
94,1788868900.200935,amp/overflow_retries,0.0
94,1788868900.200935,amp/scale,512.0
94,1788868900.200935,detect/component_0,1.0948669910430908
94,1788868900.200935,detect/component_1,0.9058940410614014
94,1788868900.200935,detect/component_2,0.005887090694159269
94,1788868900.200935,gradient/clipped_norm,116.43161010742188
94,1788868900.200935,images/detect,256.0
94,1788868900.200935,images/pose,16.0
94,1788868900.200935,loss/backward,100.41156997680665
94,1788868900.200935,loss/detect_mean,1.7833993881940842
94,1788868900.200935,loss/joint_mean,1.5689307808876038
94,1788868900.200935,loss/pose_mean,0.7110563516616821
94,1788868900.200935,lr/attention.decay,0.0
94,1788868900.200935,lr/attention.no_decay,0.0
94,1788868900.200935,lr/backbone.decay,0.0
94,1788868900.200935,lr/backbone.no_decay,0.0
94,1788868900.200935,lr/detect_head.decay,7.116630669546437e-06
94,1788868900.200935,lr/detect_head.no_decay,7.116630669546437e-06
94,1788868900.200935,lr/masf.decay,0.0
94,1788868900.200935,lr/masf.no_decay,0.0
94,1788868900.200935,lr/neck.decay,2.8466522678185747e-06
94,1788868900.200935,lr/neck.no_decay,2.8466522678185747e-06
94,1788868900.200935,lr/pose_head.decay,7.116630669546437e-06
94,1788868900.200935,lr/pose_head.no_decay,7.116630669546437e-06
94,1788868900.200935,pose/component_0,0.4738194942474365
94,1788868900.200935,pose/component_1,0.005932038649916649
94,1788868900.200935,pose/component_2,0.0030051027424633503
94,1788868900.200935,pose/component_3,0.21777215600013733
94,1788868900.200935,pose/component_4,0.0016982500674203038
94,1788868900.200935,pose/component_5,0.0
95,1788868901.374534,amp/overflow_retries,0.0
95,1788868901.374534,amp/scale,512.0
95,1788868901.374534,detect/component_0,1.0359644889831543
95,1788868901.374534,detect/component_1,0.8957836627960205
95,1788868901.374534,detect/component_2,0.006182999350130558
95,1788868901.374534,gradient/clipped_norm,139.51649475097656
95,1788868901.374534,images/detect,256.0
95,1788868901.374534,images/pose,16.0
95,1788868901.374534,loss/backward,97.97845077514648
95,1788868901.374534,loss/detect_mean,1.7167991250753403
95,1788868901.374534,loss/joint_mean,1.5309132933616638
95,1788868901.374534,loss/pose_mean,0.787369966506958
95,1788868901.374534,lr/attention.decay,0.0
95,1788868901.374534,lr/attention.no_decay,0.0
95,1788868901.374534,lr/backbone.decay,0.0
95,1788868901.374534,lr/backbone.no_decay,0.0
95,1788868901.374534,lr/detect_head.decay,7.165226781857452e-06
95,1788868901.374534,lr/detect_head.no_decay,7.165226781857452e-06
95,1788868901.374534,lr/masf.decay,0.0
95,1788868901.374534,lr/masf.no_decay,0.0
95,1788868901.374534,lr/neck.decay,2.866090712742981e-06
95,1788868901.374534,lr/neck.no_decay,2.866090712742981e-06
95,1788868901.374534,lr/pose_head.decay,7.165226781857452e-06
95,1788868901.374534,lr/pose_head.no_decay,7.165226781857452e-06
95,1788868901.374534,pose/component_0,0.5224018096923828
95,1788868901.374534,pose/component_1,0.007194343023002148
95,1788868901.374534,pose/component_2,0.004581480287015438
95,1788868901.374534,pose/component_3,0.22082717716693878
95,1788868901.374534,pose/component_4,0.0015478794230148196
95,1788868901.374534,pose/component_5,0.0
96,1788868902.705728,amp/overflow_retries,0.0
96,1788868902.705728,amp/scale,512.0
96,1788868902.705728,detect/component_0,1.115135669708252
96,1788868902.705728,detect/component_1,1.0009946823120117
96,1788868902.705728,detect/component_2,0.006168872583657503
96,1788868902.705728,gradient/clipped_norm,159.65921020507812
96,1788868902.705728,images/detect,256.0
96,1788868902.705728,images/pose,16.0
96,1788868902.705728,loss/backward,110.52485504150391
96,1788868902.705728,loss/detect_mean,1.8948137760162354
96,1788868902.705728,loss/joint_mean,1.7269508600234986
96,1788868902.705728,loss/pose_mean,1.0554991960525513
96,1788868902.705728,lr/attention.decay,0.0
96,1788868902.705728,lr/attention.no_decay,0.0
96,1788868902.705728,lr/backbone.decay,0.0
96,1788868902.705728,lr/backbone.no_decay,0.0
96,1788868902.705728,lr/detect_head.decay,7.213822894168468e-06
96,1788868902.705728,lr/detect_head.no_decay,7.213822894168468e-06
96,1788868902.705728,lr/masf.decay,0.0
96,1788868902.705728,lr/masf.no_decay,0.0
96,1788868902.705728,lr/neck.decay,2.8855291576673874e-06
96,1788868902.705728,lr/neck.no_decay,2.8855291576673874e-06
96,1788868902.705728,lr/pose_head.decay,7.213822894168468e-06
96,1788868902.705728,lr/pose_head.no_decay,7.213822894168468e-06
96,1788868902.705728,pose/component_0,0.7431526184082031
96,1788868902.705728,pose/component_1,0.010468194261193275
96,1788868902.705728,pose/component_2,0.001801036880351603
96,1788868902.705728,pose/component_3,0.34904423356056213
96,1788868902.705728,pose/component_4,0.0028909738175570965
96,1788868902.705728,pose/component_5,0.0
97,1788868903.8813179,amp/overflow_retries,0.0
97,1788868903.8813179,amp/scale,512.0
97,1788868903.8813179,detect/component_0,1.043878197669983
97,1788868903.8813179,detect/component_1,0.9394505023956299
97,1788868903.8813179,detect/component_2,0.0063093299977481365
97,1788868903.8813179,gradient/clipped_norm,113.19964599609375
97,1788868903.8813179,images/detect,256.0
97,1788868903.8813179,images/pose,16.0
97,1788868903.8813179,loss/backward,103.54253845214843
97,1788868903.8813179,loss/detect_mean,1.7775477766990662
97,1788868903.8813179,loss/joint_mean,1.6178521633148193
97,1788868903.8813179,loss/pose_mean,0.979069709777832
97,1788868903.8813179,lr/attention.decay,0.0
97,1788868903.8813179,lr/attention.no_decay,0.0
97,1788868903.8813179,lr/backbone.decay,0.0
97,1788868903.8813179,lr/backbone.no_decay,0.0
97,1788868903.8813179,lr/detect_head.decay,7.2624190064794815e-06
97,1788868903.8813179,lr/detect_head.no_decay,7.2624190064794815e-06
97,1788868903.8813179,lr/masf.decay,0.0
97,1788868903.8813179,lr/masf.no_decay,0.0
97,1788868903.8813179,lr/neck.decay,2.904967602591793e-06
97,1788868903.8813179,lr/neck.no_decay,2.904967602591793e-06
97,1788868903.8813179,lr/pose_head.decay,7.2624190064794815e-06
97,1788868903.8813179,lr/pose_head.no_decay,7.2624190064794815e-06
97,1788868903.8813179,pose/component_0,0.7791688442230225
97,1788868903.8813179,pose/component_1,0.027735959738492966
97,1788868903.8813179,pose/component_2,0.02983349934220314
97,1788868903.8813179,pose/component_3,0.24061831831932068
97,1788868903.8813179,pose/component_4,0.004851386416703463
97,1788868903.8813179,pose/component_5,0.0
98,1788868905.041952,amp/overflow_retries,0.0
98,1788868905.041952,amp/scale,512.0
98,1788868905.041952,detect/component_0,1.0931280851364136
98,1788868905.041952,detect/component_1,0.9776394367218018
98,1788868905.041952,detect/component_2,0.006889881566166878
98,1788868905.041952,gradient/clipped_norm,120.3838119506836
98,1788868905.041952,images/detect,256.0
98,1788868905.041952,images/pose,16.0
98,1788868905.041952,loss/backward,107.04670104980468
98,1788868905.041952,loss/detect_mean,1.8564364910125732
98,1788868905.041952,loss/joint_mean,1.6726047039031982
98,1788868905.041952,loss/pose_mean,0.9372775554656982
98,1788868905.041952,lr/attention.decay,0.0
98,1788868905.041952,lr/attention.no_decay,0.0
98,1788868905.041952,lr/backbone.decay,0.0
98,1788868905.041952,lr/backbone.no_decay,0.0
98,1788868905.041952,lr/detect_head.decay,7.3110151187904985e-06
98,1788868905.041952,lr/detect_head.no_decay,7.3110151187904985e-06
98,1788868905.041952,lr/masf.decay,0.0
98,1788868905.041952,lr/masf.no_decay,0.0
98,1788868905.041952,lr/neck.decay,2.9244060475161996e-06
98,1788868905.041952,lr/neck.no_decay,2.9244060475161996e-06
98,1788868905.041952,lr/pose_head.decay,7.3110151187904985e-06
98,1788868905.041952,lr/pose_head.no_decay,7.3110151187904985e-06
98,1788868905.041952,pose/component_0,0.6369690299034119
98,1788868905.041952,pose/component_1,0.018482640385627747
98,1788868905.041952,pose/component_2,0.005781060084700584
98,1788868905.041952,pose/component_3,0.3267212212085724
98,1788868905.041952,pose/component_4,0.003642437979578972
98,1788868905.041952,pose/component_5,0.0
99,1788868906.2039886,amp/overflow_retries,0.0
99,1788868906.2039886,amp/scale,512.0
99,1788868906.2039886,detect/component_0,1.0622726678848267
99,1788868906.2039886,detect/component_1,0.9544206857681274
99,1788868906.2039886,detect/component_2,0.006037479266524315
99,1788868906.2039886,gradient/clipped_norm,142.36195373535156
99,1788868906.2039886,images/detect,256.0
99,1788868906.2039886,images/pose,16.0
99,1788868906.2039886,loss/backward,102.6235221862793
99,1788868906.2039886,loss/detect_mean,1.79364775121212
99,1788868906.2039886,loss/joint_mean,1.603492534160614
99,1788868906.2039886,loss/pose_mean,0.8428716659545898
99,1788868906.2039886,lr/attention.decay,0.0
99,1788868906.2039886,lr/attention.no_decay,0.0
99,1788868906.2039886,lr/backbone.decay,0.0
99,1788868906.2039886,lr/backbone.no_decay,0.0
99,1788868906.2039886,lr/detect_head.decay,7.359611231101512e-06
99,1788868906.2039886,lr/detect_head.no_decay,7.359611231101512e-06
99,1788868906.2039886,lr/masf.decay,0.0
99,1788868906.2039886,lr/masf.no_decay,0.0
99,1788868906.2039886,lr/neck.decay,2.943844492440605e-06
99,1788868906.2039886,lr/neck.no_decay,2.943844492440605e-06
99,1788868906.2039886,lr/pose_head.decay,7.359611231101512e-06
99,1788868906.2039886,lr/pose_head.no_decay,7.359611231101512e-06
99,1788868906.2039886,pose/component_0,0.5610094666481018
99,1788868906.2039886,pose/component_1,0.006053481716662645
99,1788868906.2039886,pose/component_2,0.027403002604842186
99,1788868906.2039886,pose/component_3,0.27645552158355713
99,1788868906.2039886,pose/component_4,0.0013040811754763126
99,1788868906.2039886,pose/component_5,0.0
100,1788868907.381295,amp/overflow_retries,0.0
100,1788868907.381295,amp/scale,512.0
100,1788868907.381295,detect/component_0,0.9788699150085449
100,1788868907.381295,detect/component_1,0.8361632823944092
100,1788868907.381295,detect/component_2,0.0064992960542440414
100,1788868907.381295,gradient/clipped_norm,152.20713806152344
100,1788868907.381295,gradient/detect_shared_norm,93.09098258755431
100,1788868907.381295,gradient/pose_shared_norm,90.67865884082488
100,1788868907.381295,gradient/shared_cosine,0.025064600852218934
100,1788868907.381295,images/detect,256.0
100,1788868907.381295,images/pose,16.0
100,1788868907.381295,loss/backward,95.94328231811524
100,1788868907.381295,loss/detect_mean,1.64935801923275
100,1788868907.381295,loss/joint_mean,1.4991137862205506
100,1788868907.381295,loss/pose_mean,0.8981368541717529
100,1788868907.381295,lr/attention.decay,0.0
100,1788868907.381295,lr/attention.no_decay,0.0
100,1788868907.381295,lr/backbone.decay,0.0
100,1788868907.381295,lr/backbone.no_decay,0.0
100,1788868907.381295,lr/detect_head.decay,7.408207343412528e-06
100,1788868907.381295,lr/detect_head.no_decay,7.408207343412528e-06
100,1788868907.381295,lr/masf.decay,0.0
100,1788868907.381295,lr/masf.no_decay,0.0
100,1788868907.381295,lr/neck.decay,2.9632829373650114e-06
100,1788868907.381295,lr/neck.no_decay,2.9632829373650114e-06
100,1788868907.381295,lr/pose_head.decay,7.408207343412528e-06
100,1788868907.381295,lr/pose_head.no_decay,7.408207343412528e-06
100,1788868907.381295,pose/component_0,0.60390305519104
100,1788868907.381295,pose/component_1,0.01668773964047432
100,1788868907.381295,pose/component_2,0.00487078120931983
100,1788868907.381295,pose/component_3,0.2990926206111908
100,1788868907.381295,pose/component_4,0.002280177315697074
100,1788868907.381295,pose/component_5,0.0
101,1788868908.5602694,amp/overflow_retries,0.0
101,1788868908.5602694,amp/scale,512.0
101,1788868908.5602694,detect/component_0,1.0753185749053955
101,1788868908.5602694,detect/component_1,0.942854106426239
101,1788868908.5602694,detect/component_2,0.006005174946039915
101,1788868908.5602694,gradient/clipped_norm,125.92401885986328
101,1788868908.5602694,images/detect,256.0
101,1788868908.5602694,images/pose,16.0
101,1788868908.5602694,loss/backward,103.9931854248047
101,1788868908.5602694,loss/detect_mean,1.776880294084549
101,1788868908.5602694,loss/joint_mean,1.6248935222625733
101,1788868908.5602694,loss/pose_mean,1.0169464349746704
101,1788868908.5602694,lr/attention.decay,0.0
101,1788868908.5602694,lr/attention.no_decay,0.0
101,1788868908.5602694,lr/backbone.decay,0.0
101,1788868908.5602694,lr/backbone.no_decay,0.0
101,1788868908.5602694,lr/detect_head.decay,7.456803455723543e-06
101,1788868908.5602694,lr/detect_head.no_decay,7.456803455723543e-06
101,1788868908.5602694,lr/masf.decay,0.0
101,1788868908.5602694,lr/masf.no_decay,0.0
101,1788868908.5602694,lr/neck.decay,2.9827213822894173e-06
101,1788868908.5602694,lr/neck.no_decay,2.9827213822894173e-06
101,1788868908.5602694,lr/pose_head.decay,7.456803455723543e-06
101,1788868908.5602694,lr/pose_head.no_decay,7.456803455723543e-06
101,1788868908.5602694,pose/component_0,0.7669387459754944
101,1788868908.5602694,pose/component_1,0.008950523100793362
101,1788868908.5602694,pose/component_2,0.010149141773581505
101,1788868908.5602694,pose/component_3,0.24995030462741852
101,1788868908.5602694,pose/component_4,0.0019039364997297525
101,1788868908.5602694,pose/component_5,0.0
102,1788868909.7383242,amp/overflow_retries,0.0
102,1788868909.7383242,amp/scale,512.0
102,1788868909.7383242,detect/component_0,1.0682129859924316
102,1788868909.7383242,detect/component_1,0.9758987426757812
102,1788868909.7383242,detect/component_2,0.006218383554369211
102,1788868909.7383242,gradient/clipped_norm,164.00686645507812
102,1788868909.7383242,images/detect,256.0
102,1788868909.7383242,images/pose,16.0
102,1788868909.7383242,loss/backward,102.1870101928711
102,1788868909.7383242,loss/detect_mean,1.8160317838191986
102,1788868909.7383242,loss/joint_mean,1.596672034263611
102,1788868909.7383242,loss/pose_mean,0.7192330360412598
102,1788868909.7383242,lr/attention.decay,0.0
102,1788868909.7383242,lr/attention.no_decay,0.0
102,1788868909.7383242,lr/backbone.decay,0.0
102,1788868909.7383242,lr/backbone.no_decay,0.0
102,1788868909.7383242,lr/detect_head.decay,7.5053995680345575e-06
102,1788868909.7383242,lr/detect_head.no_decay,7.5053995680345575e-06
102,1788868909.7383242,lr/masf.decay,0.0
102,1788868909.7383242,lr/masf.no_decay,0.0
102,1788868909.7383242,lr/neck.decay,3.002159827213823e-06
102,1788868909.7383242,lr/neck.no_decay,3.002159827213823e-06
102,1788868909.7383242,lr/pose_head.decay,7.5053995680345575e-06
102,1788868909.7383242,lr/pose_head.no_decay,7.5053995680345575e-06
102,1788868909.7383242,pose/component_0,0.49372437596321106
102,1788868909.7383242,pose/component_1,0.011365657672286034
102,1788868909.7383242,pose/component_2,0.002217440865933895
102,1788868909.7383242,pose/component_3,0.2407582402229309
102,1788868909.7383242,pose/component_4,0.001733460696414113
102,1788868909.7383242,pose/component_5,0.0
103,1788868910.9090865,amp/overflow_retries,0.0
103,1788868910.9090865,amp/scale,512.0
103,1788868910.9090865,detect/component_0,1.1351121664047241
103,1788868910.9090865,detect/component_1,0.9679373502731323
103,1788868910.9090865,detect/component_2,0.006345395930111408
103,1788868910.9090865,gradient/clipped_norm,129.81454467773438
103,1788868910.9090865,images/detect,256.0
103,1788868910.9090865,images/pose,16.0
103,1788868910.9090865,loss/backward,110.62048263549805
103,1788868910.9090865,loss/detect_mean,1.873606339097023
103,1788868910.9090865,loss/joint_mean,1.728445041179657
103,1788868910.9090865,loss/pose_mean,1.1477998495101929
103,1788868910.9090865,lr/attention.decay,0.0
103,1788868910.9090865,lr/attention.no_decay,0.0
103,1788868910.9090865,lr/backbone.decay,0.0
103,1788868910.9090865,lr/backbone.no_decay,0.0
103,1788868910.9090865,lr/detect_head.decay,7.553995680345573e-06
103,1788868910.9090865,lr/detect_head.no_decay,7.553995680345573e-06
103,1788868910.9090865,lr/masf.decay,0.0
103,1788868910.9090865,lr/masf.no_decay,0.0
103,1788868910.9090865,lr/neck.decay,3.021598272138229e-06
103,1788868910.9090865,lr/neck.no_decay,3.021598272138229e-06
103,1788868910.9090865,lr/pose_head.decay,7.553995680345573e-06
103,1788868910.9090865,lr/pose_head.no_decay,7.553995680345573e-06
103,1788868910.9090865,pose/component_0,0.8514159917831421
103,1788868910.9090865,pose/component_1,0.049735620617866516
103,1788868910.9090865,pose/component_2,0.003050439292564988
103,1788868910.9090865,pose/component_3,0.26690375804901123
103,1788868910.9090865,pose/component_4,0.0026557708624750376
103,1788868910.9090865,pose/component_5,0.0
104,1788868912.087782,amp/overflow_retries,0.0
104,1788868912.087782,amp/scale,512.0
104,1788868912.087782,detect/component_0,1.031592845916748
104,1788868912.087782,detect/component_1,0.949047327041626
104,1788868912.087782,detect/component_2,0.0065397834405303
104,1788868912.087782,gradient/clipped_norm,131.8375701904297
104,1788868912.087782,images/detect,256.0
104,1788868912.087782,images/pose,16.0
104,1788868912.087782,loss/backward,102.36822662353515
104,1788868912.087782,loss/detect_mean,1.783042997121811
104,1788868912.087782,loss/joint_mean,1.5995035409927367
104,1788868912.087782,loss/pose_mean,0.8653457164764404
104,1788868912.087782,lr/attention.decay,0.0
104,1788868912.087782,lr/attention.no_decay,0.0
104,1788868912.087782,lr/backbone.decay,0.0
104,1788868912.087782,lr/backbone.no_decay,0.0
104,1788868912.087782,lr/detect_head.decay,7.602591792656588e-06
104,1788868912.087782,lr/detect_head.no_decay,7.602591792656588e-06
104,1788868912.087782,lr/masf.decay,0.0
104,1788868912.087782,lr/masf.no_decay,0.0
104,1788868912.087782,lr/neck.decay,3.0410367170626354e-06
104,1788868912.087782,lr/neck.no_decay,3.0410367170626354e-06
104,1788868912.087782,lr/pose_head.decay,7.602591792656588e-06
104,1788868912.087782,lr/pose_head.no_decay,7.602591792656588e-06
104,1788868912.087782,pose/component_0,0.6200457811355591
104,1788868912.087782,pose/component_1,0.00993732176721096
104,1788868912.087782,pose/component_2,0.0014218642609193921
104,1788868912.087782,pose/component_3,0.25328394770622253
104,1788868912.087782,pose/component_4,0.002742336131632328
104,1788868912.087782,pose/component_5,0.0
105,1788868913.2598436,amp/overflow_retries,0.0
105,1788868913.2598436,amp/scale,512.0
105,1788868913.2598436,detect/component_0,1.0540493726730347
105,1788868913.2598436,detect/component_1,0.9159072637557983
105,1788868913.2598436,detect/component_2,0.0065376730635762215
105,1788868913.2598436,gradient/clipped_norm,122.68209075927734
105,1788868913.2598436,images/detect,256.0
105,1788868913.2598436,images/pose,16.0
105,1788868913.2598436,loss/backward,100.80161819458007
105,1788868913.2598436,loss/detect_mean,1.7639579325914383
105,1788868913.2598436,loss/joint_mean,1.5750252842903136
105,1788868913.2598436,loss/pose_mean,0.8192946910858154
105,1788868913.2598436,lr/attention.decay,0.0
105,1788868913.2598436,lr/attention.no_decay,0.0
105,1788868913.2598436,lr/backbone.decay,0.0
105,1788868913.2598436,lr/backbone.no_decay,0.0
105,1788868913.2598436,lr/detect_head.decay,7.651187904967602e-06
105,1788868913.2598436,lr/detect_head.no_decay,7.651187904967602e-06
105,1788868913.2598436,lr/masf.decay,0.0
105,1788868913.2598436,lr/masf.no_decay,0.0
105,1788868913.2598436,lr/neck.decay,3.060475161987041e-06
105,1788868913.2598436,lr/neck.no_decay,3.060475161987041e-06
105,1788868913.2598436,lr/pose_head.decay,7.651187904967602e-06
105,1788868913.2598436,lr/pose_head.no_decay,7.651187904967602e-06
105,1788868913.2598436,pose/component_0,0.5381366014480591
105,1788868913.2598436,pose/component_1,0.007438952103257179
105,1788868913.2598436,pose/component_2,0.007894984446465969
105,1788868913.2598436,pose/component_3,0.22824597358703613
105,1788868913.2598436,pose/component_4,0.002111822599545121
105,1788868913.2598436,pose/component_5,0.0
106,1788868914.6128917,amp/overflow_retries,0.0
106,1788868914.6128917,amp/scale,512.0
106,1788868914.6128917,detect/component_0,1.057384729385376
106,1788868914.6128917,detect/component_1,0.9731622338294983
106,1788868914.6128917,detect/component_2,0.006400927901268005
106,1788868914.6128917,gradient/clipped_norm,124.55997467041016
106,1788868914.6128917,images/detect,256.0
106,1788868914.6128917,images/pose,16.0
106,1788868914.6128917,loss/backward,104.40243453979492
106,1788868914.6128917,loss/detect_mean,1.813595712184906
106,1788868914.6128917,loss/joint_mean,1.6312880396842957
106,1788868914.6128917,loss/pose_mean,0.9020573496818542
106,1788868914.6128917,lr/attention.decay,0.0
106,1788868914.6128917,lr/attention.no_decay,0.0
106,1788868914.6128917,lr/backbone.decay,0.0
106,1788868914.6128917,lr/backbone.no_decay,0.0
106,1788868914.6128917,lr/detect_head.decay,7.699784017278618e-06
106,1788868914.6128917,lr/detect_head.no_decay,7.699784017278618e-06
106,1788868914.6128917,lr/masf.decay,0.0
106,1788868914.6128917,lr/masf.no_decay,0.0
106,1788868914.6128917,lr/neck.decay,3.0799136069114476e-06
106,1788868914.6128917,lr/neck.no_decay,3.0799136069114476e-06
106,1788868914.6128917,lr/pose_head.decay,7.699784017278618e-06
106,1788868914.6128917,lr/pose_head.no_decay,7.699784017278618e-06
106,1788868914.6128917,pose/component_0,0.6742519736289978
106,1788868914.6128917,pose/component_1,0.01450760755687952
106,1788868914.6128917,pose/component_2,0.0027716378681361675
106,1788868914.6128917,pose/component_3,0.24951976537704468
106,1788868914.6128917,pose/component_4,0.0016539243515580893
106,1788868914.6128917,pose/component_5,0.0
107,1788868915.7808447,amp/overflow_retries,0.0
107,1788868915.7808447,amp/scale,512.0
107,1788868915.7808447,detect/component_0,1.0215409994125366
107,1788868915.7808447,detect/component_1,0.9763596653938293
107,1788868915.7808447,detect/component_2,0.006241805851459503
107,1788868915.7808447,gradient/clipped_norm,135.5046844482422
107,1788868915.7808447,images/detect,256.0
107,1788868915.7808447,images/pose,16.0
107,1788868915.7808447,loss/backward,103.77664413452149
107,1788868915.7808447,loss/detect_mean,1.8028491288423538
107,1788868915.7808447,loss/joint_mean,1.6215100646018983
107,1788868915.7808447,loss/pose_mean,0.8961538076400757
107,1788868915.7808447,lr/attention.decay,0.0
107,1788868915.7808447,lr/attention.no_decay,0.0
107,1788868915.7808447,lr/backbone.decay,0.0
107,1788868915.7808447,lr/backbone.no_decay,0.0
107,1788868915.7808447,lr/detect_head.decay,7.748380129589633e-06
107,1788868915.7808447,lr/detect_head.no_decay,7.748380129589633e-06
107,1788868915.7808447,lr/masf.decay,0.0
107,1788868915.7808447,lr/masf.no_decay,0.0
107,1788868915.7808447,lr/neck.decay,3.099352051835853e-06
107,1788868915.7808447,lr/neck.no_decay,3.099352051835853e-06
107,1788868915.7808447,lr/pose_head.decay,7.748380129589633e-06
107,1788868915.7808447,lr/pose_head.no_decay,7.748380129589633e-06
107,1788868915.7808447,pose/component_0,0.6589880585670471
107,1788868915.7808447,pose/component_1,0.012636113911867142
107,1788868915.7808447,pose/component_2,0.0014441448729485273
107,1788868915.7808447,pose/component_3,0.2378973513841629
107,1788868915.7808447,pose/component_4,0.0015194452134892344
107,1788868915.7808447,pose/component_5,0.0
108,1788868916.9584258,amp/overflow_retries,0.0
108,1788868916.9584258,amp/scale,512.0
108,1788868916.9584258,detect/component_0,1.055416464805603
108,1788868916.9584258,detect/component_1,0.9276922345161438
108,1788868916.9584258,detect/component_2,0.006607814226299524
108,1788868916.9584258,gradient/clipped_norm,142.58578491210938
108,1788868916.9584258,images/detect,256.0
108,1788868916.9584258,images/pose,16.0
108,1788868916.9584258,loss/backward,103.08340606689453
108,1788868916.9584258,loss/detect_mean,1.7724061757326126
108,1788868916.9584258,loss/joint_mean,1.610678219795227
108,1788868916.9584258,loss/pose_mean,0.9637663960456848
108,1788868916.9584258,lr/attention.decay,0.0
108,1788868916.9584258,lr/attention.no_decay,0.0
108,1788868916.9584258,lr/backbone.decay,0.0
108,1788868916.9584258,lr/backbone.no_decay,0.0
108,1788868916.9584258,lr/detect_head.decay,7.796976241900649e-06
108,1788868916.9584258,lr/detect_head.no_decay,7.796976241900649e-06
108,1788868916.9584258,lr/masf.decay,0.0
108,1788868916.9584258,lr/masf.no_decay,0.0
108,1788868916.9584258,lr/neck.decay,3.1187904967602594e-06
108,1788868916.9584258,lr/neck.no_decay,3.1187904967602594e-06
108,1788868916.9584258,lr/pose_head.decay,7.796976241900649e-06
108,1788868916.9584258,lr/pose_head.no_decay,7.796976241900649e-06
108,1788868916.9584258,pose/component_0,0.7519734501838684
108,1788868916.9584258,pose/component_1,0.010167479515075684
108,1788868916.9584258,pose/component_2,0.0162983275949955
108,1788868916.9584258,pose/component_3,0.25219717621803284
108,1788868916.9584258,pose/component_4,0.0021247558761388063
108,1788868916.9584258,pose/component_5,0.0
109,1788868918.1370401,amp/overflow_retries,0.0
109,1788868918.1370401,amp/scale,512.0
109,1788868918.1370401,detect/component_0,1.0201207399368286
109,1788868918.1370401,detect/component_1,0.9029806852340698
109,1788868918.1370401,detect/component_2,0.006902066990733147
109,1788868918.1370401,gradient/clipped_norm,115.03005981445312
109,1788868918.1370401,images/detect,256.0
109,1788868918.1370401,images/pose,16.0
109,1788868918.1370401,loss/backward,100.15682449340821
109,1788868918.1370401,loss/detect_mean,1.7364064007997513
109,1788868918.1370401,loss/joint_mean,1.5649503827095033
109,1788868918.1370401,loss/pose_mean,0.8791263103485107
109,1788868918.1370401,lr/attention.decay,0.0
109,1788868918.1370401,lr/attention.no_decay,0.0
109,1788868918.1370401,lr/backbone.decay,0.0
109,1788868918.1370401,lr/backbone.no_decay,0.0
109,1788868918.1370401,lr/detect_head.decay,7.845572354211664e-06
109,1788868918.1370401,lr/detect_head.no_decay,7.845572354211664e-06
109,1788868918.1370401,lr/masf.decay,0.0
109,1788868918.1370401,lr/masf.no_decay,0.0
109,1788868918.1370401,lr/neck.decay,3.1382289416846658e-06
109,1788868918.1370401,lr/neck.no_decay,3.1382289416846658e-06
109,1788868918.1370401,lr/pose_head.decay,7.845572354211664e-06
109,1788868918.1370401,lr/pose_head.no_decay,7.845572354211664e-06
109,1788868918.1370401,pose/component_0,0.6671398282051086
109,1788868918.1370401,pose/component_1,0.01148341502994299
109,1788868918.1370401,pose/component_2,0.0008132609655149281
109,1788868918.1370401,pose/component_3,0.21183115243911743
109,1788868918.1370401,pose/component_4,0.0017776427557691932
109,1788868918.1370401,pose/component_5,0.0
110,1788868919.3043747,amp/overflow_retries,0.0
110,1788868919.3043747,amp/scale,512.0
110,1788868919.3043747,detect/component_0,1.0582107305526733
110,1788868919.3043747,detect/component_1,0.9076934456825256
110,1788868919.3043747,detect/component_2,0.00638442300260067
110,1788868919.3043747,gradient/clipped_norm,150.22451782226562
110,1788868919.3043747,images/detect,256.0
110,1788868919.3043747,images/pose,16.0
110,1788868919.3043747,loss/backward,101.0725944519043
110,1788868919.3043747,loss/detect_mean,1.7625394016504288
110,1788868919.3043747,loss/joint_mean,1.5792592883110046
110,1788868919.3043747,loss/pose_mean,0.8461388349533081
110,1788868919.3043747,lr/attention.decay,0.0
110,1788868919.3043747,lr/attention.no_decay,0.0
110,1788868919.3043747,lr/backbone.decay,0.0
110,1788868919.3043747,lr/backbone.no_decay,0.0
110,1788868919.3043747,lr/detect_head.decay,7.894168466522678e-06
110,1788868919.3043747,lr/detect_head.no_decay,7.894168466522678e-06
110,1788868919.3043747,lr/masf.decay,0.0
110,1788868919.3043747,lr/masf.no_decay,0.0
110,1788868919.3043747,lr/neck.decay,3.1576673866090712e-06
110,1788868919.3043747,lr/neck.no_decay,3.1576673866090712e-06
110,1788868919.3043747,lr/pose_head.decay,7.894168466522678e-06
110,1788868919.3043747,lr/pose_head.no_decay,7.894168466522678e-06
110,1788868919.3043747,pose/component_0,0.632992684841156
110,1788868919.3043747,pose/component_1,0.00743366964161396
110,1788868919.3043747,pose/component_2,0.0022206364665180445
110,1788868919.3043747,pose/component_3,0.24425159394741058
110,1788868919.3043747,pose/component_4,0.0020206004846841097
110,1788868919.3043747,pose/component_5,0.0
111,1788868920.4765534,amp/overflow_retries,0.0
111,1788868920.4765534,amp/scale,512.0
111,1788868920.4765534,detect/component_0,1.0433992147445679
111,1788868920.4765534,detect/component_1,0.9770842790603638
111,1788868920.4765534,detect/component_2,0.006975680589675903
111,1788868920.4765534,gradient/clipped_norm,122.21572875976562
111,1788868920.4765534,images/detect,256.0
111,1788868920.4765534,images/pose,16.0
111,1788868920.4765534,loss/backward,103.015771484375
111,1788868920.4765534,loss/detect_mean,1.810263991355896
111,1788868920.4765534,loss/joint_mean,1.6096214294433593
111,1788868920.4765534,loss/pose_mean,0.8070511817932129
111,1788868920.4765534,lr/attention.decay,0.0
111,1788868920.4765534,lr/attention.no_decay,0.0
111,1788868920.4765534,lr/backbone.decay,0.0
111,1788868920.4765534,lr/backbone.no_decay,0.0
111,1788868920.4765534,lr/detect_head.decay,7.942764578833694e-06
111,1788868920.4765534,lr/detect_head.no_decay,7.942764578833694e-06
111,1788868920.4765534,lr/masf.decay,0.0
111,1788868920.4765534,lr/masf.no_decay,0.0
111,1788868920.4765534,lr/neck.decay,3.177105831533478e-06
111,1788868920.4765534,lr/neck.no_decay,3.177105831533478e-06
111,1788868920.4765534,lr/pose_head.decay,7.942764578833694e-06
111,1788868920.4765534,lr/pose_head.no_decay,7.942764578833694e-06
111,1788868920.4765534,pose/component_0,0.571542501449585
111,1788868920.4765534,pose/component_1,0.007523675914853811
111,1788868920.4765534,pose/component_2,0.0013303877785801888
111,1788868920.4765534,pose/component_3,0.2413845956325531
111,1788868920.4765534,pose/component_4,0.0017016478814184666
111,1788868920.4765534,pose/component_5,0.0
112,1788868921.6516657,amp/overflow_retries,0.0
112,1788868921.6516657,amp/scale,512.0
112,1788868921.6516657,detect/component_0,1.1367027759552002
112,1788868921.6516657,detect/component_1,0.9900641441345215
112,1788868921.6516657,detect/component_2,0.0067278677597641945
112,1788868921.6516657,gradient/clipped_norm,150.11016845703125
112,1788868921.6516657,images/detect,256.0
112,1788868921.6516657,images/pose,16.0
112,1788868921.6516657,loss/backward,112.74526138305664
112,1788868921.6516657,loss/detect_mean,1.8947158008813858
112,1788868921.6516657,loss/joint_mean,1.76164470911026
112,1788868921.6516657,loss/pose_mean,1.2293603420257568
112,1788868921.6516657,lr/attention.decay,0.0
112,1788868921.6516657,lr/attention.no_decay,0.0
112,1788868921.6516657,lr/backbone.decay,0.0
112,1788868921.6516657,lr/backbone.no_decay,0.0
112,1788868921.6516657,lr/detect_head.decay,7.991360691144709e-06
112,1788868921.6516657,lr/detect_head.no_decay,7.991360691144709e-06
112,1788868921.6516657,lr/masf.decay,0.0
112,1788868921.6516657,lr/masf.no_decay,0.0
112,1788868921.6516657,lr/neck.decay,3.1965442764578835e-06
112,1788868921.6516657,lr/neck.no_decay,3.1965442764578835e-06
112,1788868921.6516657,lr/pose_head.decay,7.991360691144709e-06
112,1788868921.6516657,lr/pose_head.no_decay,7.991360691144709e-06
112,1788868921.6516657,pose/component_0,0.879859983921051
112,1788868921.6516657,pose/component_1,0.07787074893712997
112,1788868921.6516657,pose/component_2,0.004369206260889769
112,1788868921.6516657,pose/component_3,0.40251705050468445
112,1788868921.6516657,pose/component_4,0.0020987235475331545
112,1788868921.6516657,pose/component_5,0.0
113,1788868922.8283541,amp/overflow_retries,0.0
113,1788868922.8283541,amp/scale,512.0
113,1788868922.8283541,detect/component_0,1.0830529928207397
113,1788868922.8283541,detect/component_1,0.9884107708930969
113,1788868922.8283541,detect/component_2,0.006318236701190472
113,1788868922.8283541,gradient/clipped_norm,126.63539123535156
113,1788868922.8283541,images/detect,256.0
113,1788868922.8283541,images/pose,16.0
113,1788868922.8283541,loss/backward,104.2659912109375
113,1788868922.8283541,loss/detect_mean,1.8412573039531708
113,1788868922.8283541,loss/joint_mean,1.6291561126708984
113,1788868922.8283541,loss/pose_mean,0.7807513475418091
113,1788868922.8283541,lr/attention.decay,0.0
113,1788868922.8283541,lr/attention.no_decay,0.0
113,1788868922.8283541,lr/backbone.decay,0.0
113,1788868922.8283541,lr/backbone.no_decay,0.0
113,1788868922.8283541,lr/detect_head.decay,8.039956803455723e-06
113,1788868922.8283541,lr/detect_head.no_decay,8.039956803455723e-06
113,1788868922.8283541,lr/masf.decay,0.0
113,1788868922.8283541,lr/masf.no_decay,0.0
113,1788868922.8283541,lr/neck.decay,3.21598272138229e-06
113,1788868922.8283541,lr/neck.no_decay,3.21598272138229e-06
113,1788868922.8283541,lr/pose_head.decay,8.039956803455723e-06
113,1788868922.8283541,lr/pose_head.no_decay,8.039956803455723e-06
113,1788868922.8283541,pose/component_0,0.5514795780181885
113,1788868922.8283541,pose/component_1,0.006418883800506592
113,1788868922.8283541,pose/component_2,0.0019386822823435068
113,1788868922.8283541,pose/component_3,0.2222202867269516
113,1788868922.8283541,pose/component_4,0.0017597110709175467
113,1788868922.8283541,pose/component_5,0.0
114,1788868923.9960089,amp/overflow_retries,0.0
114,1788868923.9960089,amp/scale,512.0
114,1788868923.9960089,detect/component_0,1.1113979816436768
114,1788868923.9960089,detect/component_1,0.9904696345329285
114,1788868923.9960089,detect/component_2,0.006185185629874468
114,1788868923.9960089,gradient/clipped_norm,131.286376953125
114,1788868923.9960089,images/detect,256.0
114,1788868923.9960089,images/pose,16.0
114,1788868923.9960089,loss/backward,104.85614318847657
114,1788868923.9960089,loss/detect_mean,1.868558257818222
114,1788868923.9960089,loss/joint_mean,1.6383772373199463
114,1788868923.9960089,loss/pose_mean,0.7176531553268433
114,1788868923.9960089,lr/attention.decay,0.0
114,1788868923.9960089,lr/attention.no_decay,0.0
114,1788868923.9960089,lr/backbone.decay,0.0
114,1788868923.9960089,lr/backbone.no_decay,0.0
114,1788868923.9960089,lr/detect_head.decay,8.08855291576674e-06
114,1788868923.9960089,lr/detect_head.no_decay,8.08855291576674e-06
114,1788868923.9960089,lr/masf.decay,0.0
114,1788868923.9960089,lr/masf.no_decay,0.0
114,1788868923.9960089,lr/neck.decay,3.2354211663066957e-06
114,1788868923.9960089,lr/neck.no_decay,3.2354211663066957e-06
114,1788868923.9960089,lr/pose_head.decay,8.08855291576674e-06
114,1788868923.9960089,lr/pose_head.no_decay,8.08855291576674e-06
114,1788868923.9960089,pose/component_0,0.4863737225532532
114,1788868923.9960089,pose/component_1,0.007027959451079369
114,1788868923.9960089,pose/component_2,0.0023437833879143
114,1788868923.9960089,pose/component_3,0.21177099645137787
114,1788868923.9960089,pose/component_4,0.0018028041813522577
114,1788868923.9960089,pose/component_5,0.0
115,1788868925.1723642,amp/overflow_retries,0.0
115,1788868925.1723642,amp/scale,512.0
115,1788868925.1723642,detect/component_0,1.0962730646133423
115,1788868925.1723642,detect/component_1,0.9235643744468689
115,1788868925.1723642,detect/component_2,0.0062280138954520226
115,1788868925.1723642,gradient/clipped_norm,134.4703369140625
115,1788868925.1723642,images/detect,256.0
115,1788868925.1723642,images/pose,16.0
115,1788868925.1723642,loss/backward,103.1747833251953
115,1788868925.1723642,loss/detect_mean,1.8047221302986145
115,1788868925.1723642,loss/joint_mean,1.6121059894561767
115,1788868925.1723642,loss/pose_mean,0.8416414260864258
115,1788868925.1723642,lr/attention.decay,0.0
115,1788868925.1723642,lr/attention.no_decay,0.0
115,1788868925.1723642,lr/backbone.decay,0.0
115,1788868925.1723642,lr/backbone.no_decay,0.0
115,1788868925.1723642,lr/detect_head.decay,8.137149028077754e-06
115,1788868925.1723642,lr/detect_head.no_decay,8.137149028077754e-06
115,1788868925.1723642,lr/masf.decay,0.0
115,1788868925.1723642,lr/masf.no_decay,0.0
115,1788868925.1723642,lr/neck.decay,3.2548596112311016e-06
115,1788868925.1723642,lr/neck.no_decay,3.2548596112311016e-06
115,1788868925.1723642,lr/pose_head.decay,8.137149028077754e-06
115,1788868925.1723642,lr/pose_head.no_decay,8.137149028077754e-06
115,1788868925.1723642,pose/component_0,0.584275484085083
115,1788868925.1723642,pose/component_1,0.013829600065946579
115,1788868925.1723642,pose/component_2,0.0015492333332076669
115,1788868925.1723642,pose/component_3,0.2134426087141037
115,1788868925.1723642,pose/component_4,0.0018902246374636889
115,1788868925.1723642,pose/component_5,0.0
116,1788868926.3408723,amp/overflow_retries,0.0
116,1788868926.3408723,amp/scale,512.0
116,1788868926.3408723,detect/component_0,1.031200885772705
116,1788868926.3408723,detect/component_1,0.9170273542404175
116,1788868926.3408723,detect/component_2,0.006581445224583149
116,1788868926.3408723,gradient/clipped_norm,138.64320373535156
116,1788868926.3408723,images/detect,256.0
116,1788868926.3408723,images/pose,16.0
116,1788868926.3408723,loss/backward,102.81792221069335
116,1788868926.3408723,loss/detect_mean,1.7459322363138199
116,1788868926.3408723,loss/joint_mean,1.6065300345420837
116,1788868926.3408723,loss/pose_mean,1.0489212274551392
116,1788868926.3408723,lr/attention.decay,0.0
116,1788868926.3408723,lr/attention.no_decay,0.0
116,1788868926.3408723,lr/backbone.decay,0.0
116,1788868926.3408723,lr/backbone.no_decay,0.0
116,1788868926.3408723,lr/detect_head.decay,8.18574514038877e-06
116,1788868926.3408723,lr/detect_head.no_decay,8.18574514038877e-06
116,1788868926.3408723,lr/masf.decay,0.0
116,1788868926.3408723,lr/masf.no_decay,0.0
116,1788868926.3408723,lr/neck.decay,3.2742980561555083e-06
116,1788868926.3408723,lr/neck.no_decay,3.2742980561555083e-06
116,1788868926.3408723,lr/pose_head.decay,8.18574514038877e-06
116,1788868926.3408723,lr/pose_head.no_decay,8.18574514038877e-06
116,1788868926.3408723,pose/component_0,0.8091121315956116
116,1788868926.3408723,pose/component_1,0.0123932845890522
116,1788868926.3408723,pose/component_2,0.0006013093516230583
116,1788868926.3408723,pose/component_3,0.31472745537757874
116,1788868926.3408723,pose/component_4,0.0015841457061469555
116,1788868926.3408723,pose/component_5,0.0
117,1788868927.5240948,amp/overflow_retries,0.0
117,1788868927.5240948,amp/scale,512.0
117,1788868927.5240948,detect/component_0,1.0791023969650269
117,1788868927.5240948,detect/component_1,0.952094554901123
117,1788868927.5240948,detect/component_2,0.006144135259091854
117,1788868927.5240948,gradient/clipped_norm,118.97087860107422
117,1788868927.5240948,images/detect,256.0
117,1788868927.5240948,images/pose,16.0
117,1788868927.5240948,loss/backward,104.62200317382812
117,1788868927.5240948,loss/detect_mean,1.819143533706665
117,1788868927.5240948,loss/joint_mean,1.6347187995910644
117,1788868927.5240948,loss/pose_mean,0.8970198631286621
117,1788868927.5240948,lr/attention.decay,0.0
117,1788868927.5240948,lr/attention.no_decay,0.0
117,1788868927.5240948,lr/backbone.decay,0.0
117,1788868927.5240948,lr/backbone.no_decay,0.0
117,1788868927.5240948,lr/detect_head.decay,8.234341252699785e-06
117,1788868927.5240948,lr/detect_head.no_decay,8.234341252699785e-06
117,1788868927.5240948,lr/masf.decay,0.0
117,1788868927.5240948,lr/masf.no_decay,0.0
117,1788868927.5240948,lr/neck.decay,3.293736501079914e-06
117,1788868927.5240948,lr/neck.no_decay,3.293736501079914e-06
117,1788868927.5240948,lr/pose_head.decay,8.234341252699785e-06
117,1788868927.5240948,lr/pose_head.no_decay,8.234341252699785e-06
117,1788868927.5240948,pose/component_0,0.6231259107589722
117,1788868927.5240948,pose/component_1,0.009718941524624825
117,1788868927.5240948,pose/component_2,0.008657863363623619
117,1788868927.5240948,pose/component_3,0.2603209912776947
117,1788868927.5240948,pose/component_4,0.0024266389664262533
117,1788868927.5240948,pose/component_5,0.0
118,1788868928.6884565,amp/overflow_retries,0.0
118,1788868928.6884565,amp/scale,512.0
118,1788868928.6884565,detect/component_0,1.0152188539505005
118,1788868928.6884565,detect/component_1,0.9109170436859131
118,1788868928.6884565,detect/component_2,0.006642329506576061
118,1788868928.6884565,gradient/clipped_norm,129.6893310546875
118,1788868928.6884565,images/detect,256.0
118,1788868928.6884565,images/pose,16.0
118,1788868928.6884565,loss/backward,100.02203979492188
118,1788868928.6884565,loss/detect_mean,1.738112360239029
118,1788868928.6884565,loss/joint_mean,1.5628443717956544
118,1788868928.6884565,loss/pose_mean,0.8617724180221558
118,1788868928.6884565,lr/attention.decay,0.0
118,1788868928.6884565,lr/attention.no_decay,0.0
118,1788868928.6884565,lr/backbone.decay,0.0
118,1788868928.6884565,lr/backbone.no_decay,0.0
118,1788868928.6884565,lr/detect_head.decay,8.282937365010801e-06
118,1788868928.6884565,lr/detect_head.no_decay,8.282937365010801e-06
118,1788868928.6884565,lr/masf.decay,0.0
118,1788868928.6884565,lr/masf.no_decay,0.0
118,1788868928.6884565,lr/neck.decay,3.3131749460043206e-06
118,1788868928.6884565,lr/neck.no_decay,3.3131749460043206e-06
118,1788868928.6884565,lr/pose_head.decay,8.282937365010801e-06
118,1788868928.6884565,lr/pose_head.no_decay,8.282937365010801e-06
118,1788868928.6884565,pose/component_0,0.6196171641349792
118,1788868928.6884565,pose/component_1,0.00782078504562378
118,1788868928.6884565,pose/component_2,0.0011791822034865618
118,1788868928.6884565,pose/component_3,0.22738128900527954
118,1788868928.6884565,pose/component_4,0.001603687647730112
118,1788868928.6884565,pose/component_5,0.0
119,1788868929.8670354,amp/overflow_retries,0.0
119,1788868929.8670354,amp/scale,512.0
119,1788868929.8670354,detect/component_0,1.0571264028549194
119,1788868929.8670354,detect/component_1,0.9346247911453247
119,1788868929.8670354,detect/component_2,0.006577749736607075
119,1788868929.8670354,gradient/clipped_norm,133.7847900390625
119,1788868929.8670354,images/detect,256.0
119,1788868929.8670354,images/pose,16.0
119,1788868929.8670354,loss/backward,100.73328018188477
119,1788868929.8670354,loss/detect_mean,1.7728922218084335
119,1788868929.8670354,loss/joint_mean,1.5739575028419495
119,1788868929.8670354,loss/pose_mean,0.7782186269760132
119,1788868929.8670354,lr/attention.decay,0.0
119,1788868929.8670354,lr/attention.no_decay,0.0
119,1788868929.8670354,lr/backbone.decay,0.0
119,1788868929.8670354,lr/backbone.no_decay,0.0
119,1788868929.8670354,lr/detect_head.decay,8.331533477321816e-06
119,1788868929.8670354,lr/detect_head.no_decay,8.331533477321816e-06
119,1788868929.8670354,lr/masf.decay,0.0
119,1788868929.8670354,lr/masf.no_decay,0.0
119,1788868929.8670354,lr/neck.decay,3.332613390928726e-06
119,1788868929.8670354,lr/neck.no_decay,3.332613390928726e-06
119,1788868929.8670354,lr/pose_head.decay,8.331533477321816e-06
119,1788868929.8670354,lr/pose_head.no_decay,8.331533477321816e-06
119,1788868929.8670354,pose/component_0,0.5762599110603333
119,1788868929.8670354,pose/component_1,0.01195979118347168
119,1788868929.8670354,pose/component_2,0.0018783292034640908
119,1788868929.8670354,pose/component_3,0.20223933458328247
119,1788868929.8670354,pose/component_4,0.001969719771295786
119,1788868929.8670354,pose/component_5,0.0
120,1788868931.0461967,amp/overflow_retries,0.0
120,1788868931.0461967,amp/scale,512.0
120,1788868931.0461967,detect/component_0,1.0182875394821167
120,1788868931.0461967,detect/component_1,0.9142892360687256
120,1788868931.0461967,detect/component_2,0.006065412424504757
120,1788868931.0461967,gradient/clipped_norm,172.6563720703125
120,1788868931.0461967,images/detect,256.0
120,1788868931.0461967,images/pose,16.0
120,1788868931.0461967,loss/backward,102.3525604248047
120,1788868931.0461967,loss/detect_mean,1.722482293844223
120,1788868931.0461967,loss/joint_mean,1.5992587566375733
120,1788868931.0461967,loss/pose_mean,1.1063646078109741
120,1788868931.0461967,lr/attention.decay,0.0
120,1788868931.0461967,lr/attention.no_decay,0.0
120,1788868931.0461967,lr/backbone.decay,0.0
120,1788868931.0461967,lr/backbone.no_decay,0.0
120,1788868931.0461967,lr/detect_head.decay,8.380129589632829e-06
120,1788868931.0461967,lr/detect_head.no_decay,8.380129589632829e-06
120,1788868931.0461967,lr/masf.decay,0.0
120,1788868931.0461967,lr/masf.no_decay,0.0
120,1788868931.0461967,lr/neck.decay,3.352051835853132e-06
120,1788868931.0461967,lr/neck.no_decay,3.352051835853132e-06
120,1788868931.0461967,lr/pose_head.decay,8.380129589632829e-06
120,1788868931.0461967,lr/pose_head.no_decay,8.380129589632829e-06
120,1788868931.0461967,pose/component_0,0.8942503333091736
120,1788868931.0461967,pose/component_1,0.03141515702009201
120,1788868931.0461967,pose/component_2,0.001807966036722064
120,1788868931.0461967,pose/component_3,0.2861233651638031
120,1788868931.0461967,pose/component_4,0.001622015843167901
120,1788868931.0461967,pose/component_5,0.0
121,1788868932.201668,amp/overflow_retries,0.0
121,1788868932.201668,amp/scale,512.0
121,1788868932.201668,detect/component_0,1.0704801082611084
121,1788868932.201668,detect/component_1,0.9193332195281982
121,1788868932.201668,detect/component_2,0.006584799382835627
121,1788868932.201668,gradient/clipped_norm,171.5944061279297
121,1788868932.201668,images/detect,256.0
121,1788868932.201668,images/pose,16.0
121,1788868932.201668,loss/backward,103.90813827514648
121,1788868932.201668,loss/detect_mean,1.772181436419487
121,1788868932.201668,loss/joint_mean,1.6235646605491638
121,1788868932.201668,loss/pose_mean,1.029097557067871
121,1788868932.201668,lr/attention.decay,0.0
121,1788868932.201668,lr/attention.no_decay,0.0
121,1788868932.201668,lr/backbone.decay,0.0
121,1788868932.201668,lr/backbone.no_decay,0.0
121,1788868932.201668,lr/detect_head.decay,8.428725701943847e-06
121,1788868932.201668,lr/detect_head.no_decay,8.428725701943847e-06
121,1788868932.201668,lr/masf.decay,0.0
121,1788868932.201668,lr/masf.no_decay,0.0
121,1788868932.201668,lr/neck.decay,3.3714902807775387e-06
121,1788868932.201668,lr/neck.no_decay,3.3714902807775387e-06
121,1788868932.201668,lr/pose_head.decay,8.428725701943847e-06
121,1788868932.201668,lr/pose_head.no_decay,8.428725701943847e-06
121,1788868932.201668,pose/component_0,0.6443873643875122
121,1788868932.201668,pose/component_1,0.00878380611538887
121,1788868932.201668,pose/component_2,0.004155944567173719
121,1788868932.201668,pose/component_3,0.36602506041526794
121,1788868932.201668,pose/component_4,0.0020524184219539165
121,1788868932.201668,pose/component_5,0.0
122,1788868933.3760548,amp/overflow_retries,0.0
122,1788868933.3760548,amp/scale,512.0
122,1788868933.3760548,detect/component_0,1.0744233131408691
122,1788868933.3760548,detect/component_1,0.9577281475067139
122,1788868933.3760548,detect/component_2,0.006572258658707142
122,1788868933.3760548,gradient/clipped_norm,134.48138427734375
122,1788868933.3760548,images/detect,256.0
122,1788868933.3760548,images/pose,16.0
122,1788868933.3760548,loss/backward,103.94058151245117
122,1788868933.3760548,loss/detect_mean,1.8032414615154266
122,1788868933.3760548,loss/joint_mean,1.6240715861320496
122,1788868933.3760548,loss/pose_mean,0.9073920845985413
122,1788868933.3760548,lr/attention.decay,0.0
122,1788868933.3760548,lr/attention.no_decay,0.0
122,1788868933.3760548,lr/backbone.decay,0.0
122,1788868933.3760548,lr/backbone.no_decay,0.0
122,1788868933.3760548,lr/detect_head.decay,8.47732181425486e-06
122,1788868933.3760548,lr/detect_head.no_decay,8.47732181425486e-06
122,1788868933.3760548,lr/masf.decay,0.0
122,1788868933.3760548,lr/masf.no_decay,0.0
122,1788868933.3760548,lr/neck.decay,3.390928725701944e-06
122,1788868933.3760548,lr/neck.no_decay,3.390928725701944e-06
122,1788868933.3760548,lr/pose_head.decay,8.47732181425486e-06
122,1788868933.3760548,lr/pose_head.no_decay,8.47732181425486e-06
122,1788868933.3760548,pose/component_0,0.6775001287460327
122,1788868933.3760548,pose/component_1,0.015165536664426327
122,1788868933.3760548,pose/component_2,0.028032084926962852
122,1788868933.3760548,pose/component_3,0.19425703585147858
122,1788868933.3760548,pose/component_4,0.0023575639352202415
122,1788868933.3760548,pose/component_5,0.0
123,1788868934.5440974,amp/overflow_retries,0.0
123,1788868934.5440974,amp/scale,512.0
123,1788868934.5440974,detect/component_0,1.1228046417236328
123,1788868934.5440974,detect/component_1,0.9619661569595337
123,1788868934.5440974,detect/component_2,0.005967661738395691
123,1788868934.5440974,gradient/clipped_norm,139.04049682617188
123,1788868934.5440974,images/detect,256.0
123,1788868934.5440974,images/pose,16.0
123,1788868934.5440974,loss/backward,107.49381484985352
123,1788868934.5440974,loss/detect_mean,1.8454106599092484
123,1788868934.5440974,loss/joint_mean,1.6795908570289613
123,1788868934.5440974,loss/pose_mean,1.0163116455078125
123,1788868934.5440974,lr/attention.decay,0.0
123,1788868934.5440974,lr/attention.no_decay,0.0
123,1788868934.5440974,lr/backbone.decay,0.0
123,1788868934.5440974,lr/backbone.no_decay,0.0
123,1788868934.5440974,lr/detect_head.decay,8.525917926565877e-06
123,1788868934.5440974,lr/detect_head.no_decay,8.525917926565877e-06
123,1788868934.5440974,lr/masf.decay,0.0
123,1788868934.5440974,lr/masf.no_decay,0.0
123,1788868934.5440974,lr/neck.decay,3.410367170626351e-06
123,1788868934.5440974,lr/neck.no_decay,3.410367170626351e-06
123,1788868934.5440974,lr/pose_head.decay,8.525917926565877e-06
123,1788868934.5440974,lr/pose_head.no_decay,8.525917926565877e-06
123,1788868934.5440974,pose/component_0,0.7735080718994141
123,1788868934.5440974,pose/component_1,0.01776261068880558
123,1788868934.5440974,pose/component_2,0.00229932414367795
123,1788868934.5440974,pose/component_3,0.2653180658817291
123,1788868934.5440974,pose/component_4,0.002029707422479987
123,1788868934.5440974,pose/component_5,0.0
124,1788868935.7376716,amp/overflow_retries,0.0
124,1788868935.7376716,amp/scale,512.0
124,1788868935.7376716,detect/component_0,1.0562556982040405
124,1788868935.7376716,detect/component_1,0.904132068157196
124,1788868935.7376716,detect/component_2,0.006180615164339542
124,1788868935.7376716,gradient/clipped_norm,112.96703338623047
124,1788868935.7376716,images/detect,256.0
124,1788868935.7376716,images/pose,16.0
124,1788868935.7376716,loss/backward,100.12310028076172
124,1788868935.7376716,loss/detect_mean,1.7461079359054565
124,1788868935.7376716,loss/joint_mean,1.5644234418869019
124,1788868935.7376716,loss/pose_mean,0.8376854658126831
124,1788868935.7376716,lr/attention.decay,0.0
124,1788868935.7376716,lr/attention.no_decay,0.0
124,1788868935.7376716,lr/backbone.decay,0.0
124,1788868935.7376716,lr/backbone.no_decay,0.0
124,1788868935.7376716,lr/detect_head.decay,8.57451403887689e-06
124,1788868935.7376716,lr/detect_head.no_decay,8.57451403887689e-06
124,1788868935.7376716,lr/masf.decay,0.0
124,1788868935.7376716,lr/masf.no_decay,0.0
124,1788868935.7376716,lr/neck.decay,3.4298056155507564e-06
124,1788868935.7376716,lr/neck.no_decay,3.4298056155507564e-06
124,1788868935.7376716,lr/pose_head.decay,8.57451403887689e-06
124,1788868935.7376716,lr/pose_head.no_decay,8.57451403887689e-06
124,1788868935.7376716,pose/component_0,0.6268731355667114
124,1788868935.7376716,pose/component_1,0.016411729156970978
124,1788868935.7376716,pose/component_2,0.01425698958337307
124,1788868935.7376716,pose/component_3,0.2537834644317627
124,1788868935.7376716,pose/component_4,0.0014950705226510763
124,1788868935.7376716,pose/component_5,0.0
125,1788868936.9107246,amp/overflow_retries,0.0
125,1788868936.9107246,amp/scale,512.0
125,1788868936.9107246,detect/component_0,1.1201941967010498
125,1788868936.9107246,detect/component_1,0.9817036390304565
125,1788868936.9107246,detect/component_2,0.006317921914160252
125,1788868936.9107246,gradient/clipped_norm,143.17648315429688
125,1788868936.9107246,images/detect,256.0
125,1788868936.9107246,images/pose,16.0
125,1788868936.9107246,loss/backward,109.71023025512696
125,1788868936.9107246,loss/detect_mean,1.877289280295372
125,1788868936.9107246,loss/joint_mean,1.7142223477363587
125,1788868936.9107246,loss/pose_mean,1.0619546175003052
125,1788868936.9107246,lr/attention.decay,0.0
125,1788868936.9107246,lr/attention.no_decay,0.0
125,1788868936.9107246,lr/backbone.decay,0.0
125,1788868936.9107246,lr/backbone.no_decay,0.0
125,1788868936.9107246,lr/detect_head.decay,8.623110151187905e-06
125,1788868936.9107246,lr/detect_head.no_decay,8.623110151187905e-06
125,1788868936.9107246,lr/masf.decay,0.0
125,1788868936.9107246,lr/masf.no_decay,0.0
125,1788868936.9107246,lr/neck.decay,3.449244060475162e-06
125,1788868936.9107246,lr/neck.no_decay,3.449244060475162e-06
125,1788868936.9107246,lr/pose_head.decay,8.623110151187905e-06
125,1788868936.9107246,lr/pose_head.no_decay,8.623110151187905e-06
125,1788868936.9107246,pose/component_0,0.6929579973220825
125,1788868936.9107246,pose/component_1,0.015482943505048752
125,1788868936.9107246,pose/component_2,0.03321797773241997
125,1788868936.9107246,pose/component_3,0.37661561369895935
125,1788868936.9107246,pose/component_4,0.002292672172188759
125,1788868936.9107246,pose/component_5,0.0
126,1788868938.0843897,amp/overflow_retries,0.0
126,1788868938.0843897,amp/scale,512.0
126,1788868938.0843897,detect/component_0,1.068532109260559
126,1788868938.0843897,detect/component_1,0.9310941696166992
126,1788868938.0843897,detect/component_2,0.006157831754535437
126,1788868938.0843897,gradient/clipped_norm,128.3520965576172
126,1788868938.0843897,images/detect,256.0
126,1788868938.0843897,images/pose,16.0
126,1788868938.0843897,loss/backward,101.53827438354492
126,1788868938.0843897,loss/detect_mean,1.7890400886535645
126,1788868938.0843897,loss/joint_mean,1.5865355372428893
126,1788868938.0843897,loss/pose_mean,0.7765173316001892
126,1788868938.0843897,lr/attention.decay,0.0
126,1788868938.0843897,lr/attention.no_decay,0.0
126,1788868938.0843897,lr/backbone.decay,0.0
126,1788868938.0843897,lr/backbone.no_decay,0.0
126,1788868938.0843897,lr/detect_head.decay,8.671706263498921e-06
126,1788868938.0843897,lr/detect_head.no_decay,8.671706263498921e-06
126,1788868938.0843897,lr/masf.decay,0.0
126,1788868938.0843897,lr/masf.no_decay,0.0
126,1788868938.0843897,lr/neck.decay,3.4686825053995686e-06
126,1788868938.0843897,lr/neck.no_decay,3.4686825053995686e-06
126,1788868938.0843897,lr/pose_head.decay,8.671706263498921e-06
126,1788868938.0843897,lr/pose_head.no_decay,8.671706263498921e-06
126,1788868938.0843897,pose/component_0,0.5587571859359741
126,1788868938.0843897,pose/component_1,0.013551682233810425
126,1788868938.0843897,pose/component_2,0.00495794927701354
126,1788868938.0843897,pose/component_3,0.1852964162826538
126,1788868938.0843897,pose/component_4,0.0019732697401195765
126,1788868938.0843897,pose/component_5,0.0
127,1788868939.2596488,amp/overflow_retries,0.0
127,1788868939.2596488,amp/scale,512.0
127,1788868939.2596488,detect/component_0,1.0488722324371338
127,1788868939.2596488,detect/component_1,0.963005006313324
127,1788868939.2596488,detect/component_2,0.006638103164732456
127,1788868939.2596488,gradient/clipped_norm,141.9456787109375
127,1788868939.2596488,images/detect,256.0
127,1788868939.2596488,images/pose,16.0
127,1788868939.2596488,loss/backward,102.09376831054688
127,1788868939.2596488,loss/detect_mean,1.8016442954540253
127,1788868939.2596488,loss/joint_mean,1.595215129852295
127,1788868939.2596488,loss/pose_mean,0.7694984674453735
127,1788868939.2596488,lr/attention.decay,0.0
127,1788868939.2596488,lr/attention.no_decay,0.0
127,1788868939.2596488,lr/backbone.decay,0.0
127,1788868939.2596488,lr/backbone.no_decay,0.0
127,1788868939.2596488,lr/detect_head.decay,8.720302375809935e-06
127,1788868939.2596488,lr/detect_head.no_decay,8.720302375809935e-06
127,1788868939.2596488,lr/masf.decay,0.0
127,1788868939.2596488,lr/masf.no_decay,0.0
127,1788868939.2596488,lr/neck.decay,3.4881209503239745e-06
127,1788868939.2596488,lr/neck.no_decay,3.4881209503239745e-06
127,1788868939.2596488,lr/pose_head.decay,8.720302375809935e-06
127,1788868939.2596488,lr/pose_head.no_decay,8.720302375809935e-06
127,1788868939.2596488,pose/component_0,0.5466760993003845
127,1788868939.2596488,pose/component_1,0.008963465690612793
127,1788868939.2596488,pose/component_2,0.0014475934440270066
127,1788868939.2596488,pose/component_3,0.24492724239826202
127,1788868939.2596488,pose/component_4,0.0020119284745305777
127,1788868939.2596488,pose/component_5,0.0
128,1788868940.438211,amp/overflow_retries,0.0
128,1788868940.438211,amp/scale,512.0
128,1788868940.438211,detect/component_0,1.086887001991272
128,1788868940.438211,detect/component_1,0.9058245420455933
128,1788868940.438211,detect/component_2,0.006220017559826374
128,1788868940.438211,gradient/clipped_norm,137.9780731201172
128,1788868940.438211,images/detect,256.0
128,1788868940.438211,images/pose,16.0
128,1788868940.438211,loss/backward,105.77832565307617
128,1788868940.438211,loss/detect_mean,1.7774581462144852
128,1788868940.438211,loss/joint_mean,1.652786338329315
128,1788868940.438211,loss/pose_mean,1.1540991067886353
128,1788868940.438211,lr/attention.decay,0.0
128,1788868940.438211,lr/attention.no_decay,0.0
128,1788868940.438211,lr/backbone.decay,0.0
128,1788868940.438211,lr/backbone.no_decay,0.0
128,1788868940.438211,lr/detect_head.decay,8.76889848812095e-06
128,1788868940.438211,lr/detect_head.no_decay,8.76889848812095e-06
128,1788868940.438211,lr/masf.decay,0.0
128,1788868940.438211,lr/masf.no_decay,0.0
128,1788868940.438211,lr/neck.decay,3.50755939524838e-06
128,1788868940.438211,lr/neck.no_decay,3.50755939524838e-06
128,1788868940.438211,lr/pose_head.decay,8.76889848812095e-06
128,1788868940.438211,lr/pose_head.no_decay,8.76889848812095e-06
128,1788868940.438211,pose/component_0,0.8099843263626099
128,1788868940.438211,pose/component_1,0.03350542485713959
128,1788868940.438211,pose/component_2,0.01763032004237175
128,1788868940.438211,pose/component_3,0.3883490264415741
128,1788868940.438211,pose/component_4,0.001661601709201932
128,1788868940.438211,pose/component_5,0.0
129,1788868941.61206,amp/overflow_retries,0.0
129,1788868941.61206,amp/scale,512.0
129,1788868941.61206,detect/component_0,1.1031494140625
129,1788868941.61206,detect/component_1,0.9509664177894592
129,1788868941.61206,detect/component_2,0.006556203588843346
129,1788868941.61206,gradient/clipped_norm,170.7820281982422
129,1788868941.61206,images/detect,256.0
129,1788868941.61206,images/pose,16.0
129,1788868941.61206,loss/backward,105.15810012817383
129,1788868941.61206,loss/detect_mean,1.8390551060438156
129,1788868941.61206,loss/joint_mean,1.643095314502716
129,1788868941.61206,loss/pose_mean,0.8592561483383179
129,1788868941.61206,lr/attention.decay,0.0
129,1788868941.61206,lr/attention.no_decay,0.0
129,1788868941.61206,lr/backbone.decay,0.0
129,1788868941.61206,lr/backbone.no_decay,0.0
129,1788868941.61206,lr/detect_head.decay,8.817494600431966e-06
129,1788868941.61206,lr/detect_head.no_decay,8.817494600431966e-06
129,1788868941.61206,lr/masf.decay,0.0
129,1788868941.61206,lr/masf.no_decay,0.0
129,1788868941.61206,lr/neck.decay,3.5269978401727867e-06
129,1788868941.61206,lr/neck.no_decay,3.5269978401727867e-06
129,1788868941.61206,lr/pose_head.decay,8.817494600431966e-06
129,1788868941.61206,lr/pose_head.no_decay,8.817494600431966e-06
129,1788868941.61206,pose/component_0,0.5824506282806396
129,1788868941.61206,pose/component_1,0.00628817081451416
129,1788868941.61206,pose/component_2,0.0012230040738359094
129,1788868941.61206,pose/component_3,0.310542494058609
129,1788868941.61206,pose/component_4,0.0016206484287977219
129,1788868941.61206,pose/component_5,0.0
130,1788868942.831118,amp/overflow_retries,0.0
130,1788868942.831118,amp/scale,512.0
130,1788868942.831118,detect/component_0,1.0591042041778564
130,1788868942.831118,detect/component_1,0.9901669025421143
130,1788868942.831118,detect/component_2,0.006607553921639919
130,1788868942.831118,gradient/clipped_norm,122.32759857177734
130,1788868942.831118,images/detect,256.0
130,1788868942.831118,images/pose,16.0
130,1788868942.831118,loss/backward,105.8592643737793
130,1788868942.831118,loss/detect_mean,1.82320237159729
130,1788868942.831118,loss/joint_mean,1.6540510058403015
130,1788868942.831118,loss/pose_mean,0.9774455428123474
130,1788868942.831118,lr/attention.decay,0.0
130,1788868942.831118,lr/attention.no_decay,0.0
130,1788868942.831118,lr/backbone.decay,0.0
130,1788868942.831118,lr/backbone.no_decay,0.0
130,1788868942.831118,lr/detect_head.decay,8.86609071274298e-06
130,1788868942.831118,lr/detect_head.no_decay,8.86609071274298e-06
130,1788868942.831118,lr/masf.decay,0.0
130,1788868942.831118,lr/masf.no_decay,0.0
130,1788868942.831118,lr/neck.decay,3.5464362850971922e-06
130,1788868942.831118,lr/neck.no_decay,3.5464362850971922e-06
130,1788868942.831118,lr/pose_head.decay,8.86609071274298e-06
130,1788868942.831118,lr/pose_head.no_decay,8.86609071274298e-06
130,1788868942.831118,pose/component_0,0.6886225938796997
130,1788868942.831118,pose/component_1,0.014262525364756584
130,1788868942.831118,pose/component_2,0.0016795905539765954
130,1788868942.831118,pose/component_3,0.3870501220226288
130,1788868942.831118,pose/component_4,0.0017821660730987787
130,1788868942.831118,pose/component_5,0.0
131,1788868943.9955835,amp/overflow_retries,0.0
131,1788868943.9955835,amp/scale,512.0
131,1788868943.9955835,detect/component_0,1.0836353302001953
131,1788868943.9955835,detect/component_1,0.9383406639099121
131,1788868943.9955835,detect/component_2,0.006325206253677607
131,1788868943.9955835,gradient/clipped_norm,125.6246337890625
131,1788868943.9955835,images/detect,256.0
131,1788868943.9955835,images/pose,16.0
131,1788868943.9955835,loss/backward,103.64237670898437
131,1788868943.9955835,loss/detect_mean,1.8090426474809647
131,1788868943.9955835,loss/joint_mean,1.6194121360778808
131,1788868943.9955835,loss/pose_mean,0.8608900904655457
131,1788868943.9955835,lr/attention.decay,0.0
131,1788868943.9955835,lr/attention.no_decay,0.0
131,1788868943.9955835,lr/backbone.decay,0.0
131,1788868943.9955835,lr/backbone.no_decay,0.0
131,1788868943.9955835,lr/detect_head.decay,8.914686825053997e-06
131,1788868943.9955835,lr/detect_head.no_decay,8.914686825053997e-06
131,1788868943.9955835,lr/masf.decay,0.0
131,1788868943.9955835,lr/masf.no_decay,0.0
131,1788868943.9955835,lr/neck.decay,3.565874730021599e-06
131,1788868943.9955835,lr/neck.no_decay,3.565874730021599e-06
131,1788868943.9955835,lr/pose_head.decay,8.914686825053997e-06
131,1788868943.9955835,lr/pose_head.no_decay,8.914686825053997e-06
131,1788868943.9955835,pose/component_0,0.603727400302887
131,1788868943.9955835,pose/component_1,0.006956168450415134
131,1788868943.9955835,pose/component_2,0.0018196504097431898
131,1788868943.9955835,pose/component_3,0.26325297355651855
131,1788868943.9955835,pose/component_4,0.0031116511672735214
131,1788868943.9955835,pose/component_5,0.0
132,1788868945.1680532,amp/overflow_retries,0.0
132,1788868945.1680532,amp/scale,512.0
132,1788868945.1680532,detect/component_0,1.129228949546814
132,1788868945.1680532,detect/component_1,0.9865832924842834
132,1788868945.1680532,detect/component_2,0.006125692278146744
132,1788868945.1680532,gradient/clipped_norm,150.8189697265625
132,1788868945.1680532,images/detect,256.0
132,1788868945.1680532,images/pose,16.0
132,1788868945.1680532,loss/backward,110.00070114135742
132,1788868945.1680532,loss/detect_mean,1.8802681118249893
132,1788868945.1680532,loss/joint_mean,1.7187609553337098
132,1788868945.1680532,loss/pose_mean,1.0727323293685913
132,1788868945.1680532,lr/attention.decay,0.0
132,1788868945.1680532,lr/attention.no_decay,0.0
132,1788868945.1680532,lr/backbone.decay,0.0
132,1788868945.1680532,lr/backbone.no_decay,0.0
132,1788868945.1680532,lr/detect_head.decay,8.963282937365012e-06
132,1788868945.1680532,lr/detect_head.no_decay,8.963282937365012e-06
132,1788868945.1680532,lr/masf.decay,0.0
132,1788868945.1680532,lr/masf.no_decay,0.0
132,1788868945.1680532,lr/neck.decay,3.5853131749460044e-06
132,1788868945.1680532,lr/neck.no_decay,3.5853131749460044e-06
132,1788868945.1680532,lr/pose_head.decay,8.963282937365012e-06
132,1788868945.1680532,lr/pose_head.no_decay,8.963282937365012e-06
132,1788868945.1680532,pose/component_0,0.7015964984893799
132,1788868945.1680532,pose/component_1,0.015416264533996582
132,1788868945.1680532,pose/component_2,0.012090115807950497
132,1788868945.1680532,pose/component_3,0.3928631544113159
132,1788868945.1680532,pose/component_4,0.0028105187229812145
132,1788868945.1680532,pose/component_5,0.0
133,1788868946.3375533,amp/overflow_retries,0.0
133,1788868946.3375533,amp/scale,512.0
133,1788868946.3375533,detect/component_0,1.1236791610717773
133,1788868946.3375533,detect/component_1,1.0096640586853027
133,1788868946.3375533,detect/component_2,0.006181242875754833
133,1788868946.3375533,gradient/clipped_norm,129.1670379638672
133,1788868946.3375533,images/detect,256.0
133,1788868946.3375533,images/pose,16.0
133,1788868946.3375533,loss/backward,107.47979965209962
133,1788868946.3375533,loss/detect_mean,1.8884999603033066
133,1788868946.3375533,loss/joint_mean,1.6793718695640565
133,1788868946.3375533,loss/pose_mean,0.8428595066070557
133,1788868946.3375533,lr/attention.decay,0.0
133,1788868946.3375533,lr/attention.no_decay,0.0
133,1788868946.3375533,lr/backbone.decay,0.0
133,1788868946.3375533,lr/backbone.no_decay,0.0
133,1788868946.3375533,lr/detect_head.decay,9.011879049676026e-06
133,1788868946.3375533,lr/detect_head.no_decay,9.011879049676026e-06
133,1788868946.3375533,lr/masf.decay,0.0
133,1788868946.3375533,lr/masf.no_decay,0.0
133,1788868946.3375533,lr/neck.decay,3.6047516198704103e-06
133,1788868946.3375533,lr/neck.no_decay,3.6047516198704103e-06
133,1788868946.3375533,lr/pose_head.decay,9.011879049676026e-06
133,1788868946.3375533,lr/pose_head.no_decay,9.011879049676026e-06
133,1788868946.3375533,pose/component_0,0.6136876344680786
133,1788868946.3375533,pose/component_1,0.01716894656419754
133,1788868946.3375533,pose/component_2,0.0008927065064199269
133,1788868946.3375533,pose/component_3,0.251943975687027
133,1788868946.3375533,pose/component_4,0.001656397245824337
133,1788868946.3375533,pose/component_5,0.0
134,1788868947.5002472,amp/overflow_retries,0.0
134,1788868947.5002472,amp/scale,512.0
134,1788868947.5002472,detect/component_0,1.0845322608947754
134,1788868947.5002472,detect/component_1,0.953649640083313
134,1788868947.5002472,detect/component_2,0.006799397524446249
134,1788868947.5002472,gradient/clipped_norm,144.5854949951172
134,1788868947.5002472,images/detect,256.0
134,1788868947.5002472,images/pose,16.0
134,1788868947.5002472,loss/backward,102.48966751098632
134,1788868947.5002472,loss/detect_mean,1.8127696365118027
134,1788868947.5002472,loss/joint_mean,1.6014010548591613
134,1788868947.5002472,loss/pose_mean,0.7559267282485962
134,1788868947.5002472,lr/attention.decay,0.0
134,1788868947.5002472,lr/attention.no_decay,0.0
134,1788868947.5002472,lr/backbone.decay,0.0
134,1788868947.5002472,lr/backbone.no_decay,0.0
134,1788868947.5002472,lr/detect_head.decay,9.060475161987042e-06
134,1788868947.5002472,lr/detect_head.no_decay,9.060475161987042e-06
134,1788868947.5002472,lr/masf.decay,0.0
134,1788868947.5002472,lr/masf.no_decay,0.0
134,1788868947.5002472,lr/neck.decay,3.624190064794817e-06
134,1788868947.5002472,lr/neck.no_decay,3.624190064794817e-06
134,1788868947.5002472,lr/pose_head.decay,9.060475161987042e-06
134,1788868947.5002472,lr/pose_head.no_decay,9.060475161987042e-06
134,1788868947.5002472,pose/component_0,0.5282184481620789
134,1788868947.5002472,pose/component_1,0.005338181275874376
134,1788868947.5002472,pose/component_2,0.001058108638972044
134,1788868947.5002472,pose/component_3,0.21932387351989746
134,1788868947.5002472,pose/component_4,0.0017854394391179085
134,1788868947.5002472,pose/component_5,0.0
135,1788868948.847306,amp/overflow_retries,0.0
135,1788868948.847306,amp/scale,512.0
135,1788868948.847306,detect/component_0,1.0460392236709595
135,1788868948.847306,detect/component_1,0.9473553895950317
135,1788868948.847306,detect/component_2,0.006556944455951452
135,1788868948.847306,gradient/clipped_norm,128.41920471191406
135,1788868948.847306,images/detect,256.0
135,1788868948.847306,images/pose,16.0
135,1788868948.847306,loss/backward,102.59251708984375
135,1788868948.847306,loss/detect_mean,1.7696216404438019
135,1788868948.847306,loss/joint_mean,1.6030080795288086
135,1788868948.847306,loss/pose_mean,0.9365538358688354
135,1788868948.847306,lr/attention.decay,0.0
135,1788868948.847306,lr/attention.no_decay,0.0
135,1788868948.847306,lr/backbone.decay,0.0
135,1788868948.847306,lr/backbone.no_decay,0.0
135,1788868948.847306,lr/detect_head.decay,9.109071274298057e-06
135,1788868948.847306,lr/detect_head.no_decay,9.109071274298057e-06
135,1788868948.847306,lr/masf.decay,0.0
135,1788868948.847306,lr/masf.no_decay,0.0
135,1788868948.847306,lr/neck.decay,3.6436285097192226e-06
135,1788868948.847306,lr/neck.no_decay,3.6436285097192226e-06
135,1788868948.847306,lr/pose_head.decay,9.109071274298057e-06
135,1788868948.847306,lr/pose_head.no_decay,9.109071274298057e-06
135,1788868948.847306,pose/component_0,0.6806907057762146
135,1788868948.847306,pose/component_1,0.027069520205259323
135,1788868948.847306,pose/component_2,0.0013845764333382249
135,1788868948.847306,pose/component_3,0.2906929552555084
135,1788868948.847306,pose/component_4,0.002216452732682228
135,1788868948.847306,pose/component_5,0.0
136,1788868950.0313368,amp/overflow_retries,0.0
136,1788868950.0313368,amp/scale,512.0
136,1788868950.0313368,detect/component_0,1.0546438694000244
136,1788868950.0313368,detect/component_1,0.9320374131202698
136,1788868950.0313368,detect/component_2,0.006418247707188129
136,1788868950.0313368,gradient/clipped_norm,163.404052734375
136,1788868950.0313368,images/detect,256.0
136,1788868950.0313368,images/pose,16.0
136,1788868950.0313368,loss/backward,104.21708221435547
136,1788868950.0313368,loss/detect_mean,1.791108399629593
136,1788868950.0313368,loss/joint_mean,1.6283919095993042
136,1788868950.0313368,loss/pose_mean,0.9775259494781494
136,1788868950.0313368,lr/attention.decay,0.0
136,1788868950.0313368,lr/attention.no_decay,0.0
136,1788868950.0313368,lr/backbone.decay,0.0
136,1788868950.0313368,lr/backbone.no_decay,0.0
136,1788868950.0313368,lr/detect_head.decay,9.157667386609073e-06
136,1788868950.0313368,lr/detect_head.no_decay,9.157667386609073e-06
136,1788868950.0313368,lr/masf.decay,0.0
136,1788868950.0313368,lr/masf.no_decay,0.0
136,1788868950.0313368,lr/neck.decay,3.6630669546436293e-06
136,1788868950.0313368,lr/neck.no_decay,3.6630669546436293e-06
136,1788868950.0313368,lr/pose_head.decay,9.157667386609073e-06
136,1788868950.0313368,lr/pose_head.no_decay,9.157667386609073e-06
136,1788868950.0313368,pose/component_0,0.6772533655166626
136,1788868950.0313368,pose/component_1,0.010111058130860329
136,1788868950.0313368,pose/component_2,0.004986166954040527
136,1788868950.0313368,pose/component_3,0.3083365261554718
136,1788868950.0313368,pose/component_4,0.0020817311014980078
136,1788868950.0313368,pose/component_5,0.0
137,1788868951.1925504,amp/overflow_retries,0.0
137,1788868951.1925504,amp/scale,512.0
137,1788868951.1925504,detect/component_0,1.0938587188720703
137,1788868951.1925504,detect/component_1,0.9307778477668762
137,1788868951.1925504,detect/component_2,0.005965420510619879
137,1788868951.1925504,gradient/clipped_norm,108.62088775634766
137,1788868951.1925504,images/detect,256.0
137,1788868951.1925504,images/pose,16.0
137,1788868951.1925504,loss/backward,100.44822845458984
137,1788868951.1925504,loss/detect_mean,1.7998344153165817
137,1788868951.1925504,loss/joint_mean,1.5695035696029662
137,1788868951.1925504,loss/pose_mean,0.6481801867485046
137,1788868951.1925504,lr/attention.decay,0.0
137,1788868951.1925504,lr/attention.no_decay,0.0
137,1788868951.1925504,lr/backbone.decay,0.0
137,1788868951.1925504,lr/backbone.no_decay,0.0
137,1788868951.1925504,lr/detect_head.decay,9.206263498920088e-06
137,1788868951.1925504,lr/detect_head.no_decay,9.206263498920088e-06
137,1788868951.1925504,lr/masf.decay,0.0
137,1788868951.1925504,lr/masf.no_decay,0.0
137,1788868951.1925504,lr/neck.decay,3.682505399568035e-06
137,1788868951.1925504,lr/neck.no_decay,3.682505399568035e-06
137,1788868951.1925504,lr/pose_head.decay,9.206263498920088e-06
137,1788868951.1925504,lr/pose_head.no_decay,9.206263498920088e-06
137,1788868951.1925504,pose/component_0,0.45076096057891846
137,1788868951.1925504,pose/component_1,0.003212028183043003
137,1788868951.1925504,pose/component_2,0.000997094321064651
137,1788868951.1925504,pose/component_3,0.16087447106838226
137,1788868951.1925504,pose/component_4,0.0018653019797056913
137,1788868951.1925504,pose/component_5,0.0
138,1788868952.3781366,amp/overflow_retries,0.0
138,1788868952.3781366,amp/scale,512.0
138,1788868952.3781366,detect/component_0,1.0289604663848877
138,1788868952.3781366,detect/component_1,0.9480025768280029
138,1788868952.3781366,detect/component_2,0.00696428632363677
138,1788868952.3781366,gradient/clipped_norm,121.26197814941406
138,1788868952.3781366,images/detect,256.0
138,1788868952.3781366,images/pose,16.0
138,1788868952.3781366,loss/backward,101.6431770324707
138,1788868952.3781366,loss/detect_mean,1.7708477526903152
138,1788868952.3781366,loss/joint_mean,1.5881746411323547
138,1788868952.3781366,loss/pose_mean,0.8574821949005127
138,1788868952.3781366,lr/attention.decay,0.0
138,1788868952.3781366,lr/attention.no_decay,0.0
138,1788868952.3781366,lr/backbone.decay,0.0
138,1788868952.3781366,lr/backbone.no_decay,0.0
138,1788868952.3781366,lr/detect_head.decay,9.2548596112311e-06
138,1788868952.3781366,lr/detect_head.no_decay,9.2548596112311e-06
138,1788868952.3781366,lr/masf.decay,0.0
138,1788868952.3781366,lr/masf.no_decay,0.0
138,1788868952.3781366,lr/neck.decay,3.7019438444924403e-06
138,1788868952.3781366,lr/neck.no_decay,3.7019438444924403e-06
138,1788868952.3781366,lr/pose_head.decay,9.2548596112311e-06
138,1788868952.3781366,lr/pose_head.no_decay,9.2548596112311e-06
138,1788868952.3781366,pose/component_0,0.5455133318901062
138,1788868952.3781366,pose/component_1,0.006655145902186632
138,1788868952.3781366,pose/component_2,0.002983662998303771
138,1788868952.3781366,pose/component_3,0.3738189935684204
138,1788868952.3781366,pose/component_4,0.002235803985968232
138,1788868952.3781366,pose/component_5,0.0
139,1788868953.54082,amp/overflow_retries,0.0
139,1788868953.54082,amp/scale,512.0
139,1788868953.54082,detect/component_0,1.0418891906738281
139,1788868953.54082,detect/component_1,0.9233412146568298
139,1788868953.54082,detect/component_2,0.006484996527433395
139,1788868953.54082,gradient/clipped_norm,132.77288818359375
139,1788868953.54082,images/detect,256.0
139,1788868953.54082,images/pose,16.0
139,1788868953.54082,loss/backward,100.09227447509765
139,1788868953.54082,loss/detect_mean,1.7482620477676392
139,1788868953.54082,loss/joint_mean,1.5639417886734008
139,1788868953.54082,loss/pose_mean,0.8266607522964478
139,1788868953.54082,lr/attention.decay,0.0
139,1788868953.54082,lr/attention.no_decay,0.0
139,1788868953.54082,lr/backbone.decay,0.0
139,1788868953.54082,lr/backbone.no_decay,0.0
139,1788868953.54082,lr/detect_head.decay,9.303455723542118e-06
139,1788868953.54082,lr/detect_head.no_decay,9.303455723542118e-06
139,1788868953.54082,lr/masf.decay,0.0
139,1788868953.54082,lr/masf.no_decay,0.0
139,1788868953.54082,lr/neck.decay,3.721382289416847e-06
139,1788868953.54082,lr/neck.no_decay,3.721382289416847e-06
139,1788868953.54082,lr/pose_head.decay,9.303455723542118e-06
139,1788868953.54082,lr/pose_head.no_decay,9.303455723542118e-06
139,1788868953.54082,pose/component_0,0.5906398892402649
139,1788868953.54082,pose/component_1,0.011983850039541721
139,1788868953.54082,pose/component_2,0.0016658380627632141
139,1788868953.54082,pose/component_3,0.2823053300380707
139,1788868953.54082,pose/component_4,0.0015403672587126493
139,1788868953.54082,pose/component_5,0.0
140,1788868954.7231455,amp/overflow_retries,0.0
140,1788868954.7231455,amp/scale,512.0
140,1788868954.7231455,detect/component_0,1.023748517036438
140,1788868954.7231455,detect/component_1,0.9117461442947388
140,1788868954.7231455,detect/component_2,0.006758454255759716
140,1788868954.7231455,gradient/clipped_norm,161.31915283203125
140,1788868954.7231455,images/detect,256.0
140,1788868954.7231455,images/pose,16.0
140,1788868954.7231455,loss/backward,102.47136993408203
140,1788868954.7231455,loss/detect_mean,1.7345333397388458
140,1788868954.7231455,loss/joint_mean,1.6011151552200318
140,1788868954.7231455,loss/pose_mean,1.0674424171447754
140,1788868954.7231455,lr/attention.decay,0.0
140,1788868954.7231455,lr/attention.no_decay,0.0
140,1788868954.7231455,lr/backbone.decay,0.0
140,1788868954.7231455,lr/backbone.no_decay,0.0
140,1788868954.7231455,lr/detect_head.decay,9.352051835853131e-06
140,1788868954.7231455,lr/detect_head.no_decay,9.352051835853131e-06
140,1788868954.7231455,lr/masf.decay,0.0
140,1788868954.7231455,lr/masf.no_decay,0.0
140,1788868954.7231455,lr/neck.decay,3.740820734341253e-06
140,1788868954.7231455,lr/neck.no_decay,3.740820734341253e-06
140,1788868954.7231455,lr/pose_head.decay,9.352051835853131e-06
140,1788868954.7231455,lr/pose_head.no_decay,9.352051835853131e-06
140,1788868954.7231455,pose/component_0,0.7530882954597473
140,1788868954.7231455,pose/component_1,0.014271184802055359
140,1788868954.7231455,pose/component_2,0.0023275050334632397
140,1788868954.7231455,pose/component_3,0.3309015929698944
140,1788868954.7231455,pose/component_4,0.0017211649101227522
140,1788868954.7231455,pose/component_5,0.0
141,1788868955.8916621,amp/overflow_retries,0.0
141,1788868955.8916621,amp/scale,512.0
141,1788868955.8916621,detect/component_0,1.0865275859832764
141,1788868955.8916621,detect/component_1,0.9680960178375244
141,1788868955.8916621,detect/component_2,0.006262789946049452
141,1788868955.8916621,gradient/clipped_norm,119.43858337402344
141,1788868955.8916621,images/detect,256.0
141,1788868955.8916621,images/pose,16.0
141,1788868955.8916621,loss/backward,105.58982772827149
141,1788868955.8916621,loss/detect_mean,1.8251454383134842
141,1788868955.8916621,loss/joint_mean,1.649841058254242
141,1788868955.8916621,loss/pose_mean,0.948623538017273
141,1788868955.8916621,lr/attention.decay,0.0
141,1788868955.8916621,lr/attention.no_decay,0.0
141,1788868955.8916621,lr/backbone.decay,0.0
141,1788868955.8916621,lr/backbone.no_decay,0.0
141,1788868955.8916621,lr/detect_head.decay,9.400647948164146e-06
141,1788868955.8916621,lr/detect_head.no_decay,9.400647948164146e-06
141,1788868955.8916621,lr/masf.decay,0.0
141,1788868955.8916621,lr/masf.no_decay,0.0
141,1788868955.8916621,lr/neck.decay,3.7602591792656584e-06
141,1788868955.8916621,lr/neck.no_decay,3.7602591792656584e-06
141,1788868955.8916621,lr/pose_head.decay,9.400647948164146e-06
141,1788868955.8916621,lr/pose_head.no_decay,9.400647948164146e-06
141,1788868955.8916621,pose/component_0,0.682315468788147
141,1788868955.8916621,pose/component_1,0.01456119492650032
141,1788868955.8916621,pose/component_2,0.003635855158790946
141,1788868955.8916621,pose/component_3,0.25992679595947266
141,1788868955.8916621,pose/component_4,0.002088610315695405
141,1788868955.8916621,pose/component_5,0.0
142,1788868957.3534303,amp/overflow_retries,0.0
142,1788868957.3534303,amp/scale,512.0
142,1788868957.3534303,detect/component_0,1.0731751918792725
142,1788868957.3534303,detect/component_1,0.9799332618713379
142,1788868957.3534303,detect/component_2,0.0065541137009859085
142,1788868957.3534303,gradient/clipped_norm,151.265869140625
142,1788868957.3534303,images/detect,256.0
142,1788868957.3534303,images/pose,16.0
142,1788868957.3534303,loss/backward,106.0066650390625
142,1788868957.3534303,loss/detect_mean,1.8372238129377365
142,1788868957.3534303,loss/joint_mean,1.6563541412353515
142,1788868957.3534303,loss/pose_mean,0.9328754544258118
142,1788868957.3534303,lr/attention.decay,0.0
142,1788868957.3534303,lr/attention.no_decay,0.0
142,1788868957.3534303,lr/backbone.decay,0.0
142,1788868957.3534303,lr/backbone.no_decay,0.0
142,1788868957.3534303,lr/detect_head.decay,9.449244060475162e-06
142,1788868957.3534303,lr/detect_head.no_decay,9.449244060475162e-06
142,1788868957.3534303,lr/masf.decay,0.0
142,1788868957.3534303,lr/masf.no_decay,0.0
142,1788868957.3534303,lr/neck.decay,3.779697624190065e-06
142,1788868957.3534303,lr/neck.no_decay,3.779697624190065e-06
142,1788868957.3534303,lr/pose_head.decay,9.449244060475162e-06
142,1788868957.3534303,lr/pose_head.no_decay,9.449244060475162e-06
142,1788868957.3534303,pose/component_0,0.6503753662109375
142,1788868957.3534303,pose/component_1,0.008104337379336357
142,1788868957.3534303,pose/component_2,0.03281638026237488
142,1788868957.3534303,pose/component_3,0.268257737159729
142,1788868957.3534303,pose/component_4,0.0027634508442133665
142,1788868957.3534303,pose/component_5,0.0
143,1788868958.5401568,amp/overflow_retries,0.0
143,1788868958.5401568,amp/scale,512.0
143,1788868958.5401568,detect/component_0,0.9933303594589233
143,1788868958.5401568,detect/component_1,0.8838015198707581
143,1788868958.5401568,detect/component_2,0.006740693002939224
143,1788868958.5401568,gradient/clipped_norm,145.90016174316406
143,1788868958.5401568,images/detect,256.0
143,1788868958.5401568,images/pose,16.0
143,1788868958.5401568,loss/backward,101.01418533325196
143,1788868958.5401568,loss/detect_mean,1.6844806224107742
143,1788868958.5401568,loss/joint_mean,1.5783466458320619
143,1788868958.5401568,loss/pose_mean,1.153810739517212
143,1788868958.5401568,lr/attention.decay,0.0
143,1788868958.5401568,lr/attention.no_decay,0.0
143,1788868958.5401568,lr/backbone.decay,0.0
143,1788868958.5401568,lr/backbone.no_decay,0.0
143,1788868958.5401568,lr/detect_head.decay,9.497840172786177e-06
143,1788868958.5401568,lr/detect_head.no_decay,9.497840172786177e-06
143,1788868958.5401568,lr/masf.decay,0.0
143,1788868958.5401568,lr/masf.no_decay,0.0
143,1788868958.5401568,lr/neck.decay,3.7991360691144706e-06
143,1788868958.5401568,lr/neck.no_decay,3.7991360691144706e-06
143,1788868958.5401568,lr/pose_head.decay,9.497840172786177e-06
143,1788868958.5401568,lr/pose_head.no_decay,9.497840172786177e-06
143,1788868958.5401568,pose/component_0,0.7996006011962891
143,1788868958.5401568,pose/component_1,0.013324109837412834
143,1788868958.5401568,pose/component_2,0.04498254135251045
143,1788868958.5401568,pose/component_3,0.31589001417160034
143,1788868958.5401568,pose/component_4,0.0014720651088282466
143,1788868958.5401568,pose/component_5,0.0
144,1788868959.7163079,amp/overflow_retries,0.0
144,1788868959.7163079,amp/scale,512.0
144,1788868959.7163079,detect/component_0,1.059884786605835
144,1788868959.7163079,detect/component_1,0.9534181952476501
144,1788868959.7163079,detect/component_2,0.006586503703147173
144,1788868959.7163079,gradient/clipped_norm,148.56674194335938
144,1788868959.7163079,images/detect,256.0
144,1788868959.7163079,images/pose,16.0
144,1788868959.7163079,loss/backward,104.12620086669922
144,1788868959.7163079,loss/detect_mean,1.7957402169704437
144,1788868959.7163079,loss/joint_mean,1.6269718885421753
144,1788868959.7163079,loss/pose_mean,0.9518985748291016
144,1788868959.7163079,lr/attention.decay,0.0
144,1788868959.7163079,lr/attention.no_decay,0.0
144,1788868959.7163079,lr/backbone.decay,0.0
144,1788868959.7163079,lr/backbone.no_decay,0.0
144,1788868959.7163079,lr/detect_head.decay,9.546436285097193e-06
144,1788868959.7163079,lr/detect_head.no_decay,9.546436285097193e-06
144,1788868959.7163079,lr/masf.decay,0.0
144,1788868959.7163079,lr/masf.no_decay,0.0
144,1788868959.7163079,lr/neck.decay,3.818574514038878e-06
144,1788868959.7163079,lr/neck.no_decay,3.818574514038878e-06
144,1788868959.7163079,lr/pose_head.decay,9.546436285097193e-06
144,1788868959.7163079,lr/pose_head.no_decay,9.546436285097193e-06
144,1788868959.7163079,pose/component_0,0.6903757452964783
144,1788868959.7163079,pose/component_1,0.028751835227012634
144,1788868959.7163079,pose/component_2,0.007814081385731697
144,1788868959.7163079,pose/component_3,0.2417479008436203
144,1788868959.7163079,pose/component_4,0.0018002099823206663
144,1788868959.7163079,pose/component_5,0.0
145,1788868960.8844438,amp/overflow_retries,0.0
145,1788868960.8844438,amp/scale,512.0
145,1788868960.8844438,detect/component_0,0.947615385055542
145,1788868960.8844438,detect/component_1,0.8696111440658569
145,1788868960.8844438,detect/component_2,0.006653299555182457
145,1788868960.8844438,gradient/clipped_norm,115.56433868408203
145,1788868960.8844438,images/detect,256.0
145,1788868960.8844438,images/pose,16.0
145,1788868960.8844438,loss/backward,92.57567825317383
145,1788868960.8844438,loss/detect_mean,1.6449976414442062
145,1788868960.8844438,loss/joint_mean,1.4464949727058412
145,1788868960.8844438,loss/pose_mean,0.6524842977523804
145,1788868960.8844438,lr/attention.decay,0.0
145,1788868960.8844438,lr/attention.no_decay,0.0
145,1788868960.8844438,lr/backbone.decay,0.0
145,1788868960.8844438,lr/backbone.no_decay,0.0
145,1788868960.8844438,lr/detect_head.decay,9.595032397408207e-06
145,1788868960.8844438,lr/detect_head.no_decay,9.595032397408207e-06
145,1788868960.8844438,lr/masf.decay,0.0
145,1788868960.8844438,lr/masf.no_decay,0.0
145,1788868960.8844438,lr/neck.decay,3.838012958963283e-06
145,1788868960.8844438,lr/neck.no_decay,3.838012958963283e-06
145,1788868960.8844438,lr/pose_head.decay,9.595032397408207e-06
145,1788868960.8844438,lr/pose_head.no_decay,9.595032397408207e-06
145,1788868960.8844438,pose/component_0,0.4437588155269623
145,1788868960.8844438,pose/component_1,0.006372248753905296
145,1788868960.8844438,pose/component_2,0.027492044493556023
145,1788868960.8844438,pose/component_3,0.15353898704051971
145,1788868960.8844438,pose/component_4,0.0021595454309135675
145,1788868960.8844438,pose/component_5,0.0
146,1788868962.062052,amp/overflow_retries,0.0
146,1788868962.062052,amp/scale,512.0
146,1788868962.062052,detect/component_0,1.0781781673431396
146,1788868962.062052,detect/component_1,0.9194695353507996
146,1788868962.062052,detect/component_2,0.006378603167831898
146,1788868962.062052,gradient/clipped_norm,117.53089141845703
146,1788868962.062052,images/detect,256.0
146,1788868962.062052,images/pose,16.0
146,1788868962.062052,loss/backward,100.29805145263671
146,1788868962.062052,loss/detect_mean,1.7566256523132324
146,1788868962.062052,loss/joint_mean,1.5671570539474486
146,1788868962.062052,loss/pose_mean,0.809282660484314
146,1788868962.062052,lr/attention.decay,0.0
146,1788868962.062052,lr/attention.no_decay,0.0
146,1788868962.062052,lr/backbone.decay,0.0
146,1788868962.062052,lr/backbone.no_decay,0.0
146,1788868962.062052,lr/detect_head.decay,9.643628509719224e-06
146,1788868962.062052,lr/detect_head.no_decay,9.643628509719224e-06
146,1788868962.062052,lr/masf.decay,0.0
146,1788868962.062052,lr/masf.no_decay,0.0
146,1788868962.062052,lr/neck.decay,3.85745140388769e-06
146,1788868962.062052,lr/neck.no_decay,3.85745140388769e-06
146,1788868962.062052,lr/pose_head.decay,9.643628509719224e-06
146,1788868962.062052,lr/pose_head.no_decay,9.643628509719224e-06
146,1788868962.062052,pose/component_0,0.4943774938583374
146,1788868962.062052,pose/component_1,0.010282744653522968
146,1788868962.062052,pose/component_2,0.0008231353713199496
146,1788868962.062052,pose/component_3,0.35060545802116394
146,1788868962.062052,pose/component_4,0.0020757578313350677
146,1788868962.062052,pose/component_5,0.0
147,1788868963.2290468,amp/overflow_retries,0.0
147,1788868963.2290468,amp/scale,512.0
147,1788868963.2290468,detect/component_0,1.061284065246582
147,1788868963.2290468,detect/component_1,0.9091163873672485
147,1788868963.2290468,detect/component_2,0.006481087300926447
147,1788868963.2290468,gradient/clipped_norm,132.3094940185547
147,1788868963.2290468,images/detect,256.0
147,1788868963.2290468,images/pose,16.0
147,1788868963.2290468,loss/backward,103.89069747924805
147,1788868963.2290468,loss/detect_mean,1.7627322524785995
147,1788868963.2290468,loss/joint_mean,1.6232921481132507
147,1788868963.2290468,loss/pose_mean,1.0655317306518555
147,1788868963.2290468,lr/attention.decay,0.0
147,1788868963.2290468,lr/attention.no_decay,0.0
147,1788868963.2290468,lr/backbone.decay,0.0
147,1788868963.2290468,lr/backbone.no_decay,0.0
147,1788868963.2290468,lr/detect_head.decay,9.692224622030238e-06
147,1788868963.2290468,lr/detect_head.no_decay,9.692224622030238e-06
147,1788868963.2290468,lr/masf.decay,0.0
147,1788868963.2290468,lr/masf.no_decay,0.0
147,1788868963.2290468,lr/neck.decay,3.876889848812095e-06
147,1788868963.2290468,lr/neck.no_decay,3.876889848812095e-06
147,1788868963.2290468,lr/pose_head.decay,9.692224622030238e-06
147,1788868963.2290468,lr/pose_head.no_decay,9.692224622030238e-06
147,1788868963.2290468,pose/component_0,0.6238605380058289
147,1788868963.2290468,pose/component_1,0.12352091073989868
147,1788868963.2290468,pose/component_2,0.03238629177212715
147,1788868963.2290468,pose/component_3,0.4190206527709961
147,1788868963.2290468,pose/component_4,0.001961267553269863
147,1788868963.2290468,pose/component_5,0.0
148,1788868964.4102507,amp/overflow_retries,0.0
148,1788868964.4102507,amp/scale,512.0
148,1788868964.4102507,detect/component_0,1.0913960933685303
148,1788868964.4102507,detect/component_1,0.9630151987075806
148,1788868964.4102507,detect/component_2,0.0061044939793646336
148,1788868964.4102507,gradient/clipped_norm,155.18185424804688
148,1788868964.4102507,images/detect,256.0
148,1788868964.4102507,images/pose,16.0
148,1788868964.4102507,loss/backward,103.49571228027344
148,1788868964.4102507,loss/detect_mean,1.8284651339054108
148,1788868964.4102507,loss/joint_mean,1.6171205043792725
148,1788868964.4102507,loss/pose_mean,0.7717419862747192
148,1788868964.4102507,lr/attention.decay,0.0
148,1788868964.4102507,lr/attention.no_decay,0.0
148,1788868964.4102507,lr/backbone.decay,0.0
148,1788868964.4102507,lr/backbone.no_decay,0.0
148,1788868964.4102507,lr/detect_head.decay,9.740820734341254e-06
148,1788868964.4102507,lr/detect_head.no_decay,9.740820734341254e-06
148,1788868964.4102507,lr/masf.decay,0.0
148,1788868964.4102507,lr/masf.no_decay,0.0
148,1788868964.4102507,lr/neck.decay,3.896328293736502e-06
148,1788868964.4102507,lr/neck.no_decay,3.896328293736502e-06
148,1788868964.4102507,lr/pose_head.decay,9.740820734341254e-06
148,1788868964.4102507,lr/pose_head.no_decay,9.740820734341254e-06
148,1788868964.4102507,pose/component_0,0.5217086672782898
148,1788868964.4102507,pose/component_1,0.014583933167159557
148,1788868964.4102507,pose/component_2,0.0014898122753947973
148,1788868964.4102507,pose/component_3,0.2653493285179138
148,1788868964.4102507,pose/component_4,0.0014858798822388053
148,1788868964.4102507,pose/component_5,0.0
149,1788868965.5955179,amp/overflow_retries,0.0
149,1788868965.5955179,amp/scale,512.0
149,1788868965.5955179,detect/component_0,1.0962698459625244
149,1788868965.5955179,detect/component_1,0.9378075003623962
149,1788868965.5955179,detect/component_2,0.00637284480035305
149,1788868965.5955179,gradient/clipped_norm,148.33912658691406
149,1788868965.5955179,images/detect,256.0
149,1788868965.5955179,images/pose,16.0
149,1788868965.5955179,loss/backward,103.87083740234375
149,1788868965.5955179,loss/detect_mean,1.8239027112722397
149,1788868965.5955179,loss/joint_mean,1.6229818344116211
149,1788868965.5955179,loss/pose_mean,0.8192983269691467
149,1788868965.5955179,lr/attention.decay,0.0
149,1788868965.5955179,lr/attention.no_decay,0.0
149,1788868965.5955179,lr/backbone.decay,0.0
149,1788868965.5955179,lr/backbone.no_decay,0.0
149,1788868965.5955179,lr/detect_head.decay,9.789416846652269e-06
149,1788868965.5955179,lr/detect_head.no_decay,9.789416846652269e-06
149,1788868965.5955179,lr/masf.decay,0.0
149,1788868965.5955179,lr/masf.no_decay,0.0
149,1788868965.5955179,lr/neck.decay,3.915766738660908e-06
149,1788868965.5955179,lr/neck.no_decay,3.915766738660908e-06
149,1788868965.5955179,lr/pose_head.decay,9.789416846652269e-06
149,1788868965.5955179,lr/pose_head.no_decay,9.789416846652269e-06
149,1788868965.5955179,pose/component_0,0.6064037680625916
149,1788868965.5955179,pose/component_1,0.02303774282336235
149,1788868965.5955179,pose/component_2,0.0015948504442349076
149,1788868965.5955179,pose/component_3,0.22260481119155884
149,1788868965.5955179,pose/component_4,0.001438919105567038
149,1788868965.5955179,pose/component_5,0.0
150,1788868966.7737796,amp/overflow_retries,0.0
150,1788868966.7737796,amp/scale,512.0
150,1788868966.7737796,detect/component_0,1.124792218208313
150,1788868966.7737796,detect/component_1,0.9381760358810425
150,1788868966.7737796,detect/component_2,0.00624264869838953
150,1788868966.7737796,gradient/clipped_norm,144.15170288085938
150,1788868966.7737796,images/detect,256.0
150,1788868966.7737796,images/pose,16.0
150,1788868966.7737796,loss/backward,107.10676651000976
150,1788868966.7737796,loss/detect_mean,1.8237151950597763
150,1788868966.7737796,loss/joint_mean,1.6735432267189025
150,1788868966.7737796,loss/pose_mean,1.0728553533554077
150,1788868966.7737796,lr/attention.decay,0.0
150,1788868966.7737796,lr/attention.no_decay,0.0
150,1788868966.7737796,lr/backbone.decay,0.0
150,1788868966.7737796,lr/backbone.no_decay,0.0
150,1788868966.7737796,lr/detect_head.decay,9.838012958963283e-06
150,1788868966.7737796,lr/detect_head.no_decay,9.838012958963283e-06
150,1788868966.7737796,lr/masf.decay,0.0
150,1788868966.7737796,lr/masf.no_decay,0.0
150,1788868966.7737796,lr/neck.decay,3.935205183585313e-06
150,1788868966.7737796,lr/neck.no_decay,3.935205183585313e-06
150,1788868966.7737796,lr/pose_head.decay,9.838012958963283e-06
150,1788868966.7737796,lr/pose_head.no_decay,9.838012958963283e-06
150,1788868966.7737796,pose/component_0,0.8727138638496399
150,1788868966.7737796,pose/component_1,0.02835763804614544
150,1788868966.7737796,pose/component_2,0.001503364066593349
150,1788868966.7737796,pose/component_3,0.2556864023208618
150,1788868966.7737796,pose/component_4,0.0016306706238538027
150,1788868966.7737796,pose/component_5,0.0
151,1788868967.9459627,amp/overflow_retries,0.0
151,1788868967.9459627,amp/scale,512.0
151,1788868967.9459627,detect/component_0,1.062097430229187
151,1788868967.9459627,detect/component_1,0.9258612394332886
151,1788868967.9459627,detect/component_2,0.006218294613063335
151,1788868967.9459627,gradient/clipped_norm,161.3728485107422
151,1788868967.9459627,images/detect,256.0
151,1788868967.9459627,images/pose,16.0
151,1788868967.9459627,loss/backward,103.5115463256836
151,1788868967.9459627,loss/detect_mean,1.7652622163295746
151,1788868967.9459627,loss/joint_mean,1.6173679113388062
151,1788868967.9459627,loss/pose_mean,1.0257906913757324
151,1788868967.9459627,lr/attention.decay,0.0
151,1788868967.9459627,lr/attention.no_decay,0.0
151,1788868967.9459627,lr/backbone.decay,0.0
151,1788868967.9459627,lr/backbone.no_decay,0.0
151,1788868967.9459627,lr/detect_head.decay,9.8866090712743e-06
151,1788868967.9459627,lr/detect_head.no_decay,9.8866090712743e-06
151,1788868967.9459627,lr/masf.decay,0.0
151,1788868967.9459627,lr/masf.no_decay,0.0
151,1788868967.9459627,lr/neck.decay,3.95464362850972e-06
151,1788868967.9459627,lr/neck.no_decay,3.95464362850972e-06
151,1788868967.9459627,lr/pose_head.decay,9.8866090712743e-06
151,1788868967.9459627,lr/pose_head.no_decay,9.8866090712743e-06
151,1788868967.9459627,pose/component_0,0.6025736331939697
151,1788868967.9459627,pose/component_1,0.20555782318115234
151,1788868967.9459627,pose/component_2,0.004203373566269875
151,1788868967.9459627,pose/component_3,0.3276623785495758
151,1788868967.9459627,pose/component_4,0.001960807479918003
151,1788868967.9459627,pose/component_5,0.0
152,1788868969.122637,amp/overflow_retries,0.0
152,1788868969.122637,amp/scale,512.0
152,1788868969.122637,detect/component_0,1.0777857303619385
152,1788868969.122637,detect/component_1,0.9562280178070068
152,1788868969.122637,detect/component_2,0.006151319481432438
152,1788868969.122637,gradient/clipped_norm,146.53506469726562
152,1788868969.122637,images/detect,256.0
152,1788868969.122637,images/pose,16.0
152,1788868969.122637,loss/backward,101.47141876220704
152,1788868969.122637,loss/detect_mean,1.8063711374998093
152,1788868969.122637,loss/joint_mean,1.585490918159485
152,1788868969.122637,loss/pose_mean,0.7019700407981873
152,1788868969.122637,lr/attention.decay,0.0
152,1788868969.122637,lr/attention.no_decay,0.0
152,1788868969.122637,lr/backbone.decay,0.0
152,1788868969.122637,lr/backbone.no_decay,0.0
152,1788868969.122637,lr/detect_head.decay,9.935205183585314e-06
152,1788868969.122637,lr/detect_head.no_decay,9.935205183585314e-06
152,1788868969.122637,lr/masf.decay,0.0
152,1788868969.122637,lr/masf.no_decay,0.0
152,1788868969.122637,lr/neck.decay,3.974082073434126e-06
152,1788868969.122637,lr/neck.no_decay,3.974082073434126e-06
152,1788868969.122637,lr/pose_head.decay,9.935205183585314e-06
152,1788868969.122637,lr/pose_head.no_decay,9.935205183585314e-06
152,1788868969.122637,pose/component_0,0.4522973597049713
152,1788868969.122637,pose/component_1,0.010352741926908493
152,1788868969.122637,pose/component_2,0.002058561658486724
152,1788868969.122637,pose/component_3,0.17011497914791107
152,1788868969.122637,pose/component_4,0.0029061168897897005
152,1788868969.122637,pose/component_5,0.0
153,1788868970.2946799,amp/overflow_retries,0.0
153,1788868970.2946799,amp/scale,512.0
153,1788868970.2946799,detect/component_0,1.0226600170135498
153,1788868970.2946799,detect/component_1,0.9232610464096069
153,1788868970.2946799,detect/component_2,0.00661633862182498
153,1788868970.2946799,gradient/clipped_norm,141.64219665527344
153,1788868970.2946799,images/detect,256.0
153,1788868970.2946799,images/pose,16.0
153,1788868970.2946799,loss/backward,101.917431640625
153,1788868970.2946799,loss/detect_mean,1.7509730905294418
153,1788868970.2946799,loss/joint_mean,1.5924598693847656
153,1788868970.2946799,loss/pose_mean,0.9584069848060608
153,1788868970.2946799,lr/attention.decay,0.0
153,1788868970.2946799,lr/attention.no_decay,0.0
153,1788868970.2946799,lr/backbone.decay,0.0
153,1788868970.2946799,lr/backbone.no_decay,0.0
153,1788868970.2946799,lr/detect_head.decay,9.98380129589633e-06
153,1788868970.2946799,lr/detect_head.no_decay,9.98380129589633e-06
153,1788868970.2946799,lr/masf.decay,0.0
153,1788868970.2946799,lr/masf.no_decay,0.0
153,1788868970.2946799,lr/neck.decay,3.993520518358532e-06
153,1788868970.2946799,lr/neck.no_decay,3.993520518358532e-06
153,1788868970.2946799,lr/pose_head.decay,9.98380129589633e-06
153,1788868970.2946799,lr/pose_head.no_decay,9.98380129589633e-06
153,1788868970.2946799,pose/component_0,0.7081261277198792
153,1788868970.2946799,pose/component_1,0.009594440460205078
153,1788868970.2946799,pose/component_2,0.0014746778178960085
153,1788868970.2946799,pose/component_3,0.300949364900589
153,1788868970.2946799,pose/component_4,0.0028466186486184597
153,1788868970.2946799,pose/component_5,0.0
154,1788868971.4679756,amp/overflow_retries,0.0
154,1788868971.4679756,amp/scale,512.0
154,1788868971.4679756,detect/component_0,1.040592908859253
154,1788868971.4679756,detect/component_1,0.9467713236808777
154,1788868971.4679756,detect/component_2,0.00648266589269042
154,1788868971.4679756,gradient/clipped_norm,137.9562530517578
154,1788868971.4679756,images/detect,256.0
154,1788868971.4679756,images/pose,16.0
154,1788868971.4679756,loss/backward,105.17624969482422
154,1788868971.4679756,loss/detect_mean,1.788183182477951
154,1788868971.4679756,loss/joint_mean,1.6433789014816285
154,1788868971.4679756,loss/pose_mean,1.064161777496338
154,1788868971.4679756,lr/attention.decay,0.0
154,1788868971.4679756,lr/attention.no_decay,0.0
154,1788868971.4679756,lr/backbone.decay,0.0
154,1788868971.4679756,lr/backbone.no_decay,0.0
154,1788868971.4679756,lr/detect_head.decay,1.0032397408207345e-05
154,1788868971.4679756,lr/detect_head.no_decay,1.0032397408207345e-05
154,1788868971.4679756,lr/masf.decay,0.0
154,1788868971.4679756,lr/masf.no_decay,0.0
154,1788868971.4679756,lr/neck.decay,4.012958963282938e-06
154,1788868971.4679756,lr/neck.no_decay,4.012958963282938e-06
154,1788868971.4679756,lr/pose_head.decay,1.0032397408207345e-05
154,1788868971.4679756,lr/pose_head.no_decay,1.0032397408207345e-05
154,1788868971.4679756,pose/component_0,0.8277286887168884
154,1788868971.4679756,pose/component_1,0.028613347560167313
154,1788868971.4679756,pose/component_2,0.004453937988728285
154,1788868971.4679756,pose/component_3,0.32665935158729553
154,1788868971.4679756,pose/component_4,0.0019087104592472315
154,1788868971.4679756,pose/component_5,0.0
155,1788868972.6245193,amp/overflow_retries,0.0
155,1788868972.6245193,amp/scale,512.0
155,1788868972.6245193,detect/component_0,1.0611913204193115
155,1788868972.6245193,detect/component_1,0.9367629885673523
155,1788868972.6245193,detect/component_2,0.006775686517357826
155,1788868972.6245193,gradient/clipped_norm,140.0598907470703
155,1788868972.6245193,images/detect,256.0
155,1788868972.6245193,images/pose,16.0
155,1788868972.6245193,loss/backward,102.39264297485352
155,1788868972.6245193,loss/detect_mean,1.7982167750597
155,1788868972.6245193,loss/joint_mean,1.5998850464820862
155,1788868972.6245193,loss/pose_mean,0.8065581321716309
155,1788868972.6245193,lr/attention.decay,0.0
155,1788868972.6245193,lr/attention.no_decay,0.0
155,1788868972.6245193,lr/backbone.decay,0.0
155,1788868972.6245193,lr/backbone.no_decay,0.0
155,1788868972.6245193,lr/detect_head.decay,1.0080993520518358e-05
155,1788868972.6245193,lr/detect_head.no_decay,1.0080993520518358e-05
155,1788868972.6245193,lr/masf.decay,0.0
155,1788868972.6245193,lr/masf.no_decay,0.0
155,1788868972.6245193,lr/neck.decay,4.032397408207344e-06
155,1788868972.6245193,lr/neck.no_decay,4.032397408207344e-06
155,1788868972.6245193,lr/pose_head.decay,1.0080993520518358e-05
155,1788868972.6245193,lr/pose_head.no_decay,1.0080993520518358e-05
155,1788868972.6245193,pose/component_0,0.5426197648048401
155,1788868972.6245193,pose/component_1,0.008126074448227882
155,1788868972.6245193,pose/component_2,0.0012809904292225838
155,1788868972.6245193,pose/component_3,0.22950729727745056
155,1788868972.6245193,pose/component_4,0.0015864836750552058
155,1788868972.6245193,pose/component_5,0.0
156,1788868973.787522,amp/overflow_retries,0.0
156,1788868973.787522,amp/scale,512.0
156,1788868973.787522,detect/component_0,1.0201278924942017
156,1788868973.787522,detect/component_1,0.8843199610710144
156,1788868973.787522,detect/component_2,0.006513282656669617
156,1788868973.787522,gradient/clipped_norm,137.529541015625
156,1788868973.787522,images/detect,256.0
156,1788868973.787522,images/pose,16.0
156,1788868973.787522,loss/backward,100.50663146972656
156,1788868973.787522,loss/detect_mean,1.7085069119930267
156,1788868973.787522,loss/joint_mean,1.5704161167144775
156,1788868973.787522,loss/pose_mean,1.0180529356002808
156,1788868973.787522,lr/attention.decay,0.0
156,1788868973.787522,lr/attention.no_decay,0.0
156,1788868973.787522,lr/backbone.decay,0.0
156,1788868973.787522,lr/backbone.no_decay,0.0
156,1788868973.787522,lr/detect_head.decay,1.0129589632829376e-05
156,1788868973.787522,lr/detect_head.no_decay,1.0129589632829376e-05
156,1788868973.787522,lr/masf.decay,0.0
156,1788868973.787522,lr/masf.no_decay,0.0
156,1788868973.787522,lr/neck.decay,4.05183585313175e-06
156,1788868973.787522,lr/neck.no_decay,4.05183585313175e-06
156,1788868973.787522,lr/pose_head.decay,1.0129589632829376e-05
156,1788868973.787522,lr/pose_head.no_decay,1.0129589632829376e-05
156,1788868973.787522,pose/component_0,0.7038286924362183
156,1788868973.787522,pose/component_1,0.01228487491607666
156,1788868973.787522,pose/component_2,0.04186563938856125
156,1788868973.787522,pose/component_3,0.277271032333374
156,1788868973.787522,pose/component_4,0.0017746720695868134
156,1788868973.787522,pose/component_5,0.0
157,1788868974.962453,amp/overflow_retries,0.0
157,1788868974.962453,amp/scale,512.0
157,1788868974.962453,detect/component_0,1.0680427551269531
157,1788868974.962453,detect/component_1,0.9611995220184326
157,1788868974.962453,detect/component_2,0.006571295205503702
157,1788868974.962453,gradient/clipped_norm,144.37782287597656
157,1788868974.962453,images/detect,256.0
157,1788868974.962453,images/pose,16.0
157,1788868974.962453,loss/backward,109.12333450317382
157,1788868974.962453,loss/detect_mean,1.8106288462877274
157,1788868974.962453,loss/joint_mean,1.705052101612091
157,1788868974.962453,loss/pose_mean,1.282745122909546
157,1788868974.962453,lr/attention.decay,0.0
157,1788868974.962453,lr/attention.no_decay,0.0
157,1788868974.962453,lr/backbone.decay,0.0
157,1788868974.962453,lr/backbone.no_decay,0.0
157,1788868974.962453,lr/detect_head.decay,1.017818574514039e-05
157,1788868974.962453,lr/detect_head.no_decay,1.017818574514039e-05
157,1788868974.962453,lr/masf.decay,0.0
157,1788868974.962453,lr/masf.no_decay,0.0
157,1788868974.962453,lr/neck.decay,4.071274298056156e-06
157,1788868974.962453,lr/neck.no_decay,4.071274298056156e-06
157,1788868974.962453,lr/pose_head.decay,1.017818574514039e-05
157,1788868974.962453,lr/pose_head.no_decay,1.017818574514039e-05
157,1788868974.962453,pose/component_0,0.8556893467903137
157,1788868974.962453,pose/component_1,0.025074858218431473
157,1788868974.962453,pose/component_2,0.10445480048656464
157,1788868974.962453,pose/component_3,0.3589461147785187
157,1788868974.962453,pose/component_4,0.002248200820758939
157,1788868974.962453,pose/component_5,0.0
158,1788868976.1285872,amp/overflow_retries,0.0
158,1788868976.1285872,amp/scale,512.0
158,1788868976.1285872,detect/component_0,1.0440117120742798
158,1788868976.1285872,detect/component_1,0.9845873713493347
158,1788868976.1285872,detect/component_2,0.006414362229406834
158,1788868976.1285872,gradient/clipped_norm,141.2969512939453
158,1788868976.1285872,images/detect,256.0
158,1788868976.1285872,images/pose,16.0
158,1788868976.1285872,loss/backward,104.21766510009766
158,1788868976.1285872,loss/detect_mean,1.801478385925293
158,1788868976.1285872,loss/joint_mean,1.628401017189026
158,1788868976.1285872,loss/pose_mean,0.9360915422439575
158,1788868976.1285872,lr/attention.decay,0.0
158,1788868976.1285872,lr/attention.no_decay,0.0
158,1788868976.1285872,lr/backbone.decay,0.0
158,1788868976.1285872,lr/backbone.no_decay,0.0
158,1788868976.1285872,lr/detect_head.decay,1.0226781857451407e-05
158,1788868976.1285872,lr/detect_head.no_decay,1.0226781857451407e-05
158,1788868976.1285872,lr/masf.decay,0.0
158,1788868976.1285872,lr/masf.no_decay,0.0
158,1788868976.1285872,lr/neck.decay,4.090712742980563e-06
158,1788868976.1285872,lr/neck.no_decay,4.090712742980563e-06
158,1788868976.1285872,lr/pose_head.decay,1.0226781857451407e-05
158,1788868976.1285872,lr/pose_head.no_decay,1.0226781857451407e-05
158,1788868976.1285872,pose/component_0,0.7012394070625305
158,1788868976.1285872,pose/component_1,0.017140522599220276
158,1788868976.1285872,pose/component_2,0.0037314435467123985
158,1788868976.1285872,pose/component_3,0.23575153946876526
158,1788868976.1285872,pose/component_4,0.00213084788993001
158,1788868976.1285872,pose/component_5,0.0
159,1788868977.320295,amp/overflow_retries,0.0
159,1788868977.320295,amp/scale,512.0
159,1788868977.320295,detect/component_0,1.0961486101150513
159,1788868977.320295,detect/component_1,1.0185610055923462
159,1788868977.320295,detect/component_2,0.0062264204025268555
159,1788868977.320295,gradient/clipped_norm,152.4774627685547
159,1788868977.320295,images/detect,256.0
159,1788868977.320295,images/pose,16.0
159,1788868977.320295,loss/backward,107.01717376708984
159,1788868977.320295,loss/detect_mean,1.8622539341449738
159,1788868977.320295,loss/joint_mean,1.6721433401107788
159,1788868977.320295,loss/pose_mean,0.911700963973999
159,1788868977.320295,lr/attention.decay,0.0
159,1788868977.320295,lr/attention.no_decay,0.0
159,1788868977.320295,lr/backbone.decay,0.0
159,1788868977.320295,lr/backbone.no_decay,0.0
159,1788868977.320295,lr/detect_head.decay,1.0275377969762421e-05
159,1788868977.320295,lr/detect_head.no_decay,1.0275377969762421e-05
159,1788868977.320295,lr/masf.decay,0.0
159,1788868977.320295,lr/masf.no_decay,0.0
159,1788868977.320295,lr/neck.decay,4.1101511879049684e-06
159,1788868977.320295,lr/neck.no_decay,4.1101511879049684e-06
159,1788868977.320295,lr/pose_head.decay,1.0275377969762421e-05
159,1788868977.320295,lr/pose_head.no_decay,1.0275377969762421e-05
159,1788868977.320295,pose/component_0,0.5972544550895691
159,1788868977.320295,pose/component_1,0.005432923790067434
159,1788868977.320295,pose/component_2,0.0043569994159042835
159,1788868977.320295,pose/component_3,0.2942078411579132
159,1788868977.320295,pose/component_4,0.003299838863313198
159,1788868977.320295,pose/component_5,0.0
160,1788868978.487709,amp/overflow_retries,0.0
160,1788868978.487709,amp/scale,512.0
160,1788868978.487709,detect/component_0,1.0199192762374878
160,1788868978.487709,detect/component_1,0.905155599117279
160,1788868978.487709,detect/component_2,0.006665925029665232
160,1788868978.487709,gradient/clipped_norm,136.1699981689453
160,1788868978.487709,images/detect,256.0
160,1788868978.487709,images/pose,16.0
160,1788868978.487709,loss/backward,102.75167465209961
160,1788868978.487709,loss/detect_mean,1.7087533921003342
160,1788868978.487709,loss/joint_mean,1.6054949164390564
160,1788868978.487709,loss/pose_mean,1.1924610137939453
160,1788868978.487709,lr/attention.decay,0.0
160,1788868978.487709,lr/attention.no_decay,0.0
160,1788868978.487709,lr/backbone.decay,0.0
160,1788868978.487709,lr/backbone.no_decay,0.0
160,1788868978.487709,lr/detect_head.decay,1.0323974082073434e-05
160,1788868978.487709,lr/detect_head.no_decay,1.0323974082073434e-05
160,1788868978.487709,lr/masf.decay,0.0
160,1788868978.487709,lr/masf.no_decay,0.0
160,1788868978.487709,lr/neck.decay,4.129589632829374e-06
160,1788868978.487709,lr/neck.no_decay,4.129589632829374e-06
160,1788868978.487709,lr/pose_head.decay,1.0323974082073434e-05
160,1788868978.487709,lr/pose_head.no_decay,1.0323974082073434e-05
160,1788868978.487709,pose/component_0,0.8771209120750427
160,1788868978.487709,pose/component_1,0.012852472253143787
160,1788868978.487709,pose/component_2,0.003636846784502268
160,1788868978.487709,pose/component_3,0.2957956790924072
160,1788868978.487709,pose/component_4,0.00375922117382288
160,1788868978.487709,pose/component_5,0.0
161,1788868979.670327,amp/overflow_retries,0.0
161,1788868979.670327,amp/scale,512.0
161,1788868979.670327,detect/component_0,1.100736141204834
161,1788868979.670327,detect/component_1,0.9336187839508057
161,1788868979.670327,detect/component_2,0.005735729821026325
161,1788868979.670327,gradient/clipped_norm,124.5505142211914
161,1788868979.670327,images/detect,256.0
161,1788868979.670327,images/pose,16.0
161,1788868979.670327,loss/backward,106.53922500610352
161,1788868979.670327,loss/detect_mean,1.8001257330179214
161,1788868979.670327,loss/joint_mean,1.6646753907203675
161,1788868979.670327,loss/pose_mean,1.1228740215301514
161,1788868979.670327,lr/attention.decay,0.0
161,1788868979.670327,lr/attention.no_decay,0.0
161,1788868979.670327,lr/backbone.decay,0.0
161,1788868979.670327,lr/backbone.no_decay,0.0
161,1788868979.670327,lr/detect_head.decay,1.0372570194384452e-05
161,1788868979.670327,lr/detect_head.no_decay,1.0372570194384452e-05
161,1788868979.670327,lr/masf.decay,0.0
161,1788868979.670327,lr/masf.no_decay,0.0
161,1788868979.670327,lr/neck.decay,4.14902807775378e-06
161,1788868979.670327,lr/neck.no_decay,4.14902807775378e-06
161,1788868979.670327,lr/pose_head.decay,1.0372570194384452e-05
161,1788868979.670327,lr/pose_head.no_decay,1.0372570194384452e-05
161,1788868979.670327,pose/component_0,0.740479588508606
161,1788868979.670327,pose/component_1,0.014010382816195488
161,1788868979.670327,pose/component_2,0.13373328745365143
161,1788868979.670327,pose/component_3,0.3023538589477539
161,1788868979.670327,pose/component_4,0.002313901437446475
161,1788868979.670327,pose/component_5,0.0
162,1788868980.8383448,amp/overflow_retries,0.0
162,1788868980.8383448,amp/scale,512.0
162,1788868980.8383448,detect/component_0,1.0422433614730835
162,1788868980.8383448,detect/component_1,0.9182732105255127
162,1788868980.8383448,detect/component_2,0.006488064303994179
162,1788868980.8383448,gradient/clipped_norm,159.81207275390625
162,1788868980.8383448,images/detect,256.0
162,1788868980.8383448,images/pose,16.0
162,1788868980.8383448,loss/backward,102.86056747436524
162,1788868980.8383448,loss/detect_mean,1.7505733519792557
162,1788868980.8383448,loss/joint_mean,1.6071963667869569
162,1788868980.8383448,loss/pose_mean,1.0336884260177612
162,1788868980.8383448,lr/attention.decay,0.0
162,1788868980.8383448,lr/attention.no_decay,0.0
162,1788868980.8383448,lr/backbone.decay,0.0
162,1788868980.8383448,lr/backbone.no_decay,0.0
162,1788868980.8383448,lr/detect_head.decay,1.0421166306695465e-05
162,1788868980.8383448,lr/detect_head.no_decay,1.0421166306695465e-05
162,1788868980.8383448,lr/masf.decay,0.0
162,1788868980.8383448,lr/masf.no_decay,0.0
162,1788868980.8383448,lr/neck.decay,4.1684665226781866e-06
162,1788868980.8383448,lr/neck.no_decay,4.1684665226781866e-06
162,1788868980.8383448,lr/pose_head.decay,1.0421166306695465e-05
162,1788868980.8383448,lr/pose_head.no_decay,1.0421166306695465e-05
162,1788868980.8383448,pose/component_0,0.6868970394134521
162,1788868980.8383448,pose/component_1,0.011690085753798485
162,1788868980.8383448,pose/component_2,0.001096483669243753
162,1788868980.8383448,pose/component_3,0.35033467411994934
162,1788868980.8383448,pose/component_4,0.001818519551306963
162,1788868980.8383448,pose/component_5,0.0
163,1788868982.0180304,amp/overflow_retries,0.0
163,1788868982.0180304,amp/scale,512.0
163,1788868982.0180304,detect/component_0,1.104143738746643
163,1788868982.0180304,detect/component_1,0.9401364326477051
163,1788868982.0180304,detect/component_2,0.005796336103230715
163,1788868982.0180304,gradient/clipped_norm,132.56825256347656
163,1788868982.0180304,images/detect,256.0
163,1788868982.0180304,images/pose,16.0
163,1788868982.0180304,loss/backward,107.0570281982422
163,1788868982.0180304,loss/detect_mean,1.8226142227649689
163,1788868982.0180304,loss/joint_mean,1.6727660655975343
163,1788868982.0180304,loss/pose_mean,1.0733734369277954
163,1788868982.0180304,lr/attention.decay,0.0
163,1788868982.0180304,lr/attention.no_decay,0.0
163,1788868982.0180304,lr/backbone.decay,0.0
163,1788868982.0180304,lr/backbone.no_decay,0.0
163,1788868982.0180304,lr/detect_head.decay,1.046976241900648e-05
163,1788868982.0180304,lr/detect_head.no_decay,1.046976241900648e-05
163,1788868982.0180304,lr/masf.decay,0.0
163,1788868982.0180304,lr/masf.no_decay,0.0
163,1788868982.0180304,lr/neck.decay,4.187904967602592e-06
163,1788868982.0180304,lr/neck.no_decay,4.187904967602592e-06
163,1788868982.0180304,lr/pose_head.decay,1.046976241900648e-05
163,1788868982.0180304,lr/pose_head.no_decay,1.046976241900648e-05
163,1788868982.0180304,pose/component_0,0.7356210350990295
163,1788868982.0180304,pose/component_1,0.018599731847643852
163,1788868982.0180304,pose/component_2,0.05064685642719269
163,1788868982.0180304,pose/component_3,0.30545270442962646
163,1788868982.0180304,pose/component_4,0.0017664097249507904
163,1788868982.0180304,pose/component_5,0.0
164,1788868983.1917112,amp/overflow_retries,0.0
164,1788868983.1917112,amp/scale,512.0
164,1788868983.1917112,detect/component_0,1.078490972518921
164,1788868983.1917112,detect/component_1,0.9832411408424377
164,1788868983.1917112,detect/component_2,0.0065457820892333984
164,1788868983.1917112,gradient/clipped_norm,128.79396057128906
164,1788868983.1917112,images/detect,256.0
164,1788868983.1917112,images/pose,16.0
164,1788868983.1917112,loss/backward,104.36878356933593
164,1788868983.1917112,loss/detect_mean,1.8204259276390076
164,1788868983.1917112,loss/joint_mean,1.630762243270874
164,1788868983.1917112,loss/pose_mean,0.8721075057983398
164,1788868983.1917112,lr/attention.decay,0.0
164,1788868983.1917112,lr/attention.no_decay,0.0
164,1788868983.1917112,lr/backbone.decay,0.0
164,1788868983.1917112,lr/backbone.no_decay,0.0
164,1788868983.1917112,lr/detect_head.decay,1.0518358531317495e-05
164,1788868983.1917112,lr/detect_head.no_decay,1.0518358531317495e-05
164,1788868983.1917112,lr/masf.decay,0.0
164,1788868983.1917112,lr/masf.no_decay,0.0
164,1788868983.1917112,lr/neck.decay,4.207343412526998e-06
164,1788868983.1917112,lr/neck.no_decay,4.207343412526998e-06
164,1788868983.1917112,lr/pose_head.decay,1.0518358531317495e-05
164,1788868983.1917112,lr/pose_head.no_decay,1.0518358531317495e-05
164,1788868983.1917112,pose/component_0,0.6260524988174438
164,1788868983.1917112,pose/component_1,0.019358530640602112
164,1788868983.1917112,pose/component_2,0.005072831176221371
164,1788868983.1917112,pose/component_3,0.3218824565410614
164,1788868983.1917112,pose/component_4,0.002556010615080595
164,1788868983.1917112,pose/component_5,0.0
165,1788868984.3672116,amp/overflow_retries,0.0
165,1788868984.3672116,amp/scale,512.0
165,1788868984.3672116,detect/component_0,1.0462898015975952
165,1788868984.3672116,detect/component_1,0.9581149816513062
165,1788868984.3672116,detect/component_2,0.0056211394257843494
165,1788868984.3672116,gradient/clipped_norm,143.07481384277344
165,1788868984.3672116,images/detect,256.0
165,1788868984.3672116,images/pose,16.0
165,1788868984.3672116,loss/backward,100.9916748046875
165,1788868984.3672116,loss/detect_mean,1.7735972702503204
165,1788868984.3672116,loss/joint_mean,1.5779949188232423
165,1788868984.3672116,loss/pose_mean,0.7955855131149292
165,1788868984.3672116,lr/attention.decay,0.0
165,1788868984.3672116,lr/attention.no_decay,0.0
165,1788868984.3672116,lr/backbone.decay,0.0
165,1788868984.3672116,lr/backbone.no_decay,0.0
165,1788868984.3672116,lr/detect_head.decay,1.056695464362851e-05
165,1788868984.3672116,lr/detect_head.no_decay,1.056695464362851e-05
165,1788868984.3672116,lr/masf.decay,0.0
165,1788868984.3672116,lr/masf.no_decay,0.0
165,1788868984.3672116,lr/neck.decay,4.226781857451404e-06
165,1788868984.3672116,lr/neck.no_decay,4.226781857451404e-06
165,1788868984.3672116,lr/pose_head.decay,1.056695464362851e-05
165,1788868984.3672116,lr/pose_head.no_decay,1.056695464362851e-05
165,1788868984.3672116,pose/component_0,0.6082512140274048
165,1788868984.3672116,pose/component_1,0.008822321891784668
165,1788868984.3672116,pose/component_2,0.0018565017962828279
165,1788868984.3672116,pose/component_3,0.2219361811876297
165,1788868984.3672116,pose/component_4,0.0017963654827326536
165,1788868984.3672116,pose/component_5,0.0
166,1788868985.548773,amp/overflow_retries,0.0
166,1788868985.548773,amp/scale,512.0
166,1788868985.548773,detect/component_0,1.1026934385299683
166,1788868985.548773,detect/component_1,0.9840461015701294
166,1788868985.548773,detect/component_2,0.006407830864191055
166,1788868985.548773,gradient/clipped_norm,138.41561889648438
166,1788868985.548773,images/detect,256.0
166,1788868985.548773,images/pose,16.0
166,1788868985.548773,loss/backward,106.47187118530273
166,1788868985.548773,loss/detect_mean,1.8723869621753693
166,1788868985.548773,loss/joint_mean,1.6636229872703552
166,1788868985.548773,loss/pose_mean,0.8285670876502991
166,1788868985.548773,lr/attention.decay,0.0
166,1788868985.548773,lr/attention.no_decay,0.0
166,1788868985.548773,lr/backbone.decay,0.0
166,1788868985.548773,lr/backbone.no_decay,0.0
166,1788868985.548773,lr/detect_head.decay,1.0615550755939526e-05
166,1788868985.548773,lr/detect_head.no_decay,1.0615550755939526e-05
166,1788868985.548773,lr/masf.decay,0.0
166,1788868985.548773,lr/masf.no_decay,0.0
166,1788868985.548773,lr/neck.decay,4.246220302375811e-06
166,1788868985.548773,lr/neck.no_decay,4.246220302375811e-06
166,1788868985.548773,lr/pose_head.decay,1.0615550755939526e-05
166,1788868985.548773,lr/pose_head.no_decay,1.0615550755939526e-05
166,1788868985.548773,pose/component_0,0.5811652541160583
166,1788868985.548773,pose/component_1,0.007803124375641346
166,1788868985.548773,pose/component_2,0.004560274071991444
166,1788868985.548773,pose/component_3,0.20088398456573486
166,1788868985.548773,pose/component_4,0.001827022060751915
166,1788868985.548773,pose/component_5,0.0
167,1788868986.7437935,amp/overflow_retries,0.0
167,1788868986.7437935,amp/scale,512.0
167,1788868986.7437935,detect/component_0,1.0551024675369263
167,1788868986.7437935,detect/component_1,0.9583859443664551
167,1788868986.7437935,detect/component_2,0.006197936367243528
167,1788868986.7437935,gradient/clipped_norm,110.21142578125
167,1788868986.7437935,images/detect,256.0
167,1788868986.7437935,images/pose,16.0
167,1788868986.7437935,loss/backward,102.16409149169922
167,1788868986.7437935,loss/detect_mean,1.8061497211456299
167,1788868986.7437935,loss/joint_mean,1.5963139295578004
167,1788868986.7437935,loss/pose_mean,0.7569707632064819
167,1788868986.7437935,lr/attention.decay,0.0
167,1788868986.7437935,lr/attention.no_decay,0.0
167,1788868986.7437935,lr/backbone.decay,0.0
167,1788868986.7437935,lr/backbone.no_decay,0.0
167,1788868986.7437935,lr/detect_head.decay,1.066414686825054e-05
167,1788868986.7437935,lr/detect_head.no_decay,1.066414686825054e-05
167,1788868986.7437935,lr/masf.decay,0.0
167,1788868986.7437935,lr/masf.no_decay,0.0
167,1788868986.7437935,lr/neck.decay,4.2656587473002165e-06
167,1788868986.7437935,lr/neck.no_decay,4.2656587473002165e-06
167,1788868986.7437935,lr/pose_head.decay,1.066414686825054e-05
167,1788868986.7437935,lr/pose_head.no_decay,1.066414686825054e-05
167,1788868986.7437935,pose/component_0,0.5176424384117126
167,1788868986.7437935,pose/component_1,0.00759897893294692
167,1788868986.7437935,pose/component_2,0.0035446148831397295
167,1788868986.7437935,pose/component_3,0.1600881665945053
167,1788868986.7437935,pose/component_4,0.002164570614695549
167,1788868986.7437935,pose/component_5,0.0
168,1788868987.9057615,amp/overflow_retries,0.0
168,1788868987.9057615,amp/scale,512.0
168,1788868987.9057615,detect/component_0,1.0510929822921753
168,1788868987.9057615,detect/component_1,0.9435680508613586
168,1788868987.9057615,detect/component_2,0.006365243811160326
168,1788868987.9057615,gradient/clipped_norm,121.16940307617188
168,1788868987.9057615,images/detect,256.0
168,1788868987.9057615,images/pose,16.0
168,1788868987.9057615,loss/backward,101.66415557861328
168,1788868987.9057615,loss/detect_mean,1.7972714453935623
168,1788868987.9057615,loss/joint_mean,1.5885024309158324
168,1788868987.9057615,loss/pose_mean,0.7534263730049133
168,1788868987.9057615,lr/attention.decay,0.0
168,1788868987.9057615,lr/attention.no_decay,0.0
168,1788868987.9057615,lr/backbone.decay,0.0
168,1788868987.9057615,lr/backbone.no_decay,0.0
168,1788868987.9057615,lr/detect_head.decay,1.0712742980561555e-05
168,1788868987.9057615,lr/detect_head.no_decay,1.0712742980561555e-05
168,1788868987.9057615,lr/masf.decay,0.0
168,1788868987.9057615,lr/masf.no_decay,0.0
168,1788868987.9057615,lr/neck.decay,4.285097192224622e-06
168,1788868987.9057615,lr/neck.no_decay,4.285097192224622e-06
168,1788868987.9057615,lr/pose_head.decay,1.0712742980561555e-05
168,1788868987.9057615,lr/pose_head.no_decay,1.0712742980561555e-05
168,1788868987.9057615,pose/component_0,0.5377746224403381
168,1788868987.9057615,pose/component_1,0.019704580307006836
168,1788868987.9057615,pose/component_2,0.009833699092268944
168,1788868987.9057615,pose/component_3,0.21108560264110565
168,1788868987.9057615,pose/component_4,0.001591439126059413
168,1788868987.9057615,pose/component_5,0.0
169,1788868989.0775743,amp/overflow_retries,0.0
169,1788868989.0775743,amp/scale,512.0
169,1788868989.0775743,detect/component_0,1.0749634504318237
169,1788868989.0775743,detect/component_1,0.9380146265029907
169,1788868989.0775743,detect/component_2,0.006415748503059149
169,1788868989.0775743,gradient/clipped_norm,121.13021087646484
169,1788868989.0775743,images/detect,256.0
169,1788868989.0775743,images/pose,16.0
169,1788868989.0775743,loss/backward,103.47337112426757
169,1788868989.0775743,loss/detect_mean,1.8083515614271164
169,1788868989.0775743,loss/joint_mean,1.6167714238166808
169,1788868989.0775743,loss/pose_mean,0.850450873374939
169,1788868989.0775743,lr/attention.decay,0.0
169,1788868989.0775743,lr/attention.no_decay,0.0
169,1788868989.0775743,lr/backbone.decay,0.0
169,1788868989.0775743,lr/backbone.no_decay,0.0
169,1788868989.0775743,lr/detect_head.decay,1.0761339092872572e-05
169,1788868989.0775743,lr/detect_head.no_decay,1.0761339092872572e-05
169,1788868989.0775743,lr/masf.decay,0.0
169,1788868989.0775743,lr/masf.no_decay,0.0
169,1788868989.0775743,lr/neck.decay,4.304535637149029e-06
169,1788868989.0775743,lr/neck.no_decay,4.304535637149029e-06
169,1788868989.0775743,lr/pose_head.decay,1.0761339092872572e-05
169,1788868989.0775743,lr/pose_head.no_decay,1.0761339092872572e-05
169,1788868989.0775743,pose/component_0,0.6029922366142273
169,1788868989.0775743,pose/component_1,0.01013427134603262
169,1788868989.0775743,pose/component_2,0.0063942670822143555
169,1788868989.0775743,pose/component_3,0.2574171721935272
169,1788868989.0775743,pose/component_4,0.001584264449775219
169,1788868989.0775743,pose/component_5,0.0
170,1788868990.2460046,amp/overflow_retries,0.0
170,1788868990.2460046,amp/scale,512.0
170,1788868990.2460046,detect/component_0,1.0746634006500244
170,1788868990.2460046,detect/component_1,0.976869523525238
170,1788868990.2460046,detect/component_2,0.006281976588070393
170,1788868990.2460046,gradient/clipped_norm,130.60055541992188
170,1788868990.2460046,images/detect,256.0
170,1788868990.2460046,images/pose,16.0
170,1788868990.2460046,loss/backward,105.01877670288086
170,1788868990.2460046,loss/detect_mean,1.8299494236707687
170,1788868990.2460046,loss/joint_mean,1.6409183859825134
170,1788868990.2460046,loss/pose_mean,0.8847942352294922
170,1788868990.2460046,lr/attention.decay,0.0
170,1788868990.2460046,lr/attention.no_decay,0.0
170,1788868990.2460046,lr/backbone.decay,0.0
170,1788868990.2460046,lr/backbone.no_decay,0.0
170,1788868990.2460046,lr/detect_head.decay,1.0809935205183586e-05
170,1788868990.2460046,lr/detect_head.no_decay,1.0809935205183586e-05
170,1788868990.2460046,lr/masf.decay,0.0
170,1788868990.2460046,lr/masf.no_decay,0.0
170,1788868990.2460046,lr/neck.decay,4.323974082073435e-06
170,1788868990.2460046,lr/neck.no_decay,4.323974082073435e-06
170,1788868990.2460046,lr/pose_head.decay,1.0809935205183586e-05
170,1788868990.2460046,lr/pose_head.no_decay,1.0809935205183586e-05
170,1788868990.2460046,pose/component_0,0.6777397394180298
170,1788868990.2460046,pose/component_1,0.024024171754717827
170,1788868990.2460046,pose/component_2,0.0017508275341242552
170,1788868990.2460046,pose/component_3,0.24727842211723328
170,1788868990.2460046,pose/component_4,0.0014705003704875708
170,1788868990.2460046,pose/component_5,0.0
171,1788868991.4162278,amp/overflow_retries,0.0
171,1788868991.4162278,amp/scale,512.0
171,1788868991.4162278,detect/component_0,1.0398378372192383
171,1788868991.4162278,detect/component_1,0.9853656888008118
171,1788868991.4162278,detect/component_2,0.006705610081553459
171,1788868991.4162278,gradient/clipped_norm,151.17425537109375
171,1788868991.4162278,images/detect,256.0
171,1788868991.4162278,images/pose,16.0
171,1788868991.4162278,loss/backward,105.13457260131835
171,1788868991.4162278,loss/detect_mean,1.7989990562200546
171,1788868991.4162278,loss/joint_mean,1.6427276968955993
171,1788868991.4162278,loss/pose_mean,1.0176422595977783
171,1788868991.4162278,lr/attention.decay,0.0
171,1788868991.4162278,lr/attention.no_decay,0.0
171,1788868991.4162278,lr/backbone.decay,0.0
171,1788868991.4162278,lr/backbone.no_decay,0.0
171,1788868991.4162278,lr/detect_head.decay,1.0858531317494602e-05
171,1788868991.4162278,lr/detect_head.no_decay,1.0858531317494602e-05
171,1788868991.4162278,lr/masf.decay,0.0
171,1788868991.4162278,lr/masf.no_decay,0.0
171,1788868991.4162278,lr/neck.decay,4.343412526997841e-06
171,1788868991.4162278,lr/neck.no_decay,4.343412526997841e-06
171,1788868991.4162278,lr/pose_head.decay,1.0858531317494602e-05
171,1788868991.4162278,lr/pose_head.no_decay,1.0858531317494602e-05
171,1788868991.4162278,pose/component_0,0.7205483317375183
171,1788868991.4162278,pose/component_1,0.049695711582899094
171,1788868991.4162278,pose/component_2,0.003333098953589797
171,1788868991.4162278,pose/component_3,0.31282272934913635
171,1788868991.4162278,pose/component_4,0.0017251630779355764
171,1788868991.4162278,pose/component_5,0.0
172,1788868992.5820162,amp/overflow_retries,0.0
172,1788868992.5820162,amp/scale,512.0
172,1788868992.5820162,detect/component_0,1.0762691497802734
172,1788868992.5820162,detect/component_1,0.9547417163848877
172,1788868992.5820162,detect/component_2,0.006238564848899841
172,1788868992.5820162,gradient/clipped_norm,137.9620361328125
172,1788868992.5820162,images/detect,256.0
172,1788868992.5820162,images/pose,16.0
172,1788868992.5820162,loss/backward,105.91356964111328
172,1788868992.5820162,loss/detect_mean,1.8131138980388641
172,1788868992.5820162,loss/joint_mean,1.654899525642395
172,1788868992.5820162,loss/pose_mean,1.0220420360565186
172,1788868992.5820162,lr/attention.decay,0.0
172,1788868992.5820162,lr/attention.no_decay,0.0
172,1788868992.5820162,lr/backbone.decay,0.0
172,1788868992.5820162,lr/backbone.no_decay,0.0
172,1788868992.5820162,lr/detect_head.decay,1.0907127429805617e-05
172,1788868992.5820162,lr/detect_head.no_decay,1.0907127429805617e-05
172,1788868992.5820162,lr/masf.decay,0.0
172,1788868992.5820162,lr/masf.no_decay,0.0
172,1788868992.5820162,lr/neck.decay,4.362850971922246e-06
172,1788868992.5820162,lr/neck.no_decay,4.362850971922246e-06
172,1788868992.5820162,lr/pose_head.decay,1.0907127429805617e-05
172,1788868992.5820162,lr/pose_head.no_decay,1.0907127429805617e-05
172,1788868992.5820162,pose/component_0,0.7270457744598389
172,1788868992.5820162,pose/component_1,0.014677369967103004
172,1788868992.5820162,pose/component_2,0.012766837142407894
172,1788868992.5820162,pose/component_3,0.3248489499092102
172,1788868992.5820162,pose/component_4,0.0016199777601286769
172,1788868992.5820162,pose/component_5,0.0
173,1788868993.7676852,amp/overflow_retries,0.0
173,1788868993.7676852,amp/scale,512.0
173,1788868993.7676852,detect/component_0,1.153329610824585
173,1788868993.7676852,detect/component_1,1.0118963718414307
173,1788868993.7676852,detect/component_2,0.006129357032477856
173,1788868993.7676852,gradient/clipped_norm,154.3631591796875
173,1788868993.7676852,images/detect,256.0
173,1788868993.7676852,images/pose,16.0
173,1788868993.7676852,loss/backward,110.75214157104492
173,1788868993.7676852,loss/detect_mean,1.8878087252378464
173,1788868993.7676852,loss/joint_mean,1.7305022120475768
173,1788868993.7676852,loss/pose_mean,1.101276159286499
173,1788868993.7676852,lr/attention.decay,0.0
173,1788868993.7676852,lr/attention.no_decay,0.0
173,1788868993.7676852,lr/backbone.decay,0.0
173,1788868993.7676852,lr/backbone.no_decay,0.0
173,1788868993.7676852,lr/detect_head.decay,1.095572354211663e-05
173,1788868993.7676852,lr/detect_head.no_decay,1.095572354211663e-05
173,1788868993.7676852,lr/masf.decay,0.0
173,1788868993.7676852,lr/masf.no_decay,0.0
173,1788868993.7676852,lr/neck.decay,4.382289416846653e-06
173,1788868993.7676852,lr/neck.no_decay,4.382289416846653e-06
173,1788868993.7676852,lr/pose_head.decay,1.095572354211663e-05
173,1788868993.7676852,lr/pose_head.no_decay,1.095572354211663e-05
173,1788868993.7676852,pose/component_0,0.8620686531066895
173,1788868993.7676852,pose/component_1,0.020691707730293274
173,1788868993.7676852,pose/component_2,0.0029725178610533476
173,1788868993.7676852,pose/component_3,0.30377820134162903
173,1788868993.7676852,pose/component_4,0.002138023730367422
173,1788868993.7676852,pose/component_5,0.0
174,1788868994.9391236,amp/overflow_retries,0.0
174,1788868994.9391236,amp/scale,512.0
174,1788868994.9391236,detect/component_0,1.0185728073120117
174,1788868994.9391236,detect/component_1,0.9132143259048462
174,1788868994.9391236,detect/component_2,0.0069690728560090065
174,1788868994.9391236,gradient/clipped_norm,173.2540740966797
174,1788868994.9391236,images/detect,256.0
174,1788868994.9391236,images/pose,16.0
174,1788868994.9391236,loss/backward,101.3210235595703
174,1788868994.9391236,loss/detect_mean,1.7342754751443863
174,1788868994.9391236,loss/joint_mean,1.583140993118286
174,1788868994.9391236,loss/pose_mean,0.9786030650138855
174,1788868994.9391236,lr/attention.decay,0.0
174,1788868994.9391236,lr/attention.no_decay,0.0
174,1788868994.9391236,lr/backbone.decay,0.0
174,1788868994.9391236,lr/backbone.no_decay,0.0
174,1788868994.9391236,lr/detect_head.decay,1.1004319654427648e-05
174,1788868994.9391236,lr/detect_head.no_decay,1.1004319654427648e-05
174,1788868994.9391236,lr/masf.decay,0.0
174,1788868994.9391236,lr/masf.no_decay,0.0
174,1788868994.9391236,lr/neck.decay,4.401727861771059e-06
174,1788868994.9391236,lr/neck.no_decay,4.401727861771059e-06
174,1788868994.9391236,lr/pose_head.decay,1.1004319654427648e-05
174,1788868994.9391236,lr/pose_head.no_decay,1.1004319654427648e-05
174,1788868994.9391236,pose/component_0,0.6786417961120605
174,1788868994.9391236,pose/component_1,0.0150946956127882
174,1788868994.9391236,pose/component_2,0.0019965926185250282
174,1788868994.9391236,pose/component_3,0.2992035448551178
174,1788868994.9391236,pose/component_4,0.001484230742789805
174,1788868994.9391236,pose/component_5,0.0
175,1788868996.1021721,amp/overflow_retries,0.0
175,1788868996.1021721,amp/scale,512.0
175,1788868996.1021721,detect/component_0,1.0491725206375122
175,1788868996.1021721,detect/component_1,0.9414610266685486
175,1788868996.1021721,detect/component_2,0.00664836261421442
175,1788868996.1021721,gradient/clipped_norm,158.13282775878906
175,1788868996.1021721,images/detect,256.0
175,1788868996.1021721,images/pose,16.0
175,1788868996.1021721,loss/backward,106.07583084106446
175,1788868996.1021721,loss/detect_mean,1.7750605195760727
175,1788868996.1021721,loss/joint_mean,1.6574348568916322
175,1788868996.1021721,loss/pose_mean,1.1869322061538696
175,1788868996.1021721,lr/attention.decay,0.0
175,1788868996.1021721,lr/attention.no_decay,0.0
175,1788868996.1021721,lr/backbone.decay,0.0
175,1788868996.1021721,lr/backbone.no_decay,0.0
175,1788868996.1021721,lr/detect_head.decay,1.105291576673866e-05
175,1788868996.1021721,lr/detect_head.no_decay,1.105291576673866e-05
175,1788868996.1021721,lr/masf.decay,0.0
175,1788868996.1021721,lr/masf.no_decay,0.0
175,1788868996.1021721,lr/neck.decay,4.4211663066954645e-06
175,1788868996.1021721,lr/neck.no_decay,4.4211663066954645e-06
175,1788868996.1021721,lr/pose_head.decay,1.105291576673866e-05
175,1788868996.1021721,lr/pose_head.no_decay,1.105291576673866e-05
175,1788868996.1021721,pose/component_0,0.8269795179367065
175,1788868996.1021721,pose/component_1,0.016396116465330124
175,1788868996.1021721,pose/component_2,0.023354889824986458
175,1788868996.1021721,pose/component_3,0.4973136782646179
175,1788868996.1021721,pose/component_4,0.0017469314625486732
175,1788868996.1021721,pose/component_5,0.0
176,1788868997.281778,amp/overflow_retries,0.0
176,1788868997.281778,amp/scale,512.0
176,1788868997.281778,detect/component_0,1.0459743738174438
176,1788868997.281778,detect/component_1,0.9018989205360413
176,1788868997.281778,detect/component_2,0.006749538704752922
176,1788868997.281778,gradient/clipped_norm,158.34609985351562
176,1788868997.281778,images/detect,256.0
176,1788868997.281778,images/pose,16.0
176,1788868997.281778,loss/backward,104.77368392944337
176,1788868997.281778,loss/detect_mean,1.758386269211769
176,1788868997.281778,loss/joint_mean,1.6370888113975526
176,1788868997.281778,loss/pose_mean,1.151898980140686
176,1788868997.281778,lr/attention.decay,0.0
176,1788868997.281778,lr/attention.no_decay,0.0
176,1788868997.281778,lr/backbone.decay,0.0
176,1788868997.281778,lr/backbone.no_decay,0.0
176,1788868997.281778,lr/detect_head.decay,1.1101511879049675e-05
176,1788868997.281778,lr/detect_head.no_decay,1.1101511879049675e-05
176,1788868997.281778,lr/masf.decay,0.0
176,1788868997.281778,lr/masf.no_decay,0.0
176,1788868997.281778,lr/neck.decay,4.44060475161987e-06
176,1788868997.281778,lr/neck.no_decay,4.44060475161987e-06
176,1788868997.281778,lr/pose_head.decay,1.1101511879049675e-05
176,1788868997.281778,lr/pose_head.no_decay,1.1101511879049675e-05
176,1788868997.281778,pose/component_0,0.7241029143333435
176,1788868997.281778,pose/component_1,0.00920884683728218
176,1788868997.281778,pose/component_2,0.108733169734478
176,1788868997.281778,pose/component_3,0.31809765100479126
176,1788868997.281778,pose/component_4,0.002325826557353139
176,1788868997.281778,pose/component_5,0.0
177,1788868998.4611797,amp/overflow_retries,0.0
177,1788868998.4611797,amp/scale,512.0
177,1788868998.4611797,detect/component_0,1.0779573917388916
177,1788868998.4611797,detect/component_1,0.98249351978302
177,1788868998.4611797,detect/component_2,0.006096323486417532
177,1788868998.4611797,gradient/clipped_norm,130.94776916503906
177,1788868998.4611797,images/detect,256.0
177,1788868998.4611797,images/pose,16.0
177,1788868998.4611797,loss/backward,104.8814193725586
177,1788868998.4611797,loss/detect_mean,1.8274050056934357
177,1788868998.4611797,loss/joint_mean,1.638772177696228
177,1788868998.4611797,loss/pose_mean,0.8842408657073975
177,1788868998.4611797,lr/attention.decay,0.0
177,1788868998.4611797,lr/attention.no_decay,0.0
177,1788868998.4611797,lr/backbone.decay,0.0
177,1788868998.4611797,lr/backbone.no_decay,0.0
177,1788868998.4611797,lr/detect_head.decay,1.1150107991360691e-05
177,1788868998.4611797,lr/detect_head.no_decay,1.1150107991360691e-05
177,1788868998.4611797,lr/masf.decay,0.0
177,1788868998.4611797,lr/masf.no_decay,0.0
177,1788868998.4611797,lr/neck.decay,4.460043196544277e-06
177,1788868998.4611797,lr/neck.no_decay,4.460043196544277e-06
177,1788868998.4611797,lr/pose_head.decay,1.1150107991360691e-05
177,1788868998.4611797,lr/pose_head.no_decay,1.1150107991360691e-05
177,1788868998.4611797,pose/component_0,0.6644468307495117
177,1788868998.4611797,pose/component_1,0.013237953186035156
177,1788868998.4611797,pose/component_2,0.0008714799187146127
177,1788868998.4611797,pose/component_3,0.2687355875968933
177,1788868998.4611797,pose/component_4,0.002187316305935383
177,1788868998.4611797,pose/component_5,0.0
178,1788868999.6454332,amp/overflow_retries,0.0
178,1788868999.6454332,amp/scale,512.0
178,1788868999.6454332,detect/component_0,1.0798149108886719
178,1788868999.6454332,detect/component_1,0.9505265951156616
178,1788868999.6454332,detect/component_2,0.00648175273090601
178,1788868999.6454332,gradient/clipped_norm,130.86204528808594
178,1788868999.6454332,images/detect,256.0
178,1788868999.6454332,images/pose,16.0
178,1788868999.6454332,loss/backward,104.55651092529297
178,1788868999.6454332,loss/detect_mean,1.8177507370710373
178,1788868999.6454332,loss/joint_mean,1.6336954832077026
178,1788868999.6454332,loss/pose_mean,0.897474467754364
178,1788868999.6454332,lr/attention.decay,0.0
178,1788868999.6454332,lr/attention.no_decay,0.0
178,1788868999.6454332,lr/backbone.decay,0.0
178,1788868999.6454332,lr/backbone.no_decay,0.0
178,1788868999.6454332,lr/detect_head.decay,1.1198704103671706e-05
178,1788868999.6454332,lr/detect_head.no_decay,1.1198704103671706e-05
178,1788868999.6454332,lr/masf.decay,0.0
178,1788868999.6454332,lr/masf.no_decay,0.0
178,1788868999.6454332,lr/neck.decay,4.479481641468683e-06
178,1788868999.6454332,lr/neck.no_decay,4.479481641468683e-06
178,1788868999.6454332,lr/pose_head.decay,1.1198704103671706e-05
178,1788868999.6454332,lr/pose_head.no_decay,1.1198704103671706e-05
178,1788868999.6454332,pose/component_0,0.6296881437301636
178,1788868999.6454332,pose/component_1,0.021273672580718994
178,1788868999.6454332,pose/component_2,0.002198944566771388
178,1788868999.6454332,pose/component_3,0.27988293766975403
178,1788868999.6454332,pose/component_4,0.0016831319080665708
178,1788868999.6454332,pose/component_5,0.0
179,1788869000.811101,amp/overflow_retries,0.0
179,1788869000.811101,amp/scale,512.0
179,1788869000.811101,detect/component_0,1.032097339630127
179,1788869000.811101,detect/component_1,0.9066096544265747
179,1788869000.811101,detect/component_2,0.006245321594178677
179,1788869000.811101,gradient/clipped_norm,156.84327697753906
179,1788869000.811101,images/detect,256.0
179,1788869000.811101,images/pose,16.0
179,1788869000.811101,loss/backward,101.5146713256836
179,1788869000.811101,loss/detect_mean,1.7196957468986511
179,1788869000.811101,loss/joint_mean,1.5861667394638062
179,1788869000.811101,loss/pose_mean,1.0520507097244263
179,1788869000.811101,lr/attention.decay,0.0
179,1788869000.811101,lr/attention.no_decay,0.0
179,1788869000.811101,lr/backbone.decay,0.0
179,1788869000.811101,lr/backbone.no_decay,0.0
179,1788869000.811101,lr/detect_head.decay,1.1247300215982724e-05
179,1788869000.811101,lr/detect_head.no_decay,1.1247300215982724e-05
179,1788869000.811101,lr/masf.decay,0.0
179,1788869000.811101,lr/masf.no_decay,0.0
179,1788869000.811101,lr/neck.decay,4.498920086393089e-06
179,1788869000.811101,lr/neck.no_decay,4.498920086393089e-06
179,1788869000.811101,lr/pose_head.decay,1.1247300215982724e-05
179,1788869000.811101,lr/pose_head.no_decay,1.1247300215982724e-05
179,1788869000.811101,pose/component_0,0.8001009225845337
179,1788869000.811101,pose/component_1,0.010846666060388088
179,1788869000.811101,pose/component_2,0.001233854447491467
179,1788869000.811101,pose/component_3,0.29650983214378357
179,1788869000.811101,pose/component_4,0.0023032373283058405
179,1788869000.811101,pose/component_5,0.0
180,1788869001.9927735,amp/overflow_retries,0.0
180,1788869001.9927735,amp/scale,512.0
180,1788869001.9927735,detect/component_0,1.0957615375518799
180,1788869001.9927735,detect/component_1,0.9318295121192932
180,1788869001.9927735,detect/component_2,0.005815871991217136
180,1788869001.9927735,gradient/clipped_norm,134.70315551757812
180,1788869001.9927735,images/detect,256.0
180,1788869001.9927735,images/pose,16.0
180,1788869001.9927735,loss/backward,103.95904159545898
180,1788869001.9927735,loss/detect_mean,1.7947336733341217
180,1788869001.9927735,loss/joint_mean,1.6243600249290466
180,1788869001.9927735,loss/pose_mean,0.9428654313087463
180,1788869001.9927735,lr/attention.decay,0.0
180,1788869001.9927735,lr/attention.no_decay,0.0
180,1788869001.9927735,lr/backbone.decay,0.0
180,1788869001.9927735,lr/backbone.no_decay,0.0
180,1788869001.9927735,lr/detect_head.decay,1.1295896328293737e-05
180,1788869001.9927735,lr/detect_head.no_decay,1.1295896328293737e-05
180,1788869001.9927735,lr/masf.decay,0.0
180,1788869001.9927735,lr/masf.no_decay,0.0
180,1788869001.9927735,lr/neck.decay,4.518358531317495e-06
180,1788869001.9927735,lr/neck.no_decay,4.518358531317495e-06
180,1788869001.9927735,lr/pose_head.decay,1.1295896328293737e-05
180,1788869001.9927735,lr/pose_head.no_decay,1.1295896328293737e-05
180,1788869001.9927735,pose/component_0,0.6561115384101868
180,1788869001.9927735,pose/component_1,0.0318712517619133
180,1788869001.9927735,pose/component_2,0.030298765748739243
180,1788869001.9927735,pose/component_3,0.2602992653846741
180,1788869001.9927735,pose/component_4,0.0017954548820853233
180,1788869001.9927735,pose/component_5,0.0
181,1788869003.1776,amp/overflow_retries,0.0
181,1788869003.1776,amp/scale,512.0
181,1788869003.1776,detect/component_0,1.1078065633773804
181,1788869003.1776,detect/component_1,1.0231515169143677
181,1788869003.1776,detect/component_2,0.006241376046091318
181,1788869003.1776,gradient/clipped_norm,174.1473388671875
181,1788869003.1776,images/detect,256.0
181,1788869003.1776,images/pose,16.0
181,1788869003.1776,loss/backward,109.16209335327149
181,1788869003.1776,loss/detect_mean,1.8758697360754013
181,1788869003.1776,loss/joint_mean,1.705657708644867
181,1788869003.1776,loss/pose_mean,1.0248095989227295
181,1788869003.1776,lr/attention.decay,0.0
181,1788869003.1776,lr/attention.no_decay,0.0
181,1788869003.1776,lr/backbone.decay,0.0
181,1788869003.1776,lr/backbone.no_decay,0.0
181,1788869003.1776,lr/detect_head.decay,1.1344492440604751e-05
181,1788869003.1776,lr/detect_head.no_decay,1.1344492440604751e-05
181,1788869003.1776,lr/masf.decay,0.0
181,1788869003.1776,lr/masf.no_decay,0.0
181,1788869003.1776,lr/neck.decay,4.537796976241901e-06
181,1788869003.1776,lr/neck.no_decay,4.537796976241901e-06
181,1788869003.1776,lr/pose_head.decay,1.1344492440604751e-05
181,1788869003.1776,lr/pose_head.no_decay,1.1344492440604751e-05
181,1788869003.1776,pose/component_0,0.7388931512832642
181,1788869003.1776,pose/component_1,0.02474922314286232
181,1788869003.1776,pose/component_2,0.0012097014114260674
181,1788869003.1776,pose/component_3,0.2790299952030182
181,1788869003.1776,pose/component_4,0.0018198676407337189
181,1788869003.1776,pose/component_5,0.0
182,1788869004.3635848,amp/overflow_retries,0.0
182,1788869004.3635848,amp/scale,512.0
182,1788869004.3635848,detect/component_0,1.0278640985488892
182,1788869004.3635848,detect/component_1,0.904546320438385
182,1788869004.3635848,detect/component_2,0.006920742802321911
182,1788869004.3635848,gradient/clipped_norm,140.03567504882812
182,1788869004.3635848,images/detect,256.0
182,1788869004.3635848,images/pose,16.0
182,1788869004.3635848,loss/backward,99.35041275024415
182,1788869004.3635848,loss/detect_mean,1.7285286337137222
182,1788869004.3635848,loss/joint_mean,1.5523501992225648
182,1788869004.3635848,loss/pose_mean,0.8476364612579346
182,1788869004.3635848,lr/attention.decay,0.0
182,1788869004.3635848,lr/attention.no_decay,0.0
182,1788869004.3635848,lr/backbone.decay,0.0
182,1788869004.3635848,lr/backbone.no_decay,0.0
182,1788869004.3635848,lr/detect_head.decay,1.1393088552915767e-05
182,1788869004.3635848,lr/detect_head.no_decay,1.1393088552915767e-05
182,1788869004.3635848,lr/masf.decay,0.0
182,1788869004.3635848,lr/masf.no_decay,0.0
182,1788869004.3635848,lr/neck.decay,4.557235421166307e-06
182,1788869004.3635848,lr/neck.no_decay,4.557235421166307e-06
182,1788869004.3635848,lr/pose_head.decay,1.1393088552915767e-05
182,1788869004.3635848,lr/pose_head.no_decay,1.1393088552915767e-05
182,1788869004.3635848,pose/component_0,0.6610113382339478
182,1788869004.3635848,pose/component_1,0.01363273523747921
182,1788869004.3635848,pose/component_2,0.0011394174071028829
182,1788869004.3635848,pose/component_3,0.2163417935371399
182,1788869004.3635848,pose/component_4,0.001679451554082334
182,1788869004.3635848,pose/component_5,0.0
183,1788869005.5439808,amp/overflow_retries,0.0
183,1788869005.5439808,amp/scale,512.0
183,1788869005.5439808,detect/component_0,1.0990229845046997
183,1788869005.5439808,detect/component_1,1.0049118995666504
183,1788869005.5439808,detect/component_2,0.0066550481133162975
183,1788869005.5439808,gradient/clipped_norm,128.6389617919922
183,1788869005.5439808,images/detect,256.0
183,1788869005.5439808,images/pose,16.0
183,1788869005.5439808,loss/backward,108.27818450927734
183,1788869005.5439808,loss/detect_mean,1.8675240874290466
183,1788869005.5439808,loss/joint_mean,1.6918466329574584
183,1788869005.5439808,loss/pose_mean,0.989136815071106
183,1788869005.5439808,lr/attention.decay,0.0
183,1788869005.5439808,lr/attention.no_decay,0.0
183,1788869005.5439808,lr/backbone.decay,0.0
183,1788869005.5439808,lr/backbone.no_decay,0.0
183,1788869005.5439808,lr/detect_head.decay,1.1441684665226782e-05
183,1788869005.5439808,lr/detect_head.no_decay,1.1441684665226782e-05
183,1788869005.5439808,lr/masf.decay,0.0
183,1788869005.5439808,lr/masf.no_decay,0.0
183,1788869005.5439808,lr/neck.decay,4.576673866090713e-06
183,1788869005.5439808,lr/neck.no_decay,4.576673866090713e-06
183,1788869005.5439808,lr/pose_head.decay,1.1441684665226782e-05
183,1788869005.5439808,lr/pose_head.no_decay,1.1441684665226782e-05
183,1788869005.5439808,pose/component_0,0.674797534942627
183,1788869005.5439808,pose/component_1,0.009687244892120361
183,1788869005.5439808,pose/component_2,0.027682995423674583
183,1788869005.5439808,pose/component_3,0.3250042796134949
183,1788869005.5439808,pose/component_4,0.005540243815630674
183,1788869005.5439808,pose/component_5,0.0
184,1788869006.7236772,amp/overflow_retries,0.0
184,1788869006.7236772,amp/scale,512.0
184,1788869006.7236772,detect/component_0,1.0493055582046509
184,1788869006.7236772,detect/component_1,0.8751698732376099
184,1788869006.7236772,detect/component_2,0.0064717005006968975
184,1788869006.7236772,gradient/clipped_norm,130.15603637695312
184,1788869006.7236772,images/detect,256.0
184,1788869006.7236772,images/pose,16.0
184,1788869006.7236772,loss/backward,97.87438201904297
184,1788869006.7236772,loss/detect_mean,1.7204900979995728
184,1788869006.7236772,loss/joint_mean,1.5292872190475464
184,1788869006.7236772,loss/pose_mean,0.7644757032394409
184,1788869006.7236772,lr/attention.decay,0.0
184,1788869006.7236772,lr/attention.no_decay,0.0
184,1788869006.7236772,lr/backbone.decay,0.0
184,1788869006.7236772,lr/backbone.no_decay,0.0
184,1788869006.7236772,lr/detect_head.decay,1.1490280777537798e-05
184,1788869006.7236772,lr/detect_head.no_decay,1.1490280777537798e-05
184,1788869006.7236772,lr/masf.decay,0.0
184,1788869006.7236772,lr/masf.no_decay,0.0
184,1788869006.7236772,lr/neck.decay,4.59611231101512e-06
184,1788869006.7236772,lr/neck.no_decay,4.59611231101512e-06
184,1788869006.7236772,lr/pose_head.decay,1.1490280777537798e-05
184,1788869006.7236772,lr/pose_head.no_decay,1.1490280777537798e-05
184,1788869006.7236772,pose/component_0,0.5509684085845947
184,1788869006.7236772,pose/component_1,0.007250345312058926
184,1788869006.7236772,pose/component_2,0.002447510836645961
184,1788869006.7236772,pose/component_3,0.18322379887104034
184,1788869006.7236772,pose/component_4,0.0017831278964877129
184,1788869006.7236772,pose/component_5,0.0
185,1788869007.8975775,amp/overflow_retries,0.0
185,1788869007.8975775,amp/scale,512.0
185,1788869007.8975775,detect/component_0,1.0792769193649292
185,1788869007.8975775,detect/component_1,0.9365813732147217
185,1788869007.8975775,detect/component_2,0.006020118948072195
185,1788869007.8975775,gradient/clipped_norm,158.2423553466797
185,1788869007.8975775,images/detect,256.0
185,1788869007.8975775,images/pose,16.0
185,1788869007.8975775,loss/backward,105.43983917236328
185,1788869007.8975775,loss/detect_mean,1.7941944599151611
185,1788869007.8975775,loss/joint_mean,1.6474974870681762
185,1788869007.8975775,loss/pose_mean,1.0607095956802368
185,1788869007.8975775,lr/attention.decay,0.0
185,1788869007.8975775,lr/attention.no_decay,0.0
185,1788869007.8975775,lr/backbone.decay,0.0
185,1788869007.8975775,lr/backbone.no_decay,0.0
185,1788869007.8975775,lr/detect_head.decay,1.1538876889848813e-05
185,1788869007.8975775,lr/detect_head.no_decay,1.1538876889848813e-05
185,1788869007.8975775,lr/masf.decay,0.0
185,1788869007.8975775,lr/masf.no_decay,0.0
185,1788869007.8975775,lr/neck.decay,4.615550755939525e-06
185,1788869007.8975775,lr/neck.no_decay,4.615550755939525e-06
185,1788869007.8975775,lr/pose_head.decay,1.1538876889848813e-05
185,1788869007.8975775,lr/pose_head.no_decay,1.1538876889848813e-05
185,1788869007.8975775,pose/component_0,0.703262984752655
185,1788869007.8975775,pose/component_1,0.00910278782248497
185,1788869007.8975775,pose/component_2,0.0399283841252327
185,1788869007.8975775,pose/component_3,0.3097805082798004
185,1788869007.8975775,pose/component_4,0.002931033493950963
185,1788869007.8975775,pose/component_5,0.0
186,1788869009.0583246,amp/overflow_retries,0.0
186,1788869009.0583246,amp/scale,512.0
186,1788869009.0583246,detect/component_0,1.034311294555664
186,1788869009.0583246,detect/component_1,0.9133422374725342
186,1788869009.0583246,detect/component_2,0.006518676411360502
186,1788869009.0583246,gradient/clipped_norm,113.6621322631836
186,1788869009.0583246,images/detect,256.0
186,1788869009.0583246,images/pose,16.0
186,1788869009.0583246,loss/backward,99.72925186157227
186,1788869009.0583246,loss/detect_mean,1.761417031288147
186,1788869009.0583246,loss/joint_mean,1.5582695603370667
186,1788869009.0583246,loss/pose_mean,0.7456796765327454
186,1788869009.0583246,lr/attention.decay,0.0
186,1788869009.0583246,lr/attention.no_decay,0.0
186,1788869009.0583246,lr/backbone.decay,0.0
186,1788869009.0583246,lr/backbone.no_decay,0.0
186,1788869009.0583246,lr/detect_head.decay,1.1587473002159827e-05
186,1788869009.0583246,lr/detect_head.no_decay,1.1587473002159827e-05
186,1788869009.0583246,lr/masf.decay,0.0
186,1788869009.0583246,lr/masf.no_decay,0.0
186,1788869009.0583246,lr/neck.decay,4.634989200863931e-06
186,1788869009.0583246,lr/neck.no_decay,4.634989200863931e-06
186,1788869009.0583246,lr/pose_head.decay,1.1587473002159827e-05
186,1788869009.0583246,lr/pose_head.no_decay,1.1587473002159827e-05
186,1788869009.0583246,pose/component_0,0.5559857487678528
186,1788869009.0583246,pose/component_1,0.01074239518493414
186,1788869009.0583246,pose/component_2,0.003079943358898163
186,1788869009.0583246,pose/component_3,0.21059121191501617
186,1788869009.0583246,pose/component_4,0.0034675155766308308
186,1788869009.0583246,pose/component_5,0.0
187,1788869010.3785028,amp/overflow_retries,0.0
187,1788869010.3785028,amp/scale,512.0
187,1788869010.3785028,detect/component_0,1.077668309211731
187,1788869010.3785028,detect/component_1,0.9148158431053162
187,1788869010.3785028,detect/component_2,0.005954288877546787
187,1788869010.3785028,gradient/clipped_norm,136.4252471923828
187,1788869010.3785028,images/detect,256.0
187,1788869010.3785028,images/pose,16.0
187,1788869010.3785028,loss/backward,103.52791900634766
187,1788869010.3785028,loss/detect_mean,1.7612099349498749
187,1788869010.3785028,loss/joint_mean,1.6176237344741822
187,1788869010.3785028,loss/pose_mean,1.0432789325714111
187,1788869010.3785028,lr/attention.decay,0.0
187,1788869010.3785028,lr/attention.no_decay,0.0
187,1788869010.3785028,lr/backbone.decay,0.0
187,1788869010.3785028,lr/backbone.no_decay,0.0
187,1788869010.3785028,lr/detect_head.decay,1.1636069114470843e-05
187,1788869010.3785028,lr/detect_head.no_decay,1.1636069114470843e-05
187,1788869010.3785028,lr/masf.decay,0.0
187,1788869010.3785028,lr/masf.no_decay,0.0
187,1788869010.3785028,lr/neck.decay,4.654427645788338e-06
187,1788869010.3785028,lr/neck.no_decay,4.654427645788338e-06
187,1788869010.3785028,lr/pose_head.decay,1.1636069114470843e-05
187,1788869010.3785028,lr/pose_head.no_decay,1.1636069114470843e-05
187,1788869010.3785028,pose/component_0,0.7209245562553406
187,1788869010.3785028,pose/component_1,0.01059017051011324
187,1788869010.3785028,pose/component_2,0.02894626185297966
187,1788869010.3785028,pose/component_3,0.34358635544776917
187,1788869010.3785028,pose/component_4,0.002894821111112833
187,1788869010.3785028,pose/component_5,0.0
188,1788869011.5484452,amp/overflow_retries,0.0
188,1788869011.5484452,amp/scale,512.0
188,1788869011.5484452,detect/component_0,1.0654655694961548
188,1788869011.5484452,detect/component_1,0.957850456237793
188,1788869011.5484452,detect/component_2,0.006348846480250359
188,1788869011.5484452,gradient/clipped_norm,136.22775268554688
188,1788869011.5484452,images/detect,256.0
188,1788869011.5484452,images/pose,16.0
188,1788869011.5484452,loss/backward,101.60500564575196
188,1788869011.5484452,loss/detect_mean,1.7898987382650375
188,1788869011.5484452,loss/joint_mean,1.5875782132148744
188,1788869011.5484452,loss/pose_mean,0.7782961130142212
188,1788869011.5484452,lr/attention.decay,0.0
188,1788869011.5484452,lr/attention.no_decay,0.0
188,1788869011.5484452,lr/backbone.decay,0.0
188,1788869011.5484452,lr/backbone.no_decay,0.0
188,1788869011.5484452,lr/detect_head.decay,1.1684665226781858e-05
188,1788869011.5484452,lr/detect_head.no_decay,1.1684665226781858e-05
188,1788869011.5484452,lr/masf.decay,0.0
188,1788869011.5484452,lr/masf.no_decay,0.0
188,1788869011.5484452,lr/neck.decay,4.673866090712743e-06
188,1788869011.5484452,lr/neck.no_decay,4.673866090712743e-06
188,1788869011.5484452,lr/pose_head.decay,1.1684665226781858e-05
188,1788869011.5484452,lr/pose_head.no_decay,1.1684665226781858e-05
188,1788869011.5484452,pose/component_0,0.6138861179351807
188,1788869011.5484452,pose/component_1,0.008210250176489353
188,1788869011.5484452,pose/component_2,0.0032803036738187075
188,1788869011.5484452,pose/component_3,0.19346736371517181
188,1788869011.5484452,pose/component_4,0.0014024489792063832
188,1788869011.5484452,pose/component_5,0.0
189,1788869012.719808,amp/overflow_retries,0.0
189,1788869012.719808,amp/scale,512.0
189,1788869012.719808,detect/component_0,1.1361329555511475
189,1788869012.719808,detect/component_1,0.9697055816650391
189,1788869012.719808,detect/component_2,0.006223553791642189
189,1788869012.719808,gradient/clipped_norm,123.6519775390625
189,1788869012.719808,images/detect,256.0
189,1788869012.719808,images/pose,16.0
189,1788869012.719808,loss/backward,104.36271896362305
189,1788869012.719808,loss/detect_mean,1.8505388349294662
189,1788869012.719808,loss/joint_mean,1.6306674838066102
189,1788869012.719808,loss/pose_mean,0.7511820793151855
189,1788869012.719808,lr/attention.decay,0.0
189,1788869012.719808,lr/attention.no_decay,0.0
189,1788869012.719808,lr/backbone.decay,0.0
189,1788869012.719808,lr/backbone.no_decay,0.0
189,1788869012.719808,lr/detect_head.decay,1.1733261339092874e-05
189,1788869012.719808,lr/detect_head.no_decay,1.1733261339092874e-05
189,1788869012.719808,lr/masf.decay,0.0
189,1788869012.719808,lr/masf.no_decay,0.0
189,1788869012.719808,lr/neck.decay,4.69330453563715e-06
189,1788869012.719808,lr/neck.no_decay,4.69330453563715e-06
189,1788869012.719808,lr/pose_head.decay,1.1733261339092874e-05
189,1788869012.719808,lr/pose_head.no_decay,1.1733261339092874e-05
189,1788869012.719808,pose/component_0,0.4964832067489624
189,1788869012.719808,pose/component_1,0.0038394033908843994
189,1788869012.719808,pose/component_2,0.001206059125252068
189,1788869012.719808,pose/component_3,0.28823578357696533
189,1788869012.719808,pose/component_4,0.0018558319425210357
189,1788869012.719808,pose/component_5,0.0
190,1788869013.8786469,amp/overflow_retries,0.0
190,1788869013.8786469,amp/scale,512.0
190,1788869013.8786469,detect/component_0,1.03244948387146
190,1788869013.8786469,detect/component_1,0.9594433903694153
190,1788869013.8786469,detect/component_2,0.0063789053820073605
190,1788869013.8786469,gradient/clipped_norm,142.59971618652344
190,1788869013.8786469,images/detect,256.0
190,1788869013.8786469,images/pose,16.0
190,1788869013.8786469,loss/backward,103.67421264648438
190,1788869013.8786469,loss/detect_mean,1.7764624953269958
190,1788869013.8786469,loss/joint_mean,1.6199095726013184
190,1788869013.8786469,loss/pose_mean,0.9936978816986084
190,1788869013.8786469,lr/attention.decay,0.0
190,1788869013.8786469,lr/attention.no_decay,0.0
190,1788869013.8786469,lr/backbone.decay,0.0
190,1788869013.8786469,lr/backbone.no_decay,0.0
190,1788869013.8786469,lr/detect_head.decay,1.1781857451403889e-05
190,1788869013.8786469,lr/detect_head.no_decay,1.1781857451403889e-05
190,1788869013.8786469,lr/masf.decay,0.0
190,1788869013.8786469,lr/masf.no_decay,0.0
190,1788869013.8786469,lr/neck.decay,4.712742980561555e-06
190,1788869013.8786469,lr/neck.no_decay,4.712742980561555e-06
190,1788869013.8786469,lr/pose_head.decay,1.1781857451403889e-05
190,1788869013.8786469,lr/pose_head.no_decay,1.1781857451403889e-05
190,1788869013.8786469,pose/component_0,0.7578950524330139
190,1788869013.8786469,pose/component_1,0.0121375173330307
190,1788869013.8786469,pose/component_2,0.0037309080362319946
190,1788869013.8786469,pose/component_3,0.2283509224653244
190,1788869013.8786469,pose/component_4,0.0024082690943032503
190,1788869013.8786469,pose/component_5,0.0
191,1788869015.063352,amp/overflow_retries,0.0
191,1788869015.063352,amp/scale,512.0
191,1788869015.063352,detect/component_0,1.02909255027771
191,1788869015.063352,detect/component_1,0.9043567776679993
191,1788869015.063352,detect/component_2,0.006451846566051245
191,1788869015.063352,gradient/clipped_norm,150.2958984375
191,1788869015.063352,images/detect,256.0
191,1788869015.063352,images/pose,16.0
191,1788869015.063352,loss/backward,101.50989990234375
191,1788869015.063352,loss/detect_mean,1.7454427778720856
191,1788869015.063352,loss/joint_mean,1.586092185974121
191,1788869015.063352,loss/pose_mean,0.9486898183822632
191,1788869015.063352,lr/attention.decay,0.0
191,1788869015.063352,lr/attention.no_decay,0.0
191,1788869015.063352,lr/backbone.decay,0.0
191,1788869015.063352,lr/backbone.no_decay,0.0
191,1788869015.063352,lr/detect_head.decay,1.1830453563714905e-05
191,1788869015.063352,lr/detect_head.no_decay,1.1830453563714905e-05
191,1788869015.063352,lr/masf.decay,0.0
191,1788869015.063352,lr/masf.no_decay,0.0
191,1788869015.063352,lr/neck.decay,4.732181425485962e-06
191,1788869015.063352,lr/neck.no_decay,4.732181425485962e-06
191,1788869015.063352,lr/pose_head.decay,1.1830453563714905e-05
191,1788869015.063352,lr/pose_head.no_decay,1.1830453563714905e-05
191,1788869015.063352,pose/component_0,0.6690995693206787
191,1788869015.063352,pose/component_1,0.010162353515625
191,1788869015.063352,pose/component_2,0.0031646944116801023
191,1788869015.063352,pose/component_3,0.3643302619457245
191,1788869015.063352,pose/component_4,0.0014762169448658824
191,1788869015.063352,pose/component_5,0.0
192,1788869016.226631,amp/overflow_retries,0.0
192,1788869016.226631,amp/scale,512.0
192,1788869016.226631,detect/component_0,1.028357982635498
192,1788869016.226631,detect/component_1,0.906183123588562
192,1788869016.226631,detect/component_2,0.006163362879306078
192,1788869016.226631,gradient/clipped_norm,150.9345703125
192,1788869016.226631,images/detect,256.0
192,1788869016.226631,images/pose,16.0
192,1788869016.226631,loss/backward,99.77535095214844
192,1788869016.226631,loss/detect_mean,1.7267106026411057
192,1788869016.226631,loss/joint_mean,1.5589898586273194
192,1788869016.226631,loss/pose_mean,0.8881068825721741
192,1788869016.226631,lr/attention.decay,0.0
192,1788869016.226631,lr/attention.no_decay,0.0
192,1788869016.226631,lr/backbone.decay,0.0
192,1788869016.226631,lr/backbone.no_decay,0.0
192,1788869016.226631,lr/detect_head.decay,1.187904967602592e-05
192,1788869016.226631,lr/detect_head.no_decay,1.187904967602592e-05
192,1788869016.226631,lr/masf.decay,0.0
192,1788869016.226631,lr/masf.no_decay,0.0
192,1788869016.226631,lr/neck.decay,4.751619870410368e-06
192,1788869016.226631,lr/neck.no_decay,4.751619870410368e-06
192,1788869016.226631,lr/pose_head.decay,1.187904967602592e-05
192,1788869016.226631,lr/pose_head.no_decay,1.187904967602592e-05
192,1788869016.226631,pose/component_0,0.6329249143600464
192,1788869016.226631,pose/component_1,0.009020108729600906
192,1788869016.226631,pose/component_2,0.010602351278066635
192,1788869016.226631,pose/component_3,0.2942144274711609
192,1788869016.226631,pose/component_4,0.002358629135414958
192,1788869016.226631,pose/component_5,0.0
193,1788869017.3893156,amp/overflow_retries,0.0
193,1788869017.3893156,amp/scale,512.0
193,1788869017.3893156,detect/component_0,1.0652778148651123
193,1788869017.3893156,detect/component_1,1.0074067115783691
193,1788869017.3893156,detect/component_2,0.0065016597509384155
193,1788869017.3893156,gradient/clipped_norm,136.48712158203125
193,1788869017.3893156,images/detect,256.0
193,1788869017.3893156,images/pose,16.0
193,1788869017.3893156,loss/backward,106.4574104309082
193,1788869017.3893156,loss/detect_mean,1.833644986152649
193,1788869017.3893156,loss/joint_mean,1.6633970379829406
193,1788869017.3893156,loss/pose_mean,0.9824052453041077
193,1788869017.3893156,lr/attention.decay,0.0
193,1788869017.3893156,lr/attention.no_decay,0.0
193,1788869017.3893156,lr/backbone.decay,0.0
193,1788869017.3893156,lr/backbone.no_decay,0.0
193,1788869017.3893156,lr/detect_head.decay,1.1927645788336936e-05
193,1788869017.3893156,lr/detect_head.no_decay,1.1927645788336936e-05
193,1788869017.3893156,lr/masf.decay,0.0
193,1788869017.3893156,lr/masf.no_decay,0.0
193,1788869017.3893156,lr/neck.decay,4.771058315334774e-06
193,1788869017.3893156,lr/neck.no_decay,4.771058315334774e-06
193,1788869017.3893156,lr/pose_head.decay,1.1927645788336936e-05
193,1788869017.3893156,lr/pose_head.no_decay,1.1927645788336936e-05
193,1788869017.3893156,pose/component_0,0.6110296845436096
193,1788869017.3893156,pose/component_1,0.010772179812192917
193,1788869017.3893156,pose/component_2,0.11114602535963058
193,1788869017.3893156,pose/component_3,0.2836586833000183
193,1788869017.3893156,pose/component_4,0.0018584777135401964
193,1788869017.3893156,pose/component_5,0.0
194,1788869018.5518563,amp/overflow_retries,0.0
194,1788869018.5518563,amp/scale,512.0
194,1788869018.5518563,detect/component_0,1.071719765663147
194,1788869018.5518563,detect/component_1,0.963554859161377
194,1788869018.5518563,detect/component_2,0.006499942857772112
194,1788869018.5518563,gradient/clipped_norm,139.92742919921875
194,1788869018.5518563,images/detect,256.0
194,1788869018.5518563,images/pose,16.0
194,1788869018.5518563,loss/backward,109.71678848266602
194,1788869018.5518563,loss/detect_mean,1.834432914853096
194,1788869018.5518563,loss/joint_mean,1.7143248200416565
194,1788869018.5518563,loss/pose_mean,1.2338924407958984
194,1788869018.5518563,lr/attention.decay,0.0
194,1788869018.5518563,lr/attention.no_decay,0.0
194,1788869018.5518563,lr/backbone.decay,0.0
194,1788869018.5518563,lr/backbone.no_decay,0.0
194,1788869018.5518563,lr/detect_head.decay,1.197624190064795e-05
194,1788869018.5518563,lr/detect_head.no_decay,1.197624190064795e-05
194,1788869018.5518563,lr/masf.decay,0.0
194,1788869018.5518563,lr/masf.no_decay,0.0
194,1788869018.5518563,lr/neck.decay,4.7904967602591805e-06
194,1788869018.5518563,lr/neck.no_decay,4.7904967602591805e-06
194,1788869018.5518563,lr/pose_head.decay,1.197624190064795e-05
194,1788869018.5518563,lr/pose_head.no_decay,1.197624190064795e-05
194,1788869018.5518563,pose/component_0,0.8659337759017944
194,1788869018.5518563,pose/component_1,0.009845072403550148
194,1788869018.5518563,pose/component_2,0.0015160347102209926
194,1788869018.5518563,pose/component_3,0.34626835584640503
194,1788869018.5518563,pose/component_4,0.0024733266327530146
194,1788869018.5518563,pose/component_5,0.0
195,1788869019.7232616,amp/overflow_retries,0.0
195,1788869019.7232616,amp/scale,512.0
195,1788869019.7232616,detect/component_0,1.0830010175704956
195,1788869019.7232616,detect/component_1,0.9878596067428589
195,1788869019.7232616,detect/component_2,0.006304027978330851
195,1788869019.7232616,gradient/clipped_norm,132.03573608398438
195,1788869019.7232616,images/detect,256.0
195,1788869019.7232616,images/pose,16.0
195,1788869019.7232616,loss/backward,108.4634620666504
195,1788869019.7232616,loss/detect_mean,1.84751857817173
195,1788869019.7232616,loss/joint_mean,1.6947415947914124
195,1788869019.7232616,loss/pose_mean,1.0836336612701416
195,1788869019.7232616,lr/attention.decay,0.0
195,1788869019.7232616,lr/attention.no_decay,0.0
195,1788869019.7232616,lr/backbone.decay,0.0
195,1788869019.7232616,lr/backbone.no_decay,0.0
195,1788869019.7232616,lr/detect_head.decay,1.2024838012958963e-05
195,1788869019.7232616,lr/detect_head.no_decay,1.2024838012958963e-05
195,1788869019.7232616,lr/masf.decay,0.0
195,1788869019.7232616,lr/masf.no_decay,0.0
195,1788869019.7232616,lr/neck.decay,4.809935205183586e-06
195,1788869019.7232616,lr/neck.no_decay,4.809935205183586e-06
195,1788869019.7232616,lr/pose_head.decay,1.2024838012958963e-05
195,1788869019.7232616,lr/pose_head.no_decay,1.2024838012958963e-05
195,1788869019.7232616,pose/component_0,0.8309314250946045
195,1788869019.7232616,pose/component_1,0.01415271870791912
195,1788869019.7232616,pose/component_2,0.0012134980643168092
195,1788869019.7232616,pose/component_3,0.3517281115055084
195,1788869019.7232616,pose/component_4,0.0017047561705112457
195,1788869019.7232616,pose/component_5,0.0
196,1788869020.8910146,amp/overflow_retries,0.0
196,1788869020.8910146,amp/scale,512.0
196,1788869020.8910146,detect/component_0,1.071384310722351
196,1788869020.8910146,detect/component_1,0.8926602602005005
196,1788869020.8910146,detect/component_2,0.006450912449508905
196,1788869020.8910146,gradient/clipped_norm,145.38223266601562
196,1788869020.8910146,images/detect,256.0
196,1788869020.8910146,images/pose,16.0
196,1788869020.8910146,loss/backward,103.37634887695313
196,1788869020.8910146,loss/detect_mean,1.7611976265907288
196,1788869020.8910146,loss/joint_mean,1.6152554512023927
196,1788869020.8910146,loss/pose_mean,1.0314867496490479
196,1788869020.8910146,lr/attention.decay,0.0
196,1788869020.8910146,lr/attention.no_decay,0.0
196,1788869020.8910146,lr/backbone.decay,0.0
196,1788869020.8910146,lr/backbone.no_decay,0.0
196,1788869020.8910146,lr/detect_head.decay,1.2073434125269981e-05
196,1788869020.8910146,lr/detect_head.no_decay,1.2073434125269981e-05
196,1788869020.8910146,lr/masf.decay,0.0
196,1788869020.8910146,lr/masf.no_decay,0.0
196,1788869020.8910146,lr/neck.decay,4.829373650107992e-06
196,1788869020.8910146,lr/neck.no_decay,4.829373650107992e-06
196,1788869020.8910146,lr/pose_head.decay,1.2073434125269981e-05
196,1788869020.8910146,lr/pose_head.no_decay,1.2073434125269981e-05
196,1788869020.8910146,pose/component_0,0.7442352771759033
196,1788869020.8910146,pose/component_1,0.02229386568069458
196,1788869020.8910146,pose/component_2,0.022076185792684555
196,1788869020.8910146,pose/component_3,0.33535921573638916
196,1788869020.8910146,pose/component_4,0.002426231512799859
196,1788869020.8910146,pose/component_5,0.0
197,1788869022.058065,amp/overflow_retries,0.0
197,1788869022.058065,amp/scale,512.0
197,1788869022.058065,detect/component_0,1.0193203687667847
197,1788869022.058065,detect/component_1,0.9347696304321289
197,1788869022.058065,detect/component_2,0.006696787197142839
197,1788869022.058065,gradient/clipped_norm,142.66912841796875
197,1788869022.058065,images/detect,256.0
197,1788869022.058065,images/pose,16.0
197,1788869022.058065,loss/backward,99.80679855346679
197,1788869022.058065,loss/detect_mean,1.7447107136249542
197,1788869022.058065,loss/joint_mean,1.5594812273979186
197,1788869022.058065,loss/pose_mean,0.8185632824897766
197,1788869022.058065,lr/attention.decay,0.0
197,1788869022.058065,lr/attention.no_decay,0.0
197,1788869022.058065,lr/backbone.decay,0.0
197,1788869022.058065,lr/backbone.no_decay,0.0
197,1788869022.058065,lr/detect_head.decay,1.2122030237580994e-05
197,1788869022.058065,lr/detect_head.no_decay,1.2122030237580994e-05
197,1788869022.058065,lr/masf.decay,0.0
197,1788869022.058065,lr/masf.no_decay,0.0
197,1788869022.058065,lr/neck.decay,4.848812095032398e-06
197,1788869022.058065,lr/neck.no_decay,4.848812095032398e-06
197,1788869022.058065,lr/pose_head.decay,1.2122030237580994e-05
197,1788869022.058065,lr/pose_head.no_decay,1.2122030237580994e-05
197,1788869022.058065,pose/component_0,0.5581604242324829
197,1788869022.058065,pose/component_1,0.0058885314501821995
197,1788869022.058065,pose/component_2,0.0025276655796915293
197,1788869022.058065,pose/component_3,0.2993975579738617
197,1788869022.058065,pose/component_4,0.001850357512012124
197,1788869022.058065,pose/component_5,0.0
198,1788869023.243909,amp/overflow_retries,0.0
198,1788869023.243909,amp/scale,512.0
198,1788869023.243909,detect/component_0,1.0539324283599854
198,1788869023.243909,detect/component_1,0.9506728053092957
198,1788869023.243909,detect/component_2,0.006589548662304878
198,1788869023.243909,gradient/clipped_norm,130.75978088378906
198,1788869023.243909,images/detect,256.0
198,1788869023.243909,images/pose,16.0
198,1788869023.243909,loss/backward,108.4396598815918
198,1788869023.243909,loss/detect_mean,1.8007864207029343
198,1788869023.243909,loss/joint_mean,1.6943696856498718
198,1788869023.243909,loss/pose_mean,1.268702745437622
198,1788869023.243909,lr/attention.decay,0.0
198,1788869023.243909,lr/attention.no_decay,0.0
198,1788869023.243909,lr/backbone.decay,0.0
198,1788869023.243909,lr/backbone.no_decay,0.0
198,1788869023.243909,lr/detect_head.decay,1.2170626349892008e-05
198,1788869023.243909,lr/detect_head.no_decay,1.2170626349892008e-05
198,1788869023.243909,lr/masf.decay,0.0
198,1788869023.243909,lr/masf.no_decay,0.0
198,1788869023.243909,lr/neck.decay,4.868250539956803e-06
198,1788869023.243909,lr/neck.no_decay,4.868250539956803e-06
198,1788869023.243909,lr/pose_head.decay,1.2170626349892008e-05
198,1788869023.243909,lr/pose_head.no_decay,1.2170626349892008e-05
198,1788869023.243909,pose/component_0,0.9355483055114746
198,1788869023.243909,pose/component_1,0.016073886305093765
198,1788869023.243909,pose/component_2,0.0011644345941022038
198,1788869023.243909,pose/component_3,0.38265368342399597
198,1788869023.243909,pose/component_4,0.003426528535783291
198,1788869023.243909,pose/component_5,0.0
199,1788869024.4238057,amp/overflow_retries,0.0
199,1788869024.4238057,amp/scale,512.0
199,1788869024.4238057,detect/component_0,1.0704232454299927
199,1788869024.4238057,detect/component_1,0.9407193064689636
199,1788869024.4238057,detect/component_2,0.006671281531453133
199,1788869024.4238057,gradient/clipped_norm,138.55734252929688
199,1788869024.4238057,images/detect,256.0
199,1788869024.4238057,images/pose,16.0
199,1788869024.4238057,loss/backward,104.28142395019532
199,1788869024.4238057,loss/detect_mean,1.801924467086792
199,1788869024.4238057,loss/joint_mean,1.6293972492218018
199,1788869024.4238057,loss/pose_mean,0.9392883777618408
199,1788869024.4238057,lr/attention.decay,0.0
199,1788869024.4238057,lr/attention.no_decay,0.0
199,1788869024.4238057,lr/backbone.decay,0.0
199,1788869024.4238057,lr/backbone.no_decay,0.0
199,1788869024.4238057,lr/detect_head.decay,1.2219222462203025e-05
199,1788869024.4238057,lr/detect_head.no_decay,1.2219222462203025e-05
199,1788869024.4238057,lr/masf.decay,0.0
199,1788869024.4238057,lr/masf.no_decay,0.0
199,1788869024.4238057,lr/neck.decay,4.88768898488121e-06
199,1788869024.4238057,lr/neck.no_decay,4.88768898488121e-06
199,1788869024.4238057,lr/pose_head.decay,1.2219222462203025e-05
199,1788869024.4238057,lr/pose_head.no_decay,1.2219222462203025e-05
199,1788869024.4238057,pose/component_0,0.7331692576408386
199,1788869024.4238057,pose/component_1,0.012337928637862206
199,1788869024.4238057,pose/component_2,0.0007672202191315591
199,1788869024.4238057,pose/component_3,0.22549636662006378
199,1788869024.4238057,pose/component_4,0.0014376792823895812
199,1788869024.4238057,pose/component_5,0.0
200,1788869025.588475,amp/overflow_retries,0.0
200,1788869025.588475,amp/scale,512.0
200,1788869025.588475,detect/component_0,1.0380005836486816
200,1788869025.588475,detect/component_1,0.9159395694732666
200,1788869025.588475,detect/component_2,0.006107463967055082
200,1788869025.588475,gradient/clipped_norm,200.19578552246094
200,1788869025.588475,gradient/detect_shared_norm,84.51919285709
200,1788869025.588475,gradient/pose_shared_norm,142.24675042299054
200,1788869025.588475,gradient/shared_cosine,-0.051396808267639045
200,1788869025.588475,images/detect,256.0
200,1788869025.588475,images/pose,16.0
200,1788869025.588475,loss/backward,105.90873947143555
200,1788869025.588475,loss/detect_mean,1.7430008500814438
200,1788869025.588475,loss/joint_mean,1.6548240542411805
200,1788869025.588475,loss/pose_mean,1.302116870880127
200,1788869025.588475,lr/attention.decay,0.0
200,1788869025.588475,lr/attention.no_decay,0.0
200,1788869025.588475,lr/backbone.decay,0.0
200,1788869025.588475,lr/backbone.no_decay,0.0
200,1788869025.588475,lr/detect_head.decay,1.226781857451404e-05
200,1788869025.588475,lr/detect_head.no_decay,1.226781857451404e-05
200,1788869025.588475,lr/masf.decay,0.0
200,1788869025.588475,lr/masf.no_decay,0.0
200,1788869025.588475,lr/neck.decay,4.907127429805616e-06
200,1788869025.588475,lr/neck.no_decay,4.907127429805616e-06
200,1788869025.588475,lr/pose_head.decay,1.226781857451404e-05
200,1788869025.588475,lr/pose_head.no_decay,1.226781857451404e-05
200,1788869025.588475,pose/component_0,0.9056611061096191
200,1788869025.588475,pose/component_1,0.017685072496533394
200,1788869025.588475,pose/component_2,0.0013367693172767758
200,1788869025.588475,pose/component_3,0.41173815727233887
200,1788869025.588475,pose/component_4,0.002294183010235429
200,1788869025.588475,pose/component_5,0.0
201,1788869027.0558865,amp/overflow_retries,0.0
201,1788869027.0558865,amp/scale,512.0
201,1788869027.0558865,detect/component_0,1.1078110933303833
201,1788869027.0558865,detect/component_1,0.9648816585540771
201,1788869027.0558865,detect/component_2,0.005926977377384901
201,1788869027.0558865,gradient/clipped_norm,122.64127349853516
201,1788869027.0558865,images/detect,256.0
201,1788869027.0558865,images/pose,16.0
201,1788869027.0558865,loss/backward,105.54554748535156
201,1788869027.0558865,loss/detect_mean,1.8440296649932861
201,1788869027.0558865,loss/joint_mean,1.6491491794586182
201,1788869027.0558865,loss/pose_mean,0.8696272373199463
201,1788869027.0558865,lr/attention.decay,0.0
201,1788869027.0558865,lr/attention.no_decay,0.0
201,1788869027.0558865,lr/backbone.decay,0.0
201,1788869027.0558865,lr/backbone.no_decay,0.0
201,1788869027.0558865,lr/detect_head.decay,1.2316414686825055e-05
201,1788869027.0558865,lr/detect_head.no_decay,1.2316414686825055e-05
201,1788869027.0558865,lr/masf.decay,0.0
201,1788869027.0558865,lr/masf.no_decay,0.0
201,1788869027.0558865,lr/neck.decay,4.926565874730023e-06
201,1788869027.0558865,lr/neck.no_decay,4.926565874730023e-06
201,1788869027.0558865,lr/pose_head.decay,1.2316414686825055e-05
201,1788869027.0558865,lr/pose_head.no_decay,1.2316414686825055e-05
201,1788869027.0558865,pose/component_0,0.6082877516746521
201,1788869027.0558865,pose/component_1,0.006552473176270723
201,1788869027.0558865,pose/component_2,0.0009211982251144946
201,1788869027.0558865,pose/component_3,0.21619930863380432
201,1788869027.0558865,pose/component_4,0.0027712525334209204
201,1788869027.0558865,pose/component_5,0.0
202,1788869028.2152035,amp/overflow_retries,0.0
202,1788869028.2152035,amp/scale,512.0
202,1788869028.2152035,detect/component_0,1.030794620513916
202,1788869028.2152035,detect/component_1,0.9198241829872131
202,1788869028.2152035,detect/component_2,0.0060824984684586525
202,1788869028.2152035,gradient/clipped_norm,164.42861938476562
202,1788869028.2152035,images/detect,256.0
202,1788869028.2152035,images/pose,16.0
202,1788869028.2152035,loss/backward,104.2880241394043
202,1788869028.2152035,loss/detect_mean,1.7274016290903091
202,1788869028.2152035,loss/joint_mean,1.6295003771781922
202,1788869028.2152035,loss/pose_mean,1.2378953695297241
202,1788869028.2152035,lr/attention.decay,0.0
202,1788869028.2152035,lr/attention.no_decay,0.0
202,1788869028.2152035,lr/backbone.decay,0.0
202,1788869028.2152035,lr/backbone.no_decay,0.0
202,1788869028.2152035,lr/detect_head.decay,1.236501079913607e-05
202,1788869028.2152035,lr/detect_head.no_decay,1.236501079913607e-05
202,1788869028.2152035,lr/masf.decay,0.0
202,1788869028.2152035,lr/masf.no_decay,0.0
202,1788869028.2152035,lr/neck.decay,4.9460043196544285e-06
202,1788869028.2152035,lr/neck.no_decay,4.9460043196544285e-06
202,1788869028.2152035,lr/pose_head.decay,1.236501079913607e-05
202,1788869028.2152035,lr/pose_head.no_decay,1.236501079913607e-05
202,1788869028.2152035,pose/component_0,0.6851029396057129
202,1788869028.2152035,pose/component_1,0.020504537969827652
202,1788869028.2152035,pose/component_2,0.22425960004329681
202,1788869028.2152035,pose/component_3,0.3511958122253418
202,1788869028.2152035,pose/component_4,0.001774889649823308
202,1788869028.2152035,pose/component_5,0.0
203,1788869029.3831856,amp/overflow_retries,0.0
203,1788869029.3831856,amp/scale,512.0
203,1788869029.3831856,detect/component_0,1.0482820272445679
203,1788869029.3831856,detect/component_1,0.9698102474212646
203,1788869029.3831856,detect/component_2,0.0066348775289952755
203,1788869029.3831856,gradient/clipped_norm,135.86289978027344
203,1788869029.3831856,images/detect,256.0
203,1788869029.3831856,images/pose,16.0
203,1788869029.3831856,loss/backward,106.65206680297851
203,1788869029.3831856,loss/detect_mean,1.8028800040483475
203,1788869029.3831856,loss/joint_mean,1.6664385437965392
203,1788869029.3831856,loss/pose_mean,1.1206727027893066
203,1788869029.3831856,lr/attention.decay,0.0
203,1788869029.3831856,lr/attention.no_decay,0.0
203,1788869029.3831856,lr/backbone.decay,0.0
203,1788869029.3831856,lr/backbone.no_decay,0.0
203,1788869029.3831856,lr/detect_head.decay,1.2413606911447085e-05
203,1788869029.3831856,lr/detect_head.no_decay,1.2413606911447085e-05
203,1788869029.3831856,lr/masf.decay,0.0
203,1788869029.3831856,lr/masf.no_decay,0.0
203,1788869029.3831856,lr/neck.decay,4.965442764578834e-06
203,1788869029.3831856,lr/neck.no_decay,4.965442764578834e-06
203,1788869029.3831856,lr/pose_head.decay,1.2413606911447085e-05
203,1788869029.3831856,lr/pose_head.no_decay,1.2413606911447085e-05
203,1788869029.3831856,pose/component_0,0.8522679805755615
203,1788869029.3831856,pose/component_1,0.012438545934855938
203,1788869029.3831856,pose/component_2,0.001195429591462016
203,1788869029.3831856,pose/component_3,0.2672511637210846
203,1788869029.3831856,pose/component_4,0.002055798890069127
203,1788869029.3831856,pose/component_5,0.0
204,1788869030.5616016,amp/overflow_retries,0.0
204,1788869030.5616016,amp/scale,512.0
204,1788869030.5616016,detect/component_0,1.0915074348449707
204,1788869030.5616016,detect/component_1,0.9542210698127747
204,1788869030.5616016,detect/component_2,0.005998716223984957
204,1788869030.5616016,gradient/clipped_norm,129.56187438964844
204,1788869030.5616016,images/detect,256.0
204,1788869030.5616016,images/pose,16.0
204,1788869030.5616016,loss/backward,105.72207717895508
204,1788869030.5616016,loss/detect_mean,1.8217981606721878
204,1788869030.5616016,loss/joint_mean,1.651907455921173
204,1788869030.5616016,loss/pose_mean,0.9723446369171143
204,1788869030.5616016,lr/attention.decay,0.0
204,1788869030.5616016,lr/attention.no_decay,0.0
204,1788869030.5616016,lr/backbone.decay,0.0
204,1788869030.5616016,lr/backbone.no_decay,0.0
204,1788869030.5616016,lr/detect_head.decay,1.24622030237581e-05
204,1788869030.5616016,lr/detect_head.no_decay,1.24622030237581e-05
204,1788869030.5616016,lr/masf.decay,0.0
204,1788869030.5616016,lr/masf.no_decay,0.0
204,1788869030.5616016,lr/neck.decay,4.98488120950324e-06
204,1788869030.5616016,lr/neck.no_decay,4.98488120950324e-06
204,1788869030.5616016,lr/pose_head.decay,1.24622030237581e-05
204,1788869030.5616016,lr/pose_head.no_decay,1.24622030237581e-05
204,1788869030.5616016,pose/component_0,0.7335740923881531
204,1788869030.5616016,pose/component_1,0.01066315732896328
204,1788869030.5616016,pose/component_2,0.001033755368553102
204,1788869030.5616016,pose/component_3,0.2497166097164154
204,1788869030.5616016,pose/component_4,0.0016113457968458533
204,1788869030.5616016,pose/component_5,0.0
205,1788869031.7423618,amp/overflow_retries,0.0
205,1788869031.7423618,amp/scale,512.0
205,1788869031.7423618,detect/component_0,1.0387191772460938
205,1788869031.7423618,detect/component_1,0.9171723127365112
205,1788869031.7423618,detect/component_2,0.006329944357275963
205,1788869031.7423618,gradient/clipped_norm,153.6414337158203
205,1788869031.7423618,images/detect,256.0
205,1788869031.7423618,images/pose,16.0
205,1788869031.7423618,loss/backward,99.80691528320312
205,1788869031.7423618,loss/detect_mean,1.7547144889831543
205,1788869031.7423618,loss/joint_mean,1.5594830513000488
205,1788869031.7423618,loss/pose_mean,0.778557300567627
205,1788869031.7423618,lr/attention.decay,0.0
205,1788869031.7423618,lr/attention.no_decay,0.0
205,1788869031.7423618,lr/backbone.decay,0.0
205,1788869031.7423618,lr/backbone.no_decay,0.0
205,1788869031.7423618,lr/detect_head.decay,1.2510799136069115e-05
205,1788869031.7423618,lr/detect_head.no_decay,1.2510799136069115e-05
205,1788869031.7423618,lr/masf.decay,0.0
205,1788869031.7423618,lr/masf.no_decay,0.0
205,1788869031.7423618,lr/neck.decay,5.004319654427647e-06
205,1788869031.7423618,lr/neck.no_decay,5.004319654427647e-06
205,1788869031.7423618,lr/pose_head.decay,1.2510799136069115e-05
205,1788869031.7423618,lr/pose_head.no_decay,1.2510799136069115e-05
205,1788869031.7423618,pose/component_0,0.5705490708351135
205,1788869031.7423618,pose/component_1,0.008349341340363026
205,1788869031.7423618,pose/component_2,0.001313785440288484
205,1788869031.7423618,pose/component_3,0.18408098816871643
205,1788869031.7423618,pose/component_4,0.0017968423198908567
205,1788869031.7423618,pose/component_5,0.0
206,1788869032.9185588,amp/overflow_retries,0.0
206,1788869032.9185588,amp/scale,512.0
206,1788869032.9185588,detect/component_0,1.0367512702941895
206,1788869032.9185588,detect/component_1,0.9364000558853149
206,1788869032.9185588,detect/component_2,0.006411852780729532
206,1788869032.9185588,gradient/clipped_norm,135.0486602783203
206,1788869032.9185588,images/detect,256.0
206,1788869032.9185588,images/pose,16.0
206,1788869032.9185588,loss/backward,101.18425674438477
206,1788869032.9185588,loss/detect_mean,1.7472075670957565
206,1788869032.9185588,loss/joint_mean,1.581004011631012
206,1788869032.9185588,loss/pose_mean,0.9161897897720337
206,1788869032.9185588,lr/attention.decay,0.0
206,1788869032.9185588,lr/attention.no_decay,0.0
206,1788869032.9185588,lr/backbone.decay,0.0
206,1788869032.9185588,lr/backbone.no_decay,0.0
206,1788869032.9185588,lr/detect_head.decay,1.2559395248380132e-05
206,1788869032.9185588,lr/detect_head.no_decay,1.2559395248380132e-05
206,1788869032.9185588,lr/masf.decay,0.0
206,1788869032.9185588,lr/masf.no_decay,0.0
206,1788869032.9185588,lr/neck.decay,5.023758099352053e-06
206,1788869032.9185588,lr/neck.no_decay,5.023758099352053e-06
206,1788869032.9185588,lr/pose_head.decay,1.2559395248380132e-05
206,1788869032.9185588,lr/pose_head.no_decay,1.2559395248380132e-05
206,1788869032.9185588,pose/component_0,0.6540008783340454
206,1788869032.9185588,pose/component_1,0.008466735482215881
206,1788869032.9185588,pose/component_2,0.0016086142277345061
206,1788869032.9185588,pose/component_3,0.2584608197212219
206,1788869032.9185588,pose/component_4,0.0014061859110370278
206,1788869032.9185588,pose/component_5,0.0
207,1788869034.0992522,amp/overflow_retries,0.0
207,1788869034.0992522,amp/scale,512.0
207,1788869034.0992522,detect/component_0,1.0216846466064453
207,1788869034.0992522,detect/component_1,0.9226418733596802
207,1788869034.0992522,detect/component_2,0.007090057246387005
207,1788869034.0992522,gradient/clipped_norm,114.4557876586914
207,1788869034.0992522,images/detect,256.0
207,1788869034.0992522,images/pose,16.0
207,1788869034.0992522,loss/backward,99.37853469848633
207,1788869034.0992522,loss/detect_mean,1.736635982990265
207,1788869034.0992522,loss/joint_mean,1.552789604663849
207,1788869034.0992522,loss/pose_mean,0.8174040913581848
207,1788869034.0992522,lr/attention.decay,0.0
207,1788869034.0992522,lr/attention.no_decay,0.0
207,1788869034.0992522,lr/backbone.decay,0.0
207,1788869034.0992522,lr/backbone.no_decay,0.0
207,1788869034.0992522,lr/detect_head.decay,1.2607991360691146e-05
207,1788869034.0992522,lr/detect_head.no_decay,1.2607991360691146e-05
207,1788869034.0992522,lr/masf.decay,0.0
207,1788869034.0992522,lr/masf.no_decay,0.0
207,1788869034.0992522,lr/neck.decay,5.0431965442764584e-06
207,1788869034.0992522,lr/neck.no_decay,5.0431965442764584e-06
207,1788869034.0992522,lr/pose_head.decay,1.2607991360691146e-05
207,1788869034.0992522,lr/pose_head.no_decay,1.2607991360691146e-05
207,1788869034.0992522,pose/component_0,0.5906233191490173
207,1788869034.0992522,pose/component_1,0.012218169867992401
207,1788869034.0992522,pose/component_2,0.0026691611856222153
207,1788869034.0992522,pose/component_3,0.21377742290496826
207,1788869034.0992522,pose/component_4,0.0019298881525173783
207,1788869034.0992522,pose/component_5,0.0
208,1788869035.2807283,amp/overflow_retries,0.0
208,1788869035.2807283,amp/scale,512.0
208,1788869035.2807283,detect/component_0,1.0933492183685303
208,1788869035.2807283,detect/component_1,0.9964052438735962
208,1788869035.2807283,detect/component_2,0.00690394826233387
208,1788869035.2807283,gradient/clipped_norm,133.4184112548828
208,1788869035.2807283,images/detect,256.0
208,1788869035.2807283,images/pose,16.0
208,1788869035.2807283,loss/backward,106.05360946655273
208,1788869035.2807283,loss/detect_mean,1.8631100803613663
208,1788869035.2807283,loss/joint_mean,1.6570876479148864
208,1788869035.2807283,loss/pose_mean,0.8329979181289673
208,1788869035.2807283,lr/attention.decay,0.0
208,1788869035.2807283,lr/attention.no_decay,0.0
208,1788869035.2807283,lr/backbone.decay,0.0
208,1788869035.2807283,lr/backbone.no_decay,0.0
208,1788869035.2807283,lr/detect_head.decay,1.265658747300216e-05
208,1788869035.2807283,lr/detect_head.no_decay,1.265658747300216e-05
208,1788869035.2807283,lr/masf.decay,0.0
208,1788869035.2807283,lr/masf.no_decay,0.0
208,1788869035.2807283,lr/neck.decay,5.062634989200864e-06
208,1788869035.2807283,lr/neck.no_decay,5.062634989200864e-06
208,1788869035.2807283,lr/pose_head.decay,1.265658747300216e-05
208,1788869035.2807283,lr/pose_head.no_decay,1.265658747300216e-05
208,1788869035.2807283,pose/component_0,0.5916721224784851
208,1788869035.2807283,pose/component_1,0.009507319889962673
208,1788869035.2807283,pose/component_2,0.0152120441198349
208,1788869035.2807283,pose/component_3,0.2371271550655365
208,1788869035.2807283,pose/component_4,0.0021380579564720392
208,1788869035.2807283,pose/component_5,0.0
209,1788869036.4495642,amp/overflow_retries,0.0
209,1788869036.4495642,amp/scale,512.0
209,1788869036.4495642,detect/component_0,1.061789870262146
209,1788869036.4495642,detect/component_1,0.9619631767272949
209,1788869036.4495642,detect/component_2,0.006378414109349251
209,1788869036.4495642,gradient/clipped_norm,151.27276611328125
209,1788869036.4495642,images/detect,256.0
209,1788869036.4495642,images/pose,16.0
209,1788869036.4495642,loss/backward,104.75537414550782
209,1788869036.4495642,loss/detect_mean,1.8126393258571625
209,1788869036.4495642,loss/joint_mean,1.6368027210235596
209,1788869036.4495642,loss/pose_mean,0.933456301689148
209,1788869036.4495642,lr/attention.decay,0.0
209,1788869036.4495642,lr/attention.no_decay,0.0
209,1788869036.4495642,lr/backbone.decay,0.0
209,1788869036.4495642,lr/backbone.no_decay,0.0
209,1788869036.4495642,lr/detect_head.decay,1.2705183585313177e-05
209,1788869036.4495642,lr/detect_head.no_decay,1.2705183585313177e-05
209,1788869036.4495642,lr/masf.decay,0.0
209,1788869036.4495642,lr/masf.no_decay,0.0
209,1788869036.4495642,lr/neck.decay,5.082073434125271e-06
209,1788869036.4495642,lr/neck.no_decay,5.082073434125271e-06
209,1788869036.4495642,lr/pose_head.decay,1.2705183585313177e-05
209,1788869036.4495642,lr/pose_head.no_decay,1.2705183585313177e-05
209,1788869036.4495642,pose/component_0,0.6709040403366089
209,1788869036.4495642,pose/component_1,0.013978306204080582
209,1788869036.4495642,pose/component_2,0.008204463869333267
209,1788869036.4495642,pose/component_3,0.2779264748096466
209,1788869036.4495642,pose/component_4,0.0019494920270517468
209,1788869036.4495642,pose/component_5,0.0
210,1788869037.6080368,amp/overflow_retries,0.0
210,1788869037.6080368,amp/scale,512.0
210,1788869037.6080368,detect/component_0,1.0493179559707642
210,1788869037.6080368,detect/component_1,0.908458948135376
210,1788869037.6080368,detect/component_2,0.006175084039568901
210,1788869037.6080368,gradient/clipped_norm,110.2315444946289
210,1788869037.6080368,images/detect,256.0
210,1788869037.6080368,images/pose,16.0
210,1788869037.6080368,loss/backward,99.9599609375
210,1788869037.6080368,loss/detect_mean,1.7535685896873474
210,1788869037.6080368,loss/joint_mean,1.5618743896484375
210,1788869037.6080368,loss/pose_mean,0.7950975894927979
210,1788869037.6080368,lr/attention.decay,0.0
210,1788869037.6080368,lr/attention.no_decay,0.0
210,1788869037.6080368,lr/backbone.decay,0.0
210,1788869037.6080368,lr/backbone.no_decay,0.0
210,1788869037.6080368,lr/detect_head.decay,1.2753779697624191e-05
210,1788869037.6080368,lr/detect_head.no_decay,1.2753779697624191e-05
210,1788869037.6080368,lr/masf.decay,0.0
210,1788869037.6080368,lr/masf.no_decay,0.0
210,1788869037.6080368,lr/neck.decay,5.1015118790496766e-06
210,1788869037.6080368,lr/neck.no_decay,5.1015118790496766e-06
210,1788869037.6080368,lr/pose_head.decay,1.2753779697624191e-05
210,1788869037.6080368,lr/pose_head.no_decay,1.2753779697624191e-05
210,1788869037.6080368,pose/component_0,0.5801414251327515
210,1788869037.6080368,pose/component_1,0.035035278648138046
210,1788869037.6080368,pose/component_2,0.007017510011792183
210,1788869037.6080368,pose/component_3,0.23017537593841553
210,1788869037.6080368,pose/component_4,0.0023334454745054245
210,1788869037.6080368,pose/component_5,0.0
211,1788869038.7957163,amp/overflow_retries,0.0
211,1788869038.7957163,amp/scale,512.0
211,1788869038.7957163,detect/component_0,1.0489124059677124
211,1788869038.7957163,detect/component_1,0.9524914622306824
211,1788869038.7957163,detect/component_2,0.006765959784388542
211,1788869038.7957163,gradient/clipped_norm,142.99688720703125
211,1788869038.7957163,images/detect,256.0
211,1788869038.7957163,images/pose,16.0
211,1788869038.7957163,loss/backward,107.84245300292969
211,1788869038.7957163,loss/detect_mean,1.7985785603523254
211,1788869038.7957163,loss/joint_mean,1.6850383281707764
211,1788869038.7957163,loss/pose_mean,1.23087739944458
211,1788869038.7957163,lr/attention.decay,0.0
211,1788869038.7957163,lr/attention.no_decay,0.0
211,1788869038.7957163,lr/backbone.decay,0.0
211,1788869038.7957163,lr/backbone.no_decay,0.0
211,1788869038.7957163,lr/detect_head.decay,1.2802375809935204e-05
211,1788869038.7957163,lr/detect_head.no_decay,1.2802375809935204e-05
211,1788869038.7957163,lr/masf.decay,0.0
211,1788869038.7957163,lr/masf.no_decay,0.0
211,1788869038.7957163,lr/neck.decay,5.120950323974082e-06
211,1788869038.7957163,lr/neck.no_decay,5.120950323974082e-06
211,1788869038.7957163,lr/pose_head.decay,1.2802375809935204e-05
211,1788869038.7957163,lr/pose_head.no_decay,1.2802375809935204e-05
211,1788869038.7957163,pose/component_0,0.7144505381584167
211,1788869038.7957163,pose/component_1,0.010690230876207352
211,1788869038.7957163,pose/component_2,0.11628078669309616
211,1788869038.7957163,pose/component_3,0.4503263235092163
211,1788869038.7957163,pose/component_4,0.0035039670765399933
211,1788869038.7957163,pose/component_5,0.0
212,1788869039.9674776,amp/overflow_retries,0.0
212,1788869039.9674776,amp/scale,512.0
212,1788869039.9674776,detect/component_0,1.1130423545837402
212,1788869039.9674776,detect/component_1,0.9120754599571228
212,1788869039.9674776,detect/component_2,0.006659072823822498
212,1788869039.9674776,gradient/clipped_norm,113.56056213378906
212,1788869039.9674776,images/detect,256.0
212,1788869039.9674776,images/pose,16.0
212,1788869039.9674776,loss/backward,103.76033248901368
212,1788869039.9674776,loss/detect_mean,1.7981194853782654
212,1788869039.9674776,loss/joint_mean,1.6212551951408387
212,1788869039.9674776,loss/pose_mean,0.9137980341911316
212,1788869039.9674776,lr/attention.decay,0.0
212,1788869039.9674776,lr/attention.no_decay,0.0
212,1788869039.9674776,lr/backbone.decay,0.0
212,1788869039.9674776,lr/backbone.no_decay,0.0
212,1788869039.9674776,lr/detect_head.decay,1.2850971922246222e-05
212,1788869039.9674776,lr/detect_head.no_decay,1.2850971922246222e-05
212,1788869039.9674776,lr/masf.decay,0.0
212,1788869039.9674776,lr/masf.no_decay,0.0
212,1788869039.9674776,lr/neck.decay,5.140388768898489e-06
212,1788869039.9674776,lr/neck.no_decay,5.140388768898489e-06
212,1788869039.9674776,lr/pose_head.decay,1.2850971922246222e-05
212,1788869039.9674776,lr/pose_head.no_decay,1.2850971922246222e-05
212,1788869039.9674776,pose/component_0,0.6740703582763672
212,1788869039.9674776,pose/component_1,0.016327006742358208
212,1788869039.9674776,pose/component_2,0.0014563377480953932
212,1788869039.9674776,pose/component_3,0.24597549438476562
212,1788869039.9674776,pose/component_4,0.0019567718263715506
212,1788869039.9674776,pose/component_5,0.0
213,1788869041.1491284,amp/overflow_retries,0.0
213,1788869041.1491284,amp/scale,512.0
213,1788869041.1491284,detect/component_0,1.0626332759857178
213,1788869041.1491284,detect/component_1,0.9438331127166748
213,1788869041.1491284,detect/component_2,0.006569370161741972
213,1788869041.1491284,gradient/clipped_norm,140.05589294433594
213,1788869041.1491284,images/detect,256.0
213,1788869041.1491284,images/pose,16.0
213,1788869041.1491284,loss/backward,102.07391738891602
213,1788869041.1491284,loss/detect_mean,1.793253019452095
213,1788869041.1491284,loss/joint_mean,1.5949049592018127
213,1788869041.1491284,loss/pose_mean,0.8015127182006836
213,1788869041.1491284,lr/attention.decay,0.0
213,1788869041.1491284,lr/attention.no_decay,0.0
213,1788869041.1491284,lr/backbone.decay,0.0
213,1788869041.1491284,lr/backbone.no_decay,0.0
213,1788869041.1491284,lr/detect_head.decay,1.2899568034557235e-05
213,1788869041.1491284,lr/detect_head.no_decay,1.2899568034557235e-05
213,1788869041.1491284,lr/masf.decay,0.0
213,1788869041.1491284,lr/masf.no_decay,0.0
213,1788869041.1491284,lr/neck.decay,5.159827213822895e-06
213,1788869041.1491284,lr/neck.no_decay,5.159827213822895e-06
213,1788869041.1491284,lr/pose_head.decay,1.2899568034557235e-05
213,1788869041.1491284,lr/pose_head.no_decay,1.2899568034557235e-05
213,1788869041.1491284,pose/component_0,0.5102102160453796
213,1788869041.1491284,pose/component_1,0.0038455924950540066
213,1788869041.1491284,pose/component_2,0.0012960382737219334
213,1788869041.1491284,pose/component_3,0.24067726731300354
213,1788869041.1491284,pose/component_4,0.0018892457010224462
213,1788869041.1491284,pose/component_5,0.0
214,1788869042.3320742,amp/overflow_retries,0.0
214,1788869042.3320742,amp/scale,512.0
214,1788869042.3320742,detect/component_0,1.0656404495239258
214,1788869042.3320742,detect/component_1,0.9609749913215637
214,1788869042.3320742,detect/component_2,0.0064491890370845795
214,1788869042.3320742,gradient/clipped_norm,150.8854522705078
214,1788869042.3320742,images/detect,256.0
214,1788869042.3320742,images/pose,16.0
214,1788869042.3320742,loss/backward,107.59426193237304
214,1788869042.3320742,loss/detect_mean,1.8202266544103622
214,1788869042.3320742,loss/joint_mean,1.6811603426933288
214,1788869042.3320742,loss/pose_mean,1.1248950958251953
214,1788869042.3320742,lr/attention.decay,0.0
214,1788869042.3320742,lr/attention.no_decay,0.0
214,1788869042.3320742,lr/backbone.decay,0.0
214,1788869042.3320742,lr/backbone.no_decay,0.0
214,1788869042.3320742,lr/detect_head.decay,1.2948164146868253e-05
214,1788869042.3320742,lr/detect_head.no_decay,1.2948164146868253e-05
214,1788869042.3320742,lr/masf.decay,0.0
214,1788869042.3320742,lr/masf.no_decay,0.0
214,1788869042.3320742,lr/neck.decay,5.179265658747301e-06
214,1788869042.3320742,lr/neck.no_decay,5.179265658747301e-06
214,1788869042.3320742,lr/pose_head.decay,1.2948164146868253e-05
214,1788869042.3320742,lr/pose_head.no_decay,1.2948164146868253e-05
214,1788869042.3320742,pose/component_0,0.7952490448951721
214,1788869042.3320742,pose/component_1,0.051749370992183685
214,1788869042.3320742,pose/component_2,0.014859798364341259
214,1788869042.3320742,pose/component_3,0.33926716446876526
214,1788869042.3320742,pose/component_4,0.0023837632033973932
214,1788869042.3320742,pose/component_5,0.0
215,1788869043.5035746,amp/overflow_retries,0.0
215,1788869043.5035746,amp/scale,512.0
215,1788869043.5035746,detect/component_0,1.07420015335083
215,1788869043.5035746,detect/component_1,0.9644374251365662
215,1788869043.5035746,detect/component_2,0.006586406379938126
215,1788869043.5035746,gradient/clipped_norm,135.7183837890625
215,1788869043.5035746,images/detect,256.0
215,1788869043.5035746,images/pose,16.0
215,1788869043.5035746,loss/backward,102.38101348876953
215,1788869043.5035746,loss/detect_mean,1.8201488852500916
215,1788869043.5035746,loss/joint_mean,1.5997033357620238
215,1788869043.5035746,loss/pose_mean,0.7179211378097534
215,1788869043.5035746,lr/attention.decay,0.0
215,1788869043.5035746,lr/attention.no_decay,0.0
215,1788869043.5035746,lr/backbone.decay,0.0
215,1788869043.5035746,lr/backbone.no_decay,0.0
215,1788869043.5035746,lr/detect_head.decay,1.2996760259179266e-05
215,1788869043.5035746,lr/detect_head.no_decay,1.2996760259179266e-05
215,1788869043.5035746,lr/masf.decay,0.0
215,1788869043.5035746,lr/masf.no_decay,0.0
215,1788869043.5035746,lr/neck.decay,5.1987041036717065e-06
215,1788869043.5035746,lr/neck.no_decay,5.1987041036717065e-06
215,1788869043.5035746,lr/pose_head.decay,1.2996760259179266e-05
215,1788869043.5035746,lr/pose_head.no_decay,1.2996760259179266e-05
215,1788869043.5035746,pose/component_0,0.5044166445732117
215,1788869043.5035746,pose/component_1,0.012340962886810303
215,1788869043.5035746,pose/component_2,0.0023912072647362947
215,1788869043.5035746,pose/component_3,0.19050484895706177
215,1788869043.5035746,pose/component_4,0.0018756985664367676
215,1788869043.5035746,pose/component_5,0.0
216,1788869044.666021,amp/overflow_retries,0.0
216,1788869044.666021,amp/scale,512.0
216,1788869044.666021,detect/component_0,1.0393421649932861
216,1788869044.666021,detect/component_1,0.9167887568473816
216,1788869044.666021,detect/component_2,0.006623661145567894
216,1788869044.666021,gradient/clipped_norm,127.85066223144531
216,1788869044.666021,images/detect,256.0
216,1788869044.666021,images/pose,16.0
216,1788869044.666021,loss/backward,99.48800811767578
216,1788869044.666021,loss/detect_mean,1.7315103262662888
216,1788869044.666021,loss/joint_mean,1.554500126838684
216,1788869044.666021,loss/pose_mean,0.8464593291282654
216,1788869044.666021,lr/attention.decay,0.0
216,1788869044.666021,lr/attention.no_decay,0.0
216,1788869044.666021,lr/backbone.decay,0.0
216,1788869044.666021,lr/backbone.no_decay,0.0
216,1788869044.666021,lr/detect_head.decay,1.304535637149028e-05
216,1788869044.666021,lr/detect_head.no_decay,1.304535637149028e-05
216,1788869044.666021,lr/masf.decay,0.0
216,1788869044.666021,lr/masf.no_decay,0.0
216,1788869044.666021,lr/neck.decay,5.218142548596112e-06
216,1788869044.666021,lr/neck.no_decay,5.218142548596112e-06
216,1788869044.666021,lr/pose_head.decay,1.304535637149028e-05
216,1788869044.666021,lr/pose_head.no_decay,1.304535637149028e-05
216,1788869044.666021,pose/component_0,0.6506354808807373
216,1788869044.666021,pose/component_1,0.010710271075367928
216,1788869044.666021,pose/component_2,0.0018336917273700237
216,1788869044.666021,pose/component_3,0.20986409485340118
216,1788869044.666021,pose/component_4,0.0017496248474344611
216,1788869044.666021,pose/component_5,0.0
217,1788869045.8288493,amp/overflow_retries,0.0
217,1788869045.8288493,amp/scale,512.0
217,1788869045.8288493,detect/component_0,1.0674350261688232
217,1788869045.8288493,detect/component_1,0.9688215851783752
217,1788869045.8288493,detect/component_2,0.006226087920367718
217,1788869045.8288493,gradient/clipped_norm,121.51032257080078
217,1788869045.8288493,images/detect,256.0
217,1788869045.8288493,images/pose,16.0
217,1788869045.8288493,loss/backward,105.19697952270508
217,1788869045.8288493,loss/detect_mean,1.8105566948652267
217,1788869045.8288493,loss/joint_mean,1.6437028050422668
217,1788869045.8288493,loss/pose_mean,0.9762872457504272
217,1788869045.8288493,lr/attention.decay,0.0
217,1788869045.8288493,lr/attention.no_decay,0.0
217,1788869045.8288493,lr/backbone.decay,0.0
217,1788869045.8288493,lr/backbone.no_decay,0.0
217,1788869045.8288493,lr/detect_head.decay,1.3093952483801297e-05
217,1788869045.8288493,lr/detect_head.no_decay,1.3093952483801297e-05
217,1788869045.8288493,lr/masf.decay,0.0
217,1788869045.8288493,lr/masf.no_decay,0.0
217,1788869045.8288493,lr/neck.decay,5.237580993520519e-06
217,1788869045.8288493,lr/neck.no_decay,5.237580993520519e-06
217,1788869045.8288493,lr/pose_head.decay,1.3093952483801297e-05
217,1788869045.8288493,lr/pose_head.no_decay,1.3093952483801297e-05
217,1788869045.8288493,pose/component_0,0.6454130411148071
217,1788869045.8288493,pose/component_1,0.004437991883605719
217,1788869045.8288493,pose/component_2,0.009305203333497047
217,1788869045.8288493,pose/component_3,0.2746419608592987
217,1788869045.8288493,pose/component_4,0.0029204566963016987
217,1788869045.8288493,pose/component_5,0.0
218,1788869046.9847276,amp/overflow_retries,0.0
218,1788869046.9847276,amp/scale,512.0
218,1788869046.9847276,detect/component_0,1.0519351959228516
218,1788869046.9847276,detect/component_1,0.9426578283309937
218,1788869046.9847276,detect/component_2,0.006032397970557213
218,1788869046.9847276,gradient/clipped_norm,144.47898864746094
218,1788869046.9847276,images/detect,256.0
218,1788869046.9847276,images/pose,16.0
218,1788869046.9847276,loss/backward,107.91036453247071
218,1788869046.9847276,loss/detect_mean,1.7740916460752487
218,1788869046.9847276,loss/joint_mean,1.6860994458198548
218,1788869046.9847276,loss/pose_mean,1.3341306447982788
218,1788869046.9847276,lr/attention.decay,0.0
218,1788869046.9847276,lr/attention.no_decay,0.0
218,1788869046.9847276,lr/backbone.decay,0.0
218,1788869046.9847276,lr/backbone.no_decay,0.0
218,1788869046.9847276,lr/detect_head.decay,1.3142548596112311e-05
218,1788869046.9847276,lr/detect_head.no_decay,1.3142548596112311e-05
218,1788869046.9847276,lr/masf.decay,0.0
218,1788869046.9847276,lr/masf.no_decay,0.0
218,1788869046.9847276,lr/neck.decay,5.257019438444925e-06
218,1788869046.9847276,lr/neck.no_decay,5.257019438444925e-06
218,1788869046.9847276,lr/pose_head.decay,1.3142548596112311e-05
218,1788869046.9847276,lr/pose_head.no_decay,1.3142548596112311e-05
218,1788869046.9847276,pose/component_0,0.8306090831756592
218,1788869046.9847276,pose/component_1,0.2195093035697937
218,1788869046.9847276,pose/component_2,0.11733080446720123
218,1788869046.9847276,pose/component_3,0.36537107825279236
218,1788869046.9847276,pose/component_4,0.0021031245123595
218,1788869046.9847276,pose/component_5,0.0
219,1788869048.1517782,amp/overflow_retries,0.0
219,1788869048.1517782,amp/scale,512.0
219,1788869048.1517782,detect/component_0,1.0628454685211182
219,1788869048.1517782,detect/component_1,0.934688925743103
219,1788869048.1517782,detect/component_2,0.00660757115110755
219,1788869048.1517782,gradient/clipped_norm,132.05528259277344
219,1788869048.1517782,images/detect,256.0
219,1788869048.1517782,images/pose,16.0
219,1788869048.1517782,loss/backward,104.9238670349121
219,1788869048.1517782,loss/detect_mean,1.777672454714775
219,1788869048.1517782,loss/joint_mean,1.6394354224205017
219,1788869048.1517782,loss/pose_mean,1.0864872932434082
219,1788869048.1517782,lr/attention.decay,0.0
219,1788869048.1517782,lr/attention.no_decay,0.0
219,1788869048.1517782,lr/backbone.decay,0.0
219,1788869048.1517782,lr/backbone.no_decay,0.0
219,1788869048.1517782,lr/detect_head.decay,1.3191144708423327e-05
219,1788869048.1517782,lr/detect_head.no_decay,1.3191144708423327e-05
219,1788869048.1517782,lr/masf.decay,0.0
219,1788869048.1517782,lr/masf.no_decay,0.0
219,1788869048.1517782,lr/neck.decay,5.276457883369332e-06
219,1788869048.1517782,lr/neck.no_decay,5.276457883369332e-06
219,1788869048.1517782,lr/pose_head.decay,1.3191144708423327e-05
219,1788869048.1517782,lr/pose_head.no_decay,1.3191144708423327e-05
219,1788869048.1517782,pose/component_0,0.7265204787254333
219,1788869048.1517782,pose/component_1,0.016301071271300316
219,1788869048.1517782,pose/component_2,0.10228412598371506
219,1788869048.1517782,pose/component_3,0.2622808814048767
219,1788869048.1517782,pose/component_4,0.0015688410494476557
219,1788869048.1517782,pose/component_5,0.0
220,1788869049.330739,amp/overflow_retries,0.0
220,1788869049.330739,amp/scale,512.0
220,1788869049.330739,detect/component_0,1.0946929454803467
220,1788869049.330739,detect/component_1,0.9820839762687683
220,1788869049.330739,detect/component_2,0.006065287161618471
220,1788869049.330739,gradient/clipped_norm,130.2572021484375
220,1788869049.330739,images/detect,256.0
220,1788869049.330739,images/pose,16.0
220,1788869049.330739,loss/backward,105.42388458251953
220,1788869049.330739,loss/detect_mean,1.83795964717865
220,1788869049.330739,loss/joint_mean,1.6472481966018677
220,1788869049.330739,loss/pose_mean,0.8844023942947388
220,1788869049.330739,lr/attention.decay,0.0
220,1788869049.330739,lr/attention.no_decay,0.0
220,1788869049.330739,lr/backbone.decay,0.0
220,1788869049.330739,lr/backbone.no_decay,0.0
220,1788869049.330739,lr/detect_head.decay,1.3239740820734342e-05
220,1788869049.330739,lr/detect_head.no_decay,1.3239740820734342e-05
220,1788869049.330739,lr/masf.decay,0.0
220,1788869049.330739,lr/masf.no_decay,0.0
220,1788869049.330739,lr/neck.decay,5.295896328293737e-06
220,1788869049.330739,lr/neck.no_decay,5.295896328293737e-06
220,1788869049.330739,lr/pose_head.decay,1.3239740820734342e-05
220,1788869049.330739,lr/pose_head.no_decay,1.3239740820734342e-05
220,1788869049.330739,pose/component_0,0.6757214665412903
220,1788869049.330739,pose/component_1,0.01060370821505785
220,1788869049.330739,pose/component_2,0.0010800103191286325
220,1788869049.330739,pose/component_3,0.20764759182929993
220,1788869049.330739,pose/component_4,0.0017965571023523808
220,1788869049.330739,pose/component_5,0.0
221,1788869050.5040054,amp/overflow_retries,0.0
221,1788869050.5040054,amp/scale,512.0
221,1788869050.5040054,detect/component_0,1.0836303234100342
221,1788869050.5040054,detect/component_1,0.9854434728622437
221,1788869050.5040054,detect/component_2,0.0062622735276818275
221,1788869050.5040054,gradient/clipped_norm,134.04910278320312
221,1788869050.5040054,images/detect,256.0
221,1788869050.5040054,images/pose,16.0
221,1788869050.5040054,loss/backward,105.44975814819335
221,1788869050.5040054,loss/detect_mean,1.8603977262973785
221,1788869050.5040054,loss/joint_mean,1.6476524710655212
221,1788869050.5040054,loss/pose_mean,0.796671450138092
221,1788869050.5040054,lr/attention.decay,0.0
221,1788869050.5040054,lr/attention.no_decay,0.0
221,1788869050.5040054,lr/backbone.decay,0.0
221,1788869050.5040054,lr/backbone.no_decay,0.0
221,1788869050.5040054,lr/detect_head.decay,1.3288336933045356e-05
221,1788869050.5040054,lr/detect_head.no_decay,1.3288336933045356e-05
221,1788869050.5040054,lr/masf.decay,0.0
221,1788869050.5040054,lr/masf.no_decay,0.0
221,1788869050.5040054,lr/neck.decay,5.315334773218143e-06
221,1788869050.5040054,lr/neck.no_decay,5.315334773218143e-06
221,1788869050.5040054,lr/pose_head.decay,1.3288336933045356e-05
221,1788869050.5040054,lr/pose_head.no_decay,1.3288336933045356e-05
221,1788869050.5040054,pose/component_0,0.534511148929596
221,1788869050.5040054,pose/component_1,0.011391431093215942
221,1788869050.5040054,pose/component_2,0.0016481581842526793
221,1788869050.5040054,pose/component_3,0.2360650599002838
221,1788869050.5040054,pose/component_4,0.0024166179355233908
221,1788869050.5040054,pose/component_5,0.0
222,1788869051.6773884,amp/overflow_retries,0.0
222,1788869051.6773884,amp/scale,512.0
222,1788869051.6773884,detect/component_0,1.0243308544158936
222,1788869051.6773884,detect/component_1,0.9411434531211853
222,1788869051.6773884,detect/component_2,0.005846233572810888
222,1788869051.6773884,gradient/clipped_norm,140.9419403076172
222,1788869051.6773884,images/detect,256.0
222,1788869051.6773884,images/pose,16.0
222,1788869051.6773884,loss/backward,100.63133239746094
222,1788869051.6773884,loss/detect_mean,1.743663102388382
222,1788869051.6773884,loss/joint_mean,1.5723645687103271
222,1788869051.6773884,loss/pose_mean,0.8871704339981079
222,1788869051.6773884,lr/attention.decay,0.0
222,1788869051.6773884,lr/attention.no_decay,0.0
222,1788869051.6773884,lr/backbone.decay,0.0
222,1788869051.6773884,lr/backbone.no_decay,0.0
222,1788869051.6773884,lr/detect_head.decay,1.3336933045356373e-05
222,1788869051.6773884,lr/detect_head.no_decay,1.3336933045356373e-05
222,1788869051.6773884,lr/masf.decay,0.0
222,1788869051.6773884,lr/masf.no_decay,0.0
222,1788869051.6773884,lr/neck.decay,5.334773218142549e-06
222,1788869051.6773884,lr/neck.no_decay,5.334773218142549e-06
222,1788869051.6773884,lr/pose_head.decay,1.3336933045356373e-05
222,1788869051.6773884,lr/pose_head.no_decay,1.3336933045356373e-05
222,1788869051.6773884,pose/component_0,0.6384694576263428
222,1788869051.6773884,pose/component_1,0.01622205227613449
222,1788869051.6773884,pose/component_2,0.0012566584628075361
222,1788869051.6773884,pose/component_3,0.21020261943340302
222,1788869051.6773884,pose/component_4,0.0018275640904903412
222,1788869051.6773884,pose/component_5,0.0
223,1788869052.8506598,amp/overflow_retries,0.0
223,1788869052.8506598,amp/scale,512.0
223,1788869052.8506598,detect/component_0,1.0666546821594238
223,1788869052.8506598,detect/component_1,0.9477488398551941
223,1788869052.8506598,detect/component_2,0.006304954178631306
223,1788869052.8506598,gradient/clipped_norm,160.06771850585938
223,1788869052.8506598,images/detect,256.0
223,1788869052.8506598,images/pose,16.0
223,1788869052.8506598,loss/backward,107.51695251464844
223,1788869052.8506598,loss/detect_mean,1.7944875359535217
223,1788869052.8506598,loss/joint_mean,1.6799523830413818
223,1788869052.8506598,loss/pose_mean,1.2218117713928223
223,1788869052.8506598,lr/attention.decay,0.0
223,1788869052.8506598,lr/attention.no_decay,0.0
223,1788869052.8506598,lr/backbone.decay,0.0
223,1788869052.8506598,lr/backbone.no_decay,0.0
223,1788869052.8506598,lr/detect_head.decay,1.3385529157667387e-05
223,1788869052.8506598,lr/detect_head.no_decay,1.3385529157667387e-05
223,1788869052.8506598,lr/masf.decay,0.0
223,1788869052.8506598,lr/masf.no_decay,0.0
223,1788869052.8506598,lr/neck.decay,5.3542116630669545e-06
223,1788869052.8506598,lr/neck.no_decay,5.3542116630669545e-06
223,1788869052.8506598,lr/pose_head.decay,1.3385529157667387e-05
223,1788869052.8506598,lr/pose_head.no_decay,1.3385529157667387e-05
223,1788869052.8506598,pose/component_0,0.8733155131340027
223,1788869052.8506598,pose/component_1,0.018061066046357155
223,1788869052.8506598,pose/component_2,0.004879206884652376
223,1788869052.8506598,pose/component_3,0.4196229875087738
223,1788869052.8506598,pose/component_4,0.0015084146289154887
223,1788869052.8506598,pose/component_5,0.0
224,1788869054.0315704,amp/overflow_retries,0.0
224,1788869054.0315704,amp/scale,512.0
224,1788869054.0315704,detect/component_0,1.0951036214828491
224,1788869054.0315704,detect/component_1,1.0128819942474365
224,1788869054.0315704,detect/component_2,0.006027016788721085
224,1788869054.0315704,gradient/clipped_norm,140.39053344726562
224,1788869054.0315704,images/detect,256.0
224,1788869054.0315704,images/pose,16.0
224,1788869054.0315704,loss/backward,105.22921295166016
224,1788869054.0315704,loss/detect_mean,1.8462094068527222
224,1788869054.0315704,loss/joint_mean,1.64420645236969
224,1788869054.0315704,loss/pose_mean,0.836194634437561
224,1788869054.0315704,lr/attention.decay,0.0
224,1788869054.0315704,lr/attention.no_decay,0.0
224,1788869054.0315704,lr/backbone.decay,0.0
224,1788869054.0315704,lr/backbone.no_decay,0.0
224,1788869054.0315704,lr/detect_head.decay,1.3434125269978402e-05
224,1788869054.0315704,lr/detect_head.no_decay,1.3434125269978402e-05
224,1788869054.0315704,lr/masf.decay,0.0
224,1788869054.0315704,lr/masf.no_decay,0.0
224,1788869054.0315704,lr/neck.decay,5.373650107991361e-06
224,1788869054.0315704,lr/neck.no_decay,5.373650107991361e-06
224,1788869054.0315704,lr/pose_head.decay,1.3434125269978402e-05
224,1788869054.0315704,lr/pose_head.no_decay,1.3434125269978402e-05
224,1788869054.0315704,pose/component_0,0.6578254103660583
224,1788869054.0315704,pose/component_1,0.013505248352885246
224,1788869054.0315704,pose/component_2,0.000997868599370122
224,1788869054.0315704,pose/component_3,0.23314595222473145
224,1788869054.0315704,pose/component_4,0.0014638538705185056
224,1788869054.0315704,pose/component_5,0.0
225,1788869055.1939256,amp/overflow_retries,0.0
225,1788869055.1939256,amp/scale,512.0
225,1788869055.1939256,detect/component_0,1.0788929462432861
225,1788869055.1939256,detect/component_1,0.9371645450592041
225,1788869055.1939256,detect/component_2,0.006348579656332731
225,1788869055.1939256,gradient/clipped_norm,128.9608612060547
225,1788869055.1939256,images/detect,256.0
225,1788869055.1939256,images/pose,16.0
225,1788869055.1939256,loss/backward,104.4570556640625
225,1788869055.1939256,loss/detect_mean,1.8092709481716156
225,1788869055.1939256,loss/joint_mean,1.6321414947509765
225,1788869055.1939256,loss/pose_mean,0.9236236810684204
225,1788869055.1939256,lr/attention.decay,0.0
225,1788869055.1939256,lr/attention.no_decay,0.0
225,1788869055.1939256,lr/backbone.decay,0.0
225,1788869055.1939256,lr/backbone.no_decay,0.0
225,1788869055.1939256,lr/detect_head.decay,1.3482721382289418e-05
225,1788869055.1939256,lr/detect_head.no_decay,1.3482721382289418e-05
225,1788869055.1939256,lr/masf.decay,0.0
225,1788869055.1939256,lr/masf.no_decay,0.0
225,1788869055.1939256,lr/neck.decay,5.393088552915767e-06
225,1788869055.1939256,lr/neck.no_decay,5.393088552915767e-06
225,1788869055.1939256,lr/pose_head.decay,1.3482721382289418e-05
225,1788869055.1939256,lr/pose_head.no_decay,1.3482721382289418e-05
225,1788869055.1939256,pose/component_0,0.7140443921089172
225,1788869055.1939256,pose/component_1,0.007844794541597366
225,1788869055.1939256,pose/component_2,0.006968317087739706
225,1788869055.1939256,pose/component_3,0.20015409588813782
225,1788869055.1939256,pose/component_4,0.0025006504729390144
225,1788869055.1939256,pose/component_5,0.0
226,1788869056.361176,amp/overflow_retries,0.0
226,1788869056.361176,amp/scale,512.0
226,1788869056.361176,detect/component_0,1.1119296550750732
226,1788869056.361176,detect/component_1,0.960405170917511
226,1788869056.361176,detect/component_2,0.005833704490214586
226,1788869056.361176,gradient/clipped_norm,126.65260314941406
226,1788869056.361176,images/detect,256.0
226,1788869056.361176,images/pose,16.0
226,1788869056.361176,loss/backward,106.44775161743163
226,1788869056.361176,loss/detect_mean,1.8328681737184525
226,1788869056.361176,loss/joint_mean,1.6632461190223693
226,1788869056.361176,loss/pose_mean,0.9847579002380371
226,1788869056.361176,lr/attention.decay,0.0
226,1788869056.361176,lr/attention.no_decay,0.0
226,1788869056.361176,lr/backbone.decay,0.0
226,1788869056.361176,lr/backbone.no_decay,0.0
226,1788869056.361176,lr/detect_head.decay,1.3531317494600433e-05
226,1788869056.361176,lr/detect_head.no_decay,1.3531317494600433e-05
226,1788869056.361176,lr/masf.decay,0.0
226,1788869056.361176,lr/masf.no_decay,0.0
226,1788869056.361176,lr/neck.decay,5.412526997840173e-06
226,1788869056.361176,lr/neck.no_decay,5.412526997840173e-06
226,1788869056.361176,lr/pose_head.decay,1.3531317494600433e-05
226,1788869056.361176,lr/pose_head.no_decay,1.3531317494600433e-05
226,1788869056.361176,pose/component_0,0.7474416494369507
226,1788869056.361176,pose/component_1,0.02188936620950699
226,1788869056.361176,pose/component_2,0.0024916608817875385
226,1788869056.361176,pose/component_3,0.2421410083770752
226,1788869056.361176,pose/component_4,0.0019169870065525174
226,1788869056.361176,pose/component_5,0.0
227,1788869057.5439677,amp/overflow_retries,0.0
227,1788869057.5439677,amp/scale,512.0
227,1788869057.5439677,detect/component_0,1.0632373094558716
227,1788869057.5439677,detect/component_1,0.9477826356887817
227,1788869057.5439677,detect/component_2,0.006228684447705746
227,1788869057.5439677,gradient/clipped_norm,165.61849975585938
227,1788869057.5439677,images/detect,256.0
227,1788869057.5439677,images/pose,16.0
227,1788869057.5439677,loss/backward,104.78941116333007
227,1788869057.5439677,loss/detect_mean,1.809212863445282
227,1788869057.5439677,loss/joint_mean,1.6373345494270324
227,1788869057.5439677,loss/pose_mean,0.9498212933540344
227,1788869057.5439677,lr/attention.decay,0.0
227,1788869057.5439677,lr/attention.no_decay,0.0
227,1788869057.5439677,lr/backbone.decay,0.0
227,1788869057.5439677,lr/backbone.no_decay,0.0
227,1788869057.5439677,lr/detect_head.decay,1.3579913606911449e-05
227,1788869057.5439677,lr/detect_head.no_decay,1.3579913606911449e-05
227,1788869057.5439677,lr/masf.decay,0.0
227,1788869057.5439677,lr/masf.no_decay,0.0
227,1788869057.5439677,lr/neck.decay,5.43196544276458e-06
227,1788869057.5439677,lr/neck.no_decay,5.43196544276458e-06
227,1788869057.5439677,lr/pose_head.decay,1.3579913606911449e-05
227,1788869057.5439677,lr/pose_head.no_decay,1.3579913606911449e-05
227,1788869057.5439677,pose/component_0,0.7349585294723511
227,1788869057.5439677,pose/component_1,0.008483847603201866
227,1788869057.5439677,pose/component_2,0.010481362231075764
227,1788869057.5439677,pose/component_3,0.21897222101688385
227,1788869057.5439677,pose/component_4,0.0015516778221353889
227,1788869057.5439677,pose/component_5,0.0
228,1788869058.7058527,amp/overflow_retries,0.0
228,1788869058.7058527,amp/scale,512.0
228,1788869058.7058527,detect/component_0,1.059656023979187
228,1788869058.7058527,detect/component_1,0.9572440385818481
228,1788869058.7058527,detect/component_2,0.005918426439166069
228,1788869058.7058527,gradient/clipped_norm,119.45381927490234
228,1788869058.7058527,images/detect,256.0
228,1788869058.7058527,images/pose,16.0
228,1788869058.7058527,loss/backward,100.51860275268555
228,1788869058.7058527,loss/detect_mean,1.7874198108911514
228,1788869058.7058527,loss/joint_mean,1.5706031680107118
228,1788869058.7058527,loss/pose_mean,0.7033365964889526
228,1788869058.7058527,lr/attention.decay,0.0
228,1788869058.7058527,lr/attention.no_decay,0.0
228,1788869058.7058527,lr/backbone.decay,0.0
228,1788869058.7058527,lr/backbone.no_decay,0.0
228,1788869058.7058527,lr/detect_head.decay,1.3628509719222463e-05
228,1788869058.7058527,lr/detect_head.no_decay,1.3628509719222463e-05
228,1788869058.7058527,lr/masf.decay,0.0
228,1788869058.7058527,lr/masf.no_decay,0.0
228,1788869058.7058527,lr/neck.decay,5.451403887688985e-06
228,1788869058.7058527,lr/neck.no_decay,5.451403887688985e-06
228,1788869058.7058527,lr/pose_head.decay,1.3628509719222463e-05
228,1788869058.7058527,lr/pose_head.no_decay,1.3628509719222463e-05
228,1788869058.7058527,pose/component_0,0.45591244101524353
228,1788869058.7058527,pose/component_1,0.006933731958270073
228,1788869058.7058527,pose/component_2,0.0013064717641100287
228,1788869058.7058527,pose/component_3,0.22219449281692505
228,1788869058.7058527,pose/component_4,0.00163710443302989
228,1788869058.7058527,pose/component_5,0.0
229,1788869059.872865,amp/overflow_retries,0.0
229,1788869059.872865,amp/scale,512.0
229,1788869059.872865,detect/component_0,1.0460243225097656
229,1788869059.872865,detect/component_1,0.9602384567260742
229,1788869059.872865,detect/component_2,0.006599406246095896
229,1788869059.872865,gradient/clipped_norm,138.62159729003906
229,1788869059.872865,images/detect,256.0
229,1788869059.872865,images/pose,16.0
229,1788869059.872865,loss/backward,103.6182960510254
229,1788869059.872865,loss/detect_mean,1.8006312251091003
229,1788869059.872865,loss/joint_mean,1.6190358757972718
229,1788869059.872865,loss/pose_mean,0.8926544785499573
229,1788869059.872865,lr/attention.decay,0.0
229,1788869059.872865,lr/attention.no_decay,0.0
229,1788869059.872865,lr/backbone.decay,0.0
229,1788869059.872865,lr/backbone.no_decay,0.0
229,1788869059.872865,lr/detect_head.decay,1.3677105831533476e-05
229,1788869059.872865,lr/detect_head.no_decay,1.3677105831533476e-05
229,1788869059.872865,lr/masf.decay,0.0
229,1788869059.872865,lr/masf.no_decay,0.0
229,1788869059.872865,lr/neck.decay,5.470842332613391e-06
229,1788869059.872865,lr/neck.no_decay,5.470842332613391e-06
229,1788869059.872865,lr/pose_head.decay,1.3677105831533476e-05
229,1788869059.872865,lr/pose_head.no_decay,1.3677105831533476e-05
229,1788869059.872865,pose/component_0,0.6580192446708679
229,1788869059.872865,pose/component_1,0.011645158752799034
229,1788869059.872865,pose/component_2,0.013312924653291702
229,1788869059.872865,pose/component_3,0.1988174468278885
229,1788869059.872865,pose/component_4,0.003210859140381217
229,1788869059.872865,pose/component_5,0.0
230,1788869061.0399947,amp/overflow_retries,0.0
230,1788869061.0399947,amp/scale,512.0
230,1788869061.0399947,detect/component_0,1.008590817451477
230,1788869061.0399947,detect/component_1,0.8550536036491394
230,1788869061.0399947,detect/component_2,0.00626563373953104
230,1788869061.0399947,gradient/clipped_norm,126.67342376708984
230,1788869061.0399947,images/detect,256.0
230,1788869061.0399947,images/pose,16.0
230,1788869061.0399947,loss/backward,95.19347229003907
230,1788869061.0399947,loss/detect_mean,1.673111081123352
230,1788869061.0399947,loss/joint_mean,1.4873980045318604
230,1788869061.0399947,loss/pose_mean,0.7445456981658936
230,1788869061.0399947,lr/attention.decay,0.0
230,1788869061.0399947,lr/attention.no_decay,0.0
230,1788869061.0399947,lr/backbone.decay,0.0
230,1788869061.0399947,lr/backbone.no_decay,0.0
230,1788869061.0399947,lr/detect_head.decay,1.3725701943844494e-05
230,1788869061.0399947,lr/detect_head.no_decay,1.3725701943844494e-05
230,1788869061.0399947,lr/masf.decay,0.0
230,1788869061.0399947,lr/masf.no_decay,0.0
230,1788869061.0399947,lr/neck.decay,5.490280777537797e-06
230,1788869061.0399947,lr/neck.no_decay,5.490280777537797e-06
230,1788869061.0399947,lr/pose_head.decay,1.3725701943844494e-05
230,1788869061.0399947,lr/pose_head.no_decay,1.3725701943844494e-05
230,1788869061.0399947,pose/component_0,0.5154799222946167
230,1788869061.0399947,pose/component_1,0.005589621607214212
230,1788869061.0399947,pose/component_2,0.004943231586366892
230,1788869061.0399947,pose/component_3,0.21967002749443054
230,1788869061.0399947,pose/component_4,0.0017760563641786575
230,1788869061.0399947,pose/component_5,0.0
231,1788869062.2176702,amp/overflow_retries,0.0
231,1788869062.2176702,amp/scale,512.0
231,1788869062.2176702,detect/component_0,1.088097333908081
231,1788869062.2176702,detect/component_1,0.8810843825340271
231,1788869062.2176702,detect/component_2,0.00601174496114254
231,1788869062.2176702,gradient/clipped_norm,136.08401489257812
231,1788869062.2176702,images/detect,256.0
231,1788869062.2176702,images/pose,16.0
231,1788869062.2176702,loss/backward,103.72813262939454
231,1788869062.2176702,loss/detect_mean,1.7586091756820679
231,1788869062.2176702,loss/joint_mean,1.6207520723342896
231,1788869062.2176702,loss/pose_mean,1.0693236589431763
231,1788869062.2176702,lr/attention.decay,0.0
231,1788869062.2176702,lr/attention.no_decay,0.0
231,1788869062.2176702,lr/backbone.decay,0.0
231,1788869062.2176702,lr/backbone.no_decay,0.0
231,1788869062.2176702,lr/detect_head.decay,1.3774298056155507e-05
231,1788869062.2176702,lr/detect_head.no_decay,1.3774298056155507e-05
231,1788869062.2176702,lr/masf.decay,0.0
231,1788869062.2176702,lr/masf.no_decay,0.0
231,1788869062.2176702,lr/neck.decay,5.5097192224622034e-06
231,1788869062.2176702,lr/neck.no_decay,5.5097192224622034e-06
231,1788869062.2176702,lr/pose_head.decay,1.3774298056155507e-05
231,1788869062.2176702,lr/pose_head.no_decay,1.3774298056155507e-05
231,1788869062.2176702,pose/component_0,0.7688931822776794
231,1788869062.2176702,pose/component_1,0.01713682897388935
231,1788869062.2176702,pose/component_2,0.0022568623535335064
231,1788869062.2176702,pose/component_3,0.29141879081726074
231,1788869062.2176702,pose/component_4,0.0018013464286923409
231,1788869062.2176702,pose/component_5,0.0
232,1788869063.3944128,amp/overflow_retries,0.0
232,1788869063.3944128,amp/scale,512.0
232,1788869063.3944128,detect/component_0,1.1059068441390991
232,1788869063.3944128,detect/component_1,0.9952535629272461
232,1788869063.3944128,detect/component_2,0.0064421663992106915
232,1788869063.3944128,gradient/clipped_norm,149.8932647705078
232,1788869063.3944128,images/detect,256.0
232,1788869063.3944128,images/pose,16.0
232,1788869063.3944128,loss/backward,109.01703262329102
232,1788869063.3944128,loss/detect_mean,1.873622253537178
232,1788869063.3944128,loss/joint_mean,1.7033911347389221
232,1788869063.3944128,loss/pose_mean,1.0224666595458984
232,1788869063.3944128,lr/attention.decay,0.0
232,1788869063.3944128,lr/attention.no_decay,0.0
232,1788869063.3944128,lr/backbone.decay,0.0
232,1788869063.3944128,lr/backbone.no_decay,0.0
232,1788869063.3944128,lr/detect_head.decay,1.3822894168466525e-05
232,1788869063.3944128,lr/detect_head.no_decay,1.3822894168466525e-05
232,1788869063.3944128,lr/masf.decay,0.0
232,1788869063.3944128,lr/masf.no_decay,0.0
232,1788869063.3944128,lr/neck.decay,5.52915766738661e-06
232,1788869063.3944128,lr/neck.no_decay,5.52915766738661e-06
232,1788869063.3944128,lr/pose_head.decay,1.3822894168466525e-05
232,1788869063.3944128,lr/pose_head.no_decay,1.3822894168466525e-05
232,1788869063.3944128,pose/component_0,0.7041197419166565
232,1788869063.3944128,pose/component_1,0.011846592649817467
232,1788869063.3944128,pose/component_2,0.017919419333338737
232,1788869063.3944128,pose/component_3,0.2910410165786743
232,1788869063.3944128,pose/component_4,0.0017544012516736984
232,1788869063.3944128,pose/component_5,0.0
233,1788869064.5538192,amp/overflow_retries,0.0
233,1788869064.5538192,amp/scale,512.0
233,1788869064.5538192,detect/component_0,1.0177007913589478
233,1788869064.5538192,detect/component_1,0.9174256324768066
233,1788869064.5538192,detect/component_2,0.0065306685864925385
233,1788869064.5538192,gradient/clipped_norm,150.67398071289062
233,1788869064.5538192,images/detect,256.0
233,1788869064.5538192,images/pose,16.0
233,1788869064.5538192,loss/backward,101.01863327026368
233,1788869064.5538192,loss/detect_mean,1.7518277615308762
233,1788869064.5538192,loss/joint_mean,1.57841614484787
233,1788869064.5538192,loss/pose_mean,0.8847696781158447
233,1788869064.5538192,lr/attention.decay,0.0
233,1788869064.5538192,lr/attention.no_decay,0.0
233,1788869064.5538192,lr/backbone.decay,0.0
233,1788869064.5538192,lr/backbone.no_decay,0.0
233,1788869064.5538192,lr/detect_head.decay,1.3871490280777538e-05
233,1788869064.5538192,lr/detect_head.no_decay,1.3871490280777538e-05
233,1788869064.5538192,lr/masf.decay,0.0
233,1788869064.5538192,lr/masf.no_decay,0.0
233,1788869064.5538192,lr/neck.decay,5.548596112311015e-06
233,1788869064.5538192,lr/neck.no_decay,5.548596112311015e-06
233,1788869064.5538192,lr/pose_head.decay,1.3871490280777538e-05
233,1788869064.5538192,lr/pose_head.no_decay,1.3871490280777538e-05
233,1788869064.5538192,pose/component_0,0.6821671724319458
233,1788869064.5538192,pose/component_1,0.013521943241357803
233,1788869064.5538192,pose/component_2,0.0023129871115088463
233,1788869064.5538192,pose/component_3,0.2024146467447281
233,1788869064.5538192,pose/component_4,0.002111432608217001
233,1788869064.5538192,pose/component_5,0.0
234,1788869065.7341783,amp/overflow_retries,0.0
234,1788869065.7341783,amp/scale,512.0
234,1788869065.7341783,detect/component_0,1.0533273220062256
234,1788869065.7341783,detect/component_1,0.9742321372032166
234,1788869065.7341783,detect/component_2,0.006347111891955137
234,1788869065.7341783,gradient/clipped_norm,149.5112762451172
234,1788869065.7341783,images/detect,256.0
234,1788869065.7341783,images/pose,16.0
234,1788869065.7341783,loss/backward,105.62935256958008
234,1788869065.7341783,loss/detect_mean,1.8060462921857834
234,1788869065.7341783,loss/joint_mean,1.6504586338996887
234,1788869065.7341783,loss/pose_mean,1.02810800075531
234,1788869065.7341783,lr/attention.decay,0.0
234,1788869065.7341783,lr/attention.no_decay,0.0
234,1788869065.7341783,lr/backbone.decay,0.0
234,1788869065.7341783,lr/backbone.no_decay,0.0
234,1788869065.7341783,lr/detect_head.decay,1.3920086393088556e-05
234,1788869065.7341783,lr/detect_head.no_decay,1.3920086393088556e-05
234,1788869065.7341783,lr/masf.decay,0.0
234,1788869065.7341783,lr/masf.no_decay,0.0
234,1788869065.7341783,lr/neck.decay,5.568034557235422e-06
234,1788869065.7341783,lr/neck.no_decay,5.568034557235422e-06
234,1788869065.7341783,lr/pose_head.decay,1.3920086393088556e-05
234,1788869065.7341783,lr/pose_head.no_decay,1.3920086393088556e-05
234,1788869065.7341783,pose/component_0,0.7482277154922485
234,1788869065.7341783,pose/component_1,0.013371668756008148
234,1788869065.7341783,pose/component_2,0.004564858041703701
234,1788869065.7341783,pose/component_3,0.26467081904411316
234,1788869065.7341783,pose/component_4,0.0016363952308893204
234,1788869065.7341783,pose/component_5,0.0
235,1788869066.9013543,amp/overflow_retries,0.0
235,1788869066.9013543,amp/scale,512.0
235,1788869066.9013543,detect/component_0,1.04563570022583
235,1788869066.9013543,detect/component_1,0.9151806831359863
235,1788869066.9013543,detect/component_2,0.006270956248044968
235,1788869066.9013543,gradient/clipped_norm,139.87416076660156
235,1788869066.9013543,images/detect,256.0
235,1788869066.9013543,images/pose,16.0
235,1788869066.9013543,loss/backward,102.28351135253907
235,1788869066.9013543,loss/detect_mean,1.7570923417806625
235,1788869066.9013543,loss/joint_mean,1.598179864883423
235,1788869066.9013543,loss/pose_mean,0.9625299572944641
235,1788869066.9013543,lr/attention.decay,0.0
235,1788869066.9013543,lr/attention.no_decay,0.0
235,1788869066.9013543,lr/backbone.decay,0.0
235,1788869066.9013543,lr/backbone.no_decay,0.0
235,1788869066.9013543,lr/detect_head.decay,1.3968682505399568e-05
235,1788869066.9013543,lr/detect_head.no_decay,1.3968682505399568e-05
235,1788869066.9013543,lr/masf.decay,0.0
235,1788869066.9013543,lr/masf.no_decay,0.0
235,1788869066.9013543,lr/neck.decay,5.587473002159828e-06
235,1788869066.9013543,lr/neck.no_decay,5.587473002159828e-06
235,1788869066.9013543,lr/pose_head.decay,1.3968682505399568e-05
235,1788869066.9013543,lr/pose_head.no_decay,1.3968682505399568e-05
235,1788869066.9013543,pose/component_0,0.6846883893013
235,1788869066.9013543,pose/component_1,0.012691531330347061
235,1788869066.9013543,pose/component_2,0.005016467068344355
235,1788869066.9013543,pose/component_3,0.269123911857605
235,1788869066.9013543,pose/component_4,0.0016423307824879885
235,1788869066.9013543,pose/component_5,0.0
236,1788869068.067446,amp/overflow_retries,0.0
236,1788869068.067446,amp/scale,512.0
236,1788869068.067446,detect/component_0,1.069319725036621
236,1788869068.067446,detect/component_1,0.921381413936615
236,1788869068.067446,detect/component_2,0.006197734270244837
236,1788869068.067446,gradient/clipped_norm,142.5708770751953
236,1788869068.067446,images/detect,256.0
236,1788869068.067446,images/pose,16.0
236,1788869068.067446,loss/backward,106.25573043823242
236,1788869068.067446,loss/detect_mean,1.7791336625814438
236,1788869068.067446,loss/joint_mean,1.6602457880973815
236,1788869068.067446,loss/pose_mean,1.1846942901611328
236,1788869068.067446,lr/attention.decay,0.0
236,1788869068.067446,lr/attention.no_decay,0.0
236,1788869068.067446,lr/backbone.decay,0.0
236,1788869068.067446,lr/backbone.no_decay,0.0
236,1788869068.067446,lr/detect_head.decay,1.4017278617710586e-05
236,1788869068.067446,lr/detect_head.no_decay,1.4017278617710586e-05
236,1788869068.067446,lr/masf.decay,0.0
236,1788869068.067446,lr/masf.no_decay,0.0
236,1788869068.067446,lr/neck.decay,5.606911447084234e-06
236,1788869068.067446,lr/neck.no_decay,5.606911447084234e-06
236,1788869068.067446,lr/pose_head.decay,1.4017278617710586e-05
236,1788869068.067446,lr/pose_head.no_decay,1.4017278617710586e-05
236,1788869068.067446,pose/component_0,0.7652910947799683
236,1788869068.067446,pose/component_1,0.048877812922000885
236,1788869068.067446,pose/component_2,0.04937511682510376
236,1788869068.067446,pose/component_3,0.47447896003723145
236,1788869068.067446,pose/component_4,0.0025407131761312485
236,1788869068.067446,pose/component_5,0.0
237,1788869069.2416086,amp/overflow_retries,0.0
237,1788869069.2416086,amp/scale,512.0
237,1788869069.2416086,detect/component_0,1.1008877754211426
237,1788869069.2416086,detect/component_1,0.9841771721839905
237,1788869069.2416086,detect/component_2,0.006109677255153656
237,1788869069.2416086,gradient/clipped_norm,138.54112243652344
237,1788869069.2416086,images/detect,256.0
237,1788869069.2416086,images/pose,16.0
237,1788869069.2416086,loss/backward,105.53542709350586
237,1788869069.2416086,loss/detect_mean,1.863645300269127
237,1788869069.2416086,loss/joint_mean,1.648991048336029
237,1788869069.2416086,loss/pose_mean,0.7903740406036377
237,1788869069.2416086,lr/attention.decay,0.0
237,1788869069.2416086,lr/attention.no_decay,0.0
237,1788869069.2416086,lr/backbone.decay,0.0
237,1788869069.2416086,lr/backbone.no_decay,0.0
237,1788869069.2416086,lr/detect_head.decay,1.40658747300216e-05
237,1788869069.2416086,lr/detect_head.no_decay,1.40658747300216e-05
237,1788869069.2416086,lr/masf.decay,0.0
237,1788869069.2416086,lr/masf.no_decay,0.0
237,1788869069.2416086,lr/neck.decay,5.6263498920086405e-06
237,1788869069.2416086,lr/neck.no_decay,5.6263498920086405e-06
237,1788869069.2416086,lr/pose_head.decay,1.40658747300216e-05
237,1788869069.2416086,lr/pose_head.no_decay,1.40658747300216e-05
237,1788869069.2416086,pose/component_0,0.5283860564231873
237,1788869069.2416086,pose/component_1,0.008468644693493843
237,1788869069.2416086,pose/component_2,0.0014321941416710615
237,1788869069.2416086,pose/component_3,0.2830387353897095
237,1788869069.2416086,pose/component_4,0.0016590948216617107
237,1788869069.2416086,pose/component_5,0.0
238,1788869070.4259443,amp/overflow_retries,0.0
238,1788869070.4259443,amp/scale,512.0
238,1788869070.4259443,detect/component_0,1.0112460851669312
238,1788869070.4259443,detect/component_1,0.9293278455734253
238,1788869070.4259443,detect/component_2,0.006262036971747875
238,1788869070.4259443,gradient/clipped_norm,124.58200073242188
238,1788869070.4259443,images/detect,256.0
238,1788869070.4259443,images/pose,16.0
238,1788869070.4259443,loss/backward,103.63095779418946
238,1788869070.4259443,loss/detect_mean,1.7574887424707413
238,1788869070.4259443,loss/joint_mean,1.6192337155342102
238,1788869070.4259443,loss/pose_mean,1.066213607788086
238,1788869070.4259443,lr/attention.decay,0.0
238,1788869070.4259443,lr/attention.no_decay,0.0
238,1788869070.4259443,lr/backbone.decay,0.0
238,1788869070.4259443,lr/backbone.no_decay,0.0
238,1788869070.4259443,lr/detect_head.decay,1.4114470842332617e-05
238,1788869070.4259443,lr/detect_head.no_decay,1.4114470842332617e-05
238,1788869070.4259443,lr/masf.decay,0.0
238,1788869070.4259443,lr/masf.no_decay,0.0
238,1788869070.4259443,lr/neck.decay,5.645788336933047e-06
238,1788869070.4259443,lr/neck.no_decay,5.645788336933047e-06
238,1788869070.4259443,lr/pose_head.decay,1.4114470842332617e-05
238,1788869070.4259443,lr/pose_head.no_decay,1.4114470842332617e-05
238,1788869070.4259443,pose/component_0,0.7722944021224976
238,1788869070.4259443,pose/component_1,0.010850310325622559
238,1788869070.4259443,pose/component_2,0.026024185121059418
238,1788869070.4259443,pose/component_3,0.2622300386428833
238,1788869070.4259443,pose/component_4,0.002652959432452917
238,1788869070.4259443,pose/component_5,0.0
239,1788869071.6035078,amp/overflow_retries,0.0
239,1788869071.6035078,amp/scale,512.0
239,1788869071.6035078,detect/component_0,0.9995036721229553
239,1788869071.6035078,detect/component_1,0.918811023235321
239,1788869071.6035078,detect/component_2,0.0066348533146083355
239,1788869071.6035078,gradient/clipped_norm,138.71371459960938
239,1788869071.6035078,images/detect,256.0
239,1788869071.6035078,images/pose,16.0
239,1788869071.6035078,loss/backward,99.81456756591797
239,1788869071.6035078,loss/detect_mean,1.7136926651000977
239,1788869071.6035078,loss/joint_mean,1.5596026182174683
239,1788869071.6035078,loss/pose_mean,0.9432424306869507
239,1788869071.6035078,lr/attention.decay,0.0
239,1788869071.6035078,lr/attention.no_decay,0.0
239,1788869071.6035078,lr/backbone.decay,0.0
239,1788869071.6035078,lr/backbone.no_decay,0.0
239,1788869071.6035078,lr/detect_head.decay,1.416306695464363e-05
239,1788869071.6035078,lr/detect_head.no_decay,1.416306695464363e-05
239,1788869071.6035078,lr/masf.decay,0.0
239,1788869071.6035078,lr/masf.no_decay,0.0
239,1788869071.6035078,lr/neck.decay,5.665226781857452e-06
239,1788869071.6035078,lr/neck.no_decay,5.665226781857452e-06
239,1788869071.6035078,lr/pose_head.decay,1.416306695464363e-05
239,1788869071.6035078,lr/pose_head.no_decay,1.416306695464363e-05
239,1788869071.6035078,pose/component_0,0.7590211033821106
239,1788869071.6035078,pose/component_1,0.03176987171173096
239,1788869071.6035078,pose/component_2,0.003312744665890932
239,1788869071.6035078,pose/component_3,0.2588850259780884
239,1788869071.6035078,pose/component_4,0.0018143904162570834
239,1788869071.6035078,pose/component_5,0.0
240,1788869072.7657754,amp/overflow_retries,0.0
240,1788869072.7657754,amp/scale,512.0
240,1788869072.7657754,detect/component_0,1.0404565334320068
240,1788869072.7657754,detect/component_1,0.9509943723678589
240,1788869072.7657754,detect/component_2,0.00623046699911356
240,1788869072.7657754,gradient/clipped_norm,133.46339416503906
240,1788869072.7657754,images/detect,256.0
240,1788869072.7657754,images/pose,16.0
240,1788869072.7657754,loss/backward,104.53025665283204
240,1788869072.7657754,loss/detect_mean,1.7760535180568695
240,1788869072.7657754,loss/joint_mean,1.6332852602005006
240,1788869072.7657754,loss/pose_mean,1.0622122287750244
240,1788869072.7657754,lr/attention.decay,0.0
240,1788869072.7657754,lr/attention.no_decay,0.0
240,1788869072.7657754,lr/backbone.decay,0.0
240,1788869072.7657754,lr/backbone.no_decay,0.0
240,1788869072.7657754,lr/detect_head.decay,1.4211663066954645e-05
240,1788869072.7657754,lr/detect_head.no_decay,1.4211663066954645e-05
240,1788869072.7657754,lr/masf.decay,0.0
240,1788869072.7657754,lr/masf.no_decay,0.0
240,1788869072.7657754,lr/neck.decay,5.684665226781858e-06
240,1788869072.7657754,lr/neck.no_decay,5.684665226781858e-06
240,1788869072.7657754,lr/pose_head.decay,1.4211663066954645e-05
240,1788869072.7657754,lr/pose_head.no_decay,1.4211663066954645e-05
240,1788869072.7657754,pose/component_0,0.7570244669914246
240,1788869072.7657754,pose/component_1,0.0071294112130999565
240,1788869072.7657754,pose/component_2,0.0025484836660325527
240,1788869072.7657754,pose/component_3,0.3149600625038147
240,1788869072.7657754,pose/component_4,0.002039708662778139
240,1788869072.7657754,pose/component_5,0.0
241,1788869073.9327278,amp/overflow_retries,0.0
241,1788869073.9327278,amp/scale,512.0
241,1788869073.9327278,detect/component_0,1.094688057899475
241,1788869073.9327278,detect/component_1,0.9554252028465271
241,1788869073.9327278,detect/component_2,0.005861499346792698
241,1788869073.9327278,gradient/clipped_norm,130.73236083984375
241,1788869073.9327278,images/detect,256.0
241,1788869073.9327278,images/pose,16.0
241,1788869073.9327278,loss/backward,106.32440948486328
241,1788869073.9327278,loss/detect_mean,1.8264832496643066
241,1788869073.9327278,loss/joint_mean,1.6613188982009888
241,1788869073.9327278,loss/pose_mean,1.0006614923477173
241,1788869073.9327278,lr/attention.decay,0.0
241,1788869073.9327278,lr/attention.no_decay,0.0
241,1788869073.9327278,lr/backbone.decay,0.0
241,1788869073.9327278,lr/backbone.no_decay,0.0
241,1788869073.9327278,lr/detect_head.decay,1.4260259179265659e-05
241,1788869073.9327278,lr/detect_head.no_decay,1.4260259179265659e-05
241,1788869073.9327278,lr/masf.decay,0.0
241,1788869073.9327278,lr/masf.no_decay,0.0
241,1788869073.9327278,lr/neck.decay,5.704103671706263e-06
241,1788869073.9327278,lr/neck.no_decay,5.704103671706263e-06
241,1788869073.9327278,lr/pose_head.decay,1.4260259179265659e-05
241,1788869073.9327278,lr/pose_head.no_decay,1.4260259179265659e-05
241,1788869073.9327278,pose/component_0,0.7146004438400269
241,1788869073.9327278,pose/component_1,0.019994398579001427
241,1788869073.9327278,pose/component_2,0.002523606177419424
241,1788869073.9327278,pose/component_3,0.33169957995414734
241,1788869073.9327278,pose/component_4,0.002292551565915346
241,1788869073.9327278,pose/component_5,0.0
242,1788869075.102437,amp/overflow_retries,0.0
242,1788869075.102437,amp/scale,512.0
242,1788869075.102437,detect/component_0,1.0949589014053345
242,1788869075.102437,detect/component_1,0.9601943492889404
242,1788869075.102437,detect/component_2,0.006310878787189722
242,1788869075.102437,gradient/clipped_norm,128.8265838623047
242,1788869075.102437,images/detect,256.0
242,1788869075.102437,images/pose,16.0
242,1788869075.102437,loss/backward,104.3938606262207
242,1788869075.102437,loss/detect_mean,1.8333847671747208
242,1788869075.102437,loss/joint_mean,1.6311540722846984
242,1788869075.102437,loss/pose_mean,0.8222312927246094
242,1788869075.102437,lr/attention.decay,0.0
242,1788869075.102437,lr/attention.no_decay,0.0
242,1788869075.102437,lr/backbone.decay,0.0
242,1788869075.102437,lr/backbone.no_decay,0.0
242,1788869075.102437,lr/detect_head.decay,1.4308855291576675e-05
242,1788869075.102437,lr/detect_head.no_decay,1.4308855291576675e-05
242,1788869075.102437,lr/masf.decay,0.0
242,1788869075.102437,lr/masf.no_decay,0.0
242,1788869075.102437,lr/neck.decay,5.7235421166306705e-06
242,1788869075.102437,lr/neck.no_decay,5.7235421166306705e-06
242,1788869075.102437,lr/pose_head.decay,1.4308855291576675e-05
242,1788869075.102437,lr/pose_head.no_decay,1.4308855291576675e-05
242,1788869075.102437,pose/component_0,0.5303663015365601
242,1788869075.102437,pose/component_1,0.00747681874781847
242,1788869075.102437,pose/component_2,0.0010374715784564614
242,1788869075.102437,pose/component_3,0.25719502568244934
242,1788869075.102437,pose/component_4,0.0016584615223109722
242,1788869075.102437,pose/component_5,0.0
243,1788869076.278189,amp/overflow_retries,0.0
243,1788869076.278189,amp/scale,512.0
243,1788869076.278189,detect/component_0,1.061023473739624
243,1788869076.278189,detect/component_1,0.9634028673171997
243,1788869076.278189,detect/component_2,0.006750083528459072
243,1788869076.278189,gradient/clipped_norm,146.80039978027344
243,1788869076.278189,images/detect,256.0
243,1788869076.278189,images/pose,16.0
243,1788869076.278189,loss/backward,107.7649658203125
243,1788869076.278189,loss/detect_mean,1.8218746185302734
243,1788869076.278189,loss/joint_mean,1.6838275909423828
243,1788869076.278189,loss/pose_mean,1.1316394805908203
243,1788869076.278189,lr/attention.decay,0.0
243,1788869076.278189,lr/attention.no_decay,0.0
243,1788869076.278189,lr/backbone.decay,0.0
243,1788869076.278189,lr/backbone.no_decay,0.0
243,1788869076.278189,lr/detect_head.decay,1.435745140388769e-05
243,1788869076.278189,lr/detect_head.no_decay,1.435745140388769e-05
243,1788869076.278189,lr/masf.decay,0.0
243,1788869076.278189,lr/masf.no_decay,0.0
243,1788869076.278189,lr/neck.decay,5.742980561555076e-06
243,1788869076.278189,lr/neck.no_decay,5.742980561555076e-06
243,1788869076.278189,lr/pose_head.decay,1.435745140388769e-05
243,1788869076.278189,lr/pose_head.no_decay,1.435745140388769e-05
243,1788869076.278189,pose/component_0,0.7950972318649292
243,1788869076.278189,pose/component_1,0.01085110753774643
243,1788869076.278189,pose/component_2,0.030201241374015808
243,1788869076.278189,pose/component_3,0.3268800377845764
243,1788869076.278189,pose/component_4,0.003847331739962101
243,1788869076.278189,pose/component_5,0.0
244,1788869077.4504611,amp/overflow_retries,0.0
244,1788869077.4504611,amp/scale,512.0
244,1788869077.4504611,detect/component_0,1.044577956199646
244,1788869077.4504611,detect/component_1,0.9607102870941162
244,1788869077.4504611,detect/component_2,0.007092944346368313
244,1788869077.4504611,gradient/clipped_norm,176.27166748046875
244,1788869077.4504611,images/detect,256.0
244,1788869077.4504611,images/pose,16.0
244,1788869077.4504611,loss/backward,106.74258270263672
244,1788869077.4504611,loss/detect_mean,1.8066039085388184
244,1788869077.4504611,loss/joint_mean,1.6678528547286988
244,1788869077.4504611,loss/pose_mean,1.1128486394882202
244,1788869077.4504611,lr/attention.decay,0.0
244,1788869077.4504611,lr/attention.no_decay,0.0
244,1788869077.4504611,lr/backbone.decay,0.0
244,1788869077.4504611,lr/backbone.no_decay,0.0
244,1788869077.4504611,lr/detect_head.decay,1.4406047516198706e-05
244,1788869077.4504611,lr/detect_head.no_decay,1.4406047516198706e-05
244,1788869077.4504611,lr/masf.decay,0.0
244,1788869077.4504611,lr/masf.no_decay,0.0
244,1788869077.4504611,lr/neck.decay,5.762419006479483e-06
244,1788869077.4504611,lr/neck.no_decay,5.762419006479483e-06
244,1788869077.4504611,lr/pose_head.decay,1.4406047516198706e-05
244,1788869077.4504611,lr/pose_head.no_decay,1.4406047516198706e-05
244,1788869077.4504611,pose/component_0,0.7839404344558716
244,1788869077.4504611,pose/component_1,0.011758645065128803
244,1788869077.4504611,pose/component_2,0.0012534074485301971
244,1788869077.4504611,pose/component_3,0.3406185209751129
244,1788869077.4504611,pose/component_4,0.0034673605114221573
244,1788869077.4504611,pose/component_5,0.0
245,1788869078.617656,amp/overflow_retries,0.0
245,1788869078.617656,amp/scale,512.0
245,1788869078.617656,detect/component_0,1.0157643556594849
245,1788869078.617656,detect/component_1,0.9310494661331177
245,1788869078.617656,detect/component_2,0.006132214795798063
245,1788869078.617656,gradient/clipped_norm,131.7548828125
245,1788869078.617656,images/detect,256.0
245,1788869078.617656,images/pose,16.0
245,1788869078.617656,loss/backward,103.73875579833984
245,1788869078.617656,loss/detect_mean,1.735229879617691
245,1788869078.617656,loss/joint_mean,1.62091805934906
245,1788869078.617656,loss/pose_mean,1.1636707782745361
245,1788869078.617656,lr/attention.decay,0.0
245,1788869078.617656,lr/attention.no_decay,0.0
245,1788869078.617656,lr/backbone.decay,0.0
245,1788869078.617656,lr/backbone.no_decay,0.0
245,1788869078.617656,lr/detect_head.decay,1.445464362850972e-05
245,1788869078.617656,lr/detect_head.no_decay,1.445464362850972e-05
245,1788869078.617656,lr/masf.decay,0.0
245,1788869078.617656,lr/masf.no_decay,0.0
245,1788869078.617656,lr/neck.decay,5.781857451403889e-06
245,1788869078.617656,lr/neck.no_decay,5.781857451403889e-06
245,1788869078.617656,lr/pose_head.decay,1.445464362850972e-05
245,1788869078.617656,lr/pose_head.no_decay,1.445464362850972e-05
245,1788869078.617656,pose/component_0,0.861728847026825
245,1788869078.617656,pose/component_1,0.010963218286633492
245,1788869078.617656,pose/component_2,0.04077025130391121
245,1788869078.617656,pose/component_3,0.3250865042209625
245,1788869078.617656,pose/component_4,0.00220380537211895
245,1788869078.617656,pose/component_5,0.0
246,1788869079.7900562,amp/overflow_retries,0.0
246,1788869079.7900562,amp/scale,512.0
246,1788869079.7900562,detect/component_0,1.0918852090835571
246,1788869079.7900562,detect/component_1,0.9620691537857056
246,1788869079.7900562,detect/component_2,0.006147928070276976
246,1788869079.7900562,gradient/clipped_norm,149.38626098632812
246,1788869079.7900562,images/detect,256.0
246,1788869079.7900562,images/pose,16.0
246,1788869079.7900562,loss/backward,104.98379440307617
246,1788869079.7900562,loss/detect_mean,1.8320961743593216
246,1788869079.7900562,loss/joint_mean,1.6403717875480652
246,1788869079.7900562,loss/pose_mean,0.8734742403030396
246,1788869079.7900562,lr/attention.decay,0.0
246,1788869079.7900562,lr/attention.no_decay,0.0
246,1788869079.7900562,lr/backbone.decay,0.0
246,1788869079.7900562,lr/backbone.no_decay,0.0
246,1788869079.7900562,lr/detect_head.decay,1.4503239740820737e-05
246,1788869079.7900562,lr/detect_head.no_decay,1.4503239740820737e-05
246,1788869079.7900562,lr/masf.decay,0.0
246,1788869079.7900562,lr/masf.no_decay,0.0
246,1788869079.7900562,lr/neck.decay,5.801295896328295e-06
246,1788869079.7900562,lr/neck.no_decay,5.801295896328295e-06
246,1788869079.7900562,lr/pose_head.decay,1.4503239740820737e-05
246,1788869079.7900562,lr/pose_head.no_decay,1.4503239740820737e-05
246,1788869079.7900562,pose/component_0,0.5869733095169067
246,1788869079.7900562,pose/component_1,0.011640283279120922
246,1788869079.7900562,pose/component_2,0.045116495341062546
246,1788869079.7900562,pose/component_3,0.2406448870897293
246,1788869079.7900562,pose/component_4,0.0017595633398741484
246,1788869079.7900562,pose/component_5,0.0
247,1788869080.9495163,amp/overflow_retries,0.0
247,1788869080.9495163,amp/scale,512.0
247,1788869080.9495163,detect/component_0,1.077447533607483
247,1788869080.9495163,detect/component_1,0.9686277508735657
247,1788869080.9495163,detect/component_2,0.006684228777885437
247,1788869080.9495163,gradient/clipped_norm,134.51406860351562
247,1788869080.9495163,images/detect,256.0
247,1788869080.9495163,images/pose,16.0
247,1788869080.9495163,loss/backward,105.10073699951172
247,1788869080.9495163,loss/detect_mean,1.8229046165943146
247,1788869080.9495163,loss/joint_mean,1.6421990156173707
247,1788869080.9495163,loss/pose_mean,0.9193766117095947
247,1788869080.9495163,lr/attention.decay,0.0
247,1788869080.9495163,lr/attention.no_decay,0.0
247,1788869080.9495163,lr/backbone.decay,0.0
247,1788869080.9495163,lr/backbone.no_decay,0.0
247,1788869080.9495163,lr/detect_head.decay,1.4551835853131751e-05
247,1788869080.9495163,lr/detect_head.no_decay,1.4551835853131751e-05
247,1788869080.9495163,lr/masf.decay,0.0
247,1788869080.9495163,lr/masf.no_decay,0.0
247,1788869080.9495163,lr/neck.decay,5.8207343412527e-06
247,1788869080.9495163,lr/neck.no_decay,5.8207343412527e-06
247,1788869080.9495163,lr/pose_head.decay,1.4551835853131751e-05
247,1788869080.9495163,lr/pose_head.no_decay,1.4551835853131751e-05
247,1788869080.9495163,pose/component_0,0.6887944340705872
247,1788869080.9495163,pose/component_1,0.0104883573949337
247,1788869080.9495163,pose/component_2,0.0013289796188473701
247,1788869080.9495163,pose/component_3,0.19990883767604828
247,1788869080.9495163,pose/component_4,0.001712752040475607
247,1788869080.9495163,pose/component_5,0.0
248,1788869082.1295106,amp/overflow_retries,0.0
248,1788869082.1295106,amp/scale,512.0
248,1788869082.1295106,detect/component_0,1.1010022163391113
248,1788869082.1295106,detect/component_1,0.9757246971130371
248,1788869082.1295106,detect/component_2,0.006429499946534634
248,1788869082.1295106,gradient/clipped_norm,148.02340698242188
248,1788869082.1295106,images/detect,256.0
248,1788869082.1295106,images/pose,16.0
248,1788869082.1295106,loss/backward,107.71747970581055
248,1788869082.1295106,loss/detect_mean,1.855539247393608
248,1788869082.1295106,loss/joint_mean,1.6830856204032898
248,1788869082.1295106,loss/pose_mean,0.9932711124420166
248,1788869082.1295106,lr/attention.decay,0.0
248,1788869082.1295106,lr/attention.no_decay,0.0
248,1788869082.1295106,lr/backbone.decay,0.0
248,1788869082.1295106,lr/backbone.no_decay,0.0
248,1788869082.1295106,lr/detect_head.decay,1.4600431965442766e-05
248,1788869082.1295106,lr/detect_head.no_decay,1.4600431965442766e-05
248,1788869082.1295106,lr/masf.decay,0.0
248,1788869082.1295106,lr/masf.no_decay,0.0
248,1788869082.1295106,lr/neck.decay,5.840172786177106e-06
248,1788869082.1295106,lr/neck.no_decay,5.840172786177106e-06
248,1788869082.1295106,lr/pose_head.decay,1.4600431965442766e-05
248,1788869082.1295106,lr/pose_head.no_decay,1.4600431965442766e-05
248,1788869082.1295106,pose/component_0,0.7653549313545227
248,1788869082.1295106,pose/component_1,0.018981168046593666
248,1788869082.1295106,pose/component_2,0.0014220669399946928
248,1788869082.1295106,pose/component_3,0.2725192904472351
248,1788869082.1295106,pose/component_4,0.0016085579991340637
248,1788869082.1295106,pose/component_5,0.0
249,1788869083.3134997,amp/overflow_retries,0.0
249,1788869083.3134997,amp/scale,512.0
249,1788869083.3134997,detect/component_0,1.1475458145141602
249,1788869083.3134997,detect/component_1,0.9904639720916748
249,1788869083.3134997,detect/component_2,0.006207255180925131
249,1788869083.3134997,gradient/clipped_norm,116.94047546386719
249,1788869083.3134997,images/detect,256.0
249,1788869083.3134997,images/pose,16.0
249,1788869083.3134997,loss/backward,108.19819564819336
249,1788869083.3134997,loss/detect_mean,1.8900129944086075
249,1788869083.3134997,loss/joint_mean,1.6905968070030213
249,1788869083.3134997,loss/pose_mean,0.8929320573806763
249,1788869083.3134997,lr/attention.decay,0.0
249,1788869083.3134997,lr/attention.no_decay,0.0
249,1788869083.3134997,lr/backbone.decay,0.0
249,1788869083.3134997,lr/backbone.no_decay,0.0
249,1788869083.3134997,lr/detect_head.decay,1.4649028077753779e-05
249,1788869083.3134997,lr/detect_head.no_decay,1.4649028077753779e-05
249,1788869083.3134997,lr/masf.decay,0.0
249,1788869083.3134997,lr/masf.no_decay,0.0
249,1788869083.3134997,lr/neck.decay,5.859611231101512e-06
249,1788869083.3134997,lr/neck.no_decay,5.859611231101512e-06
249,1788869083.3134997,lr/pose_head.decay,1.4649028077753779e-05
249,1788869083.3134997,lr/pose_head.no_decay,1.4649028077753779e-05
249,1788869083.3134997,pose/component_0,0.6599132418632507
249,1788869083.3134997,pose/component_1,0.008716505952179432
249,1788869083.3134997,pose/component_2,0.0009512026445008814
249,1788869083.3134997,pose/component_3,0.2126334309577942
249,1788869083.3134997,pose/component_4,0.0020936429500579834
249,1788869083.3134997,pose/component_5,0.0
250,1788869084.4874053,amp/overflow_retries,0.0
250,1788869084.4874053,amp/scale,512.0
250,1788869084.4874053,detect/component_0,1.0442924499511719
250,1788869084.4874053,detect/component_1,0.924601137638092
250,1788869084.4874053,detect/component_2,0.006495260167866945
250,1788869084.4874053,gradient/clipped_norm,133.94496154785156
250,1788869084.4874053,images/detect,256.0
250,1788869084.4874053,images/pose,16.0
250,1788869084.4874053,loss/backward,99.36593704223633
250,1788869084.4874053,loss/detect_mean,1.7624704986810684
250,1788869084.4874053,loss/joint_mean,1.5525927662849426
250,1788869084.4874053,loss/pose_mean,0.7130818367004395
250,1788869084.4874053,lr/attention.decay,0.0
250,1788869084.4874053,lr/attention.no_decay,0.0
250,1788869084.4874053,lr/backbone.decay,0.0
250,1788869084.4874053,lr/backbone.no_decay,0.0
250,1788869084.4874053,lr/detect_head.decay,1.4697624190064797e-05
250,1788869084.4874053,lr/detect_head.no_decay,1.4697624190064797e-05
250,1788869084.4874053,lr/masf.decay,0.0
250,1788869084.4874053,lr/masf.no_decay,0.0
250,1788869084.4874053,lr/neck.decay,5.8790496760259185e-06
250,1788869084.4874053,lr/neck.no_decay,5.8790496760259185e-06
250,1788869084.4874053,lr/pose_head.decay,1.4697624190064797e-05
250,1788869084.4874053,lr/pose_head.no_decay,1.4697624190064797e-05
250,1788869084.4874053,pose/component_0,0.5025614500045776
250,1788869084.4874053,pose/component_1,0.004892277531325817
250,1788869084.4874053,pose/component_2,0.003031736006960273
250,1788869084.4874053,pose/component_3,0.2167961448431015
250,1788869084.4874053,pose/component_4,0.0017330399714410305
250,1788869084.4874053,pose/component_5,0.0
251,1788869085.6552806,amp/overflow_retries,0.0
251,1788869085.6552806,amp/scale,512.0
251,1788869085.6552806,detect/component_0,1.0044316053390503
251,1788869085.6552806,detect/component_1,0.9005860090255737
251,1788869085.6552806,detect/component_2,0.0069356197491288185
251,1788869085.6552806,gradient/clipped_norm,120.44878387451172
251,1788869085.6552806,images/detect,256.0
251,1788869085.6552806,images/pose,16.0
251,1788869085.6552806,loss/backward,100.52243423461914
251,1788869085.6552806,loss/detect_mean,1.700755700469017
251,1788869085.6552806,loss/joint_mean,1.570663034915924
251,1788869085.6552806,loss/pose_mean,1.0502923727035522
251,1788869085.6552806,lr/attention.decay,0.0
251,1788869085.6552806,lr/attention.no_decay,0.0
251,1788869085.6552806,lr/backbone.decay,0.0
251,1788869085.6552806,lr/backbone.no_decay,0.0
251,1788869085.6552806,lr/detect_head.decay,1.474622030237581e-05
251,1788869085.6552806,lr/detect_head.no_decay,1.474622030237581e-05
251,1788869085.6552806,lr/masf.decay,0.0
251,1788869085.6552806,lr/masf.no_decay,0.0
251,1788869085.6552806,lr/neck.decay,5.898488120950324e-06
251,1788869085.6552806,lr/neck.no_decay,5.898488120950324e-06
251,1788869085.6552806,lr/pose_head.decay,1.474622030237581e-05
251,1788869085.6552806,lr/pose_head.no_decay,1.474622030237581e-05
251,1788869085.6552806,pose/component_0,0.7858507633209229
251,1788869085.6552806,pose/component_1,0.01924663968384266
251,1788869085.6552806,pose/component_2,0.003337419591844082
251,1788869085.6552806,pose/component_3,0.3130449652671814
251,1788869085.6552806,pose/component_4,0.0017210054211318493
251,1788869085.6552806,pose/component_5,0.0
252,1788869086.8250651,amp/overflow_retries,0.0
252,1788869086.8250651,amp/scale,512.0
252,1788869086.8250651,detect/component_0,1.0270706415176392
252,1788869086.8250651,detect/component_1,0.925805926322937
252,1788869086.8250651,detect/component_2,0.00603223592042923
252,1788869086.8250651,gradient/clipped_norm,134.19949340820312
252,1788869086.8250651,images/detect,256.0
252,1788869086.8250651,images/pose,16.0
252,1788869086.8250651,loss/backward,100.23080902099609
252,1788869086.8250651,loss/detect_mean,1.7476452738046646
252,1788869086.8250651,loss/joint_mean,1.566106390953064
252,1788869086.8250651,loss/pose_mean,0.8399508595466614
252,1788869086.8250651,lr/attention.decay,0.0
252,1788869086.8250651,lr/attention.no_decay,0.0
252,1788869086.8250651,lr/backbone.decay,0.0
252,1788869086.8250651,lr/backbone.no_decay,0.0
252,1788869086.8250651,lr/detect_head.decay,1.4794816414686828e-05
252,1788869086.8250651,lr/detect_head.no_decay,1.4794816414686828e-05
252,1788869086.8250651,lr/masf.decay,0.0
252,1788869086.8250651,lr/masf.no_decay,0.0
252,1788869086.8250651,lr/neck.decay,5.917926565874731e-06
252,1788869086.8250651,lr/neck.no_decay,5.917926565874731e-06
252,1788869086.8250651,lr/pose_head.decay,1.4794816414686828e-05
252,1788869086.8250651,lr/pose_head.no_decay,1.4794816414686828e-05
252,1788869086.8250651,pose/component_0,0.5986636281013489
252,1788869086.8250651,pose/component_1,0.009051937609910965
252,1788869086.8250651,pose/component_2,0.0017370091518387198
252,1788869086.8250651,pose/component_3,0.2761742174625397
252,1788869086.8250651,pose/component_4,0.0015953725669533014
252,1788869086.8250651,pose/component_5,0.0
253,1788869087.980474,amp/overflow_retries,0.0
253,1788869087.980474,amp/scale,512.0
253,1788869087.980474,detect/component_0,1.0138787031173706
253,1788869087.980474,detect/component_1,0.9147903323173523
253,1788869087.980474,detect/component_2,0.006321932189166546
253,1788869087.980474,gradient/clipped_norm,131.9228973388672
253,1788869087.980474,images/detect,256.0
253,1788869087.980474,images/pose,16.0
253,1788869087.980474,loss/backward,100.14927368164062
253,1788869087.980474,loss/detect_mean,1.729783907532692
253,1788869087.980474,loss/joint_mean,1.5648324012756347
253,1788869087.980474,loss/pose_mean,0.905026376247406
253,1788869087.980474,lr/attention.decay,0.0
253,1788869087.980474,lr/attention.no_decay,0.0
253,1788869087.980474,lr/backbone.decay,0.0
253,1788869087.980474,lr/backbone.no_decay,0.0
253,1788869087.980474,lr/detect_head.decay,1.484341252699784e-05
253,1788869087.980474,lr/detect_head.no_decay,1.484341252699784e-05
253,1788869087.980474,lr/masf.decay,0.0
253,1788869087.980474,lr/masf.no_decay,0.0
253,1788869087.980474,lr/neck.decay,5.937365010799137e-06
253,1788869087.980474,lr/neck.no_decay,5.937365010799137e-06
253,1788869087.980474,lr/pose_head.decay,1.484341252699784e-05
253,1788869087.980474,lr/pose_head.no_decay,1.484341252699784e-05
253,1788869087.980474,pose/component_0,0.6422960758209229
253,1788869087.980474,pose/component_1,0.009401842020452023
253,1788869087.980474,pose/component_2,0.002377572702243924
253,1788869087.980474,pose/component_3,0.32016149163246155
253,1788869087.980474,pose/component_4,0.0019436629954725504
253,1788869087.980474,pose/component_5,0.0
254,1788869089.150606,amp/overflow_retries,0.0
254,1788869089.150606,amp/scale,512.0
254,1788869089.150606,detect/component_0,1.072704792022705
254,1788869089.150606,detect/component_1,0.9851478338241577
254,1788869089.150606,detect/component_2,0.005824422463774681
254,1788869089.150606,gradient/clipped_norm,145.6402587890625
254,1788869089.150606,images/detect,256.0
254,1788869089.150606,images/pose,16.0
254,1788869089.150606,loss/backward,107.14918899536133
254,1788869089.150606,loss/detect_mean,1.8213077634572983
254,1788869089.150606,loss/joint_mean,1.6742060780525208
254,1788869089.150606,loss/pose_mean,1.0857993364334106
254,1788869089.150606,lr/attention.decay,0.0
254,1788869089.150606,lr/attention.no_decay,0.0
254,1788869089.150606,lr/backbone.decay,0.0
254,1788869089.150606,lr/backbone.no_decay,0.0
254,1788869089.150606,lr/detect_head.decay,1.4892008639308858e-05
254,1788869089.150606,lr/detect_head.no_decay,1.4892008639308858e-05
254,1788869089.150606,lr/masf.decay,0.0
254,1788869089.150606,lr/masf.no_decay,0.0
254,1788869089.150606,lr/neck.decay,5.956803455723543e-06
254,1788869089.150606,lr/neck.no_decay,5.956803455723543e-06
254,1788869089.150606,lr/pose_head.decay,1.4892008639308858e-05
254,1788869089.150606,lr/pose_head.no_decay,1.4892008639308858e-05
254,1788869089.150606,pose/component_0,0.860954225063324
254,1788869089.150606,pose/component_1,0.01246589794754982
254,1788869089.150606,pose/component_2,0.04780011624097824
254,1788869089.150606,pose/component_3,0.27358052134513855
254,1788869089.150606,pose/component_4,0.0022269287146627903
254,1788869089.150606,pose/component_5,0.0
255,1788869090.327051,amp/overflow_retries,0.0
255,1788869090.327051,amp/scale,512.0
255,1788869090.327051,detect/component_0,1.040258526802063
255,1788869090.327051,detect/component_1,0.9210637211799622
255,1788869090.327051,detect/component_2,0.0064710890874266624
255,1788869090.327051,gradient/clipped_norm,129.84669494628906
255,1788869090.327051,images/detect,256.0
255,1788869090.327051,images/pose,16.0
255,1788869090.327051,loss/backward,99.24924545288086
255,1788869090.327051,loss/detect_mean,1.7592072635889053
255,1788869090.327051,loss/joint_mean,1.5507694602012634
255,1788869090.327051,loss/pose_mean,0.7170182466506958
255,1788869090.327051,lr/attention.decay,0.0
255,1788869090.327051,lr/attention.no_decay,0.0
255,1788869090.327051,lr/backbone.decay,0.0
255,1788869090.327051,lr/backbone.no_decay,0.0
255,1788869090.327051,lr/detect_head.decay,1.4940604751619871e-05
255,1788869090.327051,lr/detect_head.no_decay,1.4940604751619871e-05
255,1788869090.327051,lr/masf.decay,0.0
255,1788869090.327051,lr/masf.no_decay,0.0
255,1788869090.327051,lr/neck.decay,5.9762419006479484e-06
255,1788869090.327051,lr/neck.no_decay,5.9762419006479484e-06
255,1788869090.327051,lr/pose_head.decay,1.4940604751619871e-05
255,1788869090.327051,lr/pose_head.no_decay,1.4940604751619871e-05
255,1788869090.327051,pose/component_0,0.4835541248321533
255,1788869090.327051,pose/component_1,0.007116416003555059
255,1788869090.327051,pose/component_2,0.004227255936712027
255,1788869090.327051,pose/component_3,0.20543235540390015
255,1788869090.327051,pose/component_4,0.002153017558157444
255,1788869090.327051,pose/component_5,0.0
256,1788869091.4992678,amp/overflow_retries,0.0
256,1788869091.4992678,amp/scale,512.0
256,1788869091.4992678,detect/component_0,1.0519897937774658
256,1788869091.4992678,detect/component_1,0.9399989247322083
256,1788869091.4992678,detect/component_2,0.006381814833730459
256,1788869091.4992678,gradient/clipped_norm,166.4843292236328
256,1788869091.4992678,images/detect,256.0
256,1788869091.4992678,images/pose,16.0
256,1788869091.4992678,loss/backward,103.78447265625
256,1788869091.4992678,loss/detect_mean,1.7890797853469849
256,1788869091.4992678,loss/joint_mean,1.6216323852539063
256,1788869091.4992678,loss/pose_mean,0.9518427848815918
256,1788869091.4992678,lr/attention.decay,0.0
256,1788869091.4992678,lr/attention.no_decay,0.0
256,1788869091.4992678,lr/backbone.decay,0.0
256,1788869091.4992678,lr/backbone.no_decay,0.0
256,1788869091.4992678,lr/detect_head.decay,1.4989200863930889e-05
256,1788869091.4992678,lr/detect_head.no_decay,1.4989200863930889e-05
256,1788869091.4992678,lr/masf.decay,0.0
256,1788869091.4992678,lr/masf.no_decay,0.0
256,1788869091.4992678,lr/neck.decay,5.995680345572356e-06
256,1788869091.4992678,lr/neck.no_decay,5.995680345572356e-06
256,1788869091.4992678,lr/pose_head.decay,1.4989200863930889e-05
256,1788869091.4992678,lr/pose_head.no_decay,1.4989200863930889e-05
256,1788869091.4992678,pose/component_0,0.6293508410453796
256,1788869091.4992678,pose/component_1,0.006883641704916954
256,1788869091.4992678,pose/component_2,0.003248047549277544
256,1788869091.4992678,pose/component_3,0.3824229836463928
256,1788869091.4992678,pose/component_4,0.0015643960796296597
256,1788869091.4992678,pose/component_5,0.0
257,1788869092.6793864,amp/overflow_retries,0.0
257,1788869092.6793864,amp/scale,512.0
257,1788869092.6793864,detect/component_0,1.0836083889007568
257,1788869092.6793864,detect/component_1,1.008439540863037
257,1788869092.6793864,detect/component_2,0.006116921082139015
257,1788869092.6793864,gradient/clipped_norm,139.37059020996094
257,1788869092.6793864,images/detect,256.0
257,1788869092.6793864,images/pose,16.0
257,1788869092.6793864,loss/backward,110.4808364868164
257,1788869092.6793864,loss/detect_mean,1.8717992007732391
257,1788869092.6793864,loss/joint_mean,1.7262630701065063
257,1788869092.6793864,loss/pose_mean,1.1441185474395752
257,1788869092.6793864,lr/attention.decay,0.0
257,1788869092.6793864,lr/attention.no_decay,0.0
257,1788869092.6793864,lr/backbone.decay,0.0
257,1788869092.6793864,lr/backbone.no_decay,0.0
257,1788869092.6793864,lr/detect_head.decay,1.50377969762419e-05
257,1788869092.6793864,lr/detect_head.no_decay,1.50377969762419e-05
257,1788869092.6793864,lr/masf.decay,0.0
257,1788869092.6793864,lr/masf.no_decay,0.0
257,1788869092.6793864,lr/neck.decay,6.01511879049676e-06
257,1788869092.6793864,lr/neck.no_decay,6.01511879049676e-06
257,1788869092.6793864,lr/pose_head.decay,1.50377969762419e-05
257,1788869092.6793864,lr/pose_head.no_decay,1.50377969762419e-05
257,1788869092.6793864,pose/component_0,0.7711177468299866
257,1788869092.6793864,pose/component_1,0.031781986355781555
257,1788869092.6793864,pose/component_2,0.004857058171182871
257,1788869092.6793864,pose/component_3,0.39402803778648376
257,1788869092.6793864,pose/component_4,0.0025129085406661034
257,1788869092.6793864,pose/component_5,0.0
258,1788869093.8382852,amp/overflow_retries,0.0
258,1788869093.8382852,amp/scale,512.0
258,1788869093.8382852,detect/component_0,1.0534309148788452
258,1788869093.8382852,detect/component_1,0.9309400320053101
258,1788869093.8382852,detect/component_2,0.0060945842415094376
258,1788869093.8382852,gradient/clipped_norm,132.49501037597656
258,1788869093.8382852,images/detect,256.0
258,1788869093.8382852,images/pose,16.0
258,1788869093.8382852,loss/backward,101.48149719238282
258,1788869093.8382852,loss/detect_mean,1.7882403433322906
258,1788869093.8382852,loss/joint_mean,1.5856483936309815
258,1788869093.8382852,loss/pose_mean,0.7752805948257446
258,1788869093.8382852,lr/attention.decay,0.0
258,1788869093.8382852,lr/attention.no_decay,0.0
258,1788869093.8382852,lr/backbone.decay,0.0
258,1788869093.8382852,lr/backbone.no_decay,0.0
258,1788869093.8382852,lr/detect_head.decay,1.5086393088552916e-05
258,1788869093.8382852,lr/detect_head.no_decay,1.5086393088552916e-05
258,1788869093.8382852,lr/masf.decay,0.0
258,1788869093.8382852,lr/masf.no_decay,0.0
258,1788869093.8382852,lr/neck.decay,6.0345572354211666e-06
258,1788869093.8382852,lr/neck.no_decay,6.0345572354211666e-06
258,1788869093.8382852,lr/pose_head.decay,1.5086393088552916e-05
258,1788869093.8382852,lr/pose_head.no_decay,1.5086393088552916e-05
258,1788869093.8382852,pose/component_0,0.550439715385437
258,1788869093.8382852,pose/component_1,0.006960779428482056
258,1788869093.8382852,pose/component_2,0.0018662477377802134
258,1788869093.8382852,pose/component_3,0.24248647689819336
258,1788869093.8382852,pose/component_4,0.0014580012066289783
258,1788869093.8382852,pose/component_5,0.0
259,1788869095.0045533,amp/overflow_retries,0.0
259,1788869095.0045533,amp/scale,512.0
259,1788869095.0045533,detect/component_0,1.0569714307785034
259,1788869095.0045533,detect/component_1,1.000887155532837
259,1788869095.0045533,detect/component_2,0.00651943776756525
259,1788869095.0045533,gradient/clipped_norm,122.04839324951172
259,1788869095.0045533,images/detect,256.0
259,1788869095.0045533,images/pose,16.0
259,1788869095.0045533,loss/backward,106.00293884277343
259,1788869095.0045533,loss/detect_mean,1.820261299610138
259,1788869095.0045533,loss/joint_mean,1.6562959194183349
259,1788869095.0045533,loss/pose_mean,1.000434398651123
259,1788869095.0045533,lr/attention.decay,0.0
259,1788869095.0045533,lr/attention.no_decay,0.0
259,1788869095.0045533,lr/backbone.decay,0.0
259,1788869095.0045533,lr/backbone.no_decay,0.0
259,1788869095.0045533,lr/detect_head.decay,1.5134989200863931e-05
259,1788869095.0045533,lr/detect_head.no_decay,1.5134989200863931e-05
259,1788869095.0045533,lr/masf.decay,0.0
259,1788869095.0045533,lr/masf.no_decay,0.0
259,1788869095.0045533,lr/neck.decay,6.053995680345572e-06
259,1788869095.0045533,lr/neck.no_decay,6.053995680345572e-06
259,1788869095.0045533,lr/pose_head.decay,1.5134989200863931e-05
259,1788869095.0045533,lr/pose_head.no_decay,1.5134989200863931e-05
259,1788869095.0045533,pose/component_0,0.6938995718955994
259,1788869095.0045533,pose/component_1,0.011030364781618118
259,1788869095.0045533,pose/component_2,0.001465415582060814
259,1788869095.0045533,pose/component_3,0.3271261751651764
259,1788869095.0045533,pose/component_4,0.0026594277005642653
259,1788869095.0045533,pose/component_5,0.0
260,1788869096.1959498,amp/overflow_retries,0.0
260,1788869096.1959498,amp/scale,512.0
260,1788869096.1959498,detect/component_0,1.0360794067382812
260,1788869096.1959498,detect/component_1,0.8934770226478577
260,1788869096.1959498,detect/component_2,0.0063850851729512215
260,1788869096.1959498,gradient/clipped_norm,120.82443237304688
260,1788869096.1959498,images/detect,256.0
260,1788869096.1959498,images/pose,16.0
260,1788869096.1959498,loss/backward,97.0987335205078
260,1788869096.1959498,loss/detect_mean,1.726299837231636
260,1788869096.1959498,loss/joint_mean,1.5171677112579345
260,1788869096.1959498,loss/pose_mean,0.6806392073631287
260,1788869096.1959498,lr/attention.decay,0.0
260,1788869096.1959498,lr/attention.no_decay,0.0
260,1788869096.1959498,lr/backbone.decay,0.0
260,1788869096.1959498,lr/backbone.no_decay,0.0
260,1788869096.1959498,lr/detect_head.decay,1.5183585313174947e-05
260,1788869096.1959498,lr/detect_head.no_decay,1.5183585313174947e-05
260,1788869096.1959498,lr/masf.decay,0.0
260,1788869096.1959498,lr/masf.no_decay,0.0
260,1788869096.1959498,lr/neck.decay,6.073434125269979e-06
260,1788869096.1959498,lr/neck.no_decay,6.073434125269979e-06
260,1788869096.1959498,lr/pose_head.decay,1.5183585313174947e-05
260,1788869096.1959498,lr/pose_head.no_decay,1.5183585313174947e-05
260,1788869096.1959498,pose/component_0,0.4560530185699463
260,1788869096.1959498,pose/component_1,0.0047521935775876045
260,1788869096.1959498,pose/component_2,0.011940392665565014
260,1788869096.1959498,pose/component_3,0.20236633718013763
260,1788869096.1959498,pose/component_4,0.0015212844591587782
260,1788869096.1959498,pose/component_5,0.0
261,1788869097.6591103,amp/overflow_retries,0.0
261,1788869097.6591103,amp/scale,512.0
261,1788869097.6591103,detect/component_0,1.0382795333862305
261,1788869097.6591103,detect/component_1,0.9416267275810242
261,1788869097.6591103,detect/component_2,0.006106764543801546
261,1788869097.6591103,gradient/clipped_norm,135.7440643310547
261,1788869097.6591103,images/detect,256.0
261,1788869097.6591103,images/pose,16.0
261,1788869097.6591103,loss/backward,103.48231582641601
261,1788869097.6591103,loss/detect_mean,1.7689512521028519
261,1788869097.6591103,loss/joint_mean,1.6169111847877502
261,1788869097.6591103,loss/pose_mean,1.0087509155273438
261,1788869097.6591103,lr/attention.decay,0.0
261,1788869097.6591103,lr/attention.no_decay,0.0
261,1788869097.6591103,lr/backbone.decay,0.0
261,1788869097.6591103,lr/backbone.no_decay,0.0
261,1788869097.6591103,lr/detect_head.decay,1.5232181425485962e-05
261,1788869097.6591103,lr/detect_head.no_decay,1.5232181425485962e-05
261,1788869097.6591103,lr/masf.decay,0.0
261,1788869097.6591103,lr/masf.no_decay,0.0
261,1788869097.6591103,lr/neck.decay,6.092872570194385e-06
261,1788869097.6591103,lr/neck.no_decay,6.092872570194385e-06
261,1788869097.6591103,lr/pose_head.decay,1.5232181425485962e-05
261,1788869097.6591103,lr/pose_head.no_decay,1.5232181425485962e-05
261,1788869097.6591103,pose/component_0,0.7046003341674805
261,1788869097.6591103,pose/component_1,0.007615742739289999
261,1788869097.6591103,pose/component_2,0.005832348484545946
261,1788869097.6591103,pose/component_3,0.350713849067688
261,1788869097.6591103,pose/component_4,0.001804523402824998
261,1788869097.6591103,pose/component_5,0.0
262,1788869098.8314514,amp/overflow_retries,0.0
262,1788869098.8314514,amp/scale,512.0
262,1788869098.8314514,detect/component_0,1.0589543581008911
262,1788869098.8314514,detect/component_1,0.9681821465492249
262,1788869098.8314514,detect/component_2,0.006425634026527405
262,1788869098.8314514,gradient/clipped_norm,137.87867736816406
262,1788869098.8314514,images/detect,256.0
262,1788869098.8314514,images/pose,16.0
262,1788869098.8314514,loss/backward,103.65647430419922
262,1788869098.8314514,loss/detect_mean,1.822677195072174
262,1788869098.8314514,loss/joint_mean,1.6196324110031128
262,1788869098.8314514,loss/pose_mean,0.8074532747268677
262,1788869098.8314514,lr/attention.decay,0.0
262,1788869098.8314514,lr/attention.no_decay,0.0
262,1788869098.8314514,lr/backbone.decay,0.0
262,1788869098.8314514,lr/backbone.no_decay,0.0
262,1788869098.8314514,lr/detect_head.decay,1.5280777537796978e-05
262,1788869098.8314514,lr/detect_head.no_decay,1.5280777537796978e-05
262,1788869098.8314514,lr/masf.decay,0.0
262,1788869098.8314514,lr/masf.no_decay,0.0
262,1788869098.8314514,lr/neck.decay,6.112311015118791e-06
262,1788869098.8314514,lr/neck.no_decay,6.112311015118791e-06
262,1788869098.8314514,lr/pose_head.decay,1.5280777537796978e-05
262,1788869098.8314514,lr/pose_head.no_decay,1.5280777537796978e-05
262,1788869098.8314514,pose/component_0,0.5702887773513794
262,1788869098.8314514,pose/component_1,0.007526789791882038
262,1788869098.8314514,pose/component_2,0.0014820608776062727
262,1788869098.8314514,pose/component_3,0.16804449260234833
262,1788869098.8314514,pose/component_4,0.002185538876801729
262,1788869098.8314514,pose/component_5,0.0
263,1788869100.0152173,amp/overflow_retries,0.0
263,1788869100.0152173,amp/scale,512.0
263,1788869100.0152173,detect/component_0,1.0742948055267334
263,1788869100.0152173,detect/component_1,0.9791641235351562
263,1788869100.0152173,detect/component_2,0.006382863037288189
263,1788869100.0152173,gradient/clipped_norm,140.0699005126953
263,1788869100.0152173,images/detect,256.0
263,1788869100.0152173,images/pose,16.0
263,1788869100.0152173,loss/backward,106.97676315307618
263,1788869100.0152173,loss/detect_mean,1.8145152181386948
263,1788869100.0152173,loss/joint_mean,1.6715119242668153
263,1788869100.0152173,loss/pose_mean,1.0994987487792969
263,1788869100.0152173,lr/attention.decay,0.0
263,1788869100.0152173,lr/attention.no_decay,0.0
263,1788869100.0152173,lr/backbone.decay,0.0
263,1788869100.0152173,lr/backbone.no_decay,0.0
263,1788869100.0152173,lr/detect_head.decay,1.532937365010799e-05
263,1788869100.0152173,lr/detect_head.no_decay,1.532937365010799e-05
263,1788869100.0152173,lr/masf.decay,0.0
263,1788869100.0152173,lr/masf.no_decay,0.0
263,1788869100.0152173,lr/neck.decay,6.131749460043197e-06
263,1788869100.0152173,lr/neck.no_decay,6.131749460043197e-06
263,1788869100.0152173,lr/pose_head.decay,1.532937365010799e-05
263,1788869100.0152173,lr/pose_head.no_decay,1.532937365010799e-05
263,1788869100.0152173,pose/component_0,0.761939525604248
263,1788869100.0152173,pose/component_1,0.011936867609620094
263,1788869100.0152173,pose/component_2,0.03961068019270897
263,1788869100.0152173,pose/component_3,0.3795347511768341
263,1788869100.0152173,pose/component_4,0.0022285617887973785
263,1788869100.0152173,pose/component_5,0.0
264,1788869101.1935198,amp/overflow_retries,0.0
264,1788869101.1935198,amp/scale,512.0
264,1788869101.1935198,detect/component_0,1.026687502861023
264,1788869101.1935198,detect/component_1,0.8631247282028198
264,1788869101.1935198,detect/component_2,0.006741579156368971
264,1788869101.1935198,gradient/clipped_norm,135.29428100585938
264,1788869101.1935198,images/detect,256.0
264,1788869101.1935198,images/pose,16.0
264,1788869101.1935198,loss/backward,97.89142990112305
264,1788869101.1935198,loss/detect_mean,1.7049818336963654
264,1788869101.1935198,loss/joint_mean,1.5295535922050476
264,1788869101.1935198,loss/pose_mean,0.8278406262397766
264,1788869101.1935198,lr/attention.decay,0.0
264,1788869101.1935198,lr/attention.no_decay,0.0
264,1788869101.1935198,lr/backbone.decay,0.0
264,1788869101.1935198,lr/backbone.no_decay,0.0
264,1788869101.1935198,lr/detect_head.decay,1.537796976241901e-05
264,1788869101.1935198,lr/detect_head.no_decay,1.537796976241901e-05
264,1788869101.1935198,lr/masf.decay,0.0
264,1788869101.1935198,lr/masf.no_decay,0.0
264,1788869101.1935198,lr/neck.decay,6.151187904967604e-06
264,1788869101.1935198,lr/neck.no_decay,6.151187904967604e-06
264,1788869101.1935198,lr/pose_head.decay,1.537796976241901e-05
264,1788869101.1935198,lr/pose_head.no_decay,1.537796976241901e-05
264,1788869101.1935198,pose/component_0,0.6613615155220032
264,1788869101.1935198,pose/component_1,0.020711541175842285
264,1788869101.1935198,pose/component_2,0.0027081225998699665
264,1788869101.1935198,pose/component_3,0.205606609582901
264,1788869101.1935198,pose/component_4,0.0022189810406416655
264,1788869101.1935198,pose/component_5,0.0
265,1788869102.373083,amp/overflow_retries,0.0
265,1788869102.373083,amp/scale,512.0
265,1788869102.373083,detect/component_0,1.0475279092788696
265,1788869102.373083,detect/component_1,0.9449025392532349
265,1788869102.373083,detect/component_2,0.006757150404155254
265,1788869102.373083,gradient/clipped_norm,135.64828491210938
265,1788869102.373083,images/detect,256.0
265,1788869102.373083,images/pose,16.0
265,1788869102.373083,loss/backward,102.96013717651367
265,1788869102.373083,loss/detect_mean,1.7790519446134567
265,1788869102.373083,loss/joint_mean,1.608752143383026
265,1788869102.373083,loss/pose_mean,0.9275529384613037
265,1788869102.373083,lr/attention.decay,0.0
265,1788869102.373083,lr/attention.no_decay,0.0
265,1788869102.373083,lr/backbone.decay,0.0
265,1788869102.373083,lr/backbone.no_decay,0.0
265,1788869102.373083,lr/detect_head.decay,1.5426565874730023e-05
265,1788869102.373083,lr/detect_head.no_decay,1.5426565874730023e-05
265,1788869102.373083,lr/masf.decay,0.0
265,1788869102.373083,lr/masf.no_decay,0.0
265,1788869102.373083,lr/neck.decay,6.170626349892009e-06
265,1788869102.373083,lr/neck.no_decay,6.170626349892009e-06
265,1788869102.373083,lr/pose_head.decay,1.5426565874730023e-05
265,1788869102.373083,lr/pose_head.no_decay,1.5426565874730023e-05
265,1788869102.373083,pose/component_0,0.6697726249694824
265,1788869102.373083,pose/component_1,0.009425033815205097
265,1788869102.373083,pose/component_2,0.001707551651634276
265,1788869102.373083,pose/component_3,0.28973373770713806
265,1788869102.373083,pose/component_4,0.0022262288257479668
265,1788869102.373083,pose/component_5,0.0
266,1788869103.552141,amp/overflow_retries,0.0
266,1788869103.552141,amp/scale,512.0
266,1788869103.552141,detect/component_0,1.1057095527648926
266,1788869103.552141,detect/component_1,0.9400489330291748
266,1788869103.552141,detect/component_2,0.0063698310405015945
266,1788869103.552141,gradient/clipped_norm,133.7919158935547
266,1788869103.552141,images/detect,256.0
266,1788869103.552141,images/pose,16.0
266,1788869103.552141,loss/backward,103.12215957641601
266,1788869103.552141,loss/detect_mean,1.8170525878667831
266,1788869103.552141,loss/joint_mean,1.6112837433815002
266,1788869103.552141,loss/pose_mean,0.7882083654403687
266,1788869103.552141,lr/attention.decay,0.0
266,1788869103.552141,lr/attention.no_decay,0.0
266,1788869103.552141,lr/backbone.decay,0.0
266,1788869103.552141,lr/backbone.no_decay,0.0
266,1788869103.552141,lr/detect_head.decay,1.5475161987041036e-05
266,1788869103.552141,lr/detect_head.no_decay,1.5475161987041036e-05
266,1788869103.552141,lr/masf.decay,0.0
266,1788869103.552141,lr/masf.no_decay,0.0
266,1788869103.552141,lr/neck.decay,6.190064794816415e-06
266,1788869103.552141,lr/neck.no_decay,6.190064794816415e-06
266,1788869103.552141,lr/pose_head.decay,1.5475161987041036e-05
266,1788869103.552141,lr/pose_head.no_decay,1.5475161987041036e-05
266,1788869103.552141,pose/component_0,0.5419236421585083
266,1788869103.552141,pose/component_1,0.00518746767193079
266,1788869103.552141,pose/component_2,0.0007523197564296424
266,1788869103.552141,pose/component_3,0.21238820254802704
266,1788869103.552141,pose/component_4,0.0015525987837463617
266,1788869103.552141,pose/component_5,0.0
267,1788869104.7180076,amp/overflow_retries,0.0
267,1788869104.7180076,amp/scale,512.0
267,1788869104.7180076,detect/component_0,1.001589298248291
267,1788869104.7180076,detect/component_1,0.8592949509620667
267,1788869104.7180076,detect/component_2,0.006098351441323757
267,1788869104.7180076,gradient/clipped_norm,150.62576293945312
267,1788869104.7180076,images/detect,256.0
267,1788869104.7180076,images/pose,16.0
267,1788869104.7180076,loss/backward,102.09460983276367
267,1788869104.7180076,loss/detect_mean,1.6816698163747787
267,1788869104.7180076,loss/joint_mean,1.5952282786369323
267,1788869104.7180076,loss/pose_mean,1.2494621276855469
267,1788869104.7180076,lr/attention.decay,0.0
267,1788869104.7180076,lr/attention.no_decay,0.0
267,1788869104.7180076,lr/backbone.decay,0.0
267,1788869104.7180076,lr/backbone.no_decay,0.0
267,1788869104.7180076,lr/detect_head.decay,1.5523758099352052e-05
267,1788869104.7180076,lr/detect_head.no_decay,1.5523758099352052e-05
267,1788869104.7180076,lr/masf.decay,0.0
267,1788869104.7180076,lr/masf.no_decay,0.0
267,1788869104.7180076,lr/neck.decay,6.209503239740821e-06
267,1788869104.7180076,lr/neck.no_decay,6.209503239740821e-06
267,1788869104.7180076,lr/pose_head.decay,1.5523758099352052e-05
267,1788869104.7180076,lr/pose_head.no_decay,1.5523758099352052e-05
267,1788869104.7180076,pose/component_0,0.9580578804016113
267,1788869104.7180076,pose/component_1,0.02204659953713417
267,1788869104.7180076,pose/component_2,0.029143791645765305
267,1788869104.7180076,pose/component_3,0.28955793380737305
267,1788869104.7180076,pose/component_4,0.003266360145062208
267,1788869104.7180076,pose/component_5,0.0
268,1788869105.9117258,amp/overflow_retries,0.0
268,1788869105.9117258,amp/scale,512.0
268,1788869105.9117258,detect/component_0,1.0541956424713135
268,1788869105.9117258,detect/component_1,0.9447925686836243
268,1788869105.9117258,detect/component_2,0.005819976795464754
268,1788869105.9117258,gradient/clipped_norm,132.01138305664062
268,1788869105.9117258,images/detect,256.0
268,1788869105.9117258,images/pose,16.0
268,1788869105.9117258,loss/backward,103.77843780517578
268,1788869105.9117258,loss/detect_mean,1.7775010168552399
268,1788869105.9117258,loss/joint_mean,1.6215380907058716
268,1788869105.9117258,loss/pose_mean,0.9976863861083984
268,1788869105.9117258,lr/attention.decay,0.0
268,1788869105.9117258,lr/attention.no_decay,0.0
268,1788869105.9117258,lr/backbone.decay,0.0
268,1788869105.9117258,lr/backbone.no_decay,0.0
268,1788869105.9117258,lr/detect_head.decay,1.557235421166307e-05
268,1788869105.9117258,lr/detect_head.no_decay,1.557235421166307e-05
268,1788869105.9117258,lr/masf.decay,0.0
268,1788869105.9117258,lr/masf.no_decay,0.0
268,1788869105.9117258,lr/neck.decay,6.228941684665227e-06
268,1788869105.9117258,lr/neck.no_decay,6.228941684665227e-06
268,1788869105.9117258,lr/pose_head.decay,1.557235421166307e-05
268,1788869105.9117258,lr/pose_head.no_decay,1.557235421166307e-05
268,1788869105.9117258,pose/component_0,0.7117876410484314
268,1788869105.9117258,pose/component_1,0.010718357749283314
268,1788869105.9117258,pose/component_2,0.016418442130088806
268,1788869105.9117258,pose/component_3,0.3126348853111267
268,1788869105.9117258,pose/component_4,0.0021344716660678387
268,1788869105.9117258,pose/component_5,0.0
269,1788869107.0753703,amp/overflow_retries,0.0
269,1788869107.0753703,amp/scale,512.0
269,1788869107.0753703,detect/component_0,0.9958636164665222
269,1788869107.0753703,detect/component_1,0.8935485482215881
269,1788869107.0753703,detect/component_2,0.00590272294357419
269,1788869107.0753703,gradient/clipped_norm,152.51942443847656
269,1788869107.0753703,images/detect,256.0
269,1788869107.0753703,images/pose,16.0
269,1788869107.0753703,loss/backward,97.96023406982422
269,1788869107.0753703,loss/detect_mean,1.687651515007019
269,1788869107.0753703,loss/joint_mean,1.5306286573410035
269,1788869107.0753703,loss/pose_mean,0.9025372266769409
269,1788869107.0753703,lr/attention.decay,0.0
269,1788869107.0753703,lr/attention.no_decay,0.0
269,1788869107.0753703,lr/backbone.decay,0.0
269,1788869107.0753703,lr/backbone.no_decay,0.0
269,1788869107.0753703,lr/detect_head.decay,1.562095032397408e-05
269,1788869107.0753703,lr/detect_head.no_decay,1.562095032397408e-05
269,1788869107.0753703,lr/masf.decay,0.0
269,1788869107.0753703,lr/masf.no_decay,0.0
269,1788869107.0753703,lr/neck.decay,6.248380129589633e-06
269,1788869107.0753703,lr/neck.no_decay,6.248380129589633e-06
269,1788869107.0753703,lr/pose_head.decay,1.562095032397408e-05
269,1788869107.0753703,lr/pose_head.no_decay,1.562095032397408e-05
269,1788869107.0753703,pose/component_0,0.6358562707901001
269,1788869107.0753703,pose/component_1,0.037776537239551544
269,1788869107.0753703,pose/component_2,0.007897178642451763
269,1788869107.0753703,pose/component_3,0.2325722575187683
269,1788869107.0753703,pose/component_4,0.0019714210648089647
269,1788869107.0753703,pose/component_5,0.0
270,1788869108.24143,amp/overflow_retries,0.0
270,1788869108.24143,amp/scale,512.0
270,1788869108.24143,detect/component_0,1.083999752998352
270,1788869108.24143,detect/component_1,0.9657953381538391
270,1788869108.24143,detect/component_2,0.006394766271114349
270,1788869108.24143,gradient/clipped_norm,136.802490234375
270,1788869108.24143,images/detect,256.0
270,1788869108.24143,images/pose,16.0
270,1788869108.24143,loss/backward,105.90075302124023
270,1788869108.24143,loss/detect_mean,1.8326372057199478
270,1788869108.24143,loss/joint_mean,1.6546992659568787
270,1788869108.24143,loss/pose_mean,0.942947506904602
270,1788869108.24143,lr/attention.decay,0.0
270,1788869108.24143,lr/attention.no_decay,0.0
270,1788869108.24143,lr/backbone.decay,0.0
270,1788869108.24143,lr/backbone.no_decay,0.0
270,1788869108.24143,lr/detect_head.decay,1.5669546436285098e-05
270,1788869108.24143,lr/detect_head.no_decay,1.5669546436285098e-05
270,1788869108.24143,lr/masf.decay,0.0
270,1788869108.24143,lr/masf.no_decay,0.0
270,1788869108.24143,lr/neck.decay,6.26781857451404e-06
270,1788869108.24143,lr/neck.no_decay,6.26781857451404e-06
270,1788869108.24143,lr/pose_head.decay,1.5669546436285098e-05
270,1788869108.24143,lr/pose_head.no_decay,1.5669546436285098e-05
270,1788869108.24143,pose/component_0,0.7664176821708679
270,1788869108.24143,pose/component_1,0.008215170353651047
270,1788869108.24143,pose/component_2,0.0014657934661954641
270,1788869108.24143,pose/component_3,0.23022015392780304
270,1788869108.24143,pose/component_4,0.0019548279233276844
270,1788869108.24143,pose/component_5,0.0
271,1788869109.3924112,amp/overflow_retries,0.0
271,1788869109.3924112,amp/scale,512.0
271,1788869109.3924112,detect/component_0,1.0620543956756592
271,1788869109.3924112,detect/component_1,0.9461028575897217
271,1788869109.3924112,detect/component_2,0.006313195452094078
271,1788869109.3924112,gradient/clipped_norm,128.66513061523438
271,1788869109.3924112,images/detect,256.0
271,1788869109.3924112,images/pose,16.0
271,1788869109.3924112,loss/backward,103.10214233398438
271,1788869109.3924112,loss/detect_mean,1.7780193090438843
271,1788869109.3924112,loss/joint_mean,1.6109709739685059
271,1788869109.3924112,loss/pose_mean,0.9427776336669922
271,1788869109.3924112,lr/attention.decay,0.0
271,1788869109.3924112,lr/attention.no_decay,0.0
271,1788869109.3924112,lr/backbone.decay,0.0
271,1788869109.3924112,lr/backbone.no_decay,0.0
271,1788869109.3924112,lr/detect_head.decay,1.5718142548596114e-05
271,1788869109.3924112,lr/detect_head.no_decay,1.5718142548596114e-05
271,1788869109.3924112,lr/masf.decay,0.0
271,1788869109.3924112,lr/masf.no_decay,0.0
271,1788869109.3924112,lr/neck.decay,6.287257019438445e-06
271,1788869109.3924112,lr/neck.no_decay,6.287257019438445e-06
271,1788869109.3924112,lr/pose_head.decay,1.5718142548596114e-05
271,1788869109.3924112,lr/pose_head.no_decay,1.5718142548596114e-05
271,1788869109.3924112,pose/component_0,0.713762104511261
271,1788869109.3924112,pose/component_1,0.008754407055675983
271,1788869109.3924112,pose/component_2,0.0062732393853366375
271,1788869109.3924112,pose/component_3,0.23535114526748657
271,1788869109.3924112,pose/component_4,0.0017116866074502468
271,1788869109.3924112,pose/component_5,0.0
272,1788869110.555215,amp/overflow_retries,0.0
272,1788869110.555215,amp/scale,512.0
272,1788869110.555215,detect/component_0,1.0588682889938354
272,1788869110.555215,detect/component_1,0.9737308025360107
272,1788869110.555215,detect/component_2,0.00637431163340807
272,1788869110.555215,gradient/clipped_norm,139.70144653320312
272,1788869110.555215,images/detect,256.0
272,1788869110.555215,images/pose,16.0
272,1788869110.555215,loss/backward,104.49918212890626
272,1788869110.555215,loss/detect_mean,1.7900977730751038
272,1788869110.555215,loss/joint_mean,1.6327997207641602
272,1788869110.555215,loss/pose_mean,1.0036075115203857
272,1788869110.555215,lr/attention.decay,0.0
272,1788869110.555215,lr/attention.no_decay,0.0
272,1788869110.555215,lr/backbone.decay,0.0
272,1788869110.555215,lr/backbone.no_decay,0.0
272,1788869110.555215,lr/detect_head.decay,1.576673866090713e-05
272,1788869110.555215,lr/detect_head.no_decay,1.576673866090713e-05
272,1788869110.555215,lr/masf.decay,0.0
272,1788869110.555215,lr/masf.no_decay,0.0
272,1788869110.555215,lr/neck.decay,6.306695464362852e-06
272,1788869110.555215,lr/neck.no_decay,6.306695464362852e-06
272,1788869110.555215,lr/pose_head.decay,1.576673866090713e-05
272,1788869110.555215,lr/pose_head.no_decay,1.576673866090713e-05
272,1788869110.555215,pose/component_0,0.717721700668335
272,1788869110.555215,pose/component_1,0.04152378439903259
272,1788869110.555215,pose/component_2,0.01610160619020462
272,1788869110.555215,pose/component_3,0.2576034665107727
272,1788869110.555215,pose/component_4,0.002726832404732704
272,1788869110.555215,pose/component_5,0.0
273,1788869111.7367935,amp/overflow_retries,0.0
273,1788869111.7367935,amp/scale,512.0
273,1788869111.7367935,detect/component_0,1.0900267362594604
273,1788869111.7367935,detect/component_1,0.9481590986251831
273,1788869111.7367935,detect/component_2,0.0065032560378313065
273,1788869111.7367935,gradient/clipped_norm,147.93247985839844
273,1788869111.7367935,images/detect,256.0
273,1788869111.7367935,images/pose,16.0
273,1788869111.7367935,loss/backward,104.94612731933594
273,1788869111.7367935,loss/detect_mean,1.8172745108604431
273,1788869111.7367935,loss/joint_mean,1.6397832393646241
273,1788869111.7367935,loss/pose_mean,0.9298181533813477
273,1788869111.7367935,lr/attention.decay,0.0
273,1788869111.7367935,lr/attention.no_decay,0.0
273,1788869111.7367935,lr/backbone.decay,0.0
273,1788869111.7367935,lr/backbone.no_decay,0.0
273,1788869111.7367935,lr/detect_head.decay,1.5815334773218143e-05
273,1788869111.7367935,lr/detect_head.no_decay,1.5815334773218143e-05
273,1788869111.7367935,lr/masf.decay,0.0
273,1788869111.7367935,lr/masf.no_decay,0.0
273,1788869111.7367935,lr/neck.decay,6.326133909287257e-06
273,1788869111.7367935,lr/neck.no_decay,6.326133909287257e-06
273,1788869111.7367935,lr/pose_head.decay,1.5815334773218143e-05
273,1788869111.7367935,lr/pose_head.no_decay,1.5815334773218143e-05
273,1788869111.7367935,pose/component_0,0.6063159704208374
273,1788869111.7367935,pose/component_1,0.02618374302983284
273,1788869111.7367935,pose/component_2,0.003737783059477806
273,1788869111.7367935,pose/component_3,0.30305251479148865
273,1788869111.7367935,pose/component_4,0.0019199862144887447
273,1788869111.7367935,pose/component_5,0.0
274,1788869112.9246144,amp/overflow_retries,0.0
274,1788869112.9246144,amp/scale,512.0
274,1788869112.9246144,detect/component_0,1.0417613983154297
274,1788869112.9246144,detect/component_1,0.9680145382881165
274,1788869112.9246144,detect/component_2,0.006379224825650454
274,1788869112.9246144,gradient/clipped_norm,132.3189697265625
274,1788869112.9246144,images/detect,256.0
274,1788869112.9246144,images/pose,16.0
274,1788869112.9246144,loss/backward,102.07427062988282
274,1788869112.9246144,loss/detect_mean,1.7930094003677368
274,1788869112.9246144,loss/joint_mean,1.594910478591919
274,1788869112.9246144,loss/pose_mean,0.8025147914886475
274,1788869112.9246144,lr/attention.decay,0.0
274,1788869112.9246144,lr/attention.no_decay,0.0
274,1788869112.9246144,lr/backbone.decay,0.0
274,1788869112.9246144,lr/backbone.no_decay,0.0
274,1788869112.9246144,lr/detect_head.decay,1.586393088552916e-05
274,1788869112.9246144,lr/detect_head.no_decay,1.586393088552916e-05
274,1788869112.9246144,lr/masf.decay,0.0
274,1788869112.9246144,lr/masf.no_decay,0.0
274,1788869112.9246144,lr/neck.decay,6.345572354211664e-06
274,1788869112.9246144,lr/neck.no_decay,6.345572354211664e-06
274,1788869112.9246144,lr/pose_head.decay,1.586393088552916e-05
274,1788869112.9246144,lr/pose_head.no_decay,1.586393088552916e-05
274,1788869112.9246144,pose/component_0,0.5585398077964783
274,1788869112.9246144,pose/component_1,0.008017301559448242
274,1788869112.9246144,pose/component_2,0.0020222612656652927
274,1788869112.9246144,pose/component_3,0.2446422129869461
274,1788869112.9246144,pose/component_4,0.0014545053709298372
274,1788869112.9246144,pose/component_5,0.0
275,1788869114.088357,amp/overflow_retries,0.0
275,1788869114.088357,amp/scale,512.0
275,1788869114.088357,detect/component_0,1.047702670097351
275,1788869114.088357,detect/component_1,0.9398980736732483
275,1788869114.088357,detect/component_2,0.006409863010048866
275,1788869114.088357,gradient/clipped_norm,161.26905822753906
275,1788869114.088357,images/detect,256.0
275,1788869114.088357,images/pose,16.0
275,1788869114.088357,loss/backward,106.37090377807617
275,1788869114.088357,loss/detect_mean,1.7789200991392136
275,1788869114.088357,loss/joint_mean,1.6620453715324401
275,1788869114.088357,loss/pose_mean,1.1945464611053467
275,1788869114.088357,lr/attention.decay,0.0
275,1788869114.088357,lr/attention.no_decay,0.0
275,1788869114.088357,lr/backbone.decay,0.0
275,1788869114.088357,lr/backbone.no_decay,0.0
275,1788869114.088357,lr/detect_head.decay,1.5912526997840172e-05
275,1788869114.088357,lr/detect_head.no_decay,1.5912526997840172e-05
275,1788869114.088357,lr/masf.decay,0.0
275,1788869114.088357,lr/masf.no_decay,0.0
275,1788869114.088357,lr/neck.decay,6.365010799136069e-06
275,1788869114.088357,lr/neck.no_decay,6.365010799136069e-06
275,1788869114.088357,lr/pose_head.decay,1.5912526997840172e-05
275,1788869114.088357,lr/pose_head.no_decay,1.5912526997840172e-05
275,1788869114.088357,pose/component_0,0.6683766841888428
275,1788869114.088357,pose/component_1,0.10169009864330292
275,1788869114.088357,pose/component_2,0.007915681228041649
275,1788869114.088357,pose/component_3,0.7143797874450684
275,1788869114.088357,pose/component_4,0.0015538902953267097
275,1788869114.088357,pose/component_5,0.0
276,1788869115.2568908,amp/overflow_retries,0.0
276,1788869115.2568908,amp/scale,512.0
276,1788869115.2568908,detect/component_0,1.0754364728927612
276,1788869115.2568908,detect/component_1,0.9560827612876892
276,1788869115.2568908,detect/component_2,0.006236277520656586
276,1788869115.2568908,gradient/clipped_norm,131.41465759277344
276,1788869115.2568908,images/detect,256.0
276,1788869115.2568908,images/pose,16.0
276,1788869115.2568908,loss/backward,106.30907745361328
276,1788869115.2568908,loss/detect_mean,1.8101097643375397
276,1788869115.2568908,loss/joint_mean,1.6610793352127076
276,1788869115.2568908,loss/pose_mean,1.064957618713379
276,1788869115.2568908,lr/attention.decay,0.0
276,1788869115.2568908,lr/attention.no_decay,0.0
276,1788869115.2568908,lr/backbone.decay,0.0
276,1788869115.2568908,lr/backbone.no_decay,0.0
276,1788869115.2568908,lr/detect_head.decay,1.596112311015119e-05
276,1788869115.2568908,lr/detect_head.no_decay,1.596112311015119e-05
276,1788869115.2568908,lr/masf.decay,0.0
276,1788869115.2568908,lr/masf.no_decay,0.0
276,1788869115.2568908,lr/neck.decay,6.384449244060475e-06
276,1788869115.2568908,lr/neck.no_decay,6.384449244060475e-06
276,1788869115.2568908,lr/pose_head.decay,1.596112311015119e-05
276,1788869115.2568908,lr/pose_head.no_decay,1.596112311015119e-05
276,1788869115.2568908,pose/component_0,0.7099898457527161
276,1788869115.2568908,pose/component_1,0.021761609241366386
276,1788869115.2568908,pose/component_2,0.0017992713255807757
276,1788869115.2568908,pose/component_3,0.39635106921195984
276,1788869115.2568908,pose/component_4,0.0020698080770671368
276,1788869115.2568908,pose/component_5,0.0
277,1788869116.4322739,amp/overflow_retries,0.0
277,1788869116.4322739,amp/scale,512.0
277,1788869116.4322739,detect/component_0,1.0917625427246094
277,1788869116.4322739,detect/component_1,0.9846010804176331
277,1788869116.4322739,detect/component_2,0.006239039357751608
277,1788869116.4322739,gradient/clipped_norm,151.08042907714844
277,1788869116.4322739,images/detect,256.0
277,1788869116.4322739,images/pose,16.0
277,1788869116.4322739,loss/backward,106.2940444946289
277,1788869116.4322739,loss/detect_mean,1.8437790870666504
277,1788869116.4322739,loss/joint_mean,1.6608444452285767
277,1788869116.4322739,loss/pose_mean,0.9291058778762817
277,1788869116.4322739,lr/attention.decay,0.0
277,1788869116.4322739,lr/attention.no_decay,0.0
277,1788869116.4322739,lr/backbone.decay,0.0
277,1788869116.4322739,lr/backbone.no_decay,0.0
277,1788869116.4322739,lr/detect_head.decay,1.60097192224622e-05
277,1788869116.4322739,lr/detect_head.no_decay,1.60097192224622e-05
277,1788869116.4322739,lr/masf.decay,0.0
277,1788869116.4322739,lr/masf.no_decay,0.0
277,1788869116.4322739,lr/neck.decay,6.403887688984881e-06
277,1788869116.4322739,lr/neck.no_decay,6.403887688984881e-06
277,1788869116.4322739,lr/pose_head.decay,1.60097192224622e-05
277,1788869116.4322739,lr/pose_head.no_decay,1.60097192224622e-05
277,1788869116.4322739,pose/component_0,0.6271600127220154
277,1788869116.4322739,pose/component_1,0.010236400179564953
277,1788869116.4322739,pose/component_2,0.05924998223781586
277,1788869116.4322739,pose/component_3,0.2005850076675415
277,1788869116.4322739,pose/component_4,0.0024193767458200455
277,1788869116.4322739,pose/component_5,0.0
278,1788869117.6181035,amp/overflow_retries,0.0
278,1788869117.6181035,amp/scale,512.0
278,1788869117.6181035,detect/component_0,1.0736819505691528
278,1788869117.6181035,detect/component_1,0.9850562810897827
278,1788869117.6181035,detect/component_2,0.006362252403050661
278,1788869117.6181035,gradient/clipped_norm,133.63955688476562
278,1788869117.6181035,images/detect,256.0
278,1788869117.6181035,images/pose,16.0
278,1788869117.6181035,loss/backward,105.43760681152344
278,1788869117.6181035,loss/detect_mean,1.8271907567977905
278,1788869117.6181035,loss/joint_mean,1.6474626064300537
278,1788869117.6181035,loss/pose_mean,0.9285500049591064
278,1788869117.6181035,lr/attention.decay,0.0
278,1788869117.6181035,lr/attention.no_decay,0.0
278,1788869117.6181035,lr/backbone.decay,0.0
278,1788869117.6181035,lr/backbone.no_decay,0.0
278,1788869117.6181035,lr/detect_head.decay,1.6058315334773217e-05
278,1788869117.6181035,lr/detect_head.no_decay,1.6058315334773217e-05
278,1788869117.6181035,lr/masf.decay,0.0
278,1788869117.6181035,lr/masf.no_decay,0.0
278,1788869117.6181035,lr/neck.decay,6.423326133909288e-06
278,1788869117.6181035,lr/neck.no_decay,6.423326133909288e-06
278,1788869117.6181035,lr/pose_head.decay,1.6058315334773217e-05
278,1788869117.6181035,lr/pose_head.no_decay,1.6058315334773217e-05
278,1788869117.6181035,pose/component_0,0.7108032703399658
278,1788869117.6181035,pose/component_1,0.008834507316350937
278,1788869117.6181035,pose/component_2,0.0010439656907692552
278,1788869117.6181035,pose/component_3,0.25025761127471924
278,1788869117.6181035,pose/component_4,0.002011883305385709
278,1788869117.6181035,pose/component_5,0.0
279,1788869118.7840614,amp/overflow_retries,0.0
279,1788869118.7840614,amp/scale,512.0
279,1788869118.7840614,detect/component_0,1.0290617942810059
279,1788869118.7840614,detect/component_1,0.9545583128929138
279,1788869118.7840614,detect/component_2,0.007344160228967667
279,1788869118.7840614,gradient/clipped_norm,148.232421875
279,1788869118.7840614,images/detect,256.0
279,1788869118.7840614,images/pose,16.0
279,1788869118.7840614,loss/backward,103.7911003112793
279,1788869118.7840614,loss/detect_mean,1.7918987423181534
279,1788869118.7840614,loss/joint_mean,1.621735942363739
279,1788869118.7840614,loss/pose_mean,0.9410847425460815
279,1788869118.7840614,lr/attention.decay,0.0
279,1788869118.7840614,lr/attention.no_decay,0.0
279,1788869118.7840614,lr/backbone.decay,0.0
279,1788869118.7840614,lr/backbone.no_decay,0.0
279,1788869118.7840614,lr/detect_head.decay,1.6106911447084234e-05
279,1788869118.7840614,lr/detect_head.no_decay,1.6106911447084234e-05
279,1788869118.7840614,lr/masf.decay,0.0
279,1788869118.7840614,lr/masf.no_decay,0.0
279,1788869118.7840614,lr/neck.decay,6.4427645788336935e-06
279,1788869118.7840614,lr/neck.no_decay,6.4427645788336935e-06
279,1788869118.7840614,lr/pose_head.decay,1.6106911447084234e-05
279,1788869118.7840614,lr/pose_head.no_decay,1.6106911447084234e-05
279,1788869118.7840614,pose/component_0,0.7053027749061584
279,1788869118.7840614,pose/component_1,0.007996762171387672
279,1788869118.7840614,pose/component_2,0.0010693559888750315
279,1788869118.7840614,pose/component_3,0.21205049753189087
279,1788869118.7840614,pose/component_4,0.0018425078596919775
279,1788869118.7840614,pose/component_5,0.0
280,1788869119.9661517,amp/overflow_retries,0.0
280,1788869119.9661517,amp/scale,512.0
280,1788869119.9661517,detect/component_0,1.0069890022277832
280,1788869119.9661517,detect/component_1,0.945222020149231
280,1788869119.9661517,detect/component_2,0.0069410293363034725
280,1788869119.9661517,gradient/clipped_norm,143.88670349121094
280,1788869119.9661517,images/detect,256.0
280,1788869119.9661517,images/pose,16.0
280,1788869119.9661517,loss/backward,99.89254684448242
280,1788869119.9661517,loss/detect_mean,1.7526303380727768
280,1788869119.9661517,loss/joint_mean,1.5608210444450379
280,1788869119.9661517,loss/pose_mean,0.793583869934082
280,1788869119.9661517,lr/attention.decay,0.0
280,1788869119.9661517,lr/attention.no_decay,0.0
280,1788869119.9661517,lr/backbone.decay,0.0
280,1788869119.9661517,lr/backbone.no_decay,0.0
280,1788869119.9661517,lr/detect_head.decay,1.615550755939525e-05
280,1788869119.9661517,lr/detect_head.no_decay,1.615550755939525e-05
280,1788869119.9661517,lr/masf.decay,0.0
280,1788869119.9661517,lr/masf.no_decay,0.0
280,1788869119.9661517,lr/neck.decay,6.4622030237581e-06
280,1788869119.9661517,lr/neck.no_decay,6.4622030237581e-06
280,1788869119.9661517,lr/pose_head.decay,1.615550755939525e-05
280,1788869119.9661517,lr/pose_head.no_decay,1.615550755939525e-05
280,1788869119.9661517,pose/component_0,0.5830482244491577
280,1788869119.9661517,pose/component_1,0.016485702246427536
280,1788869119.9661517,pose/component_2,0.005906614474952221
280,1788869119.9661517,pose/component_3,0.2455769181251526
280,1788869119.9661517,pose/component_4,0.0013731265207752585
280,1788869119.9661517,pose/component_5,0.0
281,1788869121.14708,amp/overflow_retries,0.0
281,1788869121.14708,amp/scale,512.0
281,1788869121.14708,detect/component_0,0.9786297082901001
281,1788869121.14708,detect/component_1,0.8961322903633118
281,1788869121.14708,detect/component_2,0.006505455821752548
281,1788869121.14708,gradient/clipped_norm,129.194580078125
281,1788869121.14708,images/detect,256.0
281,1788869121.14708,images/pose,16.0
281,1788869121.14708,loss/backward,96.82712936401367
281,1788869121.14708,loss/detect_mean,1.6917513459920883
281,1788869121.14708,loss/joint_mean,1.5129238963127136
281,1788869121.14708,loss/pose_mean,0.7976140975952148
281,1788869121.14708,lr/attention.decay,0.0
281,1788869121.14708,lr/attention.no_decay,0.0
281,1788869121.14708,lr/backbone.decay,0.0
281,1788869121.14708,lr/backbone.no_decay,0.0
281,1788869121.14708,lr/detect_head.decay,1.6204103671706263e-05
281,1788869121.14708,lr/detect_head.no_decay,1.6204103671706263e-05
281,1788869121.14708,lr/masf.decay,0.0
281,1788869121.14708,lr/masf.no_decay,0.0
281,1788869121.14708,lr/neck.decay,6.481641468682506e-06
281,1788869121.14708,lr/neck.no_decay,6.481641468682506e-06
281,1788869121.14708,lr/pose_head.decay,1.6204103671706263e-05
281,1788869121.14708,lr/pose_head.no_decay,1.6204103671706263e-05
281,1788869121.14708,pose/component_0,0.5735377073287964
281,1788869121.14708,pose/component_1,0.0077231526374816895
281,1788869121.14708,pose/component_2,0.0013750940561294556
281,1788869121.14708,pose/component_3,0.2288438379764557
281,1788869121.14708,pose/component_4,0.001622982556000352
281,1788869121.14708,pose/component_5,0.0
282,1788869122.3308716,amp/overflow_retries,0.0
282,1788869122.3308716,amp/scale,512.0
282,1788869122.3308716,detect/component_0,0.9951752424240112
282,1788869122.3308716,detect/component_1,0.9246689677238464
282,1788869122.3308716,detect/component_2,0.0064369915053248405
282,1788869122.3308716,gradient/clipped_norm,137.76397705078125
282,1788869122.3308716,images/detect,256.0
282,1788869122.3308716,images/pose,16.0
282,1788869122.3308716,loss/backward,100.08260040283203
282,1788869122.3308716,loss/detect_mean,1.7165643572807312
282,1788869122.3308716,loss/joint_mean,1.5637906312942504
282,1788869122.3308716,loss/pose_mean,0.9526957273483276
282,1788869122.3308716,lr/attention.decay,0.0
282,1788869122.3308716,lr/attention.no_decay,0.0
282,1788869122.3308716,lr/backbone.decay,0.0
282,1788869122.3308716,lr/backbone.no_decay,0.0
282,1788869122.3308716,lr/detect_head.decay,1.6252699784017282e-05
282,1788869122.3308716,lr/detect_head.no_decay,1.6252699784017282e-05
282,1788869122.3308716,lr/masf.decay,0.0
282,1788869122.3308716,lr/masf.no_decay,0.0
282,1788869122.3308716,lr/neck.decay,6.5010799136069124e-06
282,1788869122.3308716,lr/neck.no_decay,6.5010799136069124e-06
282,1788869122.3308716,lr/pose_head.decay,1.6252699784017282e-05
282,1788869122.3308716,lr/pose_head.no_decay,1.6252699784017282e-05
282,1788869122.3308716,pose/component_0,0.7348662614822388
282,1788869122.3308716,pose/component_1,0.04189600050449371
282,1788869122.3308716,pose/component_2,0.0014906127471476793
282,1788869122.3308716,pose/component_3,0.23282566666603088
282,1788869122.3308716,pose/component_4,0.0016905737575143576
282,1788869122.3308716,pose/component_5,0.0
283,1788869123.4997156,amp/overflow_retries,0.0
283,1788869123.4997156,amp/scale,512.0
283,1788869123.4997156,detect/component_0,1.0330625772476196
283,1788869123.4997156,detect/component_1,0.9421507716178894
283,1788869123.4997156,detect/component_2,0.006224668584764004
283,1788869123.4997156,gradient/clipped_norm,147.44717407226562
283,1788869123.4997156,images/detect,256.0
283,1788869123.4997156,images/pose,16.0
283,1788869123.4997156,loss/backward,102.60253067016602
283,1788869123.4997156,loss/detect_mean,1.764207348227501
283,1788869123.4997156,loss/joint_mean,1.603164541721344
283,1788869123.4997156,loss/pose_mean,0.9589933156967163
283,1788869123.4997156,lr/attention.decay,0.0
283,1788869123.4997156,lr/attention.no_decay,0.0
283,1788869123.4997156,lr/backbone.decay,0.0
283,1788869123.4997156,lr/backbone.no_decay,0.0
283,1788869123.4997156,lr/detect_head.decay,1.6301295896328292e-05
283,1788869123.4997156,lr/detect_head.no_decay,1.6301295896328292e-05
283,1788869123.4997156,lr/masf.decay,0.0
283,1788869123.4997156,lr/masf.no_decay,0.0
283,1788869123.4997156,lr/neck.decay,6.520518358531317e-06
283,1788869123.4997156,lr/neck.no_decay,6.520518358531317e-06
283,1788869123.4997156,lr/pose_head.decay,1.6301295896328292e-05
283,1788869123.4997156,lr/pose_head.no_decay,1.6301295896328292e-05
283,1788869123.4997156,pose/component_0,0.6735023856163025
283,1788869123.4997156,pose/component_1,0.010420485399663448
283,1788869123.4997156,pose/component_2,0.001969840843230486
283,1788869123.4997156,pose/component_3,0.24563857913017273
283,1788869123.4997156,pose/component_4,0.001687265234068036
283,1788869123.4997156,pose/component_5,0.0
284,1788869124.6644928,amp/overflow_retries,0.0
284,1788869124.6644928,amp/scale,512.0
284,1788869124.6644928,detect/component_0,1.040723443031311
284,1788869124.6644928,detect/component_1,0.9269562363624573
284,1788869124.6644928,detect/component_2,0.006832006853073835
284,1788869124.6644928,gradient/clipped_norm,105.0441665649414
284,1788869124.6644928,images/detect,256.0
284,1788869124.6644928,images/pose,16.0
284,1788869124.6644928,loss/backward,100.09721527099609
284,1788869124.6644928,loss/detect_mean,1.7733814120292664
284,1788869124.6644928,loss/joint_mean,1.5640189886093139
284,1788869124.6644928,loss/pose_mean,0.7265692949295044
284,1788869124.6644928,lr/attention.decay,0.0
284,1788869124.6644928,lr/attention.no_decay,0.0
284,1788869124.6644928,lr/backbone.decay,0.0
284,1788869124.6644928,lr/backbone.no_decay,0.0
284,1788869124.6644928,lr/detect_head.decay,1.6349892008639308e-05
284,1788869124.6644928,lr/detect_head.no_decay,1.6349892008639308e-05
284,1788869124.6644928,lr/masf.decay,0.0
284,1788869124.6644928,lr/masf.no_decay,0.0
284,1788869124.6644928,lr/neck.decay,6.539956803455723e-06
284,1788869124.6644928,lr/neck.no_decay,6.539956803455723e-06
284,1788869124.6644928,lr/pose_head.decay,1.6349892008639308e-05
284,1788869124.6644928,lr/pose_head.no_decay,1.6349892008639308e-05
284,1788869124.6644928,pose/component_0,0.5571174025535583
284,1788869124.6644928,pose/component_1,0.006840705871582031
284,1788869124.6644928,pose/component_2,0.0010039889020845294
284,1788869124.6644928,pose/component_3,0.17509298026561737
284,1788869124.6644928,pose/component_4,0.0018499597208574414
284,1788869124.6644928,pose/component_5,0.0
285,1788869125.8296268,amp/overflow_retries,0.0
285,1788869125.8296268,amp/scale,512.0
285,1788869125.8296268,detect/component_0,1.0947072505950928
285,1788869125.8296268,detect/component_1,0.9676604270935059
285,1788869125.8296268,detect/component_2,0.006495309062302113
285,1788869125.8296268,gradient/clipped_norm,135.75108337402344
285,1788869125.8296268,images/detect,256.0
285,1788869125.8296268,images/pose,16.0
285,1788869125.8296268,loss/backward,104.90300216674805
285,1788869125.8296268,loss/detect_mean,1.8313470482826233
285,1788869125.8296268,loss/joint_mean,1.6391094088554383
285,1788869125.8296268,loss/pose_mean,0.870158851146698
285,1788869125.8296268,lr/attention.decay,0.0
285,1788869125.8296268,lr/attention.no_decay,0.0
285,1788869125.8296268,lr/backbone.decay,0.0
285,1788869125.8296268,lr/backbone.no_decay,0.0
285,1788869125.8296268,lr/detect_head.decay,1.6398488120950324e-05
285,1788869125.8296268,lr/detect_head.no_decay,1.6398488120950324e-05
285,1788869125.8296268,lr/masf.decay,0.0
285,1788869125.8296268,lr/masf.no_decay,0.0
285,1788869125.8296268,lr/neck.decay,6.55939524838013e-06
285,1788869125.8296268,lr/neck.no_decay,6.55939524838013e-06
285,1788869125.8296268,lr/pose_head.decay,1.6398488120950324e-05
285,1788869125.8296268,lr/pose_head.no_decay,1.6398488120950324e-05
285,1788869125.8296268,pose/component_0,0.6351042985916138
285,1788869125.8296268,pose/component_1,0.012867901474237442
285,1788869125.8296268,pose/component_2,0.004151289351284504
285,1788869125.8296268,pose/component_3,0.26005712151527405
285,1788869125.8296268,pose/component_4,0.0032649869099259377
285,1788869125.8296268,pose/component_5,0.0
286,1788869126.9922073,amp/overflow_retries,0.0
286,1788869126.9922073,amp/scale,512.0
286,1788869126.9922073,detect/component_0,1.038496971130371
286,1788869126.9922073,detect/component_1,0.9258013963699341
286,1788869126.9922073,detect/component_2,0.006514240987598896
286,1788869126.9922073,gradient/clipped_norm,109.92731475830078
286,1788869126.9922073,images/detect,256.0
286,1788869126.9922073,images/pose,16.0
286,1788869126.9922073,loss/backward,100.43764419555664
286,1788869126.9922073,loss/detect_mean,1.7557984739542007
286,1788869126.9922073,loss/joint_mean,1.5693381905555726
286,1788869126.9922073,loss/pose_mean,0.8234970569610596
286,1788869126.9922073,lr/attention.decay,0.0
286,1788869126.9922073,lr/attention.no_decay,0.0
286,1788869126.9922073,lr/backbone.decay,0.0
286,1788869126.9922073,lr/backbone.no_decay,0.0
286,1788869126.9922073,lr/detect_head.decay,1.644708423326134e-05
286,1788869126.9922073,lr/detect_head.no_decay,1.644708423326134e-05
286,1788869126.9922073,lr/masf.decay,0.0
286,1788869126.9922073,lr/masf.no_decay,0.0
286,1788869126.9922073,lr/neck.decay,6.578833693304536e-06
286,1788869126.9922073,lr/neck.no_decay,6.578833693304536e-06
286,1788869126.9922073,lr/pose_head.decay,1.644708423326134e-05
286,1788869126.9922073,lr/pose_head.no_decay,1.644708423326134e-05
286,1788869126.9922073,pose/component_0,0.6263548135757446
286,1788869126.9922073,pose/component_1,0.008462389931082726
286,1788869126.9922073,pose/component_2,0.0017960339318960905
286,1788869126.9922073,pose/component_3,0.2412826120853424
286,1788869126.9922073,pose/component_4,0.0021163802593946457
286,1788869126.9922073,pose/component_5,0.0
287,1788869128.1569438,amp/overflow_retries,0.0
287,1788869128.1569438,amp/scale,512.0
287,1788869128.1569438,detect/component_0,1.054270625114441
287,1788869128.1569438,detect/component_1,0.9737266302108765
287,1788869128.1569438,detect/component_2,0.006817378103733063
287,1788869128.1569438,gradient/clipped_norm,165.49441528320312
287,1788869128.1569438,images/detect,256.0
287,1788869128.1569438,images/pose,16.0
287,1788869128.1569438,loss/backward,108.0416275024414
287,1788869128.1569438,loss/detect_mean,1.8059715330600739
287,1788869128.1569438,loss/joint_mean,1.6881504297256469
287,1788869128.1569438,loss/pose_mean,1.2168660163879395
287,1788869128.1569438,lr/attention.decay,0.0
287,1788869128.1569438,lr/attention.no_decay,0.0
287,1788869128.1569438,lr/backbone.decay,0.0
287,1788869128.1569438,lr/backbone.no_decay,0.0
287,1788869128.1569438,lr/detect_head.decay,1.6495680345572353e-05
287,1788869128.1569438,lr/detect_head.no_decay,1.6495680345572353e-05
287,1788869128.1569438,lr/masf.decay,0.0
287,1788869128.1569438,lr/masf.no_decay,0.0
287,1788869128.1569438,lr/neck.decay,6.5982721382289415e-06
287,1788869128.1569438,lr/neck.no_decay,6.5982721382289415e-06
287,1788869128.1569438,lr/pose_head.decay,1.6495680345572353e-05
287,1788869128.1569438,lr/pose_head.no_decay,1.6495680345572353e-05
287,1788869128.1569438,pose/component_0,0.8587635159492493
287,1788869128.1569438,pose/component_1,0.016759097576141357
287,1788869128.1569438,pose/component_2,0.001727274851873517
287,1788869128.1569438,pose/component_3,0.4000791609287262
287,1788869128.1569438,pose/component_4,0.0027522114105522633
287,1788869128.1569438,pose/component_5,0.0
288,1788869129.3148339,amp/overflow_retries,0.0
288,1788869129.3148339,amp/scale,512.0
288,1788869129.3148339,detect/component_0,1.0436217784881592
288,1788869129.3148339,detect/component_1,0.9147921204566956
288,1788869129.3148339,detect/component_2,0.006108041852712631
288,1788869129.3148339,gradient/clipped_norm,129.49551391601562
288,1788869129.3148339,images/detect,256.0
288,1788869129.3148339,images/pose,16.0
288,1788869129.3148339,loss/backward,102.87270431518554
288,1788869129.3148339,loss/detect_mean,1.747168943285942
288,1788869129.3148339,loss/joint_mean,1.6073860049247741
288,1788869129.3148339,loss/pose_mean,1.0482542514801025
288,1788869129.3148339,lr/attention.decay,0.0
288,1788869129.3148339,lr/attention.no_decay,0.0
288,1788869129.3148339,lr/backbone.decay,0.0
288,1788869129.3148339,lr/backbone.no_decay,0.0
288,1788869129.3148339,lr/detect_head.decay,1.654427645788337e-05
288,1788869129.3148339,lr/detect_head.no_decay,1.654427645788337e-05
288,1788869129.3148339,lr/masf.decay,0.0
288,1788869129.3148339,lr/masf.no_decay,0.0
288,1788869129.3148339,lr/neck.decay,6.617710583153349e-06
288,1788869129.3148339,lr/neck.no_decay,6.617710583153349e-06
288,1788869129.3148339,lr/pose_head.decay,1.654427645788337e-05
288,1788869129.3148339,lr/pose_head.no_decay,1.654427645788337e-05
288,1788869129.3148339,pose/component_0,0.6801385283470154
288,1788869129.3148339,pose/component_1,0.010883299633860588
288,1788869129.3148339,pose/component_2,0.0011853785254061222
288,1788869129.3148339,pose/component_3,0.47583407163619995
288,1788869129.3148339,pose/component_4,0.001503082225099206
288,1788869129.3148339,pose/component_5,0.0
289,1788869130.4917417,amp/overflow_retries,0.0
289,1788869130.4917417,amp/scale,512.0
289,1788869130.4917417,detect/component_0,1.1249221563339233
289,1788869130.4917417,detect/component_1,0.9565531611442566
289,1788869130.4917417,detect/component_2,0.005983716808259487
289,1788869130.4917417,gradient/clipped_norm,118.86312103271484
289,1788869130.4917417,images/detect,256.0
289,1788869130.4917417,images/pose,16.0
289,1788869130.4917417,loss/backward,107.68272018432617
289,1788869130.4917417,loss/detect_mean,1.845418557524681
289,1788869130.4917417,loss/joint_mean,1.6825425028800964
289,1788869130.4917417,loss/pose_mean,1.0310382843017578
289,1788869130.4917417,lr/attention.decay,0.0
289,1788869130.4917417,lr/attention.no_decay,0.0
289,1788869130.4917417,lr/backbone.decay,0.0
289,1788869130.4917417,lr/backbone.no_decay,0.0
289,1788869130.4917417,lr/detect_head.decay,1.6592872570194386e-05
289,1788869130.4917417,lr/detect_head.no_decay,1.6592872570194386e-05
289,1788869130.4917417,lr/masf.decay,0.0
289,1788869130.4917417,lr/masf.no_decay,0.0
289,1788869130.4917417,lr/neck.decay,6.637149028077754e-06
289,1788869130.4917417,lr/neck.no_decay,6.637149028077754e-06
289,1788869130.4917417,lr/pose_head.decay,1.6592872570194386e-05
289,1788869130.4917417,lr/pose_head.no_decay,1.6592872570194386e-05
289,1788869130.4917417,pose/component_0,0.7606105804443359
289,1788869130.4917417,pose/component_1,0.012183737009763718
289,1788869130.4917417,pose/component_2,0.04485248029232025
289,1788869130.4917417,pose/component_3,0.25729867815971375
289,1788869130.4917417,pose/component_4,0.001948441844433546
289,1788869130.4917417,pose/component_5,0.0
290,1788869131.6497335,amp/overflow_retries,0.0
290,1788869131.6497335,amp/scale,512.0
290,1788869131.6497335,detect/component_0,1.1079219579696655
290,1788869131.6497335,detect/component_1,0.9964554905891418
290,1788869131.6497335,detect/component_2,0.006277920212596655
290,1788869131.6497335,gradient/clipped_norm,127.12998962402344
290,1788869131.6497335,images/detect,256.0
290,1788869131.6497335,images/pose,16.0
290,1788869131.6497335,loss/backward,107.84301300048828
290,1788869131.6497335,loss/detect_mean,1.868174970149994
290,1788869131.6497335,loss/joint_mean,1.6850470781326294
290,1788869131.6497335,loss/pose_mean,0.9525355100631714
290,1788869131.6497335,lr/attention.decay,0.0
290,1788869131.6497335,lr/attention.no_decay,0.0
290,1788869131.6497335,lr/backbone.decay,0.0
290,1788869131.6497335,lr/backbone.no_decay,0.0
290,1788869131.6497335,lr/detect_head.decay,1.6641468682505402e-05
290,1788869131.6497335,lr/detect_head.no_decay,1.6641468682505402e-05
290,1788869131.6497335,lr/masf.decay,0.0
290,1788869131.6497335,lr/masf.no_decay,0.0
290,1788869131.6497335,lr/neck.decay,6.6565874730021605e-06
290,1788869131.6497335,lr/neck.no_decay,6.6565874730021605e-06
290,1788869131.6497335,lr/pose_head.decay,1.6641468682505402e-05
290,1788869131.6497335,lr/pose_head.no_decay,1.6641468682505402e-05
290,1788869131.6497335,pose/component_0,0.7562543749809265
290,1788869131.6497335,pose/component_1,0.01038510724902153
290,1788869131.6497335,pose/component_2,0.008334088139235973
290,1788869131.6497335,pose/component_3,0.26081758737564087
290,1788869131.6497335,pose/component_4,0.0018275737529620528
290,1788869131.6497335,pose/component_5,0.0
291,1788869132.8121026,amp/overflow_retries,0.0
291,1788869132.8121026,amp/scale,512.0
291,1788869132.8121026,detect/component_0,1.0257667303085327
291,1788869132.8121026,detect/component_1,0.9371691942214966
291,1788869132.8121026,detect/component_2,0.006689346395432949
291,1788869132.8121026,gradient/clipped_norm,161.56048583984375
291,1788869132.8121026,images/detect,256.0
291,1788869132.8121026,images/pose,16.0
291,1788869132.8121026,loss/backward,103.58369750976563
291,1788869132.8121026,loss/detect_mean,1.7423483729362488
291,1788869132.8121026,loss/joint_mean,1.618495273590088
291,1788869132.8121026,loss/pose_mean,1.1230828762054443
291,1788869132.8121026,lr/attention.decay,0.0
291,1788869132.8121026,lr/attention.no_decay,0.0
291,1788869132.8121026,lr/backbone.decay,0.0
291,1788869132.8121026,lr/backbone.no_decay,0.0
291,1788869132.8121026,lr/detect_head.decay,1.6690064794816415e-05
291,1788869132.8121026,lr/detect_head.no_decay,1.6690064794816415e-05
291,1788869132.8121026,lr/masf.decay,0.0
291,1788869132.8121026,lr/masf.no_decay,0.0
291,1788869132.8121026,lr/neck.decay,6.676025917926566e-06
291,1788869132.8121026,lr/neck.no_decay,6.676025917926566e-06
291,1788869132.8121026,lr/pose_head.decay,1.6690064794816415e-05
291,1788869132.8121026,lr/pose_head.no_decay,1.6690064794816415e-05
291,1788869132.8121026,pose/component_0,0.7936356663703918
291,1788869132.8121026,pose/component_1,0.07100360095500946
291,1788869132.8121026,pose/component_2,0.013270990923047066
291,1788869132.8121026,pose/component_3,0.3830232322216034
291,1788869132.8121026,pose/component_4,0.0016817401628941298
291,1788869132.8121026,pose/component_5,0.0
292,1788869133.9782777,amp/overflow_retries,0.0
292,1788869133.9782777,amp/scale,512.0
292,1788869133.9782777,detect/component_0,1.066718339920044
292,1788869133.9782777,detect/component_1,0.945797324180603
292,1788869133.9782777,detect/component_2,0.006514360196888447
292,1788869133.9782777,gradient/clipped_norm,142.4213409423828
292,1788869133.9782777,images/detect,256.0
292,1788869133.9782777,images/pose,16.0
292,1788869133.9782777,loss/backward,105.04244766235351
292,1788869133.9782777,loss/detect_mean,1.7922924309968948
292,1788869133.9782777,loss/joint_mean,1.6412882447242736
292,1788869133.9782777,loss/pose_mean,1.037271499633789
292,1788869133.9782777,lr/attention.decay,0.0
292,1788869133.9782777,lr/attention.no_decay,0.0
292,1788869133.9782777,lr/backbone.decay,0.0
292,1788869133.9782777,lr/backbone.no_decay,0.0
292,1788869133.9782777,lr/detect_head.decay,1.6738660907127428e-05
292,1788869133.9782777,lr/detect_head.no_decay,1.6738660907127428e-05
292,1788869133.9782777,lr/masf.decay,0.0
292,1788869133.9782777,lr/masf.no_decay,0.0
292,1788869133.9782777,lr/neck.decay,6.695464362850972e-06
292,1788869133.9782777,lr/neck.no_decay,6.695464362850972e-06
292,1788869133.9782777,lr/pose_head.decay,1.6738660907127428e-05
292,1788869133.9782777,lr/pose_head.no_decay,1.6738660907127428e-05
292,1788869133.9782777,pose/component_0,0.7709816694259644
292,1788869133.9782777,pose/component_1,0.00518462061882019
292,1788869133.9782777,pose/component_2,0.002308271825313568
292,1788869133.9782777,pose/component_3,0.2814140319824219
292,1788869133.9782777,pose/component_4,0.0034715202637016773
292,1788869133.9782777,pose/component_5,0.0
293,1788869135.1556158,amp/overflow_retries,0.0
293,1788869135.1556158,amp/scale,512.0
293,1788869135.1556158,detect/component_0,1.0148695707321167
293,1788869135.1556158,detect/component_1,0.9544721245765686
293,1788869135.1556158,detect/component_2,0.006600366905331612
293,1788869135.1556158,gradient/clipped_norm,109.42912292480469
293,1788869135.1556158,images/detect,256.0
293,1788869135.1556158,images/pose,16.0
293,1788869135.1556158,loss/backward,99.98848419189453
293,1788869135.1556158,loss/detect_mean,1.7689404785633087
293,1788869135.1556158,loss/joint_mean,1.562320065498352
293,1788869135.1556158,loss/pose_mean,0.7358384132385254
293,1788869135.1556158,lr/attention.decay,0.0
293,1788869135.1556158,lr/attention.no_decay,0.0
293,1788869135.1556158,lr/backbone.decay,0.0
293,1788869135.1556158,lr/backbone.no_decay,0.0
293,1788869135.1556158,lr/detect_head.decay,1.6787257019438447e-05
293,1788869135.1556158,lr/detect_head.no_decay,1.6787257019438447e-05
293,1788869135.1556158,lr/masf.decay,0.0
293,1788869135.1556158,lr/masf.no_decay,0.0
293,1788869135.1556158,lr/neck.decay,6.714902807775379e-06
293,1788869135.1556158,lr/neck.no_decay,6.714902807775379e-06
293,1788869135.1556158,lr/pose_head.decay,1.6787257019438447e-05
293,1788869135.1556158,lr/pose_head.no_decay,1.6787257019438447e-05
293,1788869135.1556158,pose/component_0,0.45829829573631287
293,1788869135.1556158,pose/component_1,0.008903605863451958
293,1788869135.1556158,pose/component_2,0.009572266601026058
293,1788869135.1556158,pose/component_3,0.23017846047878265
293,1788869135.1556158,pose/component_4,0.001845017308369279
293,1788869135.1556158,pose/component_5,0.0
294,1788869136.3257546,amp/overflow_retries,0.0
294,1788869136.3257546,amp/scale,512.0
294,1788869136.3257546,detect/component_0,0.9779951572418213
294,1788869136.3257546,detect/component_1,0.9377022981643677
294,1788869136.3257546,detect/component_2,0.0061456928960978985
294,1788869136.3257546,gradient/clipped_norm,131.23919677734375
294,1788869136.3257546,images/detect,256.0
294,1788869136.3257546,images/pose,16.0
294,1788869136.3257546,loss/backward,98.41901779174805
294,1788869136.3257546,loss/detect_mean,1.716788336634636
294,1788869136.3257546,loss/joint_mean,1.5377971529960632
294,1788869136.3257546,loss/pose_mean,0.8218324184417725
294,1788869136.3257546,lr/attention.decay,0.0
294,1788869136.3257546,lr/attention.no_decay,0.0
294,1788869136.3257546,lr/backbone.decay,0.0
294,1788869136.3257546,lr/backbone.no_decay,0.0
294,1788869136.3257546,lr/detect_head.decay,1.683585313174946e-05
294,1788869136.3257546,lr/detect_head.no_decay,1.683585313174946e-05
294,1788869136.3257546,lr/masf.decay,0.0
294,1788869136.3257546,lr/masf.no_decay,0.0
294,1788869136.3257546,lr/neck.decay,6.734341252699784e-06
294,1788869136.3257546,lr/neck.no_decay,6.734341252699784e-06
294,1788869136.3257546,lr/pose_head.decay,1.683585313174946e-05
294,1788869136.3257546,lr/pose_head.no_decay,1.683585313174946e-05
294,1788869136.3257546,pose/component_0,0.5374792814254761
294,1788869136.3257546,pose/component_1,0.007270796224474907
294,1788869136.3257546,pose/component_2,0.0017828618874773383
294,1788869136.3257546,pose/component_3,0.2846439778804779
294,1788869136.3257546,pose/component_4,0.001870311563834548
294,1788869136.3257546,pose/component_5,0.0
295,1788869137.6832392,amp/overflow_retries,0.0
295,1788869137.6832392,amp/scale,512.0
295,1788869137.6832392,detect/component_0,1.0424343347549438
295,1788869137.6832392,detect/component_1,0.9544342160224915
295,1788869137.6832392,detect/component_2,0.0064739640802145
295,1788869137.6832392,gradient/clipped_norm,129.84889221191406
295,1788869137.6832392,images/detect,256.0
295,1788869137.6832392,images/pose,16.0
295,1788869137.6832392,loss/backward,100.93921737670898
295,1788869137.6832392,loss/detect_mean,1.7920093685388565
295,1788869137.6832392,loss/joint_mean,1.5771752715110778
295,1788869137.6832392,loss/pose_mean,0.7178388833999634
295,1788869137.6832392,lr/attention.decay,0.0
295,1788869137.6832392,lr/attention.no_decay,0.0
295,1788869137.6832392,lr/backbone.decay,0.0
295,1788869137.6832392,lr/backbone.no_decay,0.0
295,1788869137.6832392,lr/detect_head.decay,1.6884449244060476e-05
295,1788869137.6832392,lr/detect_head.no_decay,1.6884449244060476e-05
295,1788869137.6832392,lr/masf.decay,0.0
295,1788869137.6832392,lr/masf.no_decay,0.0
295,1788869137.6832392,lr/neck.decay,6.753779697624191e-06
295,1788869137.6832392,lr/neck.no_decay,6.753779697624191e-06
295,1788869137.6832392,lr/pose_head.decay,1.6884449244060476e-05
295,1788869137.6832392,lr/pose_head.no_decay,1.6884449244060476e-05
295,1788869137.6832392,pose/component_0,0.48184555768966675
295,1788869137.6832392,pose/component_1,0.00662122992798686
295,1788869137.6832392,pose/component_2,0.001488436246290803
295,1788869137.6832392,pose/component_3,0.2044059783220291
295,1788869137.6832392,pose/component_4,0.0017970283515751362
295,1788869137.6832392,pose/component_5,0.0
296,1788869138.8582602,amp/overflow_retries,0.0
296,1788869138.8582602,amp/scale,512.0
296,1788869138.8582602,detect/component_0,1.0309867858886719
296,1788869138.8582602,detect/component_1,0.9165469408035278
296,1788869138.8582602,detect/component_2,0.006191929802298546
296,1788869138.8582602,gradient/clipped_norm,141.49789428710938
296,1788869138.8582602,images/detect,256.0
296,1788869138.8582602,images/pose,16.0
296,1788869138.8582602,loss/backward,101.58887786865235
296,1788869138.8582602,loss/detect_mean,1.7457221746444702
296,1788869138.8582602,loss/joint_mean,1.587326216697693
296,1788869138.8582602,loss/pose_mean,0.9537423849105835
296,1788869138.8582602,lr/attention.decay,0.0
296,1788869138.8582602,lr/attention.no_decay,0.0
296,1788869138.8582602,lr/backbone.decay,0.0
296,1788869138.8582602,lr/backbone.no_decay,0.0
296,1788869138.8582602,lr/detect_head.decay,1.693304535637149e-05
296,1788869138.8582602,lr/detect_head.no_decay,1.693304535637149e-05
296,1788869138.8582602,lr/masf.decay,0.0
296,1788869138.8582602,lr/masf.no_decay,0.0
296,1788869138.8582602,lr/neck.decay,6.773218142548597e-06
296,1788869138.8582602,lr/neck.no_decay,6.773218142548597e-06
296,1788869138.8582602,lr/pose_head.decay,1.693304535637149e-05
296,1788869138.8582602,lr/pose_head.no_decay,1.693304535637149e-05
296,1788869138.8582602,pose/component_0,0.6240760087966919
296,1788869138.8582602,pose/component_1,0.048655323684215546
296,1788869138.8582602,pose/component_2,0.022418344393372536
296,1788869138.8582602,pose/component_3,0.2591867744922638
296,1788869138.8582602,pose/component_4,0.0032870685681700706
296,1788869138.8582602,pose/component_5,0.0
297,1788869140.022558,amp/overflow_retries,0.0
297,1788869140.022558,amp/scale,512.0
297,1788869140.022558,detect/component_0,1.1000957489013672
297,1788869140.022558,detect/component_1,0.9775211811065674
297,1788869140.022558,detect/component_2,0.005762812215834856
297,1788869140.022558,gradient/clipped_norm,134.01177978515625
297,1788869140.022558,images/detect,256.0
297,1788869140.022558,images/pose,16.0
297,1788869140.022558,loss/backward,108.03326187133788
297,1788869140.022558,loss/detect_mean,1.8498211652040482
297,1788869140.022558,loss/joint_mean,1.6880197167396545
297,1788869140.022558,loss/pose_mean,1.04081392288208
297,1788869140.022558,lr/attention.decay,0.0
297,1788869140.022558,lr/attention.no_decay,0.0
297,1788869140.022558,lr/backbone.decay,0.0
297,1788869140.022558,lr/backbone.no_decay,0.0
297,1788869140.022558,lr/detect_head.decay,1.698164146868251e-05
297,1788869140.022558,lr/detect_head.no_decay,1.698164146868251e-05
297,1788869140.022558,lr/masf.decay,0.0
297,1788869140.022558,lr/masf.no_decay,0.0
297,1788869140.022558,lr/neck.decay,6.792656587473003e-06
297,1788869140.022558,lr/neck.no_decay,6.792656587473003e-06
297,1788869140.022558,lr/pose_head.decay,1.698164146868251e-05
297,1788869140.022558,lr/pose_head.no_decay,1.698164146868251e-05
297,1788869140.022558,pose/component_0,0.6531808376312256
297,1788869140.022558,pose/component_1,0.007295169867575169
297,1788869140.022558,pose/component_2,0.08722186088562012
297,1788869140.022558,pose/component_3,0.24208888411521912
297,1788869140.022558,pose/component_4,0.001738857594318688
297,1788869140.022558,pose/component_5,0.0
298,1788869141.1976302,amp/overflow_retries,0.0
298,1788869141.1976302,amp/scale,512.0
298,1788869141.1976302,detect/component_0,1.0335742235183716
298,1788869141.1976302,detect/component_1,0.932216465473175
298,1788869141.1976302,detect/component_2,0.00668198661878705
298,1788869141.1976302,gradient/clipped_norm,487.59765625
298,1788869141.1976302,images/detect,256.0
298,1788869141.1976302,images/pose,16.0
298,1788869141.1976302,loss/backward,108.47898941040039
298,1788869141.1976302,loss/detect_mean,1.7704337388277054
298,1788869141.1976302,loss/joint_mean,1.694984209537506
298,1788869141.1976302,loss/pose_mean,1.393186092376709
298,1788869141.1976302,lr/attention.decay,0.0
298,1788869141.1976302,lr/attention.no_decay,0.0
298,1788869141.1976302,lr/backbone.decay,0.0
298,1788869141.1976302,lr/backbone.no_decay,0.0
298,1788869141.1976302,lr/detect_head.decay,1.7030237580993522e-05
298,1788869141.1976302,lr/detect_head.no_decay,1.7030237580993522e-05
298,1788869141.1976302,lr/masf.decay,0.0
298,1788869141.1976302,lr/masf.no_decay,0.0
298,1788869141.1976302,lr/neck.decay,6.8120950323974085e-06
298,1788869141.1976302,lr/neck.no_decay,6.8120950323974085e-06
298,1788869141.1976302,lr/pose_head.decay,1.7030237580993522e-05
298,1788869141.1976302,lr/pose_head.no_decay,1.7030237580993522e-05
298,1788869141.1976302,pose/component_0,0.840133547782898
298,1788869141.1976302,pose/component_1,0.12492309510707855
298,1788869141.1976302,pose/component_2,0.003961104899644852
298,1788869141.1976302,pose/component_3,0.39442524313926697
298,1788869141.1976302,pose/component_4,0.0021362598054111004
298,1788869141.1976302,pose/component_5,0.25802484154701233
299,1788869142.3642094,amp/overflow_retries,0.0
299,1788869142.3642094,amp/scale,512.0
299,1788869142.3642094,detect/component_0,1.0447019338607788
299,1788869142.3642094,detect/component_1,0.950774610042572
299,1788869142.3642094,detect/component_2,0.006508076563477516
299,1788869142.3642094,gradient/clipped_norm,128.11099243164062
299,1788869142.3642094,images/detect,256.0
299,1788869142.3642094,images/pose,16.0
299,1788869142.3642094,loss/backward,100.0763931274414
299,1788869142.3642094,loss/detect_mean,1.762009248137474
299,1788869142.3642094,loss/joint_mean,1.563693642616272
299,1788869142.3642094,loss/pose_mean,0.7704312205314636
299,1788869142.3642094,lr/attention.decay,0.0
299,1788869142.3642094,lr/attention.no_decay,0.0
299,1788869142.3642094,lr/backbone.decay,0.0
299,1788869142.3642094,lr/backbone.no_decay,0.0
299,1788869142.3642094,lr/detect_head.decay,1.7078833693304538e-05
299,1788869142.3642094,lr/detect_head.no_decay,1.7078833693304538e-05
299,1788869142.3642094,lr/masf.decay,0.0
299,1788869142.3642094,lr/masf.no_decay,0.0
299,1788869142.3642094,lr/neck.decay,6.831533477321816e-06
299,1788869142.3642094,lr/neck.no_decay,6.831533477321816e-06
299,1788869142.3642094,lr/pose_head.decay,1.7078833693304538e-05
299,1788869142.3642094,lr/pose_head.no_decay,1.7078833693304538e-05
299,1788869142.3642094,pose/component_0,0.47276371717453003
299,1788869142.3642094,pose/component_1,0.012225031852722168
299,1788869142.3642094,pose/component_2,0.032308757305145264
299,1788869142.3642094,pose/component_3,0.3322257101535797
299,1788869142.3642094,pose/component_4,0.002548499731346965
299,1788869142.3642094,pose/component_5,0.0
300,1788869143.5558317,amp/overflow_retries,0.0
300,1788869143.5558317,amp/scale,512.0
300,1788869143.5558317,detect/component_0,1.0583735704421997
300,1788869143.5558317,detect/component_1,0.9391820430755615
300,1788869143.5558317,detect/component_2,0.006388991139829159
300,1788869143.5558317,gradient/clipped_norm,137.5165252685547
300,1788869143.5558317,gradient/detect_shared_norm,69.69819303481417
300,1788869143.5558317,gradient/pose_shared_norm,65.81387380019434
300,1788869143.5558317,gradient/shared_cosine,0.023453800346559167
300,1788869143.5558317,images/detect,256.0
300,1788869143.5558317,images/pose,16.0
300,1788869143.5558317,loss/backward,102.05962219238282
300,1788869143.5558317,loss/detect_mean,1.7819554507732391
300,1788869143.5558317,loss/joint_mean,1.5946815967559815
300,1788869143.5558317,loss/pose_mean,0.8455861806869507
300,1788869143.5558317,lr/attention.decay,0.0
300,1788869143.5558317,lr/attention.no_decay,0.0
300,1788869143.5558317,lr/backbone.decay,0.0
300,1788869143.5558317,lr/backbone.no_decay,0.0
300,1788869143.5558317,lr/detect_head.decay,1.712742980561555e-05
300,1788869143.5558317,lr/detect_head.no_decay,1.712742980561555e-05
300,1788869143.5558317,lr/masf.decay,0.0
300,1788869143.5558317,lr/masf.no_decay,0.0
300,1788869143.5558317,lr/neck.decay,6.850971922246221e-06
300,1788869143.5558317,lr/neck.no_decay,6.850971922246221e-06
300,1788869143.5558317,lr/pose_head.decay,1.712742980561555e-05
300,1788869143.5558317,lr/pose_head.no_decay,1.712742980561555e-05
300,1788869143.5558317,pose/component_0,0.5778053998947144
300,1788869143.5558317,pose/component_1,0.007108628749847412
300,1788869143.5558317,pose/component_2,0.0016530051361769438
300,1788869143.5558317,pose/component_3,0.21871648728847504
300,1788869143.5558317,pose/component_4,0.0017327291425317526
300,1788869143.5558317,pose/component_5,0.0
301,1788869144.718753,amp/overflow_retries,0.0
301,1788869144.718753,amp/scale,512.0
301,1788869144.718753,detect/component_0,1.0047203302383423
301,1788869144.718753,detect/component_1,0.9030595421791077
301,1788869144.718753,detect/component_2,0.0067177219316363335
301,1788869144.718753,gradient/clipped_norm,159.50868225097656
301,1788869144.718753,images/detect,256.0
301,1788869144.718753,images/pose,16.0
301,1788869144.718753,loss/backward,97.41584014892578
301,1788869144.718753,loss/detect_mean,1.6966544389724731
301,1788869144.718753,loss/joint_mean,1.5221225023269653
301,1788869144.718753,loss/pose_mean,0.8239947557449341
301,1788869144.718753,lr/attention.decay,0.0
301,1788869144.718753,lr/attention.no_decay,0.0
301,1788869144.718753,lr/backbone.decay,0.0
301,1788869144.718753,lr/backbone.no_decay,0.0
301,1788869144.718753,lr/detect_head.decay,1.7176025917926567e-05
301,1788869144.718753,lr/detect_head.no_decay,1.7176025917926567e-05
301,1788869144.718753,lr/masf.decay,0.0
301,1788869144.718753,lr/masf.no_decay,0.0
301,1788869144.718753,lr/neck.decay,6.870410367170627e-06
301,1788869144.718753,lr/neck.no_decay,6.870410367170627e-06
301,1788869144.718753,lr/pose_head.decay,1.7176025917926567e-05
301,1788869144.718753,lr/pose_head.no_decay,1.7176025917926567e-05
301,1788869144.718753,pose/component_0,0.5713663101196289
301,1788869144.718753,pose/component_1,0.012126445770263672
301,1788869144.718753,pose/component_2,0.054481327533721924
301,1788869144.718753,pose/component_3,0.17232388257980347
301,1788869144.718753,pose/component_4,0.001718543004244566
301,1788869144.718753,pose/component_5,0.0
302,1788869145.9044573,amp/overflow_retries,0.0
302,1788869145.9044573,amp/scale,512.0
302,1788869145.9044573,detect/component_0,1.0425902605056763
302,1788869145.9044573,detect/component_1,0.9391822814941406
302,1788869145.9044573,detect/component_2,0.006226355209946632
302,1788869145.9044573,gradient/clipped_norm,130.3557891845703
302,1788869145.9044573,images/detect,256.0
302,1788869145.9044573,images/pose,16.0
302,1788869145.9044573,loss/backward,100.80550537109374
302,1788869145.9044573,loss/detect_mean,1.7728869915008545
302,1788869145.9044573,loss/joint_mean,1.5750860214233398
302,1788869145.9044573,loss/pose_mean,0.7838821411132812
302,1788869145.9044573,lr/attention.decay,0.0
302,1788869145.9044573,lr/attention.no_decay,0.0
302,1788869145.9044573,lr/backbone.decay,0.0
302,1788869145.9044573,lr/backbone.no_decay,0.0
302,1788869145.9044573,lr/detect_head.decay,1.722462203023758e-05
302,1788869145.9044573,lr/detect_head.no_decay,1.722462203023758e-05
302,1788869145.9044573,lr/masf.decay,0.0
302,1788869145.9044573,lr/masf.no_decay,0.0
302,1788869145.9044573,lr/neck.decay,6.889848812095032e-06
302,1788869145.9044573,lr/neck.no_decay,6.889848812095032e-06
302,1788869145.9044573,lr/pose_head.decay,1.722462203023758e-05
302,1788869145.9044573,lr/pose_head.no_decay,1.722462203023758e-05
302,1788869145.9044573,pose/component_0,0.5436145067214966
302,1788869145.9044573,pose/component_1,0.006806187331676483
302,1788869145.9044573,pose/component_2,0.001552838017232716
302,1788869145.9044573,pose/component_3,0.23708577454090118
302,1788869145.9044573,pose/component_4,0.0023078816011548042
302,1788869145.9044573,pose/component_5,0.0
303,1788869147.0832767,amp/overflow_retries,0.0
303,1788869147.0832767,amp/scale,512.0
303,1788869147.0832767,detect/component_0,1.1092458963394165
303,1788869147.0832767,detect/component_1,0.9910641312599182
303,1788869147.0832767,detect/component_2,0.006379765458405018
303,1788869147.0832767,gradient/clipped_norm,148.73902893066406
303,1788869147.0832767,images/detect,256.0
303,1788869147.0832767,images/pose,16.0
303,1788869147.0832767,loss/backward,108.48519439697266
303,1788869147.0832767,loss/detect_mean,1.8576201796531677
303,1788869147.0832767,loss/joint_mean,1.6950811624526978
303,1788869147.0832767,loss/pose_mean,1.0449250936508179
303,1788869147.0832767,lr/attention.decay,0.0
303,1788869147.0832767,lr/attention.no_decay,0.0
303,1788869147.0832767,lr/backbone.decay,0.0
303,1788869147.0832767,lr/backbone.no_decay,0.0
303,1788869147.0832767,lr/detect_head.decay,1.7273218142548596e-05
303,1788869147.0832767,lr/detect_head.no_decay,1.7273218142548596e-05
303,1788869147.0832767,lr/masf.decay,0.0
303,1788869147.0832767,lr/masf.no_decay,0.0
303,1788869147.0832767,lr/neck.decay,6.909287257019439e-06
303,1788869147.0832767,lr/neck.no_decay,6.909287257019439e-06
303,1788869147.0832767,lr/pose_head.decay,1.7273218142548596e-05
303,1788869147.0832767,lr/pose_head.no_decay,1.7273218142548596e-05
303,1788869147.0832767,pose/component_0,0.7058049440383911
303,1788869147.0832767,pose/component_1,0.012433554977178574
303,1788869147.0832767,pose/component_2,0.003054172033444047
303,1788869147.0832767,pose/component_3,0.38116952776908875
303,1788869147.0832767,pose/component_4,0.0024619007017463446
303,1788869147.0832767,pose/component_5,0.0
304,1788869148.2462003,amp/overflow_retries,0.0
304,1788869148.2462003,amp/scale,512.0
304,1788869148.2462003,detect/component_0,1.0651226043701172
304,1788869148.2462003,detect/component_1,0.9630767703056335
304,1788869148.2462003,detect/component_2,0.00660694157704711
304,1788869148.2462003,gradient/clipped_norm,125.2425308227539
304,1788869148.2462003,images/detect,256.0
304,1788869148.2462003,images/pose,16.0
304,1788869148.2462003,loss/backward,100.4622314453125
304,1788869148.2462003,loss/detect_mean,1.8027269840240479
304,1788869148.2462003,loss/joint_mean,1.5697223663330078
304,1788869148.2462003,loss/pose_mean,0.6377038955688477
304,1788869148.2462003,lr/attention.decay,0.0
304,1788869148.2462003,lr/attention.no_decay,0.0
304,1788869148.2462003,lr/backbone.decay,0.0
304,1788869148.2462003,lr/backbone.no_decay,0.0
304,1788869148.2462003,lr/detect_head.decay,1.7321814254859612e-05
304,1788869148.2462003,lr/detect_head.no_decay,1.7321814254859612e-05
304,1788869148.2462003,lr/masf.decay,0.0
304,1788869148.2462003,lr/masf.no_decay,0.0
304,1788869148.2462003,lr/neck.decay,6.928725701943845e-06
304,1788869148.2462003,lr/neck.no_decay,6.928725701943845e-06
304,1788869148.2462003,lr/pose_head.decay,1.7321814254859612e-05
304,1788869148.2462003,lr/pose_head.no_decay,1.7321814254859612e-05
304,1788869148.2462003,pose/component_0,0.42173653841018677
304,1788869148.2462003,pose/component_1,0.007790670730173588
304,1788869148.2462003,pose/component_2,0.0023539643734693527
304,1788869148.2462003,pose/component_3,0.2186637669801712
304,1788869148.2462003,pose/component_4,0.001358328852802515
304,1788869148.2462003,pose/component_5,0.0
305,1788869149.4073186,amp/overflow_retries,0.0
305,1788869149.4073186,amp/scale,512.0
305,1788869149.4073186,detect/component_0,1.049577236175537
305,1788869149.4073186,detect/component_1,0.8894922733306885
305,1788869149.4073186,detect/component_2,0.006423576734960079
305,1788869149.4073186,gradient/clipped_norm,134.42987060546875
305,1788869149.4073186,images/detect,256.0
305,1788869149.4073186,images/pose,16.0
305,1788869149.4073186,loss/backward,100.89235305786133
305,1788869149.4073186,loss/detect_mean,1.751654639840126
305,1788869149.4073186,loss/joint_mean,1.5764430165290833
305,1788869149.4073186,loss/pose_mean,0.8755965232849121
305,1788869149.4073186,lr/attention.decay,0.0
305,1788869149.4073186,lr/attention.no_decay,0.0
305,1788869149.4073186,lr/backbone.decay,0.0
305,1788869149.4073186,lr/backbone.no_decay,0.0
305,1788869149.4073186,lr/detect_head.decay,1.737041036717063e-05
305,1788869149.4073186,lr/detect_head.no_decay,1.737041036717063e-05
305,1788869149.4073186,lr/masf.decay,0.0
305,1788869149.4073186,lr/masf.no_decay,0.0
305,1788869149.4073186,lr/neck.decay,6.948164146868251e-06
305,1788869149.4073186,lr/neck.no_decay,6.948164146868251e-06
305,1788869149.4073186,lr/pose_head.decay,1.737041036717063e-05
305,1788869149.4073186,lr/pose_head.no_decay,1.737041036717063e-05
305,1788869149.4073186,pose/component_0,0.6333577036857605
305,1788869149.4073186,pose/component_1,0.011358959600329399
305,1788869149.4073186,pose/component_2,0.0013925008242949843
305,1788869149.4073186,pose/component_3,0.2838503420352936
305,1788869149.4073186,pose/component_4,0.0032026576809585094
305,1788869149.4073186,pose/component_5,0.0
306,1788869150.566628,amp/overflow_retries,0.0
306,1788869150.566628,amp/scale,512.0
306,1788869150.566628,detect/component_0,1.0786504745483398
306,1788869150.566628,detect/component_1,0.981095552444458
306,1788869150.566628,detect/component_2,0.006571728736162186
306,1788869150.566628,gradient/clipped_norm,136.70579528808594
306,1788869150.566628,images/detect,256.0
306,1788869150.566628,images/pose,16.0
306,1788869150.566628,loss/backward,107.45787887573242
306,1788869150.566628,loss/detect_mean,1.8405395597219467
306,1788869150.566628,loss/joint_mean,1.679029357433319
306,1788869150.566628,loss/pose_mean,1.0329885482788086
306,1788869150.566628,lr/attention.decay,0.0
306,1788869150.566628,lr/attention.no_decay,0.0
306,1788869150.566628,lr/backbone.decay,0.0
306,1788869150.566628,lr/backbone.no_decay,0.0
306,1788869150.566628,lr/detect_head.decay,1.741900647948164e-05
306,1788869150.566628,lr/detect_head.no_decay,1.741900647948164e-05
306,1788869150.566628,lr/masf.decay,0.0
306,1788869150.566628,lr/masf.no_decay,0.0
306,1788869150.566628,lr/neck.decay,6.9676025917926574e-06
306,1788869150.566628,lr/neck.no_decay,6.9676025917926574e-06
306,1788869150.566628,lr/pose_head.decay,1.741900647948164e-05
306,1788869150.566628,lr/pose_head.no_decay,1.741900647948164e-05
306,1788869150.566628,pose/component_0,0.7397910952568054
306,1788869150.566628,pose/component_1,0.008781582117080688
306,1788869150.566628,pose/component_2,0.0174279622733593
306,1788869150.566628,pose/component_3,0.3108872175216675
306,1788869150.566628,pose/component_4,0.002203836105763912
306,1788869150.566628,pose/component_5,0.0
307,1788869151.7382848,amp/overflow_retries,0.0
307,1788869151.7382848,amp/scale,512.0
307,1788869151.7382848,detect/component_0,1.106550931930542
307,1788869151.7382848,detect/component_1,0.9638895988464355
307,1788869151.7382848,detect/component_2,0.005862521938979626
307,1788869151.7382848,gradient/clipped_norm,142.0570526123047
307,1788869151.7382848,images/detect,256.0
307,1788869151.7382848,images/pose,16.0
307,1788869151.7382848,loss/backward,105.43659591674805
307,1788869151.7382848,loss/detect_mean,1.8487444519996643
307,1788869151.7382848,loss/joint_mean,1.6474468111991882
307,1788869151.7382848,loss/pose_mean,0.8422562479972839
307,1788869151.7382848,lr/attention.decay,0.0
307,1788869151.7382848,lr/attention.no_decay,0.0
307,1788869151.7382848,lr/backbone.decay,0.0
307,1788869151.7382848,lr/backbone.no_decay,0.0
307,1788869151.7382848,lr/detect_head.decay,1.7467602591792658e-05
307,1788869151.7382848,lr/detect_head.no_decay,1.7467602591792658e-05
307,1788869151.7382848,lr/masf.decay,0.0
307,1788869151.7382848,lr/masf.no_decay,0.0
307,1788869151.7382848,lr/neck.decay,6.987041036717064e-06
307,1788869151.7382848,lr/neck.no_decay,6.987041036717064e-06
307,1788869151.7382848,lr/pose_head.decay,1.7467602591792658e-05
307,1788869151.7382848,lr/pose_head.no_decay,1.7467602591792658e-05
307,1788869151.7382848,pose/component_0,0.5785419940948486
307,1788869151.7382848,pose/component_1,0.013249415904283524
307,1788869151.7382848,pose/component_2,0.00458607217296958
307,1788869151.7382848,pose/component_3,0.28399530053138733
307,1788869151.7382848,pose/component_4,0.0021181339398026466
307,1788869151.7382848,pose/component_5,0.0
308,1788869152.9043305,amp/overflow_retries,0.0
308,1788869152.9043305,amp/scale,512.0
308,1788869152.9043305,detect/component_0,1.063040018081665
308,1788869152.9043305,detect/component_1,0.9266871213912964
308,1788869152.9043305,detect/component_2,0.006264884956181049
308,1788869152.9043305,gradient/clipped_norm,126.74411010742188
308,1788869152.9043305,images/detect,256.0
308,1788869152.9043305,images/pose,16.0
308,1788869152.9043305,loss/backward,102.1997299194336
308,1788869152.9043305,loss/detect_mean,1.7778706550598145
308,1788869152.9043305,loss/joint_mean,1.59687077999115
308,1788869152.9043305,loss/pose_mean,0.8728712797164917
308,1788869152.9043305,lr/attention.decay,0.0
308,1788869152.9043305,lr/attention.no_decay,0.0
308,1788869152.9043305,lr/backbone.decay,0.0
308,1788869152.9043305,lr/backbone.no_decay,0.0
308,1788869152.9043305,lr/detect_head.decay,1.7516198704103674e-05
308,1788869152.9043305,lr/detect_head.no_decay,1.7516198704103674e-05
308,1788869152.9043305,lr/masf.decay,0.0
308,1788869152.9043305,lr/masf.no_decay,0.0
308,1788869152.9043305,lr/neck.decay,7.006479481641469e-06
308,1788869152.9043305,lr/neck.no_decay,7.006479481641469e-06
308,1788869152.9043305,lr/pose_head.decay,1.7516198704103674e-05
308,1788869152.9043305,lr/pose_head.no_decay,1.7516198704103674e-05
308,1788869152.9043305,pose/component_0,0.6260625123977661
308,1788869152.9043305,pose/component_1,0.005853720940649509
308,1788869152.9043305,pose/component_2,0.03329475596547127
308,1788869152.9043305,pose/component_3,0.1927904188632965
308,1788869152.9043305,pose/component_4,0.0024869597982615232
308,1788869152.9043305,pose/component_5,0.0
309,1788869154.0776522,amp/overflow_retries,0.0
309,1788869154.0776522,amp/scale,512.0
309,1788869154.0776522,detect/component_0,1.0712019205093384
309,1788869154.0776522,detect/component_1,0.9733476042747498
309,1788869154.0776522,detect/component_2,0.006333868019282818
309,1788869154.0776522,gradient/clipped_norm,145.8274688720703
309,1788869154.0776522,images/detect,256.0
309,1788869154.0776522,images/pose,16.0
309,1788869154.0776522,loss/backward,103.09293975830079
309,1788869154.0776522,loss/detect_mean,1.8127212077379227
309,1788869154.0776522,loss/joint_mean,1.6108271837234498
309,1788869154.0776522,loss/pose_mean,0.8032510876655579
309,1788869154.0776522,lr/attention.decay,0.0
309,1788869154.0776522,lr/attention.no_decay,0.0
309,1788869154.0776522,lr/backbone.decay,0.0
309,1788869154.0776522,lr/backbone.no_decay,0.0
309,1788869154.0776522,lr/detect_head.decay,1.756479481641469e-05
309,1788869154.0776522,lr/detect_head.no_decay,1.756479481641469e-05
309,1788869154.0776522,lr/masf.decay,0.0
309,1788869154.0776522,lr/masf.no_decay,0.0
309,1788869154.0776522,lr/neck.decay,7.025917926565876e-06
309,1788869154.0776522,lr/neck.no_decay,7.025917926565876e-06
309,1788869154.0776522,lr/pose_head.decay,1.756479481641469e-05
309,1788869154.0776522,lr/pose_head.no_decay,1.756479481641469e-05
309,1788869154.0776522,pose/component_0,0.49183186888694763
309,1788869154.0776522,pose/component_1,0.019867729395627975
309,1788869154.0776522,pose/component_2,0.009261026047170162
309,1788869154.0776522,pose/component_3,0.2893771231174469
309,1788869154.0776522,pose/component_4,0.0013588200090453029
309,1788869154.0776522,pose/component_5,0.0
310,1788869155.4212763,amp/overflow_retries,0.0
310,1788869155.4212763,amp/scale,512.0
310,1788869155.4212763,detect/component_0,1.0371021032333374
310,1788869155.4212763,detect/component_1,0.9795171022415161
310,1788869155.4212763,detect/component_2,0.006476616486907005
310,1788869155.4212763,gradient/clipped_norm,151.1429443359375
310,1788869155.4212763,images/detect,256.0
310,1788869155.4212763,images/pose,16.0
310,1788869155.4212763,loss/backward,104.12193298339844
310,1788869155.4212763,loss/detect_mean,1.8020366430282593
310,1788869155.4212763,loss/joint_mean,1.6269052028656006
310,1788869155.4212763,loss/pose_mean,0.9263794422149658
310,1788869155.4212763,lr/attention.decay,0.0
310,1788869155.4212763,lr/attention.no_decay,0.0
310,1788869155.4212763,lr/backbone.decay,0.0
310,1788869155.4212763,lr/backbone.no_decay,0.0
310,1788869155.4212763,lr/detect_head.decay,1.76133909287257e-05
310,1788869155.4212763,lr/detect_head.no_decay,1.76133909287257e-05
310,1788869155.4212763,lr/masf.decay,0.0
310,1788869155.4212763,lr/masf.no_decay,0.0
310,1788869155.4212763,lr/neck.decay,7.045356371490281e-06
310,1788869155.4212763,lr/neck.no_decay,7.045356371490281e-06
310,1788869155.4212763,lr/pose_head.decay,1.76133909287257e-05
310,1788869155.4212763,lr/pose_head.no_decay,1.76133909287257e-05
310,1788869155.4212763,pose/component_0,0.6347658038139343
310,1788869155.4212763,pose/component_1,0.03811963275074959
310,1788869155.4212763,pose/component_2,0.022797247394919395
310,1788869155.4212763,pose/component_3,0.2842733561992645
310,1788869155.4212763,pose/component_4,0.0018766999710351229
310,1788869155.4212763,pose/component_5,0.0
311,1788869156.6082568,amp/overflow_retries,0.0
311,1788869156.6082568,amp/scale,512.0
311,1788869156.6082568,detect/component_0,0.9685612916946411
311,1788869156.6082568,detect/component_1,0.8613063097000122
311,1788869156.6082568,detect/component_2,0.006119376514106989
311,1788869156.6082568,gradient/clipped_norm,125.73037719726562
311,1788869156.6082568,images/detect,256.0
311,1788869156.6082568,images/pose,16.0
311,1788869156.6082568,loss/backward,96.79200134277343
311,1788869156.6082568,loss/detect_mean,1.6560783982276917
311,1788869156.6082568,loss/joint_mean,1.5123750209808349
311,1788869156.6082568,loss/pose_mean,0.9375615119934082
311,1788869156.6082568,lr/attention.decay,0.0
311,1788869156.6082568,lr/attention.no_decay,0.0
311,1788869156.6082568,lr/backbone.decay,0.0
311,1788869156.6082568,lr/backbone.no_decay,0.0
311,1788869156.6082568,lr/detect_head.decay,1.766198704103672e-05
311,1788869156.6082568,lr/detect_head.no_decay,1.766198704103672e-05
311,1788869156.6082568,lr/masf.decay,0.0
311,1788869156.6082568,lr/masf.no_decay,0.0
311,1788869156.6082568,lr/neck.decay,7.064794816414687e-06
311,1788869156.6082568,lr/neck.no_decay,7.064794816414687e-06
311,1788869156.6082568,lr/pose_head.decay,1.766198704103672e-05
311,1788869156.6082568,lr/pose_head.no_decay,1.766198704103672e-05
311,1788869156.6082568,pose/component_0,0.6619738936424255
311,1788869156.6082568,pose/component_1,0.009760579094290733
311,1788869156.6082568,pose/component_2,0.0032869030255824327
311,1788869156.6082568,pose/component_3,0.23867204785346985
311,1788869156.6082568,pose/component_4,0.0021756100468337536
311,1788869156.6082568,pose/component_5,0.0
312,1788869157.7814567,amp/overflow_retries,0.0
312,1788869157.7814567,amp/scale,512.0
312,1788869157.7814567,detect/component_0,1.0928844213485718
312,1788869157.7814567,detect/component_1,0.9792697429656982
312,1788869157.7814567,detect/component_2,0.006548588629812002
312,1788869157.7814567,gradient/clipped_norm,135.2662811279297
312,1788869157.7814567,images/detect,256.0
312,1788869157.7814567,images/pose,16.0
312,1788869157.7814567,loss/backward,103.00398406982421
312,1788869157.7814567,loss/detect_mean,1.8224191963672638
312,1788869157.7814567,loss/joint_mean,1.6094372510910033
312,1788869157.7814567,loss/pose_mean,0.7575094699859619
312,1788869157.7814567,lr/attention.decay,0.0
312,1788869157.7814567,lr/attention.no_decay,0.0
312,1788869157.7814567,lr/backbone.decay,0.0
312,1788869157.7814567,lr/backbone.no_decay,0.0
312,1788869157.7814567,lr/detect_head.decay,1.7710583153347732e-05
312,1788869157.7814567,lr/detect_head.no_decay,1.7710583153347732e-05
312,1788869157.7814567,lr/masf.decay,0.0
312,1788869157.7814567,lr/masf.no_decay,0.0
312,1788869157.7814567,lr/neck.decay,7.084233261339093e-06
312,1788869157.7814567,lr/neck.no_decay,7.084233261339093e-06
312,1788869157.7814567,lr/pose_head.decay,1.7710583153347732e-05
312,1788869157.7814567,lr/pose_head.no_decay,1.7710583153347732e-05
312,1788869157.7814567,pose/component_0,0.5670113563537598
312,1788869157.7814567,pose/component_1,0.007668738719075918
312,1788869157.7814567,pose/component_2,0.0009170217672362924
312,1788869157.7814567,pose/component_3,0.18843913078308105
312,1788869157.7814567,pose/component_4,0.002529614605009556
312,1788869157.7814567,pose/component_5,0.0
313,1788869158.9568486,amp/overflow_retries,0.0
313,1788869158.9568486,amp/scale,512.0
313,1788869158.9568486,detect/component_0,1.058552861213684
313,1788869158.9568486,detect/component_1,0.9424616694450378
313,1788869158.9568486,detect/component_2,0.006094376556575298
313,1788869158.9568486,gradient/clipped_norm,145.10447692871094
313,1788869158.9568486,images/detect,256.0
313,1788869158.9568486,images/pose,16.0
313,1788869158.9568486,loss/backward,103.92072067260742
313,1788869158.9568486,loss/detect_mean,1.784881815314293
313,1788869158.9568486,loss/joint_mean,1.6237612605094909
313,1788869158.9568486,loss/pose_mean,0.9792790412902832
313,1788869158.9568486,lr/attention.decay,0.0
313,1788869158.9568486,lr/attention.no_decay,0.0
313,1788869158.9568486,lr/backbone.decay,0.0
313,1788869158.9568486,lr/backbone.no_decay,0.0
313,1788869158.9568486,lr/detect_head.decay,1.775917926565875e-05
313,1788869158.9568486,lr/detect_head.no_decay,1.775917926565875e-05
313,1788869158.9568486,lr/masf.decay,0.0
313,1788869158.9568486,lr/masf.no_decay,0.0
313,1788869158.9568486,lr/neck.decay,7.1036717062635e-06
313,1788869158.9568486,lr/neck.no_decay,7.1036717062635e-06
313,1788869158.9568486,lr/pose_head.decay,1.775917926565875e-05
313,1788869158.9568486,lr/pose_head.no_decay,1.775917926565875e-05
313,1788869158.9568486,pose/component_0,0.800667405128479
313,1788869158.9568486,pose/component_1,0.013800356537103653
313,1788869158.9568486,pose/component_2,0.0037161519285291433
313,1788869158.9568486,pose/component_3,0.22595243155956268
313,1788869158.9568486,pose/component_4,0.0025908767711371183
313,1788869158.9568486,pose/component_5,0.0
314,1788869160.1488123,amp/overflow_retries,0.0
314,1788869160.1488123,amp/scale,512.0
314,1788869160.1488123,detect/component_0,1.0873289108276367
314,1788869160.1488123,detect/component_1,0.8902276158332825
314,1788869160.1488123,detect/component_2,0.006179077085107565
314,1788869160.1488123,gradient/clipped_norm,151.70504760742188
314,1788869160.1488123,images/detect,256.0
314,1788869160.1488123,images/pose,16.0
314,1788869160.1488123,loss/backward,103.11075820922852
314,1788869160.1488123,loss/detect_mean,1.7685345709323883
314,1788869160.1488123,loss/joint_mean,1.6111055970191956
314,1788869160.1488123,loss/pose_mean,0.9813897013664246
314,1788869160.1488123,lr/attention.decay,0.0
314,1788869160.1488123,lr/attention.no_decay,0.0
314,1788869160.1488123,lr/backbone.decay,0.0
314,1788869160.1488123,lr/backbone.no_decay,0.0
314,1788869160.1488123,lr/detect_head.decay,1.780777537796976e-05
314,1788869160.1488123,lr/detect_head.no_decay,1.780777537796976e-05
314,1788869160.1488123,lr/masf.decay,0.0
314,1788869160.1488123,lr/masf.no_decay,0.0
314,1788869160.1488123,lr/neck.decay,7.1231101511879055e-06
314,1788869160.1488123,lr/neck.no_decay,7.1231101511879055e-06
314,1788869160.1488123,lr/pose_head.decay,1.780777537796976e-05
314,1788869160.1488123,lr/pose_head.no_decay,1.780777537796976e-05
314,1788869160.1488123,pose/component_0,0.7087216377258301
314,1788869160.1488123,pose/component_1,0.020777303725481033
314,1788869160.1488123,pose/component_2,0.001323074335232377
314,1788869160.1488123,pose/component_3,0.35074812173843384
314,1788869160.1488123,pose/component_4,0.002055132295936346
314,1788869160.1488123,pose/component_5,0.0
315,1788869161.3139725,amp/overflow_retries,0.0
315,1788869161.3139725,amp/scale,512.0
315,1788869161.3139725,detect/component_0,1.0017836093902588
315,1788869161.3139725,detect/component_1,0.8702040314674377
315,1788869161.3139725,detect/component_2,0.006364702712744474
315,1788869161.3139725,gradient/clipped_norm,112.0539779663086
315,1788869161.3139725,images/detect,256.0
315,1788869161.3139725,images/pose,16.0
315,1788869161.3139725,loss/backward,96.53505249023438
315,1788869161.3139725,loss/detect_mean,1.6891124844551086
315,1788869161.3139725,loss/joint_mean,1.5083601951599122
315,1788869161.3139725,loss/pose_mean,0.785351037979126
315,1788869161.3139725,lr/attention.decay,0.0
315,1788869161.3139725,lr/attention.no_decay,0.0
315,1788869161.3139725,lr/backbone.decay,0.0
315,1788869161.3139725,lr/backbone.no_decay,0.0
315,1788869161.3139725,lr/detect_head.decay,1.785637149028078e-05
315,1788869161.3139725,lr/detect_head.no_decay,1.785637149028078e-05
315,1788869161.3139725,lr/masf.decay,0.0
315,1788869161.3139725,lr/masf.no_decay,0.0
315,1788869161.3139725,lr/neck.decay,7.142548596112312e-06
315,1788869161.3139725,lr/neck.no_decay,7.142548596112312e-06
315,1788869161.3139725,lr/pose_head.decay,1.785637149028078e-05
315,1788869161.3139725,lr/pose_head.no_decay,1.785637149028078e-05
315,1788869161.3139725,pose/component_0,0.5779344439506531
315,1788869161.3139725,pose/component_1,0.00980713963508606
315,1788869161.3139725,pose/component_2,0.0016840985044836998
315,1788869161.3139725,pose/component_3,0.204603374004364
315,1788869161.3139725,pose/component_4,0.0015482723247259855
315,1788869161.3139725,pose/component_5,0.0
316,1788869162.486621,amp/overflow_retries,0.0
316,1788869162.486621,amp/scale,512.0
316,1788869162.486621,detect/component_0,1.115221381187439
316,1788869162.486621,detect/component_1,0.9496704936027527
316,1788869162.486621,detect/component_2,0.0062215449288487434
316,1788869162.486621,gradient/clipped_norm,141.00852966308594
316,1788869162.486621,images/detect,256.0
316,1788869162.486621,images/pose,16.0
316,1788869162.486621,loss/backward,106.03348388671876
316,1788869162.486621,loss/detect_mean,1.810637652873993
316,1788869162.486621,loss/joint_mean,1.6567731857299806
316,1788869162.486621,loss/pose_mean,1.0413153171539307
316,1788869162.486621,lr/attention.decay,0.0
316,1788869162.486621,lr/attention.no_decay,0.0
316,1788869162.486621,lr/backbone.decay,0.0
316,1788869162.486621,lr/backbone.no_decay,0.0
316,1788869162.486621,lr/detect_head.decay,1.7904967602591794e-05
316,1788869162.486621,lr/detect_head.no_decay,1.7904967602591794e-05
316,1788869162.486621,lr/masf.decay,0.0
316,1788869162.486621,lr/masf.no_decay,0.0
316,1788869162.486621,lr/neck.decay,7.161987041036717e-06
316,1788869162.486621,lr/neck.no_decay,7.161987041036717e-06
316,1788869162.486621,lr/pose_head.decay,1.7904967602591794e-05
316,1788869162.486621,lr/pose_head.no_decay,1.7904967602591794e-05
316,1788869162.486621,pose/component_0,0.7594752907752991
316,1788869162.486621,pose/component_1,0.017153535038232803
316,1788869162.486621,pose/component_2,0.0019573234021663666
316,1788869162.486621,pose/component_3,0.357727587223053
316,1788869162.486621,pose/component_4,0.0020010832231491804
316,1788869162.486621,pose/component_5,0.0
317,1788869163.672495,amp/overflow_retries,0.0
317,1788869163.672495,amp/scale,512.0
317,1788869163.672495,detect/component_0,1.0422642230987549
317,1788869163.672495,detect/component_1,0.9788283109664917
317,1788869163.672495,detect/component_2,0.006173953879624605
317,1788869163.672495,gradient/clipped_norm,135.49752807617188
317,1788869163.672495,images/detect,256.0
317,1788869163.672495,images/pose,16.0
317,1788869163.672495,loss/backward,102.34338607788087
317,1788869163.672495,loss/detect_mean,1.7906846553087234
317,1788869163.672495,loss/joint_mean,1.5991154074668885
317,1788869163.672495,loss/pose_mean,0.8328384160995483
317,1788869163.672495,lr/attention.decay,0.0
317,1788869163.672495,lr/attention.no_decay,0.0
317,1788869163.672495,lr/backbone.decay,0.0
317,1788869163.672495,lr/backbone.no_decay,0.0
317,1788869163.672495,lr/detect_head.decay,1.795356371490281e-05
317,1788869163.672495,lr/detect_head.no_decay,1.795356371490281e-05
317,1788869163.672495,lr/masf.decay,0.0
317,1788869163.672495,lr/masf.no_decay,0.0
317,1788869163.672495,lr/neck.decay,7.1814254859611245e-06
317,1788869163.672495,lr/neck.no_decay,7.1814254859611245e-06
317,1788869163.672495,lr/pose_head.decay,1.795356371490281e-05
317,1788869163.672495,lr/pose_head.no_decay,1.795356371490281e-05
317,1788869163.672495,pose/component_0,0.5391741991043091
317,1788869163.672495,pose/component_1,0.010823214426636696
317,1788869163.672495,pose/component_2,0.0037856956478208303
317,1788869163.672495,pose/component_3,0.2987574636936188
317,1788869163.672495,pose/component_4,0.0019883806817233562
317,1788869163.672495,pose/component_5,0.0
318,1788869164.8530135,amp/overflow_retries,0.0
318,1788869164.8530135,amp/scale,512.0
318,1788869164.8530135,detect/component_0,1.0015264749526978
318,1788869164.8530135,detect/component_1,0.890792191028595
318,1788869164.8530135,detect/component_2,0.006321344990283251
318,1788869164.8530135,gradient/clipped_norm,148.73013305664062
318,1788869164.8530135,images/detect,256.0
318,1788869164.8530135,images/pose,16.0
318,1788869164.8530135,loss/backward,98.60219345092773
318,1788869164.8530135,loss/detect_mean,1.704090192914009
318,1788869164.8530135,loss/joint_mean,1.5406592726707458
318,1788869164.8530135,loss/pose_mean,0.8869355916976929
318,1788869164.8530135,lr/attention.decay,0.0
318,1788869164.8530135,lr/attention.no_decay,0.0
318,1788869164.8530135,lr/backbone.decay,0.0
318,1788869164.8530135,lr/backbone.no_decay,0.0
318,1788869164.8530135,lr/detect_head.decay,1.8002159827213823e-05
318,1788869164.8530135,lr/detect_head.no_decay,1.8002159827213823e-05
318,1788869164.8530135,lr/masf.decay,0.0
318,1788869164.8530135,lr/masf.no_decay,0.0
318,1788869164.8530135,lr/neck.decay,7.200863930885529e-06
318,1788869164.8530135,lr/neck.no_decay,7.200863930885529e-06
318,1788869164.8530135,lr/pose_head.decay,1.8002159827213823e-05
318,1788869164.8530135,lr/pose_head.no_decay,1.8002159827213823e-05
318,1788869164.8530135,pose/component_0,0.6275109052658081
318,1788869164.8530135,pose/component_1,0.03395761922001839
318,1788869164.8530135,pose/component_2,0.001853898516856134
318,1788869164.8530135,pose/component_3,0.2044806182384491
318,1788869164.8530135,pose/component_4,0.0016707144677639008
318,1788869164.8530135,pose/component_5,0.0
319,1788869166.032185,amp/overflow_retries,0.0
319,1788869166.032185,amp/scale,512.0
319,1788869166.032185,detect/component_0,1.0470983982086182
319,1788869166.032185,detect/component_1,0.9634538888931274
319,1788869166.032185,detect/component_2,0.00652117608115077
319,1788869166.032185,gradient/clipped_norm,146.86961364746094
319,1788869166.032185,images/detect,256.0
319,1788869166.032185,images/pose,16.0
319,1788869166.032185,loss/backward,103.82749099731446
319,1788869166.032185,loss/detect_mean,1.7937362492084503
319,1788869166.032185,loss/joint_mean,1.6223045468330384
319,1788869166.032185,loss/pose_mean,0.9365777373313904
319,1788869166.032185,lr/attention.decay,0.0
319,1788869166.032185,lr/attention.no_decay,0.0
319,1788869166.032185,lr/backbone.decay,0.0
319,1788869166.032185,lr/backbone.no_decay,0.0
319,1788869166.032185,lr/detect_head.decay,1.805075593952484e-05
319,1788869166.032185,lr/detect_head.no_decay,1.805075593952484e-05
319,1788869166.032185,lr/masf.decay,0.0
319,1788869166.032185,lr/masf.no_decay,0.0
319,1788869166.032185,lr/neck.decay,7.220302375809935e-06
319,1788869166.032185,lr/neck.no_decay,7.220302375809935e-06
319,1788869166.032185,lr/pose_head.decay,1.805075593952484e-05
319,1788869166.032185,lr/pose_head.no_decay,1.805075593952484e-05
319,1788869166.032185,pose/component_0,0.6750372648239136
319,1788869166.032185,pose/component_1,0.012554634362459183
319,1788869166.032185,pose/component_2,0.0014036291977390647
319,1788869166.032185,pose/component_3,0.2533993422985077
319,1788869166.032185,pose/component_4,0.0016541744116693735
319,1788869166.032185,pose/component_5,0.0
320,1788869167.2261071,amp/overflow_retries,0.0
320,1788869167.2261071,amp/scale,512.0
320,1788869167.2261071,detect/component_0,1.018906593322754
320,1788869167.2261071,detect/component_1,0.9058262705802917
320,1788869167.2261071,detect/component_2,0.006126160733401775
320,1788869167.2261071,gradient/clipped_norm,123.66384887695312
320,1788869167.2261071,images/detect,256.0
320,1788869167.2261071,images/pose,16.0
320,1788869167.2261071,loss/backward,97.3381446838379
320,1788869167.2261071,loss/detect_mean,1.7216861993074417
320,1788869167.2261071,loss/joint_mean,1.5209085106849671
320,1788869167.2261071,loss/pose_mean,0.7177977561950684
320,1788869167.2261071,lr/attention.decay,0.0
320,1788869167.2261071,lr/attention.no_decay,0.0
320,1788869167.2261071,lr/backbone.decay,0.0
320,1788869167.2261071,lr/backbone.no_decay,0.0
320,1788869167.2261071,lr/detect_head.decay,1.8099352051835852e-05
320,1788869167.2261071,lr/detect_head.no_decay,1.8099352051835852e-05
320,1788869167.2261071,lr/masf.decay,0.0
320,1788869167.2261071,lr/masf.no_decay,0.0
320,1788869167.2261071,lr/neck.decay,7.239740820734341e-06
320,1788869167.2261071,lr/neck.no_decay,7.239740820734341e-06
320,1788869167.2261071,lr/pose_head.decay,1.8099352051835852e-05
320,1788869167.2261071,lr/pose_head.no_decay,1.8099352051835852e-05
320,1788869167.2261071,pose/component_0,0.47013288736343384
320,1788869167.2261071,pose/component_1,0.006791095249354839
320,1788869167.2261071,pose/component_2,0.0010337285930290818
320,1788869167.2261071,pose/component_3,0.22636575996875763
320,1788869167.2261071,pose/component_4,0.0015812958590686321
320,1788869167.2261071,pose/component_5,0.0
321,1788869168.6803327,amp/overflow_retries,0.0
321,1788869168.6803327,amp/scale,512.0
321,1788869168.6803327,detect/component_0,1.0583547353744507
321,1788869168.6803327,detect/component_1,0.9652585387229919
321,1788869168.6803327,detect/component_2,0.00625145249068737
321,1788869168.6803327,gradient/clipped_norm,112.11181640625
321,1788869168.6803327,images/detect,256.0
321,1788869168.6803327,images/pose,16.0
321,1788869168.6803327,loss/backward,101.46055603027344
321,1788869168.6803327,loss/detect_mean,1.799785315990448
321,1788869168.6803327,loss/joint_mean,1.5853211879730225
321,1788869168.6803327,loss/pose_mean,0.7274646759033203
321,1788869168.6803327,lr/attention.decay,0.0
321,1788869168.6803327,lr/attention.no_decay,0.0
321,1788869168.6803327,lr/backbone.decay,0.0
321,1788869168.6803327,lr/backbone.no_decay,0.0
321,1788869168.6803327,lr/detect_head.decay,1.8147948164146868e-05
321,1788869168.6803327,lr/detect_head.no_decay,1.8147948164146868e-05
321,1788869168.6803327,lr/masf.decay,0.0
321,1788869168.6803327,lr/masf.no_decay,0.0
321,1788869168.6803327,lr/neck.decay,7.259179265658748e-06
321,1788869168.6803327,lr/neck.no_decay,7.259179265658748e-06
321,1788869168.6803327,lr/pose_head.decay,1.8147948164146868e-05
321,1788869168.6803327,lr/pose_head.no_decay,1.8147948164146868e-05
321,1788869168.6803327,pose/component_0,0.5441441535949707
321,1788869168.6803327,pose/component_1,0.010421715676784515
321,1788869168.6803327,pose/component_2,0.013445954769849777
321,1788869168.6803327,pose/component_3,0.1983971893787384
321,1788869168.6803327,pose/component_4,0.004654243588447571
321,1788869168.6803327,pose/component_5,0.0
322,1788869169.876684,amp/overflow_retries,0.0
322,1788869169.876684,amp/scale,512.0
322,1788869169.876684,detect/component_0,1.0705935955047607
322,1788869169.876684,detect/component_1,0.961402416229248
322,1788869169.876684,detect/component_2,0.006484434008598328
322,1788869169.876684,gradient/clipped_norm,101.85501098632812
322,1788869169.876684,images/detect,256.0
322,1788869169.876684,images/pose,16.0
322,1788869169.876684,loss/backward,102.24837188720703
322,1788869169.876684,loss/detect_mean,1.8202835768461227
322,1788869169.876684,loss/joint_mean,1.5976308107376098
322,1788869169.876684,loss/pose_mean,0.7070197463035583
322,1788869169.876684,lr/attention.decay,0.0
322,1788869169.876684,lr/attention.no_decay,0.0
322,1788869169.876684,lr/backbone.decay,0.0
322,1788869169.876684,lr/backbone.no_decay,0.0
322,1788869169.876684,lr/detect_head.decay,1.8196544276457884e-05
322,1788869169.876684,lr/detect_head.no_decay,1.8196544276457884e-05
322,1788869169.876684,lr/masf.decay,0.0
322,1788869169.876684,lr/masf.no_decay,0.0
322,1788869169.876684,lr/neck.decay,7.2786177105831535e-06
322,1788869169.876684,lr/neck.no_decay,7.2786177105831535e-06
322,1788869169.876684,lr/pose_head.decay,1.8196544276457884e-05
322,1788869169.876684,lr/pose_head.no_decay,1.8196544276457884e-05
322,1788869169.876684,pose/component_0,0.49010154604911804
322,1788869169.876684,pose/component_1,0.005767203401774168
322,1788869169.876684,pose/component_2,0.0008735294686630368
322,1788869169.876684,pose/component_3,0.20016346871852875
322,1788869169.876684,pose/component_4,0.0016458897152915597
322,1788869169.876684,pose/component_5,0.0
323,1788869171.03846,amp/overflow_retries,0.0
323,1788869171.03846,amp/scale,512.0
323,1788869171.03846,detect/component_0,1.0509307384490967
323,1788869171.03846,detect/component_1,0.9571341276168823
323,1788869171.03846,detect/component_2,0.006617976818233728
323,1788869171.03846,gradient/clipped_norm,150.29901123046875
323,1788869171.03846,images/detect,256.0
323,1788869171.03846,images/pose,16.0
323,1788869171.03846,loss/backward,108.6189178466797
323,1788869171.03846,loss/detect_mean,1.7998883128166199
323,1788869171.03846,loss/joint_mean,1.6971705913543702
323,1788869171.03846,loss/pose_mean,1.286299705505371
323,1788869171.03846,lr/attention.decay,0.0
323,1788869171.03846,lr/attention.no_decay,0.0
323,1788869171.03846,lr/backbone.decay,0.0
323,1788869171.03846,lr/backbone.no_decay,0.0
323,1788869171.03846,lr/detect_head.decay,1.82451403887689e-05
323,1788869171.03846,lr/detect_head.no_decay,1.82451403887689e-05
323,1788869171.03846,lr/masf.decay,0.0
323,1788869171.03846,lr/masf.no_decay,0.0
323,1788869171.03846,lr/neck.decay,7.29805615550756e-06
323,1788869171.03846,lr/neck.no_decay,7.29805615550756e-06
323,1788869171.03846,lr/pose_head.decay,1.82451403887689e-05
323,1788869171.03846,lr/pose_head.no_decay,1.82451403887689e-05
323,1788869171.03846,pose/component_0,1.0342148542404175
323,1788869171.03846,pose/component_1,0.04544535279273987
323,1788869171.03846,pose/component_2,0.0019401441095396876
323,1788869171.03846,pose/component_3,0.33514073491096497
323,1788869171.03846,pose/component_4,0.001599770737811923
323,1788869171.03846,pose/component_5,0.0
324,1788869172.2069044,amp/overflow_retries,0.0
324,1788869172.2069044,amp/scale,512.0
324,1788869172.2069044,detect/component_0,1.100555181503296
324,1788869172.2069044,detect/component_1,0.981744110584259
324,1788869172.2069044,detect/component_2,0.006435508839786053
324,1788869172.2069044,gradient/clipped_norm,149.56533813476562
324,1788869172.2069044,images/detect,256.0
324,1788869172.2069044,images/pose,16.0
324,1788869172.2069044,loss/backward,107.08668365478516
324,1788869172.2069044,loss/detect_mean,1.8642426878213882
324,1788869172.2069044,loss/joint_mean,1.6732294321060182
324,1788869172.2069044,loss/pose_mean,0.9091764092445374
324,1788869172.2069044,lr/attention.decay,0.0
324,1788869172.2069044,lr/attention.no_decay,0.0
324,1788869172.2069044,lr/backbone.decay,0.0
324,1788869172.2069044,lr/backbone.no_decay,0.0
324,1788869172.2069044,lr/detect_head.decay,1.8293736501079913e-05
324,1788869172.2069044,lr/detect_head.no_decay,1.8293736501079913e-05
324,1788869172.2069044,lr/masf.decay,0.0
324,1788869172.2069044,lr/masf.no_decay,0.0
324,1788869172.2069044,lr/neck.decay,7.317494600431966e-06
324,1788869172.2069044,lr/neck.no_decay,7.317494600431966e-06
324,1788869172.2069044,lr/pose_head.decay,1.8293736501079913e-05
324,1788869172.2069044,lr/pose_head.no_decay,1.8293736501079913e-05
324,1788869172.2069044,pose/component_0,0.6376751065254211
324,1788869172.2069044,pose/component_1,0.021787121891975403
324,1788869172.2069044,pose/component_2,0.0018100293818861246
324,1788869172.2069044,pose/component_3,0.333680123090744
324,1788869172.2069044,pose/component_4,0.0018673301674425602
324,1788869172.2069044,pose/component_5,0.0
325,1788869173.3711314,amp/overflow_retries,0.0
325,1788869173.3711314,amp/scale,512.0
325,1788869173.3711314,detect/component_0,1.0329606533050537
325,1788869173.3711314,detect/component_1,0.9584311246871948
325,1788869173.3711314,detect/component_2,0.006446355488151312
325,1788869173.3711314,gradient/clipped_norm,123.0114517211914
325,1788869173.3711314,images/detect,256.0
325,1788869173.3711314,images/pose,16.0
325,1788869173.3711314,loss/backward,101.68095016479492
325,1788869173.3711314,loss/detect_mean,1.7817853838205338
325,1788869173.3711314,loss/joint_mean,1.5887648463249207
325,1788869173.3711314,loss/pose_mean,0.8166826963424683
325,1788869173.3711314,lr/attention.decay,0.0
325,1788869173.3711314,lr/attention.no_decay,0.0
325,1788869173.3711314,lr/backbone.decay,0.0
325,1788869173.3711314,lr/backbone.no_decay,0.0
325,1788869173.3711314,lr/detect_head.decay,1.834233261339093e-05
325,1788869173.3711314,lr/detect_head.no_decay,1.834233261339093e-05
325,1788869173.3711314,lr/masf.decay,0.0
325,1788869173.3711314,lr/masf.no_decay,0.0
325,1788869173.3711314,lr/neck.decay,7.3369330453563725e-06
325,1788869173.3711314,lr/neck.no_decay,7.3369330453563725e-06
325,1788869173.3711314,lr/pose_head.decay,1.834233261339093e-05
325,1788869173.3711314,lr/pose_head.no_decay,1.834233261339093e-05
325,1788869173.3711314,pose/component_0,0.5689572095870972
325,1788869173.3711314,pose/component_1,0.009679539129137993
325,1788869173.3711314,pose/component_2,0.0015788067830726504
325,1788869173.3711314,pose/component_3,0.249564528465271
325,1788869173.3711314,pose/component_4,0.0017372642178088427
325,1788869173.3711314,pose/component_5,0.0
326,1788869174.532905,amp/overflow_retries,0.0
326,1788869174.532905,amp/scale,512.0
326,1788869174.532905,detect/component_0,1.0572558641433716
326,1788869174.532905,detect/component_1,0.9589529633522034
326,1788869174.532905,detect/component_2,0.006250463426113129
326,1788869174.532905,gradient/clipped_norm,129.01498413085938
326,1788869174.532905,images/detect,256.0
326,1788869174.532905,images/pose,16.0
326,1788869174.532905,loss/backward,103.4671844482422
326,1788869174.532905,loss/detect_mean,1.8021356165409088
326,1788869174.532905,loss/joint_mean,1.6166747570037843
326,1788869174.532905,loss/pose_mean,0.8748313188552856
326,1788869174.532905,lr/attention.decay,0.0
326,1788869174.532905,lr/attention.no_decay,0.0
326,1788869174.532905,lr/backbone.decay,0.0
326,1788869174.532905,lr/backbone.no_decay,0.0
326,1788869174.532905,lr/detect_head.decay,1.8390928725701946e-05
326,1788869174.532905,lr/detect_head.no_decay,1.8390928725701946e-05
326,1788869174.532905,lr/masf.decay,0.0
326,1788869174.532905,lr/masf.no_decay,0.0
326,1788869174.532905,lr/neck.decay,7.356371490280778e-06
326,1788869174.532905,lr/neck.no_decay,7.356371490280778e-06
326,1788869174.532905,lr/pose_head.decay,1.8390928725701946e-05
326,1788869174.532905,lr/pose_head.no_decay,1.8390928725701946e-05
326,1788869174.532905,pose/component_0,0.5912885069847107
326,1788869174.532905,pose/component_1,0.02032613754272461
326,1788869174.532905,pose/component_2,0.007393358740955591
326,1788869174.532905,pose/component_3,0.27161717414855957
326,1788869174.532905,pose/component_4,0.00240917201153934
326,1788869174.532905,pose/component_5,0.0
327,1788869175.7081504,amp/overflow_retries,0.0
327,1788869175.7081504,amp/scale,512.0
327,1788869175.7081504,detect/component_0,1.0692285299301147
327,1788869175.7081504,detect/component_1,0.9893199801445007
327,1788869175.7081504,detect/component_2,0.006614885292947292
327,1788869175.7081504,gradient/clipped_norm,125.89298248291016
327,1788869175.7081504,images/detect,256.0
327,1788869175.7081504,images/pose,16.0
327,1788869175.7081504,loss/backward,104.26696243286133
327,1788869175.7081504,loss/detect_mean,1.8285477608442307
327,1788869175.7081504,loss/joint_mean,1.6291712880134583
327,1788869175.7081504,loss/pose_mean,0.8316653966903687
327,1788869175.7081504,lr/attention.decay,0.0
327,1788869175.7081504,lr/attention.no_decay,0.0
327,1788869175.7081504,lr/backbone.decay,0.0
327,1788869175.7081504,lr/backbone.no_decay,0.0
327,1788869175.7081504,lr/detect_head.decay,1.843952483801296e-05
327,1788869175.7081504,lr/detect_head.no_decay,1.843952483801296e-05
327,1788869175.7081504,lr/masf.decay,0.0
327,1788869175.7081504,lr/masf.no_decay,0.0
327,1788869175.7081504,lr/neck.decay,7.3758099352051835e-06
327,1788869175.7081504,lr/neck.no_decay,7.3758099352051835e-06
327,1788869175.7081504,lr/pose_head.decay,1.843952483801296e-05
327,1788869175.7081504,lr/pose_head.no_decay,1.843952483801296e-05
327,1788869175.7081504,pose/component_0,0.5506107807159424
327,1788869175.7081504,pose/component_1,0.008427941240370274
327,1788869175.7081504,pose/component_2,0.008228262886404991
327,1788869175.7081504,pose/component_3,0.27038994431495667
327,1788869175.7081504,pose/component_4,0.003174961544573307
327,1788869175.7081504,pose/component_5,0.0
328,1788869176.8776584,amp/overflow_retries,0.0
328,1788869176.8776584,amp/scale,512.0
328,1788869176.8776584,detect/component_0,1.0506548881530762
328,1788869176.8776584,detect/component_1,0.9491051435470581
328,1788869176.8776584,detect/component_2,0.006905167829245329
328,1788869176.8776584,gradient/clipped_norm,135.1471710205078
328,1788869176.8776584,images/detect,256.0
328,1788869176.8776584,images/pose,16.0
328,1788869176.8776584,loss/backward,104.60552597045898
328,1788869176.8776584,loss/detect_mean,1.8067392259836197
328,1788869176.8776584,loss/joint_mean,1.6344613432884216
328,1788869176.8776584,loss/pose_mean,0.9453498125076294
328,1788869176.8776584,lr/attention.decay,0.0
328,1788869176.8776584,lr/attention.no_decay,0.0
328,1788869176.8776584,lr/backbone.decay,0.0
328,1788869176.8776584,lr/backbone.no_decay,0.0
328,1788869176.8776584,lr/detect_head.decay,1.848812095032397e-05
328,1788869176.8776584,lr/detect_head.no_decay,1.848812095032397e-05
328,1788869176.8776584,lr/masf.decay,0.0
328,1788869176.8776584,lr/masf.no_decay,0.0
328,1788869176.8776584,lr/neck.decay,7.395248380129589e-06
328,1788869176.8776584,lr/neck.no_decay,7.395248380129589e-06
328,1788869176.8776584,lr/pose_head.decay,1.848812095032397e-05
328,1788869176.8776584,lr/pose_head.no_decay,1.848812095032397e-05
328,1788869176.8776584,pose/component_0,0.652237057685852
328,1788869176.8776584,pose/component_1,0.006385896820574999
328,1788869176.8776584,pose/component_2,0.0031412814278155565
328,1788869176.8776584,pose/component_3,0.3040520250797272
328,1788869176.8776584,pose/component_4,0.0015519607113674283
328,1788869176.8776584,pose/component_5,0.0
329,1788869178.0696104,amp/overflow_retries,0.0
329,1788869178.0696104,amp/scale,512.0
329,1788869178.0696104,detect/component_0,1.0782889127731323
329,1788869178.0696104,detect/component_1,0.9519275426864624
329,1788869178.0696104,detect/component_2,0.00654913205653429
329,1788869178.0696104,gradient/clipped_norm,133.52008056640625
329,1788869178.0696104,images/detect,256.0
329,1788869178.0696104,images/pose,16.0
329,1788869178.0696104,loss/backward,104.18278732299805
329,1788869178.0696104,loss/detect_mean,1.8022054135799408
329,1788869178.0696104,loss/joint_mean,1.6278560519218446
329,1788869178.0696104,loss/pose_mean,0.9304586052894592
329,1788869178.0696104,lr/attention.decay,0.0
329,1788869178.0696104,lr/attention.no_decay,0.0
329,1788869178.0696104,lr/backbone.decay,0.0
329,1788869178.0696104,lr/backbone.no_decay,0.0
329,1788869178.0696104,lr/detect_head.decay,1.853671706263499e-05
329,1788869178.0696104,lr/detect_head.no_decay,1.853671706263499e-05
329,1788869178.0696104,lr/masf.decay,0.0
329,1788869178.0696104,lr/masf.no_decay,0.0
329,1788869178.0696104,lr/neck.decay,7.414686825053996e-06
329,1788869178.0696104,lr/neck.no_decay,7.414686825053996e-06
329,1788869178.0696104,lr/pose_head.decay,1.853671706263499e-05
329,1788869178.0696104,lr/pose_head.no_decay,1.853671706263499e-05
329,1788869178.0696104,pose/component_0,0.7098937630653381
329,1788869178.0696104,pose/component_1,0.02055993676185608
329,1788869178.0696104,pose/component_2,0.0016405053902417421
329,1788869178.0696104,pose/component_3,0.21779945492744446
329,1788869178.0696104,pose/component_4,0.001854701666161418
329,1788869178.0696104,pose/component_5,0.0
330,1788869179.231363,amp/overflow_retries,0.0
330,1788869179.231363,amp/scale,512.0
330,1788869179.231363,detect/component_0,1.0481830835342407
330,1788869179.231363,detect/component_1,0.9273142218589783
330,1788869179.231363,detect/component_2,0.0061270855367183685
330,1788869179.231363,gradient/clipped_norm,143.3455352783203
330,1788869179.231363,images/detect,256.0
330,1788869179.231363,images/pose,16.0
330,1788869179.231363,loss/backward,104.47626647949218
330,1788869179.231363,loss/detect_mean,1.7551008760929108
330,1788869179.231363,loss/joint_mean,1.6324416637420653
330,1788869179.231363,loss/pose_mean,1.141804814338684
330,1788869179.231363,lr/attention.decay,0.0
330,1788869179.231363,lr/attention.no_decay,0.0
330,1788869179.231363,lr/backbone.decay,0.0
330,1788869179.231363,lr/backbone.no_decay,0.0
330,1788869179.231363,lr/detect_head.decay,1.8585313174946004e-05
330,1788869179.231363,lr/detect_head.no_decay,1.8585313174946004e-05
330,1788869179.231363,lr/masf.decay,0.0
330,1788869179.231363,lr/masf.no_decay,0.0
330,1788869179.231363,lr/neck.decay,7.434125269978402e-06
330,1788869179.231363,lr/neck.no_decay,7.434125269978402e-06
330,1788869179.231363,lr/pose_head.decay,1.8585313174946004e-05
330,1788869179.231363,lr/pose_head.no_decay,1.8585313174946004e-05
330,1788869179.231363,pose/component_0,0.9159367084503174
330,1788869179.231363,pose/component_1,0.030296819284558296
330,1788869179.231363,pose/component_2,0.004518213681876659
330,1788869179.231363,pose/component_3,0.29358986020088196
330,1788869179.231363,pose/component_4,0.0017480197129771113
330,1788869179.231363,pose/component_5,0.0
331,1788869180.3918889,amp/overflow_retries,0.0
331,1788869180.3918889,amp/scale,512.0
331,1788869180.3918889,detect/component_0,1.1095201969146729
331,1788869180.3918889,detect/component_1,1.0134409666061401
331,1788869180.3918889,detect/component_2,0.006830079946666956
331,1788869180.3918889,gradient/clipped_norm,122.2946548461914
331,1788869180.3918889,images/detect,256.0
331,1788869180.3918889,images/pose,16.0
331,1788869180.3918889,loss/backward,108.21247329711915
331,1788869180.3918889,loss/detect_mean,1.8843804597854614
331,1788869180.3918889,loss/joint_mean,1.6908198952674867
331,1788869180.3918889,loss/pose_mean,0.9165776371955872
331,1788869180.3918889,lr/attention.decay,0.0
331,1788869180.3918889,lr/attention.no_decay,0.0
331,1788869180.3918889,lr/backbone.decay,0.0
331,1788869180.3918889,lr/backbone.no_decay,0.0
331,1788869180.3918889,lr/detect_head.decay,1.863390928725702e-05
331,1788869180.3918889,lr/detect_head.no_decay,1.863390928725702e-05
331,1788869180.3918889,lr/masf.decay,0.0
331,1788869180.3918889,lr/masf.no_decay,0.0
331,1788869180.3918889,lr/neck.decay,7.453563714902809e-06
331,1788869180.3918889,lr/neck.no_decay,7.453563714902809e-06
331,1788869180.3918889,lr/pose_head.decay,1.863390928725702e-05
331,1788869180.3918889,lr/pose_head.no_decay,1.863390928725702e-05
331,1788869180.3918889,pose/component_0,0.6759600639343262
331,1788869180.3918889,pose/component_1,0.008893304504454136
331,1788869180.3918889,pose/component_2,0.005629690829664469
331,1788869180.3918889,pose/component_3,0.2769555151462555
331,1788869180.3918889,pose/component_4,0.0027632226701825857
331,1788869180.3918889,pose/component_5,0.0
332,1788869181.5734522,amp/overflow_retries,0.0
332,1788869181.5734522,amp/scale,512.0
332,1788869181.5734522,detect/component_0,1.011561393737793
332,1788869181.5734522,detect/component_1,0.8628971576690674
332,1788869181.5734522,detect/component_2,0.006255473475903273
332,1788869181.5734522,gradient/clipped_norm,142.9718475341797
332,1788869181.5734522,images/detect,256.0
332,1788869181.5734522,images/pose,16.0
332,1788869181.5734522,loss/backward,98.53775634765626
332,1788869181.5734522,loss/detect_mean,1.6883518993854523
332,1788869181.5734522,loss/joint_mean,1.539652442932129
332,1788869181.5734522,loss/pose_mean,0.9448546171188354
332,1788869181.5734522,lr/attention.decay,0.0
332,1788869181.5734522,lr/attention.no_decay,0.0
332,1788869181.5734522,lr/backbone.decay,0.0
332,1788869181.5734522,lr/backbone.no_decay,0.0
332,1788869181.5734522,lr/detect_head.decay,1.8682505399568033e-05
332,1788869181.5734522,lr/detect_head.no_decay,1.8682505399568033e-05
332,1788869181.5734522,lr/masf.decay,0.0
332,1788869181.5734522,lr/masf.no_decay,0.0
332,1788869181.5734522,lr/neck.decay,7.473002159827214e-06
332,1788869181.5734522,lr/neck.no_decay,7.473002159827214e-06
332,1788869181.5734522,lr/pose_head.decay,1.8682505399568033e-05
332,1788869181.5734522,lr/pose_head.no_decay,1.8682505399568033e-05
332,1788869181.5734522,pose/component_0,0.6935869455337524
332,1788869181.5734522,pose/component_1,0.019006339833140373
332,1788869181.5734522,pose/component_2,0.0046434118412435055
332,1788869181.5734522,pose/component_3,0.2610573470592499
332,1788869181.5734522,pose/component_4,0.001859647105447948
332,1788869181.5734522,pose/component_5,0.0
333,1788869182.7630455,amp/overflow_retries,0.0
333,1788869182.7630455,amp/scale,512.0
333,1788869182.7630455,detect/component_0,1.046278715133667
333,1788869182.7630455,detect/component_1,0.9669931530952454
333,1788869182.7630455,detect/component_2,0.006471492350101471
333,1788869182.7630455,gradient/clipped_norm,128.09767150878906
333,1788869182.7630455,images/detect,256.0
333,1788869182.7630455,images/pose,16.0
333,1788869182.7630455,loss/backward,107.97184219360352
333,1788869182.7630455,loss/detect_mean,1.809332862496376
333,1788869182.7630455,loss/joint_mean,1.687060034275055
333,1788869182.7630455,loss/pose_mean,1.1979687213897705
333,1788869182.7630455,lr/attention.decay,0.0
333,1788869182.7630455,lr/attention.no_decay,0.0
333,1788869182.7630455,lr/backbone.decay,0.0
333,1788869182.7630455,lr/backbone.no_decay,0.0
333,1788869182.7630455,lr/detect_head.decay,1.8731101511879053e-05
333,1788869182.7630455,lr/detect_head.no_decay,1.8731101511879053e-05
333,1788869182.7630455,lr/masf.decay,0.0
333,1788869182.7630455,lr/masf.no_decay,0.0
333,1788869182.7630455,lr/neck.decay,7.4924406047516206e-06
333,1788869182.7630455,lr/neck.no_decay,7.4924406047516206e-06
333,1788869182.7630455,lr/pose_head.decay,1.8731101511879053e-05
333,1788869182.7630455,lr/pose_head.no_decay,1.8731101511879053e-05
333,1788869182.7630455,pose/component_0,0.7953194975852966
333,1788869182.7630455,pose/component_1,0.032821446657180786
333,1788869182.7630455,pose/component_2,0.10703906416893005
333,1788869182.7630455,pose/component_3,0.44181570410728455
333,1788869182.7630455,pose/component_4,0.0020269989036023617
333,1788869182.7630455,pose/component_5,0.0
334,1788869183.9519937,amp/overflow_retries,0.0
334,1788869183.9519937,amp/scale,512.0
334,1788869183.9519937,detect/component_0,1.0461939573287964
334,1788869183.9519937,detect/component_1,0.9444795250892639
334,1788869183.9519937,detect/component_2,0.006519864778965712
334,1788869183.9519937,gradient/clipped_norm,120.65816497802734
334,1788869183.9519937,images/detect,256.0
334,1788869183.9519937,images/pose,16.0
334,1788869183.9519937,loss/backward,101.55170822143555
334,1788869183.9519937,loss/detect_mean,1.783405140042305
334,1788869183.9519937,loss/joint_mean,1.5867454409599304
334,1788869183.9519937,loss/pose_mean,0.8001066446304321
334,1788869183.9519937,lr/attention.decay,0.0
334,1788869183.9519937,lr/attention.no_decay,0.0
334,1788869183.9519937,lr/backbone.decay,0.0
334,1788869183.9519937,lr/backbone.no_decay,0.0
334,1788869183.9519937,lr/detect_head.decay,1.8779697624190066e-05
334,1788869183.9519937,lr/detect_head.no_decay,1.8779697624190066e-05
334,1788869183.9519937,lr/masf.decay,0.0
334,1788869183.9519937,lr/masf.no_decay,0.0
334,1788869183.9519937,lr/neck.decay,7.511879049676026e-06
334,1788869183.9519937,lr/neck.no_decay,7.511879049676026e-06
334,1788869183.9519937,lr/pose_head.decay,1.8779697624190066e-05
334,1788869183.9519937,lr/pose_head.no_decay,1.8779697624190066e-05
334,1788869183.9519937,pose/component_0,0.5729690790176392
334,1788869183.9519937,pose/component_1,0.007141685113310814
334,1788869183.9519937,pose/component_2,0.012358197942376137
334,1788869183.9519937,pose/component_3,0.23556670546531677
334,1788869183.9519937,pose/component_4,0.002273311372846365
334,1788869183.9519937,pose/component_5,0.0
335,1788869185.1324043,amp/overflow_retries,0.0
335,1788869185.1324043,amp/scale,512.0
335,1788869185.1324043,detect/component_0,1.1302945613861084
335,1788869185.1324043,detect/component_1,0.9893146753311157
335,1788869185.1324043,detect/component_2,0.006367125082761049
335,1788869185.1324043,gradient/clipped_norm,139.328369140625
335,1788869185.1324043,images/detect,256.0
335,1788869185.1324043,images/pose,16.0
335,1788869185.1324043,loss/backward,106.59369735717773
335,1788869185.1324043,loss/detect_mean,1.8701572567224503
335,1788869185.1324043,loss/joint_mean,1.665526521205902
335,1788869185.1324043,loss/pose_mean,0.8470035791397095
335,1788869185.1324043,lr/attention.decay,0.0
335,1788869185.1324043,lr/attention.no_decay,0.0
335,1788869185.1324043,lr/backbone.decay,0.0
335,1788869185.1324043,lr/backbone.no_decay,0.0
335,1788869185.1324043,lr/detect_head.decay,1.8828293736501082e-05
335,1788869185.1324043,lr/detect_head.no_decay,1.8828293736501082e-05
335,1788869185.1324043,lr/masf.decay,0.0
335,1788869185.1324043,lr/masf.no_decay,0.0
335,1788869185.1324043,lr/neck.decay,7.531317494600433e-06
335,1788869185.1324043,lr/neck.no_decay,7.531317494600433e-06
335,1788869185.1324043,lr/pose_head.decay,1.8828293736501082e-05
335,1788869185.1324043,lr/pose_head.no_decay,1.8828293736501082e-05
335,1788869185.1324043,pose/component_0,0.5970533490180969
335,1788869185.1324043,pose/component_1,0.005674703046679497
335,1788869185.1324043,pose/component_2,0.001793658477254212
335,1788869185.1324043,pose/component_3,0.18725280463695526
335,1788869185.1324043,pose/component_4,0.002043279819190502
335,1788869185.1324043,pose/component_5,0.0
336,1788869186.317826,amp/overflow_retries,0.0
336,1788869186.317826,amp/scale,512.0
336,1788869186.317826,detect/component_0,1.0431010723114014
336,1788869186.317826,detect/component_1,0.956369161605835
336,1788869186.317826,detect/component_2,0.0063359360210597515
336,1788869186.317826,gradient/clipped_norm,130.95030212402344
336,1788869186.317826,images/detect,256.0
336,1788869186.317826,images/pose,16.0
336,1788869186.317826,loss/backward,103.61125793457032
336,1788869186.317826,loss/detect_mean,1.8075344264507294
336,1788869186.317826,loss/joint_mean,1.6189259052276612
336,1788869186.317826,loss/pose_mean,0.8644918203353882
336,1788869186.317826,lr/attention.decay,0.0
336,1788869186.317826,lr/attention.no_decay,0.0
336,1788869186.317826,lr/backbone.decay,0.0
336,1788869186.317826,lr/backbone.no_decay,0.0
336,1788869186.317826,lr/detect_head.decay,1.8876889848812095e-05
336,1788869186.317826,lr/detect_head.no_decay,1.8876889848812095e-05
336,1788869186.317826,lr/masf.decay,0.0
336,1788869186.317826,lr/masf.no_decay,0.0
336,1788869186.317826,lr/neck.decay,7.550755939524839e-06
336,1788869186.317826,lr/neck.no_decay,7.550755939524839e-06
336,1788869186.317826,lr/pose_head.decay,1.8876889848812095e-05
336,1788869186.317826,lr/pose_head.no_decay,1.8876889848812095e-05
336,1788869186.317826,pose/component_0,0.6160770654678345
336,1788869186.317826,pose/component_1,0.0077881221659481525
336,1788869186.317826,pose/component_2,0.001059326226823032
336,1788869186.317826,pose/component_3,0.2172844409942627
336,1788869186.317826,pose/component_4,0.001842970959842205
336,1788869186.317826,pose/component_5,0.0
337,1788869187.48691,amp/overflow_retries,0.0
337,1788869187.48691,amp/scale,512.0
337,1788869187.48691,detect/component_0,1.040290117263794
337,1788869187.48691,detect/component_1,0.9747321605682373
337,1788869187.48691,detect/component_2,0.005824795458465815
337,1788869187.48691,gradient/clipped_norm,125.69981384277344
337,1788869187.48691,images/detect,256.0
337,1788869187.48691,images/pose,16.0
337,1788869187.48691,loss/backward,100.04671325683594
337,1788869187.48691,loss/detect_mean,1.779350146651268
337,1788869187.48691,loss/joint_mean,1.5632298946380616
337,1788869187.48691,loss/pose_mean,0.6987488865852356
337,1788869187.48691,lr/attention.decay,0.0
337,1788869187.48691,lr/attention.no_decay,0.0
337,1788869187.48691,lr/backbone.decay,0.0
337,1788869187.48691,lr/backbone.no_decay,0.0
337,1788869187.48691,lr/detect_head.decay,1.892548596112311e-05
337,1788869187.48691,lr/detect_head.no_decay,1.892548596112311e-05
337,1788869187.48691,lr/masf.decay,0.0
337,1788869187.48691,lr/masf.no_decay,0.0
337,1788869187.48691,lr/neck.decay,7.570194384449244e-06
337,1788869187.48691,lr/neck.no_decay,7.570194384449244e-06
337,1788869187.48691,lr/pose_head.decay,1.892548596112311e-05
337,1788869187.48691,lr/pose_head.no_decay,1.892548596112311e-05
337,1788869187.48691,pose/component_0,0.4902285039424896
337,1788869187.48691,pose/component_1,0.007060234900563955
337,1788869187.48691,pose/component_2,0.003058780450373888
337,1788869187.48691,pose/component_3,0.18477670848369598
337,1788869187.48691,pose/component_4,0.001689499244093895
337,1788869187.48691,pose/component_5,0.0
338,1788869188.6621904,amp/overflow_retries,0.0
338,1788869188.6621904,amp/scale,512.0
338,1788869188.6621904,detect/component_0,1.0822664499282837
338,1788869188.6621904,detect/component_1,0.9549097418785095
338,1788869188.6621904,detect/component_2,0.006768301595002413
338,1788869188.6621904,gradient/clipped_norm,133.3398895263672
338,1788869188.6621904,images/detect,256.0
338,1788869188.6621904,images/pose,16.0
338,1788869188.6621904,loss/backward,103.35920181274415
338,1788869188.6621904,loss/detect_mean,1.817514345049858
338,1788869188.6621904,loss/joint_mean,1.6149875283241273
338,1788869188.6621904,loss/pose_mean,0.8048802614212036
338,1788869188.6621904,lr/attention.decay,0.0
338,1788869188.6621904,lr/attention.no_decay,0.0
338,1788869188.6621904,lr/backbone.decay,0.0
338,1788869188.6621904,lr/backbone.no_decay,0.0
338,1788869188.6621904,lr/detect_head.decay,1.8974082073434127e-05
338,1788869188.6621904,lr/detect_head.no_decay,1.8974082073434127e-05
338,1788869188.6621904,lr/masf.decay,0.0
338,1788869188.6621904,lr/masf.no_decay,0.0
338,1788869188.6621904,lr/neck.decay,7.589632829373651e-06
338,1788869188.6621904,lr/neck.no_decay,7.589632829373651e-06
338,1788869188.6621904,lr/pose_head.decay,1.8974082073434127e-05
338,1788869188.6621904,lr/pose_head.no_decay,1.8974082073434127e-05
338,1788869188.6621904,pose/component_0,0.5782676935195923
338,1788869188.6621904,pose/component_1,0.009507304057478905
338,1788869188.6621904,pose/component_2,0.002174841705709696
338,1788869188.6621904,pose/component_3,0.2444543093442917
338,1788869188.6621904,pose/component_4,0.0017032481264322996
338,1788869188.6621904,pose/component_5,0.0
339,1788869189.814513,amp/overflow_retries,0.0
339,1788869189.814513,amp/scale,512.0
339,1788869189.814513,detect/component_0,1.0395381450653076
339,1788869189.814513,detect/component_1,0.9070537090301514
339,1788869189.814513,detect/component_2,0.007162398658692837
339,1788869189.814513,gradient/clipped_norm,145.17884826660156
339,1788869189.814513,images/detect,256.0
339,1788869189.814513,images/pose,16.0
339,1788869189.814513,loss/backward,103.58031616210937
339,1788869189.814513,loss/detect_mean,1.7489632964134216
339,1788869189.814513,loss/joint_mean,1.618442440032959
339,1788869189.814513,loss/pose_mean,1.0963590145111084
339,1788869189.814513,lr/attention.decay,0.0
339,1788869189.814513,lr/attention.no_decay,0.0
339,1788869189.814513,lr/backbone.decay,0.0
339,1788869189.814513,lr/backbone.no_decay,0.0
339,1788869189.814513,lr/detect_head.decay,1.902267818574514e-05
339,1788869189.814513,lr/detect_head.no_decay,1.902267818574514e-05
339,1788869189.814513,lr/masf.decay,0.0
339,1788869189.814513,lr/masf.no_decay,0.0
339,1788869189.814513,lr/neck.decay,7.609071274298057e-06
339,1788869189.814513,lr/neck.no_decay,7.609071274298057e-06
339,1788869189.814513,lr/pose_head.decay,1.902267818574514e-05
339,1788869189.814513,lr/pose_head.no_decay,1.902267818574514e-05
339,1788869189.814513,pose/component_0,0.9278720021247864
339,1788869189.814513,pose/component_1,0.020242372527718544
339,1788869189.814513,pose/component_2,0.0013577283825725317
339,1788869189.814513,pose/component_3,0.2528476417064667
339,1788869189.814513,pose/component_4,0.002018447034060955
339,1788869189.814513,pose/component_5,0.0
340,1788869190.9849157,amp/overflow_retries,0.0
340,1788869190.9849157,amp/scale,512.0
340,1788869190.9849157,detect/component_0,0.9999672174453735
340,1788869190.9849157,detect/component_1,0.9000042080879211
340,1788869190.9849157,detect/component_2,0.006515040062367916
340,1788869190.9849157,gradient/clipped_norm,148.72727966308594
340,1788869190.9849157,images/detect,256.0
340,1788869190.9849157,images/pose,16.0
340,1788869190.9849157,loss/backward,97.66754837036133
340,1788869190.9849157,loss/detect_mean,1.6901723891496658
340,1788869190.9849157,loss/joint_mean,1.5260554432868958
340,1788869190.9849157,loss/pose_mean,0.8695876598358154
340,1788869190.9849157,lr/attention.decay,0.0
340,1788869190.9849157,lr/attention.no_decay,0.0
340,1788869190.9849157,lr/backbone.decay,0.0
340,1788869190.9849157,lr/backbone.no_decay,0.0
340,1788869190.9849157,lr/detect_head.decay,1.9071274298056156e-05
340,1788869190.9849157,lr/detect_head.no_decay,1.9071274298056156e-05
340,1788869190.9849157,lr/masf.decay,0.0
340,1788869190.9849157,lr/masf.no_decay,0.0
340,1788869190.9849157,lr/neck.decay,7.628509719222463e-06
340,1788869190.9849157,lr/neck.no_decay,7.628509719222463e-06
340,1788869190.9849157,lr/pose_head.decay,1.9071274298056156e-05
340,1788869190.9849157,lr/pose_head.no_decay,1.9071274298056156e-05
340,1788869190.9849157,pose/component_0,0.5778494477272034
340,1788869190.9849157,pose/component_1,0.007083681877702475
340,1788869190.9849157,pose/component_2,0.041272420436143875
340,1788869190.9849157,pose/component_3,0.21228039264678955
340,1788869190.9849157,pose/component_4,0.0015700600342825055
340,1788869190.9849157,pose/component_5,0.0
341,1788869192.1538715,amp/overflow_retries,0.0
341,1788869192.1538715,amp/scale,512.0
341,1788869192.1538715,detect/component_0,1.1294655799865723
341,1788869192.1538715,detect/component_1,0.9840174913406372
341,1788869192.1538715,detect/component_2,0.0061551486141979694
341,1788869192.1538715,gradient/clipped_norm,150.8075408935547
341,1788869192.1538715,images/detect,256.0
341,1788869192.1538715,images/pose,16.0
341,1788869192.1538715,loss/backward,111.43169937133788
341,1788869192.1538715,loss/detect_mean,1.869902566075325
341,1788869192.1538715,loss/joint_mean,1.7411203026771545
341,1788869192.1538715,loss/pose_mean,1.2259912490844727
341,1788869192.1538715,lr/attention.decay,0.0
341,1788869192.1538715,lr/attention.no_decay,0.0
341,1788869192.1538715,lr/backbone.decay,0.0
341,1788869192.1538715,lr/backbone.no_decay,0.0
341,1788869192.1538715,lr/detect_head.decay,1.9119870410367172e-05
341,1788869192.1538715,lr/detect_head.no_decay,1.9119870410367172e-05
341,1788869192.1538715,lr/masf.decay,0.0
341,1788869192.1538715,lr/masf.no_decay,0.0
341,1788869192.1538715,lr/neck.decay,7.647948164146869e-06
341,1788869192.1538715,lr/neck.no_decay,7.647948164146869e-06
341,1788869192.1538715,lr/pose_head.decay,1.9119870410367172e-05
341,1788869192.1538715,lr/pose_head.no_decay,1.9119870410367172e-05
341,1788869192.1538715,pose/component_0,0.8324653506278992
341,1788869192.1538715,pose/component_1,0.024400930851697922
341,1788869192.1538715,pose/component_2,0.008878849446773529
341,1788869192.1538715,pose/component_3,0.5191462635993958
341,1788869192.1538715,pose/component_4,0.0026156585663557053
341,1788869192.1538715,pose/component_5,0.0
342,1788869193.3402147,amp/overflow_retries,0.0
342,1788869193.3402147,amp/scale,512.0
342,1788869193.3402147,detect/component_0,1.091518521308899
342,1788869193.3402147,detect/component_1,0.9741605520248413
342,1788869193.3402147,detect/component_2,0.005874301306903362
342,1788869193.3402147,gradient/clipped_norm,138.19625854492188
342,1788869193.3402147,images/detect,256.0
342,1788869193.3402147,images/pose,16.0
342,1788869193.3402147,loss/backward,105.0623794555664
342,1788869193.3402147,loss/detect_mean,1.8143821358680725
342,1788869193.3402147,loss/joint_mean,1.641599678993225
342,1788869193.3402147,loss/pose_mean,0.9504698514938354
342,1788869193.3402147,lr/attention.decay,0.0
342,1788869193.3402147,lr/attention.no_decay,0.0
342,1788869193.3402147,lr/backbone.decay,0.0
342,1788869193.3402147,lr/backbone.no_decay,0.0
342,1788869193.3402147,lr/detect_head.decay,1.916846652267819e-05
342,1788869193.3402147,lr/detect_head.no_decay,1.916846652267819e-05
342,1788869193.3402147,lr/masf.decay,0.0
342,1788869193.3402147,lr/masf.no_decay,0.0
342,1788869193.3402147,lr/neck.decay,7.667386609071276e-06
342,1788869193.3402147,lr/neck.no_decay,7.667386609071276e-06
342,1788869193.3402147,lr/pose_head.decay,1.916846652267819e-05
342,1788869193.3402147,lr/pose_head.no_decay,1.916846652267819e-05
342,1788869193.3402147,pose/component_0,0.6850749254226685
342,1788869193.3402147,pose/component_1,0.009695837274193764
342,1788869193.3402147,pose/component_2,0.001628365134820342
342,1788869193.3402147,pose/component_3,0.2634425163269043
342,1788869193.3402147,pose/component_4,0.003671986050903797
342,1788869193.3402147,pose/component_5,0.0
343,1788869194.5072768,amp/overflow_retries,0.0
343,1788869194.5072768,amp/scale,512.0
343,1788869194.5072768,detect/component_0,1.0789222717285156
343,1788869194.5072768,detect/component_1,0.96137934923172
343,1788869194.5072768,detect/component_2,0.006325379945337772
343,1788869194.5072768,gradient/clipped_norm,203.03451538085938
343,1788869194.5072768,images/detect,256.0
343,1788869194.5072768,images/pose,16.0
343,1788869194.5072768,loss/backward,107.9674057006836
343,1788869194.5072768,loss/detect_mean,1.8415849208831787
343,1788869194.5072768,loss/joint_mean,1.6869907140731812
343,1788869194.5072768,loss/pose_mean,1.068613886833191
343,1788869194.5072768,lr/attention.decay,0.0
343,1788869194.5072768,lr/attention.no_decay,0.0
343,1788869194.5072768,lr/backbone.decay,0.0
343,1788869194.5072768,lr/backbone.no_decay,0.0
343,1788869194.5072768,lr/detect_head.decay,1.92170626349892e-05
343,1788869194.5072768,lr/detect_head.no_decay,1.92170626349892e-05
343,1788869194.5072768,lr/masf.decay,0.0
343,1788869194.5072768,lr/masf.no_decay,0.0
343,1788869194.5072768,lr/neck.decay,7.686825053995681e-06
343,1788869194.5072768,lr/neck.no_decay,7.686825053995681e-06
343,1788869194.5072768,lr/pose_head.decay,1.92170626349892e-05
343,1788869194.5072768,lr/pose_head.no_decay,1.92170626349892e-05
343,1788869194.5072768,pose/component_0,0.7525323033332825
343,1788869194.5072768,pose/component_1,0.039009351283311844
343,1788869194.5072768,pose/component_2,0.02581644430756569
343,1788869194.5072768,pose/component_3,0.34936287999153137
343,1788869194.5072768,pose/component_4,0.0019405304919928312
343,1788869194.5072768,pose/component_5,0.0
344,1788869195.6754808,amp/overflow_retries,0.0
344,1788869195.6754808,amp/scale,512.0
344,1788869195.6754808,detect/component_0,1.0763452053070068
344,1788869195.6754808,detect/component_1,0.9636887907981873
344,1788869195.6754808,detect/component_2,0.00640357518568635
344,1788869195.6754808,gradient/clipped_norm,179.0114288330078
344,1788869195.6754808,images/detect,256.0
344,1788869195.6754808,images/pose,16.0
344,1788869195.6754808,loss/backward,106.87362136840821
344,1788869195.6754808,loss/detect_mean,1.824211522936821
344,1788869195.6754808,loss/joint_mean,1.6699003338813783
344,1788869195.6754808,loss/pose_mean,1.052655577659607
344,1788869195.6754808,lr/attention.decay,0.0
344,1788869195.6754808,lr/attention.no_decay,0.0
344,1788869195.6754808,lr/backbone.decay,0.0
344,1788869195.6754808,lr/backbone.no_decay,0.0
344,1788869195.6754808,lr/detect_head.decay,1.9265658747300218e-05
344,1788869195.6754808,lr/detect_head.no_decay,1.9265658747300218e-05
344,1788869195.6754808,lr/masf.decay,0.0
344,1788869195.6754808,lr/masf.no_decay,0.0
344,1788869195.6754808,lr/neck.decay,7.706263498920088e-06
344,1788869195.6754808,lr/neck.no_decay,7.706263498920088e-06
344,1788869195.6754808,lr/pose_head.decay,1.9265658747300218e-05
344,1788869195.6754808,lr/pose_head.no_decay,1.9265658747300218e-05
344,1788869195.6754808,pose/component_0,0.7732190489768982
344,1788869195.6754808,pose/component_1,0.00994785875082016
344,1788869195.6754808,pose/component_2,0.0025852397084236145
344,1788869195.6754808,pose/component_3,0.2730942964553833
344,1788869195.6754808,pose/component_4,0.0025190687738358974
344,1788869195.6754808,pose/component_5,0.0
345,1788869196.8548062,amp/overflow_retries,0.0
345,1788869196.8548062,amp/scale,512.0
345,1788869196.8548062,detect/component_0,1.0529369115829468
345,1788869196.8548062,detect/component_1,0.9809650778770447
345,1788869196.8548062,detect/component_2,0.006532120984047651
345,1788869196.8548062,gradient/clipped_norm,143.38046264648438
345,1788869196.8548062,images/detect,256.0
345,1788869196.8548062,images/pose,16.0
345,1788869196.8548062,loss/backward,106.32928314208985
345,1788869196.8548062,loss/detect_mean,1.823101431131363
345,1788869196.8548062,loss/joint_mean,1.661395049095154
345,1788869196.8548062,loss/pose_mean,1.0145695209503174
345,1788869196.8548062,lr/attention.decay,0.0
345,1788869196.8548062,lr/attention.no_decay,0.0
345,1788869196.8548062,lr/backbone.decay,0.0
345,1788869196.8548062,lr/backbone.no_decay,0.0
345,1788869196.8548062,lr/detect_head.decay,1.931425485961123e-05
345,1788869196.8548062,lr/detect_head.no_decay,1.931425485961123e-05
345,1788869196.8548062,lr/masf.decay,0.0
345,1788869196.8548062,lr/masf.no_decay,0.0
345,1788869196.8548062,lr/neck.decay,7.725701943844492e-06
345,1788869196.8548062,lr/neck.no_decay,7.725701943844492e-06
345,1788869196.8548062,lr/pose_head.decay,1.931425485961123e-05
345,1788869196.8548062,lr/pose_head.no_decay,1.931425485961123e-05
345,1788869196.8548062,pose/component_0,0.7536251544952393
345,1788869196.8548062,pose/component_1,0.0057961600832641125
345,1788869196.8548062,pose/component_2,0.023439917713403702
345,1788869196.8548062,pose/component_3,0.33152544498443604
345,1788869196.8548062,pose/component_4,0.0022523771040141582
345,1788869196.8548062,pose/component_5,0.0
346,1788869198.0191145,amp/overflow_retries,0.0
346,1788869198.0191145,amp/scale,512.0
346,1788869198.0191145,detect/component_0,1.0609204769134521
346,1788869198.0191145,detect/component_1,0.9226654171943665
346,1788869198.0191145,detect/component_2,0.006698133423924446
346,1788869198.0191145,gradient/clipped_norm,200.7223663330078
346,1788869198.0191145,images/detect,256.0
346,1788869198.0191145,images/pose,16.0
346,1788869198.0191145,loss/backward,108.9603515625
346,1788869198.0191145,loss/detect_mean,1.782712697982788
346,1788869198.0191145,loss/joint_mean,1.7025054931640624
346,1788869198.0191145,loss/pose_mean,1.3816766738891602
346,1788869198.0191145,lr/attention.decay,0.0
346,1788869198.0191145,lr/attention.no_decay,0.0
346,1788869198.0191145,lr/backbone.decay,0.0
346,1788869198.0191145,lr/backbone.no_decay,0.0
346,1788869198.0191145,lr/detect_head.decay,1.9362850971922247e-05
346,1788869198.0191145,lr/detect_head.no_decay,1.9362850971922247e-05
346,1788869198.0191145,lr/masf.decay,0.0
346,1788869198.0191145,lr/masf.no_decay,0.0
346,1788869198.0191145,lr/neck.decay,7.7451403887689e-06
346,1788869198.0191145,lr/neck.no_decay,7.7451403887689e-06
346,1788869198.0191145,lr/pose_head.decay,1.9362850971922247e-05
346,1788869198.0191145,lr/pose_head.no_decay,1.9362850971922247e-05
346,1788869198.0191145,pose/component_0,1.1031945943832397
346,1788869198.0191145,pose/component_1,0.03164728730916977
346,1788869198.0191145,pose/component_2,0.0016665688017383218
346,1788869198.0191145,pose/component_3,0.4190068542957306
346,1788869198.0191145,pose/component_4,0.00197453866712749
346,1788869198.0191145,pose/component_5,0.0
347,1788869199.1849425,amp/overflow_retries,0.0
347,1788869199.1849425,amp/scale,512.0
347,1788869199.1849425,detect/component_0,0.9909486770629883
347,1788869199.1849425,detect/component_1,0.8468343019485474
347,1788869199.1849425,detect/component_2,0.006359260529279709
347,1788869199.1849425,gradient/clipped_norm,156.24964904785156
347,1788869199.1849425,images/detect,256.0
347,1788869199.1849425,images/pose,16.0
347,1788869199.1849425,loss/backward,98.27373657226562
347,1788869199.1849425,loss/detect_mean,1.6625528633594513
347,1788869199.1849425,loss/joint_mean,1.5355271339416503
347,1788869199.1849425,loss/pose_mean,1.0274242162704468
347,1788869199.1849425,lr/attention.decay,0.0
347,1788869199.1849425,lr/attention.no_decay,0.0
347,1788869199.1849425,lr/backbone.decay,0.0
347,1788869199.1849425,lr/backbone.no_decay,0.0
347,1788869199.1849425,lr/detect_head.decay,1.941144708423326e-05
347,1788869199.1849425,lr/detect_head.no_decay,1.941144708423326e-05
347,1788869199.1849425,lr/masf.decay,0.0
347,1788869199.1849425,lr/masf.no_decay,0.0
347,1788869199.1849425,lr/neck.decay,7.764578833693305e-06
347,1788869199.1849425,lr/neck.no_decay,7.764578833693305e-06
347,1788869199.1849425,lr/pose_head.decay,1.941144708423326e-05
347,1788869199.1849425,lr/pose_head.no_decay,1.941144708423326e-05
347,1788869199.1849425,pose/component_0,0.665973961353302
347,1788869199.1849425,pose/component_1,0.011479088105261326
347,1788869199.1849425,pose/component_2,0.0018988787196576595
347,1788869199.1849425,pose/component_3,0.364950567483902
347,1788869199.1849425,pose/component_4,0.0018041767179965973
347,1788869199.1849425,pose/component_5,0.0
348,1788869200.3699832,amp/overflow_retries,0.0
348,1788869200.3699832,amp/scale,512.0
348,1788869200.3699832,detect/component_0,1.0822935104370117
348,1788869200.3699832,detect/component_1,0.9643301963806152
348,1788869200.3699832,detect/component_2,0.005792131647467613
348,1788869200.3699832,gradient/clipped_norm,135.85646057128906
348,1788869200.3699832,images/detect,256.0
348,1788869200.3699832,images/pose,16.0
348,1788869200.3699832,loss/backward,101.55103225708008
348,1788869200.3699832,loss/detect_mean,1.788299322128296
348,1788869200.3699832,loss/joint_mean,1.5867348790168763
348,1788869200.3699832,loss/pose_mean,0.7804771065711975
348,1788869200.3699832,lr/attention.decay,0.0
348,1788869200.3699832,lr/attention.no_decay,0.0
348,1788869200.3699832,lr/backbone.decay,0.0
348,1788869200.3699832,lr/backbone.no_decay,0.0
348,1788869200.3699832,lr/detect_head.decay,1.946004319654428e-05
348,1788869200.3699832,lr/detect_head.no_decay,1.946004319654428e-05
348,1788869200.3699832,lr/masf.decay,0.0
348,1788869200.3699832,lr/masf.no_decay,0.0
348,1788869200.3699832,lr/neck.decay,7.784017278617712e-06
348,1788869200.3699832,lr/neck.no_decay,7.784017278617712e-06
348,1788869200.3699832,lr/pose_head.decay,1.946004319654428e-05
348,1788869200.3699832,lr/pose_head.no_decay,1.946004319654428e-05
348,1788869200.3699832,pose/component_0,0.5799792408943176
348,1788869200.3699832,pose/component_1,0.008896976709365845
348,1788869200.3699832,pose/component_2,0.0008209752850234509
348,1788869200.3699832,pose/component_3,0.16994306445121765
348,1788869200.3699832,pose/component_4,0.0024618892930448055
348,1788869200.3699832,pose/component_5,0.0
349,1788869201.550512,amp/overflow_retries,0.0
349,1788869201.550512,amp/scale,512.0
349,1788869201.550512,detect/component_0,1.0794583559036255
349,1788869201.550512,detect/component_1,0.9324193596839905
349,1788869201.550512,detect/component_2,0.00655512697994709
349,1788869201.550512,gradient/clipped_norm,155.73202514648438
349,1788869201.550512,images/detect,256.0
349,1788869201.550512,images/pose,16.0
349,1788869201.550512,loss/backward,104.00303649902344
349,1788869201.550512,loss/detect_mean,1.7973476350307465
349,1788869201.550512,loss/joint_mean,1.6250474452972412
349,1788869201.550512,loss/pose_mean,0.9358466863632202
349,1788869201.550512,lr/attention.decay,0.0
349,1788869201.550512,lr/attention.no_decay,0.0
349,1788869201.550512,lr/backbone.decay,0.0
349,1788869201.550512,lr/backbone.no_decay,0.0
349,1788869201.550512,lr/detect_head.decay,1.9508639308855292e-05
349,1788869201.550512,lr/detect_head.no_decay,1.9508639308855292e-05
349,1788869201.550512,lr/masf.decay,0.0
349,1788869201.550512,lr/masf.no_decay,0.0
349,1788869201.550512,lr/neck.decay,7.803455723542118e-06
349,1788869201.550512,lr/neck.no_decay,7.803455723542118e-06
349,1788869201.550512,lr/pose_head.decay,1.9508639308855292e-05
349,1788869201.550512,lr/pose_head.no_decay,1.9508639308855292e-05
349,1788869201.550512,pose/component_0,0.6693227291107178
349,1788869201.550512,pose/component_1,0.011829359456896782
349,1788869201.550512,pose/component_2,0.007575621362775564
349,1788869201.550512,pose/component_3,0.3349916934967041
349,1788869201.550512,pose/component_4,0.001835082657635212
349,1788869201.550512,pose/component_5,0.0
350,1788869202.7068532,amp/overflow_retries,0.0
350,1788869202.7068532,amp/scale,512.0
350,1788869202.7068532,detect/component_0,1.0553767681121826
350,1788869202.7068532,detect/component_1,0.9231875538825989
350,1788869202.7068532,detect/component_2,0.006560084410011768
350,1788869202.7068532,gradient/clipped_norm,137.66720581054688
350,1788869202.7068532,images/detect,256.0
350,1788869202.7068532,images/pose,16.0
350,1788869202.7068532,loss/backward,100.03447265625
350,1788869202.7068532,loss/detect_mean,1.7564519345760345
350,1788869202.7068532,loss/joint_mean,1.5630386352539063
350,1788869202.7068532,loss/pose_mean,0.7893854379653931
350,1788869202.7068532,lr/attention.decay,0.0
350,1788869202.7068532,lr/attention.no_decay,0.0
350,1788869202.7068532,lr/backbone.decay,0.0
350,1788869202.7068532,lr/backbone.no_decay,0.0
350,1788869202.7068532,lr/detect_head.decay,1.955723542116631e-05
350,1788869202.7068532,lr/detect_head.no_decay,1.955723542116631e-05
350,1788869202.7068532,lr/masf.decay,0.0
350,1788869202.7068532,lr/masf.no_decay,0.0
350,1788869202.7068532,lr/neck.decay,7.822894168466523e-06
350,1788869202.7068532,lr/neck.no_decay,7.822894168466523e-06
350,1788869202.7068532,lr/pose_head.decay,1.955723542116631e-05
350,1788869202.7068532,lr/pose_head.no_decay,1.955723542116631e-05
350,1788869202.7068532,pose/component_0,0.49996817111968994
350,1788869202.7068532,pose/component_1,0.014780500903725624
350,1788869202.7068532,pose/component_2,0.0020711205434054136
350,1788869202.7068532,pose/component_3,0.246400386095047
350,1788869202.7068532,pose/component_4,0.002734924666583538
350,1788869202.7068532,pose/component_5,0.0
351,1788869203.8981564,amp/overflow_retries,0.0
351,1788869203.8981564,amp/scale,512.0
351,1788869203.8981564,detect/component_0,1.0732345581054688
351,1788869203.8981564,detect/component_1,0.9269342422485352
351,1788869203.8981564,detect/component_2,0.006632839795202017
351,1788869203.8981564,gradient/clipped_norm,160.78912353515625
351,1788869203.8981564,images/detect,256.0
351,1788869203.8981564,images/pose,16.0
351,1788869203.8981564,loss/backward,104.64899520874023
351,1788869203.8981564,loss/detect_mean,1.774760827422142
351,1788869203.8981564,loss/joint_mean,1.6351405501365661
351,1788869203.8981564,loss/pose_mean,1.0766594409942627
351,1788869203.8981564,lr/attention.decay,0.0
351,1788869203.8981564,lr/attention.no_decay,0.0
351,1788869203.8981564,lr/backbone.decay,0.0
351,1788869203.8981564,lr/backbone.no_decay,0.0
351,1788869203.8981564,lr/detect_head.decay,1.9605831533477325e-05
351,1788869203.8981564,lr/detect_head.no_decay,1.9605831533477325e-05
351,1788869203.8981564,lr/masf.decay,0.0
351,1788869203.8981564,lr/masf.no_decay,0.0
351,1788869203.8981564,lr/neck.decay,7.84233261339093e-06
351,1788869203.8981564,lr/neck.no_decay,7.84233261339093e-06
351,1788869203.8981564,lr/pose_head.decay,1.9605831533477325e-05
351,1788869203.8981564,lr/pose_head.no_decay,1.9605831533477325e-05
351,1788869203.8981564,pose/component_0,0.7832221984863281
351,1788869203.8981564,pose/component_1,0.0389569029211998
351,1788869203.8981564,pose/component_2,0.0026212644297629595
351,1788869203.8981564,pose/component_3,0.3949412405490875
351,1788869203.8981564,pose/component_4,0.001287456601858139
351,1788869203.8981564,pose/component_5,0.0
352,1788869205.0627828,amp/overflow_retries,0.0
352,1788869205.0627828,amp/scale,512.0
352,1788869205.0627828,detect/component_0,1.1041905879974365
352,1788869205.0627828,detect/component_1,0.9552074670791626
352,1788869205.0627828,detect/component_2,0.006373531650751829
352,1788869205.0627828,gradient/clipped_norm,158.2500762939453
352,1788869205.0627828,images/detect,256.0
352,1788869205.0627828,images/pose,16.0
352,1788869205.0627828,loss/backward,105.60764999389649
352,1788869205.0627828,loss/detect_mean,1.8383566588163376
352,1788869205.0627828,loss/joint_mean,1.6501195311546326
352,1788869205.0627828,loss/pose_mean,0.8971710205078125
352,1788869205.0627828,lr/attention.decay,0.0
352,1788869205.0627828,lr/attention.no_decay,0.0
352,1788869205.0627828,lr/backbone.decay,0.0
352,1788869205.0627828,lr/backbone.no_decay,0.0
352,1788869205.0627828,lr/detect_head.decay,1.965442764578834e-05
352,1788869205.0627828,lr/detect_head.no_decay,1.965442764578834e-05
352,1788869205.0627828,lr/masf.decay,0.0
352,1788869205.0627828,lr/masf.no_decay,0.0
352,1788869205.0627828,lr/neck.decay,7.861771058315336e-06
352,1788869205.0627828,lr/neck.no_decay,7.861771058315336e-06
352,1788869205.0627828,lr/pose_head.decay,1.965442764578834e-05
352,1788869205.0627828,lr/pose_head.no_decay,1.965442764578834e-05
352,1788869205.0627828,pose/component_0,0.569671094417572
352,1788869205.0627828,pose/component_1,0.014759697020053864
352,1788869205.0627828,pose/component_2,0.005049766506999731
352,1788869205.0627828,pose/component_3,0.3498035669326782
352,1788869205.0627828,pose/component_4,0.0014216395793482661
352,1788869205.0627828,pose/component_5,0.0
353,1788869206.243582,amp/overflow_retries,0.0
353,1788869206.243582,amp/scale,512.0
353,1788869206.243582,detect/component_0,1.0959324836730957
353,1788869206.243582,detect/component_1,0.9495241641998291
353,1788869206.243582,detect/component_2,0.006322254426777363
353,1788869206.243582,gradient/clipped_norm,119.34571838378906
353,1788869206.243582,images/detect,256.0
353,1788869206.243582,images/pose,16.0
353,1788869206.243582,loss/backward,104.71454696655273
353,1788869206.243582,loss/detect_mean,1.8276095241308212
353,1788869206.243582,loss/joint_mean,1.6361647963523864
353,1788869206.243582,loss/pose_mean,0.8703858852386475
353,1788869206.243582,lr/attention.decay,0.0
353,1788869206.243582,lr/attention.no_decay,0.0
353,1788869206.243582,lr/backbone.decay,0.0
353,1788869206.243582,lr/backbone.no_decay,0.0
353,1788869206.243582,lr/detect_head.decay,1.970302375809935e-05
353,1788869206.243582,lr/detect_head.no_decay,1.970302375809935e-05
353,1788869206.243582,lr/masf.decay,0.0
353,1788869206.243582,lr/masf.no_decay,0.0
353,1788869206.243582,lr/neck.decay,7.881209503239741e-06
353,1788869206.243582,lr/neck.no_decay,7.881209503239741e-06
353,1788869206.243582,lr/pose_head.decay,1.970302375809935e-05
353,1788869206.243582,lr/pose_head.no_decay,1.970302375809935e-05
353,1788869206.243582,pose/component_0,0.5983560085296631
353,1788869206.243582,pose/component_1,0.008066573180258274
353,1788869206.243582,pose/component_2,0.0012330934405326843
353,1788869206.243582,pose/component_3,0.22540485858917236
353,1788869206.243582,pose/component_4,0.002426247810944915
353,1788869206.243582,pose/component_5,0.0
354,1788869207.431456,amp/overflow_retries,0.0
354,1788869207.431456,amp/scale,512.0
354,1788869207.431456,detect/component_0,0.9929192662239075
354,1788869207.431456,detect/component_1,0.9014818668365479
354,1788869207.431456,detect/component_2,0.006785028148442507
354,1788869207.431456,gradient/clipped_norm,164.45504760742188
354,1788869207.431456,images/detect,256.0
354,1788869207.431456,images/pose,16.0
354,1788869207.431456,loss/backward,101.89522094726563
354,1788869207.431456,loss/detect_mean,1.697167545557022
354,1788869207.431456,loss/joint_mean,1.5921128273010254
354,1788869207.431456,loss/pose_mean,1.1718939542770386
354,1788869207.431456,lr/attention.decay,0.0
354,1788869207.431456,lr/attention.no_decay,0.0
354,1788869207.431456,lr/backbone.decay,0.0
354,1788869207.431456,lr/backbone.no_decay,0.0
354,1788869207.431456,lr/detect_head.decay,1.9751619870410366e-05
354,1788869207.431456,lr/detect_head.no_decay,1.9751619870410366e-05
354,1788869207.431456,lr/masf.decay,0.0
354,1788869207.431456,lr/masf.no_decay,0.0
354,1788869207.431456,lr/neck.decay,7.900647948164147e-06
354,1788869207.431456,lr/neck.no_decay,7.900647948164147e-06
354,1788869207.431456,lr/pose_head.decay,1.9751619870410366e-05
354,1788869207.431456,lr/pose_head.no_decay,1.9751619870410366e-05
354,1788869207.431456,pose/component_0,0.8557937145233154
354,1788869207.431456,pose/component_1,0.016910169273614883
354,1788869207.431456,pose/component_2,0.01933363825082779
354,1788869207.431456,pose/component_3,0.31407156586647034
354,1788869207.431456,pose/component_4,0.0019193758489564061
354,1788869207.431456,pose/component_5,0.0
355,1788869208.604612,amp/overflow_retries,0.0
355,1788869208.604612,amp/scale,512.0
355,1788869208.604612,detect/component_0,1.016910195350647
355,1788869208.604612,detect/component_1,0.8818532824516296
355,1788869208.604612,detect/component_2,0.00631309486925602
355,1788869208.604612,gradient/clipped_norm,138.75282287597656
355,1788869208.604612,images/detect,256.0
355,1788869208.604612,images/pose,16.0
355,1788869208.604612,loss/backward,98.05042190551758
355,1788869208.604612,loss/detect_mean,1.7011880278587341
355,1788869208.604612,loss/joint_mean,1.5320378422737122
355,1788869208.604612,loss/pose_mean,0.8554370999336243
355,1788869208.604612,lr/attention.decay,0.0
355,1788869208.604612,lr/attention.no_decay,0.0
355,1788869208.604612,lr/backbone.decay,0.0
355,1788869208.604612,lr/backbone.no_decay,0.0
355,1788869208.604612,lr/detect_head.decay,1.9800215982721383e-05
355,1788869208.604612,lr/detect_head.no_decay,1.9800215982721383e-05
355,1788869208.604612,lr/masf.decay,0.0
355,1788869208.604612,lr/masf.no_decay,0.0
355,1788869208.604612,lr/neck.decay,7.920086393088554e-06
355,1788869208.604612,lr/neck.no_decay,7.920086393088554e-06
355,1788869208.604612,lr/pose_head.decay,1.9800215982721383e-05
355,1788869208.604612,lr/pose_head.no_decay,1.9800215982721383e-05
355,1788869208.604612,pose/component_0,0.6313818693161011
355,1788869208.604612,pose/component_1,0.012311241589486599
355,1788869208.604612,pose/component_2,0.0010037696920335293
355,1788869208.604612,pose/component_3,0.22525306046009064
355,1788869208.604612,pose/component_4,0.0017228794749826193
355,1788869208.604612,pose/component_5,0.0
356,1788869209.7701516,amp/overflow_retries,0.0
356,1788869209.7701516,amp/scale,512.0
356,1788869209.7701516,detect/component_0,1.0661592483520508
356,1788869209.7701516,detect/component_1,0.9880027174949646
356,1788869209.7701516,detect/component_2,0.006418631412088871
356,1788869209.7701516,gradient/clipped_norm,140.8815155029297
356,1788869209.7701516,images/detect,256.0
356,1788869209.7701516,images/pose,16.0
356,1788869209.7701516,loss/backward,105.80909271240235
356,1788869209.7701516,loss/detect_mean,1.8311057835817337
356,1788869209.7701516,loss/joint_mean,1.6532670736312867
356,1788869209.7701516,loss/pose_mean,0.9419122338294983
356,1788869209.7701516,lr/attention.decay,0.0
356,1788869209.7701516,lr/attention.no_decay,0.0
356,1788869209.7701516,lr/backbone.decay,0.0
356,1788869209.7701516,lr/backbone.no_decay,0.0
356,1788869209.7701516,lr/detect_head.decay,1.98488120950324e-05
356,1788869209.7701516,lr/detect_head.no_decay,1.98488120950324e-05
356,1788869209.7701516,lr/masf.decay,0.0
356,1788869209.7701516,lr/masf.no_decay,0.0
356,1788869209.7701516,lr/neck.decay,7.93952483801296e-06
356,1788869209.7701516,lr/neck.no_decay,7.93952483801296e-06
356,1788869209.7701516,lr/pose_head.decay,1.98488120950324e-05
356,1788869209.7701516,lr/pose_head.no_decay,1.98488120950324e-05
356,1788869209.7701516,pose/component_0,0.7503839135169983
356,1788869209.7701516,pose/component_1,0.020074527710676193
356,1788869209.7701516,pose/component_2,0.008418083190917969
356,1788869209.7701516,pose/component_3,0.21656911075115204
356,1788869209.7701516,pose/component_4,0.002540384652093053
356,1788869209.7701516,pose/component_5,0.0
357,1788869210.9436572,amp/overflow_retries,0.0
357,1788869210.9436572,amp/scale,512.0
357,1788869210.9436572,detect/component_0,1.0889251232147217
357,1788869210.9436572,detect/component_1,0.8993550539016724
357,1788869210.9436572,detect/component_2,0.0066217598505318165
357,1788869210.9436572,gradient/clipped_norm,142.21780395507812
357,1788869210.9436572,images/detect,256.0
357,1788869210.9436572,images/pose,16.0
357,1788869210.9436572,loss/backward,103.40064392089843
357,1788869210.9436572,loss/detect_mean,1.7813806533813477
357,1788869210.9436572,loss/joint_mean,1.615635061264038
357,1788869210.9436572,loss/pose_mean,0.9526526927947998
357,1788869210.9436572,lr/attention.decay,0.0
357,1788869210.9436572,lr/attention.no_decay,0.0
357,1788869210.9436572,lr/backbone.decay,0.0
357,1788869210.9436572,lr/backbone.no_decay,0.0
357,1788869210.9436572,lr/detect_head.decay,1.9897408207343412e-05
357,1788869210.9436572,lr/detect_head.no_decay,1.9897408207343412e-05
357,1788869210.9436572,lr/masf.decay,0.0
357,1788869210.9436572,lr/masf.no_decay,0.0
357,1788869210.9436572,lr/neck.decay,7.958963282937365e-06
357,1788869210.9436572,lr/neck.no_decay,7.958963282937365e-06
357,1788869210.9436572,lr/pose_head.decay,1.9897408207343412e-05
357,1788869210.9436572,lr/pose_head.no_decay,1.9897408207343412e-05
357,1788869210.9436572,pose/component_0,0.6026158928871155
357,1788869210.9436572,pose/component_1,0.01567942276597023
357,1788869210.9436572,pose/component_2,0.0021042446605861187
357,1788869210.9436572,pose/component_3,0.3782614469528198
357,1788869210.9436572,pose/component_4,0.002192956628277898
357,1788869210.9436572,pose/component_5,0.0
358,1788869212.1159456,amp/overflow_retries,0.0
358,1788869212.1159456,amp/scale,512.0
358,1788869212.1159456,detect/component_0,1.0353037118911743
358,1788869212.1159456,detect/component_1,0.9023848176002502
358,1788869212.1159456,detect/component_2,0.006189270876348019
358,1788869212.1159456,gradient/clipped_norm,144.8876953125
358,1788869212.1159456,images/detect,256.0
358,1788869212.1159456,images/pose,16.0
358,1788869212.1159456,loss/backward,101.7610237121582
358,1788869212.1159456,loss/detect_mean,1.735277220606804
358,1788869212.1159456,loss/joint_mean,1.590015995502472
358,1788869212.1159456,loss/pose_mean,1.008971095085144
358,1788869212.1159456,lr/attention.decay,0.0
358,1788869212.1159456,lr/attention.no_decay,0.0
358,1788869212.1159456,lr/backbone.decay,0.0
358,1788869212.1159456,lr/backbone.no_decay,0.0
358,1788869212.1159456,lr/detect_head.decay,1.9946004319654428e-05
358,1788869212.1159456,lr/detect_head.no_decay,1.9946004319654428e-05
358,1788869212.1159456,lr/masf.decay,0.0
358,1788869212.1159456,lr/masf.no_decay,0.0
358,1788869212.1159456,lr/neck.decay,7.978401727861772e-06
358,1788869212.1159456,lr/neck.no_decay,7.978401727861772e-06
358,1788869212.1159456,lr/pose_head.decay,1.9946004319654428e-05
358,1788869212.1159456,lr/pose_head.no_decay,1.9946004319654428e-05
358,1788869212.1159456,pose/component_0,0.7705457210540771
358,1788869212.1159456,pose/component_1,0.008259943686425686
358,1788869212.1159456,pose/component_2,0.006499202456325293
358,1788869212.1159456,pose/component_3,0.2236253321170807
358,1788869212.1159456,pose/component_4,0.002421268029138446
358,1788869212.1159456,pose/component_5,0.0
359,1788869213.2856796,amp/overflow_retries,0.0
359,1788869213.2856796,amp/scale,512.0
359,1788869213.2856796,detect/component_0,1.083530068397522
359,1788869213.2856796,detect/component_1,0.9470702409744263
359,1788869213.2856796,detect/component_2,0.006076033227145672
359,1788869213.2856796,gradient/clipped_norm,136.8008575439453
359,1788869213.2856796,images/detect,256.0
359,1788869213.2856796,images/pose,16.0
359,1788869213.2856796,loss/backward,104.08115997314454
359,1788869213.2856796,loss/detect_mean,1.831288754940033
359,1788869213.2856796,loss/joint_mean,1.6262681245803834
359,1788869213.2856796,loss/pose_mean,0.8061856031417847
359,1788869213.2856796,lr/attention.decay,0.0
359,1788869213.2856796,lr/attention.no_decay,0.0
359,1788869213.2856796,lr/backbone.decay,0.0
359,1788869213.2856796,lr/backbone.no_decay,0.0
359,1788869213.2856796,lr/detect_head.decay,1.9994600431965444e-05
359,1788869213.2856796,lr/detect_head.no_decay,1.9994600431965444e-05
359,1788869213.2856796,lr/masf.decay,0.0
359,1788869213.2856796,lr/masf.no_decay,0.0
359,1788869213.2856796,lr/neck.decay,7.997840172786177e-06
359,1788869213.2856796,lr/neck.no_decay,7.997840172786177e-06
359,1788869213.2856796,lr/pose_head.decay,1.9994600431965444e-05
359,1788869213.2856796,lr/pose_head.no_decay,1.9994600431965444e-05
359,1788869213.2856796,pose/component_0,0.6040596961975098
359,1788869213.2856796,pose/component_1,0.011116690933704376
359,1788869213.2856796,pose/component_2,0.0008851675665937364
359,1788869213.2856796,pose/component_3,0.22935457527637482
359,1788869213.2856796,pose/component_4,0.00171488500200212
359,1788869213.2856796,pose/component_5,0.0
360,1788869214.4670444,amp/overflow_retries,0.0
360,1788869214.4670444,amp/scale,512.0
360,1788869214.4670444,detect/component_0,1.0230211019515991
360,1788869214.4670444,detect/component_1,0.920039176940918
360,1788869214.4670444,detect/component_2,0.006160569377243519
360,1788869214.4670444,gradient/clipped_norm,135.50624084472656
360,1788869214.4670444,images/detect,256.0
360,1788869214.4670444,images/pose,16.0
360,1788869214.4670444,loss/backward,101.20742568969726
360,1788869214.4670444,loss/detect_mean,1.7461968064308167
360,1788869214.4670444,loss/joint_mean,1.5813660264015197
360,1788869214.4670444,loss/pose_mean,0.9220429062843323
360,1788869214.4670444,lr/attention.decay,0.0
360,1788869214.4670444,lr/attention.no_decay,0.0
360,1788869214.4670444,lr/backbone.decay,0.0
360,1788869214.4670444,lr/backbone.no_decay,0.0
360,1788869214.4670444,lr/detect_head.decay,2.004319654427646e-05
360,1788869214.4670444,lr/detect_head.no_decay,2.004319654427646e-05
360,1788869214.4670444,lr/masf.decay,0.0
360,1788869214.4670444,lr/masf.no_decay,0.0
360,1788869214.4670444,lr/neck.decay,8.017278617710585e-06
360,1788869214.4670444,lr/neck.no_decay,8.017278617710585e-06
360,1788869214.4670444,lr/pose_head.decay,2.004319654427646e-05
360,1788869214.4670444,lr/pose_head.no_decay,2.004319654427646e-05
360,1788869214.4670444,pose/component_0,0.6838603615760803
360,1788869214.4670444,pose/component_1,0.016454163938760757
360,1788869214.4670444,pose/component_2,0.0013515742029994726
360,1788869214.4670444,pose/component_3,0.22065754234790802
360,1788869214.4670444,pose/component_4,0.00248119723983109
360,1788869214.4670444,pose/component_5,0.0
361,1788869215.6472895,amp/overflow_retries,0.0
361,1788869215.6472895,amp/scale,512.0
361,1788869215.6472895,detect/component_0,0.9754617214202881
361,1788869215.6472895,detect/component_1,0.8612784743309021
361,1788869215.6472895,detect/component_2,0.006748665124177933
361,1788869215.6472895,gradient/clipped_norm,145.22608947753906
361,1788869215.6472895,images/detect,256.0
361,1788869215.6472895,images/pose,16.0
361,1788869215.6472895,loss/backward,95.72112884521485
361,1788869215.6472895,loss/detect_mean,1.648734599351883
361,1788869215.6472895,loss/joint_mean,1.495642638206482
361,1788869215.6472895,loss/pose_mean,0.8832747936248779
361,1788869215.6472895,lr/attention.decay,0.0
361,1788869215.6472895,lr/attention.no_decay,0.0
361,1788869215.6472895,lr/backbone.decay,0.0
361,1788869215.6472895,lr/backbone.no_decay,0.0
361,1788869215.6472895,lr/detect_head.decay,2.0091792656587473e-05
361,1788869215.6472895,lr/detect_head.no_decay,2.0091792656587473e-05
361,1788869215.6472895,lr/masf.decay,0.0
361,1788869215.6472895,lr/masf.no_decay,0.0
361,1788869215.6472895,lr/neck.decay,8.03671706263499e-06
361,1788869215.6472895,lr/neck.no_decay,8.03671706263499e-06
361,1788869215.6472895,lr/pose_head.decay,2.0091792656587473e-05
361,1788869215.6472895,lr/pose_head.no_decay,2.0091792656587473e-05
361,1788869215.6472895,pose/component_0,0.6418454647064209
361,1788869215.6472895,pose/component_1,0.0072667840868234634
361,1788869215.6472895,pose/component_2,0.0015499709406867623
361,1788869215.6472895,pose/component_3,0.25039198994636536
361,1788869215.6472895,pose/component_4,0.0016403421759605408
361,1788869215.6472895,pose/component_5,0.0
362,1788869216.8089333,amp/overflow_retries,0.0
362,1788869216.8089333,amp/scale,512.0
362,1788869216.8089333,detect/component_0,1.0874347686767578
362,1788869216.8089333,detect/component_1,0.9473004341125488
362,1788869216.8089333,detect/component_2,0.00614659721031785
362,1788869216.8089333,gradient/clipped_norm,134.10423278808594
362,1788869216.8089333,images/detect,256.0
362,1788869216.8089333,images/pose,16.0
362,1788869216.8089333,loss/backward,105.70752792358398
362,1788869216.8089333,loss/detect_mean,1.8111779242753983
362,1788869216.8089333,loss/joint_mean,1.6516801238059997
362,1788869216.8089333,loss/pose_mean,1.0136889219284058
362,1788869216.8089333,lr/attention.decay,0.0
362,1788869216.8089333,lr/attention.no_decay,0.0
362,1788869216.8089333,lr/backbone.decay,0.0
362,1788869216.8089333,lr/backbone.no_decay,0.0
362,1788869216.8089333,lr/detect_head.decay,2.014038876889849e-05
362,1788869216.8089333,lr/detect_head.no_decay,2.014038876889849e-05
362,1788869216.8089333,lr/masf.decay,0.0
362,1788869216.8089333,lr/masf.no_decay,0.0
362,1788869216.8089333,lr/neck.decay,8.056155507559395e-06
362,1788869216.8089333,lr/neck.no_decay,8.056155507559395e-06
362,1788869216.8089333,lr/pose_head.decay,2.014038876889849e-05
362,1788869216.8089333,lr/pose_head.no_decay,2.014038876889849e-05
362,1788869216.8089333,pose/component_0,0.7135998010635376
362,1788869216.8089333,pose/component_1,0.01390741765499115
362,1788869216.8089333,pose/component_2,0.03313760831952095
362,1788869216.8089333,pose/component_3,0.23081159591674805
362,1788869216.8089333,pose/component_4,0.0024166374932974577
362,1788869216.8089333,pose/component_5,0.0
363,1788869217.962669,amp/overflow_retries,0.0
363,1788869217.962669,amp/scale,512.0
363,1788869217.962669,detect/component_0,1.0244470834732056
363,1788869217.962669,detect/component_1,0.9150481820106506
363,1788869217.962669,detect/component_2,0.0070968978106975555
363,1788869217.962669,gradient/clipped_norm,131.0629425048828
363,1788869217.962669,images/detect,256.0
363,1788869217.962669,images/pose,16.0
363,1788869217.962669,loss/backward,100.1885986328125
363,1788869217.962669,loss/detect_mean,1.7377933263778687
363,1788869217.962669,loss/joint_mean,1.5654468536376953
363,1788869217.962669,loss/pose_mean,0.876060962677002
363,1788869217.962669,lr/attention.decay,0.0
363,1788869217.962669,lr/attention.no_decay,0.0
363,1788869217.962669,lr/backbone.decay,0.0
363,1788869217.962669,lr/backbone.no_decay,0.0
363,1788869217.962669,lr/detect_head.decay,2.0188984881209502e-05
363,1788869217.962669,lr/detect_head.no_decay,2.0188984881209502e-05
363,1788869217.962669,lr/masf.decay,0.0
363,1788869217.962669,lr/masf.no_decay,0.0
363,1788869217.962669,lr/neck.decay,8.075593952483801e-06
363,1788869217.962669,lr/neck.no_decay,8.075593952483801e-06
363,1788869217.962669,lr/pose_head.decay,2.0188984881209502e-05
363,1788869217.962669,lr/pose_head.no_decay,2.0188984881209502e-05
363,1788869217.962669,pose/component_0,0.6617770195007324
363,1788869217.962669,pose/component_1,0.008916269056499004
363,1788869217.962669,pose/component_2,0.0018227596301585436
363,1788869217.962669,pose/component_3,0.23193359375
363,1788869217.962669,pose/component_4,0.0019912724383175373
363,1788869217.962669,pose/component_5,0.0
364,1788869219.1349218,amp/overflow_retries,0.0
364,1788869219.1349218,amp/scale,512.0
364,1788869219.1349218,detect/component_0,1.047607183456421
364,1788869219.1349218,detect/component_1,0.9349952936172485
364,1788869219.1349218,detect/component_2,0.006240357179194689
364,1788869219.1349218,gradient/clipped_norm,126.38436889648438
364,1788869219.1349218,images/detect,256.0
364,1788869219.1349218,images/pose,16.0
364,1788869219.1349218,loss/backward,102.03182067871094
364,1788869219.1349218,loss/detect_mean,1.7749579399824142
364,1788869219.1349218,loss/joint_mean,1.5942471981048585
364,1788869219.1349218,loss/pose_mean,0.871404230594635
364,1788869219.1349218,lr/attention.decay,0.0
364,1788869219.1349218,lr/attention.no_decay,0.0
364,1788869219.1349218,lr/backbone.decay,0.0
364,1788869219.1349218,lr/backbone.no_decay,0.0
364,1788869219.1349218,lr/detect_head.decay,2.023758099352052e-05
364,1788869219.1349218,lr/detect_head.no_decay,2.023758099352052e-05
364,1788869219.1349218,lr/masf.decay,0.0
364,1788869219.1349218,lr/masf.no_decay,0.0
364,1788869219.1349218,lr/neck.decay,8.095032397408208e-06
364,1788869219.1349218,lr/neck.no_decay,8.095032397408208e-06
364,1788869219.1349218,lr/pose_head.decay,2.023758099352052e-05
364,1788869219.1349218,lr/pose_head.no_decay,2.023758099352052e-05
364,1788869219.1349218,pose/component_0,0.6681031584739685
364,1788869219.1349218,pose/component_1,0.009122404269874096
364,1788869219.1349218,pose/component_2,0.0010841521434485912
364,1788869219.1349218,pose/component_3,0.21075399219989777
364,1788869219.1349218,pose/component_4,0.0017681289464235306
364,1788869219.1349218,pose/component_5,0.0
365,1788869220.2973006,amp/overflow_retries,0.0
365,1788869220.2973006,amp/scale,512.0
365,1788869220.2973006,detect/component_0,0.9929784536361694
365,1788869220.2973006,detect/component_1,0.9348308444023132
365,1788869220.2973006,detect/component_2,0.006713639944791794
365,1788869220.2973006,gradient/clipped_norm,138.60317993164062
365,1788869220.2973006,images/detect,256.0
365,1788869220.2973006,images/pose,16.0
365,1788869220.2973006,loss/backward,101.05758285522461
365,1788869220.2973006,loss/detect_mean,1.7307151705026627
365,1788869220.2973006,loss/joint_mean,1.5790247321128845
365,1788869220.2973006,loss/pose_mean,0.972262978553772
365,1788869220.2973006,lr/attention.decay,0.0
365,1788869220.2973006,lr/attention.no_decay,0.0
365,1788869220.2973006,lr/backbone.decay,0.0
365,1788869220.2973006,lr/backbone.no_decay,0.0
365,1788869220.2973006,lr/detect_head.decay,2.028617710583153e-05
365,1788869220.2973006,lr/detect_head.no_decay,2.028617710583153e-05
365,1788869220.2973006,lr/masf.decay,0.0
365,1788869220.2973006,lr/masf.no_decay,0.0
365,1788869220.2973006,lr/neck.decay,8.114470842332614e-06
365,1788869220.2973006,lr/neck.no_decay,8.114470842332614e-06
365,1788869220.2973006,lr/pose_head.decay,2.028617710583153e-05
365,1788869220.2973006,lr/pose_head.no_decay,2.028617710583153e-05
365,1788869220.2973006,pose/component_0,0.7160189151763916
365,1788869220.2973006,pose/component_1,0.008521217852830887
365,1788869220.2973006,pose/component_2,0.000911002978682518
365,1788869220.2973006,pose/component_3,0.29060885310173035
365,1788869220.2973006,pose/component_4,0.0015303611289709806
365,1788869220.2973006,pose/component_5,0.0
366,1788869221.473223,amp/overflow_retries,0.0
366,1788869221.473223,amp/scale,512.0
366,1788869221.473223,detect/component_0,1.0447406768798828
366,1788869221.473223,detect/component_1,0.9230141043663025
366,1788869221.473223,detect/component_2,0.006734812632203102
366,1788869221.473223,gradient/clipped_norm,318.6947326660156
366,1788869221.473223,images/detect,256.0
366,1788869221.473223,images/pose,16.0
366,1788869221.473223,loss/backward,107.8220932006836
366,1788869221.473223,loss/detect_mean,1.769158124923706
366,1788869221.473223,loss/joint_mean,1.6847202062606812
366,1788869221.473223,loss/pose_mean,1.3469685316085815
366,1788869221.473223,lr/attention.decay,0.0
366,1788869221.473223,lr/attention.no_decay,0.0
366,1788869221.473223,lr/backbone.decay,0.0
366,1788869221.473223,lr/backbone.no_decay,0.0
366,1788869221.473223,lr/detect_head.decay,2.033477321814255e-05
366,1788869221.473223,lr/detect_head.no_decay,2.033477321814255e-05
366,1788869221.473223,lr/masf.decay,0.0
366,1788869221.473223,lr/masf.no_decay,0.0
366,1788869221.473223,lr/neck.decay,8.13390928725702e-06
366,1788869221.473223,lr/neck.no_decay,8.13390928725702e-06
366,1788869221.473223,lr/pose_head.decay,2.033477321814255e-05
366,1788869221.473223,lr/pose_head.no_decay,2.033477321814255e-05
366,1788869221.473223,pose/component_0,0.6723229885101318
366,1788869221.473223,pose/component_1,0.597891628742218
366,1788869221.473223,pose/component_2,0.14030945301055908
366,1788869221.473223,pose/component_3,0.28261104226112366
366,1788869221.473223,pose/component_4,0.0021005754824727774
366,1788869221.473223,pose/component_5,0.06018237769603729
367,1788869222.656668,amp/overflow_retries,0.0
367,1788869222.656668,amp/scale,512.0
367,1788869222.656668,detect/component_0,1.1090502738952637
367,1788869222.656668,detect/component_1,1.0118759870529175
367,1788869222.656668,detect/component_2,0.006071513518691063
367,1788869222.656668,gradient/clipped_norm,129.09776306152344
367,1788869222.656668,images/detect,256.0
367,1788869222.656668,images/pose,16.0
367,1788869222.656668,loss/backward,107.37330703735351
367,1788869222.656668,loss/detect_mean,1.8957330733537674
367,1788869222.656668,loss/joint_mean,1.6777079224586486
367,1788869222.656668,loss/pose_mean,0.8056073188781738
367,1788869222.656668,lr/attention.decay,0.0
367,1788869222.656668,lr/attention.no_decay,0.0
367,1788869222.656668,lr/backbone.decay,0.0
367,1788869222.656668,lr/backbone.no_decay,0.0
367,1788869222.656668,lr/detect_head.decay,2.0383369330453564e-05
367,1788869222.656668,lr/detect_head.no_decay,2.0383369330453564e-05
367,1788869222.656668,lr/masf.decay,0.0
367,1788869222.656668,lr/masf.no_decay,0.0
367,1788869222.656668,lr/neck.decay,8.153347732181426e-06
367,1788869222.656668,lr/neck.no_decay,8.153347732181426e-06
367,1788869222.656668,lr/pose_head.decay,2.0383369330453564e-05
367,1788869222.656668,lr/pose_head.no_decay,2.0383369330453564e-05
367,1788869222.656668,pose/component_0,0.49669933319091797
367,1788869222.656668,pose/component_1,0.01148823369294405
367,1788869222.656668,pose/component_2,0.044433433562517166
367,1788869222.656668,pose/component_3,0.26050981879234314
367,1788869222.656668,pose/component_4,0.0018160046311095357
367,1788869222.656668,pose/component_5,0.0
368,1788869223.8370702,amp/overflow_retries,0.0
368,1788869223.8370702,amp/scale,512.0
368,1788869223.8370702,detect/component_0,1.01504385471344
368,1788869223.8370702,detect/component_1,0.915226399898529
368,1788869223.8370702,detect/component_2,0.0063807787373661995
368,1788869223.8370702,gradient/clipped_norm,114.85425567626953
368,1788869223.8370702,images/detect,256.0
368,1788869223.8370702,images/pose,16.0
368,1788869223.8370702,loss/backward,97.72409744262696
368,1788869223.8370702,loss/detect_mean,1.7242261618375778
368,1788869223.8370702,loss/joint_mean,1.5269390225410462
368,1788869223.8370702,loss/pose_mean,0.7377904653549194
368,1788869223.8370702,lr/attention.decay,0.0
368,1788869223.8370702,lr/attention.no_decay,0.0
368,1788869223.8370702,lr/backbone.decay,0.0
368,1788869223.8370702,lr/backbone.no_decay,0.0
368,1788869223.8370702,lr/detect_head.decay,2.043196544276458e-05
368,1788869223.8370702,lr/detect_head.no_decay,2.043196544276458e-05
368,1788869223.8370702,lr/masf.decay,0.0
368,1788869223.8370702,lr/masf.no_decay,0.0
368,1788869223.8370702,lr/neck.decay,8.172786177105832e-06
368,1788869223.8370702,lr/neck.no_decay,8.172786177105832e-06
368,1788869223.8370702,lr/pose_head.decay,2.043196544276458e-05
368,1788869223.8370702,lr/pose_head.no_decay,2.043196544276458e-05
368,1788869223.8370702,pose/component_0,0.5034969449043274
368,1788869223.8370702,pose/component_1,0.013413254171609879
368,1788869223.8370702,pose/component_2,0.003409072058275342
368,1788869223.8370702,pose/component_3,0.2282276600599289
368,1788869223.8370702,pose/component_4,0.0026076368521898985
368,1788869223.8370702,pose/component_5,0.0
369,1788869225.0050142,amp/overflow_retries,0.0
369,1788869225.0050142,amp/scale,512.0
369,1788869225.0050142,detect/component_0,1.087731957435608
369,1788869225.0050142,detect/component_1,0.9526327252388
369,1788869225.0050142,detect/component_2,0.006163351237773895
369,1788869225.0050142,gradient/clipped_norm,154.76983642578125
369,1788869225.0050142,images/detect,256.0
369,1788869225.0050142,images/pose,16.0
369,1788869225.0050142,loss/backward,107.99099960327149
369,1788869225.0050142,loss/detect_mean,1.815092846751213
369,1788869225.0050142,loss/joint_mean,1.687359368801117
369,1788869225.0050142,loss/pose_mean,1.1764254570007324
369,1788869225.0050142,lr/attention.decay,0.0
369,1788869225.0050142,lr/attention.no_decay,0.0
369,1788869225.0050142,lr/backbone.decay,0.0
369,1788869225.0050142,lr/backbone.no_decay,0.0
369,1788869225.0050142,lr/detect_head.decay,2.0480561555075593e-05
369,1788869225.0050142,lr/detect_head.no_decay,2.0480561555075593e-05
369,1788869225.0050142,lr/masf.decay,0.0
369,1788869225.0050142,lr/masf.no_decay,0.0
369,1788869225.0050142,lr/neck.decay,8.192224622030239e-06
369,1788869225.0050142,lr/neck.no_decay,8.192224622030239e-06
369,1788869225.0050142,lr/pose_head.decay,2.0480561555075593e-05
369,1788869225.0050142,lr/pose_head.no_decay,2.0480561555075593e-05
369,1788869225.0050142,pose/component_0,0.7123326659202576
369,1788869225.0050142,pose/component_1,0.02735719084739685
369,1788869225.0050142,pose/component_2,0.0393209271132946
369,1788869225.0050142,pose/component_3,0.4866540729999542
369,1788869225.0050142,pose/component_4,0.0025228168815374374
369,1788869225.0050142,pose/component_5,0.0
370,1788869226.178237,amp/overflow_retries,0.0
370,1788869226.178237,amp/scale,512.0
370,1788869226.178237,detect/component_0,1.0450222492218018
370,1788869226.178237,detect/component_1,0.9180634617805481
370,1788869226.178237,detect/component_2,0.006602172739803791
370,1788869226.178237,gradient/clipped_norm,148.03736877441406
370,1788869226.178237,images/detect,256.0
370,1788869226.178237,images/pose,16.0
370,1788869226.178237,loss/backward,107.31266403198242
370,1788869226.178237,loss/detect_mean,1.7802409678697586
370,1788869226.178237,loss/joint_mean,1.6767603754997253
370,1788869226.178237,loss/pose_mean,1.2628380060195923
370,1788869226.178237,lr/attention.decay,0.0
370,1788869226.178237,lr/attention.no_decay,0.0
370,1788869226.178237,lr/backbone.decay,0.0
370,1788869226.178237,lr/backbone.no_decay,0.0
370,1788869226.178237,lr/detect_head.decay,2.0529157667386613e-05
370,1788869226.178237,lr/detect_head.no_decay,2.0529157667386613e-05
370,1788869226.178237,lr/masf.decay,0.0
370,1788869226.178237,lr/masf.no_decay,0.0
370,1788869226.178237,lr/neck.decay,8.211663066954644e-06
370,1788869226.178237,lr/neck.no_decay,8.211663066954644e-06
370,1788869226.178237,lr/pose_head.decay,2.0529157667386613e-05
370,1788869226.178237,lr/pose_head.no_decay,2.0529157667386613e-05
370,1788869226.178237,pose/component_0,0.8893375992774963
370,1788869226.178237,pose/component_1,0.008226335048675537
370,1788869226.178237,pose/component_2,0.007831175811588764
370,1788869226.178237,pose/component_3,0.4097903370857239
370,1788869226.178237,pose/component_4,0.0030883282888680696
370,1788869226.178237,pose/component_5,0.0
371,1788869227.354688,amp/overflow_retries,0.0
371,1788869227.354688,amp/scale,512.0
371,1788869227.354688,detect/component_0,1.0279045104980469
371,1788869227.354688,detect/component_1,0.9154952168464661
371,1788869227.354688,detect/component_2,0.007053139619529247
371,1788869227.354688,gradient/clipped_norm,152.8574981689453
371,1788869227.354688,images/detect,256.0
371,1788869227.354688,images/pose,16.0
371,1788869227.354688,loss/backward,101.08061904907227
371,1788869227.354688,loss/detect_mean,1.7553290873765945
371,1788869227.354688,loss/joint_mean,1.5793846726417542
371,1788869227.354688,loss/pose_mean,0.8756070137023926
371,1788869227.354688,lr/attention.decay,0.0
371,1788869227.354688,lr/attention.no_decay,0.0
371,1788869227.354688,lr/backbone.decay,0.0
371,1788869227.354688,lr/backbone.no_decay,0.0
371,1788869227.354688,lr/detect_head.decay,2.0577753779697622e-05
371,1788869227.354688,lr/detect_head.no_decay,2.0577753779697622e-05
371,1788869227.354688,lr/masf.decay,0.0
371,1788869227.354688,lr/masf.no_decay,0.0
371,1788869227.354688,lr/neck.decay,8.23110151187905e-06
371,1788869227.354688,lr/neck.no_decay,8.23110151187905e-06
371,1788869227.354688,lr/pose_head.decay,2.0577753779697622e-05
371,1788869227.354688,lr/pose_head.no_decay,2.0577753779697622e-05
371,1788869227.354688,pose/component_0,0.6224915981292725
371,1788869227.354688,pose/component_1,0.009874880313873291
371,1788869227.354688,pose/component_2,0.0008108371985144913
371,1788869227.354688,pose/component_3,0.2041766345500946
371,1788869227.354688,pose/component_4,0.0017838471103459597
371,1788869227.354688,pose/component_5,0.0
372,1788869231.0973194,amp/overflow_retries,0.0
372,1788869231.0973194,amp/scale,512.0
372,1788869231.0973194,detect/component_0,1.0337188243865967
372,1788869231.0973194,detect/component_1,0.9714862108230591
372,1788869231.0973194,detect/component_2,0.006903079338371754
372,1788869231.0973194,gradient/clipped_norm,142.1431884765625
372,1788869231.0973194,images/detect,256.0
372,1788869231.0973194,images/pose,12.0
372,1788869231.0973194,loss/backward,105.76564534505208
372,1788869231.0973194,loss/detect_mean,1.8016903400421143
372,1788869231.0973194,loss/joint_mean,1.6525882085164387
372,1788869231.0973194,loss/pose_mean,1.056179682413737
372,1788869231.0973194,lr/attention.decay,0.0
372,1788869231.0973194,lr/attention.no_decay,0.0
372,1788869231.0973194,lr/backbone.decay,0.0
372,1788869231.0973194,lr/backbone.no_decay,0.0
372,1788869231.0973194,lr/detect_head.decay,2.062634989200864e-05
372,1788869231.0973194,lr/detect_head.no_decay,2.062634989200864e-05
372,1788869231.0973194,lr/masf.decay,0.0
372,1788869231.0973194,lr/masf.no_decay,0.0
372,1788869231.0973194,lr/neck.decay,8.250539956803455e-06
372,1788869231.0973194,lr/neck.no_decay,8.250539956803455e-06
372,1788869231.0973194,lr/pose_head.decay,2.062634989200864e-05
372,1788869231.0973194,lr/pose_head.no_decay,2.062634989200864e-05
372,1788869231.0973194,pose/component_0,0.7686522006988525
372,1788869231.0973194,pose/component_1,0.025907613337039948
372,1788869231.0973194,pose/component_2,0.04332984611392021
372,1788869231.0973194,pose/component_3,0.22192566096782684
372,1788869231.0973194,pose/component_4,0.004393332172185183
372,1788869231.0973194,pose/component_5,0.0
373,1788869232.271675,amp/overflow_retries,0.0
373,1788869232.271675,amp/scale,512.0
373,1788869232.271675,detect/component_0,0.999495267868042
373,1788869232.271675,detect/component_1,0.9251258373260498
373,1788869232.271675,detect/component_2,0.006076507270336151
373,1788869232.271675,gradient/clipped_norm,153.55030822753906
373,1788869232.271675,images/detect,256.0
373,1788869232.271675,images/pose,16.0
373,1788869232.271675,loss/backward,99.94683074951172
373,1788869232.271675,loss/detect_mean,1.7179882228374481
373,1788869232.271675,loss/joint_mean,1.5616692304611206
373,1788869232.271675,loss/pose_mean,0.9363932609558105
373,1788869232.271675,lr/attention.decay,0.0
373,1788869232.271675,lr/attention.no_decay,0.0
373,1788869232.271675,lr/backbone.decay,0.0
373,1788869232.271675,lr/backbone.no_decay,0.0
373,1788869232.271675,lr/detect_head.decay,2.0674946004319655e-05
373,1788869232.271675,lr/detect_head.no_decay,2.0674946004319655e-05
373,1788869232.271675,lr/masf.decay,0.0
373,1788869232.271675,lr/masf.no_decay,0.0
373,1788869232.271675,lr/neck.decay,8.269978401727863e-06
373,1788869232.271675,lr/neck.no_decay,8.269978401727863e-06
373,1788869232.271675,lr/pose_head.decay,2.0674946004319655e-05
373,1788869232.271675,lr/pose_head.no_decay,2.0674946004319655e-05
373,1788869232.271675,pose/component_0,0.6312899589538574
373,1788869232.271675,pose/component_1,0.009758949279785156
373,1788869232.271675,pose/component_2,0.0011226856149733067
373,1788869232.271675,pose/component_3,0.3238503336906433
373,1788869232.271675,pose/component_4,0.0015051757218316197
373,1788869232.271675,pose/component_5,0.0
374,1788869233.4469204,amp/overflow_retries,0.0
374,1788869233.4469204,amp/scale,512.0
374,1788869233.4469204,detect/component_0,1.0159116983413696
374,1788869233.4469204,detect/component_1,0.8807061314582825
374,1788869233.4469204,detect/component_2,0.007129071746021509
374,1788869233.4469204,gradient/clipped_norm,126.6634521484375
374,1788869233.4469204,images/detect,256.0
374,1788869233.4469204,images/pose,16.0
374,1788869233.4469204,loss/backward,100.24545440673828
374,1788869233.4469204,loss/detect_mean,1.7157445400953293
374,1788869233.4469204,loss/joint_mean,1.5663352251052856
374,1788869233.4469204,loss/pose_mean,0.9686979651451111
374,1788869233.4469204,lr/attention.decay,0.0
374,1788869233.4469204,lr/attention.no_decay,0.0
374,1788869233.4469204,lr/backbone.decay,0.0
374,1788869233.4469204,lr/backbone.no_decay,0.0
374,1788869233.4469204,lr/detect_head.decay,2.072354211663067e-05
374,1788869233.4469204,lr/detect_head.no_decay,2.072354211663067e-05
374,1788869233.4469204,lr/masf.decay,0.0
374,1788869233.4469204,lr/masf.no_decay,0.0
374,1788869233.4469204,lr/neck.decay,8.289416846652268e-06
374,1788869233.4469204,lr/neck.no_decay,8.289416846652268e-06
374,1788869233.4469204,lr/pose_head.decay,2.072354211663067e-05
374,1788869233.4469204,lr/pose_head.no_decay,2.072354211663067e-05
374,1788869233.4469204,pose/component_0,0.6926316618919373
374,1788869233.4469204,pose/component_1,0.008727803826332092
374,1788869233.4469204,pose/component_2,0.033209796994924545
374,1788869233.4469204,pose/component_3,0.29754650592803955
374,1788869233.4469204,pose/component_4,0.0017398599302396178
374,1788869233.4469204,pose/component_5,0.0
375,1788869234.6093652,amp/overflow_retries,0.0
375,1788869234.6093652,amp/scale,512.0
375,1788869234.6093652,detect/component_0,1.0487710237503052
375,1788869234.6093652,detect/component_1,0.8820658922195435
375,1788869234.6093652,detect/component_2,0.005919366143643856
375,1788869234.6093652,gradient/clipped_norm,127.77108001708984
375,1788869234.6093652,images/detect,256.0
375,1788869234.6093652,images/pose,16.0
375,1788869234.6093652,loss/backward,99.28560104370118
375,1788869234.6093652,loss/detect_mean,1.727216199040413
375,1788869234.6093652,loss/joint_mean,1.551337516307831
375,1788869234.6093652,loss/pose_mean,0.8478227853775024
375,1788869234.6093652,lr/attention.decay,0.0
375,1788869234.6093652,lr/attention.no_decay,0.0
375,1788869234.6093652,lr/backbone.decay,0.0
375,1788869234.6093652,lr/backbone.no_decay,0.0
375,1788869234.6093652,lr/detect_head.decay,2.0772138228941684e-05
375,1788869234.6093652,lr/detect_head.no_decay,2.0772138228941684e-05
375,1788869234.6093652,lr/masf.decay,0.0
375,1788869234.6093652,lr/masf.no_decay,0.0
375,1788869234.6093652,lr/neck.decay,8.308855291576673e-06
375,1788869234.6093652,lr/neck.no_decay,8.308855291576673e-06
375,1788869234.6093652,lr/pose_head.decay,2.0772138228941684e-05
375,1788869234.6093652,lr/pose_head.no_decay,2.0772138228941684e-05
375,1788869234.6093652,pose/component_0,0.5783628225326538
375,1788869234.6093652,pose/component_1,0.007436560466885567
375,1788869234.6093652,pose/component_2,0.002993989270180464
375,1788869234.6093652,pose/component_3,0.2547755241394043
375,1788869234.6093652,pose/component_4,0.001524576684460044
375,1788869234.6093652,pose/component_5,0.0
376,1788869235.754963,amp/overflow_retries,0.0
376,1788869235.754963,amp/scale,512.0
376,1788869235.754963,detect/component_0,1.0105832815170288
376,1788869235.754963,detect/component_1,0.9116206765174866
376,1788869235.754963,detect/component_2,0.006443389225751162
376,1788869235.754963,gradient/clipped_norm,129.74656677246094
376,1788869235.754963,images/detect,256.0
376,1788869235.754963,images/pose,16.0
376,1788869235.754963,loss/backward,101.82506256103515
376,1788869235.754963,loss/detect_mean,1.7394686937332153
376,1788869235.754963,loss/joint_mean,1.5910166025161743
376,1788869235.754963,loss/pose_mean,0.9972082376480103
376,1788869235.754963,lr/attention.decay,0.0
376,1788869235.754963,lr/attention.no_decay,0.0
376,1788869235.754963,lr/backbone.decay,0.0
376,1788869235.754963,lr/backbone.no_decay,0.0
376,1788869235.754963,lr/detect_head.decay,2.08207343412527e-05
376,1788869235.754963,lr/detect_head.no_decay,2.08207343412527e-05
376,1788869235.754963,lr/masf.decay,0.0
376,1788869235.754963,lr/masf.no_decay,0.0
376,1788869235.754963,lr/neck.decay,8.32829373650108e-06
376,1788869235.754963,lr/neck.no_decay,8.32829373650108e-06
376,1788869235.754963,lr/pose_head.decay,2.08207343412527e-05
376,1788869235.754963,lr/pose_head.no_decay,2.08207343412527e-05
376,1788869235.754963,pose/component_0,0.7372991442680359
376,1788869235.754963,pose/component_1,0.023324083536863327
376,1788869235.754963,pose/component_2,0.04669728875160217
376,1788869235.754963,pose/component_3,0.25048473477363586
376,1788869235.754963,pose/component_4,0.002056640572845936
376,1788869235.754963,pose/component_5,0.0
377,1788869236.9421313,amp/overflow_retries,0.0
377,1788869236.9421313,amp/scale,512.0
377,1788869236.9421313,detect/component_0,1.041961431503296
377,1788869236.9421313,detect/component_1,0.9509637355804443
377,1788869236.9421313,detect/component_2,0.006545297335833311
377,1788869236.9421313,gradient/clipped_norm,152.23138427734375
377,1788869236.9421313,images/detect,256.0
377,1788869236.9421313,images/pose,16.0
377,1788869236.9421313,loss/backward,103.54776382446289
377,1788869236.9421313,loss/detect_mean,1.7860545068979263
377,1788869236.9421313,loss/joint_mean,1.6179338097572327
377,1788869236.9421313,loss/pose_mean,0.945451021194458
377,1788869236.9421313,lr/attention.decay,0.0
377,1788869236.9421313,lr/attention.no_decay,0.0
377,1788869236.9421313,lr/backbone.decay,0.0
377,1788869236.9421313,lr/backbone.no_decay,0.0
377,1788869236.9421313,lr/detect_head.decay,2.0869330453563716e-05
377,1788869236.9421313,lr/detect_head.no_decay,2.0869330453563716e-05
377,1788869236.9421313,lr/masf.decay,0.0
377,1788869236.9421313,lr/masf.no_decay,0.0
377,1788869236.9421313,lr/neck.decay,8.347732181425486e-06
377,1788869236.9421313,lr/neck.no_decay,8.347732181425486e-06
377,1788869236.9421313,lr/pose_head.decay,2.0869330453563716e-05
377,1788869236.9421313,lr/pose_head.no_decay,2.0869330453563716e-05
377,1788869236.9421313,pose/component_0,0.698930025100708
377,1788869236.9421313,pose/component_1,0.020204436033964157
377,1788869236.9421313,pose/component_2,0.002156643895432353
377,1788869236.9421313,pose/component_3,0.25315195322036743
377,1788869236.9421313,pose/component_4,0.0016261503333225846
377,1788869236.9421313,pose/component_5,0.0
378,1788869238.1190805,amp/overflow_retries,0.0
378,1788869238.1190805,amp/scale,512.0
378,1788869238.1190805,detect/component_0,1.0767124891281128
378,1788869238.1190805,detect/component_1,0.972143292427063
378,1788869238.1190805,detect/component_2,0.0060702133923769
378,1788869238.1190805,gradient/clipped_norm,131.64503479003906
378,1788869238.1190805,images/detect,256.0
378,1788869238.1190805,images/pose,16.0
378,1788869238.1190805,loss/backward,104.45144348144531
378,1788869238.1190805,loss/detect_mean,1.8235742002725601
378,1788869238.1190805,loss/joint_mean,1.632053804397583
378,1788869238.1190805,loss/pose_mean,0.8659722208976746
378,1788869238.1190805,lr/attention.decay,0.0
378,1788869238.1190805,lr/attention.no_decay,0.0
378,1788869238.1190805,lr/backbone.decay,0.0
378,1788869238.1190805,lr/backbone.no_decay,0.0
378,1788869238.1190805,lr/detect_head.decay,2.0917926565874732e-05
378,1788869238.1190805,lr/detect_head.no_decay,2.0917926565874732e-05
378,1788869238.1190805,lr/masf.decay,0.0
378,1788869238.1190805,lr/masf.no_decay,0.0
378,1788869238.1190805,lr/neck.decay,8.367170626349893e-06
378,1788869238.1190805,lr/neck.no_decay,8.367170626349893e-06
378,1788869238.1190805,lr/pose_head.decay,2.0917926565874732e-05
378,1788869238.1190805,lr/pose_head.no_decay,2.0917926565874732e-05
378,1788869238.1190805,pose/component_0,0.679568886756897
378,1788869238.1190805,pose/component_1,0.011935727670788765
378,1788869238.1190805,pose/component_2,0.004247664008289576
378,1788869238.1190805,pose/component_3,0.24508029222488403
378,1788869238.1190805,pose/component_4,0.0014285305514931679
378,1788869238.1190805,pose/component_5,0.0
379,1788869239.2848513,amp/overflow_retries,0.0
379,1788869239.2848513,amp/scale,512.0
379,1788869239.2848513,detect/component_0,1.0583362579345703
379,1788869239.2848513,detect/component_1,0.904119074344635
379,1788869239.2848513,detect/component_2,0.005699814297258854
379,1788869239.2848513,gradient/clipped_norm,141.00857543945312
379,1788869239.2848513,images/detect,256.0
379,1788869239.2848513,images/pose,16.0
379,1788869239.2848513,loss/backward,103.16733245849609
379,1788869239.2848513,loss/detect_mean,1.7568325698375702
379,1788869239.2848513,loss/joint_mean,1.6119895696640014
379,1788869239.2848513,loss/pose_mean,1.0326175689697266
379,1788869239.2848513,lr/attention.decay,0.0
379,1788869239.2848513,lr/attention.no_decay,0.0
379,1788869239.2848513,lr/backbone.decay,0.0
379,1788869239.2848513,lr/backbone.no_decay,0.0
379,1788869239.2848513,lr/detect_head.decay,2.0966522678185745e-05
379,1788869239.2848513,lr/detect_head.no_decay,2.0966522678185745e-05
379,1788869239.2848513,lr/masf.decay,0.0
379,1788869239.2848513,lr/masf.no_decay,0.0
379,1788869239.2848513,lr/neck.decay,8.386609071274299e-06
379,1788869239.2848513,lr/neck.no_decay,8.386609071274299e-06
379,1788869239.2848513,lr/pose_head.decay,2.0966522678185745e-05
379,1788869239.2848513,lr/pose_head.no_decay,2.0966522678185745e-05
379,1788869239.2848513,pose/component_0,0.7823879718780518
379,1788869239.2848513,pose/component_1,0.010673796758055687
379,1788869239.2848513,pose/component_2,0.001916243927553296
379,1788869239.2848513,pose/component_3,0.2864876687526703
379,1788869239.2848513,pose/component_4,0.0019861767068505287
379,1788869239.2848513,pose/component_5,0.0
380,1788869240.4614766,amp/overflow_retries,0.0
380,1788869240.4614766,amp/scale,512.0
380,1788869240.4614766,detect/component_0,1.1154839992523193
380,1788869240.4614766,detect/component_1,1.016245722770691
380,1788869240.4614766,detect/component_2,0.006972894072532654
380,1788869240.4614766,gradient/clipped_norm,149.4483184814453
380,1788869240.4614766,images/detect,256.0
380,1788869240.4614766,images/pose,16.0
380,1788869240.4614766,loss/backward,108.02947387695312
380,1788869240.4614766,loss/detect_mean,1.9093736559152603
380,1788869240.4614766,loss/joint_mean,1.6879605293273925
380,1788869240.4614766,loss/pose_mean,0.8023080229759216
380,1788869240.4614766,lr/attention.decay,0.0
380,1788869240.4614766,lr/attention.no_decay,0.0
380,1788869240.4614766,lr/backbone.decay,0.0
380,1788869240.4614766,lr/backbone.no_decay,0.0
380,1788869240.4614766,lr/detect_head.decay,2.101511879049676e-05
380,1788869240.4614766,lr/detect_head.no_decay,2.101511879049676e-05
380,1788869240.4614766,lr/masf.decay,0.0
380,1788869240.4614766,lr/masf.no_decay,0.0
380,1788869240.4614766,lr/neck.decay,8.406047516198704e-06
380,1788869240.4614766,lr/neck.no_decay,8.406047516198704e-06
380,1788869240.4614766,lr/pose_head.decay,2.101511879049676e-05
380,1788869240.4614766,lr/pose_head.no_decay,2.101511879049676e-05
380,1788869240.4614766,pose/component_0,0.5416332483291626
380,1788869240.4614766,pose/component_1,0.011047396808862686
380,1788869240.4614766,pose/component_2,0.0036147721111774445
380,1788869240.4614766,pose/component_3,0.2523339092731476
380,1788869240.4614766,pose/component_4,0.0033370123710483313
380,1788869240.4614766,pose/component_5,0.0
381,1788869241.6527257,amp/overflow_retries,0.0
381,1788869241.6527257,amp/scale,512.0
381,1788869241.6527257,detect/component_0,1.1127022504806519
381,1788869241.6527257,detect/component_1,0.9812663793563843
381,1788869241.6527257,detect/component_2,0.006543492898344994
381,1788869241.6527257,gradient/clipped_norm,118.2488784790039
381,1788869241.6527257,images/detect,256.0
381,1788869241.6527257,images/pose,16.0
381,1788869241.6527257,loss/backward,104.28987884521484
381,1788869241.6527257,loss/detect_mean,1.8623640984296799
381,1788869241.6527257,loss/joint_mean,1.629529356956482
381,1788869241.6527257,loss/pose_mean,0.6981903910636902
381,1788869241.6527257,lr/attention.decay,0.0
381,1788869241.6527257,lr/attention.no_decay,0.0
381,1788869241.6527257,lr/backbone.decay,0.0
381,1788869241.6527257,lr/backbone.no_decay,0.0
381,1788869241.6527257,lr/detect_head.decay,2.1063714902807778e-05
381,1788869241.6527257,lr/detect_head.no_decay,2.1063714902807778e-05
381,1788869241.6527257,lr/masf.decay,0.0
381,1788869241.6527257,lr/masf.no_decay,0.0
381,1788869241.6527257,lr/neck.decay,8.425485961123111e-06
381,1788869241.6527257,lr/neck.no_decay,8.425485961123111e-06
381,1788869241.6527257,lr/pose_head.decay,2.1063714902807778e-05
381,1788869241.6527257,lr/pose_head.no_decay,2.1063714902807778e-05
381,1788869241.6527257,pose/component_0,0.4918179512023926
381,1788869241.6527257,pose/component_1,0.007972069084644318
381,1788869241.6527257,pose/component_2,0.0012437570840120316
381,1788869241.6527257,pose/component_3,0.15764768421649933
381,1788869241.6527257,pose/component_4,0.0019877515733242035
381,1788869241.6527257,pose/component_5,0.0
382,1788869243.1656559,amp/overflow_retries,0.0
382,1788869243.1656559,amp/scale,512.0
382,1788869243.1656559,detect/component_0,1.0403043031692505
382,1788869243.1656559,detect/component_1,0.9038918614387512
382,1788869243.1656559,detect/component_2,0.006871344987303019
382,1788869243.1656559,gradient/clipped_norm,143.57574462890625
382,1788869243.1656559,images/detect,256.0
382,1788869243.1656559,images/pose,16.0
382,1788869243.1656559,loss/backward,99.85697021484376
382,1788869243.1656559,loss/detect_mean,1.7458973824977875
382,1788869243.1656559,loss/joint_mean,1.5602651596069337
382,1788869243.1656559,loss/pose_mean,0.8177362680435181
382,1788869243.1656559,lr/attention.decay,0.0
382,1788869243.1656559,lr/attention.no_decay,0.0
382,1788869243.1656559,lr/backbone.decay,0.0
382,1788869243.1656559,lr/backbone.no_decay,0.0
382,1788869243.1656559,lr/detect_head.decay,2.111231101511879e-05
382,1788869243.1656559,lr/detect_head.no_decay,2.111231101511879e-05
382,1788869243.1656559,lr/masf.decay,0.0
382,1788869243.1656559,lr/masf.no_decay,0.0
382,1788869243.1656559,lr/neck.decay,8.444924406047517e-06
382,1788869243.1656559,lr/neck.no_decay,8.444924406047517e-06
382,1788869243.1656559,lr/pose_head.decay,2.111231101511879e-05
382,1788869243.1656559,lr/pose_head.no_decay,2.111231101511879e-05
382,1788869243.1656559,pose/component_0,0.5824015736579895
382,1788869243.1656559,pose/component_1,0.009511900134384632
382,1788869243.1656559,pose/component_2,0.00251372205093503
382,1788869243.1656559,pose/component_3,0.20836101472377777
382,1788869243.1656559,pose/component_4,0.0017302047926932573
382,1788869243.1656559,pose/component_5,0.0
383,1788869244.3456857,amp/overflow_retries,0.0
383,1788869244.3456857,amp/scale,512.0
383,1788869244.3456857,detect/component_0,1.0048667192459106
383,1788869244.3456857,detect/component_1,0.8584538698196411
383,1788869244.3456857,detect/component_2,0.006827041041105986
383,1788869244.3456857,gradient/clipped_norm,123.74778747558594
383,1788869244.3456857,images/detect,256.0
383,1788869244.3456857,images/pose,16.0
383,1788869244.3456857,loss/backward,96.21845855712891
383,1788869244.3456857,loss/detect_mean,1.6844203174114227
383,1788869244.3456857,loss/joint_mean,1.5034134149551392
383,1788869244.3456857,loss/pose_mean,0.7793858051300049
383,1788869244.3456857,lr/attention.decay,0.0
383,1788869244.3456857,lr/attention.no_decay,0.0
383,1788869244.3456857,lr/backbone.decay,0.0
383,1788869244.3456857,lr/backbone.no_decay,0.0
383,1788869244.3456857,lr/detect_head.decay,2.1160907127429807e-05
383,1788869244.3456857,lr/detect_head.no_decay,2.1160907127429807e-05
383,1788869244.3456857,lr/masf.decay,0.0
383,1788869244.3456857,lr/masf.no_decay,0.0
383,1788869244.3456857,lr/neck.decay,8.464362850971924e-06
383,1788869244.3456857,lr/neck.no_decay,8.464362850971924e-06
383,1788869244.3456857,lr/pose_head.decay,2.1160907127429807e-05
383,1788869244.3456857,lr/pose_head.no_decay,2.1160907127429807e-05
383,1788869244.3456857,pose/component_0,0.5190604329109192
383,1788869244.3456857,pose/component_1,0.006167341489344835
383,1788869244.3456857,pose/component_2,0.0070039923302829266
383,1788869244.3456857,pose/component_3,0.22729726135730743
383,1788869244.3456857,pose/component_4,0.00165096006821841
383,1788869244.3456857,pose/component_5,0.0
384,1788869245.5335884,amp/overflow_retries,0.0
384,1788869245.5335884,amp/scale,512.0
384,1788869245.5335884,detect/component_0,1.0587844848632812
384,1788869245.5335884,detect/component_1,0.9544016718864441
384,1788869245.5335884,detect/component_2,0.00657959608361125
384,1788869245.5335884,gradient/clipped_norm,148.5166473388672
384,1788869245.5335884,images/detect,256.0
384,1788869245.5335884,images/pose,16.0
384,1788869245.5335884,loss/backward,107.05494537353516
384,1788869245.5335884,loss/detect_mean,1.8165763318538666
384,1788869245.5335884,loss/joint_mean,1.672733521461487
384,1788869245.5335884,loss/pose_mean,1.0973622798919678
384,1788869245.5335884,lr/attention.decay,0.0
384,1788869245.5335884,lr/attention.no_decay,0.0
384,1788869245.5335884,lr/backbone.decay,0.0
384,1788869245.5335884,lr/backbone.no_decay,0.0
384,1788869245.5335884,lr/detect_head.decay,2.1209503239740823e-05
384,1788869245.5335884,lr/detect_head.no_decay,2.1209503239740823e-05
384,1788869245.5335884,lr/masf.decay,0.0
384,1788869245.5335884,lr/masf.no_decay,0.0
384,1788869245.5335884,lr/neck.decay,8.48380129589633e-06
384,1788869245.5335884,lr/neck.no_decay,8.48380129589633e-06
384,1788869245.5335884,lr/pose_head.decay,2.1209503239740823e-05
384,1788869245.5335884,lr/pose_head.no_decay,2.1209503239740823e-05
384,1788869245.5335884,pose/component_0,0.6898640394210815
384,1788869245.5335884,pose/component_1,0.25182074308395386
384,1788869245.5335884,pose/component_2,0.010965781286358833
384,1788869245.5335884,pose/component_3,0.28684067726135254
384,1788869245.5335884,pose/component_4,0.0018940569134429097
384,1788869245.5335884,pose/component_5,0.0
385,1788869246.869454,amp/overflow_retries,0.0
385,1788869246.869454,amp/scale,512.0
385,1788869246.869454,detect/component_0,1.1118853092193604
385,1788869246.869454,detect/component_1,0.9898402094841003
385,1788869246.869454,detect/component_2,0.006382640916854143
385,1788869246.869454,gradient/clipped_norm,157.87112426757812
385,1788869246.869454,images/detect,256.0
385,1788869246.869454,images/pose,16.0
385,1788869246.869454,loss/backward,108.99902114868163
385,1788869246.869454,loss/detect_mean,1.8581503480672836
385,1788869246.869454,loss/joint_mean,1.7031097054481505
385,1788869246.869454,loss/pose_mean,1.0829471349716187
385,1788869246.869454,lr/attention.decay,0.0
385,1788869246.869454,lr/attention.no_decay,0.0
385,1788869246.869454,lr/backbone.decay,0.0
385,1788869246.869454,lr/backbone.no_decay,0.0
385,1788869246.869454,lr/detect_head.decay,2.125809935205184e-05
385,1788869246.869454,lr/detect_head.no_decay,2.125809935205184e-05
385,1788869246.869454,lr/masf.decay,0.0
385,1788869246.869454,lr/masf.no_decay,0.0
385,1788869246.869454,lr/neck.decay,8.503239740820735e-06
385,1788869246.869454,lr/neck.no_decay,8.503239740820735e-06
385,1788869246.869454,lr/pose_head.decay,2.125809935205184e-05
385,1788869246.869454,lr/pose_head.no_decay,2.125809935205184e-05
385,1788869246.869454,pose/component_0,0.8052369952201843
385,1788869246.869454,pose/component_1,0.018066054210066795
385,1788869246.869454,pose/component_2,0.016083544120192528
385,1788869246.869454,pose/component_3,0.31344011425971985
385,1788869246.869454,pose/component_4,0.0023881669621914625
385,1788869246.869454,pose/component_5,0.0
386,1788869248.0482655,amp/overflow_retries,0.0
386,1788869248.0482655,amp/scale,512.0
386,1788869248.0482655,detect/component_0,1.0230906009674072
386,1788869248.0482655,detect/component_1,0.9421288967132568
386,1788869248.0482655,detect/component_2,0.0065403892658650875
386,1788869248.0482655,gradient/clipped_norm,144.90533447265625
386,1788869248.0482655,images/detect,256.0
386,1788869248.0482655,images/pose,16.0
386,1788869248.0482655,loss/backward,106.63544998168945
386,1788869248.0482655,loss/detect_mean,1.7568915039300919
386,1788869248.0482655,loss/joint_mean,1.6661789059638976
386,1788869248.0482655,loss/pose_mean,1.303328514099121
386,1788869248.0482655,lr/attention.decay,0.0
386,1788869248.0482655,lr/attention.no_decay,0.0
386,1788869248.0482655,lr/backbone.decay,0.0
386,1788869248.0482655,lr/backbone.no_decay,0.0
386,1788869248.0482655,lr/detect_head.decay,2.1306695464362852e-05
386,1788869248.0482655,lr/detect_head.no_decay,2.1306695464362852e-05
386,1788869248.0482655,lr/masf.decay,0.0
386,1788869248.0482655,lr/masf.no_decay,0.0
386,1788869248.0482655,lr/neck.decay,8.52267818574514e-06
386,1788869248.0482655,lr/neck.no_decay,8.52267818574514e-06
386,1788869248.0482655,lr/pose_head.decay,2.1306695464362852e-05
386,1788869248.0482655,lr/pose_head.no_decay,2.1306695464362852e-05
386,1788869248.0482655,pose/component_0,0.8014084100723267
386,1788869248.0482655,pose/component_1,0.015312150120735168
386,1788869248.0482655,pose/component_2,0.002171071246266365
386,1788869248.0482655,pose/component_3,0.717654824256897
386,1788869248.0482655,pose/component_4,0.001598150236532092
386,1788869248.0482655,pose/component_5,0.0
387,1788869249.2149932,amp/overflow_retries,0.0
387,1788869249.2149932,amp/scale,512.0
387,1788869249.2149932,detect/component_0,1.0630179643630981
387,1788869249.2149932,detect/component_1,0.9550983309745789
387,1788869249.2149932,detect/component_2,0.006145589053630829
387,1788869249.2149932,gradient/clipped_norm,133.0292510986328
387,1788869249.2149932,images/detect,256.0
387,1788869249.2149932,images/pose,16.0
387,1788869249.2149932,loss/backward,105.70850524902343
387,1788869249.2149932,loss/detect_mean,1.818315252661705
387,1788869249.2149932,loss/joint_mean,1.6516953945159911
387,1788869249.2149932,loss/pose_mean,0.985215961933136
387,1788869249.2149932,lr/attention.decay,0.0
387,1788869249.2149932,lr/attention.no_decay,0.0
387,1788869249.2149932,lr/backbone.decay,0.0
387,1788869249.2149932,lr/backbone.no_decay,0.0
387,1788869249.2149932,lr/detect_head.decay,2.135529157667387e-05
387,1788869249.2149932,lr/detect_head.no_decay,2.135529157667387e-05
387,1788869249.2149932,lr/masf.decay,0.0
387,1788869249.2149932,lr/masf.no_decay,0.0
387,1788869249.2149932,lr/neck.decay,8.542116630669548e-06
387,1788869249.2149932,lr/neck.no_decay,8.542116630669548e-06
387,1788869249.2149932,lr/pose_head.decay,2.135529157667387e-05
387,1788869249.2149932,lr/pose_head.no_decay,2.135529157667387e-05
387,1788869249.2149932,pose/component_0,0.7582996487617493
387,1788869249.2149932,pose/component_1,0.06054378300905228
387,1788869249.2149932,pose/component_2,0.0032959950622171164
387,1788869249.2149932,pose/component_3,0.28876012563705444
387,1788869249.2149932,pose/component_4,0.0026142264250665903
387,1788869249.2149932,pose/component_5,0.0
388,1788869250.394677,amp/overflow_retries,0.0
388,1788869250.394677,amp/scale,512.0
388,1788869250.394677,detect/component_0,1.045691728591919
388,1788869250.394677,detect/component_1,0.9535301327705383
388,1788869250.394677,detect/component_2,0.006625507492572069
388,1788869250.394677,gradient/clipped_norm,125.49940490722656
388,1788869250.394677,images/detect,256.0
388,1788869250.394677,images/pose,16.0
388,1788869250.394677,loss/backward,101.30314788818359
388,1788869250.394677,loss/detect_mean,1.8066118955612183
388,1788869250.394677,loss/joint_mean,1.5828616857528686
388,1788869250.394677,loss/pose_mean,0.6878608465194702
388,1788869250.394677,lr/attention.decay,0.0
388,1788869250.394677,lr/attention.no_decay,0.0
388,1788869250.394677,lr/backbone.decay,0.0
388,1788869250.394677,lr/backbone.no_decay,0.0
388,1788869250.394677,lr/detect_head.decay,2.140388768898488e-05
388,1788869250.394677,lr/detect_head.no_decay,2.140388768898488e-05
388,1788869250.394677,lr/masf.decay,0.0
388,1788869250.394677,lr/masf.no_decay,0.0
388,1788869250.394677,lr/neck.decay,8.561555075593953e-06
388,1788869250.394677,lr/neck.no_decay,8.561555075593953e-06
388,1788869250.394677,lr/pose_head.decay,2.140388768898488e-05
388,1788869250.394677,lr/pose_head.no_decay,2.140388768898488e-05
388,1788869250.394677,pose/component_0,0.43797045946121216
388,1788869250.394677,pose/component_1,0.005538548808544874
388,1788869250.394677,pose/component_2,0.000673907168675214
388,1788869250.394677,pose/component_3,0.18128235638141632
388,1788869250.394677,pose/component_4,0.0019617422949522734
388,1788869250.394677,pose/component_5,0.0
389,1788869251.5691273,amp/overflow_retries,0.0
389,1788869251.5691273,amp/scale,512.0
389,1788869251.5691273,detect/component_0,1.0320042371749878
389,1788869251.5691273,detect/component_1,0.9546288847923279
389,1788869251.5691273,detect/component_2,0.006920776329934597
389,1788869251.5691273,gradient/clipped_norm,159.87875366210938
389,1788869251.5691273,images/detect,256.0
389,1788869251.5691273,images/pose,16.0
389,1788869251.5691273,loss/backward,103.91379165649414
389,1788869251.5691273,loss/detect_mean,1.790619745850563
389,1788869251.5691273,loss/joint_mean,1.623652994632721
389,1788869251.5691273,loss/pose_mean,0.9557859897613525
389,1788869251.5691273,lr/attention.decay,0.0
389,1788869251.5691273,lr/attention.no_decay,0.0
389,1788869251.5691273,lr/backbone.decay,0.0
389,1788869251.5691273,lr/backbone.no_decay,0.0
389,1788869251.5691273,lr/detect_head.decay,2.1452483801295897e-05
389,1788869251.5691273,lr/detect_head.no_decay,2.1452483801295897e-05
389,1788869251.5691273,lr/masf.decay,0.0
389,1788869251.5691273,lr/masf.no_decay,0.0
389,1788869251.5691273,lr/neck.decay,8.580993520518359e-06
389,1788869251.5691273,lr/neck.no_decay,8.580993520518359e-06
389,1788869251.5691273,lr/pose_head.decay,2.1452483801295897e-05
389,1788869251.5691273,lr/pose_head.no_decay,2.1452483801295897e-05
389,1788869251.5691273,pose/component_0,0.6671477556228638
389,1788869251.5691273,pose/component_1,0.010317666456103325
389,1788869251.5691273,pose/component_2,0.0017298421589657664
389,1788869251.5691273,pose/component_3,0.29533475637435913
389,1788869251.5691273,pose/component_4,0.0013624179409816861
389,1788869251.5691273,pose/component_5,0.0
390,1788869252.7434323,amp/overflow_retries,0.0
390,1788869252.7434323,amp/scale,512.0
390,1788869252.7434323,detect/component_0,1.073693037033081
390,1788869252.7434323,detect/component_1,0.9641874432563782
390,1788869252.7434323,detect/component_2,0.006400867830961943
390,1788869252.7434323,gradient/clipped_norm,141.1851806640625
390,1788869252.7434323,images/detect,256.0
390,1788869252.7434323,images/pose,16.0
390,1788869252.7434323,loss/backward,105.89294891357422
390,1788869252.7434323,loss/detect_mean,1.820352926850319
390,1788869252.7434323,loss/joint_mean,1.6545773267745971
390,1788869252.7434323,loss/pose_mean,0.9914749264717102
390,1788869252.7434323,lr/attention.decay,0.0
390,1788869252.7434323,lr/attention.no_decay,0.0
390,1788869252.7434323,lr/backbone.decay,0.0
390,1788869252.7434323,lr/backbone.no_decay,0.0
390,1788869252.7434323,lr/detect_head.decay,2.150107991360691e-05
390,1788869252.7434323,lr/detect_head.no_decay,2.150107991360691e-05
390,1788869252.7434323,lr/masf.decay,0.0
390,1788869252.7434323,lr/masf.no_decay,0.0
390,1788869252.7434323,lr/neck.decay,8.600431965442764e-06
390,1788869252.7434323,lr/neck.no_decay,8.600431965442764e-06
390,1788869252.7434323,lr/pose_head.decay,2.150107991360691e-05
390,1788869252.7434323,lr/pose_head.no_decay,2.150107991360691e-05
390,1788869252.7434323,pose/component_0,0.7502163052558899
390,1788869252.7434323,pose/component_1,0.012700676918029785
390,1788869252.7434323,pose/component_2,0.0028877323493361473
390,1788869252.7434323,pose/component_3,0.2769608199596405
390,1788869252.7434323,pose/component_4,0.0016627376899123192
390,1788869252.7434323,pose/component_5,0.0
391,1788869253.9163609,amp/overflow_retries,0.0
391,1788869253.9163609,amp/scale,512.0
391,1788869253.9163609,detect/component_0,1.0512185096740723
391,1788869253.9163609,detect/component_1,0.909189760684967
391,1788869253.9163609,detect/component_2,0.006232140585780144
391,1788869253.9163609,gradient/clipped_norm,125.46149444580078
391,1788869253.9163609,images/detect,256.0
391,1788869253.9163609,images/pose,16.0
391,1788869253.9163609,loss/backward,97.2569480895996
391,1788869253.9163609,loss/detect_mean,1.7418139278888702
391,1788869253.9163609,loss/joint_mean,1.5196398138999938
391,1788869253.9163609,loss/pose_mean,0.6309433579444885
391,1788869253.9163609,lr/attention.decay,0.0
391,1788869253.9163609,lr/attention.no_decay,0.0
391,1788869253.9163609,lr/backbone.decay,0.0
391,1788869253.9163609,lr/backbone.no_decay,0.0
391,1788869253.9163609,lr/detect_head.decay,2.1549676025917927e-05
391,1788869253.9163609,lr/detect_head.no_decay,2.1549676025917927e-05
391,1788869253.9163609,lr/masf.decay,0.0
391,1788869253.9163609,lr/masf.no_decay,0.0
391,1788869253.9163609,lr/neck.decay,8.619870410367171e-06
391,1788869253.9163609,lr/neck.no_decay,8.619870410367171e-06
391,1788869253.9163609,lr/pose_head.decay,2.1549676025917927e-05
391,1788869253.9163609,lr/pose_head.no_decay,2.1549676025917927e-05
391,1788869253.9163609,pose/component_0,0.44457364082336426
391,1788869253.9163609,pose/component_1,0.007741988170892
391,1788869253.9163609,pose/component_2,0.0016430550022050738
391,1788869253.9163609,pose/component_3,0.16135519742965698
391,1788869253.9163609,pose/component_4,0.0016892121639102697
391,1788869253.9163609,pose/component_5,0.0
392,1788869255.0972402,amp/overflow_retries,0.0
392,1788869255.0972402,amp/scale,512.0
392,1788869255.0972402,detect/component_0,1.0591704845428467
392,1788869255.0972402,detect/component_1,0.9487054944038391
392,1788869255.0972402,detect/component_2,0.0062734950333833694
392,1788869255.0972402,gradient/clipped_norm,132.51220703125
392,1788869255.0972402,images/detect,256.0
392,1788869255.0972402,images/pose,16.0
392,1788869255.0972402,loss/backward,101.58184967041015
392,1788869255.0972402,loss/detect_mean,1.7889528572559357
392,1788869255.0972402,loss/joint_mean,1.5872164011001586
392,1788869255.0972402,loss/pose_mean,0.7802705764770508
392,1788869255.0972402,lr/attention.decay,0.0
392,1788869255.0972402,lr/attention.no_decay,0.0
392,1788869255.0972402,lr/backbone.decay,0.0
392,1788869255.0972402,lr/backbone.no_decay,0.0
392,1788869255.0972402,lr/detect_head.decay,2.1598272138228943e-05
392,1788869255.0972402,lr/detect_head.no_decay,2.1598272138228943e-05
392,1788869255.0972402,lr/masf.decay,0.0
392,1788869255.0972402,lr/masf.no_decay,0.0
392,1788869255.0972402,lr/neck.decay,8.639308855291577e-06
392,1788869255.0972402,lr/neck.no_decay,8.639308855291577e-06
392,1788869255.0972402,lr/pose_head.decay,2.1598272138228943e-05
392,1788869255.0972402,lr/pose_head.no_decay,2.1598272138228943e-05
392,1788869255.0972402,pose/component_0,0.5355228781700134
392,1788869255.0972402,pose/component_1,0.012201422825455666
392,1788869255.0972402,pose/component_2,0.002104621147736907
392,1788869255.0972402,pose/component_3,0.24216781556606293
392,1788869255.0972402,pose/component_4,0.0019581953529268503
392,1788869255.0972402,pose/component_5,0.0
393,1788869256.2624383,amp/overflow_retries,0.0
393,1788869256.2624383,amp/scale,512.0
393,1788869256.2624383,detect/component_0,1.097788691520691
393,1788869256.2624383,detect/component_1,0.9395256638526917
393,1788869256.2624383,detect/component_2,0.005840403027832508
393,1788869256.2624383,gradient/clipped_norm,122.89277648925781
393,1788869256.2624383,images/detect,256.0
393,1788869256.2624383,images/pose,16.0
393,1788869256.2624383,loss/backward,105.80205078125
393,1788869256.2624383,loss/detect_mean,1.808394193649292
393,1788869256.2624383,loss/joint_mean,1.6531570434570313
393,1788869256.2624383,loss/pose_mean,1.0322084426879883
393,1788869256.2624383,lr/attention.decay,0.0
393,1788869256.2624383,lr/attention.no_decay,0.0
393,1788869256.2624383,lr/backbone.decay,0.0
393,1788869256.2624383,lr/backbone.no_decay,0.0
393,1788869256.2624383,lr/detect_head.decay,2.164686825053996e-05
393,1788869256.2624383,lr/detect_head.no_decay,2.164686825053996e-05
393,1788869256.2624383,lr/masf.decay,0.0
393,1788869256.2624383,lr/masf.no_decay,0.0
393,1788869256.2624383,lr/neck.decay,8.658747300215984e-06
393,1788869256.2624383,lr/neck.no_decay,8.658747300215984e-06
393,1788869256.2624383,lr/pose_head.decay,2.164686825053996e-05
393,1788869256.2624383,lr/pose_head.no_decay,2.164686825053996e-05
393,1788869256.2624383,pose/component_0,0.7216339707374573
393,1788869256.2624383,pose/component_1,0.038859326392412186
393,1788869256.2624383,pose/component_2,0.002619190141558647
393,1788869256.2624383,pose/component_3,0.47254905104637146
393,1788869256.2624383,pose/component_4,0.0014286725781857967
393,1788869256.2624383,pose/component_5,0.0
394,1788869257.4162862,amp/overflow_retries,0.0
394,1788869257.4162862,amp/scale,512.0
394,1788869257.4162862,detect/component_0,1.1115046739578247
394,1788869257.4162862,detect/component_1,1.0192267894744873
394,1788869257.4162862,detect/component_2,0.006617697887122631
394,1788869257.4162862,gradient/clipped_norm,172.97181701660156
394,1788869257.4162862,images/detect,256.0
394,1788869257.4162862,images/pose,16.0
394,1788869257.4162862,loss/backward,108.71847076416016
394,1788869257.4162862,loss/detect_mean,1.8849773108959198
394,1788869257.4162862,loss/joint_mean,1.6987261056900025
394,1788869257.4162862,loss/pose_mean,0.953721284866333
394,1788869257.4162862,lr/attention.decay,0.0
394,1788869257.4162862,lr/attention.no_decay,0.0
394,1788869257.4162862,lr/backbone.decay,0.0
394,1788869257.4162862,lr/backbone.no_decay,0.0
394,1788869257.4162862,lr/detect_head.decay,2.1695464362850972e-05
394,1788869257.4162862,lr/detect_head.no_decay,2.1695464362850972e-05
394,1788869257.4162862,lr/masf.decay,0.0
394,1788869257.4162862,lr/masf.no_decay,0.0
394,1788869257.4162862,lr/neck.decay,8.67818574514039e-06
394,1788869257.4162862,lr/neck.no_decay,8.67818574514039e-06
394,1788869257.4162862,lr/pose_head.decay,2.1695464362850972e-05
394,1788869257.4162862,lr/pose_head.no_decay,2.1695464362850972e-05
394,1788869257.4162862,pose/component_0,0.7246586084365845
394,1788869257.4162862,pose/component_1,0.011454310268163681
394,1788869257.4162862,pose/component_2,0.0009098499431274831
394,1788869257.4162862,pose/component_3,0.23614533245563507
394,1788869257.4162862,pose/component_4,0.0014906642027199268
394,1788869257.4162862,pose/component_5,0.0
395,1788869258.5948622,amp/overflow_retries,0.0
395,1788869258.5948622,amp/scale,512.0
395,1788869258.5948622,detect/component_0,1.018282175064087
395,1788869258.5948622,detect/component_1,0.9102458953857422
395,1788869258.5948622,detect/component_2,0.006040332373231649
395,1788869258.5948622,gradient/clipped_norm,153.23773193359375
395,1788869258.5948622,images/detect,256.0
395,1788869258.5948622,images/pose,16.0
395,1788869258.5948622,loss/backward,99.49050369262696
395,1788869258.5948622,loss/detect_mean,1.7226614952087402
395,1788869258.5948622,loss/joint_mean,1.5545391201972962
395,1788869258.5948622,loss/pose_mean,0.8820496201515198
395,1788869258.5948622,lr/attention.decay,0.0
395,1788869258.5948622,lr/attention.no_decay,0.0
395,1788869258.5948622,lr/backbone.decay,0.0
395,1788869258.5948622,lr/backbone.no_decay,0.0
395,1788869258.5948622,lr/detect_head.decay,2.1744060475161988e-05
395,1788869258.5948622,lr/detect_head.no_decay,2.1744060475161988e-05
395,1788869258.5948622,lr/masf.decay,0.0
395,1788869258.5948622,lr/masf.no_decay,0.0
395,1788869258.5948622,lr/neck.decay,8.697624190064797e-06
395,1788869258.5948622,lr/neck.no_decay,8.697624190064797e-06
395,1788869258.5948622,lr/pose_head.decay,2.1744060475161988e-05
395,1788869258.5948622,lr/pose_head.no_decay,2.1744060475161988e-05
395,1788869258.5948622,pose/component_0,0.6481316685676575
395,1788869258.5948622,pose/component_1,0.008164305239915848
395,1788869258.5948622,pose/component_2,0.001274214475415647
395,1788869258.5948622,pose/component_3,0.20347227156162262
395,1788869258.5948622,pose/component_4,0.0015081411693245173
395,1788869258.5948622,pose/component_5,0.0
396,1788869259.7750237,amp/overflow_retries,0.0
396,1788869259.7750237,amp/scale,512.0
396,1788869259.7750237,detect/component_0,1.0212470293045044
396,1788869259.7750237,detect/component_1,0.9546583890914917
396,1788869259.7750237,detect/component_2,0.006178188603371382
396,1788869259.7750237,gradient/clipped_norm,149.31175231933594
396,1788869259.7750237,images/detect,256.0
396,1788869259.7750237,images/pose,16.0
396,1788869259.7750237,loss/backward,101.63760299682617
396,1788869259.7750237,loss/detect_mean,1.7643539756536484
396,1788869259.7750237,loss/joint_mean,1.588087546825409
396,1788869259.7750237,loss/pose_mean,0.8830218315124512
396,1788869259.7750237,lr/attention.decay,0.0
396,1788869259.7750237,lr/attention.no_decay,0.0
396,1788869259.7750237,lr/backbone.decay,0.0
396,1788869259.7750237,lr/backbone.no_decay,0.0
396,1788869259.7750237,lr/detect_head.decay,2.1792656587473004e-05
396,1788869259.7750237,lr/detect_head.no_decay,2.1792656587473004e-05
396,1788869259.7750237,lr/masf.decay,0.0
396,1788869259.7750237,lr/masf.no_decay,0.0
396,1788869259.7750237,lr/neck.decay,8.717062634989202e-06
396,1788869259.7750237,lr/neck.no_decay,8.717062634989202e-06
396,1788869259.7750237,lr/pose_head.decay,2.1792656587473004e-05
396,1788869259.7750237,lr/pose_head.no_decay,2.1792656587473004e-05
396,1788869259.7750237,pose/component_0,0.6182988286018372
396,1788869259.7750237,pose/component_1,0.011006321758031845
396,1788869259.7750237,pose/component_2,0.03569648042321205
396,1788869259.7750237,pose/component_3,0.21278351545333862
396,1788869259.7750237,pose/component_4,0.002172039123252034
396,1788869259.7750237,pose/component_5,0.0
397,1788869260.9439065,amp/overflow_retries,0.0
397,1788869260.9439065,amp/scale,512.0
397,1788869260.9439065,detect/component_0,1.0622388124465942
397,1788869260.9439065,detect/component_1,0.94510418176651
397,1788869260.9439065,detect/component_2,0.006548479665070772
397,1788869260.9439065,gradient/clipped_norm,125.55516052246094
397,1788869260.9439065,images/detect,256.0
397,1788869260.9439065,images/pose,16.0
397,1788869260.9439065,loss/backward,106.32655334472656
397,1788869260.9439065,loss/detect_mean,1.8119104206562042
397,1788869260.9439065,loss/joint_mean,1.6613523960113525
397,1788869260.9439065,loss/pose_mean,1.0591202974319458
397,1788869260.9439065,lr/attention.decay,0.0
397,1788869260.9439065,lr/attention.no_decay,0.0
397,1788869260.9439065,lr/backbone.decay,0.0
397,1788869260.9439065,lr/backbone.no_decay,0.0
397,1788869260.9439065,lr/detect_head.decay,2.1841252699784017e-05
397,1788869260.9439065,lr/detect_head.no_decay,2.1841252699784017e-05
397,1788869260.9439065,lr/masf.decay,0.0
397,1788869260.9439065,lr/masf.no_decay,0.0
397,1788869260.9439065,lr/neck.decay,8.736501079913608e-06
397,1788869260.9439065,lr/neck.no_decay,8.736501079913608e-06
397,1788869260.9439065,lr/pose_head.decay,2.1841252699784017e-05
397,1788869260.9439065,lr/pose_head.no_decay,2.1841252699784017e-05
397,1788869260.9439065,pose/component_0,0.7360711097717285
397,1788869260.9439065,pose/component_1,0.13428811728954315
397,1788869260.9439065,pose/component_2,0.0015802513808012009
397,1788869260.9439065,pose/component_3,0.28314077854156494
397,1788869260.9439065,pose/component_4,0.002234195824712515
397,1788869260.9439065,pose/component_5,0.0
398,1788869262.1308682,amp/overflow_retries,0.0
398,1788869262.1308682,amp/scale,512.0
398,1788869262.1308682,detect/component_0,1.0042062997817993
398,1788869262.1308682,detect/component_1,0.9027069807052612
398,1788869262.1308682,detect/component_2,0.006146045867353678
398,1788869262.1308682,gradient/clipped_norm,154.50042724609375
398,1788869262.1308682,images/detect,256.0
398,1788869262.1308682,images/pose,16.0
398,1788869262.1308682,loss/backward,99.9090675354004
398,1788869262.1308682,loss/detect_mean,1.716860830783844
398,1788869262.1308682,loss/joint_mean,1.5610791802406312
398,1788869262.1308682,loss/pose_mean,0.9379525780677795
398,1788869262.1308682,lr/attention.decay,0.0
398,1788869262.1308682,lr/attention.no_decay,0.0
398,1788869262.1308682,lr/backbone.decay,0.0
398,1788869262.1308682,lr/backbone.no_decay,0.0
398,1788869262.1308682,lr/detect_head.decay,2.1889848812095033e-05
398,1788869262.1308682,lr/detect_head.no_decay,2.1889848812095033e-05
398,1788869262.1308682,lr/masf.decay,0.0
398,1788869262.1308682,lr/masf.no_decay,0.0
398,1788869262.1308682,lr/neck.decay,8.755939524838013e-06
398,1788869262.1308682,lr/neck.no_decay,8.755939524838013e-06
398,1788869262.1308682,lr/pose_head.decay,2.1889848812095033e-05
398,1788869262.1308682,lr/pose_head.no_decay,2.1889848812095033e-05
398,1788869262.1308682,pose/component_0,0.6679752469062805
398,1788869262.1308682,pose/component_1,0.012679017148911953
398,1788869262.1308682,pose/component_2,0.0008177740382961929
398,1788869262.1308682,pose/component_3,0.24916264414787292
398,1788869262.1308682,pose/component_4,0.0016136131016537547
398,1788869262.1308682,pose/component_5,0.0
399,1788869263.3071787,amp/overflow_retries,0.0
399,1788869263.3071787,amp/scale,512.0
399,1788869263.3071787,detect/component_0,1.0328437089920044
399,1788869263.3071787,detect/component_1,0.932671308517456
399,1788869263.3071787,detect/component_2,0.006773688830435276
399,1788869263.3071787,gradient/clipped_norm,161.17169189453125
399,1788869263.3071787,images/detect,256.0
399,1788869263.3071787,images/pose,16.0
399,1788869263.3071787,loss/backward,107.53495712280274
399,1788869263.3071787,loss/detect_mean,1.7783844619989395
399,1788869263.3071787,loss/joint_mean,1.6802337050437928
399,1788869263.3071787,loss/pose_mean,1.2876306772232056
399,1788869263.3071787,lr/attention.decay,0.0
399,1788869263.3071787,lr/attention.no_decay,0.0
399,1788869263.3071787,lr/backbone.decay,0.0
399,1788869263.3071787,lr/backbone.no_decay,0.0
399,1788869263.3071787,lr/detect_head.decay,2.193844492440605e-05
399,1788869263.3071787,lr/detect_head.no_decay,2.193844492440605e-05
399,1788869263.3071787,lr/masf.decay,0.0
399,1788869263.3071787,lr/masf.no_decay,0.0
399,1788869263.3071787,lr/neck.decay,8.77537796976242e-06
399,1788869263.3071787,lr/neck.no_decay,8.77537796976242e-06
399,1788869263.3071787,lr/pose_head.decay,2.193844492440605e-05
399,1788869263.3071787,lr/pose_head.no_decay,2.193844492440605e-05
399,1788869263.3071787,pose/component_0,0.8894453048706055
399,1788869263.3071787,pose/component_1,0.017901480197906494
399,1788869263.3071787,pose/component_2,0.0033395651262253523
399,1788869263.3071787,pose/component_3,0.4350535571575165
399,1788869263.3071787,pose/component_4,0.002149309264495969
399,1788869263.3071787,pose/component_5,0.0
400,1788869264.4825425,amp/overflow_retries,0.0
400,1788869264.4825425,amp/scale,512.0
400,1788869264.4825425,detect/component_0,1.071043848991394
400,1788869264.4825425,detect/component_1,0.9413443803787231
400,1788869264.4825425,detect/component_2,0.0061240289360284805
400,1788869264.4825425,gradient/clipped_norm,141.88064575195312
400,1788869264.4825425,gradient/detect_shared_norm,73.95927210899009
400,1788869264.4825425,gradient/pose_shared_norm,85.65232099812367
400,1788869264.4825425,gradient/shared_cosine,-0.03419398525187105
400,1788869264.4825425,images/detect,256.0
400,1788869264.4825425,images/pose,16.0
400,1788869264.4825425,loss/backward,104.56724090576172
400,1788869264.4825425,loss/detect_mean,1.7843754589557648
400,1788869264.4825425,loss/joint_mean,1.633863139152527
400,1788869264.4825425,loss/pose_mean,1.0318138599395752
400,1788869264.4825425,lr/attention.decay,0.0
400,1788869264.4825425,lr/attention.no_decay,0.0
400,1788869264.4825425,lr/backbone.decay,0.0
400,1788869264.4825425,lr/backbone.no_decay,0.0
400,1788869264.4825425,lr/detect_head.decay,2.1987041036717062e-05
400,1788869264.4825425,lr/detect_head.no_decay,2.1987041036717062e-05
400,1788869264.4825425,lr/masf.decay,0.0
400,1788869264.4825425,lr/masf.no_decay,0.0
400,1788869264.4825425,lr/neck.decay,8.794816414686826e-06
400,1788869264.4825425,lr/neck.no_decay,8.794816414686826e-06
400,1788869264.4825425,lr/pose_head.decay,2.1987041036717062e-05
400,1788869264.4825425,lr/pose_head.no_decay,2.1987041036717062e-05
400,1788869264.4825425,pose/component_0,0.7681013941764832
400,1788869264.4825425,pose/component_1,0.012805845588445663
400,1788869264.4825425,pose/component_2,0.003037763526663184
400,1788869264.4825425,pose/component_3,0.2903633713722229
400,1788869264.4825425,pose/component_4,0.0028800643049180508
400,1788869264.4825425,pose/component_5,0.0
401,1788869265.66213,amp/overflow_retries,0.0
401,1788869265.66213,amp/scale,512.0
401,1788869265.66213,detect/component_0,0.981000542640686
401,1788869265.66213,detect/component_1,0.8558713793754578
401,1788869265.66213,detect/component_2,0.006918345578014851
401,1788869265.66213,gradient/clipped_norm,128.3779754638672
401,1788869265.66213,images/detect,256.0
401,1788869265.66213,images/pose,16.0
401,1788869265.66213,loss/backward,95.17145614624023
401,1788869265.66213,loss/detect_mean,1.6691475361585617
401,1788869265.66213,loss/joint_mean,1.4870540022850036
401,1788869265.66213,loss/pose_mean,0.7586798667907715
401,1788869265.66213,lr/attention.decay,0.0
401,1788869265.66213,lr/attention.no_decay,0.0
401,1788869265.66213,lr/backbone.decay,0.0
401,1788869265.66213,lr/backbone.no_decay,0.0
401,1788869265.66213,lr/detect_head.decay,2.203563714902808e-05
401,1788869265.66213,lr/detect_head.no_decay,2.203563714902808e-05
401,1788869265.66213,lr/masf.decay,0.0
401,1788869265.66213,lr/masf.no_decay,0.0
401,1788869265.66213,lr/neck.decay,8.814254859611233e-06
401,1788869265.66213,lr/neck.no_decay,8.814254859611233e-06
401,1788869265.66213,lr/pose_head.decay,2.203563714902808e-05
401,1788869265.66213,lr/pose_head.no_decay,2.203563714902808e-05
401,1788869265.66213,pose/component_0,0.5288555026054382
401,1788869265.66213,pose/component_1,0.012412477284669876
401,1788869265.66213,pose/component_2,0.0016052372520789504
401,1788869265.66213,pose/component_3,0.1988247185945511
401,1788869265.66213,pose/component_4,0.0017698364099487662
401,1788869265.66213,pose/component_5,0.0
402,1788869266.8332617,amp/overflow_retries,0.0
402,1788869266.8332617,amp/scale,512.0
402,1788869266.8332617,detect/component_0,1.0442211627960205
402,1788869266.8332617,detect/component_1,0.895723819732666
402,1788869266.8332617,detect/component_2,0.006491390988230705
402,1788869266.8332617,gradient/clipped_norm,105.31617736816406
402,1788869266.8332617,images/detect,256.0
402,1788869266.8332617,images/pose,16.0
402,1788869266.8332617,loss/backward,98.35687408447265
402,1788869266.8332617,loss/detect_mean,1.7235549986362457
402,1788869266.8332617,loss/joint_mean,1.5368261575698852
402,1788869266.8332617,loss/pose_mean,0.7899107933044434
402,1788869266.8332617,lr/attention.decay,0.0
402,1788869266.8332617,lr/attention.no_decay,0.0
402,1788869266.8332617,lr/backbone.decay,0.0
402,1788869266.8332617,lr/backbone.no_decay,0.0
402,1788869266.8332617,lr/detect_head.decay,2.2084233261339095e-05
402,1788869266.8332617,lr/detect_head.no_decay,2.2084233261339095e-05
402,1788869266.8332617,lr/masf.decay,0.0
402,1788869266.8332617,lr/masf.no_decay,0.0
402,1788869266.8332617,lr/neck.decay,8.833693304535638e-06
402,1788869266.8332617,lr/neck.no_decay,8.833693304535638e-06
402,1788869266.8332617,lr/pose_head.decay,2.2084233261339095e-05
402,1788869266.8332617,lr/pose_head.no_decay,2.2084233261339095e-05
402,1788869266.8332617,pose/component_0,0.5704783797264099
402,1788869266.8332617,pose/component_1,0.015380669385194778
402,1788869266.8332617,pose/component_2,0.04726699739694595
402,1788869266.8332617,pose/component_3,0.21628113090991974
402,1788869266.8332617,pose/component_4,0.002110859379172325
402,1788869266.8332617,pose/component_5,0.0
403,1788869268.0081358,amp/overflow_retries,0.0
403,1788869268.0081358,amp/scale,512.0
403,1788869268.0081358,detect/component_0,1.0535283088684082
403,1788869268.0081358,detect/component_1,0.9314552545547485
403,1788869268.0081358,detect/component_2,0.006152741611003876
403,1788869268.0081358,gradient/clipped_norm,132.5391845703125
403,1788869268.0081358,images/detect,256.0
403,1788869268.0081358,images/pose,16.0
403,1788869268.0081358,loss/backward,104.71212463378906
403,1788869268.0081358,loss/detect_mean,1.7663364708423615
403,1788869268.0081358,loss/joint_mean,1.636126947402954
403,1788869268.0081358,loss/pose_mean,1.1152888536453247
403,1788869268.0081358,lr/attention.decay,0.0
403,1788869268.0081358,lr/attention.no_decay,0.0
403,1788869268.0081358,lr/backbone.decay,0.0
403,1788869268.0081358,lr/backbone.no_decay,0.0
403,1788869268.0081358,lr/detect_head.decay,2.213282937365011e-05
403,1788869268.0081358,lr/detect_head.no_decay,2.213282937365011e-05
403,1788869268.0081358,lr/masf.decay,0.0
403,1788869268.0081358,lr/masf.no_decay,0.0
403,1788869268.0081358,lr/neck.decay,8.853131749460044e-06
403,1788869268.0081358,lr/neck.no_decay,8.853131749460044e-06
403,1788869268.0081358,lr/pose_head.decay,2.213282937365011e-05
403,1788869268.0081358,lr/pose_head.no_decay,2.213282937365011e-05
403,1788869268.0081358,pose/component_0,0.8116762638092041
403,1788869268.0081358,pose/component_1,0.015451669692993164
403,1788869268.0081358,pose/component_2,0.0027177855372428894
403,1788869268.0081358,pose/component_3,0.3736897110939026
403,1788869268.0081358,pose/component_4,0.002440955024212599
403,1788869268.0081358,pose/component_5,0.0
404,1788869269.1686425,amp/overflow_retries,0.0
404,1788869269.1686425,amp/scale,512.0
404,1788869269.1686425,detect/component_0,1.0578221082687378
404,1788869269.1686425,detect/component_1,0.9351792335510254
404,1788869269.1686425,detect/component_2,0.00650091702118516
404,1788869269.1686425,gradient/clipped_norm,131.03909301757812
404,1788869269.1686425,images/detect,256.0
404,1788869269.1686425,images/pose,16.0
404,1788869269.1686425,loss/backward,98.4536636352539
404,1788869269.1686425,loss/detect_mean,1.7767153084278107
404,1788869269.1686425,loss/joint_mean,1.5383384943008422
404,1788869269.1686425,loss/pose_mean,0.5848312377929688
404,1788869269.1686425,lr/attention.decay,0.0
404,1788869269.1686425,lr/attention.no_decay,0.0
404,1788869269.1686425,lr/backbone.decay,0.0
404,1788869269.1686425,lr/backbone.no_decay,0.0
404,1788869269.1686425,lr/detect_head.decay,2.2181425485961124e-05
404,1788869269.1686425,lr/detect_head.no_decay,2.2181425485961124e-05
404,1788869269.1686425,lr/masf.decay,0.0
404,1788869269.1686425,lr/masf.no_decay,0.0
404,1788869269.1686425,lr/neck.decay,8.87257019438445e-06
404,1788869269.1686425,lr/neck.no_decay,8.87257019438445e-06
404,1788869269.1686425,lr/pose_head.decay,2.2181425485961124e-05
404,1788869269.1686425,lr/pose_head.no_decay,2.2181425485961124e-05
404,1788869269.1686425,pose/component_0,0.3594805598258972
404,1788869269.1686425,pose/component_1,0.0075375838205218315
404,1788869269.1686425,pose/component_2,0.0016550513682886958
404,1788869269.1686425,pose/component_3,0.12377124279737473
404,1788869269.1686425,pose/component_4,0.0014006602577865124
404,1788869269.1686425,pose/component_5,0.0
405,1788869270.3354197,amp/overflow_retries,0.0
405,1788869270.3354197,amp/scale,512.0
405,1788869270.3354197,detect/component_0,1.118170142173767
405,1788869270.3354197,detect/component_1,0.9491797685623169
405,1788869270.3354197,detect/component_2,0.005725434981286526
405,1788869270.3354197,gradient/clipped_norm,141.6293487548828
405,1788869270.3354197,images/detect,256.0
405,1788869270.3354197,images/pose,16.0
405,1788869270.3354197,loss/backward,105.49765319824219
405,1788869270.3354197,loss/detect_mean,1.8252837657928467
405,1788869270.3354197,loss/joint_mean,1.6484008312225342
405,1788869270.3354197,loss/pose_mean,0.9408690929412842
405,1788869270.3354197,lr/attention.decay,0.0
405,1788869270.3354197,lr/attention.no_decay,0.0
405,1788869270.3354197,lr/backbone.decay,0.0
405,1788869270.3354197,lr/backbone.no_decay,0.0
405,1788869270.3354197,lr/detect_head.decay,2.223002159827214e-05
405,1788869270.3354197,lr/detect_head.no_decay,2.223002159827214e-05
405,1788869270.3354197,lr/masf.decay,0.0
405,1788869270.3354197,lr/masf.no_decay,0.0
405,1788869270.3354197,lr/neck.decay,8.892008639308856e-06
405,1788869270.3354197,lr/neck.no_decay,8.892008639308856e-06
405,1788869270.3354197,lr/pose_head.decay,2.223002159827214e-05
405,1788869270.3354197,lr/pose_head.no_decay,2.223002159827214e-05
405,1788869270.3354197,pose/component_0,0.6871441006660461
405,1788869270.3354197,pose/component_1,0.01258549652993679
405,1788869270.3354197,pose/component_2,0.0016072069993242621
405,1788869270.3354197,pose/component_3,0.23364324867725372
405,1788869270.3354197,pose/component_4,0.0019817743450403214
405,1788869270.3354197,pose/component_5,0.0
406,1788869271.5307143,amp/overflow_retries,0.0
406,1788869271.5307143,amp/scale,512.0
406,1788869271.5307143,detect/component_0,1.011689305305481
406,1788869271.5307143,detect/component_1,0.9092984795570374
406,1788869271.5307143,detect/component_2,0.006566423922777176
406,1788869271.5307143,gradient/clipped_norm,141.5645294189453
406,1788869271.5307143,images/detect,256.0
406,1788869271.5307143,images/pose,16.0
406,1788869271.5307143,loss/backward,100.52000732421875
406,1788869271.5307143,loss/detect_mean,1.7339178323745728
406,1788869271.5307143,loss/joint_mean,1.570625114440918
406,1788869271.5307143,loss/pose_mean,0.9174542427062988
406,1788869271.5307143,lr/attention.decay,0.0
406,1788869271.5307143,lr/attention.no_decay,0.0
406,1788869271.5307143,lr/backbone.decay,0.0
406,1788869271.5307143,lr/backbone.no_decay,0.0
406,1788869271.5307143,lr/detect_head.decay,2.2278617710583153e-05
406,1788869271.5307143,lr/detect_head.no_decay,2.2278617710583153e-05
406,1788869271.5307143,lr/masf.decay,0.0
406,1788869271.5307143,lr/masf.no_decay,0.0
406,1788869271.5307143,lr/neck.decay,8.911447084233262e-06
406,1788869271.5307143,lr/neck.no_decay,8.911447084233262e-06
406,1788869271.5307143,lr/pose_head.decay,2.2278617710583153e-05
406,1788869271.5307143,lr/pose_head.no_decay,2.2278617710583153e-05
406,1788869271.5307143,pose/component_0,0.6771519184112549
406,1788869271.5307143,pose/component_1,0.01100371778011322
406,1788869271.5307143,pose/component_2,0.0014686159556731582
406,1788869271.5307143,pose/component_3,0.22209279239177704
406,1788869271.5307143,pose/component_4,0.0017734344583004713
406,1788869271.5307143,pose/component_5,0.0
407,1788869272.7100902,amp/overflow_retries,0.0
407,1788869272.7100902,amp/scale,512.0
407,1788869272.7100902,detect/component_0,1.0388081073760986
407,1788869272.7100902,detect/component_1,0.9282200336456299
407,1788869272.7100902,detect/component_2,0.006700062192976475
407,1788869272.7100902,gradient/clipped_norm,148.26239013671875
407,1788869272.7100902,images/detect,256.0
407,1788869272.7100902,images/pose,16.0
407,1788869272.7100902,loss/backward,102.20303573608399
407,1788869272.7100902,loss/detect_mean,1.7699773758649826
407,1788869272.7100902,loss/joint_mean,1.5969224333763123
407,1788869272.7100902,loss/pose_mean,0.9047026634216309
407,1788869272.7100902,lr/attention.decay,0.0
407,1788869272.7100902,lr/attention.no_decay,0.0
407,1788869272.7100902,lr/backbone.decay,0.0
407,1788869272.7100902,lr/backbone.no_decay,0.0
407,1788869272.7100902,lr/detect_head.decay,2.232721382289417e-05
407,1788869272.7100902,lr/detect_head.no_decay,2.232721382289417e-05
407,1788869272.7100902,lr/masf.decay,0.0
407,1788869272.7100902,lr/masf.no_decay,0.0
407,1788869272.7100902,lr/neck.decay,8.930885529157667e-06
407,1788869272.7100902,lr/neck.no_decay,8.930885529157667e-06
407,1788869272.7100902,lr/pose_head.decay,2.232721382289417e-05
407,1788869272.7100902,lr/pose_head.no_decay,2.232721382289417e-05
407,1788869272.7100902,pose/component_0,0.7064744234085083
407,1788869272.7100902,pose/component_1,0.03724442422389984
407,1788869272.7100902,pose/component_2,0.0021265586838126183
407,1788869272.7100902,pose/component_3,0.2860647439956665
407,1788869272.7100902,pose/component_4,0.0017908145673573017
407,1788869272.7100902,pose/component_5,0.0
408,1788869273.8853786,amp/overflow_retries,0.0
408,1788869273.8853786,amp/scale,512.0
408,1788869273.8853786,detect/component_0,1.0645877122879028
408,1788869273.8853786,detect/component_1,0.9353187084197998
408,1788869273.8853786,detect/component_2,0.0059527438133955
408,1788869273.8853786,gradient/clipped_norm,137.43601989746094
408,1788869273.8853786,images/detect,256.0
408,1788869273.8853786,images/pose,16.0
408,1788869273.8853786,loss/backward,103.63317794799805
408,1788869273.8853786,loss/detect_mean,1.785130187869072
408,1788869273.8853786,loss/joint_mean,1.6192684054374695
408,1788869273.8853786,loss/pose_mean,0.9558212757110596
408,1788869273.8853786,lr/attention.decay,0.0
408,1788869273.8853786,lr/attention.no_decay,0.0
408,1788869273.8853786,lr/backbone.decay,0.0
408,1788869273.8853786,lr/backbone.no_decay,0.0
408,1788869273.8853786,lr/detect_head.decay,2.2375809935205182e-05
408,1788869273.8853786,lr/detect_head.no_decay,2.2375809935205182e-05
408,1788869273.8853786,lr/masf.decay,0.0
408,1788869273.8853786,lr/masf.no_decay,0.0
408,1788869273.8853786,lr/neck.decay,8.950323974082073e-06
408,1788869273.8853786,lr/neck.no_decay,8.950323974082073e-06
408,1788869273.8853786,lr/pose_head.decay,2.2375809935205182e-05
408,1788869273.8853786,lr/pose_head.no_decay,2.2375809935205182e-05
408,1788869273.8853786,pose/component_0,0.7291346788406372
408,1788869273.8853786,pose/component_1,0.03288731724023819
408,1788869273.8853786,pose/component_2,0.0015498665161430836
408,1788869273.8853786,pose/component_3,0.19761952757835388
408,1788869273.8853786,pose/component_4,0.0022677709348499775
408,1788869273.8853786,pose/component_5,0.0
409,1788869275.0749185,amp/overflow_retries,0.0
409,1788869275.0749185,amp/scale,512.0
409,1788869275.0749185,detect/component_0,1.0924367904663086
409,1788869275.0749185,detect/component_1,0.9771569967269897
409,1788869275.0749185,detect/component_2,0.006251587998121977
409,1788869275.0749185,gradient/clipped_norm,140.8087615966797
409,1788869275.0749185,images/detect,256.0
409,1788869275.0749185,images/pose,16.0
409,1788869275.0749185,loss/backward,106.23990936279297
409,1788869275.0749185,loss/detect_mean,1.8412777334451675
409,1788869275.0749185,loss/joint_mean,1.6599985837936402
409,1788869275.0749185,loss/pose_mean,0.9348819851875305
409,1788869275.0749185,lr/attention.decay,0.0
409,1788869275.0749185,lr/attention.no_decay,0.0
409,1788869275.0749185,lr/backbone.decay,0.0
409,1788869275.0749185,lr/backbone.no_decay,0.0
409,1788869275.0749185,lr/detect_head.decay,2.24244060475162e-05
409,1788869275.0749185,lr/detect_head.no_decay,2.24244060475162e-05
409,1788869275.0749185,lr/masf.decay,0.0
409,1788869275.0749185,lr/masf.no_decay,0.0
409,1788869275.0749185,lr/neck.decay,8.96976241900648e-06
409,1788869275.0749185,lr/neck.no_decay,8.96976241900648e-06
409,1788869275.0749185,lr/pose_head.decay,2.24244060475162e-05
409,1788869275.0749185,lr/pose_head.no_decay,2.24244060475162e-05
409,1788869275.0749185,pose/component_0,0.7173941731452942
409,1788869275.0749185,pose/component_1,0.014808103442192078
409,1788869275.0749185,pose/component_2,0.0015758401714265347
409,1788869275.0749185,pose/component_3,0.27364787459373474
409,1788869275.0749185,pose/component_4,0.001675463980063796
409,1788869275.0749185,pose/component_5,0.0
410,1788869276.2580042,amp/overflow_retries,0.0
410,1788869276.2580042,amp/scale,512.0
410,1788869276.2580042,detect/component_0,1.067275881767273
410,1788869276.2580042,detect/component_1,0.9413131475448608
410,1788869276.2580042,detect/component_2,0.006114615593105555
410,1788869276.2580042,gradient/clipped_norm,149.4519500732422
410,1788869276.2580042,images/detect,256.0
410,1788869276.2580042,images/pose,16.0
410,1788869276.2580042,loss/backward,103.6751953125
410,1788869276.2580042,loss/detect_mean,1.796393170952797
410,1788869276.2580042,loss/joint_mean,1.6199249267578124
410,1788869276.2580042,loss/pose_mean,0.9140519499778748
410,1788869276.2580042,lr/attention.decay,0.0
410,1788869276.2580042,lr/attention.no_decay,0.0
410,1788869276.2580042,lr/backbone.decay,0.0
410,1788869276.2580042,lr/backbone.no_decay,0.0
410,1788869276.2580042,lr/detect_head.decay,2.2473002159827215e-05
410,1788869276.2580042,lr/detect_head.no_decay,2.2473002159827215e-05
410,1788869276.2580042,lr/masf.decay,0.0
410,1788869276.2580042,lr/masf.no_decay,0.0
410,1788869276.2580042,lr/neck.decay,8.989200863930886e-06
410,1788869276.2580042,lr/neck.no_decay,8.989200863930886e-06
410,1788869276.2580042,lr/pose_head.decay,2.2473002159827215e-05
410,1788869276.2580042,lr/pose_head.no_decay,2.2473002159827215e-05
410,1788869276.2580042,pose/component_0,0.6330016851425171
410,1788869276.2580042,pose/component_1,0.009346332401037216
410,1788869276.2580042,pose/component_2,0.013641102239489555
410,1788869276.2580042,pose/component_3,0.25859224796295166
410,1788869276.2580042,pose/component_4,0.0021528834477066994
410,1788869276.2580042,pose/component_5,0.0
411,1788869277.4335725,amp/overflow_retries,0.0
411,1788869277.4335725,amp/scale,512.0
411,1788869277.4335725,detect/component_0,0.9931918978691101
411,1788869277.4335725,detect/component_1,0.8752253651618958
411,1788869277.4335725,detect/component_2,0.007352182175964117
411,1788869277.4335725,gradient/clipped_norm,140.21119689941406
411,1788869277.4335725,images/detect,256.0
411,1788869277.4335725,images/pose,16.0
411,1788869277.4335725,loss/backward,97.8039436340332
411,1788869277.4335725,loss/detect_mean,1.6869687885046005
411,1788869277.4335725,loss/joint_mean,1.5281866192817688
411,1788869277.4335725,loss/pose_mean,0.8930579423904419
411,1788869277.4335725,lr/attention.decay,0.0
411,1788869277.4335725,lr/attention.no_decay,0.0
411,1788869277.4335725,lr/backbone.decay,0.0
411,1788869277.4335725,lr/backbone.no_decay,0.0
411,1788869277.4335725,lr/detect_head.decay,2.252159827213823e-05
411,1788869277.4335725,lr/detect_head.no_decay,2.252159827213823e-05
411,1788869277.4335725,lr/masf.decay,0.0
411,1788869277.4335725,lr/masf.no_decay,0.0
411,1788869277.4335725,lr/neck.decay,9.008639308855293e-06
411,1788869277.4335725,lr/neck.no_decay,9.008639308855293e-06
411,1788869277.4335725,lr/pose_head.decay,2.252159827213823e-05
411,1788869277.4335725,lr/pose_head.no_decay,2.252159827213823e-05
411,1788869277.4335725,pose/component_0,0.6424470543861389
411,1788869277.4335725,pose/component_1,0.013815522193908691
411,1788869277.4335725,pose/component_2,0.0011336798779666424
411,1788869277.4335725,pose/component_3,0.26706668734550476
411,1788869277.4335725,pose/component_4,0.0021175534930080175
411,1788869277.4335725,pose/component_5,0.0
412,1788869278.603388,amp/overflow_retries,0.0
412,1788869278.603388,amp/scale,512.0
412,1788869278.603388,detect/component_0,0.9885267615318298
412,1788869278.603388,detect/component_1,0.8651226162910461
412,1788869278.603388,detect/component_2,0.006750463042408228
412,1788869278.603388,gradient/clipped_norm,152.11968994140625
412,1788869278.603388,images/detect,256.0
412,1788869278.603388,images/pose,16.0
412,1788869278.603388,loss/backward,100.14130249023438
412,1788869278.603388,loss/detect_mean,1.6593972146511078
412,1788869278.603388,loss/joint_mean,1.5647078514099122
412,1788869278.603388,loss/pose_mean,1.1859503984451294
412,1788869278.603388,lr/attention.decay,0.0
412,1788869278.603388,lr/attention.no_decay,0.0
412,1788869278.603388,lr/backbone.decay,0.0
412,1788869278.603388,lr/backbone.no_decay,0.0
412,1788869278.603388,lr/detect_head.decay,2.2570194384449244e-05
412,1788869278.603388,lr/detect_head.no_decay,2.2570194384449244e-05
412,1788869278.603388,lr/masf.decay,0.0
412,1788869278.603388,lr/masf.no_decay,0.0
412,1788869278.603388,lr/neck.decay,9.028077753779698e-06
412,1788869278.603388,lr/neck.no_decay,9.028077753779698e-06
412,1788869278.603388,lr/pose_head.decay,2.2570194384449244e-05
412,1788869278.603388,lr/pose_head.no_decay,2.2570194384449244e-05
412,1788869278.603388,pose/component_0,0.8567795157432556
412,1788869278.603388,pose/component_1,0.043318282812833786
412,1788869278.603388,pose/component_2,0.005159473977982998
412,1788869278.603388,pose/component_3,0.4069657623767853
412,1788869278.603388,pose/component_4,0.00181676319334656
412,1788869278.603388,pose/component_5,0.0
413,1788869279.780973,amp/overflow_retries,0.0
413,1788869279.780973,amp/scale,512.0
413,1788869279.780973,detect/component_0,1.0691206455230713
413,1788869279.780973,detect/component_1,0.9305492639541626
413,1788869279.780973,detect/component_2,0.006129039917141199
413,1788869279.780973,gradient/clipped_norm,152.4630584716797
413,1788869279.780973,images/detect,256.0
413,1788869279.780973,images/pose,16.0
413,1788869279.780973,loss/backward,103.03332443237305
413,1788869279.780973,loss/detect_mean,1.7859766334295273
413,1788869279.780973,loss/joint_mean,1.609895694255829
413,1788869279.780973,loss/pose_mean,0.9055719375610352
413,1788869279.780973,lr/attention.decay,0.0
413,1788869279.780973,lr/attention.no_decay,0.0
413,1788869279.780973,lr/backbone.decay,0.0
413,1788869279.780973,lr/backbone.no_decay,0.0
413,1788869279.780973,lr/detect_head.decay,2.261879049676026e-05
413,1788869279.780973,lr/detect_head.no_decay,2.261879049676026e-05
413,1788869279.780973,lr/masf.decay,0.0
413,1788869279.780973,lr/masf.no_decay,0.0
413,1788869279.780973,lr/neck.decay,9.047516198704105e-06
413,1788869279.780973,lr/neck.no_decay,9.047516198704105e-06
413,1788869279.780973,lr/pose_head.decay,2.261879049676026e-05
413,1788869279.780973,lr/pose_head.no_decay,2.261879049676026e-05
413,1788869279.780973,pose/component_0,0.6220414638519287
413,1788869279.780973,pose/component_1,0.010411394760012627
413,1788869279.780973,pose/component_2,0.0013506710529327393
413,1788869279.780973,pose/component_3,0.26940277218818665
413,1788869279.780973,pose/component_4,0.0013945400714874268
413,1788869279.780973,pose/component_5,0.0
414,1788869280.953958,amp/overflow_retries,0.0
414,1788869280.953958,amp/scale,512.0
414,1788869280.953958,detect/component_0,1.0860201120376587
414,1788869280.953958,detect/component_1,0.9995098114013672
414,1788869280.953958,detect/component_2,0.0061490838415920734
414,1788869280.953958,gradient/clipped_norm,125.7693099975586
414,1788869280.953958,images/detect,256.0
414,1788869280.953958,images/pose,16.0
414,1788869280.953958,loss/backward,104.99960250854492
414,1788869280.953958,loss/detect_mean,1.8641012459993362
414,1788869280.953958,loss/joint_mean,1.6406187891960144
414,1788869280.953958,loss/pose_mean,0.746688961982727
414,1788869280.953958,lr/attention.decay,0.0
414,1788869280.953958,lr/attention.no_decay,0.0
414,1788869280.953958,lr/backbone.decay,0.0
414,1788869280.953958,lr/backbone.no_decay,0.0
414,1788869280.953958,lr/detect_head.decay,2.2667386609071273e-05
414,1788869280.953958,lr/detect_head.no_decay,2.2667386609071273e-05
414,1788869280.953958,lr/masf.decay,0.0
414,1788869280.953958,lr/masf.no_decay,0.0
414,1788869280.953958,lr/neck.decay,9.066954643628509e-06
414,1788869280.953958,lr/neck.no_decay,9.066954643628509e-06
414,1788869280.953958,lr/pose_head.decay,2.2667386609071273e-05
414,1788869280.953958,lr/pose_head.no_decay,2.2667386609071273e-05
414,1788869280.953958,pose/component_0,0.5310959219932556
414,1788869280.953958,pose/component_1,0.010039199143648148
414,1788869280.953958,pose/component_2,0.00066476158099249
414,1788869280.953958,pose/component_3,0.2480500489473343
414,1788869280.953958,pose/component_4,0.0019765766337513924
414,1788869280.953958,pose/component_5,0.0
415,1788869282.1236327,amp/overflow_retries,0.0
415,1788869282.1236327,amp/scale,512.0
415,1788869282.1236327,detect/component_0,1.0481081008911133
415,1788869282.1236327,detect/component_1,0.9531705379486084
415,1788869282.1236327,detect/component_2,0.005967133212834597
415,1788869282.1236327,gradient/clipped_norm,144.93861389160156
415,1788869282.1236327,images/detect,256.0
415,1788869282.1236327,images/pose,16.0
415,1788869282.1236327,loss/backward,102.8199234008789
415,1788869282.1236327,loss/detect_mean,1.7780087888240814
415,1788869282.1236327,loss/joint_mean,1.606561303138733
415,1788869282.1236327,loss/pose_mean,0.9207713603973389
415,1788869282.1236327,lr/attention.decay,0.0
415,1788869282.1236327,lr/attention.no_decay,0.0
415,1788869282.1236327,lr/backbone.decay,0.0
415,1788869282.1236327,lr/backbone.no_decay,0.0
415,1788869282.1236327,lr/detect_head.decay,2.271598272138229e-05
415,1788869282.1236327,lr/detect_head.no_decay,2.271598272138229e-05
415,1788869282.1236327,lr/masf.decay,0.0
415,1788869282.1236327,lr/masf.no_decay,0.0
415,1788869282.1236327,lr/neck.decay,9.086393088552916e-06
415,1788869282.1236327,lr/neck.no_decay,9.086393088552916e-06
415,1788869282.1236327,lr/pose_head.decay,2.271598272138229e-05
415,1788869282.1236327,lr/pose_head.no_decay,2.271598272138229e-05
415,1788869282.1236327,pose/component_0,0.6734740138053894
415,1788869282.1236327,pose/component_1,0.011488908901810646
415,1788869282.1236327,pose/component_2,0.003048625309020281
415,1788869282.1236327,pose/component_3,0.240054190158844
415,1788869282.1236327,pose/component_4,0.0020720381289720535
415,1788869282.1236327,pose/component_5,0.0
416,1788869283.2857664,amp/overflow_retries,0.0
416,1788869283.2857664,amp/scale,512.0
416,1788869283.2857664,detect/component_0,1.076810598373413
416,1788869283.2857664,detect/component_1,1.0002820491790771
416,1788869283.2857664,detect/component_2,0.006582669913768768
416,1788869283.2857664,gradient/clipped_norm,122.27271270751953
416,1788869283.2857664,images/detect,256.0
416,1788869283.2857664,images/pose,16.0
416,1788869283.2857664,loss/backward,104.79368286132812
416,1788869283.2857664,loss/detect_mean,1.8442623317241669
416,1788869283.2857664,loss/joint_mean,1.637401294708252
416,1788869283.2857664,loss/pose_mean,0.8099571466445923
416,1788869283.2857664,lr/attention.decay,0.0
416,1788869283.2857664,lr/attention.no_decay,0.0
416,1788869283.2857664,lr/backbone.decay,0.0
416,1788869283.2857664,lr/backbone.no_decay,0.0
416,1788869283.2857664,lr/detect_head.decay,2.2764578833693305e-05
416,1788869283.2857664,lr/detect_head.no_decay,2.2764578833693305e-05
416,1788869283.2857664,lr/masf.decay,0.0
416,1788869283.2857664,lr/masf.no_decay,0.0
416,1788869283.2857664,lr/neck.decay,9.105831533477322e-06
416,1788869283.2857664,lr/neck.no_decay,9.105831533477322e-06
416,1788869283.2857664,lr/pose_head.decay,2.2764578833693305e-05
416,1788869283.2857664,lr/pose_head.no_decay,2.2764578833693305e-05
416,1788869283.2857664,pose/component_0,0.5937380194664001
416,1788869283.2857664,pose/component_1,0.008308549411594868
416,1788869283.2857664,pose/component_2,0.0010462012141942978
416,1788869283.2857664,pose/component_3,0.20616896450519562
416,1788869283.2857664,pose/component_4,0.00140333641320467
416,1788869283.2857664,pose/component_5,0.0
417,1788869284.446354,amp/overflow_retries,0.0
417,1788869284.446354,amp/scale,512.0
417,1788869284.446354,detect/component_0,1.1163699626922607
417,1788869284.446354,detect/component_1,0.9811992049217224
417,1788869284.446354,detect/component_2,0.006271472200751305
417,1788869284.446354,gradient/clipped_norm,165.4061737060547
417,1788869284.446354,images/detect,256.0
417,1788869284.446354,images/pose,16.0
417,1788869284.446354,loss/backward,109.90906600952148
417,1788869284.446354,loss/detect_mean,1.8726192861795425
417,1788869284.446354,loss/joint_mean,1.7173291563987731
417,1788869284.446354,loss/pose_mean,1.0961686372756958
417,1788869284.446354,lr/attention.decay,0.0
417,1788869284.446354,lr/attention.no_decay,0.0
417,1788869284.446354,lr/backbone.decay,0.0
417,1788869284.446354,lr/backbone.no_decay,0.0
417,1788869284.446354,lr/detect_head.decay,2.281317494600432e-05
417,1788869284.446354,lr/detect_head.no_decay,2.281317494600432e-05
417,1788869284.446354,lr/masf.decay,0.0
417,1788869284.446354,lr/masf.no_decay,0.0
417,1788869284.446354,lr/neck.decay,9.125269978401729e-06
417,1788869284.446354,lr/neck.no_decay,9.125269978401729e-06
417,1788869284.446354,lr/pose_head.decay,2.281317494600432e-05
417,1788869284.446354,lr/pose_head.no_decay,2.281317494600432e-05
417,1788869284.446354,pose/component_0,0.7327353954315186
417,1788869284.446354,pose/component_1,0.019301431253552437
417,1788869284.446354,pose/component_2,0.002340267412364483
417,1788869284.446354,pose/component_3,0.3904588520526886
417,1788869284.446354,pose/component_4,0.001775454729795456
417,1788869284.446354,pose/component_5,0.0
418,1788869285.6233149,amp/overflow_retries,0.0
418,1788869285.6233149,amp/scale,512.0
418,1788869285.6233149,detect/component_0,1.135501503944397
418,1788869285.6233149,detect/component_1,0.9906352758407593
418,1788869285.6233149,detect/component_2,0.005940288305282593
418,1788869285.6233149,gradient/clipped_norm,158.70785522460938
418,1788869285.6233149,images/detect,256.0
418,1788869285.6233149,images/pose,16.0
418,1788869285.6233149,loss/backward,111.77256469726562
418,1788869285.6233149,loss/detect_mean,1.9048126935958862
418,1788869285.6233149,loss/joint_mean,1.7464463233947753
418,1788869285.6233149,loss/pose_mean,1.112980842590332
418,1788869285.6233149,lr/attention.decay,0.0
418,1788869285.6233149,lr/attention.no_decay,0.0
418,1788869285.6233149,lr/backbone.decay,0.0
418,1788869285.6233149,lr/backbone.no_decay,0.0
418,1788869285.6233149,lr/detect_head.decay,2.2861771058315334e-05
418,1788869285.6233149,lr/detect_head.no_decay,2.2861771058315334e-05
418,1788869285.6233149,lr/masf.decay,0.0
418,1788869285.6233149,lr/masf.no_decay,0.0
418,1788869285.6233149,lr/neck.decay,9.144708423326134e-06
418,1788869285.6233149,lr/neck.no_decay,9.144708423326134e-06
418,1788869285.6233149,lr/pose_head.decay,2.2861771058315334e-05
418,1788869285.6233149,lr/pose_head.no_decay,2.2861771058315334e-05
418,1788869285.6233149,pose/component_0,0.8096172213554382
418,1788869285.6233149,pose/component_1,0.009126946330070496
418,1788869285.6233149,pose/component_2,0.0205673947930336
418,1788869285.6233149,pose/component_3,0.3197711408138275
418,1788869285.6233149,pose/component_4,0.0018854830414056778
418,1788869285.6233149,pose/component_5,0.0
419,1788869286.7803183,amp/overflow_retries,0.0
419,1788869286.7803183,amp/scale,512.0
419,1788869286.7803183,detect/component_0,1.0485831499099731
419,1788869286.7803183,detect/component_1,0.9645187854766846
419,1788869286.7803183,detect/component_2,0.006650927010923624
419,1788869286.7803183,gradient/clipped_norm,147.09744262695312
419,1788869286.7803183,images/detect,256.0
419,1788869286.7803183,images/pose,16.0
419,1788869286.7803183,loss/backward,106.56272201538086
419,1788869286.7803183,loss/detect_mean,1.8092266470193863
419,1788869286.7803183,loss/joint_mean,1.6650425314903259
419,1788869286.7803183,loss/pose_mean,1.0883060693740845
419,1788869286.7803183,lr/attention.decay,0.0
419,1788869286.7803183,lr/attention.no_decay,0.0
419,1788869286.7803183,lr/backbone.decay,0.0
419,1788869286.7803183,lr/backbone.no_decay,0.0
419,1788869286.7803183,lr/detect_head.decay,2.291036717062635e-05
419,1788869286.7803183,lr/detect_head.no_decay,2.291036717062635e-05
419,1788869286.7803183,lr/masf.decay,0.0
419,1788869286.7803183,lr/masf.no_decay,0.0
419,1788869286.7803183,lr/neck.decay,9.164146868250542e-06
419,1788869286.7803183,lr/neck.no_decay,9.164146868250542e-06
419,1788869286.7803183,lr/pose_head.decay,2.291036717062635e-05
419,1788869286.7803183,lr/pose_head.no_decay,2.291036717062635e-05
419,1788869286.7803183,pose/component_0,0.7757351994514465
419,1788869286.7803183,pose/component_1,0.013975203037261963
419,1788869286.7803183,pose/component_2,0.02885117195546627
419,1788869286.7803183,pose/component_3,0.3022018373012543
419,1788869286.7803183,pose/component_4,0.003323893528431654
419,1788869286.7803183,pose/component_5,0.0
420,1788869287.9579515,amp/overflow_retries,0.0
420,1788869287.9579515,amp/scale,512.0
420,1788869287.9579515,detect/component_0,1.0912699699401855
420,1788869287.9579515,detect/component_1,0.9657491445541382
420,1788869287.9579515,detect/component_2,0.0066468482837080956
420,1788869287.9579515,gradient/clipped_norm,134.88902282714844
420,1788869287.9579515,images/detect,256.0
420,1788869287.9579515,images/pose,16.0
420,1788869287.9579515,loss/backward,109.20739517211913
420,1788869287.9579515,loss/detect_mean,1.8529596775770187
420,1788869287.9579515,loss/joint_mean,1.7063655495643615
420,1788869287.9579515,loss/pose_mean,1.119989037513733
420,1788869287.9579515,lr/attention.decay,0.0
420,1788869287.9579515,lr/attention.no_decay,0.0
420,1788869287.9579515,lr/backbone.decay,0.0
420,1788869287.9579515,lr/backbone.no_decay,0.0
420,1788869287.9579515,lr/detect_head.decay,2.2958963282937367e-05
420,1788869287.9579515,lr/detect_head.no_decay,2.2958963282937367e-05
420,1788869287.9579515,lr/masf.decay,0.0
420,1788869287.9579515,lr/masf.no_decay,0.0
420,1788869287.9579515,lr/neck.decay,9.183585313174947e-06
420,1788869287.9579515,lr/neck.no_decay,9.183585313174947e-06
420,1788869287.9579515,lr/pose_head.decay,2.2958963282937367e-05
420,1788869287.9579515,lr/pose_head.no_decay,2.2958963282937367e-05
420,1788869287.9579515,pose/component_0,0.7535690665245056
420,1788869287.9579515,pose/component_1,0.026881732046604156
420,1788869287.9579515,pose/component_2,0.003721386194229126
420,1788869287.9579515,pose/component_3,0.47830039262771606
420,1788869287.9579515,pose/component_4,0.0019547496922314167
420,1788869287.9579515,pose/component_5,0.0
421,1788869289.1337605,amp/overflow_retries,0.0
421,1788869289.1337605,amp/scale,512.0
421,1788869289.1337605,detect/component_0,1.1162571907043457
421,1788869289.1337605,detect/component_1,1.0714191198349
421,1788869289.1337605,detect/component_2,0.0063524628058075905
421,1788869289.1337605,gradient/clipped_norm,153.4178924560547
421,1788869289.1337605,images/detect,256.0
421,1788869289.1337605,images/pose,16.0
421,1788869289.1337605,loss/backward,109.55540771484375
421,1788869289.1337605,loss/detect_mean,1.9263610541820526
421,1788869289.1337605,loss/joint_mean,1.7118032455444336
421,1788869289.1337605,loss/pose_mean,0.8535720109939575
421,1788869289.1337605,lr/attention.decay,0.0
421,1788869289.1337605,lr/attention.no_decay,0.0
421,1788869289.1337605,lr/backbone.decay,0.0
421,1788869289.1337605,lr/backbone.no_decay,0.0
421,1788869289.1337605,lr/detect_head.decay,2.3007559395248383e-05
421,1788869289.1337605,lr/detect_head.no_decay,2.3007559395248383e-05
421,1788869289.1337605,lr/masf.decay,0.0
421,1788869289.1337605,lr/masf.no_decay,0.0
421,1788869289.1337605,lr/neck.decay,9.203023758099353e-06
421,1788869289.1337605,lr/neck.no_decay,9.203023758099353e-06
421,1788869289.1337605,lr/pose_head.decay,2.3007559395248383e-05
421,1788869289.1337605,lr/pose_head.no_decay,2.3007559395248383e-05
421,1788869289.1337605,pose/component_0,0.5574711561203003
421,1788869289.1337605,pose/component_1,0.010320013388991356
421,1788869289.1337605,pose/component_2,0.014984453096985817
421,1788869289.1337605,pose/component_3,0.2193155586719513
421,1788869289.1337605,pose/component_4,0.002658515004441142
421,1788869289.1337605,pose/component_5,0.0
422,1788869290.3125024,amp/overflow_retries,0.0
422,1788869290.3125024,amp/scale,512.0
422,1788869290.3125024,detect/component_0,1.0488708019256592
422,1788869290.3125024,detect/component_1,0.9062520861625671
422,1788869290.3125024,detect/component_2,0.006142295431345701
422,1788869290.3125024,gradient/clipped_norm,140.19659423828125
422,1788869290.3125024,images/detect,256.0
422,1788869290.3125024,images/pose,16.0
422,1788869290.3125024,loss/backward,103.22516632080078
422,1788869290.3125024,loss/detect_mean,1.7517642974853516
422,1788869290.3125024,loss/joint_mean,1.6128932237625122
422,1788869290.3125024,loss/pose_mean,1.0574089288711548
422,1788869290.3125024,lr/attention.decay,0.0
422,1788869290.3125024,lr/attention.no_decay,0.0
422,1788869290.3125024,lr/backbone.decay,0.0
422,1788869290.3125024,lr/backbone.no_decay,0.0
422,1788869290.3125024,lr/detect_head.decay,2.3056155507559396e-05
422,1788869290.3125024,lr/detect_head.no_decay,2.3056155507559396e-05
422,1788869290.3125024,lr/masf.decay,0.0
422,1788869290.3125024,lr/masf.no_decay,0.0
422,1788869290.3125024,lr/neck.decay,9.222462203023758e-06
422,1788869290.3125024,lr/neck.no_decay,9.222462203023758e-06
422,1788869290.3125024,lr/pose_head.decay,2.3056155507559396e-05
422,1788869290.3125024,lr/pose_head.no_decay,2.3056155507559396e-05
422,1788869290.3125024,pose/component_0,0.7094165682792664
422,1788869290.3125024,pose/component_1,0.014669761061668396
422,1788869290.3125024,pose/component_2,0.0027859683614224195
422,1788869290.3125024,pose/component_3,0.37433332204818726
422,1788869290.3125024,pose/component_4,0.0014946628361940384
422,1788869290.3125024,pose/component_5,0.0
423,1788869291.475788,amp/overflow_retries,0.0
423,1788869291.475788,amp/scale,512.0
423,1788869291.475788,detect/component_0,1.1081814765930176
423,1788869291.475788,detect/component_1,0.991722047328949
423,1788869291.475788,detect/component_2,0.006209641695022583
423,1788869291.475788,gradient/clipped_norm,134.3353729248047
423,1788869291.475788,images/detect,256.0
423,1788869291.475788,images/pose,16.0
423,1788869291.475788,loss/backward,108.79871826171875
423,1788869291.475788,loss/detect_mean,1.8585492968559265
423,1788869291.475788,loss/joint_mean,1.6999799728393554
423,1788869291.475788,loss/pose_mean,1.0657026767730713
423,1788869291.475788,lr/attention.decay,0.0
423,1788869291.475788,lr/attention.no_decay,0.0
423,1788869291.475788,lr/backbone.decay,0.0
423,1788869291.475788,lr/backbone.no_decay,0.0
423,1788869291.475788,lr/detect_head.decay,2.310475161987041e-05
423,1788869291.475788,lr/detect_head.no_decay,2.310475161987041e-05
423,1788869291.475788,lr/masf.decay,0.0
423,1788869291.475788,lr/masf.no_decay,0.0
423,1788869291.475788,lr/neck.decay,9.241900647948163e-06
423,1788869291.475788,lr/neck.no_decay,9.241900647948163e-06
423,1788869291.475788,lr/pose_head.decay,2.310475161987041e-05
423,1788869291.475788,lr/pose_head.no_decay,2.310475161987041e-05
423,1788869291.475788,pose/component_0,0.7022161483764648
423,1788869291.475788,pose/component_1,0.008799990639090538
423,1788869291.475788,pose/component_2,0.03255349397659302
423,1788869291.475788,pose/component_3,0.5158746242523193
423,1788869291.475788,pose/component_4,0.002428636886179447
423,1788869291.475788,pose/component_5,0.0
424,1788869292.6618435,amp/overflow_retries,0.0
424,1788869292.6618435,amp/scale,512.0
424,1788869292.6618435,detect/component_0,1.0584436655044556
424,1788869292.6618435,detect/component_1,0.9055918455123901
424,1788869292.6618435,detect/component_2,0.006192305590957403
424,1788869292.6618435,gradient/clipped_norm,119.58602905273438
424,1788869292.6618435,images/detect,256.0
424,1788869292.6618435,images/pose,16.0
424,1788869292.6618435,loss/backward,101.81230926513672
424,1788869292.6618435,loss/detect_mean,1.752325102686882
424,1788869292.6618435,loss/joint_mean,1.5908173322677612
424,1788869292.6618435,loss/pose_mean,0.9447862505912781
424,1788869292.6618435,lr/attention.decay,0.0
424,1788869292.6618435,lr/attention.no_decay,0.0
424,1788869292.6618435,lr/backbone.decay,0.0
424,1788869292.6618435,lr/backbone.no_decay,0.0
424,1788869292.6618435,lr/detect_head.decay,2.315334773218143e-05
424,1788869292.6618435,lr/detect_head.no_decay,2.315334773218143e-05
424,1788869292.6618435,lr/masf.decay,0.0
424,1788869292.6618435,lr/masf.no_decay,0.0
424,1788869292.6618435,lr/neck.decay,9.26133909287257e-06
424,1788869292.6618435,lr/neck.no_decay,9.26133909287257e-06
424,1788869292.6618435,lr/pose_head.decay,2.315334773218143e-05
424,1788869292.6618435,lr/pose_head.no_decay,2.315334773218143e-05
424,1788869292.6618435,pose/component_0,0.5379016399383545
424,1788869292.6618435,pose/component_1,0.008668631315231323
424,1788869292.6618435,pose/component_2,0.12888853251934052
424,1788869292.6618435,pose/component_3,0.31702619791030884
424,1788869292.6618435,pose/component_4,0.0032750354148447514
424,1788869292.6618435,pose/component_5,0.0
425,1788869293.8321383,amp/overflow_retries,0.0
425,1788869293.8321383,amp/scale,512.0
425,1788869293.8321383,detect/component_0,1.110290765762329
425,1788869293.8321383,detect/component_1,0.952920138835907
425,1788869293.8321383,detect/component_2,0.006316592451184988
425,1788869293.8321383,gradient/clipped_norm,134.8629608154297
425,1788869293.8321383,images/detect,256.0
425,1788869293.8321383,images/pose,16.0
425,1788869293.8321383,loss/backward,106.59321746826171
425,1788869293.8321383,loss/detect_mean,1.817885547876358
425,1788869293.8321383,loss/joint_mean,1.6655190229415893
425,1788869293.8321383,loss/pose_mean,1.0560529232025146
425,1788869293.8321383,lr/attention.decay,0.0
425,1788869293.8321383,lr/attention.no_decay,0.0
425,1788869293.8321383,lr/backbone.decay,0.0
425,1788869293.8321383,lr/backbone.no_decay,0.0
425,1788869293.8321383,lr/detect_head.decay,2.320194384449244e-05
425,1788869293.8321383,lr/detect_head.no_decay,2.320194384449244e-05
425,1788869293.8321383,lr/masf.decay,0.0
425,1788869293.8321383,lr/masf.no_decay,0.0
425,1788869293.8321383,lr/neck.decay,9.280777537796976e-06
425,1788869293.8321383,lr/neck.no_decay,9.280777537796976e-06
425,1788869293.8321383,lr/pose_head.decay,2.320194384449244e-05
425,1788869293.8321383,lr/pose_head.no_decay,2.320194384449244e-05
425,1788869293.8321383,pose/component_0,0.7827358841896057
425,1788869293.8321383,pose/component_1,0.020148292183876038
425,1788869293.8321383,pose/component_2,0.014351194724440575
425,1788869293.8321383,pose/component_3,0.24782800674438477
425,1788869293.8321383,pose/component_4,0.0029892027378082275
425,1788869293.8321383,pose/component_5,0.0
426,1788869295.0003898,amp/overflow_retries,0.0
426,1788869295.0003898,amp/scale,512.0
426,1788869295.0003898,detect/component_0,1.0369490385055542
426,1788869295.0003898,detect/component_1,0.9522336721420288
426,1788869295.0003898,detect/component_2,0.006215233355760574
426,1788869295.0003898,gradient/clipped_norm,133.2294464111328
426,1788869295.0003898,images/detect,256.0
426,1788869295.0003898,images/pose,16.0
426,1788869295.0003898,loss/backward,99.83814315795898
426,1788869295.0003898,loss/detect_mean,1.771076813340187
426,1788869295.0003898,loss/joint_mean,1.559970986843109
426,1788869295.0003898,loss/pose_mean,0.7155476808547974
426,1788869295.0003898,lr/attention.decay,0.0
426,1788869295.0003898,lr/attention.no_decay,0.0
426,1788869295.0003898,lr/backbone.decay,0.0
426,1788869295.0003898,lr/backbone.no_decay,0.0
426,1788869295.0003898,lr/detect_head.decay,2.3250539956803457e-05
426,1788869295.0003898,lr/detect_head.no_decay,2.3250539956803457e-05
426,1788869295.0003898,lr/masf.decay,0.0
426,1788869295.0003898,lr/masf.no_decay,0.0
426,1788869295.0003898,lr/neck.decay,9.300215982721383e-06
426,1788869295.0003898,lr/neck.no_decay,9.300215982721383e-06
426,1788869295.0003898,lr/pose_head.decay,2.3250539956803457e-05
426,1788869295.0003898,lr/pose_head.no_decay,2.3250539956803457e-05
426,1788869295.0003898,pose/component_0,0.5021069645881653
426,1788869295.0003898,pose/component_1,0.010908025316894054
426,1788869295.0003898,pose/component_2,0.001124133006669581
426,1788869295.0003898,pose/component_3,0.186189666390419
426,1788869295.0003898,pose/component_4,0.0014181671431288123
426,1788869295.0003898,pose/component_5,0.0
427,1788869296.168064,amp/overflow_retries,0.0
427,1788869296.168064,amp/scale,512.0
427,1788869296.168064,detect/component_0,1.0119531154632568
427,1788869296.168064,detect/component_1,0.9232924580574036
427,1788869296.168064,detect/component_2,0.006443730555474758
427,1788869296.168064,gradient/clipped_norm,154.8856658935547
427,1788869296.168064,images/detect,256.0
427,1788869296.168064,images/pose,16.0
427,1788869296.168064,loss/backward,102.2951171875
427,1788869296.168064,loss/detect_mean,1.7570448964834213
427,1788869296.168064,loss/joint_mean,1.5983612060546875
427,1788869296.168064,loss/pose_mean,0.9636264443397522
427,1788869296.168064,lr/attention.decay,0.0
427,1788869296.168064,lr/attention.no_decay,0.0
427,1788869296.168064,lr/backbone.decay,0.0
427,1788869296.168064,lr/backbone.no_decay,0.0
427,1788869296.168064,lr/detect_head.decay,2.329913606911447e-05
427,1788869296.168064,lr/detect_head.no_decay,2.329913606911447e-05
427,1788869296.168064,lr/masf.decay,0.0
427,1788869296.168064,lr/masf.no_decay,0.0
427,1788869296.168064,lr/neck.decay,9.319654427645789e-06
427,1788869296.168064,lr/neck.no_decay,9.319654427645789e-06
427,1788869296.168064,lr/pose_head.decay,2.329913606911447e-05
427,1788869296.168064,lr/pose_head.no_decay,2.329913606911447e-05
427,1788869296.168064,pose/component_0,0.7683616876602173
427,1788869296.168064,pose/component_1,0.009697813540697098
427,1788869296.168064,pose/component_2,0.001207042601890862
427,1788869296.168064,pose/component_3,0.24363261461257935
427,1788869296.168064,pose/component_4,0.0017905787099152803
427,1788869296.168064,pose/component_5,0.0
428,1788869297.3453825,amp/overflow_retries,0.0
428,1788869297.3453825,amp/scale,512.0
428,1788869297.3453825,detect/component_0,1.036968469619751
428,1788869297.3453825,detect/component_1,0.9309018850326538
428,1788869297.3453825,detect/component_2,0.00625429954379797
428,1788869297.3453825,gradient/clipped_norm,112.91403198242188
428,1788869297.3453825,images/detect,256.0
428,1788869297.3453825,images/pose,16.0
428,1788869297.3453825,loss/backward,100.69628524780273
428,1788869297.3453825,loss/detect_mean,1.7822213470935822
428,1788869297.3453825,loss/joint_mean,1.5733794569969177
428,1788869297.3453825,loss/pose_mean,0.73801189661026
428,1788869297.3453825,lr/attention.decay,0.0
428,1788869297.3453825,lr/attention.no_decay,0.0
428,1788869297.3453825,lr/backbone.decay,0.0
428,1788869297.3453825,lr/backbone.no_decay,0.0
428,1788869297.3453825,lr/detect_head.decay,2.334773218142549e-05
428,1788869297.3453825,lr/detect_head.no_decay,2.334773218142549e-05
428,1788869297.3453825,lr/masf.decay,0.0
428,1788869297.3453825,lr/masf.no_decay,0.0
428,1788869297.3453825,lr/neck.decay,9.339092872570196e-06
428,1788869297.3453825,lr/neck.no_decay,9.339092872570196e-06
428,1788869297.3453825,lr/pose_head.decay,2.334773218142549e-05
428,1788869297.3453825,lr/pose_head.no_decay,2.334773218142549e-05
428,1788869297.3453825,pose/component_0,0.5746257901191711
428,1788869297.3453825,pose/component_1,0.004323363304138184
428,1788869297.3453825,pose/component_2,0.0217237900942564
428,1788869297.3453825,pose/component_3,0.17539572715759277
428,1788869297.3453825,pose/component_4,0.001919151982292533
428,1788869297.3453825,pose/component_5,0.0
429,1788869298.533826,amp/overflow_retries,0.0
429,1788869298.533826,amp/scale,512.0
429,1788869298.533826,detect/component_0,1.0227346420288086
429,1788869298.533826,detect/component_1,0.9136680364608765
429,1788869298.533826,detect/component_2,0.006647862493991852
429,1788869298.533826,gradient/clipped_norm,152.86497497558594
429,1788869298.533826,images/detect,256.0
429,1788869298.533826,images/pose,16.0
429,1788869298.533826,loss/backward,100.29440231323242
429,1788869298.533826,loss/detect_mean,1.7382481843233109
429,1788869298.533826,loss/joint_mean,1.5671000361442566
429,1788869298.533826,loss/pose_mean,0.8825074434280396
429,1788869298.533826,lr/attention.decay,0.0
429,1788869298.533826,lr/attention.no_decay,0.0
429,1788869298.533826,lr/backbone.decay,0.0
429,1788869298.533826,lr/backbone.no_decay,0.0
429,1788869298.533826,lr/detect_head.decay,2.3396328293736503e-05
429,1788869298.533826,lr/detect_head.no_decay,2.3396328293736503e-05
429,1788869298.533826,lr/masf.decay,0.0
429,1788869298.533826,lr/masf.no_decay,0.0
429,1788869298.533826,lr/neck.decay,9.358531317494601e-06
429,1788869298.533826,lr/neck.no_decay,9.358531317494601e-06
429,1788869298.533826,lr/pose_head.decay,2.3396328293736503e-05
429,1788869298.533826,lr/pose_head.no_decay,2.3396328293736503e-05
429,1788869298.533826,pose/component_0,0.6740865111351013
429,1788869298.533826,pose/component_1,0.010709380730986595
429,1788869298.533826,pose/component_2,0.0014533324865624309
429,1788869298.533826,pose/component_3,0.2205680012702942
429,1788869298.533826,pose/component_4,0.0015098985750228167
429,1788869298.533826,pose/component_5,0.0
430,1788869299.7170768,amp/overflow_retries,0.0
430,1788869299.7170768,amp/scale,512.0
430,1788869299.7170768,detect/component_0,1.0386972427368164
430,1788869299.7170768,detect/component_1,0.9552932977676392
430,1788869299.7170768,detect/component_2,0.006534192245453596
430,1788869299.7170768,gradient/clipped_norm,143.49533081054688
430,1788869299.7170768,images/detect,256.0
430,1788869299.7170768,images/pose,16.0
430,1788869299.7170768,loss/backward,99.99916076660156
430,1788869299.7170768,loss/detect_mean,1.780629277229309
430,1788869299.7170768,loss/joint_mean,1.5624868869781494
430,1788869299.7170768,loss/pose_mean,0.6899173259735107
430,1788869299.7170768,lr/attention.decay,0.0
430,1788869299.7170768,lr/attention.no_decay,0.0
430,1788869299.7170768,lr/backbone.decay,0.0
430,1788869299.7170768,lr/backbone.no_decay,0.0
430,1788869299.7170768,lr/detect_head.decay,2.344492440604752e-05
430,1788869299.7170768,lr/detect_head.no_decay,2.344492440604752e-05
430,1788869299.7170768,lr/masf.decay,0.0
430,1788869299.7170768,lr/masf.no_decay,0.0
430,1788869299.7170768,lr/neck.decay,9.377969762419009e-06
430,1788869299.7170768,lr/neck.no_decay,9.377969762419009e-06
430,1788869299.7170768,lr/pose_head.decay,2.344492440604752e-05
430,1788869299.7170768,lr/pose_head.no_decay,2.344492440604752e-05
430,1788869299.7170768,pose/component_0,0.5085160136222839
430,1788869299.7170768,pose/component_1,0.0059621334075927734
430,1788869299.7170768,pose/component_2,0.0011550947092473507
430,1788869299.7170768,pose/component_3,0.14213649928569794
430,1788869299.7170768,pose/component_4,0.001529682893306017
430,1788869299.7170768,pose/component_5,0.0
431,1788869300.8848038,amp/overflow_retries,0.0
431,1788869300.8848038,amp/scale,512.0
431,1788869300.8848038,detect/component_0,1.0866241455078125
431,1788869300.8848038,detect/component_1,0.9696921706199646
431,1788869300.8848038,detect/component_2,0.006348893512040377
431,1788869300.8848038,gradient/clipped_norm,141.14764404296875
431,1788869300.8848038,images/detect,256.0
431,1788869300.8848038,images/pose,16.0
431,1788869300.8848038,loss/backward,108.71205596923828
431,1788869300.8848038,loss/detect_mean,1.8486909568309784
431,1788869300.8848038,loss/joint_mean,1.698625874519348
431,1788869300.8848038,loss/pose_mean,1.0983655452728271
431,1788869300.8848038,lr/attention.decay,0.0
431,1788869300.8848038,lr/attention.no_decay,0.0
431,1788869300.8848038,lr/backbone.decay,0.0
431,1788869300.8848038,lr/backbone.no_decay,0.0
431,1788869300.8848038,lr/detect_head.decay,2.3493520518358532e-05
431,1788869300.8848038,lr/detect_head.no_decay,2.3493520518358532e-05
431,1788869300.8848038,lr/masf.decay,0.0
431,1788869300.8848038,lr/masf.no_decay,0.0
431,1788869300.8848038,lr/neck.decay,9.397408207343414e-06
431,1788869300.8848038,lr/neck.no_decay,9.397408207343414e-06
431,1788869300.8848038,lr/pose_head.decay,2.3493520518358532e-05
431,1788869300.8848038,lr/pose_head.no_decay,2.3493520518358532e-05
431,1788869300.8848038,pose/component_0,0.8517256379127502
431,1788869300.8848038,pose/component_1,0.026565376669168472
431,1788869300.8848038,pose/component_2,0.041810356080532074
431,1788869300.8848038,pose/component_3,0.32272404432296753
431,1788869300.8848038,pose/component_4,0.0018548187799751759
431,1788869300.8848038,pose/component_5,0.0
432,1788869302.052521,amp/overflow_retries,0.0
432,1788869302.052521,amp/scale,512.0
432,1788869302.052521,detect/component_0,1.0087406635284424
432,1788869302.052521,detect/component_1,0.9258942008018494
432,1788869302.052521,detect/component_2,0.006187815219163895
432,1788869302.052521,gradient/clipped_norm,141.52285766601562
432,1788869302.052521,images/detect,256.0
432,1788869302.052521,images/pose,16.0
432,1788869302.052521,loss/backward,99.60153579711914
432,1788869302.052521,loss/detect_mean,1.7434424310922623
432,1788869302.052521,loss/joint_mean,1.5562739968299866
432,1788869302.052521,loss/pose_mean,0.8076002597808838
432,1788869302.052521,lr/attention.decay,0.0
432,1788869302.052521,lr/attention.no_decay,0.0
432,1788869302.052521,lr/backbone.decay,0.0
432,1788869302.052521,lr/backbone.no_decay,0.0
432,1788869302.052521,lr/detect_head.decay,2.3542116630669548e-05
432,1788869302.052521,lr/detect_head.no_decay,2.3542116630669548e-05
432,1788869302.052521,lr/masf.decay,0.0
432,1788869302.052521,lr/masf.no_decay,0.0
432,1788869302.052521,lr/neck.decay,9.41684665226782e-06
432,1788869302.052521,lr/neck.no_decay,9.41684665226782e-06
432,1788869302.052521,lr/pose_head.decay,2.3542116630669548e-05
432,1788869302.052521,lr/pose_head.no_decay,2.3542116630669548e-05
432,1788869302.052521,pose/component_0,0.5768348574638367
432,1788869302.052521,pose/component_1,0.015410229563713074
432,1788869302.052521,pose/component_2,0.0007365396595560014
432,1788869302.052521,pose/component_3,0.23821330070495605
432,1788869302.052521,pose/component_4,0.0014580534771084785
432,1788869302.052521,pose/component_5,0.0
433,1788869303.2274568,amp/overflow_retries,0.0
433,1788869303.2274568,amp/scale,512.0
433,1788869303.2274568,detect/component_0,1.084520936012268
433,1788869303.2274568,detect/component_1,0.9798818230628967
433,1788869303.2274568,detect/component_2,0.006294597405940294
433,1788869303.2274568,gradient/clipped_norm,140.26638793945312
433,1788869303.2274568,images/detect,256.0
433,1788869303.2274568,images/pose,16.0
433,1788869303.2274568,loss/backward,102.4032096862793
433,1788869303.2274568,loss/detect_mean,1.8311380743980408
433,1788869303.2274568,loss/joint_mean,1.600050151348114
433,1788869303.2274568,loss/pose_mean,0.675698459148407
433,1788869303.2274568,lr/attention.decay,0.0
433,1788869303.2274568,lr/attention.no_decay,0.0
433,1788869303.2274568,lr/backbone.decay,0.0
433,1788869303.2274568,lr/backbone.no_decay,0.0
433,1788869303.2274568,lr/detect_head.decay,2.359071274298056e-05
433,1788869303.2274568,lr/detect_head.no_decay,2.359071274298056e-05
433,1788869303.2274568,lr/masf.decay,0.0
433,1788869303.2274568,lr/masf.no_decay,0.0
433,1788869303.2274568,lr/neck.decay,9.436285097192225e-06
433,1788869303.2274568,lr/neck.no_decay,9.436285097192225e-06
433,1788869303.2274568,lr/pose_head.decay,2.359071274298056e-05
433,1788869303.2274568,lr/pose_head.no_decay,2.359071274298056e-05
433,1788869303.2274568,pose/component_0,0.42526713013648987
433,1788869303.2274568,pose/component_1,0.0061228713020682335
433,1788869303.2274568,pose/component_2,0.008287796750664711
433,1788869303.2274568,pose/component_3,0.1829233467578888
433,1788869303.2274568,pose/component_4,0.0015616060700267553
433,1788869303.2274568,pose/component_5,0.0
434,1788869304.392537,amp/overflow_retries,0.0
434,1788869304.392537,amp/scale,512.0
434,1788869304.392537,detect/component_0,1.0660135746002197
434,1788869304.392537,detect/component_1,0.9404736757278442
434,1788869304.392537,detect/component_2,0.005962146446108818
434,1788869304.392537,gradient/clipped_norm,148.8029022216797
434,1788869304.392537,images/detect,256.0
434,1788869304.392537,images/pose,16.0
434,1788869304.392537,loss/backward,104.56599731445313
434,1788869304.392537,loss/detect_mean,1.7866905629634857
434,1788869304.392537,loss/joint_mean,1.6338437080383301
434,1788869304.392537,loss/pose_mean,1.0224562883377075
434,1788869304.392537,lr/attention.decay,0.0
434,1788869304.392537,lr/attention.no_decay,0.0
434,1788869304.392537,lr/backbone.decay,0.0
434,1788869304.392537,lr/backbone.no_decay,0.0
434,1788869304.392537,lr/detect_head.decay,2.3639308855291577e-05
434,1788869304.392537,lr/detect_head.no_decay,2.3639308855291577e-05
434,1788869304.392537,lr/masf.decay,0.0
434,1788869304.392537,lr/masf.no_decay,0.0
434,1788869304.392537,lr/neck.decay,9.455723542116632e-06
434,1788869304.392537,lr/neck.no_decay,9.455723542116632e-06
434,1788869304.392537,lr/pose_head.decay,2.3639308855291577e-05
434,1788869304.392537,lr/pose_head.no_decay,2.3639308855291577e-05
434,1788869304.392537,pose/component_0,0.7079517245292664
434,1788869304.392537,pose/component_1,0.011188901029527187
434,1788869304.392537,pose/component_2,0.03297379985451698
434,1788869304.392537,pose/component_3,0.3572455644607544
434,1788869304.392537,pose/component_4,0.0020843283273279667
434,1788869304.392537,pose/component_5,0.0
435,1788869305.5669866,amp/overflow_retries,0.0
435,1788869305.5669866,amp/scale,512.0
435,1788869305.5669866,detect/component_0,1.0602970123291016
435,1788869305.5669866,detect/component_1,0.9704172611236572
435,1788869305.5669866,detect/component_2,0.006585446186363697
435,1788869305.5669866,gradient/clipped_norm,132.05799865722656
435,1788869305.5669866,images/detect,256.0
435,1788869305.5669866,images/pose,16.0
435,1788869305.5669866,loss/backward,104.97153091430664
435,1788869305.5669866,loss/detect_mean,1.8184808939695358
435,1788869305.5669866,loss/joint_mean,1.6401801705360413
435,1788869305.5669866,loss/pose_mean,0.926977276802063
435,1788869305.5669866,lr/attention.decay,0.0
435,1788869305.5669866,lr/attention.no_decay,0.0
435,1788869305.5669866,lr/backbone.decay,0.0
435,1788869305.5669866,lr/backbone.no_decay,0.0
435,1788869305.5669866,lr/detect_head.decay,2.3687904967602593e-05
435,1788869305.5669866,lr/detect_head.no_decay,2.3687904967602593e-05
435,1788869305.5669866,lr/masf.decay,0.0
435,1788869305.5669866,lr/masf.no_decay,0.0
435,1788869305.5669866,lr/neck.decay,9.475161987041038e-06
435,1788869305.5669866,lr/neck.no_decay,9.475161987041038e-06
435,1788869305.5669866,lr/pose_head.decay,2.3687904967602593e-05
435,1788869305.5669866,lr/pose_head.no_decay,2.3687904967602593e-05
435,1788869305.5669866,pose/component_0,0.6812379956245422
435,1788869305.5669866,pose/component_1,0.01029207557439804
435,1788869305.5669866,pose/component_2,0.0007887784158810973
435,1788869305.5669866,pose/component_3,0.23138055205345154
435,1788869305.5669866,pose/component_4,0.0018350481986999512
435,1788869305.5669866,pose/component_5,0.0
436,1788869306.7523475,amp/overflow_retries,0.0
436,1788869306.7523475,amp/scale,512.0
436,1788869306.7523475,detect/component_0,1.0744125843048096
436,1788869306.7523475,detect/component_1,0.9113674759864807
436,1788869306.7523475,detect/component_2,0.006484794896095991
436,1788869306.7523475,gradient/clipped_norm,133.39515686035156
436,1788869306.7523475,images/detect,256.0
436,1788869306.7523475,images/pose,16.0
436,1788869306.7523475,loss/backward,103.53697509765625
436,1788869306.7523475,loss/detect_mean,1.7730656564235687
436,1788869306.7523475,loss/joint_mean,1.617765235900879
436,1788869306.7523475,loss/pose_mean,0.9965635538101196
436,1788869306.7523475,lr/attention.decay,0.0
436,1788869306.7523475,lr/attention.no_decay,0.0
436,1788869306.7523475,lr/backbone.decay,0.0
436,1788869306.7523475,lr/backbone.no_decay,0.0
436,1788869306.7523475,lr/detect_head.decay,2.373650107991361e-05
436,1788869306.7523475,lr/detect_head.no_decay,2.373650107991361e-05
436,1788869306.7523475,lr/masf.decay,0.0
436,1788869306.7523475,lr/masf.no_decay,0.0
436,1788869306.7523475,lr/neck.decay,9.494600431965443e-06
436,1788869306.7523475,lr/neck.no_decay,9.494600431965443e-06
436,1788869306.7523475,lr/pose_head.decay,2.373650107991361e-05
436,1788869306.7523475,lr/pose_head.no_decay,2.373650107991361e-05
436,1788869306.7523475,pose/component_0,0.6871736645698547
436,1788869306.7523475,pose/component_1,0.019937168806791306
436,1788869306.7523475,pose/component_2,0.0020014168694615364
436,1788869306.7523475,pose/component_3,0.25388678908348083
436,1788869306.7523475,pose/component_4,0.0023294477723538876
436,1788869306.7523475,pose/component_5,0.0
437,1788869307.9201088,amp/overflow_retries,0.0
437,1788869307.9201088,amp/scale,512.0
437,1788869307.9201088,detect/component_0,1.0687408447265625
437,1788869307.9201088,detect/component_1,0.9552658796310425
437,1788869307.9201088,detect/component_2,0.006983024999499321
437,1788869307.9201088,gradient/clipped_norm,133.56820678710938
437,1788869307.9201088,images/detect,256.0
437,1788869307.9201088,images/pose,16.0
437,1788869307.9201088,loss/backward,108.71068420410157
437,1788869307.9201088,loss/detect_mean,1.8240672051906586
437,1788869307.9201088,loss/joint_mean,1.698604440689087
437,1788869307.9201088,loss/pose_mean,1.1967533826828003
437,1788869307.9201088,lr/attention.decay,0.0
437,1788869307.9201088,lr/attention.no_decay,0.0
437,1788869307.9201088,lr/backbone.decay,0.0
437,1788869307.9201088,lr/backbone.no_decay,0.0
437,1788869307.9201088,lr/detect_head.decay,2.3785097192224622e-05
437,1788869307.9201088,lr/detect_head.no_decay,2.3785097192224622e-05
437,1788869307.9201088,lr/masf.decay,0.0
437,1788869307.9201088,lr/masf.no_decay,0.0
437,1788869307.9201088,lr/neck.decay,9.51403887688985e-06
437,1788869307.9201088,lr/neck.no_decay,9.51403887688985e-06
437,1788869307.9201088,lr/pose_head.decay,2.3785097192224622e-05
437,1788869307.9201088,lr/pose_head.no_decay,2.3785097192224622e-05
437,1788869307.9201088,pose/component_0,0.9374417066574097
437,1788869307.9201088,pose/component_1,0.015523355454206467
437,1788869307.9201088,pose/component_2,0.004107901360839605
437,1788869307.9201088,pose/component_3,0.24690790474414825
437,1788869307.9201088,pose/component_4,0.0026641853619366884
437,1788869307.9201088,pose/component_5,0.0
438,1788869309.0900676,amp/overflow_retries,0.0
438,1788869309.0900676,amp/scale,512.0
438,1788869309.0900676,detect/component_0,1.0930756330490112
438,1788869309.0900676,detect/component_1,0.9390475749969482
438,1788869309.0900676,detect/component_2,0.006509426049888134
438,1788869309.0900676,gradient/clipped_norm,148.97824096679688
438,1788869309.0900676,images/detect,256.0
438,1788869309.0900676,images/pose,16.0
438,1788869309.0900676,loss/backward,105.2240493774414
438,1788869309.0900676,loss/detect_mean,1.8007539808750153
438,1788869309.0900676,loss/joint_mean,1.644125771522522
438,1788869309.0900676,loss/pose_mean,1.0176129341125488
438,1788869309.0900676,lr/attention.decay,0.0
438,1788869309.0900676,lr/attention.no_decay,0.0
438,1788869309.0900676,lr/backbone.decay,0.0
438,1788869309.0900676,lr/backbone.no_decay,0.0
438,1788869309.0900676,lr/detect_head.decay,2.383369330453564e-05
438,1788869309.0900676,lr/detect_head.no_decay,2.383369330453564e-05
438,1788869309.0900676,lr/masf.decay,0.0
438,1788869309.0900676,lr/masf.no_decay,0.0
438,1788869309.0900676,lr/neck.decay,9.533477321814256e-06
438,1788869309.0900676,lr/neck.no_decay,9.533477321814256e-06
438,1788869309.0900676,lr/pose_head.decay,2.383369330453564e-05
438,1788869309.0900676,lr/pose_head.no_decay,2.383369330453564e-05
438,1788869309.0900676,pose/component_0,0.7467578649520874
438,1788869309.0900676,pose/component_1,0.01641421765089035
438,1788869309.0900676,pose/component_2,0.005882811266928911
438,1788869309.0900676,pose/component_3,0.3361157178878784
438,1788869309.0900676,pose/component_4,0.0022720249835401773
438,1788869309.0900676,pose/component_5,0.0
439,1788869310.2651994,amp/overflow_retries,0.0
439,1788869310.2651994,amp/scale,512.0
439,1788869310.2651994,detect/component_0,1.0460067987442017
439,1788869310.2651994,detect/component_1,0.9245463609695435
439,1788869310.2651994,detect/component_2,0.006216269917786121
439,1788869310.2651994,gradient/clipped_norm,165.66943359375
439,1788869310.2651994,images/detect,256.0
439,1788869310.2651994,images/pose,16.0
439,1788869310.2651994,loss/backward,104.6261375427246
439,1788869310.2651994,loss/detect_mean,1.763342246413231
439,1788869310.2651994,loss/joint_mean,1.634783399105072
439,1788869310.2651994,loss/pose_mean,1.1205480098724365
439,1788869310.2651994,lr/attention.decay,0.0
439,1788869310.2651994,lr/attention.no_decay,0.0
439,1788869310.2651994,lr/backbone.decay,0.0
439,1788869310.2651994,lr/backbone.no_decay,0.0
439,1788869310.2651994,lr/detect_head.decay,2.3882289416846655e-05
439,1788869310.2651994,lr/detect_head.no_decay,2.3882289416846655e-05
439,1788869310.2651994,lr/masf.decay,0.0
439,1788869310.2651994,lr/masf.no_decay,0.0
439,1788869310.2651994,lr/neck.decay,9.552915766738661e-06
439,1788869310.2651994,lr/neck.no_decay,9.552915766738661e-06
439,1788869310.2651994,lr/pose_head.decay,2.3882289416846655e-05
439,1788869310.2651994,lr/pose_head.no_decay,2.3882289416846655e-05
439,1788869310.2651994,pose/component_0,0.8063963055610657
439,1788869310.2651994,pose/component_1,0.030824679881334305
439,1788869310.2651994,pose/component_2,0.0016826980281621218
439,1788869310.2651994,pose/component_3,0.26631301641464233
439,1788869310.2651994,pose/component_4,0.0018610056722536683
439,1788869310.2651994,pose/component_5,0.0
440,1788869311.4295733,amp/overflow_retries,0.0
440,1788869311.4295733,amp/scale,512.0
440,1788869311.4295733,detect/component_0,1.1201319694519043
440,1788869311.4295733,detect/component_1,0.9979457855224609
440,1788869311.4295733,detect/component_2,0.006099361926317215
440,1788869311.4295733,gradient/clipped_norm,139.292724609375
440,1788869311.4295733,images/detect,256.0
440,1788869311.4295733,images/pose,16.0
440,1788869311.4295733,loss/backward,108.88262481689453
440,1788869311.4295733,loss/detect_mean,1.8675661981105804
440,1788869311.4295733,loss/joint_mean,1.701291012763977
440,1788869311.4295733,loss/pose_mean,1.0361902713775635
440,1788869311.4295733,lr/attention.decay,0.0
440,1788869311.4295733,lr/attention.no_decay,0.0
440,1788869311.4295733,lr/backbone.decay,0.0
440,1788869311.4295733,lr/backbone.no_decay,0.0
440,1788869311.4295733,lr/detect_head.decay,2.393088552915767e-05
440,1788869311.4295733,lr/detect_head.no_decay,2.393088552915767e-05
440,1788869311.4295733,lr/masf.decay,0.0
440,1788869311.4295733,lr/masf.no_decay,0.0
440,1788869311.4295733,lr/neck.decay,9.572354211663068e-06
440,1788869311.4295733,lr/neck.no_decay,9.572354211663068e-06
440,1788869311.4295733,lr/pose_head.decay,2.393088552915767e-05
440,1788869311.4295733,lr/pose_head.no_decay,2.393088552915767e-05
440,1788869311.4295733,pose/component_0,0.7440568208694458
440,1788869311.4295733,pose/component_1,0.016451768577098846
440,1788869311.4295733,pose/component_2,0.04452544078230858
440,1788869311.4295733,pose/component_3,0.27923858165740967
440,1788869311.4295733,pose/component_4,0.0019397358410060406
440,1788869311.4295733,pose/component_5,0.0
441,1788869312.5974183,amp/overflow_retries,0.0
441,1788869312.5974183,amp/scale,512.0
441,1788869312.5974183,detect/component_0,1.0926834344863892
441,1788869312.5974183,detect/component_1,1.0154117345809937
441,1788869312.5974183,detect/component_2,0.006665465421974659
441,1788869312.5974183,gradient/clipped_norm,133.89126586914062
441,1788869312.5974183,images/detect,256.0
441,1788869312.5974183,images/pose,16.0
441,1788869312.5974183,loss/backward,108.90675354003906
441,1788869312.5974183,loss/detect_mean,1.8875374495983124
441,1788869312.5974183,loss/joint_mean,1.7016680240631104
441,1788869312.5974183,loss/pose_mean,0.9581903219223022
441,1788869312.5974183,lr/attention.decay,0.0
441,1788869312.5974183,lr/attention.no_decay,0.0
441,1788869312.5974183,lr/backbone.decay,0.0
441,1788869312.5974183,lr/backbone.no_decay,0.0
441,1788869312.5974183,lr/detect_head.decay,2.397948164146868e-05
441,1788869312.5974183,lr/detect_head.no_decay,2.397948164146868e-05
441,1788869312.5974183,lr/masf.decay,0.0
441,1788869312.5974183,lr/masf.no_decay,0.0
441,1788869312.5974183,lr/neck.decay,9.591792656587472e-06
441,1788869312.5974183,lr/neck.no_decay,9.591792656587472e-06
441,1788869312.5974183,lr/pose_head.decay,2.397948164146868e-05
441,1788869312.5974183,lr/pose_head.no_decay,2.397948164146868e-05
441,1788869312.5974183,pose/component_0,0.679753303527832
441,1788869312.5974183,pose/component_1,0.01199805736541748
441,1788869312.5974183,pose/component_2,0.011576619930565357
441,1788869312.5974183,pose/component_3,0.29583895206451416
441,1788869312.5974183,pose/component_4,0.0016897235764190555
441,1788869312.5974183,pose/component_5,0.0
442,1788869314.0588584,amp/overflow_retries,0.0
442,1788869314.0588584,amp/scale,512.0
442,1788869314.0588584,detect/component_0,1.0332622528076172
442,1788869314.0588584,detect/component_1,0.9466898441314697
442,1788869314.0588584,detect/component_2,0.006491333711892366
442,1788869314.0588584,gradient/clipped_norm,136.29147338867188
442,1788869314.0588584,images/detect,256.0
442,1788869314.0588584,images/pose,16.0
442,1788869314.0588584,loss/backward,100.76406555175781
442,1788869314.0588584,loss/detect_mean,1.7623196244239807
442,1788869314.0588584,loss/joint_mean,1.5744385242462158
442,1788869314.0588584,loss/pose_mean,0.8229141235351562
442,1788869314.0588584,lr/attention.decay,0.0
442,1788869314.0588584,lr/attention.no_decay,0.0
442,1788869314.0588584,lr/backbone.decay,0.0
442,1788869314.0588584,lr/backbone.no_decay,0.0
442,1788869314.0588584,lr/detect_head.decay,2.40280777537797e-05
442,1788869314.0588584,lr/detect_head.no_decay,2.40280777537797e-05
442,1788869314.0588584,lr/masf.decay,0.0
442,1788869314.0588584,lr/masf.no_decay,0.0
442,1788869314.0588584,lr/neck.decay,9.61123110151188e-06
442,1788869314.0588584,lr/neck.no_decay,9.61123110151188e-06
442,1788869314.0588584,lr/pose_head.decay,2.40280777537797e-05
442,1788869314.0588584,lr/pose_head.no_decay,2.40280777537797e-05
442,1788869314.0588584,pose/component_0,0.5894227027893066
442,1788869314.0588584,pose/component_1,0.01631198637187481
442,1788869314.0588584,pose/component_2,0.003365273354575038
442,1788869314.0588584,pose/component_3,0.23932096362113953
442,1788869314.0588584,pose/component_4,0.001399392494931817
442,1788869314.0588584,pose/component_5,0.0
443,1788869315.2416906,amp/overflow_retries,0.0
443,1788869315.2416906,amp/scale,512.0
443,1788869315.2416906,detect/component_0,1.101662039756775
443,1788869315.2416906,detect/component_1,0.9864814281463623
443,1788869315.2416906,detect/component_2,0.006393002811819315
443,1788869315.2416906,gradient/clipped_norm,131.85479736328125
443,1788869315.2416906,images/detect,256.0
443,1788869315.2416906,images/pose,16.0
443,1788869315.2416906,loss/backward,105.26363601684571
443,1788869315.2416906,loss/detect_mean,1.8692467510700226
443,1788869315.2416906,loss/joint_mean,1.6447443127632142
443,1788869315.2416906,loss/pose_mean,0.7467345595359802
443,1788869315.2416906,lr/attention.decay,0.0
443,1788869315.2416906,lr/attention.no_decay,0.0
443,1788869315.2416906,lr/backbone.decay,0.0
443,1788869315.2416906,lr/backbone.no_decay,0.0
443,1788869315.2416906,lr/detect_head.decay,2.4076673866090713e-05
443,1788869315.2416906,lr/detect_head.no_decay,2.4076673866090713e-05
443,1788869315.2416906,lr/masf.decay,0.0
443,1788869315.2416906,lr/masf.no_decay,0.0
443,1788869315.2416906,lr/neck.decay,9.630669546436285e-06
443,1788869315.2416906,lr/neck.no_decay,9.630669546436285e-06
443,1788869315.2416906,lr/pose_head.decay,2.4076673866090713e-05
443,1788869315.2416906,lr/pose_head.no_decay,2.4076673866090713e-05
443,1788869315.2416906,pose/component_0,0.5190111994743347
443,1788869315.2416906,pose/component_1,0.005855815950781107
443,1788869315.2416906,pose/component_2,0.00115391262806952
443,1788869315.2416906,pose/component_3,0.2037617564201355
443,1788869315.2416906,pose/component_4,0.0014305699151009321
443,1788869315.2416906,pose/component_5,0.0
444,1788869316.4113925,amp/overflow_retries,0.0
444,1788869316.4113925,amp/scale,512.0
444,1788869316.4113925,detect/component_0,1.0559720993041992
444,1788869316.4113925,detect/component_1,0.9648581147193909
444,1788869316.4113925,detect/component_2,0.006347147282212973
444,1788869316.4113925,gradient/clipped_norm,136.84715270996094
444,1788869316.4113925,images/detect,256.0
444,1788869316.4113925,images/pose,16.0
444,1788869316.4113925,loss/backward,103.41033706665038
444,1788869316.4113925,loss/detect_mean,1.7994386702775955
444,1788869316.4113925,loss/joint_mean,1.6157865166664123
444,1788869316.4113925,loss/pose_mean,0.8811779022216797
444,1788869316.4113925,lr/attention.decay,0.0
444,1788869316.4113925,lr/attention.no_decay,0.0
444,1788869316.4113925,lr/backbone.decay,0.0
444,1788869316.4113925,lr/backbone.no_decay,0.0
444,1788869316.4113925,lr/detect_head.decay,2.412526997840173e-05
444,1788869316.4113925,lr/detect_head.no_decay,2.412526997840173e-05
444,1788869316.4113925,lr/masf.decay,0.0
444,1788869316.4113925,lr/masf.no_decay,0.0
444,1788869316.4113925,lr/neck.decay,9.650107991360692e-06
444,1788869316.4113925,lr/neck.no_decay,9.650107991360692e-06
444,1788869316.4113925,lr/pose_head.decay,2.412526997840173e-05
444,1788869316.4113925,lr/pose_head.no_decay,2.412526997840173e-05
444,1788869316.4113925,pose/component_0,0.6436779499053955
444,1788869316.4113925,pose/component_1,0.008738734759390354
444,1788869316.4113925,pose/component_2,0.03284258395433426
444,1788869316.4113925,pose/component_3,0.2118324637413025
444,1788869316.4113925,pose/component_4,0.0018306004349142313
444,1788869316.4113925,pose/component_5,0.0
445,1788869317.5879645,amp/overflow_retries,0.0
445,1788869317.5879645,amp/scale,512.0
445,1788869317.5879645,detect/component_0,1.0808030366897583
445,1788869317.5879645,detect/component_1,0.9743410348892212
445,1788869317.5879645,detect/component_2,0.006082592532038689
445,1788869317.5879645,gradient/clipped_norm,126.51941680908203
445,1788869317.5879645,images/detect,256.0
445,1788869317.5879645,images/pose,16.0
445,1788869317.5879645,loss/backward,102.9296157836914
445,1788869317.5879645,loss/detect_mean,1.8343358635902405
445,1788869317.5879645,loss/joint_mean,1.6082752466201782
445,1788869317.5879645,loss/pose_mean,0.7040327787399292
445,1788869317.5879645,lr/attention.decay,0.0
445,1788869317.5879645,lr/attention.no_decay,0.0
445,1788869317.5879645,lr/backbone.decay,0.0
445,1788869317.5879645,lr/backbone.no_decay,0.0
445,1788869317.5879645,lr/detect_head.decay,2.4173866090712742e-05
445,1788869317.5879645,lr/detect_head.no_decay,2.4173866090712742e-05
445,1788869317.5879645,lr/masf.decay,0.0
445,1788869317.5879645,lr/masf.no_decay,0.0
445,1788869317.5879645,lr/neck.decay,9.669546436285098e-06
445,1788869317.5879645,lr/neck.no_decay,9.669546436285098e-06
445,1788869317.5879645,lr/pose_head.decay,2.4173866090712742e-05
445,1788869317.5879645,lr/pose_head.no_decay,2.4173866090712742e-05
445,1788869317.5879645,pose/component_0,0.4978909194469452
445,1788869317.5879645,pose/component_1,0.004646556917577982
445,1788869317.5879645,pose/component_2,0.0012032276717945933
445,1788869317.5879645,pose/component_3,0.16298311948776245
445,1788869317.5879645,pose/component_4,0.0015949676744639874
445,1788869317.5879645,pose/component_5,0.0
446,1788869318.756181,amp/overflow_retries,0.0
446,1788869318.756181,amp/scale,512.0
446,1788869318.756181,detect/component_0,1.034414291381836
446,1788869318.756181,detect/component_1,0.8702154159545898
446,1788869318.756181,detect/component_2,0.006341529078781605
446,1788869318.756181,gradient/clipped_norm,150.88426208496094
446,1788869318.756181,images/detect,256.0
446,1788869318.756181,images/pose,16.0
446,1788869318.756181,loss/backward,97.42470474243164
446,1788869318.756181,loss/detect_mean,1.6946150809526443
446,1788869318.756181,loss/joint_mean,1.5222610116004944
446,1788869318.756181,loss/pose_mean,0.8328447341918945
446,1788869318.756181,lr/attention.decay,0.0
446,1788869318.756181,lr/attention.no_decay,0.0
446,1788869318.756181,lr/backbone.decay,0.0
446,1788869318.756181,lr/backbone.no_decay,0.0
446,1788869318.756181,lr/detect_head.decay,2.4222462203023762e-05
446,1788869318.756181,lr/detect_head.no_decay,2.4222462203023762e-05
446,1788869318.756181,lr/masf.decay,0.0
446,1788869318.756181,lr/masf.no_decay,0.0
446,1788869318.756181,lr/neck.decay,9.688984881209505e-06
446,1788869318.756181,lr/neck.no_decay,9.688984881209505e-06
446,1788869318.756181,lr/pose_head.decay,2.4222462203023762e-05
446,1788869318.756181,lr/pose_head.no_decay,2.4222462203023762e-05
446,1788869318.756181,pose/component_0,0.5831783413887024
446,1788869318.756181,pose/component_1,0.006605838425457478
446,1788869318.756181,pose/component_2,0.008080297149717808
446,1788869318.756181,pose/component_3,0.2423752248287201
446,1788869318.756181,pose/component_4,0.0017961373087018728
446,1788869318.756181,pose/component_5,0.0
447,1788869319.9339762,amp/overflow_retries,0.0
447,1788869319.9339762,amp/scale,512.0
447,1788869319.9339762,detect/component_0,1.0965969562530518
447,1788869319.9339762,detect/component_1,0.9301621913909912
447,1788869319.9339762,detect/component_2,0.005830027163028717
447,1788869319.9339762,gradient/clipped_norm,145.62240600585938
447,1788869319.9339762,images/detect,256.0
447,1788869319.9339762,images/pose,16.0
447,1788869319.9339762,loss/backward,102.19976043701172
447,1788869319.9339762,loss/detect_mean,1.793600857257843
447,1788869319.9339762,loss/joint_mean,1.596871256828308
447,1788869319.9339762,loss/pose_mean,0.8099528551101685
447,1788869319.9339762,lr/attention.decay,0.0
447,1788869319.9339762,lr/attention.no_decay,0.0
447,1788869319.9339762,lr/backbone.decay,0.0
447,1788869319.9339762,lr/backbone.no_decay,0.0
447,1788869319.9339762,lr/detect_head.decay,2.4271058315334775e-05
447,1788869319.9339762,lr/detect_head.no_decay,2.4271058315334775e-05
447,1788869319.9339762,lr/masf.decay,0.0
447,1788869319.9339762,lr/masf.no_decay,0.0
447,1788869319.9339762,lr/neck.decay,9.70842332613391e-06
447,1788869319.9339762,lr/neck.no_decay,9.70842332613391e-06
447,1788869319.9339762,lr/pose_head.decay,2.4271058315334775e-05
447,1788869319.9339762,lr/pose_head.no_decay,2.4271058315334775e-05
447,1788869319.9339762,pose/component_0,0.5896913409233093
447,1788869319.9339762,pose/component_1,0.010035659186542034
447,1788869319.9339762,pose/component_2,0.0012730209855362773
447,1788869319.9339762,pose/component_3,0.19026270508766174
447,1788869319.9339762,pose/component_4,0.001732853357680142
447,1788869319.9339762,pose/component_5,0.0
448,1788869321.1037264,amp/overflow_retries,0.0
448,1788869321.1037264,amp/scale,512.0
448,1788869321.1037264,detect/component_0,1.0773224830627441
448,1788869321.1037264,detect/component_1,0.9761435389518738
448,1788869321.1037264,detect/component_2,0.006707279942929745
448,1788869321.1037264,gradient/clipped_norm,128.39959716796875
448,1788869321.1037264,images/detect,256.0
448,1788869321.1037264,images/pose,16.0
448,1788869321.1037264,loss/backward,104.30792617797852
448,1788869321.1037264,loss/detect_mean,1.8244310766458511
448,1788869321.1037264,loss/joint_mean,1.6298113465309143
448,1788869321.1037264,loss/pose_mean,0.851332426071167
448,1788869321.1037264,lr/attention.decay,0.0
448,1788869321.1037264,lr/attention.no_decay,0.0
448,1788869321.1037264,lr/backbone.decay,0.0
448,1788869321.1037264,lr/backbone.no_decay,0.0
448,1788869321.1037264,lr/detect_head.decay,2.431965442764579e-05
448,1788869321.1037264,lr/detect_head.no_decay,2.431965442764579e-05
448,1788869321.1037264,lr/masf.decay,0.0
448,1788869321.1037264,lr/masf.no_decay,0.0
448,1788869321.1037264,lr/neck.decay,9.727861771058317e-06
448,1788869321.1037264,lr/neck.no_decay,9.727861771058317e-06
448,1788869321.1037264,lr/pose_head.decay,2.431965442764579e-05
448,1788869321.1037264,lr/pose_head.no_decay,2.431965442764579e-05
448,1788869321.1037264,pose/component_0,0.5780017971992493
448,1788869321.1037264,pose/component_1,0.009063749574124813
448,1788869321.1037264,pose/component_2,0.0008869782905094326
448,1788869321.1037264,pose/component_3,0.20884859561920166
448,1788869321.1037264,pose/component_4,0.001973393140360713
448,1788869321.1037264,pose/component_5,0.0
449,1788869322.2668457,amp/overflow_retries,0.0
449,1788869322.2668457,amp/scale,512.0
449,1788869322.2668457,detect/component_0,0.970991313457489
449,1788869322.2668457,detect/component_1,0.8858411908149719
449,1788869322.2668457,detect/component_2,0.006684381049126387
449,1788869322.2668457,gradient/clipped_norm,159.3963623046875
449,1788869322.2668457,images/detect,256.0
449,1788869322.2668457,images/pose,16.0
449,1788869322.2668457,loss/backward,96.15054779052734
449,1788869322.2668457,loss/detect_mean,1.6746856570243835
449,1788869322.2668457,loss/joint_mean,1.5023523092269897
449,1788869322.2668457,loss/pose_mean,0.8130189180374146
449,1788869322.2668457,lr/attention.decay,0.0
449,1788869322.2668457,lr/attention.no_decay,0.0
449,1788869322.2668457,lr/backbone.decay,0.0
449,1788869322.2668457,lr/backbone.no_decay,0.0
449,1788869322.2668457,lr/detect_head.decay,2.4368250539956804e-05
449,1788869322.2668457,lr/detect_head.no_decay,2.4368250539956804e-05
449,1788869322.2668457,lr/masf.decay,0.0
449,1788869322.2668457,lr/masf.no_decay,0.0
449,1788869322.2668457,lr/neck.decay,9.747300215982721e-06
449,1788869322.2668457,lr/neck.no_decay,9.747300215982721e-06
449,1788869322.2668457,lr/pose_head.decay,2.4368250539956804e-05
449,1788869322.2668457,lr/pose_head.no_decay,2.4368250539956804e-05
449,1788869322.2668457,pose/component_0,0.6287846565246582
449,1788869322.2668457,pose/component_1,0.014298828318715096
449,1788869322.2668457,pose/component_2,0.0005386561970226467
449,1788869322.2668457,pose/component_3,0.19061647355556488
449,1788869322.2668457,pose/component_4,0.0014896838692948222
449,1788869322.2668457,pose/component_5,0.0
450,1788869323.4429843,amp/overflow_retries,0.0
450,1788869323.4429843,amp/scale,512.0
450,1788869323.4429843,detect/component_0,1.042964220046997
450,1788869323.4429843,detect/component_1,0.8946434855461121
450,1788869323.4429843,detect/component_2,0.006432084366679192
450,1788869323.4429843,gradient/clipped_norm,120.3877182006836
450,1788869323.4429843,images/detect,256.0
450,1788869323.4429843,images/pose,16.0
450,1788869323.4429843,loss/backward,100.30586471557618
450,1788869323.4429843,loss/detect_mean,1.7435867935419083
450,1788869323.4429843,loss/joint_mean,1.5672791361808778
450,1788869323.4429843,loss/pose_mean,0.8620485067367554
450,1788869323.4429843,lr/attention.decay,0.0
450,1788869323.4429843,lr/attention.no_decay,0.0
450,1788869323.4429843,lr/backbone.decay,0.0
450,1788869323.4429843,lr/backbone.no_decay,0.0
450,1788869323.4429843,lr/detect_head.decay,2.441684665226782e-05
450,1788869323.4429843,lr/detect_head.no_decay,2.441684665226782e-05
450,1788869323.4429843,lr/masf.decay,0.0
450,1788869323.4429843,lr/masf.no_decay,0.0
450,1788869323.4429843,lr/neck.decay,9.766738660907128e-06
450,1788869323.4429843,lr/neck.no_decay,9.766738660907128e-06
450,1788869323.4429843,lr/pose_head.decay,2.441684665226782e-05
450,1788869323.4429843,lr/pose_head.no_decay,2.441684665226782e-05
450,1788869323.4429843,pose/component_0,0.5649860501289368
450,1788869323.4429843,pose/component_1,0.011362109333276749
450,1788869323.4429843,pose/component_2,0.0014646286144852638
450,1788869323.4429843,pose/component_3,0.23433613777160645
450,1788869323.4429843,pose/component_4,0.002218767534941435
450,1788869323.4429843,pose/component_5,0.0
451,1788869324.6066911,amp/overflow_retries,0.0
451,1788869324.6066911,amp/scale,512.0
451,1788869324.6066911,detect/component_0,1.0538182258605957
451,1788869324.6066911,detect/component_1,0.9642356038093567
451,1788869324.6066911,detect/component_2,0.0064504435285925865
451,1788869324.6066911,gradient/clipped_norm,140.606689453125
451,1788869324.6066911,images/detect,256.0
451,1788869324.6066911,images/pose,16.0
451,1788869324.6066911,loss/backward,103.54960632324219
451,1788869324.6066911,loss/detect_mean,1.8060046434402466
451,1788869324.6066911,loss/joint_mean,1.6179625988006592
451,1788869324.6066911,loss/pose_mean,0.8657944202423096
451,1788869324.6066911,lr/attention.decay,0.0
451,1788869324.6066911,lr/attention.no_decay,0.0
451,1788869324.6066911,lr/backbone.decay,0.0
451,1788869324.6066911,lr/backbone.no_decay,0.0
451,1788869324.6066911,lr/detect_head.decay,2.4465442764578833e-05
451,1788869324.6066911,lr/detect_head.no_decay,2.4465442764578833e-05
451,1788869324.6066911,lr/masf.decay,0.0
451,1788869324.6066911,lr/masf.no_decay,0.0
451,1788869324.6066911,lr/neck.decay,9.786177105831534e-06
451,1788869324.6066911,lr/neck.no_decay,9.786177105831534e-06
451,1788869324.6066911,lr/pose_head.decay,2.4465442764578833e-05
451,1788869324.6066911,lr/pose_head.no_decay,2.4465442764578833e-05
451,1788869324.6066911,pose/component_0,0.6313929557800293
451,1788869324.6066911,pose/component_1,0.015821607783436775
451,1788869324.6066911,pose/component_2,0.0021668707486242056
451,1788869324.6066911,pose/component_3,0.2155648022890091
451,1788869324.6066911,pose/component_4,0.00285936426371336
451,1788869324.6066911,pose/component_5,0.0
452,1788869325.7872825,amp/overflow_retries,0.0
452,1788869325.7872825,amp/scale,512.0
452,1788869325.7872825,detect/component_0,1.0654579401016235
452,1788869325.7872825,detect/component_1,0.9593308568000793
452,1788869325.7872825,detect/component_2,0.0061362553387880325
452,1788869325.7872825,gradient/clipped_norm,163.1878662109375
452,1788869325.7872825,images/detect,256.0
452,1788869325.7872825,images/pose,16.0
452,1788869325.7872825,loss/backward,107.92113571166992
452,1788869325.7872825,loss/detect_mean,1.811172530055046
452,1788869325.7872825,loss/joint_mean,1.6862677454948425
452,1788869325.7872825,loss/pose_mean,1.1866486072540283
452,1788869325.7872825,lr/attention.decay,0.0
452,1788869325.7872825,lr/attention.no_decay,0.0
452,1788869325.7872825,lr/backbone.decay,0.0
452,1788869325.7872825,lr/backbone.no_decay,0.0
452,1788869325.7872825,lr/detect_head.decay,2.451403887688985e-05
452,1788869325.7872825,lr/detect_head.no_decay,2.451403887688985e-05
452,1788869325.7872825,lr/masf.decay,0.0
452,1788869325.7872825,lr/masf.no_decay,0.0
452,1788869325.7872825,lr/neck.decay,9.805615550755941e-06
452,1788869325.7872825,lr/neck.no_decay,9.805615550755941e-06
452,1788869325.7872825,lr/pose_head.decay,2.451403887688985e-05
452,1788869325.7872825,lr/pose_head.no_decay,2.451403887688985e-05
452,1788869325.7872825,pose/component_0,0.8443130850791931
452,1788869325.7872825,pose/component_1,0.04649456590414047
452,1788869325.7872825,pose/component_2,0.001374561688862741
452,1788869325.7872825,pose/component_3,0.36329782009124756
452,1788869325.7872825,pose/component_4,0.002885465044528246
452,1788869325.7872825,pose/component_5,0.0
453,1788869326.9722784,amp/overflow_retries,0.0
453,1788869326.9722784,amp/scale,512.0
453,1788869326.9722784,detect/component_0,1.0483298301696777
453,1788869326.9722784,detect/component_1,0.9313504695892334
453,1788869326.9722784,detect/component_2,0.006404903717339039
453,1788869326.9722784,gradient/clipped_norm,152.19158935546875
453,1788869326.9722784,images/detect,256.0
453,1788869326.9722784,images/pose,16.0
453,1788869326.9722784,loss/backward,101.41869888305663
453,1788869326.9722784,loss/detect_mean,1.7791100591421127
453,1788869326.9722784,loss/joint_mean,1.58466717004776
453,1788869326.9722784,loss/pose_mean,0.8068956136703491
453,1788869326.9722784,lr/attention.decay,0.0
453,1788869326.9722784,lr/attention.no_decay,0.0
453,1788869326.9722784,lr/backbone.decay,0.0
453,1788869326.9722784,lr/backbone.no_decay,0.0
453,1788869326.9722784,lr/detect_head.decay,2.4562634989200865e-05
453,1788869326.9722784,lr/detect_head.no_decay,2.4562634989200865e-05
453,1788869326.9722784,lr/masf.decay,0.0
453,1788869326.9722784,lr/masf.no_decay,0.0
453,1788869326.9722784,lr/neck.decay,9.825053995680346e-06
453,1788869326.9722784,lr/neck.no_decay,9.825053995680346e-06
453,1788869326.9722784,lr/pose_head.decay,2.4562634989200865e-05
453,1788869326.9722784,lr/pose_head.no_decay,2.4562634989200865e-05
453,1788869326.9722784,pose/component_0,0.5442715287208557
453,1788869326.9722784,pose/component_1,0.009700355120003223
453,1788869326.9722784,pose/component_2,0.006295415107160807
453,1788869326.9722784,pose/component_3,0.23589299619197845
453,1788869326.9722784,pose/component_4,0.0017668374348431826
453,1788869326.9722784,pose/component_5,0.0
454,1788869328.145363,amp/overflow_retries,0.0
454,1788869328.145363,amp/scale,512.0
454,1788869328.145363,detect/component_0,1.133472204208374
454,1788869328.145363,detect/component_1,0.9875483512878418
454,1788869328.145363,detect/component_2,0.006435367278754711
454,1788869328.145363,gradient/clipped_norm,128.3153839111328
454,1788869328.145363,images/detect,256.0
454,1788869328.145363,images/pose,16.0
454,1788869328.145363,loss/backward,107.4099624633789
454,1788869328.145363,loss/detect_mean,1.8898966908454895
454,1788869328.145363,loss/joint_mean,1.6782806634902954
454,1788869328.145363,loss/pose_mean,0.831816554069519
454,1788869328.145363,lr/attention.decay,0.0
454,1788869328.145363,lr/attention.no_decay,0.0
454,1788869328.145363,lr/backbone.decay,0.0
454,1788869328.145363,lr/backbone.no_decay,0.0
454,1788869328.145363,lr/detect_head.decay,2.461123110151188e-05
454,1788869328.145363,lr/detect_head.no_decay,2.461123110151188e-05
454,1788869328.145363,lr/masf.decay,0.0
454,1788869328.145363,lr/masf.no_decay,0.0
454,1788869328.145363,lr/neck.decay,9.844492440604752e-06
454,1788869328.145363,lr/neck.no_decay,9.844492440604752e-06
454,1788869328.145363,lr/pose_head.decay,2.461123110151188e-05
454,1788869328.145363,lr/pose_head.no_decay,2.461123110151188e-05
454,1788869328.145363,pose/component_0,0.5743582844734192
454,1788869328.145363,pose/component_1,0.007391797844320536
454,1788869328.145363,pose/component_2,0.021491004154086113
454,1788869328.145363,pose/component_3,0.24310702085494995
454,1788869328.145363,pose/component_4,0.0027986308559775352
454,1788869328.145363,pose/component_5,0.0
455,1788869329.3158705,amp/overflow_retries,0.0
455,1788869329.3158705,amp/scale,512.0
455,1788869329.3158705,detect/component_0,1.0685498714447021
455,1788869329.3158705,detect/component_1,0.950005292892456
455,1788869329.3158705,detect/component_2,0.0067991153337061405
455,1788869329.3158705,gradient/clipped_norm,141.43814086914062
455,1788869329.3158705,images/detect,256.0
455,1788869329.3158705,images/pose,16.0
455,1788869329.3158705,loss/backward,109.58079223632812
455,1788869329.3158705,loss/detect_mean,1.8059442639350891
455,1788869329.3158705,loss/joint_mean,1.712199878692627
455,1788869329.3158705,loss/pose_mean,1.3372223377227783
455,1788869329.3158705,lr/attention.decay,0.0
455,1788869329.3158705,lr/attention.no_decay,0.0
455,1788869329.3158705,lr/backbone.decay,0.0
455,1788869329.3158705,lr/backbone.no_decay,0.0
455,1788869329.3158705,lr/detect_head.decay,2.4659827213822894e-05
455,1788869329.3158705,lr/detect_head.no_decay,2.4659827213822894e-05
455,1788869329.3158705,lr/masf.decay,0.0
455,1788869329.3158705,lr/masf.no_decay,0.0
455,1788869329.3158705,lr/neck.decay,9.863930885529157e-06
455,1788869329.3158705,lr/neck.no_decay,9.863930885529157e-06
455,1788869329.3158705,lr/pose_head.decay,2.4659827213822894e-05
455,1788869329.3158705,lr/pose_head.no_decay,2.4659827213822894e-05
455,1788869329.3158705,pose/component_0,0.9645423889160156
455,1788869329.3158705,pose/component_1,0.035762544721364975
455,1788869329.3158705,pose/component_2,0.03054715320467949
455,1788869329.3158705,pose/component_3,0.38494110107421875
455,1788869329.3158705,pose/component_4,0.002430988010019064
455,1788869329.3158705,pose/component_5,0.0
456,1788869330.4841897,amp/overflow_retries,0.0
456,1788869330.4841897,amp/scale,512.0
456,1788869330.4841897,detect/component_0,0.9693976640701294
456,1788869330.4841897,detect/component_1,0.8963267803192139
456,1788869330.4841897,detect/component_2,0.006573191843926907
456,1788869330.4841897,gradient/clipped_norm,138.87261962890625
456,1788869330.4841897,images/detect,256.0
456,1788869330.4841897,images/pose,16.0
456,1788869330.4841897,loss/backward,101.5655418395996
456,1788869330.4841897,loss/detect_mean,1.6787736862897873
456,1788869330.4841897,loss/joint_mean,1.5869615912437438
456,1788869330.4841897,loss/pose_mean,1.2197132110595703
456,1788869330.4841897,lr/attention.decay,0.0
456,1788869330.4841897,lr/attention.no_decay,0.0
456,1788869330.4841897,lr/backbone.decay,0.0
456,1788869330.4841897,lr/backbone.no_decay,0.0
456,1788869330.4841897,lr/detect_head.decay,2.470842332613391e-05
456,1788869330.4841897,lr/detect_head.no_decay,2.470842332613391e-05
456,1788869330.4841897,lr/masf.decay,0.0
456,1788869330.4841897,lr/masf.no_decay,0.0
456,1788869330.4841897,lr/neck.decay,9.883369330453565e-06
456,1788869330.4841897,lr/neck.no_decay,9.883369330453565e-06
456,1788869330.4841897,lr/pose_head.decay,2.470842332613391e-05
456,1788869330.4841897,lr/pose_head.no_decay,2.470842332613391e-05
456,1788869330.4841897,pose/component_0,0.8714652061462402
456,1788869330.4841897,pose/component_1,0.040885575115680695
456,1788869330.4841897,pose/component_2,0.00257192668505013
456,1788869330.4841897,pose/component_3,0.3875489830970764
456,1788869330.4841897,pose/component_4,0.003158505540341139
456,1788869330.4841897,pose/component_5,0.0
457,1788869331.6545672,amp/overflow_retries,0.0
457,1788869331.6545672,amp/scale,512.0
457,1788869331.6545672,detect/component_0,1.0640426874160767
457,1788869331.6545672,detect/component_1,0.9525375962257385
457,1788869331.6545672,detect/component_2,0.005911624059081078
457,1788869331.6545672,gradient/clipped_norm,144.41656494140625
457,1788869331.6545672,images/detect,256.0
457,1788869331.6545672,images/pose,16.0
457,1788869331.6545672,loss/backward,105.65551681518555
457,1788869331.6545672,loss/detect_mean,1.7909171432256699
457,1788869331.6545672,loss/joint_mean,1.6508674502372742
457,1788869331.6545672,loss/pose_mean,1.0906686782836914
457,1788869331.6545672,lr/attention.decay,0.0
457,1788869331.6545672,lr/attention.no_decay,0.0
457,1788869331.6545672,lr/backbone.decay,0.0
457,1788869331.6545672,lr/backbone.no_decay,0.0
457,1788869331.6545672,lr/detect_head.decay,2.4757019438444927e-05
457,1788869331.6545672,lr/detect_head.no_decay,2.4757019438444927e-05
457,1788869331.6545672,lr/masf.decay,0.0
457,1788869331.6545672,lr/masf.no_decay,0.0
457,1788869331.6545672,lr/neck.decay,9.90280777537797e-06
457,1788869331.6545672,lr/neck.no_decay,9.90280777537797e-06
457,1788869331.6545672,lr/pose_head.decay,2.4757019438444927e-05
457,1788869331.6545672,lr/pose_head.no_decay,2.4757019438444927e-05
457,1788869331.6545672,pose/component_0,0.7032418847084045
457,1788869331.6545672,pose/component_1,0.016536321491003036
457,1788869331.6545672,pose/component_2,0.0030642454512417316
457,1788869331.6545672,pose/component_3,0.4613799750804901
457,1788869331.6545672,pose/component_4,0.0017335405573248863
457,1788869331.6545672,pose/component_5,0.0
458,1788869332.8236482,amp/overflow_retries,0.0
458,1788869332.8236482,amp/scale,512.0
458,1788869332.8236482,detect/component_0,1.0218287706375122
458,1788869332.8236482,detect/component_1,0.9523694515228271
458,1788869332.8236482,detect/component_2,0.006663403939455748
458,1788869332.8236482,gradient/clipped_norm,123.78288269042969
458,1788869332.8236482,images/detect,256.0
458,1788869332.8236482,images/pose,16.0
458,1788869332.8236482,loss/backward,99.4931755065918
458,1788869332.8236482,loss/detect_mean,1.767606034874916
458,1788869332.8236482,loss/joint_mean,1.5545808672904968
458,1788869332.8236482,loss/pose_mean,0.7024801969528198
458,1788869332.8236482,lr/attention.decay,0.0
458,1788869332.8236482,lr/attention.no_decay,0.0
458,1788869332.8236482,lr/backbone.decay,0.0
458,1788869332.8236482,lr/backbone.no_decay,0.0
458,1788869332.8236482,lr/detect_head.decay,2.480561555075594e-05
458,1788869332.8236482,lr/detect_head.no_decay,2.480561555075594e-05
458,1788869332.8236482,lr/masf.decay,0.0
458,1788869332.8236482,lr/masf.no_decay,0.0
458,1788869332.8236482,lr/neck.decay,9.922246220302376e-06
458,1788869332.8236482,lr/neck.no_decay,9.922246220302376e-06
458,1788869332.8236482,lr/pose_head.decay,2.480561555075594e-05
458,1788869332.8236482,lr/pose_head.no_decay,2.480561555075594e-05
458,1788869332.8236482,pose/component_0,0.49204012751579285
458,1788869332.8236482,pose/component_1,0.004113716073334217
458,1788869332.8236482,pose/component_2,0.0010753555689007044
458,1788869332.8236482,pose/component_3,0.24109618365764618
458,1788869332.8236482,pose/component_4,0.0021020343992859125
458,1788869332.8236482,pose/component_5,0.0
459,1788869334.0123515,amp/overflow_retries,0.0
459,1788869334.0123515,amp/scale,512.0
459,1788869334.0123515,detect/component_0,1.139906644821167
459,1788869334.0123515,detect/component_1,0.9962220788002014
459,1788869334.0123515,detect/component_2,0.006450616288930178
459,1788869334.0123515,gradient/clipped_norm,137.41107177734375
459,1788869334.0123515,images/detect,256.0
459,1788869334.0123515,images/pose,16.0
459,1788869334.0123515,loss/backward,110.0490119934082
459,1788869334.0123515,loss/detect_mean,1.9016116261482239
459,1788869334.0123515,loss/joint_mean,1.7195158123970031
459,1788869334.0123515,loss/pose_mean,0.9911325573921204
459,1788869334.0123515,lr/attention.decay,0.0
459,1788869334.0123515,lr/attention.no_decay,0.0
459,1788869334.0123515,lr/backbone.decay,0.0
459,1788869334.0123515,lr/backbone.no_decay,0.0
459,1788869334.0123515,lr/detect_head.decay,2.4854211663066952e-05
459,1788869334.0123515,lr/detect_head.no_decay,2.4854211663066952e-05
459,1788869334.0123515,lr/masf.decay,0.0
459,1788869334.0123515,lr/masf.no_decay,0.0
459,1788869334.0123515,lr/neck.decay,9.941684665226781e-06
459,1788869334.0123515,lr/neck.no_decay,9.941684665226781e-06
459,1788869334.0123515,lr/pose_head.decay,2.4854211663066952e-05
459,1788869334.0123515,lr/pose_head.no_decay,2.4854211663066952e-05
459,1788869334.0123515,pose/component_0,0.6783258318901062
459,1788869334.0123515,pose/component_1,0.007766502443701029
459,1788869334.0123515,pose/component_2,0.0010641359258443117
459,1788869334.0123515,pose/component_3,0.27951088547706604
459,1788869334.0123515,pose/component_4,0.002308516064658761
459,1788869334.0123515,pose/component_5,0.0
460,1788869335.2017977,amp/overflow_retries,0.0
460,1788869335.2017977,amp/scale,512.0
460,1788869335.2017977,detect/component_0,1.0742080211639404
460,1788869335.2017977,detect/component_1,0.9876890182495117
460,1788869335.2017977,detect/component_2,0.0066306330263614655
460,1788869335.2017977,gradient/clipped_norm,149.7422637939453
460,1788869335.2017977,images/detect,256.0
460,1788869335.2017977,images/pose,16.0
460,1788869335.2017977,loss/backward,107.07603530883789
460,1788869335.2017977,loss/detect_mean,1.8389208763837814
460,1788869335.2017977,loss/joint_mean,1.673063051700592
460,1788869335.2017977,loss/pose_mean,1.0096317529678345
460,1788869335.2017977,lr/attention.decay,0.0
460,1788869335.2017977,lr/attention.no_decay,0.0
460,1788869335.2017977,lr/backbone.decay,0.0
460,1788869335.2017977,lr/backbone.no_decay,0.0
460,1788869335.2017977,lr/detect_head.decay,2.490280777537797e-05
460,1788869335.2017977,lr/detect_head.no_decay,2.490280777537797e-05
460,1788869335.2017977,lr/masf.decay,0.0
460,1788869335.2017977,lr/masf.no_decay,0.0
460,1788869335.2017977,lr/neck.decay,9.961123110151188e-06
460,1788869335.2017977,lr/neck.no_decay,9.961123110151188e-06
460,1788869335.2017977,lr/pose_head.decay,2.490280777537797e-05
460,1788869335.2017977,lr/pose_head.no_decay,2.490280777537797e-05
460,1788869335.2017977,pose/component_0,0.580427885055542
460,1788869335.2017977,pose/component_1,0.00629009772092104
460,1788869335.2017977,pose/component_2,0.16483551263809204
460,1788869335.2017977,pose/component_3,0.26117926836013794
460,1788869335.2017977,pose/component_4,0.001944350777193904
460,1788869335.2017977,pose/component_5,0.0
461,1788869336.3736289,amp/overflow_retries,0.0
461,1788869336.3736289,amp/scale,512.0
461,1788869336.3736289,detect/component_0,1.0561540126800537
461,1788869336.3736289,detect/component_1,0.955183207988739
461,1788869336.3736289,detect/component_2,0.006076252553611994
461,1788869336.3736289,gradient/clipped_norm,172.47865295410156
461,1788869336.3736289,images/detect,256.0
461,1788869336.3736289,images/pose,16.0
461,1788869336.3736289,loss/backward,107.50240631103516
461,1788869336.3736289,loss/detect_mean,1.7906764447689056
461,1788869336.3736289,loss/joint_mean,1.6797250986099244
461,1788869336.3736289,loss/pose_mean,1.235919713973999
461,1788869336.3736289,lr/attention.decay,0.0
461,1788869336.3736289,lr/attention.no_decay,0.0
461,1788869336.3736289,lr/backbone.decay,0.0
461,1788869336.3736289,lr/backbone.no_decay,0.0
461,1788869336.3736289,lr/detect_head.decay,2.4951403887688985e-05
461,1788869336.3736289,lr/detect_head.no_decay,2.4951403887688985e-05
461,1788869336.3736289,lr/masf.decay,0.0
461,1788869336.3736289,lr/masf.no_decay,0.0
461,1788869336.3736289,lr/neck.decay,9.980561555075594e-06
461,1788869336.3736289,lr/neck.no_decay,9.980561555075594e-06
461,1788869336.3736289,lr/pose_head.decay,2.4951403887688985e-05
461,1788869336.3736289,lr/pose_head.no_decay,2.4951403887688985e-05
461,1788869336.3736289,pose/component_0,0.9264808893203735
461,1788869336.3736289,pose/component_1,0.023032959550619125
461,1788869336.3736289,pose/component_2,0.0012621055357158184
461,1788869336.3736289,pose/component_3,0.37203988432884216
461,1788869336.3736289,pose/component_4,0.0019471989944577217
461,1788869336.3736289,pose/component_5,0.0
462,1788869339.1848242,amp/overflow_retries,0.0
462,1788869339.1848242,amp/scale,512.0
462,1788869339.1848242,detect/component_0,0.9641720056533813
462,1788869339.1848242,detect/component_1,0.8144784569740295
462,1788869339.1848242,detect/component_2,0.00570965139195323
462,1788869339.1848242,gradient/clipped_norm,301.1924743652344
462,1788869339.1848242,images/detect,15.0
462,1788869339.1848242,images/pose,16.0
462,1788869339.1848242,loss/backward,94.92312001546223
462,1788869339.1848242,loss/detect_mean,1.6638178507486978
462,1788869339.1848242,loss/joint_mean,1.4831737502415974
462,1788869339.1848242,loss/pose_mean,0.7605973482131958
462,1788869339.1848242,lr/attention.decay,0.0
462,1788869339.1848242,lr/attention.no_decay,0.0
462,1788869339.1848242,lr/backbone.decay,0.0
462,1788869339.1848242,lr/backbone.no_decay,0.0
462,1788869339.1848242,lr/detect_head.decay,2.5e-05
462,1788869339.1848242,lr/detect_head.no_decay,2.5e-05
462,1788869339.1848242,lr/masf.decay,0.0
462,1788869339.1848242,lr/masf.no_decay,0.0
462,1788869339.1848242,lr/neck.decay,1e-05
462,1788869339.1848242,lr/neck.no_decay,1e-05
462,1788869339.1848242,lr/pose_head.decay,2.5e-05
462,1788869339.1848242,lr/pose_head.no_decay,2.5e-05
462,1788869339.1848242,pose/component_0,0.5849301218986511
462,1788869339.1848242,pose/component_1,0.004681966733187437
462,1788869339.1848242,pose/component_2,0.0019574989564716816
462,1788869339.1848242,pose/component_3,0.16352933645248413
462,1788869339.1848242,pose/component_4,0.0023483503609895706
462,1788869339.1848242,pose/component_5,0.0
