[2026-08-03 09:22:24] FORMAL PLAN START; E0/E1 zero-training validations are already complete
[2026-08-03 09:22:24] START T0 artifact=T0 init=baseline 
[2026-08-03 09:26:18] FORMAL PLAN START; E0/E1 zero-training validations are already complete
[2026-08-03 09:26:18] START T0 artifact=T0 init=baseline 
[2026-08-03 09:30:08] FORMAL PLAN START; E0/E1 zero-training validations are already complete
[2026-08-03 09:30:08] START T0 artifact=T0 init=baseline 
[2026-08-03 12:16:51] FORMAL PLAN START; E0/E1 zero-training validations are already complete
[2026-08-03 12:16:51] START T0 artifact=T0 init=baseline 
[2026-08-03 12:16:53] ERROR: no valid strict checkpoint for T0
[2026-08-03 12:16:53] DONE T0 checkpoint=[2026-08-03 12:16:53] ERROR: no valid strict checkpoint for T0
[2026-08-03 12:16:53] ERROR: no valid strict checkpoint for T0
[2026-08-03 12:17:24] FORMAL PLAN START; E0/E1 zero-training validations are already complete
[2026-08-03 12:17:24] START T0 artifact=T0 init=baseline 
[2026-08-03 12:37:29] FORMAL PLAN START; E0/E1 zero-training validations are already complete
[2026-08-03 12:38:45] FORMAL PLAN START; E0/E1 zero-training validations are already complete
[2026-08-03 12:38:45] START T0 artifact=T0 init=baseline 
[2026-08-03 13:50:59] PAPER QAT PLAN START; E-series remains zero-training validation
[2026-08-03 13:50:59] START T5-PV: paper-aligned QAT fine-tuning from FP source; no prior binary checkpoint
[2026-08-03 13:53:42] PAPER QAT PLAN START; E-series remains zero-training validation
[2026-08-03 13:53:42] START T5-PV: paper-aligned QAT fine-tuning from FP source; no prior binary checkpoint
[2026-08-03 14:24:14] ATTENTION-ONLY QAT MATRIX START; all T/N variants run 10 epochs
[2026-08-03 14:24:14] START E2-DUAL zero-training matched dual-basis validation
[2026-08-03 14:36:18] ATTENTION-ONLY QAT MATRIX START; all T/N variants run 10 epochs
[2026-08-03 14:36:18] START E2-DUAL zero-training matched dual-basis validation
[2026-08-03 14:40:16] DONE E2-DUAL validation run=/home/hplab/uxin/yolo11/yolo_binaryqk/artifacts/runs/E2-DUAL/validation/67c392ae-4c58-49ed-aa9a-8f922757b28c
[2026-08-03 14:40:16] START T0 stage=full epochs=10: independent FP-source QAT fine-tuning 
[2026-08-03 17:46:31] DONE T0 stage=full checkpoint=/home/hplab/uxin/yolo11/yolo_binaryqk/artifacts/runs/T0/full/ebba4065-47f7-4eee-9ac4-0a324e8eee5c/checkpoints/strict-last.pt
[2026-08-03 17:46:50] transient formal service ended; handing off to persistent runner
[2026-08-03 17:46:50] ATTENTION-ONLY QAT MATRIX START; all T/N variants run 10 epochs
[2026-08-03 17:46:50] REUSE E2-DUAL validation run=/home/hplab/uxin/yolo11/yolo_binaryqk/artifacts/runs/E2-DUAL/validation/67c392ae-4c58-49ed-aa9a-8f922757b28c
[2026-08-03 17:46:52] REUSE T0 stage=full checkpoint=/home/hplab/uxin/yolo11/yolo_binaryqk/artifacts/runs/T0/full/ebba4065-47f7-4eee-9ac4-0a324e8eee5c/checkpoints/strict-last.pt
[2026-08-03 17:46:54] START T1 stage=full epochs=10: independent FP-source attention-only fine-tuning 
[2026-08-03 20:54:10] DONE T1 stage=full checkpoint=/home/hplab/uxin/yolo11/yolo_binaryqk/artifacts/runs/T1/full/0721d713-d2d3-4952-bf55-62539b18b0ce/checkpoints/strict-last.pt
[2026-08-03 20:54:12] START T2 stage=full epochs=10: independent FP-source attention-only fine-tuning 
[2026-08-03 20:54:23] persistent formal service inactive; requesting restart
[2026-08-03 20:54:24] ATTENTION-ONLY QAT MATRIX START; all T/N variants run 10 epochs
[2026-08-03 20:54:24] REUSE E2-DUAL validation run=/home/hplab/uxin/yolo11/yolo_binaryqk/artifacts/runs/E2-DUAL/validation/67c392ae-4c58-49ed-aa9a-8f922757b28c
[2026-08-03 20:54:26] REUSE T0 stage=full checkpoint=/home/hplab/uxin/yolo11/yolo_binaryqk/artifacts/runs/T0/full/ebba4065-47f7-4eee-9ac4-0a324e8eee5c/checkpoints/strict-last.pt
[2026-08-03 20:54:27] REUSE T1 stage=full checkpoint=/home/hplab/uxin/yolo11/yolo_binaryqk/artifacts/runs/T1/full/0721d713-d2d3-4952-bf55-62539b18b0ce/checkpoints/strict-last.pt
[2026-08-03 20:54:29] START T2 stage=full epochs=10: independent FP-source attention-only fine-tuning 
[2026-08-03 20:54:53] persistent formal service inactive; requesting restart
[2026-08-03 20:54:54] ATTENTION-ONLY QAT MATRIX START; all T/N variants run 10 epochs
[2026-08-03 20:54:54] REUSE E2-DUAL validation run=/home/hplab/uxin/yolo11/yolo_binaryqk/artifacts/runs/E2-DUAL/validation/67c392ae-4c58-49ed-aa9a-8f922757b28c
[2026-08-03 20:54:56] REUSE T0 stage=full checkpoint=/home/hplab/uxin/yolo11/yolo_binaryqk/artifacts/runs/T0/full/ebba4065-47f7-4eee-9ac4-0a324e8eee5c/checkpoints/strict-last.pt
[2026-08-03 20:54:57] REUSE T1 stage=full checkpoint=/home/hplab/uxin/yolo11/yolo_binaryqk/artifacts/runs/T1/full/0721d713-d2d3-4952-bf55-62539b18b0ce/checkpoints/strict-last.pt
[2026-08-03 20:54:59] START T2 stage=full epochs=10: independent FP-source attention-only fine-tuning 
[2026-08-03 20:55:23] persistent formal service inactive; requesting restart
[2026-08-03 20:55:24] ATTENTION-ONLY QAT MATRIX START; all T/N variants run 10 epochs
[2026-08-03 20:55:24] REUSE E2-DUAL validation run=/home/hplab/uxin/yolo11/yolo_binaryqk/artifacts/runs/E2-DUAL/validation/67c392ae-4c58-49ed-aa9a-8f922757b28c
[2026-08-03 20:55:26] REUSE T0 stage=full checkpoint=/home/hplab/uxin/yolo11/yolo_binaryqk/artifacts/runs/T0/full/ebba4065-47f7-4eee-9ac4-0a324e8eee5c/checkpoints/strict-last.pt
[2026-08-03 20:55:27] REUSE T1 stage=full checkpoint=/home/hplab/uxin/yolo11/yolo_binaryqk/artifacts/runs/T1/full/0721d713-d2d3-4952-bf55-62539b18b0ce/checkpoints/strict-last.pt
[2026-08-03 20:55:29] START T2 stage=full epochs=10: independent FP-source attention-only fine-tuning 
[2026-08-03 20:55:54] persistent formal service inactive; requesting restart
[2026-08-03 20:55:54] ATTENTION-ONLY QAT MATRIX START; all T/N variants run 10 epochs
[2026-08-03 20:55:54] REUSE E2-DUAL validation run=/home/hplab/uxin/yolo11/yolo_binaryqk/artifacts/runs/E2-DUAL/validation/67c392ae-4c58-49ed-aa9a-8f922757b28c
[2026-08-03 20:55:56] REUSE T0 stage=full checkpoint=/home/hplab/uxin/yolo11/yolo_binaryqk/artifacts/runs/T0/full/ebba4065-47f7-4eee-9ac4-0a324e8eee5c/checkpoints/strict-last.pt
[2026-08-03 20:55:57] REUSE T1 stage=full checkpoint=/home/hplab/uxin/yolo11/yolo_binaryqk/artifacts/runs/T1/full/0721d713-d2d3-4952-bf55-62539b18b0ce/checkpoints/strict-last.pt
[2026-08-03 20:55:58] START T2 stage=full epochs=10: independent FP-source attention-only fine-tuning 
[2026-08-03 20:56:24] persistent formal service inactive; requesting restart
[2026-08-03 20:56:24] ATTENTION-ONLY QAT MATRIX START; all T/N variants run 10 epochs
[2026-08-03 20:56:24] REUSE E2-DUAL validation run=/home/hplab/uxin/yolo11/yolo_binaryqk/artifacts/runs/E2-DUAL/validation/67c392ae-4c58-49ed-aa9a-8f922757b28c
[2026-08-03 20:56:26] REUSE T0 stage=full checkpoint=/home/hplab/uxin/yolo11/yolo_binaryqk/artifacts/runs/T0/full/ebba4065-47f7-4eee-9ac4-0a324e8eee5c/checkpoints/strict-last.pt
[2026-08-03 20:56:27] REUSE T1 stage=full checkpoint=/home/hplab/uxin/yolo11/yolo_binaryqk/artifacts/runs/T1/full/0721d713-d2d3-4952-bf55-62539b18b0ce/checkpoints/strict-last.pt
[2026-08-03 20:56:28] START T2 stage=full epochs=10: independent FP-source attention-only fine-tuning 
[2026-08-03 20:56:54] persistent formal service inactive; requesting restart
[2026-08-03 20:56:54] ATTENTION-ONLY QAT MATRIX START; all T/N variants run 10 epochs
[2026-08-03 20:56:54] REUSE E2-DUAL validation run=/home/hplab/uxin/yolo11/yolo_binaryqk/artifacts/runs/E2-DUAL/validation/67c392ae-4c58-49ed-aa9a-8f922757b28c
[2026-08-03 20:56:56] REUSE T0 stage=full checkpoint=/home/hplab/uxin/yolo11/yolo_binaryqk/artifacts/runs/T0/full/ebba4065-47f7-4eee-9ac4-0a324e8eee5c/checkpoints/strict-last.pt
[2026-08-03 20:56:57] REUSE T1 stage=full checkpoint=/home/hplab/uxin/yolo11/yolo_binaryqk/artifacts/runs/T1/full/0721d713-d2d3-4952-bf55-62539b18b0ce/checkpoints/strict-last.pt
[2026-08-03 20:56:58] START T2 stage=full epochs=10: independent FP-source attention-only fine-tuning 
[2026-08-03 20:57:24] persistent formal service inactive; requesting restart
[2026-08-03 20:57:24] ATTENTION-ONLY QAT MATRIX START; all T/N variants run 10 epochs
[2026-08-03 20:57:24] REUSE E2-DUAL validation run=/home/hplab/uxin/yolo11/yolo_binaryqk/artifacts/runs/E2-DUAL/validation/67c392ae-4c58-49ed-aa9a-8f922757b28c
[2026-08-03 20:57:26] REUSE T0 stage=full checkpoint=/home/hplab/uxin/yolo11/yolo_binaryqk/artifacts/runs/T0/full/ebba4065-47f7-4eee-9ac4-0a324e8eee5c/checkpoints/strict-last.pt
[2026-08-03 20:57:27] REUSE T1 stage=full checkpoint=/home/hplab/uxin/yolo11/yolo_binaryqk/artifacts/runs/T1/full/0721d713-d2d3-4952-bf55-62539b18b0ce/checkpoints/strict-last.pt
[2026-08-03 20:57:28] START T2 stage=full epochs=10: independent FP-source attention-only fine-tuning 
[2026-08-03 20:57:54] persistent formal service inactive; requesting restart
[2026-08-03 20:57:54] ATTENTION-ONLY QAT MATRIX START; all T/N variants run 10 epochs
[2026-08-03 20:57:54] REUSE E2-DUAL validation run=/home/hplab/uxin/yolo11/yolo_binaryqk/artifacts/runs/E2-DUAL/validation/67c392ae-4c58-49ed-aa9a-8f922757b28c
[2026-08-03 20:57:56] REUSE T0 stage=full checkpoint=/home/hplab/uxin/yolo11/yolo_binaryqk/artifacts/runs/T0/full/ebba4065-47f7-4eee-9ac4-0a324e8eee5c/checkpoints/strict-last.pt
[2026-08-03 20:57:57] REUSE T1 stage=full checkpoint=/home/hplab/uxin/yolo11/yolo_binaryqk/artifacts/runs/T1/full/0721d713-d2d3-4952-bf55-62539b18b0ce/checkpoints/strict-last.pt
[2026-08-03 20:57:58] START T2 stage=full epochs=10: independent FP-source attention-only fine-tuning 
[2026-08-03 20:58:24] persistent formal service inactive; requesting restart
[2026-08-03 20:58:24] ATTENTION-ONLY QAT MATRIX START; all T/N variants run 10 epochs
[2026-08-03 20:58:24] REUSE E2-DUAL validation run=/home/hplab/uxin/yolo11/yolo_binaryqk/artifacts/runs/E2-DUAL/validation/67c392ae-4c58-49ed-aa9a-8f922757b28c
[2026-08-03 20:58:26] REUSE T0 stage=full checkpoint=/home/hplab/uxin/yolo11/yolo_binaryqk/artifacts/runs/T0/full/ebba4065-47f7-4eee-9ac4-0a324e8eee5c/checkpoints/strict-last.pt
[2026-08-03 20:58:27] REUSE T1 stage=full checkpoint=/home/hplab/uxin/yolo11/yolo_binaryqk/artifacts/runs/T1/full/0721d713-d2d3-4952-bf55-62539b18b0ce/checkpoints/strict-last.pt
[2026-08-03 20:58:29] START T2 stage=full epochs=10: independent FP-source attention-only fine-tuning 
[2026-08-03 20:58:54] persistent formal service inactive; requesting restart
[2026-08-03 20:58:54] ATTENTION-ONLY QAT MATRIX START; all T/N variants run 10 epochs
[2026-08-03 20:58:54] REUSE E2-DUAL validation run=/home/hplab/uxin/yolo11/yolo_binaryqk/artifacts/runs/E2-DUAL/validation/67c392ae-4c58-49ed-aa9a-8f922757b28c
[2026-08-03 20:58:56] REUSE T0 stage=full checkpoint=/home/hplab/uxin/yolo11/yolo_binaryqk/artifacts/runs/T0/full/ebba4065-47f7-4eee-9ac4-0a324e8eee5c/checkpoints/strict-last.pt
[2026-08-03 20:58:57] REUSE T1 stage=full checkpoint=/home/hplab/uxin/yolo11/yolo_binaryqk/artifacts/runs/T1/full/0721d713-d2d3-4952-bf55-62539b18b0ce/checkpoints/strict-last.pt
[2026-08-03 20:58:59] START T2 stage=full epochs=10: independent FP-source attention-only fine-tuning 
[2026-08-03 20:59:24] persistent formal service inactive; requesting restart
[2026-08-03 20:59:24] ATTENTION-ONLY QAT MATRIX START; all T/N variants run 10 epochs
[2026-08-03 20:59:24] REUSE E2-DUAL validation run=/home/hplab/uxin/yolo11/yolo_binaryqk/artifacts/runs/E2-DUAL/validation/67c392ae-4c58-49ed-aa9a-8f922757b28c
[2026-08-03 20:59:26] REUSE T0 stage=full checkpoint=/home/hplab/uxin/yolo11/yolo_binaryqk/artifacts/runs/T0/full/ebba4065-47f7-4eee-9ac4-0a324e8eee5c/checkpoints/strict-last.pt
[2026-08-03 20:59:27] REUSE T1 stage=full checkpoint=/home/hplab/uxin/yolo11/yolo_binaryqk/artifacts/runs/T1/full/0721d713-d2d3-4952-bf55-62539b18b0ce/checkpoints/strict-last.pt
[2026-08-03 20:59:29] START T2 stage=full epochs=10: independent FP-source attention-only fine-tuning 
[2026-08-03 20:59:54] persistent formal service inactive; requesting restart
[2026-08-03 20:59:54] ATTENTION-ONLY QAT MATRIX START; all T/N variants run 10 epochs
[2026-08-03 20:59:54] REUSE E2-DUAL validation run=/home/hplab/uxin/yolo11/yolo_binaryqk/artifacts/runs/E2-DUAL/validation/67c392ae-4c58-49ed-aa9a-8f922757b28c
[2026-08-03 20:59:56] REUSE T0 stage=full checkpoint=/home/hplab/uxin/yolo11/yolo_binaryqk/artifacts/runs/T0/full/ebba4065-47f7-4eee-9ac4-0a324e8eee5c/checkpoints/strict-last.pt
[2026-08-03 20:59:57] REUSE T1 stage=full checkpoint=/home/hplab/uxin/yolo11/yolo_binaryqk/artifacts/runs/T1/full/0721d713-d2d3-4952-bf55-62539b18b0ce/checkpoints/strict-last.pt
[2026-08-03 20:59:59] START T2 stage=full epochs=10: independent FP-source attention-only fine-tuning 
[2026-08-03 21:00:24] persistent formal service inactive; requesting restart
[2026-08-03 21:00:24] ATTENTION-ONLY QAT MATRIX START; all T/N variants run 10 epochs
[2026-08-03 21:00:24] REUSE E2-DUAL validation run=/home/hplab/uxin/yolo11/yolo_binaryqk/artifacts/runs/E2-DUAL/validation/67c392ae-4c58-49ed-aa9a-8f922757b28c
[2026-08-03 21:00:26] REUSE T0 stage=full checkpoint=/home/hplab/uxin/yolo11/yolo_binaryqk/artifacts/runs/T0/full/ebba4065-47f7-4eee-9ac4-0a324e8eee5c/checkpoints/strict-last.pt
[2026-08-03 21:00:27] REUSE T1 stage=full checkpoint=/home/hplab/uxin/yolo11/yolo_binaryqk/artifacts/runs/T1/full/0721d713-d2d3-4952-bf55-62539b18b0ce/checkpoints/strict-last.pt
[2026-08-03 21:00:29] START T2 stage=full epochs=10: independent FP-source attention-only fine-tuning 
[2026-08-03 21:00:54] persistent formal service inactive; requesting restart
[2026-08-03 21:00:54] ATTENTION-ONLY QAT MATRIX START; all T/N variants run 10 epochs
[2026-08-03 21:00:54] REUSE E2-DUAL validation run=/home/hplab/uxin/yolo11/yolo_binaryqk/artifacts/runs/E2-DUAL/validation/67c392ae-4c58-49ed-aa9a-8f922757b28c
[2026-08-03 21:00:56] REUSE T0 stage=full checkpoint=/home/hplab/uxin/yolo11/yolo_binaryqk/artifacts/runs/T0/full/ebba4065-47f7-4eee-9ac4-0a324e8eee5c/checkpoints/strict-last.pt
[2026-08-03 21:00:57] REUSE T1 stage=full checkpoint=/home/hplab/uxin/yolo11/yolo_binaryqk/artifacts/runs/T1/full/0721d713-d2d3-4952-bf55-62539b18b0ce/checkpoints/strict-last.pt
[2026-08-03 21:00:59] START T2 stage=full epochs=10: independent FP-source attention-only fine-tuning 
[2026-08-03 21:01:24] persistent formal service inactive; requesting restart
[2026-08-03 21:01:24] ATTENTION-ONLY QAT MATRIX START; all T/N variants run 10 epochs
[2026-08-03 21:01:24] REUSE E2-DUAL validation run=/home/hplab/uxin/yolo11/yolo_binaryqk/artifacts/runs/E2-DUAL/validation/67c392ae-4c58-49ed-aa9a-8f922757b28c
[2026-08-03 21:01:26] REUSE T0 stage=full checkpoint=/home/hplab/uxin/yolo11/yolo_binaryqk/artifacts/runs/T0/full/ebba4065-47f7-4eee-9ac4-0a324e8eee5c/checkpoints/strict-last.pt
[2026-08-03 21:01:27] REUSE T1 stage=full checkpoint=/home/hplab/uxin/yolo11/yolo_binaryqk/artifacts/runs/T1/full/0721d713-d2d3-4952-bf55-62539b18b0ce/checkpoints/strict-last.pt
[2026-08-03 21:01:29] START T2 stage=full epochs=10: independent FP-source attention-only fine-tuning 
[2026-08-03 21:01:54] persistent formal service inactive; requesting restart
[2026-08-03 21:01:54] ATTENTION-ONLY QAT MATRIX START; all T/N variants run 10 epochs
[2026-08-03 21:01:54] REUSE E2-DUAL validation run=/home/hplab/uxin/yolo11/yolo_binaryqk/artifacts/runs/E2-DUAL/validation/67c392ae-4c58-49ed-aa9a-8f922757b28c
[2026-08-03 21:01:56] REUSE T0 stage=full checkpoint=/home/hplab/uxin/yolo11/yolo_binaryqk/artifacts/runs/T0/full/ebba4065-47f7-4eee-9ac4-0a324e8eee5c/checkpoints/strict-last.pt
[2026-08-03 21:01:57] REUSE T1 stage=full checkpoint=/home/hplab/uxin/yolo11/yolo_binaryqk/artifacts/runs/T1/full/0721d713-d2d3-4952-bf55-62539b18b0ce/checkpoints/strict-last.pt
[2026-08-03 21:01:59] START T2 stage=full epochs=10: independent FP-source attention-only fine-tuning 
[2026-08-03 21:02:24] persistent formal service inactive; requesting restart
[2026-08-03 21:02:24] ATTENTION-ONLY QAT MATRIX START; all T/N variants run 10 epochs
[2026-08-03 21:02:24] REUSE E2-DUAL validation run=/home/hplab/uxin/yolo11/yolo_binaryqk/artifacts/runs/E2-DUAL/validation/67c392ae-4c58-49ed-aa9a-8f922757b28c
[2026-08-03 21:02:26] REUSE T0 stage=full checkpoint=/home/hplab/uxin/yolo11/yolo_binaryqk/artifacts/runs/T0/full/ebba4065-47f7-4eee-9ac4-0a324e8eee5c/checkpoints/strict-last.pt
[2026-08-03 21:02:27] REUSE T1 stage=full checkpoint=/home/hplab/uxin/yolo11/yolo_binaryqk/artifacts/runs/T1/full/0721d713-d2d3-4952-bf55-62539b18b0ce/checkpoints/strict-last.pt
[2026-08-03 21:02:29] START T2 stage=full epochs=10: independent FP-source attention-only fine-tuning 
[2026-08-03 21:02:54] persistent formal service inactive; requesting restart
[2026-08-03 21:02:54] ATTENTION-ONLY QAT MATRIX START; all T/N variants run 10 epochs
[2026-08-03 21:02:54] REUSE E2-DUAL validation run=/home/hplab/uxin/yolo11/yolo_binaryqk/artifacts/runs/E2-DUAL/validation/67c392ae-4c58-49ed-aa9a-8f922757b28c
[2026-08-03 21:02:56] REUSE T0 stage=full checkpoint=/home/hplab/uxin/yolo11/yolo_binaryqk/artifacts/runs/T0/full/ebba4065-47f7-4eee-9ac4-0a324e8eee5c/checkpoints/strict-last.pt
[2026-08-03 21:02:57] REUSE T1 stage=full checkpoint=/home/hplab/uxin/yolo11/yolo_binaryqk/artifacts/runs/T1/full/0721d713-d2d3-4952-bf55-62539b18b0ce/checkpoints/strict-last.pt
[2026-08-03 21:02:59] START T2 stage=full epochs=10: independent FP-source attention-only fine-tuning 
[2026-08-03 21:03:24] persistent formal service inactive; requesting restart
[2026-08-03 21:03:24] ATTENTION-ONLY QAT MATRIX START; all T/N variants run 10 epochs
[2026-08-03 21:03:24] REUSE E2-DUAL validation run=/home/hplab/uxin/yolo11/yolo_binaryqk/artifacts/runs/E2-DUAL/validation/67c392ae-4c58-49ed-aa9a-8f922757b28c
[2026-08-03 21:03:26] REUSE T0 stage=full checkpoint=/home/hplab/uxin/yolo11/yolo_binaryqk/artifacts/runs/T0/full/ebba4065-47f7-4eee-9ac4-0a324e8eee5c/checkpoints/strict-last.pt
[2026-08-03 21:03:27] REUSE T1 stage=full checkpoint=/home/hplab/uxin/yolo11/yolo_binaryqk/artifacts/runs/T1/full/0721d713-d2d3-4952-bf55-62539b18b0ce/checkpoints/strict-last.pt
[2026-08-03 21:03:29] START T2 stage=full epochs=10: independent FP-source attention-only fine-tuning 
[2026-08-03 21:03:54] persistent formal service inactive; requesting restart
[2026-08-03 21:03:54] ATTENTION-ONLY QAT MATRIX START; all T/N variants run 10 epochs
[2026-08-03 21:03:54] REUSE E2-DUAL validation run=/home/hplab/uxin/yolo11/yolo_binaryqk/artifacts/runs/E2-DUAL/validation/67c392ae-4c58-49ed-aa9a-8f922757b28c
[2026-08-03 21:03:56] REUSE T0 stage=full checkpoint=/home/hplab/uxin/yolo11/yolo_binaryqk/artifacts/runs/T0/full/ebba4065-47f7-4eee-9ac4-0a324e8eee5c/checkpoints/strict-last.pt
[2026-08-03 21:03:57] REUSE T1 stage=full checkpoint=/home/hplab/uxin/yolo11/yolo_binaryqk/artifacts/runs/T1/full/0721d713-d2d3-4952-bf55-62539b18b0ce/checkpoints/strict-last.pt
[2026-08-03 21:03:59] START T2 stage=full epochs=10: independent FP-source attention-only fine-tuning 
[2026-08-03 21:04:24] persistent formal service inactive; requesting restart
[2026-08-03 21:04:24] ATTENTION-ONLY QAT MATRIX START; all T/N variants run 10 epochs
[2026-08-03 21:04:24] REUSE E2-DUAL validation run=/home/hplab/uxin/yolo11/yolo_binaryqk/artifacts/runs/E2-DUAL/validation/67c392ae-4c58-49ed-aa9a-8f922757b28c
[2026-08-03 21:04:26] REUSE T0 stage=full checkpoint=/home/hplab/uxin/yolo11/yolo_binaryqk/artifacts/runs/T0/full/ebba4065-47f7-4eee-9ac4-0a324e8eee5c/checkpoints/strict-last.pt
[2026-08-03 21:04:27] REUSE T1 stage=full checkpoint=/home/hplab/uxin/yolo11/yolo_binaryqk/artifacts/runs/T1/full/0721d713-d2d3-4952-bf55-62539b18b0ce/checkpoints/strict-last.pt
[2026-08-03 21:04:29] START T2 stage=full epochs=10: independent FP-source attention-only fine-tuning 
[2026-08-03 21:04:54] persistent formal service inactive; requesting restart
[2026-08-03 21:04:54] ATTENTION-ONLY QAT MATRIX START; all T/N variants run 10 epochs
[2026-08-03 21:04:54] REUSE E2-DUAL validation run=/home/hplab/uxin/yolo11/yolo_binaryqk/artifacts/runs/E2-DUAL/validation/67c392ae-4c58-49ed-aa9a-8f922757b28c
[2026-08-03 21:04:56] REUSE T0 stage=full checkpoint=/home/hplab/uxin/yolo11/yolo_binaryqk/artifacts/runs/T0/full/ebba4065-47f7-4eee-9ac4-0a324e8eee5c/checkpoints/strict-last.pt
[2026-08-03 21:04:57] REUSE T1 stage=full checkpoint=/home/hplab/uxin/yolo11/yolo_binaryqk/artifacts/runs/T1/full/0721d713-d2d3-4952-bf55-62539b18b0ce/checkpoints/strict-last.pt
[2026-08-03 21:04:59] START T2 stage=full epochs=10: independent FP-source attention-only fine-tuning 
[2026-08-03 21:05:24] persistent formal service inactive; requesting restart
[2026-08-03 21:05:24] ATTENTION-ONLY QAT MATRIX START; all T/N variants run 10 epochs
[2026-08-03 21:05:24] REUSE E2-DUAL validation run=/home/hplab/uxin/yolo11/yolo_binaryqk/artifacts/runs/E2-DUAL/validation/67c392ae-4c58-49ed-aa9a-8f922757b28c
[2026-08-03 21:05:26] REUSE T0 stage=full checkpoint=/home/hplab/uxin/yolo11/yolo_binaryqk/artifacts/runs/T0/full/ebba4065-47f7-4eee-9ac4-0a324e8eee5c/checkpoints/strict-last.pt
[2026-08-03 21:05:27] REUSE T1 stage=full checkpoint=/home/hplab/uxin/yolo11/yolo_binaryqk/artifacts/runs/T1/full/0721d713-d2d3-4952-bf55-62539b18b0ce/checkpoints/strict-last.pt
[2026-08-03 21:05:29] START T2 stage=full epochs=10: independent FP-source attention-only fine-tuning 
[2026-08-03 21:05:54] persistent formal service inactive; requesting restart
[2026-08-03 21:05:54] ATTENTION-ONLY QAT MATRIX START; all T/N variants run 10 epochs
[2026-08-03 21:05:54] REUSE E2-DUAL validation run=/home/hplab/uxin/yolo11/yolo_binaryqk/artifacts/runs/E2-DUAL/validation/67c392ae-4c58-49ed-aa9a-8f922757b28c
[2026-08-03 21:05:56] REUSE T0 stage=full checkpoint=/home/hplab/uxin/yolo11/yolo_binaryqk/artifacts/runs/T0/full/ebba4065-47f7-4eee-9ac4-0a324e8eee5c/checkpoints/strict-last.pt
[2026-08-03 21:05:57] REUSE T1 stage=full checkpoint=/home/hplab/uxin/yolo11/yolo_binaryqk/artifacts/runs/T1/full/0721d713-d2d3-4952-bf55-62539b18b0ce/checkpoints/strict-last.pt
[2026-08-03 21:05:59] START T2 stage=full epochs=10: independent FP-source attention-only fine-tuning 
[2026-08-03 21:06:24] persistent formal service inactive; requesting restart
[2026-08-03 21:06:24] ATTENTION-ONLY QAT MATRIX START; all T/N variants run 10 epochs
[2026-08-03 21:06:24] REUSE E2-DUAL validation run=/home/hplab/uxin/yolo11/yolo_binaryqk/artifacts/runs/E2-DUAL/validation/67c392ae-4c58-49ed-aa9a-8f922757b28c
[2026-08-03 21:06:26] REUSE T0 stage=full checkpoint=/home/hplab/uxin/yolo11/yolo_binaryqk/artifacts/runs/T0/full/ebba4065-47f7-4eee-9ac4-0a324e8eee5c/checkpoints/strict-last.pt
[2026-08-03 21:06:27] REUSE T1 stage=full checkpoint=/home/hplab/uxin/yolo11/yolo_binaryqk/artifacts/runs/T1/full/0721d713-d2d3-4952-bf55-62539b18b0ce/checkpoints/strict-last.pt
[2026-08-03 21:06:29] START T2 stage=full epochs=10: independent FP-source attention-only fine-tuning 
[2026-08-03 21:06:54] persistent formal service inactive; requesting restart
[2026-08-03 21:06:54] ATTENTION-ONLY QAT MATRIX START; all T/N variants run 10 epochs
[2026-08-03 21:06:54] REUSE E2-DUAL validation run=/home/hplab/uxin/yolo11/yolo_binaryqk/artifacts/runs/E2-DUAL/validation/67c392ae-4c58-49ed-aa9a-8f922757b28c
[2026-08-03 21:06:56] REUSE T0 stage=full checkpoint=/home/hplab/uxin/yolo11/yolo_binaryqk/artifacts/runs/T0/full/ebba4065-47f7-4eee-9ac4-0a324e8eee5c/checkpoints/strict-last.pt
[2026-08-03 21:06:57] REUSE T1 stage=full checkpoint=/home/hplab/uxin/yolo11/yolo_binaryqk/artifacts/runs/T1/full/0721d713-d2d3-4952-bf55-62539b18b0ce/checkpoints/strict-last.pt
[2026-08-03 21:06:59] START T2 stage=full epochs=10: independent FP-source attention-only fine-tuning 
[2026-08-03 21:07:24] persistent formal service inactive; requesting restart
[2026-08-03 21:07:24] ATTENTION-ONLY QAT MATRIX START; all T/N variants run 10 epochs
[2026-08-03 21:07:24] REUSE E2-DUAL validation run=/home/hplab/uxin/yolo11/yolo_binaryqk/artifacts/runs/E2-DUAL/validation/67c392ae-4c58-49ed-aa9a-8f922757b28c
[2026-08-03 21:07:26] REUSE T0 stage=full checkpoint=/home/hplab/uxin/yolo11/yolo_binaryqk/artifacts/runs/T0/full/ebba4065-47f7-4eee-9ac4-0a324e8eee5c/checkpoints/strict-last.pt
[2026-08-03 21:07:27] REUSE T1 stage=full checkpoint=/home/hplab/uxin/yolo11/yolo_binaryqk/artifacts/runs/T1/full/0721d713-d2d3-4952-bf55-62539b18b0ce/checkpoints/strict-last.pt
[2026-08-03 21:07:29] START T2 stage=full epochs=10: independent FP-source attention-only fine-tuning 
[2026-08-03 21:07:54] persistent formal service inactive; requesting restart
[2026-08-03 21:07:54] ATTENTION-ONLY QAT MATRIX START; all T/N variants run 10 epochs
[2026-08-03 21:07:54] REUSE E2-DUAL validation run=/home/hplab/uxin/yolo11/yolo_binaryqk/artifacts/runs/E2-DUAL/validation/67c392ae-4c58-49ed-aa9a-8f922757b28c
[2026-08-03 21:07:56] REUSE T0 stage=full checkpoint=/home/hplab/uxin/yolo11/yolo_binaryqk/artifacts/runs/T0/full/ebba4065-47f7-4eee-9ac4-0a324e8eee5c/checkpoints/strict-last.pt
[2026-08-03 21:07:57] REUSE T1 stage=full checkpoint=/home/hplab/uxin/yolo11/yolo_binaryqk/artifacts/runs/T1/full/0721d713-d2d3-4952-bf55-62539b18b0ce/checkpoints/strict-last.pt
[2026-08-03 21:07:59] START T2 stage=full epochs=10: independent FP-source attention-only fine-tuning 
[2026-08-03 21:08:24] persistent formal service inactive; requesting restart
[2026-08-03 21:08:24] ATTENTION-ONLY QAT MATRIX START; all T/N variants run 10 epochs
[2026-08-03 21:08:24] REUSE E2-DUAL validation run=/home/hplab/uxin/yolo11/yolo_binaryqk/artifacts/runs/E2-DUAL/validation/67c392ae-4c58-49ed-aa9a-8f922757b28c
[2026-08-03 21:08:26] REUSE T0 stage=full checkpoint=/home/hplab/uxin/yolo11/yolo_binaryqk/artifacts/runs/T0/full/ebba4065-47f7-4eee-9ac4-0a324e8eee5c/checkpoints/strict-last.pt
[2026-08-03 21:08:27] REUSE T1 stage=full checkpoint=/home/hplab/uxin/yolo11/yolo_binaryqk/artifacts/runs/T1/full/0721d713-d2d3-4952-bf55-62539b18b0ce/checkpoints/strict-last.pt
[2026-08-03 21:08:29] START T2 stage=full epochs=10: independent FP-source attention-only fine-tuning 
[2026-08-03 21:08:54] persistent formal service inactive; requesting restart
[2026-08-03 21:08:54] ATTENTION-ONLY QAT MATRIX START; all T/N variants run 10 epochs
[2026-08-03 21:08:54] REUSE E2-DUAL validation run=/home/hplab/uxin/yolo11/yolo_binaryqk/artifacts/runs/E2-DUAL/validation/67c392ae-4c58-49ed-aa9a-8f922757b28c
[2026-08-03 21:08:56] REUSE T0 stage=full checkpoint=/home/hplab/uxin/yolo11/yolo_binaryqk/artifacts/runs/T0/full/ebba4065-47f7-4eee-9ac4-0a324e8eee5c/checkpoints/strict-last.pt
[2026-08-03 21:08:57] REUSE T1 stage=full checkpoint=/home/hplab/uxin/yolo11/yolo_binaryqk/artifacts/runs/T1/full/0721d713-d2d3-4952-bf55-62539b18b0ce/checkpoints/strict-last.pt
[2026-08-03 21:08:59] START T2 stage=full epochs=10: independent FP-source attention-only fine-tuning 
[2026-08-03 21:09:24] persistent formal service inactive; requesting restart
[2026-08-03 21:09:24] ATTENTION-ONLY QAT MATRIX START; all T/N variants run 10 epochs
[2026-08-03 21:09:24] REUSE E2-DUAL validation run=/home/hplab/uxin/yolo11/yolo_binaryqk/artifacts/runs/E2-DUAL/validation/67c392ae-4c58-49ed-aa9a-8f922757b28c
[2026-08-03 21:09:26] REUSE T0 stage=full checkpoint=/home/hplab/uxin/yolo11/yolo_binaryqk/artifacts/runs/T0/full/ebba4065-47f7-4eee-9ac4-0a324e8eee5c/checkpoints/strict-last.pt
[2026-08-03 21:09:27] REUSE T1 stage=full checkpoint=/home/hplab/uxin/yolo11/yolo_binaryqk/artifacts/runs/T1/full/0721d713-d2d3-4952-bf55-62539b18b0ce/checkpoints/strict-last.pt
[2026-08-03 21:09:29] START T2 stage=full epochs=10: independent FP-source attention-only fine-tuning 
[2026-08-03 21:09:54] persistent formal service inactive; requesting restart
[2026-08-03 21:09:54] ATTENTION-ONLY QAT MATRIX START; all T/N variants run 10 epochs
[2026-08-03 21:09:54] REUSE E2-DUAL validation run=/home/hplab/uxin/yolo11/yolo_binaryqk/artifacts/runs/E2-DUAL/validation/67c392ae-4c58-49ed-aa9a-8f922757b28c
[2026-08-03 21:09:56] REUSE T0 stage=full checkpoint=/home/hplab/uxin/yolo11/yolo_binaryqk/artifacts/runs/T0/full/ebba4065-47f7-4eee-9ac4-0a324e8eee5c/checkpoints/strict-last.pt
[2026-08-03 21:09:57] REUSE T1 stage=full checkpoint=/home/hplab/uxin/yolo11/yolo_binaryqk/artifacts/runs/T1/full/0721d713-d2d3-4952-bf55-62539b18b0ce/checkpoints/strict-last.pt
[2026-08-03 21:09:59] START T2 stage=full epochs=10: independent FP-source attention-only fine-tuning 
[2026-08-03 21:10:24] persistent formal service inactive; requesting restart
[2026-08-03 21:10:24] ATTENTION-ONLY QAT MATRIX START; all T/N variants run 10 epochs
[2026-08-03 21:10:24] REUSE E2-DUAL validation run=/home/hplab/uxin/yolo11/yolo_binaryqk/artifacts/runs/E2-DUAL/validation/67c392ae-4c58-49ed-aa9a-8f922757b28c
[2026-08-03 21:10:26] REUSE T0 stage=full checkpoint=/home/hplab/uxin/yolo11/yolo_binaryqk/artifacts/runs/T0/full/ebba4065-47f7-4eee-9ac4-0a324e8eee5c/checkpoints/strict-last.pt
[2026-08-03 21:10:27] REUSE T1 stage=full checkpoint=/home/hplab/uxin/yolo11/yolo_binaryqk/artifacts/runs/T1/full/0721d713-d2d3-4952-bf55-62539b18b0ce/checkpoints/strict-last.pt
[2026-08-03 21:10:29] START T2 stage=full epochs=10: independent FP-source attention-only fine-tuning 
[2026-08-03 21:10:54] persistent formal service inactive; requesting restart
[2026-08-03 21:10:54] ATTENTION-ONLY QAT MATRIX START; all T/N variants run 10 epochs
[2026-08-03 21:10:54] REUSE E2-DUAL validation run=/home/hplab/uxin/yolo11/yolo_binaryqk/artifacts/runs/E2-DUAL/validation/67c392ae-4c58-49ed-aa9a-8f922757b28c
[2026-08-03 21:10:56] REUSE T0 stage=full checkpoint=/home/hplab/uxin/yolo11/yolo_binaryqk/artifacts/runs/T0/full/ebba4065-47f7-4eee-9ac4-0a324e8eee5c/checkpoints/strict-last.pt
[2026-08-03 21:10:57] REUSE T1 stage=full checkpoint=/home/hplab/uxin/yolo11/yolo_binaryqk/artifacts/runs/T1/full/0721d713-d2d3-4952-bf55-62539b18b0ce/checkpoints/strict-last.pt
[2026-08-03 21:10:59] START T2 stage=full epochs=10: independent FP-source attention-only fine-tuning 
[2026-08-03 21:11:24] persistent formal service inactive; requesting restart
[2026-08-03 21:11:24] ATTENTION-ONLY QAT MATRIX START; all T/N variants run 10 epochs
[2026-08-03 21:11:24] REUSE E2-DUAL validation run=/home/hplab/uxin/yolo11/yolo_binaryqk/artifacts/runs/E2-DUAL/validation/67c392ae-4c58-49ed-aa9a-8f922757b28c
[2026-08-03 21:11:26] REUSE T0 stage=full checkpoint=/home/hplab/uxin/yolo11/yolo_binaryqk/artifacts/runs/T0/full/ebba4065-47f7-4eee-9ac4-0a324e8eee5c/checkpoints/strict-last.pt
[2026-08-03 21:11:27] REUSE T1 stage=full checkpoint=/home/hplab/uxin/yolo11/yolo_binaryqk/artifacts/runs/T1/full/0721d713-d2d3-4952-bf55-62539b18b0ce/checkpoints/strict-last.pt
[2026-08-03 21:11:29] START T2 stage=full epochs=10: independent FP-source attention-only fine-tuning 
[2026-08-03 21:11:54] persistent formal service inactive; requesting restart
[2026-08-03 21:11:54] ATTENTION-ONLY QAT MATRIX START; all T/N variants run 10 epochs
[2026-08-03 21:11:54] REUSE E2-DUAL validation run=/home/hplab/uxin/yolo11/yolo_binaryqk/artifacts/runs/E2-DUAL/validation/67c392ae-4c58-49ed-aa9a-8f922757b28c
[2026-08-03 21:11:56] REUSE T0 stage=full checkpoint=/home/hplab/uxin/yolo11/yolo_binaryqk/artifacts/runs/T0/full/ebba4065-47f7-4eee-9ac4-0a324e8eee5c/checkpoints/strict-last.pt
[2026-08-03 21:11:57] REUSE T1 stage=full checkpoint=/home/hplab/uxin/yolo11/yolo_binaryqk/artifacts/runs/T1/full/0721d713-d2d3-4952-bf55-62539b18b0ce/checkpoints/strict-last.pt
[2026-08-03 21:11:59] START T2 stage=full epochs=10: independent FP-source attention-only fine-tuning 
[2026-08-03 21:12:24] persistent formal service inactive; requesting restart
[2026-08-03 21:12:24] ATTENTION-ONLY QAT MATRIX START; all T/N variants run 10 epochs
[2026-08-03 21:12:24] REUSE E2-DUAL validation run=/home/hplab/uxin/yolo11/yolo_binaryqk/artifacts/runs/E2-DUAL/validation/67c392ae-4c58-49ed-aa9a-8f922757b28c
[2026-08-03 21:12:26] REUSE T0 stage=full checkpoint=/home/hplab/uxin/yolo11/yolo_binaryqk/artifacts/runs/T0/full/ebba4065-47f7-4eee-9ac4-0a324e8eee5c/checkpoints/strict-last.pt
[2026-08-03 21:12:27] REUSE T1 stage=full checkpoint=/home/hplab/uxin/yolo11/yolo_binaryqk/artifacts/runs/T1/full/0721d713-d2d3-4952-bf55-62539b18b0ce/checkpoints/strict-last.pt
[2026-08-03 21:12:29] START T2 stage=full epochs=10: independent FP-source attention-only fine-tuning 
[2026-08-03 21:12:54] persistent formal service inactive; requesting restart
[2026-08-03 21:12:54] ATTENTION-ONLY QAT MATRIX START; all T/N variants run 10 epochs
[2026-08-03 21:12:54] REUSE E2-DUAL validation run=/home/hplab/uxin/yolo11/yolo_binaryqk/artifacts/runs/E2-DUAL/validation/67c392ae-4c58-49ed-aa9a-8f922757b28c
[2026-08-03 21:12:56] REUSE T0 stage=full checkpoint=/home/hplab/uxin/yolo11/yolo_binaryqk/artifacts/runs/T0/full/ebba4065-47f7-4eee-9ac4-0a324e8eee5c/checkpoints/strict-last.pt
[2026-08-03 21:12:57] REUSE T1 stage=full checkpoint=/home/hplab/uxin/yolo11/yolo_binaryqk/artifacts/runs/T1/full/0721d713-d2d3-4952-bf55-62539b18b0ce/checkpoints/strict-last.pt
[2026-08-03 21:12:59] START T2 stage=full epochs=10: independent FP-source attention-only fine-tuning 
[2026-08-03 21:13:24] persistent formal service inactive; requesting restart
[2026-08-03 21:13:24] ATTENTION-ONLY QAT MATRIX START; all T/N variants run 10 epochs
[2026-08-03 21:13:24] REUSE E2-DUAL validation run=/home/hplab/uxin/yolo11/yolo_binaryqk/artifacts/runs/E2-DUAL/validation/67c392ae-4c58-49ed-aa9a-8f922757b28c
[2026-08-03 21:13:26] REUSE T0 stage=full checkpoint=/home/hplab/uxin/yolo11/yolo_binaryqk/artifacts/runs/T0/full/ebba4065-47f7-4eee-9ac4-0a324e8eee5c/checkpoints/strict-last.pt
[2026-08-03 21:13:27] REUSE T1 stage=full checkpoint=/home/hplab/uxin/yolo11/yolo_binaryqk/artifacts/runs/T1/full/0721d713-d2d3-4952-bf55-62539b18b0ce/checkpoints/strict-last.pt
[2026-08-03 21:13:29] START T2 stage=full epochs=10: independent FP-source attention-only fine-tuning 
[2026-08-03 21:13:54] persistent formal service inactive; requesting restart
[2026-08-03 21:13:54] ATTENTION-ONLY QAT MATRIX START; all T/N variants run 10 epochs
[2026-08-03 21:13:54] REUSE E2-DUAL validation run=/home/hplab/uxin/yolo11/yolo_binaryqk/artifacts/runs/E2-DUAL/validation/67c392ae-4c58-49ed-aa9a-8f922757b28c
[2026-08-03 21:13:56] REUSE T0 stage=full checkpoint=/home/hplab/uxin/yolo11/yolo_binaryqk/artifacts/runs/T0/full/ebba4065-47f7-4eee-9ac4-0a324e8eee5c/checkpoints/strict-last.pt
[2026-08-03 21:13:57] REUSE T1 stage=full checkpoint=/home/hplab/uxin/yolo11/yolo_binaryqk/artifacts/runs/T1/full/0721d713-d2d3-4952-bf55-62539b18b0ce/checkpoints/strict-last.pt
[2026-08-03 21:13:59] START T2 stage=full epochs=10: independent FP-source attention-only fine-tuning 
[2026-08-03 21:14:24] persistent formal service inactive; requesting restart
[2026-08-03 21:14:24] ATTENTION-ONLY QAT MATRIX START; all T/N variants run 10 epochs
[2026-08-03 21:14:24] REUSE E2-DUAL validation run=/home/hplab/uxin/yolo11/yolo_binaryqk/artifacts/runs/E2-DUAL/validation/67c392ae-4c58-49ed-aa9a-8f922757b28c
[2026-08-03 21:14:26] REUSE T0 stage=full checkpoint=/home/hplab/uxin/yolo11/yolo_binaryqk/artifacts/runs/T0/full/ebba4065-47f7-4eee-9ac4-0a324e8eee5c/checkpoints/strict-last.pt
[2026-08-03 21:14:27] REUSE T1 stage=full checkpoint=/home/hplab/uxin/yolo11/yolo_binaryqk/artifacts/runs/T1/full/0721d713-d2d3-4952-bf55-62539b18b0ce/checkpoints/strict-last.pt
[2026-08-03 21:14:29] START T2 stage=full epochs=10: independent FP-source attention-only fine-tuning 
[2026-08-03 21:14:54] persistent formal service inactive; requesting restart
[2026-08-03 21:14:54] ATTENTION-ONLY QAT MATRIX START; all T/N variants run 10 epochs
[2026-08-03 21:14:54] REUSE E2-DUAL validation run=/home/hplab/uxin/yolo11/yolo_binaryqk/artifacts/runs/E2-DUAL/validation/67c392ae-4c58-49ed-aa9a-8f922757b28c
[2026-08-03 21:14:56] REUSE T0 stage=full checkpoint=/home/hplab/uxin/yolo11/yolo_binaryqk/artifacts/runs/T0/full/ebba4065-47f7-4eee-9ac4-0a324e8eee5c/checkpoints/strict-last.pt
[2026-08-03 21:14:57] REUSE T1 stage=full checkpoint=/home/hplab/uxin/yolo11/yolo_binaryqk/artifacts/runs/T1/full/0721d713-d2d3-4952-bf55-62539b18b0ce/checkpoints/strict-last.pt
[2026-08-03 21:14:59] START T2 stage=full epochs=10: independent FP-source attention-only fine-tuning 
[2026-08-03 21:15:24] persistent formal service inactive; requesting restart
[2026-08-03 21:15:24] ATTENTION-ONLY QAT MATRIX START; all T/N variants run 10 epochs
[2026-08-03 21:15:24] REUSE E2-DUAL validation run=/home/hplab/uxin/yolo11/yolo_binaryqk/artifacts/runs/E2-DUAL/validation/67c392ae-4c58-49ed-aa9a-8f922757b28c
[2026-08-03 21:15:26] REUSE T0 stage=full checkpoint=/home/hplab/uxin/yolo11/yolo_binaryqk/artifacts/runs/T0/full/ebba4065-47f7-4eee-9ac4-0a324e8eee5c/checkpoints/strict-last.pt
[2026-08-03 21:15:27] REUSE T1 stage=full checkpoint=/home/hplab/uxin/yolo11/yolo_binaryqk/artifacts/runs/T1/full/0721d713-d2d3-4952-bf55-62539b18b0ce/checkpoints/strict-last.pt
[2026-08-03 21:15:29] START T2 stage=full epochs=10: independent FP-source attention-only fine-tuning 
[2026-08-03 21:15:54] persistent formal service inactive; requesting restart
[2026-08-03 21:15:54] ATTENTION-ONLY QAT MATRIX START; all T/N variants run 10 epochs
[2026-08-03 21:15:54] REUSE E2-DUAL validation run=/home/hplab/uxin/yolo11/yolo_binaryqk/artifacts/runs/E2-DUAL/validation/67c392ae-4c58-49ed-aa9a-8f922757b28c
[2026-08-03 21:15:56] REUSE T0 stage=full checkpoint=/home/hplab/uxin/yolo11/yolo_binaryqk/artifacts/runs/T0/full/ebba4065-47f7-4eee-9ac4-0a324e8eee5c/checkpoints/strict-last.pt
[2026-08-03 21:15:57] REUSE T1 stage=full checkpoint=/home/hplab/uxin/yolo11/yolo_binaryqk/artifacts/runs/T1/full/0721d713-d2d3-4952-bf55-62539b18b0ce/checkpoints/strict-last.pt
[2026-08-03 21:15:59] START T2 stage=full epochs=10: independent FP-source attention-only fine-tuning 
[2026-08-03 21:16:24] persistent formal service inactive; requesting restart
[2026-08-03 21:16:24] ATTENTION-ONLY QAT MATRIX START; all T/N variants run 10 epochs
[2026-08-03 21:16:24] REUSE E2-DUAL validation run=/home/hplab/uxin/yolo11/yolo_binaryqk/artifacts/runs/E2-DUAL/validation/67c392ae-4c58-49ed-aa9a-8f922757b28c
[2026-08-03 21:16:26] REUSE T0 stage=full checkpoint=/home/hplab/uxin/yolo11/yolo_binaryqk/artifacts/runs/T0/full/ebba4065-47f7-4eee-9ac4-0a324e8eee5c/checkpoints/strict-last.pt
[2026-08-03 21:16:27] REUSE T1 stage=full checkpoint=/home/hplab/uxin/yolo11/yolo_binaryqk/artifacts/runs/T1/full/0721d713-d2d3-4952-bf55-62539b18b0ce/checkpoints/strict-last.pt
[2026-08-03 21:16:29] START T2 stage=full epochs=10: independent FP-source attention-only fine-tuning 
[2026-08-03 21:16:54] persistent formal service inactive; requesting restart
[2026-08-03 21:16:54] ATTENTION-ONLY QAT MATRIX START; all T/N variants run 10 epochs
[2026-08-03 21:16:54] REUSE E2-DUAL validation run=/home/hplab/uxin/yolo11/yolo_binaryqk/artifacts/runs/E2-DUAL/validation/67c392ae-4c58-49ed-aa9a-8f922757b28c
[2026-08-03 21:16:56] REUSE T0 stage=full checkpoint=/home/hplab/uxin/yolo11/yolo_binaryqk/artifacts/runs/T0/full/ebba4065-47f7-4eee-9ac4-0a324e8eee5c/checkpoints/strict-last.pt
[2026-08-03 21:16:57] REUSE T1 stage=full checkpoint=/home/hplab/uxin/yolo11/yolo_binaryqk/artifacts/runs/T1/full/0721d713-d2d3-4952-bf55-62539b18b0ce/checkpoints/strict-last.pt
[2026-08-03 21:16:59] START T2 stage=full epochs=10: independent FP-source attention-only fine-tuning 
[2026-08-03 21:17:24] persistent formal service inactive; requesting restart
[2026-08-03 21:17:24] ATTENTION-ONLY QAT MATRIX START; all T/N variants run 10 epochs
[2026-08-03 21:17:24] REUSE E2-DUAL validation run=/home/hplab/uxin/yolo11/yolo_binaryqk/artifacts/runs/E2-DUAL/validation/67c392ae-4c58-49ed-aa9a-8f922757b28c
[2026-08-03 21:17:26] REUSE T0 stage=full checkpoint=/home/hplab/uxin/yolo11/yolo_binaryqk/artifacts/runs/T0/full/ebba4065-47f7-4eee-9ac4-0a324e8eee5c/checkpoints/strict-last.pt
[2026-08-03 21:17:27] REUSE T1 stage=full checkpoint=/home/hplab/uxin/yolo11/yolo_binaryqk/artifacts/runs/T1/full/0721d713-d2d3-4952-bf55-62539b18b0ce/checkpoints/strict-last.pt
[2026-08-03 21:17:29] START T2 stage=full epochs=10: independent FP-source attention-only fine-tuning 
[2026-08-03 21:17:54] persistent formal service inactive; requesting restart
[2026-08-03 21:17:54] ATTENTION-ONLY QAT MATRIX START; all T/N variants run 10 epochs
[2026-08-03 21:17:54] REUSE E2-DUAL validation run=/home/hplab/uxin/yolo11/yolo_binaryqk/artifacts/runs/E2-DUAL/validation/67c392ae-4c58-49ed-aa9a-8f922757b28c
[2026-08-03 21:17:56] REUSE T0 stage=full checkpoint=/home/hplab/uxin/yolo11/yolo_binaryqk/artifacts/runs/T0/full/ebba4065-47f7-4eee-9ac4-0a324e8eee5c/checkpoints/strict-last.pt
[2026-08-03 21:17:57] REUSE T1 stage=full checkpoint=/home/hplab/uxin/yolo11/yolo_binaryqk/artifacts/runs/T1/full/0721d713-d2d3-4952-bf55-62539b18b0ce/checkpoints/strict-last.pt
[2026-08-03 21:17:59] START T2 stage=full epochs=10: independent FP-source attention-only fine-tuning 
[2026-08-03 21:18:24] persistent formal service inactive; requesting restart
[2026-08-03 21:18:24] ATTENTION-ONLY QAT MATRIX START; all T/N variants run 10 epochs
[2026-08-03 21:18:24] REUSE E2-DUAL validation run=/home/hplab/uxin/yolo11/yolo_binaryqk/artifacts/runs/E2-DUAL/validation/67c392ae-4c58-49ed-aa9a-8f922757b28c
[2026-08-03 21:18:26] REUSE T0 stage=full checkpoint=/home/hplab/uxin/yolo11/yolo_binaryqk/artifacts/runs/T0/full/ebba4065-47f7-4eee-9ac4-0a324e8eee5c/checkpoints/strict-last.pt
[2026-08-03 21:18:27] REUSE T1 stage=full checkpoint=/home/hplab/uxin/yolo11/yolo_binaryqk/artifacts/runs/T1/full/0721d713-d2d3-4952-bf55-62539b18b0ce/checkpoints/strict-last.pt
[2026-08-03 21:18:29] START T2 stage=full epochs=10: independent FP-source attention-only fine-tuning 
[2026-08-03 21:18:54] persistent formal service inactive; requesting restart
[2026-08-03 21:18:54] ATTENTION-ONLY QAT MATRIX START; all T/N variants run 10 epochs
[2026-08-03 21:18:54] REUSE E2-DUAL validation run=/home/hplab/uxin/yolo11/yolo_binaryqk/artifacts/runs/E2-DUAL/validation/67c392ae-4c58-49ed-aa9a-8f922757b28c
[2026-08-03 21:18:56] REUSE T0 stage=full checkpoint=/home/hplab/uxin/yolo11/yolo_binaryqk/artifacts/runs/T0/full/ebba4065-47f7-4eee-9ac4-0a324e8eee5c/checkpoints/strict-last.pt
[2026-08-03 21:18:57] REUSE T1 stage=full checkpoint=/home/hplab/uxin/yolo11/yolo_binaryqk/artifacts/runs/T1/full/0721d713-d2d3-4952-bf55-62539b18b0ce/checkpoints/strict-last.pt
[2026-08-03 21:18:59] START T2 stage=full epochs=10: independent FP-source attention-only fine-tuning 
[2026-08-03 21:19:24] persistent formal service inactive; requesting restart
[2026-08-03 21:19:24] ATTENTION-ONLY QAT MATRIX START; all T/N variants run 10 epochs
[2026-08-03 21:19:24] REUSE E2-DUAL validation run=/home/hplab/uxin/yolo11/yolo_binaryqk/artifacts/runs/E2-DUAL/validation/67c392ae-4c58-49ed-aa9a-8f922757b28c
[2026-08-03 21:19:26] REUSE T0 stage=full checkpoint=/home/hplab/uxin/yolo11/yolo_binaryqk/artifacts/runs/T0/full/ebba4065-47f7-4eee-9ac4-0a324e8eee5c/checkpoints/strict-last.pt
[2026-08-03 21:19:27] REUSE T1 stage=full checkpoint=/home/hplab/uxin/yolo11/yolo_binaryqk/artifacts/runs/T1/full/0721d713-d2d3-4952-bf55-62539b18b0ce/checkpoints/strict-last.pt
[2026-08-03 21:19:29] START T2 stage=full epochs=10: independent FP-source attention-only fine-tuning 
[2026-08-03 21:19:54] persistent formal service inactive; requesting restart
[2026-08-03 21:19:54] ATTENTION-ONLY QAT MATRIX START; all T/N variants run 10 epochs
[2026-08-03 21:19:54] REUSE E2-DUAL validation run=/home/hplab/uxin/yolo11/yolo_binaryqk/artifacts/runs/E2-DUAL/validation/67c392ae-4c58-49ed-aa9a-8f922757b28c
[2026-08-03 21:19:56] REUSE T0 stage=full checkpoint=/home/hplab/uxin/yolo11/yolo_binaryqk/artifacts/runs/T0/full/ebba4065-47f7-4eee-9ac4-0a324e8eee5c/checkpoints/strict-last.pt
[2026-08-03 21:19:57] REUSE T1 stage=full checkpoint=/home/hplab/uxin/yolo11/yolo_binaryqk/artifacts/runs/T1/full/0721d713-d2d3-4952-bf55-62539b18b0ce/checkpoints/strict-last.pt
[2026-08-03 21:19:59] START T2 stage=full epochs=10: independent FP-source attention-only fine-tuning 
[2026-08-03 21:20:24] persistent formal service inactive; requesting restart
[2026-08-03 21:20:24] ATTENTION-ONLY QAT MATRIX START; all T/N variants run 10 epochs
[2026-08-03 21:20:24] REUSE E2-DUAL validation run=/home/hplab/uxin/yolo11/yolo_binaryqk/artifacts/runs/E2-DUAL/validation/67c392ae-4c58-49ed-aa9a-8f922757b28c
[2026-08-03 21:20:26] REUSE T0 stage=full checkpoint=/home/hplab/uxin/yolo11/yolo_binaryqk/artifacts/runs/T0/full/ebba4065-47f7-4eee-9ac4-0a324e8eee5c/checkpoints/strict-last.pt
[2026-08-03 21:20:27] REUSE T1 stage=full checkpoint=/home/hplab/uxin/yolo11/yolo_binaryqk/artifacts/runs/T1/full/0721d713-d2d3-4952-bf55-62539b18b0ce/checkpoints/strict-last.pt
[2026-08-03 21:20:29] START T2 stage=full epochs=10: independent FP-source attention-only fine-tuning 
[2026-08-03 21:20:54] persistent formal service inactive; requesting restart
[2026-08-03 21:20:54] ATTENTION-ONLY QAT MATRIX START; all T/N variants run 10 epochs
[2026-08-03 21:20:54] REUSE E2-DUAL validation run=/home/hplab/uxin/yolo11/yolo_binaryqk/artifacts/runs/E2-DUAL/validation/67c392ae-4c58-49ed-aa9a-8f922757b28c
[2026-08-03 21:20:57] REUSE T0 stage=full checkpoint=/home/hplab/uxin/yolo11/yolo_binaryqk/artifacts/runs/T0/full/ebba4065-47f7-4eee-9ac4-0a324e8eee5c/checkpoints/strict-last.pt
[2026-08-03 21:20:57] REUSE T1 stage=full checkpoint=/home/hplab/uxin/yolo11/yolo_binaryqk/artifacts/runs/T1/full/0721d713-d2d3-4952-bf55-62539b18b0ce/checkpoints/strict-last.pt
[2026-08-03 21:20:59] START T2 stage=full epochs=10: independent FP-source attention-only fine-tuning 
[2026-08-03 21:21:24] persistent formal service inactive; requesting restart
[2026-08-03 21:21:24] ATTENTION-ONLY QAT MATRIX START; all T/N variants run 10 epochs
[2026-08-03 21:21:25] REUSE E2-DUAL validation run=/home/hplab/uxin/yolo11/yolo_binaryqk/artifacts/runs/E2-DUAL/validation/67c392ae-4c58-49ed-aa9a-8f922757b28c
[2026-08-03 21:21:27] REUSE T0 stage=full checkpoint=/home/hplab/uxin/yolo11/yolo_binaryqk/artifacts/runs/T0/full/ebba4065-47f7-4eee-9ac4-0a324e8eee5c/checkpoints/strict-last.pt
[2026-08-03 21:21:27] REUSE T1 stage=full checkpoint=/home/hplab/uxin/yolo11/yolo_binaryqk/artifacts/runs/T1/full/0721d713-d2d3-4952-bf55-62539b18b0ce/checkpoints/strict-last.pt
[2026-08-03 21:21:29] START T2 stage=full epochs=10: independent FP-source attention-only fine-tuning 
[2026-08-03 21:21:54] persistent formal service inactive; requesting restart
[2026-08-03 21:21:55] ATTENTION-ONLY QAT MATRIX START; all T/N variants run 10 epochs
[2026-08-03 21:21:55] REUSE E2-DUAL validation run=/home/hplab/uxin/yolo11/yolo_binaryqk/artifacts/runs/E2-DUAL/validation/67c392ae-4c58-49ed-aa9a-8f922757b28c
[2026-08-03 21:21:57] REUSE T0 stage=full checkpoint=/home/hplab/uxin/yolo11/yolo_binaryqk/artifacts/runs/T0/full/ebba4065-47f7-4eee-9ac4-0a324e8eee5c/checkpoints/strict-last.pt
[2026-08-03 21:21:58] REUSE T1 stage=full checkpoint=/home/hplab/uxin/yolo11/yolo_binaryqk/artifacts/runs/T1/full/0721d713-d2d3-4952-bf55-62539b18b0ce/checkpoints/strict-last.pt
[2026-08-03 21:21:59] START T2 stage=full epochs=10: independent FP-source attention-only fine-tuning 
[2026-08-03 21:22:24] persistent formal service inactive; requesting restart
[2026-08-03 21:22:25] ATTENTION-ONLY QAT MATRIX START; all T/N variants run 10 epochs
[2026-08-03 21:22:25] REUSE E2-DUAL validation run=/home/hplab/uxin/yolo11/yolo_binaryqk/artifacts/runs/E2-DUAL/validation/67c392ae-4c58-49ed-aa9a-8f922757b28c
[2026-08-03 21:22:27] REUSE T0 stage=full checkpoint=/home/hplab/uxin/yolo11/yolo_binaryqk/artifacts/runs/T0/full/ebba4065-47f7-4eee-9ac4-0a324e8eee5c/checkpoints/strict-last.pt
[2026-08-03 21:22:27] REUSE T1 stage=full checkpoint=/home/hplab/uxin/yolo11/yolo_binaryqk/artifacts/runs/T1/full/0721d713-d2d3-4952-bf55-62539b18b0ce/checkpoints/strict-last.pt
[2026-08-03 21:22:29] START T2 stage=full epochs=10: independent FP-source attention-only fine-tuning 
[2026-08-03 21:22:55] persistent formal service inactive; requesting restart
[2026-08-03 21:22:55] ATTENTION-ONLY QAT MATRIX START; all T/N variants run 10 epochs
[2026-08-03 21:22:55] REUSE E2-DUAL validation run=/home/hplab/uxin/yolo11/yolo_binaryqk/artifacts/runs/E2-DUAL/validation/67c392ae-4c58-49ed-aa9a-8f922757b28c
[2026-08-03 21:22:57] REUSE T0 stage=full checkpoint=/home/hplab/uxin/yolo11/yolo_binaryqk/artifacts/runs/T0/full/ebba4065-47f7-4eee-9ac4-0a324e8eee5c/checkpoints/strict-last.pt
[2026-08-03 21:22:58] REUSE T1 stage=full checkpoint=/home/hplab/uxin/yolo11/yolo_binaryqk/artifacts/runs/T1/full/0721d713-d2d3-4952-bf55-62539b18b0ce/checkpoints/strict-last.pt
[2026-08-03 21:22:59] START T2 stage=full epochs=10: independent FP-source attention-only fine-tuning 
[2026-08-03 21:23:25] persistent formal service inactive; requesting restart
[2026-08-03 21:23:25] ATTENTION-ONLY QAT MATRIX START; all T/N variants run 10 epochs
[2026-08-03 21:23:25] REUSE E2-DUAL validation run=/home/hplab/uxin/yolo11/yolo_binaryqk/artifacts/runs/E2-DUAL/validation/67c392ae-4c58-49ed-aa9a-8f922757b28c
[2026-08-03 21:23:27] REUSE T0 stage=full checkpoint=/home/hplab/uxin/yolo11/yolo_binaryqk/artifacts/runs/T0/full/ebba4065-47f7-4eee-9ac4-0a324e8eee5c/checkpoints/strict-last.pt
[2026-08-03 21:23:28] REUSE T1 stage=full checkpoint=/home/hplab/uxin/yolo11/yolo_binaryqk/artifacts/runs/T1/full/0721d713-d2d3-4952-bf55-62539b18b0ce/checkpoints/strict-last.pt
[2026-08-03 21:23:29] START T2 stage=full epochs=10: independent FP-source attention-only fine-tuning 
[2026-08-03 21:23:55] persistent formal service inactive; requesting restart
[2026-08-03 21:23:55] ATTENTION-ONLY QAT MATRIX START; all T/N variants run 10 epochs
[2026-08-03 21:23:55] REUSE E2-DUAL validation run=/home/hplab/uxin/yolo11/yolo_binaryqk/artifacts/runs/E2-DUAL/validation/67c392ae-4c58-49ed-aa9a-8f922757b28c
[2026-08-03 21:23:57] REUSE T0 stage=full checkpoint=/home/hplab/uxin/yolo11/yolo_binaryqk/artifacts/runs/T0/full/ebba4065-47f7-4eee-9ac4-0a324e8eee5c/checkpoints/strict-last.pt
[2026-08-03 21:23:58] REUSE T1 stage=full checkpoint=/home/hplab/uxin/yolo11/yolo_binaryqk/artifacts/runs/T1/full/0721d713-d2d3-4952-bf55-62539b18b0ce/checkpoints/strict-last.pt
[2026-08-03 21:23:59] START T2 stage=full epochs=10: independent FP-source attention-only fine-tuning 
[2026-08-03 21:24:25] persistent formal service inactive; requesting restart
[2026-08-03 21:24:25] ATTENTION-ONLY QAT MATRIX START; all T/N variants run 10 epochs
[2026-08-03 21:24:25] REUSE E2-DUAL validation run=/home/hplab/uxin/yolo11/yolo_binaryqk/artifacts/runs/E2-DUAL/validation/67c392ae-4c58-49ed-aa9a-8f922757b28c
[2026-08-03 21:24:27] REUSE T0 stage=full checkpoint=/home/hplab/uxin/yolo11/yolo_binaryqk/artifacts/runs/T0/full/ebba4065-47f7-4eee-9ac4-0a324e8eee5c/checkpoints/strict-last.pt
[2026-08-03 21:24:28] REUSE T1 stage=full checkpoint=/home/hplab/uxin/yolo11/yolo_binaryqk/artifacts/runs/T1/full/0721d713-d2d3-4952-bf55-62539b18b0ce/checkpoints/strict-last.pt
[2026-08-03 21:24:29] START T2 stage=full epochs=10: independent FP-source attention-only fine-tuning 
[2026-08-03 21:24:55] persistent formal service inactive; requesting restart
[2026-08-03 21:24:55] ATTENTION-ONLY QAT MATRIX START; all T/N variants run 10 epochs
[2026-08-03 21:24:55] REUSE E2-DUAL validation run=/home/hplab/uxin/yolo11/yolo_binaryqk/artifacts/runs/E2-DUAL/validation/67c392ae-4c58-49ed-aa9a-8f922757b28c
[2026-08-03 21:24:57] REUSE T0 stage=full checkpoint=/home/hplab/uxin/yolo11/yolo_binaryqk/artifacts/runs/T0/full/ebba4065-47f7-4eee-9ac4-0a324e8eee5c/checkpoints/strict-last.pt
[2026-08-03 21:24:58] REUSE T1 stage=full checkpoint=/home/hplab/uxin/yolo11/yolo_binaryqk/artifacts/runs/T1/full/0721d713-d2d3-4952-bf55-62539b18b0ce/checkpoints/strict-last.pt
[2026-08-03 21:24:59] START T2 stage=full epochs=10: independent FP-source attention-only fine-tuning 
[2026-08-03 21:25:25] persistent formal service inactive; requesting restart
[2026-08-03 21:25:25] ATTENTION-ONLY QAT MATRIX START; all T/N variants run 10 epochs
[2026-08-03 21:25:25] REUSE E2-DUAL validation run=/home/hplab/uxin/yolo11/yolo_binaryqk/artifacts/runs/E2-DUAL/validation/67c392ae-4c58-49ed-aa9a-8f922757b28c
[2026-08-03 21:25:27] REUSE T0 stage=full checkpoint=/home/hplab/uxin/yolo11/yolo_binaryqk/artifacts/runs/T0/full/ebba4065-47f7-4eee-9ac4-0a324e8eee5c/checkpoints/strict-last.pt
[2026-08-03 21:25:28] REUSE T1 stage=full checkpoint=/home/hplab/uxin/yolo11/yolo_binaryqk/artifacts/runs/T1/full/0721d713-d2d3-4952-bf55-62539b18b0ce/checkpoints/strict-last.pt
[2026-08-03 21:25:29] START T2 stage=full epochs=10: independent FP-source attention-only fine-tuning 
[2026-08-03 21:25:55] persistent formal service inactive; requesting restart
[2026-08-03 21:25:55] ATTENTION-ONLY QAT MATRIX START; all T/N variants run 10 epochs
[2026-08-03 21:25:55] REUSE E2-DUAL validation run=/home/hplab/uxin/yolo11/yolo_binaryqk/artifacts/runs/E2-DUAL/validation/67c392ae-4c58-49ed-aa9a-8f922757b28c
[2026-08-03 21:25:57] REUSE T0 stage=full checkpoint=/home/hplab/uxin/yolo11/yolo_binaryqk/artifacts/runs/T0/full/ebba4065-47f7-4eee-9ac4-0a324e8eee5c/checkpoints/strict-last.pt
[2026-08-03 21:25:58] REUSE T1 stage=full checkpoint=/home/hplab/uxin/yolo11/yolo_binaryqk/artifacts/runs/T1/full/0721d713-d2d3-4952-bf55-62539b18b0ce/checkpoints/strict-last.pt
[2026-08-03 21:25:59] START T2 stage=full epochs=10: independent FP-source attention-only fine-tuning 
[2026-08-03 21:26:25] persistent formal service inactive; requesting restart
[2026-08-03 21:26:25] ATTENTION-ONLY QAT MATRIX START; all T/N variants run 10 epochs
[2026-08-03 21:26:25] REUSE E2-DUAL validation run=/home/hplab/uxin/yolo11/yolo_binaryqk/artifacts/runs/E2-DUAL/validation/67c392ae-4c58-49ed-aa9a-8f922757b28c
[2026-08-03 21:26:27] REUSE T0 stage=full checkpoint=/home/hplab/uxin/yolo11/yolo_binaryqk/artifacts/runs/T0/full/ebba4065-47f7-4eee-9ac4-0a324e8eee5c/checkpoints/strict-last.pt
[2026-08-03 21:26:28] REUSE T1 stage=full checkpoint=/home/hplab/uxin/yolo11/yolo_binaryqk/artifacts/runs/T1/full/0721d713-d2d3-4952-bf55-62539b18b0ce/checkpoints/strict-last.pt
[2026-08-03 21:26:30] START T2 stage=full epochs=10: independent FP-source attention-only fine-tuning 
[2026-08-03 21:26:55] persistent formal service inactive; requesting restart
[2026-08-03 21:26:55] ATTENTION-ONLY QAT MATRIX START; all T/N variants run 10 epochs
[2026-08-03 21:26:55] REUSE E2-DUAL validation run=/home/hplab/uxin/yolo11/yolo_binaryqk/artifacts/runs/E2-DUAL/validation/67c392ae-4c58-49ed-aa9a-8f922757b28c
[2026-08-03 21:26:57] REUSE T0 stage=full checkpoint=/home/hplab/uxin/yolo11/yolo_binaryqk/artifacts/runs/T0/full/ebba4065-47f7-4eee-9ac4-0a324e8eee5c/checkpoints/strict-last.pt
[2026-08-03 21:26:58] REUSE T1 stage=full checkpoint=/home/hplab/uxin/yolo11/yolo_binaryqk/artifacts/runs/T1/full/0721d713-d2d3-4952-bf55-62539b18b0ce/checkpoints/strict-last.pt
[2026-08-03 21:26:59] START T2 stage=full epochs=10: independent FP-source attention-only fine-tuning 
[2026-08-03 21:27:25] persistent formal service inactive; requesting restart
[2026-08-03 21:27:25] ATTENTION-ONLY QAT MATRIX START; all T/N variants run 10 epochs
[2026-08-03 21:27:25] REUSE E2-DUAL validation run=/home/hplab/uxin/yolo11/yolo_binaryqk/artifacts/runs/E2-DUAL/validation/67c392ae-4c58-49ed-aa9a-8f922757b28c
[2026-08-03 21:27:27] REUSE T0 stage=full checkpoint=/home/hplab/uxin/yolo11/yolo_binaryqk/artifacts/runs/T0/full/ebba4065-47f7-4eee-9ac4-0a324e8eee5c/checkpoints/strict-last.pt
[2026-08-03 21:27:28] REUSE T1 stage=full checkpoint=/home/hplab/uxin/yolo11/yolo_binaryqk/artifacts/runs/T1/full/0721d713-d2d3-4952-bf55-62539b18b0ce/checkpoints/strict-last.pt
[2026-08-03 21:27:29] START T2 stage=full epochs=10: independent FP-source attention-only fine-tuning 
[2026-08-03 21:27:55] persistent formal service inactive; requesting restart
[2026-08-03 21:27:55] ATTENTION-ONLY QAT MATRIX START; all T/N variants run 10 epochs
[2026-08-03 21:27:55] REUSE E2-DUAL validation run=/home/hplab/uxin/yolo11/yolo_binaryqk/artifacts/runs/E2-DUAL/validation/67c392ae-4c58-49ed-aa9a-8f922757b28c
[2026-08-03 21:27:57] REUSE T0 stage=full checkpoint=/home/hplab/uxin/yolo11/yolo_binaryqk/artifacts/runs/T0/full/ebba4065-47f7-4eee-9ac4-0a324e8eee5c/checkpoints/strict-last.pt
[2026-08-03 21:27:58] REUSE T1 stage=full checkpoint=/home/hplab/uxin/yolo11/yolo_binaryqk/artifacts/runs/T1/full/0721d713-d2d3-4952-bf55-62539b18b0ce/checkpoints/strict-last.pt
[2026-08-03 21:28:00] START T2 stage=full epochs=10: independent FP-source attention-only fine-tuning 
[2026-08-03 21:28:25] persistent formal service inactive; requesting restart
[2026-08-03 21:28:25] ATTENTION-ONLY QAT MATRIX START; all T/N variants run 10 epochs
[2026-08-03 21:28:25] REUSE E2-DUAL validation run=/home/hplab/uxin/yolo11/yolo_binaryqk/artifacts/runs/E2-DUAL/validation/67c392ae-4c58-49ed-aa9a-8f922757b28c
[2026-08-03 21:28:27] REUSE T0 stage=full checkpoint=/home/hplab/uxin/yolo11/yolo_binaryqk/artifacts/runs/T0/full/ebba4065-47f7-4eee-9ac4-0a324e8eee5c/checkpoints/strict-last.pt
[2026-08-03 21:28:28] REUSE T1 stage=full checkpoint=/home/hplab/uxin/yolo11/yolo_binaryqk/artifacts/runs/T1/full/0721d713-d2d3-4952-bf55-62539b18b0ce/checkpoints/strict-last.pt
[2026-08-03 21:28:30] START T2 stage=full epochs=10: independent FP-source attention-only fine-tuning 
[2026-08-03 21:28:55] persistent formal service inactive; requesting restart
[2026-08-03 21:28:55] ATTENTION-ONLY QAT MATRIX START; all T/N variants run 10 epochs
[2026-08-03 21:28:55] REUSE E2-DUAL validation run=/home/hplab/uxin/yolo11/yolo_binaryqk/artifacts/runs/E2-DUAL/validation/67c392ae-4c58-49ed-aa9a-8f922757b28c
[2026-08-03 21:28:57] REUSE T0 stage=full checkpoint=/home/hplab/uxin/yolo11/yolo_binaryqk/artifacts/runs/T0/full/ebba4065-47f7-4eee-9ac4-0a324e8eee5c/checkpoints/strict-last.pt
[2026-08-03 21:28:58] REUSE T1 stage=full checkpoint=/home/hplab/uxin/yolo11/yolo_binaryqk/artifacts/runs/T1/full/0721d713-d2d3-4952-bf55-62539b18b0ce/checkpoints/strict-last.pt
[2026-08-03 21:29:00] START T2 stage=full epochs=10: independent FP-source attention-only fine-tuning 
[2026-08-03 21:29:25] persistent formal service inactive; requesting restart
[2026-08-03 21:29:25] ATTENTION-ONLY QAT MATRIX START; all T/N variants run 10 epochs
[2026-08-03 21:29:25] REUSE E2-DUAL validation run=/home/hplab/uxin/yolo11/yolo_binaryqk/artifacts/runs/E2-DUAL/validation/67c392ae-4c58-49ed-aa9a-8f922757b28c
[2026-08-03 21:29:27] REUSE T0 stage=full checkpoint=/home/hplab/uxin/yolo11/yolo_binaryqk/artifacts/runs/T0/full/ebba4065-47f7-4eee-9ac4-0a324e8eee5c/checkpoints/strict-last.pt
[2026-08-03 21:29:28] REUSE T1 stage=full checkpoint=/home/hplab/uxin/yolo11/yolo_binaryqk/artifacts/runs/T1/full/0721d713-d2d3-4952-bf55-62539b18b0ce/checkpoints/strict-last.pt
[2026-08-03 21:29:30] START T2 stage=full epochs=10: independent FP-source attention-only fine-tuning 
[2026-08-03 21:29:55] persistent formal service inactive; requesting restart
[2026-08-03 21:29:55] ATTENTION-ONLY QAT MATRIX START; all T/N variants run 10 epochs
[2026-08-03 21:29:55] REUSE E2-DUAL validation run=/home/hplab/uxin/yolo11/yolo_binaryqk/artifacts/runs/E2-DUAL/validation/67c392ae-4c58-49ed-aa9a-8f922757b28c
[2026-08-03 21:29:57] REUSE T0 stage=full checkpoint=/home/hplab/uxin/yolo11/yolo_binaryqk/artifacts/runs/T0/full/ebba4065-47f7-4eee-9ac4-0a324e8eee5c/checkpoints/strict-last.pt
[2026-08-03 21:29:58] REUSE T1 stage=full checkpoint=/home/hplab/uxin/yolo11/yolo_binaryqk/artifacts/runs/T1/full/0721d713-d2d3-4952-bf55-62539b18b0ce/checkpoints/strict-last.pt
[2026-08-03 21:30:00] START T2 stage=full epochs=10: independent FP-source attention-only fine-tuning 
[2026-08-03 21:30:25] persistent formal service inactive; requesting restart
[2026-08-03 21:30:25] ATTENTION-ONLY QAT MATRIX START; all T/N variants run 10 epochs
[2026-08-03 21:30:25] REUSE E2-DUAL validation run=/home/hplab/uxin/yolo11/yolo_binaryqk/artifacts/runs/E2-DUAL/validation/67c392ae-4c58-49ed-aa9a-8f922757b28c
[2026-08-03 21:30:27] REUSE T0 stage=full checkpoint=/home/hplab/uxin/yolo11/yolo_binaryqk/artifacts/runs/T0/full/ebba4065-47f7-4eee-9ac4-0a324e8eee5c/checkpoints/strict-last.pt
[2026-08-03 21:30:28] REUSE T1 stage=full checkpoint=/home/hplab/uxin/yolo11/yolo_binaryqk/artifacts/runs/T1/full/0721d713-d2d3-4952-bf55-62539b18b0ce/checkpoints/strict-last.pt
[2026-08-03 21:30:30] START T2 stage=full epochs=10: independent FP-source attention-only fine-tuning 
[2026-08-03 21:30:55] persistent formal service inactive; requesting restart
[2026-08-03 21:30:55] ATTENTION-ONLY QAT MATRIX START; all T/N variants run 10 epochs
[2026-08-03 21:30:55] REUSE E2-DUAL validation run=/home/hplab/uxin/yolo11/yolo_binaryqk/artifacts/runs/E2-DUAL/validation/67c392ae-4c58-49ed-aa9a-8f922757b28c
[2026-08-03 21:30:57] REUSE T0 stage=full checkpoint=/home/hplab/uxin/yolo11/yolo_binaryqk/artifacts/runs/T0/full/ebba4065-47f7-4eee-9ac4-0a324e8eee5c/checkpoints/strict-last.pt
[2026-08-03 21:30:58] REUSE T1 stage=full checkpoint=/home/hplab/uxin/yolo11/yolo_binaryqk/artifacts/runs/T1/full/0721d713-d2d3-4952-bf55-62539b18b0ce/checkpoints/strict-last.pt
[2026-08-03 21:31:00] START T2 stage=full epochs=10: independent FP-source attention-only fine-tuning 
[2026-08-03 21:31:25] persistent formal service inactive; requesting restart
[2026-08-03 21:31:25] ATTENTION-ONLY QAT MATRIX START; all T/N variants run 10 epochs
[2026-08-03 21:31:25] REUSE E2-DUAL validation run=/home/hplab/uxin/yolo11/yolo_binaryqk/artifacts/runs/E2-DUAL/validation/67c392ae-4c58-49ed-aa9a-8f922757b28c
[2026-08-03 21:31:27] REUSE T0 stage=full checkpoint=/home/hplab/uxin/yolo11/yolo_binaryqk/artifacts/runs/T0/full/ebba4065-47f7-4eee-9ac4-0a324e8eee5c/checkpoints/strict-last.pt
[2026-08-03 21:31:28] REUSE T1 stage=full checkpoint=/home/hplab/uxin/yolo11/yolo_binaryqk/artifacts/runs/T1/full/0721d713-d2d3-4952-bf55-62539b18b0ce/checkpoints/strict-last.pt
[2026-08-03 21:31:30] START T2 stage=full epochs=10: independent FP-source attention-only fine-tuning 
[2026-08-03 21:31:55] persistent formal service inactive; requesting restart
[2026-08-03 21:31:55] ATTENTION-ONLY QAT MATRIX START; all T/N variants run 10 epochs
[2026-08-03 21:31:55] REUSE E2-DUAL validation run=/home/hplab/uxin/yolo11/yolo_binaryqk/artifacts/runs/E2-DUAL/validation/67c392ae-4c58-49ed-aa9a-8f922757b28c
[2026-08-03 21:31:57] REUSE T0 stage=full checkpoint=/home/hplab/uxin/yolo11/yolo_binaryqk/artifacts/runs/T0/full/ebba4065-47f7-4eee-9ac4-0a324e8eee5c/checkpoints/strict-last.pt
[2026-08-03 21:31:58] REUSE T1 stage=full checkpoint=/home/hplab/uxin/yolo11/yolo_binaryqk/artifacts/runs/T1/full/0721d713-d2d3-4952-bf55-62539b18b0ce/checkpoints/strict-last.pt
[2026-08-03 21:32:00] START T2 stage=full epochs=10: independent FP-source attention-only fine-tuning 
[2026-08-03 21:32:25] persistent formal service inactive; requesting restart
[2026-08-03 21:32:25] ATTENTION-ONLY QAT MATRIX START; all T/N variants run 10 epochs
[2026-08-03 21:32:25] REUSE E2-DUAL validation run=/home/hplab/uxin/yolo11/yolo_binaryqk/artifacts/runs/E2-DUAL/validation/67c392ae-4c58-49ed-aa9a-8f922757b28c
[2026-08-03 21:32:27] REUSE T0 stage=full checkpoint=/home/hplab/uxin/yolo11/yolo_binaryqk/artifacts/runs/T0/full/ebba4065-47f7-4eee-9ac4-0a324e8eee5c/checkpoints/strict-last.pt
[2026-08-03 21:32:28] REUSE T1 stage=full checkpoint=/home/hplab/uxin/yolo11/yolo_binaryqk/artifacts/runs/T1/full/0721d713-d2d3-4952-bf55-62539b18b0ce/checkpoints/strict-last.pt
[2026-08-03 21:32:30] START T2 stage=full epochs=10: independent FP-source attention-only fine-tuning 
[2026-08-03 21:32:55] persistent formal service inactive; requesting restart
[2026-08-03 21:32:55] ATTENTION-ONLY QAT MATRIX START; all T/N variants run 10 epochs
[2026-08-03 21:32:55] REUSE E2-DUAL validation run=/home/hplab/uxin/yolo11/yolo_binaryqk/artifacts/runs/E2-DUAL/validation/67c392ae-4c58-49ed-aa9a-8f922757b28c
[2026-08-03 21:32:57] REUSE T0 stage=full checkpoint=/home/hplab/uxin/yolo11/yolo_binaryqk/artifacts/runs/T0/full/ebba4065-47f7-4eee-9ac4-0a324e8eee5c/checkpoints/strict-last.pt
[2026-08-03 21:32:58] REUSE T1 stage=full checkpoint=/home/hplab/uxin/yolo11/yolo_binaryqk/artifacts/runs/T1/full/0721d713-d2d3-4952-bf55-62539b18b0ce/checkpoints/strict-last.pt
[2026-08-03 21:33:00] START T2 stage=full epochs=10: independent FP-source attention-only fine-tuning 
[2026-08-03 21:33:25] persistent formal service inactive; requesting restart
[2026-08-03 21:33:25] ATTENTION-ONLY QAT MATRIX START; all T/N variants run 10 epochs
[2026-08-03 21:33:25] REUSE E2-DUAL validation run=/home/hplab/uxin/yolo11/yolo_binaryqk/artifacts/runs/E2-DUAL/validation/67c392ae-4c58-49ed-aa9a-8f922757b28c
[2026-08-03 21:33:27] REUSE T0 stage=full checkpoint=/home/hplab/uxin/yolo11/yolo_binaryqk/artifacts/runs/T0/full/ebba4065-47f7-4eee-9ac4-0a324e8eee5c/checkpoints/strict-last.pt
[2026-08-03 21:33:28] REUSE T1 stage=full checkpoint=/home/hplab/uxin/yolo11/yolo_binaryqk/artifacts/runs/T1/full/0721d713-d2d3-4952-bf55-62539b18b0ce/checkpoints/strict-last.pt
[2026-08-03 21:33:30] START T2 stage=full epochs=10: independent FP-source attention-only fine-tuning 
[2026-08-03 21:33:55] persistent formal service inactive; requesting restart
[2026-08-03 21:33:55] ATTENTION-ONLY QAT MATRIX START; all T/N variants run 10 epochs
[2026-08-03 21:33:55] REUSE E2-DUAL validation run=/home/hplab/uxin/yolo11/yolo_binaryqk/artifacts/runs/E2-DUAL/validation/67c392ae-4c58-49ed-aa9a-8f922757b28c
[2026-08-03 21:33:57] REUSE T0 stage=full checkpoint=/home/hplab/uxin/yolo11/yolo_binaryqk/artifacts/runs/T0/full/ebba4065-47f7-4eee-9ac4-0a324e8eee5c/checkpoints/strict-last.pt
[2026-08-03 21:33:58] REUSE T1 stage=full checkpoint=/home/hplab/uxin/yolo11/yolo_binaryqk/artifacts/runs/T1/full/0721d713-d2d3-4952-bf55-62539b18b0ce/checkpoints/strict-last.pt
[2026-08-03 21:34:00] START T2 stage=full epochs=10: independent FP-source attention-only fine-tuning 
[2026-08-03 21:34:25] persistent formal service inactive; requesting restart
[2026-08-03 21:34:25] ATTENTION-ONLY QAT MATRIX START; all T/N variants run 10 epochs
[2026-08-03 21:34:25] REUSE E2-DUAL validation run=/home/hplab/uxin/yolo11/yolo_binaryqk/artifacts/runs/E2-DUAL/validation/67c392ae-4c58-49ed-aa9a-8f922757b28c
[2026-08-03 21:34:27] REUSE T0 stage=full checkpoint=/home/hplab/uxin/yolo11/yolo_binaryqk/artifacts/runs/T0/full/ebba4065-47f7-4eee-9ac4-0a324e8eee5c/checkpoints/strict-last.pt
[2026-08-03 21:34:28] REUSE T1 stage=full checkpoint=/home/hplab/uxin/yolo11/yolo_binaryqk/artifacts/runs/T1/full/0721d713-d2d3-4952-bf55-62539b18b0ce/checkpoints/strict-last.pt
[2026-08-03 21:34:30] START T2 stage=full epochs=10: independent FP-source attention-only fine-tuning 
[2026-08-03 21:34:55] persistent formal service inactive; requesting restart
[2026-08-03 21:34:55] ATTENTION-ONLY QAT MATRIX START; all T/N variants run 10 epochs
[2026-08-03 21:34:55] REUSE E2-DUAL validation run=/home/hplab/uxin/yolo11/yolo_binaryqk/artifacts/runs/E2-DUAL/validation/67c392ae-4c58-49ed-aa9a-8f922757b28c
[2026-08-03 21:34:57] REUSE T0 stage=full checkpoint=/home/hplab/uxin/yolo11/yolo_binaryqk/artifacts/runs/T0/full/ebba4065-47f7-4eee-9ac4-0a324e8eee5c/checkpoints/strict-last.pt
[2026-08-03 21:34:58] REUSE T1 stage=full checkpoint=/home/hplab/uxin/yolo11/yolo_binaryqk/artifacts/runs/T1/full/0721d713-d2d3-4952-bf55-62539b18b0ce/checkpoints/strict-last.pt
[2026-08-03 21:35:00] START T2 stage=full epochs=10: independent FP-source attention-only fine-tuning 
[2026-08-03 21:35:25] persistent formal service inactive; requesting restart
[2026-08-03 21:35:25] ATTENTION-ONLY QAT MATRIX START; all T/N variants run 10 epochs
[2026-08-03 21:35:25] REUSE E2-DUAL validation run=/home/hplab/uxin/yolo11/yolo_binaryqk/artifacts/runs/E2-DUAL/validation/67c392ae-4c58-49ed-aa9a-8f922757b28c
[2026-08-03 21:35:27] REUSE T0 stage=full checkpoint=/home/hplab/uxin/yolo11/yolo_binaryqk/artifacts/runs/T0/full/ebba4065-47f7-4eee-9ac4-0a324e8eee5c/checkpoints/strict-last.pt
[2026-08-03 21:35:28] REUSE T1 stage=full checkpoint=/home/hplab/uxin/yolo11/yolo_binaryqk/artifacts/runs/T1/full/0721d713-d2d3-4952-bf55-62539b18b0ce/checkpoints/strict-last.pt
[2026-08-03 21:35:30] START T2 stage=full epochs=10: independent FP-source attention-only fine-tuning 
[2026-08-03 21:35:55] persistent formal service inactive; requesting restart
[2026-08-03 21:35:55] ATTENTION-ONLY QAT MATRIX START; all T/N variants run 10 epochs
[2026-08-03 21:35:55] REUSE E2-DUAL validation run=/home/hplab/uxin/yolo11/yolo_binaryqk/artifacts/runs/E2-DUAL/validation/67c392ae-4c58-49ed-aa9a-8f922757b28c
[2026-08-03 21:35:57] REUSE T0 stage=full checkpoint=/home/hplab/uxin/yolo11/yolo_binaryqk/artifacts/runs/T0/full/ebba4065-47f7-4eee-9ac4-0a324e8eee5c/checkpoints/strict-last.pt
[2026-08-03 21:35:58] REUSE T1 stage=full checkpoint=/home/hplab/uxin/yolo11/yolo_binaryqk/artifacts/runs/T1/full/0721d713-d2d3-4952-bf55-62539b18b0ce/checkpoints/strict-last.pt
[2026-08-03 21:36:00] START T2 stage=full epochs=10: independent FP-source attention-only fine-tuning 
[2026-08-03 21:36:25] persistent formal service inactive; requesting restart
[2026-08-03 21:36:25] ATTENTION-ONLY QAT MATRIX START; all T/N variants run 10 epochs
[2026-08-03 21:36:25] REUSE E2-DUAL validation run=/home/hplab/uxin/yolo11/yolo_binaryqk/artifacts/runs/E2-DUAL/validation/67c392ae-4c58-49ed-aa9a-8f922757b28c
[2026-08-03 21:36:27] REUSE T0 stage=full checkpoint=/home/hplab/uxin/yolo11/yolo_binaryqk/artifacts/runs/T0/full/ebba4065-47f7-4eee-9ac4-0a324e8eee5c/checkpoints/strict-last.pt
[2026-08-03 21:36:28] REUSE T1 stage=full checkpoint=/home/hplab/uxin/yolo11/yolo_binaryqk/artifacts/runs/T1/full/0721d713-d2d3-4952-bf55-62539b18b0ce/checkpoints/strict-last.pt
[2026-08-03 21:36:30] START T2 stage=full epochs=10: independent FP-source attention-only fine-tuning 
[2026-08-03 21:36:55] persistent formal service inactive; requesting restart
[2026-08-03 21:36:55] ATTENTION-ONLY QAT MATRIX START; all T/N variants run 10 epochs
[2026-08-03 21:36:55] REUSE E2-DUAL validation run=/home/hplab/uxin/yolo11/yolo_binaryqk/artifacts/runs/E2-DUAL/validation/67c392ae-4c58-49ed-aa9a-8f922757b28c
[2026-08-03 21:36:57] REUSE T0 stage=full checkpoint=/home/hplab/uxin/yolo11/yolo_binaryqk/artifacts/runs/T0/full/ebba4065-47f7-4eee-9ac4-0a324e8eee5c/checkpoints/strict-last.pt
[2026-08-03 21:36:58] REUSE T1 stage=full checkpoint=/home/hplab/uxin/yolo11/yolo_binaryqk/artifacts/runs/T1/full/0721d713-d2d3-4952-bf55-62539b18b0ce/checkpoints/strict-last.pt
[2026-08-03 21:37:00] START T2 stage=full epochs=10: independent FP-source attention-only fine-tuning 
[2026-08-03 21:37:25] persistent formal service inactive; requesting restart
[2026-08-03 21:37:25] ATTENTION-ONLY QAT MATRIX START; all T/N variants run 10 epochs
[2026-08-03 21:37:25] REUSE E2-DUAL validation run=/home/hplab/uxin/yolo11/yolo_binaryqk/artifacts/runs/E2-DUAL/validation/67c392ae-4c58-49ed-aa9a-8f922757b28c
[2026-08-03 21:37:27] REUSE T0 stage=full checkpoint=/home/hplab/uxin/yolo11/yolo_binaryqk/artifacts/runs/T0/full/ebba4065-47f7-4eee-9ac4-0a324e8eee5c/checkpoints/strict-last.pt
[2026-08-03 21:37:28] REUSE T1 stage=full checkpoint=/home/hplab/uxin/yolo11/yolo_binaryqk/artifacts/runs/T1/full/0721d713-d2d3-4952-bf55-62539b18b0ce/checkpoints/strict-last.pt
[2026-08-03 21:37:30] START T2 stage=full epochs=10: independent FP-source attention-only fine-tuning 
[2026-08-03 21:37:55] persistent formal service inactive; requesting restart
[2026-08-03 21:37:55] ATTENTION-ONLY QAT MATRIX START; all T/N variants run 10 epochs
[2026-08-03 21:37:55] REUSE E2-DUAL validation run=/home/hplab/uxin/yolo11/yolo_binaryqk/artifacts/runs/E2-DUAL/validation/67c392ae-4c58-49ed-aa9a-8f922757b28c
[2026-08-03 21:37:57] REUSE T0 stage=full checkpoint=/home/hplab/uxin/yolo11/yolo_binaryqk/artifacts/runs/T0/full/ebba4065-47f7-4eee-9ac4-0a324e8eee5c/checkpoints/strict-last.pt
[2026-08-03 21:37:58] REUSE T1 stage=full checkpoint=/home/hplab/uxin/yolo11/yolo_binaryqk/artifacts/runs/T1/full/0721d713-d2d3-4952-bf55-62539b18b0ce/checkpoints/strict-last.pt
[2026-08-03 21:38:00] START T2 stage=full epochs=10: independent FP-source attention-only fine-tuning 
[2026-08-03 21:38:25] persistent formal service inactive; requesting restart
[2026-08-03 21:38:25] ATTENTION-ONLY QAT MATRIX START; all T/N variants run 10 epochs
[2026-08-03 21:38:25] REUSE E2-DUAL validation run=/home/hplab/uxin/yolo11/yolo_binaryqk/artifacts/runs/E2-DUAL/validation/67c392ae-4c58-49ed-aa9a-8f922757b28c
[2026-08-03 21:38:27] REUSE T0 stage=full checkpoint=/home/hplab/uxin/yolo11/yolo_binaryqk/artifacts/runs/T0/full/ebba4065-47f7-4eee-9ac4-0a324e8eee5c/checkpoints/strict-last.pt
[2026-08-03 21:38:28] REUSE T1 stage=full checkpoint=/home/hplab/uxin/yolo11/yolo_binaryqk/artifacts/runs/T1/full/0721d713-d2d3-4952-bf55-62539b18b0ce/checkpoints/strict-last.pt
[2026-08-03 21:38:30] START T2 stage=full epochs=10: independent FP-source attention-only fine-tuning 
[2026-08-03 21:38:55] persistent formal service inactive; requesting restart
[2026-08-03 21:38:55] ATTENTION-ONLY QAT MATRIX START; all T/N variants run 10 epochs
[2026-08-03 21:38:55] REUSE E2-DUAL validation run=/home/hplab/uxin/yolo11/yolo_binaryqk/artifacts/runs/E2-DUAL/validation/67c392ae-4c58-49ed-aa9a-8f922757b28c
[2026-08-03 21:38:57] REUSE T0 stage=full checkpoint=/home/hplab/uxin/yolo11/yolo_binaryqk/artifacts/runs/T0/full/ebba4065-47f7-4eee-9ac4-0a324e8eee5c/checkpoints/strict-last.pt
[2026-08-03 21:38:58] REUSE T1 stage=full checkpoint=/home/hplab/uxin/yolo11/yolo_binaryqk/artifacts/runs/T1/full/0721d713-d2d3-4952-bf55-62539b18b0ce/checkpoints/strict-last.pt
[2026-08-03 21:39:00] START T2 stage=full epochs=10: independent FP-source attention-only fine-tuning 
[2026-08-03 21:39:25] persistent formal service inactive; requesting restart
[2026-08-03 21:39:25] ATTENTION-ONLY QAT MATRIX START; all T/N variants run 10 epochs
[2026-08-03 21:39:25] REUSE E2-DUAL validation run=/home/hplab/uxin/yolo11/yolo_binaryqk/artifacts/runs/E2-DUAL/validation/67c392ae-4c58-49ed-aa9a-8f922757b28c
[2026-08-03 21:39:27] REUSE T0 stage=full checkpoint=/home/hplab/uxin/yolo11/yolo_binaryqk/artifacts/runs/T0/full/ebba4065-47f7-4eee-9ac4-0a324e8eee5c/checkpoints/strict-last.pt
[2026-08-03 21:39:28] REUSE T1 stage=full checkpoint=/home/hplab/uxin/yolo11/yolo_binaryqk/artifacts/runs/T1/full/0721d713-d2d3-4952-bf55-62539b18b0ce/checkpoints/strict-last.pt
[2026-08-03 21:39:30] START T2 stage=full epochs=10: independent FP-source attention-only fine-tuning 
[2026-08-03 21:39:55] persistent formal service inactive; requesting restart
[2026-08-03 21:39:55] ATTENTION-ONLY QAT MATRIX START; all T/N variants run 10 epochs
[2026-08-03 21:39:55] REUSE E2-DUAL validation run=/home/hplab/uxin/yolo11/yolo_binaryqk/artifacts/runs/E2-DUAL/validation/67c392ae-4c58-49ed-aa9a-8f922757b28c
[2026-08-03 21:39:57] REUSE T0 stage=full checkpoint=/home/hplab/uxin/yolo11/yolo_binaryqk/artifacts/runs/T0/full/ebba4065-47f7-4eee-9ac4-0a324e8eee5c/checkpoints/strict-last.pt
[2026-08-03 21:39:58] REUSE T1 stage=full checkpoint=/home/hplab/uxin/yolo11/yolo_binaryqk/artifacts/runs/T1/full/0721d713-d2d3-4952-bf55-62539b18b0ce/checkpoints/strict-last.pt
[2026-08-03 21:40:00] START T2 stage=full epochs=10: independent FP-source attention-only fine-tuning 
[2026-08-03 22:25:38] ATTENTION-ONLY QAT MATRIX START; all T/N variants run 10 epochs
[2026-08-03 22:25:38] REUSE E2-DUAL validation run=/home/hplab/uxin/yolo11/yolo_binaryqk/artifacts/runs/E2-DUAL/validation/67c392ae-4c58-49ed-aa9a-8f922757b28c
[2026-08-03 22:25:41] START T0 stage=full epochs=10: independent FP-source attention-only fine-tuning 
[2026-08-03 22:35:29] ATTENTION-ONLY QAT MATRIX START; all T/N variants run 10 epochs
[2026-08-03 22:35:29] REUSE E2-DUAL validation run=/home/hplab/uxin/yolo11/yolo_binaryqk/artifacts/runs/E2-DUAL/validation/67c392ae-4c58-49ed-aa9a-8f922757b28c
[2026-08-03 22:35:30] REUSE T0 stage=full checkpoint=/home/hplab/uxin/yolo11/yolo_binaryqk/artifacts/runs/T0/full/ebba4065-47f7-4eee-9ac4-0a324e8eee5c/checkpoints/strict-last.pt
[2026-08-03 22:35:31] REUSE T1 stage=full checkpoint=/home/hplab/uxin/yolo11/yolo_binaryqk/artifacts/runs/T1/full/0721d713-d2d3-4952-bf55-62539b18b0ce/checkpoints/strict-last.pt
[2026-08-03 22:35:33] START T2 stage=full epochs=10: independent FP-source attention-only fine-tuning 
[2026-08-03 22:51:22] CORRECTED ATTENTION-ONLY QAT MATRIX START; T0/T1 reuse, continuation starts at T2
[2026-08-03 22:51:22] REUSE E2-DUAL validation run=/home/hplab/uxin/yolo11/yolo_binaryqk/artifacts/runs/E2-DUAL/validation/67c392ae-4c58-49ed-aa9a-8f922757b28c
[2026-08-03 22:51:23] REUSE T0 stage=full checkpoint=/home/hplab/uxin/yolo11/yolo_binaryqk/artifacts/runs/T0/full/ebba4065-47f7-4eee-9ac4-0a324e8eee5c/checkpoints/strict-last.pt
[2026-08-03 22:51:23] REUSE T1 stage=full checkpoint=/home/hplab/uxin/yolo11/yolo_binaryqk/artifacts/runs/T1/full/0721d713-d2d3-4952-bf55-62539b18b0ce/checkpoints/strict-last.pt
[2026-08-03 22:51:25] START T2 stage=full epochs=10: independent FP-source attention-only fine-tuning 
[2026-08-04 01:58:00] DONE T2 stage=full checkpoint=/home/hplab/uxin/yolo11/yolo_binaryqk/artifacts/runs/T2/full/70046bd9-3c19-40d9-921f-65acfa90a316/checkpoints/strict-last.pt
[2026-08-04 01:58:02] START T3 stage=full epochs=10: independent FP-source attention-only fine-tuning 
[2026-08-04 05:07:10] DONE T3 stage=full checkpoint=/home/hplab/uxin/yolo11/yolo_binaryqk/artifacts/runs/T3/full/bec8aa0e-78c6-43e0-8553-15037233c42d/checkpoints/strict-last.pt
[2026-08-04 05:07:11] START T4 stage=full epochs=10: independent FP-source attention-only fine-tuning 
[2026-08-04 08:16:09] DONE T4 stage=full checkpoint=/home/hplab/uxin/yolo11/yolo_binaryqk/artifacts/runs/T4/full/1777852c-436a-4aed-93f4-7193708dbfff/checkpoints/strict-last.pt
[2026-08-04 08:16:10] START T5 stage=full epochs=10: independent FP-source attention-only fine-tuning 
[2026-08-04 11:23:57] DONE T5 stage=full checkpoint=/home/hplab/uxin/yolo11/yolo_binaryqk/artifacts/runs/T5/full/71f17f1c-b7f8-4ba6-89f4-685167cb8b8a/checkpoints/strict-last.pt
[2026-08-04 11:23:57] SELECT best T1-T5 base=T4 for T6
[2026-08-04 11:23:59] START T6-O stage=full epochs=10: independent FP-source attention-only fine-tuning --base-variant T4
[2026-08-04 15:18:34] DONE T6-O stage=full checkpoint=/home/hplab/uxin/yolo11/yolo_binaryqk/artifacts/runs/T6-O/full/c1694771-29ac-4d11-9c4c-b2143a457dd8/checkpoints/strict-last.pt
[2026-08-04 15:18:36] START T6-F stage=full epochs=10: independent FP-source attention-only fine-tuning --base-variant T4
[2026-08-04 19:13:46] DONE T6-F stage=full checkpoint=/home/hplab/uxin/yolo11/yolo_binaryqk/artifacts/runs/T6-F/full/a5d75086-f303-40ac-bed0-81864e42d4dc/checkpoints/strict-last.pt
[2026-08-04 19:13:48] START T6-A stage=full epochs=10: independent FP-source attention-only fine-tuning --base-variant T4
[2026-08-04 23:32:01] DONE T6-A stage=full checkpoint=/home/hplab/uxin/yolo11/yolo_binaryqk/artifacts/runs/T6-A/full/1d979f3d-a4f0-4bc4-8c5f-697a7f4107d2/checkpoints/strict-last.pt
[2026-08-04 23:32:03] START T6-O/F stage=full epochs=10: independent FP-source attention-only fine-tuning --base-variant T4
[2026-08-05 03:27:42] DONE T6-O/F stage=full checkpoint=/home/hplab/uxin/yolo11/yolo_binaryqk/artifacts/runs/T6-O-F/full/b3ac13f4-5f8b-4319-b548-13fa1499260a/checkpoints/strict-last.pt
[2026-08-05 03:27:43] START T6-O/A stage=full epochs=10: independent FP-source attention-only fine-tuning --base-variant T4
[2026-08-05 07:24:49] DONE T6-O/A stage=full checkpoint=/home/hplab/uxin/yolo11/yolo_binaryqk/artifacts/runs/T6-O-A/full/13c0b1a4-2669-4533-9d3e-7867124dbf8d/checkpoints/strict-last.pt
[2026-08-05 07:24:51] START T6-F/A stage=full epochs=10: independent FP-source attention-only fine-tuning --base-variant T4
[2026-08-05 11:22:19] DONE T6-F/A stage=full checkpoint=/home/hplab/uxin/yolo11/yolo_binaryqk/artifacts/runs/T6-F-A/full/0306c018-041f-4327-a4cd-c8bae1c7e68e/checkpoints/strict-last.pt
[2026-08-05 11:22:19] SELECT T6 components=positional+feature by mAP50_95
[2026-08-05 11:22:21] START T6 stage=full epochs=10: independent FP-source attention-only fine-tuning --base-variant T4 --kd-components positional+feature
[2026-08-05 15:18:32] DONE T6 stage=full checkpoint=/home/hplab/uxin/yolo11/yolo_binaryqk/artifacts/runs/T6/full/392ca33d-f055-4ba4-9efe-26564da58373/checkpoints/strict-last.pt
[2026-08-05 15:18:34] START T7-D stage=full epochs=10: independent FP-source attention-only fine-tuning --base-variant T4 --kd-components positional+feature
[2026-08-05 19:15:20] DONE T7-D stage=full checkpoint=/home/hplab/uxin/yolo11/yolo_binaryqk/artifacts/runs/T7-D/full/089411e2-9035-4602-9722-32edba717bd4/checkpoints/strict-last.pt
[2026-08-05 19:15:22] START T7-R stage=full epochs=10: independent FP-source attention-only fine-tuning --base-variant T4 --kd-components positional+feature
[2026-08-05 23:29:32] DONE T7-R stage=full checkpoint=/home/hplab/uxin/yolo11/yolo_binaryqk/artifacts/runs/T7-R/full/6be0f58c-a2e8-48fe-b7e1-06fb90471955/checkpoints/strict-last.pt
[2026-08-05 23:29:32] SELECT best T7 bias=T7-D type=dense_2d
[2026-08-05 23:29:34] START T7-P stage=full epochs=10: independent FP-source attention-only fine-tuning --base-variant T4 --kd-components positional+feature --bias-type dense_2d
[2026-08-06 03:27:59] DONE T7-P stage=full checkpoint=/home/hplab/uxin/yolo11/yolo_binaryqk/artifacts/runs/T7-P/full/b519a61b-6f44-453f-bf03-635addb4be6c/checkpoints/strict-last.pt
[2026-08-06 03:28:01] START T7-V stage=full epochs=10: independent FP-source attention-only fine-tuning --base-variant T4 --kd-components positional+feature --bias-type dense_2d
[2026-08-06 07:25:43] DONE T7-V stage=full checkpoint=/home/hplab/uxin/yolo11/yolo_binaryqk/artifacts/runs/T7-V/full/fa1489df-acf4-4f65-ac9f-4a13c56cbaae/checkpoints/strict-last.pt
[2026-08-06 07:25:45] START T7-PV stage=full epochs=10: independent FP-source attention-only fine-tuning --base-variant T4 --kd-components positional+feature --bias-type dense_2d
[2026-08-06 11:24:08] DONE T7-PV stage=full checkpoint=/home/hplab/uxin/yolo11/yolo_binaryqk/artifacts/runs/T7-PV/full/150c0dd1-c7c0-4356-8df8-62c0cf35a6f4/checkpoints/strict-last.pt
[2026-08-06 11:24:08] SELECT N4 parent=T7-D bias=dense_2d; N4 KD disabled
[2026-08-06 11:24:10] START N4-FP stage=full epochs=10: independent FP-source attention-only fine-tuning --base-variant T7-D --bias-type dense_2d
[2026-08-06 14:35:34] DONE N4-FP stage=full checkpoint=/home/hplab/uxin/yolo11/yolo_binaryqk/artifacts/runs/N4-FP/full/313aa64f-6488-4912-817d-8c796a0a83e7/checkpoints/strict-last.pt
[2026-08-06 14:35:36] START N4-I8 stage=full epochs=10: independent FP-source attention-only fine-tuning --base-variant T7-D --bias-type dense_2d
[2026-08-06 17:48:33] DONE N4-I8 stage=full checkpoint=/home/hplab/uxin/yolo11/yolo_binaryqk/artifacts/runs/N4-I8/full/77043731-adda-4250-b111-e9e42cb3126c/checkpoints/strict-last.pt
[2026-08-06 17:48:35] START N4-I4 stage=full epochs=10: independent FP-source attention-only fine-tuning --base-variant T7-D --bias-type dense_2d
[2026-08-06 21:00:16] DONE N4-I4 stage=full checkpoint=/home/hplab/uxin/yolo11/yolo_binaryqk/artifacts/runs/N4-I4/full/fd208345-b3bc-4524-ac29-019d7b8b3d01/checkpoints/strict-last.pt
[2026-08-06 21:00:18] START N4-PV stage=full epochs=10: independent FP-source attention-only fine-tuning --base-variant T7-D --bias-type dense_2d --magnitude-mode int4
[2026-08-07 00:17:19] DONE N4-PV stage=full checkpoint=/home/hplab/uxin/yolo11/yolo_binaryqk/artifacts/runs/N4-PV/full/a8bec490-44f1-4e4a-86fd-df525781ee55/checkpoints/strict-last.pt
[2026-08-07 00:17:49] persistent formal service inactive; requesting restart
[2026-08-07 00:17:49] CORRECTED ATTENTION-ONLY QAT MATRIX START; T0/T1 reuse, continuation starts at T2
[2026-08-07 00:17:49] REUSE E2-DUAL validation run=/home/hplab/uxin/yolo11/yolo_binaryqk/artifacts/runs/E2-DUAL/validation/67c392ae-4c58-49ed-aa9a-8f922757b28c
[2026-08-07 00:17:50] REUSE T0 stage=full checkpoint=/home/hplab/uxin/yolo11/yolo_binaryqk/artifacts/runs/T0/full/ebba4065-47f7-4eee-9ac4-0a324e8eee5c/checkpoints/strict-last.pt
[2026-08-07 00:17:51] REUSE T1 stage=full checkpoint=/home/hplab/uxin/yolo11/yolo_binaryqk/artifacts/runs/T1/full/0721d713-d2d3-4952-bf55-62539b18b0ce/checkpoints/strict-last.pt
[2026-08-07 00:17:52] REUSE T2 stage=full checkpoint=/home/hplab/uxin/yolo11/yolo_binaryqk/artifacts/runs/T2/full/70046bd9-3c19-40d9-921f-65acfa90a316/checkpoints/strict-last.pt
[2026-08-07 00:17:53] REUSE T3 stage=full checkpoint=/home/hplab/uxin/yolo11/yolo_binaryqk/artifacts/runs/T3/full/bec8aa0e-78c6-43e0-8553-15037233c42d/checkpoints/strict-last.pt
[2026-08-07 00:17:54] REUSE T4 stage=full checkpoint=/home/hplab/uxin/yolo11/yolo_binaryqk/artifacts/runs/T4/full/1777852c-436a-4aed-93f4-7193708dbfff/checkpoints/strict-last.pt
[2026-08-07 00:17:55] REUSE T5 stage=full checkpoint=/home/hplab/uxin/yolo11/yolo_binaryqk/artifacts/runs/T5/full/71f17f1c-b7f8-4ba6-89f4-685167cb8b8a/checkpoints/strict-last.pt
[2026-08-07 00:17:55] SELECT best T1-T5 base=T4 for T6
[2026-08-07 00:17:56] REUSE T6-O stage=full checkpoint=/home/hplab/uxin/yolo11/yolo_binaryqk/artifacts/runs/T6-O/full/c1694771-29ac-4d11-9c4c-b2143a457dd8/checkpoints/strict-last.pt
[2026-08-07 00:17:57] REUSE T6-F stage=full checkpoint=/home/hplab/uxin/yolo11/yolo_binaryqk/artifacts/runs/T6-F/full/a5d75086-f303-40ac-bed0-81864e42d4dc/checkpoints/strict-last.pt
[2026-08-07 00:17:58] REUSE T6-A stage=full checkpoint=/home/hplab/uxin/yolo11/yolo_binaryqk/artifacts/runs/T6-A/full/1d979f3d-a4f0-4bc4-8c5f-697a7f4107d2/checkpoints/strict-last.pt
[2026-08-07 00:17:59] REUSE T6-O/F stage=full checkpoint=/home/hplab/uxin/yolo11/yolo_binaryqk/artifacts/runs/T6-O-F/full/b3ac13f4-5f8b-4319-b548-13fa1499260a/checkpoints/strict-last.pt
[2026-08-07 00:18:00] REUSE T6-O/A stage=full checkpoint=/home/hplab/uxin/yolo11/yolo_binaryqk/artifacts/runs/T6-O-A/full/13c0b1a4-2669-4533-9d3e-7867124dbf8d/checkpoints/strict-last.pt
[2026-08-07 00:18:01] REUSE T6-F/A stage=full checkpoint=/home/hplab/uxin/yolo11/yolo_binaryqk/artifacts/runs/T6-F-A/full/0306c018-041f-4327-a4cd-c8bae1c7e68e/checkpoints/strict-last.pt
[2026-08-07 00:18:01] SELECT T6 components=positional+feature by mAP50_95
[2026-08-07 00:18:02] REUSE T6 stage=full checkpoint=/home/hplab/uxin/yolo11/yolo_binaryqk/artifacts/runs/T6/full/392ca33d-f055-4ba4-9efe-26564da58373/checkpoints/strict-last.pt
[2026-08-07 00:18:03] REUSE T7-D stage=full checkpoint=/home/hplab/uxin/yolo11/yolo_binaryqk/artifacts/runs/T7-D/full/089411e2-9035-4602-9722-32edba717bd4/checkpoints/strict-last.pt
[2026-08-07 00:18:04] REUSE T7-R stage=full checkpoint=/home/hplab/uxin/yolo11/yolo_binaryqk/artifacts/runs/T7-R/full/6be0f58c-a2e8-48fe-b7e1-06fb90471955/checkpoints/strict-last.pt
[2026-08-07 00:18:04] SELECT best T7 bias=T7-D type=dense_2d
[2026-08-07 00:18:05] REUSE T7-P stage=full checkpoint=/home/hplab/uxin/yolo11/yolo_binaryqk/artifacts/runs/T7-P/full/b519a61b-6f44-453f-bf03-635addb4be6c/checkpoints/strict-last.pt
[2026-08-07 00:18:06] REUSE T7-V stage=full checkpoint=/home/hplab/uxin/yolo11/yolo_binaryqk/artifacts/runs/T7-V/full/fa1489df-acf4-4f65-ac9f-4a13c56cbaae/checkpoints/strict-last.pt
[2026-08-07 00:18:07] REUSE T7-PV stage=full checkpoint=/home/hplab/uxin/yolo11/yolo_binaryqk/artifacts/runs/T7-PV/full/150c0dd1-c7c0-4356-8df8-62c0cf35a6f4/checkpoints/strict-last.pt
[2026-08-07 00:18:07] SELECT N4 parent=T7-D bias=dense_2d; N4 KD disabled
[2026-08-07 00:18:08] REUSE N4-FP stage=full checkpoint=/home/hplab/uxin/yolo11/yolo_binaryqk/artifacts/runs/N4-FP/full/313aa64f-6488-4912-817d-8c796a0a83e7/checkpoints/strict-last.pt
[2026-08-07 00:18:09] REUSE N4-I8 stage=full checkpoint=/home/hplab/uxin/yolo11/yolo_binaryqk/artifacts/runs/N4-I8/full/77043731-adda-4250-b111-e9e42cb3126c/checkpoints/strict-last.pt
[2026-08-07 00:18:10] REUSE N4-I4 stage=full checkpoint=/home/hplab/uxin/yolo11/yolo_binaryqk/artifacts/runs/N4-I4/full/fd208345-b3bc-4524-ac29-019d7b8b3d01/checkpoints/strict-last.pt
[2026-08-07 00:18:11] REUSE N4-PV stage=full checkpoint=/home/hplab/uxin/yolo11/yolo_binaryqk/artifacts/runs/N4-PV/full/a8bec490-44f1-4e4a-86fd-df525781ee55/checkpoints/strict-last.pt
[2026-08-07 00:18:19] persistent formal service inactive; requesting restart
[2026-08-07 00:18:19] CORRECTED ATTENTION-ONLY QAT MATRIX START; T0/T1 reuse, continuation starts at T2
[2026-08-07 00:18:19] REUSE E2-DUAL validation run=/home/hplab/uxin/yolo11/yolo_binaryqk/artifacts/runs/E2-DUAL/validation/67c392ae-4c58-49ed-aa9a-8f922757b28c
[2026-08-07 00:18:20] REUSE T0 stage=full checkpoint=/home/hplab/uxin/yolo11/yolo_binaryqk/artifacts/runs/T0/full/ebba4065-47f7-4eee-9ac4-0a324e8eee5c/checkpoints/strict-last.pt
[2026-08-07 00:18:21] REUSE T1 stage=full checkpoint=/home/hplab/uxin/yolo11/yolo_binaryqk/artifacts/runs/T1/full/0721d713-d2d3-4952-bf55-62539b18b0ce/checkpoints/strict-last.pt
[2026-08-07 00:18:22] REUSE T2 stage=full checkpoint=/home/hplab/uxin/yolo11/yolo_binaryqk/artifacts/runs/T2/full/70046bd9-3c19-40d9-921f-65acfa90a316/checkpoints/strict-last.pt
[2026-08-07 00:18:23] REUSE T3 stage=full checkpoint=/home/hplab/uxin/yolo11/yolo_binaryqk/artifacts/runs/T3/full/bec8aa0e-78c6-43e0-8553-15037233c42d/checkpoints/strict-last.pt
[2026-08-07 00:18:24] REUSE T4 stage=full checkpoint=/home/hplab/uxin/yolo11/yolo_binaryqk/artifacts/runs/T4/full/1777852c-436a-4aed-93f4-7193708dbfff/checkpoints/strict-last.pt
[2026-08-07 00:18:25] REUSE T5 stage=full checkpoint=/home/hplab/uxin/yolo11/yolo_binaryqk/artifacts/runs/T5/full/71f17f1c-b7f8-4ba6-89f4-685167cb8b8a/checkpoints/strict-last.pt
[2026-08-07 00:18:25] SELECT best T1-T5 base=T4 for T6
[2026-08-07 00:18:26] REUSE T6-O stage=full checkpoint=/home/hplab/uxin/yolo11/yolo_binaryqk/artifacts/runs/T6-O/full/c1694771-29ac-4d11-9c4c-b2143a457dd8/checkpoints/strict-last.pt
[2026-08-07 00:18:27] REUSE T6-F stage=full checkpoint=/home/hplab/uxin/yolo11/yolo_binaryqk/artifacts/runs/T6-F/full/a5d75086-f303-40ac-bed0-81864e42d4dc/checkpoints/strict-last.pt
[2026-08-07 00:18:28] REUSE T6-A stage=full checkpoint=/home/hplab/uxin/yolo11/yolo_binaryqk/artifacts/runs/T6-A/full/1d979f3d-a4f0-4bc4-8c5f-697a7f4107d2/checkpoints/strict-last.pt
[2026-08-07 00:18:29] REUSE T6-O/F stage=full checkpoint=/home/hplab/uxin/yolo11/yolo_binaryqk/artifacts/runs/T6-O-F/full/b3ac13f4-5f8b-4319-b548-13fa1499260a/checkpoints/strict-last.pt
[2026-08-07 00:18:30] REUSE T6-O/A stage=full checkpoint=/home/hplab/uxin/yolo11/yolo_binaryqk/artifacts/runs/T6-O-A/full/13c0b1a4-2669-4533-9d3e-7867124dbf8d/checkpoints/strict-last.pt
[2026-08-07 00:18:31] REUSE T6-F/A stage=full checkpoint=/home/hplab/uxin/yolo11/yolo_binaryqk/artifacts/runs/T6-F-A/full/0306c018-041f-4327-a4cd-c8bae1c7e68e/checkpoints/strict-last.pt
[2026-08-07 00:18:31] SELECT T6 components=positional+feature by mAP50_95
[2026-08-07 00:18:32] REUSE T6 stage=full checkpoint=/home/hplab/uxin/yolo11/yolo_binaryqk/artifacts/runs/T6/full/392ca33d-f055-4ba4-9efe-26564da58373/checkpoints/strict-last.pt
[2026-08-07 00:18:33] REUSE T7-D stage=full checkpoint=/home/hplab/uxin/yolo11/yolo_binaryqk/artifacts/runs/T7-D/full/089411e2-9035-4602-9722-32edba717bd4/checkpoints/strict-last.pt
[2026-08-07 00:18:34] REUSE T7-R stage=full checkpoint=/home/hplab/uxin/yolo11/yolo_binaryqk/artifacts/runs/T7-R/full/6be0f58c-a2e8-48fe-b7e1-06fb90471955/checkpoints/strict-last.pt
[2026-08-07 00:18:34] SELECT best T7 bias=T7-D type=dense_2d
[2026-08-07 00:18:35] REUSE T7-P stage=full checkpoint=/home/hplab/uxin/yolo11/yolo_binaryqk/artifacts/runs/T7-P/full/b519a61b-6f44-453f-bf03-635addb4be6c/checkpoints/strict-last.pt
[2026-08-07 00:18:36] REUSE T7-V stage=full checkpoint=/home/hplab/uxin/yolo11/yolo_binaryqk/artifacts/runs/T7-V/full/fa1489df-acf4-4f65-ac9f-4a13c56cbaae/checkpoints/strict-last.pt
[2026-08-07 00:18:37] REUSE T7-PV stage=full checkpoint=/home/hplab/uxin/yolo11/yolo_binaryqk/artifacts/runs/T7-PV/full/150c0dd1-c7c0-4356-8df8-62c0cf35a6f4/checkpoints/strict-last.pt
[2026-08-07 00:18:37] SELECT N4 parent=T7-D bias=dense_2d; N4 KD disabled
[2026-08-07 00:18:38] REUSE N4-FP stage=full checkpoint=/home/hplab/uxin/yolo11/yolo_binaryqk/artifacts/runs/N4-FP/full/313aa64f-6488-4912-817d-8c796a0a83e7/checkpoints/strict-last.pt
[2026-08-07 00:18:39] REUSE N4-I8 stage=full checkpoint=/home/hplab/uxin/yolo11/yolo_binaryqk/artifacts/runs/N4-I8/full/77043731-adda-4250-b111-e9e42cb3126c/checkpoints/strict-last.pt
[2026-08-07 00:18:40] REUSE N4-I4 stage=full checkpoint=/home/hplab/uxin/yolo11/yolo_binaryqk/artifacts/runs/N4-I4/full/fd208345-b3bc-4524-ac29-019d7b8b3d01/checkpoints/strict-last.pt
[2026-08-07 00:18:41] REUSE N4-PV stage=full checkpoint=/home/hplab/uxin/yolo11/yolo_binaryqk/artifacts/runs/N4-PV/full/a8bec490-44f1-4e4a-86fd-df525781ee55/checkpoints/strict-last.pt
[2026-08-07 00:18:49] persistent formal service inactive; requesting restart
[2026-08-07 00:18:49] CORRECTED ATTENTION-ONLY QAT MATRIX START; T0/T1 reuse, continuation starts at T2
[2026-08-07 00:18:49] REUSE E2-DUAL validation run=/home/hplab/uxin/yolo11/yolo_binaryqk/artifacts/runs/E2-DUAL/validation/67c392ae-4c58-49ed-aa9a-8f922757b28c
[2026-08-07 00:18:50] REUSE T0 stage=full checkpoint=/home/hplab/uxin/yolo11/yolo_binaryqk/artifacts/runs/T0/full/ebba4065-47f7-4eee-9ac4-0a324e8eee5c/checkpoints/strict-last.pt
[2026-08-07 00:18:51] REUSE T1 stage=full checkpoint=/home/hplab/uxin/yolo11/yolo_binaryqk/artifacts/runs/T1/full/0721d713-d2d3-4952-bf55-62539b18b0ce/checkpoints/strict-last.pt
[2026-08-07 00:18:51] REUSE T2 stage=full checkpoint=/home/hplab/uxin/yolo11/yolo_binaryqk/artifacts/runs/T2/full/70046bd9-3c19-40d9-921f-65acfa90a316/checkpoints/strict-last.pt
[2026-08-07 00:18:52] REUSE T3 stage=full checkpoint=/home/hplab/uxin/yolo11/yolo_binaryqk/artifacts/runs/T3/full/bec8aa0e-78c6-43e0-8553-15037233c42d/checkpoints/strict-last.pt
[2026-08-07 00:18:53] REUSE T4 stage=full checkpoint=/home/hplab/uxin/yolo11/yolo_binaryqk/artifacts/runs/T4/full/1777852c-436a-4aed-93f4-7193708dbfff/checkpoints/strict-last.pt
[2026-08-07 00:18:54] REUSE T5 stage=full checkpoint=/home/hplab/uxin/yolo11/yolo_binaryqk/artifacts/runs/T5/full/71f17f1c-b7f8-4ba6-89f4-685167cb8b8a/checkpoints/strict-last.pt
[2026-08-07 00:18:54] SELECT best T1-T5 base=T4 for T6
[2026-08-07 00:18:55] REUSE T6-O stage=full checkpoint=/home/hplab/uxin/yolo11/yolo_binaryqk/artifacts/runs/T6-O/full/c1694771-29ac-4d11-9c4c-b2143a457dd8/checkpoints/strict-last.pt
[2026-08-07 00:18:56] REUSE T6-F stage=full checkpoint=/home/hplab/uxin/yolo11/yolo_binaryqk/artifacts/runs/T6-F/full/a5d75086-f303-40ac-bed0-81864e42d4dc/checkpoints/strict-last.pt
[2026-08-07 00:18:57] REUSE T6-A stage=full checkpoint=/home/hplab/uxin/yolo11/yolo_binaryqk/artifacts/runs/T6-A/full/1d979f3d-a4f0-4bc4-8c5f-697a7f4107d2/checkpoints/strict-last.pt
[2026-08-07 00:18:58] REUSE T6-O/F stage=full checkpoint=/home/hplab/uxin/yolo11/yolo_binaryqk/artifacts/runs/T6-O-F/full/b3ac13f4-5f8b-4319-b548-13fa1499260a/checkpoints/strict-last.pt
[2026-08-07 00:18:59] REUSE T6-O/A stage=full checkpoint=/home/hplab/uxin/yolo11/yolo_binaryqk/artifacts/runs/T6-O-A/full/13c0b1a4-2669-4533-9d3e-7867124dbf8d/checkpoints/strict-last.pt
[2026-08-07 00:19:00] REUSE T6-F/A stage=full checkpoint=/home/hplab/uxin/yolo11/yolo_binaryqk/artifacts/runs/T6-F-A/full/0306c018-041f-4327-a4cd-c8bae1c7e68e/checkpoints/strict-last.pt
[2026-08-07 00:19:00] SELECT T6 components=positional+feature by mAP50_95
[2026-08-07 00:19:01] REUSE T6 stage=full checkpoint=/home/hplab/uxin/yolo11/yolo_binaryqk/artifacts/runs/T6/full/392ca33d-f055-4ba4-9efe-26564da58373/checkpoints/strict-last.pt
[2026-08-07 00:19:02] REUSE T7-D stage=full checkpoint=/home/hplab/uxin/yolo11/yolo_binaryqk/artifacts/runs/T7-D/full/089411e2-9035-4602-9722-32edba717bd4/checkpoints/strict-last.pt
[2026-08-07 00:19:03] REUSE T7-R stage=full checkpoint=/home/hplab/uxin/yolo11/yolo_binaryqk/artifacts/runs/T7-R/full/6be0f58c-a2e8-48fe-b7e1-06fb90471955/checkpoints/strict-last.pt
[2026-08-07 00:19:03] SELECT best T7 bias=T7-D type=dense_2d
[2026-08-07 00:19:04] REUSE T7-P stage=full checkpoint=/home/hplab/uxin/yolo11/yolo_binaryqk/artifacts/runs/T7-P/full/b519a61b-6f44-453f-bf03-635addb4be6c/checkpoints/strict-last.pt
[2026-08-07 00:19:04] REUSE T7-V stage=full checkpoint=/home/hplab/uxin/yolo11/yolo_binaryqk/artifacts/runs/T7-V/full/fa1489df-acf4-4f65-ac9f-4a13c56cbaae/checkpoints/strict-last.pt
[2026-08-07 00:19:05] REUSE T7-PV stage=full checkpoint=/home/hplab/uxin/yolo11/yolo_binaryqk/artifacts/runs/T7-PV/full/150c0dd1-c7c0-4356-8df8-62c0cf35a6f4/checkpoints/strict-last.pt
[2026-08-07 00:19:05] SELECT N4 parent=T7-D bias=dense_2d; N4 KD disabled
[2026-08-07 00:19:06] REUSE N4-FP stage=full checkpoint=/home/hplab/uxin/yolo11/yolo_binaryqk/artifacts/runs/N4-FP/full/313aa64f-6488-4912-817d-8c796a0a83e7/checkpoints/strict-last.pt
[2026-08-07 00:19:07] REUSE N4-I8 stage=full checkpoint=/home/hplab/uxin/yolo11/yolo_binaryqk/artifacts/runs/N4-I8/full/77043731-adda-4250-b111-e9e42cb3126c/checkpoints/strict-last.pt
[2026-08-07 00:19:08] REUSE N4-I4 stage=full checkpoint=/home/hplab/uxin/yolo11/yolo_binaryqk/artifacts/runs/N4-I4/full/fd208345-b3bc-4524-ac29-019d7b8b3d01/checkpoints/strict-last.pt
[2026-08-07 00:19:09] REUSE N4-PV stage=full checkpoint=/home/hplab/uxin/yolo11/yolo_binaryqk/artifacts/runs/N4-PV/full/a8bec490-44f1-4e4a-86fd-df525781ee55/checkpoints/strict-last.pt
[2026-08-07 00:19:19] persistent formal service inactive; requesting restart
[2026-08-07 00:19:19] CORRECTED ATTENTION-ONLY QAT MATRIX START; T0/T1 reuse, continuation starts at T2
[2026-08-07 00:19:19] REUSE E2-DUAL validation run=/home/hplab/uxin/yolo11/yolo_binaryqk/artifacts/runs/E2-DUAL/validation/67c392ae-4c58-49ed-aa9a-8f922757b28c
[2026-08-07 00:19:20] REUSE T0 stage=full checkpoint=/home/hplab/uxin/yolo11/yolo_binaryqk/artifacts/runs/T0/full/ebba4065-47f7-4eee-9ac4-0a324e8eee5c/checkpoints/strict-last.pt
[2026-08-07 00:19:21] REUSE T1 stage=full checkpoint=/home/hplab/uxin/yolo11/yolo_binaryqk/artifacts/runs/T1/full/0721d713-d2d3-4952-bf55-62539b18b0ce/checkpoints/strict-last.pt
[2026-08-07 00:19:21] REUSE T2 stage=full checkpoint=/home/hplab/uxin/yolo11/yolo_binaryqk/artifacts/runs/T2/full/70046bd9-3c19-40d9-921f-65acfa90a316/checkpoints/strict-last.pt
[2026-08-07 00:19:22] REUSE T3 stage=full checkpoint=/home/hplab/uxin/yolo11/yolo_binaryqk/artifacts/runs/T3/full/bec8aa0e-78c6-43e0-8553-15037233c42d/checkpoints/strict-last.pt
[2026-08-07 00:19:23] REUSE T4 stage=full checkpoint=/home/hplab/uxin/yolo11/yolo_binaryqk/artifacts/runs/T4/full/1777852c-436a-4aed-93f4-7193708dbfff/checkpoints/strict-last.pt
[2026-08-07 00:19:24] REUSE T5 stage=full checkpoint=/home/hplab/uxin/yolo11/yolo_binaryqk/artifacts/runs/T5/full/71f17f1c-b7f8-4ba6-89f4-685167cb8b8a/checkpoints/strict-last.pt
[2026-08-07 00:19:24] SELECT best T1-T5 base=T4 for T6
[2026-08-07 00:19:25] REUSE T6-O stage=full checkpoint=/home/hplab/uxin/yolo11/yolo_binaryqk/artifacts/runs/T6-O/full/c1694771-29ac-4d11-9c4c-b2143a457dd8/checkpoints/strict-last.pt
[2026-08-07 00:19:26] REUSE T6-F stage=full checkpoint=/home/hplab/uxin/yolo11/yolo_binaryqk/artifacts/runs/T6-F/full/a5d75086-f303-40ac-bed0-81864e42d4dc/checkpoints/strict-last.pt
[2026-08-07 00:19:27] REUSE T6-A stage=full checkpoint=/home/hplab/uxin/yolo11/yolo_binaryqk/artifacts/runs/T6-A/full/1d979f3d-a4f0-4bc4-8c5f-697a7f4107d2/checkpoints/strict-last.pt
[2026-08-07 00:19:28] REUSE T6-O/F stage=full checkpoint=/home/hplab/uxin/yolo11/yolo_binaryqk/artifacts/runs/T6-O-F/full/b3ac13f4-5f8b-4319-b548-13fa1499260a/checkpoints/strict-last.pt
[2026-08-07 00:19:29] REUSE T6-O/A stage=full checkpoint=/home/hplab/uxin/yolo11/yolo_binaryqk/artifacts/runs/T6-O-A/full/13c0b1a4-2669-4533-9d3e-7867124dbf8d/checkpoints/strict-last.pt
[2026-08-07 00:19:30] REUSE T6-F/A stage=full checkpoint=/home/hplab/uxin/yolo11/yolo_binaryqk/artifacts/runs/T6-F-A/full/0306c018-041f-4327-a4cd-c8bae1c7e68e/checkpoints/strict-last.pt
[2026-08-07 00:19:30] SELECT T6 components=positional+feature by mAP50_95
[2026-08-07 00:19:31] REUSE T6 stage=full checkpoint=/home/hplab/uxin/yolo11/yolo_binaryqk/artifacts/runs/T6/full/392ca33d-f055-4ba4-9efe-26564da58373/checkpoints/strict-last.pt
[2026-08-07 00:19:32] REUSE T7-D stage=full checkpoint=/home/hplab/uxin/yolo11/yolo_binaryqk/artifacts/runs/T7-D/full/089411e2-9035-4602-9722-32edba717bd4/checkpoints/strict-last.pt
[2026-08-07 00:19:33] REUSE T7-R stage=full checkpoint=/home/hplab/uxin/yolo11/yolo_binaryqk/artifacts/runs/T7-R/full/6be0f58c-a2e8-48fe-b7e1-06fb90471955/checkpoints/strict-last.pt
[2026-08-07 00:19:33] SELECT best T7 bias=T7-D type=dense_2d
[2026-08-07 00:19:33] REUSE T7-P stage=full checkpoint=/home/hplab/uxin/yolo11/yolo_binaryqk/artifacts/runs/T7-P/full/b519a61b-6f44-453f-bf03-635addb4be6c/checkpoints/strict-last.pt
[2026-08-07 00:19:34] REUSE T7-V stage=full checkpoint=/home/hplab/uxin/yolo11/yolo_binaryqk/artifacts/runs/T7-V/full/fa1489df-acf4-4f65-ac9f-4a13c56cbaae/checkpoints/strict-last.pt
[2026-08-07 00:19:35] REUSE T7-PV stage=full checkpoint=/home/hplab/uxin/yolo11/yolo_binaryqk/artifacts/runs/T7-PV/full/150c0dd1-c7c0-4356-8df8-62c0cf35a6f4/checkpoints/strict-last.pt
[2026-08-07 00:19:35] SELECT N4 parent=T7-D bias=dense_2d; N4 KD disabled
[2026-08-07 00:19:36] REUSE N4-FP stage=full checkpoint=/home/hplab/uxin/yolo11/yolo_binaryqk/artifacts/runs/N4-FP/full/313aa64f-6488-4912-817d-8c796a0a83e7/checkpoints/strict-last.pt
[2026-08-07 00:19:37] REUSE N4-I8 stage=full checkpoint=/home/hplab/uxin/yolo11/yolo_binaryqk/artifacts/runs/N4-I8/full/77043731-adda-4250-b111-e9e42cb3126c/checkpoints/strict-last.pt
[2026-08-07 00:19:38] REUSE N4-I4 stage=full checkpoint=/home/hplab/uxin/yolo11/yolo_binaryqk/artifacts/runs/N4-I4/full/fd208345-b3bc-4524-ac29-019d7b8b3d01/checkpoints/strict-last.pt
[2026-08-07 00:19:39] REUSE N4-PV stage=full checkpoint=/home/hplab/uxin/yolo11/yolo_binaryqk/artifacts/runs/N4-PV/full/a8bec490-44f1-4e4a-86fd-df525781ee55/checkpoints/strict-last.pt
[2026-08-07 00:19:49] persistent formal service inactive; requesting restart
[2026-08-07 00:19:49] CORRECTED ATTENTION-ONLY QAT MATRIX START; T0/T1 reuse, continuation starts at T2
[2026-08-07 00:19:49] REUSE E2-DUAL validation run=/home/hplab/uxin/yolo11/yolo_binaryqk/artifacts/runs/E2-DUAL/validation/67c392ae-4c58-49ed-aa9a-8f922757b28c
[2026-08-07 00:19:50] REUSE T0 stage=full checkpoint=/home/hplab/uxin/yolo11/yolo_binaryqk/artifacts/runs/T0/full/ebba4065-47f7-4eee-9ac4-0a324e8eee5c/checkpoints/strict-last.pt
[2026-08-07 00:19:51] REUSE T1 stage=full checkpoint=/home/hplab/uxin/yolo11/yolo_binaryqk/artifacts/runs/T1/full/0721d713-d2d3-4952-bf55-62539b18b0ce/checkpoints/strict-last.pt
[2026-08-07 00:19:51] REUSE T2 stage=full checkpoint=/home/hplab/uxin/yolo11/yolo_binaryqk/artifacts/runs/T2/full/70046bd9-3c19-40d9-921f-65acfa90a316/checkpoints/strict-last.pt
[2026-08-07 00:19:52] REUSE T3 stage=full checkpoint=/home/hplab/uxin/yolo11/yolo_binaryqk/artifacts/runs/T3/full/bec8aa0e-78c6-43e0-8553-15037233c42d/checkpoints/strict-last.pt
[2026-08-07 00:19:53] REUSE T4 stage=full checkpoint=/home/hplab/uxin/yolo11/yolo_binaryqk/artifacts/runs/T4/full/1777852c-436a-4aed-93f4-7193708dbfff/checkpoints/strict-last.pt
[2026-08-07 00:19:54] REUSE T5 stage=full checkpoint=/home/hplab/uxin/yolo11/yolo_binaryqk/artifacts/runs/T5/full/71f17f1c-b7f8-4ba6-89f4-685167cb8b8a/checkpoints/strict-last.pt
[2026-08-07 00:19:54] SELECT best T1-T5 base=T4 for T6
[2026-08-07 00:19:55] REUSE T6-O stage=full checkpoint=/home/hplab/uxin/yolo11/yolo_binaryqk/artifacts/runs/T6-O/full/c1694771-29ac-4d11-9c4c-b2143a457dd8/checkpoints/strict-last.pt
[2026-08-07 00:19:56] REUSE T6-F stage=full checkpoint=/home/hplab/uxin/yolo11/yolo_binaryqk/artifacts/runs/T6-F/full/a5d75086-f303-40ac-bed0-81864e42d4dc/checkpoints/strict-last.pt
[2026-08-07 00:19:57] REUSE T6-A stage=full checkpoint=/home/hplab/uxin/yolo11/yolo_binaryqk/artifacts/runs/T6-A/full/1d979f3d-a4f0-4bc4-8c5f-697a7f4107d2/checkpoints/strict-last.pt
[2026-08-07 00:19:58] REUSE T6-O/F stage=full checkpoint=/home/hplab/uxin/yolo11/yolo_binaryqk/artifacts/runs/T6-O-F/full/b3ac13f4-5f8b-4319-b548-13fa1499260a/checkpoints/strict-last.pt
[2026-08-07 00:19:59] REUSE T6-O/A stage=full checkpoint=/home/hplab/uxin/yolo11/yolo_binaryqk/artifacts/runs/T6-O-A/full/13c0b1a4-2669-4533-9d3e-7867124dbf8d/checkpoints/strict-last.pt
[2026-08-07 00:20:00] REUSE T6-F/A stage=full checkpoint=/home/hplab/uxin/yolo11/yolo_binaryqk/artifacts/runs/T6-F-A/full/0306c018-041f-4327-a4cd-c8bae1c7e68e/checkpoints/strict-last.pt
[2026-08-07 00:20:00] SELECT T6 components=positional+feature by mAP50_95
[2026-08-07 00:20:01] REUSE T6 stage=full checkpoint=/home/hplab/uxin/yolo11/yolo_binaryqk/artifacts/runs/T6/full/392ca33d-f055-4ba4-9efe-26564da58373/checkpoints/strict-last.pt
[2026-08-07 00:20:02] REUSE T7-D stage=full checkpoint=/home/hplab/uxin/yolo11/yolo_binaryqk/artifacts/runs/T7-D/full/089411e2-9035-4602-9722-32edba717bd4/checkpoints/strict-last.pt
[2026-08-07 00:20:03] REUSE T7-R stage=full checkpoint=/home/hplab/uxin/yolo11/yolo_binaryqk/artifacts/runs/T7-R/full/6be0f58c-a2e8-48fe-b7e1-06fb90471955/checkpoints/strict-last.pt
[2026-08-07 00:20:03] SELECT best T7 bias=T7-D type=dense_2d
[2026-08-07 00:20:04] REUSE T7-P stage=full checkpoint=/home/hplab/uxin/yolo11/yolo_binaryqk/artifacts/runs/T7-P/full/b519a61b-6f44-453f-bf03-635addb4be6c/checkpoints/strict-last.pt
[2026-08-07 00:20:04] REUSE T7-V stage=full checkpoint=/home/hplab/uxin/yolo11/yolo_binaryqk/artifacts/runs/T7-V/full/fa1489df-acf4-4f65-ac9f-4a13c56cbaae/checkpoints/strict-last.pt
[2026-08-07 00:20:05] REUSE T7-PV stage=full checkpoint=/home/hplab/uxin/yolo11/yolo_binaryqk/artifacts/runs/T7-PV/full/150c0dd1-c7c0-4356-8df8-62c0cf35a6f4/checkpoints/strict-last.pt
[2026-08-07 00:20:05] SELECT N4 parent=T7-D bias=dense_2d; N4 KD disabled
[2026-08-07 00:20:06] REUSE N4-FP stage=full checkpoint=/home/hplab/uxin/yolo11/yolo_binaryqk/artifacts/runs/N4-FP/full/313aa64f-6488-4912-817d-8c796a0a83e7/checkpoints/strict-last.pt
[2026-08-07 00:20:07] REUSE N4-I8 stage=full checkpoint=/home/hplab/uxin/yolo11/yolo_binaryqk/artifacts/runs/N4-I8/full/77043731-adda-4250-b111-e9e42cb3126c/checkpoints/strict-last.pt
[2026-08-07 00:20:08] REUSE N4-I4 stage=full checkpoint=/home/hplab/uxin/yolo11/yolo_binaryqk/artifacts/runs/N4-I4/full/fd208345-b3bc-4524-ac29-019d7b8b3d01/checkpoints/strict-last.pt
[2026-08-07 00:20:09] REUSE N4-PV stage=full checkpoint=/home/hplab/uxin/yolo11/yolo_binaryqk/artifacts/runs/N4-PV/full/a8bec490-44f1-4e4a-86fd-df525781ee55/checkpoints/strict-last.pt
[2026-08-07 00:20:19] persistent formal service inactive; requesting restart
[2026-08-07 00:20:19] CORRECTED ATTENTION-ONLY QAT MATRIX START; T0/T1 reuse, continuation starts at T2
[2026-08-07 00:20:19] REUSE E2-DUAL validation run=/home/hplab/uxin/yolo11/yolo_binaryqk/artifacts/runs/E2-DUAL/validation/67c392ae-4c58-49ed-aa9a-8f922757b28c
[2026-08-07 00:20:20] REUSE T0 stage=full checkpoint=/home/hplab/uxin/yolo11/yolo_binaryqk/artifacts/runs/T0/full/ebba4065-47f7-4eee-9ac4-0a324e8eee5c/checkpoints/strict-last.pt
[2026-08-07 00:20:21] REUSE T1 stage=full checkpoint=/home/hplab/uxin/yolo11/yolo_binaryqk/artifacts/runs/T1/full/0721d713-d2d3-4952-bf55-62539b18b0ce/checkpoints/strict-last.pt
[2026-08-07 00:20:22] REUSE T2 stage=full checkpoint=/home/hplab/uxin/yolo11/yolo_binaryqk/artifacts/runs/T2/full/70046bd9-3c19-40d9-921f-65acfa90a316/checkpoints/strict-last.pt
[2026-08-07 00:20:22] REUSE T3 stage=full checkpoint=/home/hplab/uxin/yolo11/yolo_binaryqk/artifacts/runs/T3/full/bec8aa0e-78c6-43e0-8553-15037233c42d/checkpoints/strict-last.pt
[2026-08-07 00:20:23] REUSE T4 stage=full checkpoint=/home/hplab/uxin/yolo11/yolo_binaryqk/artifacts/runs/T4/full/1777852c-436a-4aed-93f4-7193708dbfff/checkpoints/strict-last.pt
[2026-08-07 00:20:24] REUSE T5 stage=full checkpoint=/home/hplab/uxin/yolo11/yolo_binaryqk/artifacts/runs/T5/full/71f17f1c-b7f8-4ba6-89f4-685167cb8b8a/checkpoints/strict-last.pt
[2026-08-07 00:20:24] SELECT best T1-T5 base=T4 for T6
[2026-08-07 00:20:25] REUSE T6-O stage=full checkpoint=/home/hplab/uxin/yolo11/yolo_binaryqk/artifacts/runs/T6-O/full/c1694771-29ac-4d11-9c4c-b2143a457dd8/checkpoints/strict-last.pt
[2026-08-07 00:20:26] REUSE T6-F stage=full checkpoint=/home/hplab/uxin/yolo11/yolo_binaryqk/artifacts/runs/T6-F/full/a5d75086-f303-40ac-bed0-81864e42d4dc/checkpoints/strict-last.pt
[2026-08-07 00:20:27] REUSE T6-A stage=full checkpoint=/home/hplab/uxin/yolo11/yolo_binaryqk/artifacts/runs/T6-A/full/1d979f3d-a4f0-4bc4-8c5f-697a7f4107d2/checkpoints/strict-last.pt
[2026-08-07 00:20:28] REUSE T6-O/F stage=full checkpoint=/home/hplab/uxin/yolo11/yolo_binaryqk/artifacts/runs/T6-O-F/full/b3ac13f4-5f8b-4319-b548-13fa1499260a/checkpoints/strict-last.pt
[2026-08-07 00:20:29] REUSE T6-O/A stage=full checkpoint=/home/hplab/uxin/yolo11/yolo_binaryqk/artifacts/runs/T6-O-A/full/13c0b1a4-2669-4533-9d3e-7867124dbf8d/checkpoints/strict-last.pt
[2026-08-07 00:20:30] REUSE T6-F/A stage=full checkpoint=/home/hplab/uxin/yolo11/yolo_binaryqk/artifacts/runs/T6-F-A/full/0306c018-041f-4327-a4cd-c8bae1c7e68e/checkpoints/strict-last.pt
[2026-08-07 00:20:30] SELECT T6 components=positional+feature by mAP50_95
[2026-08-07 00:20:31] REUSE T6 stage=full checkpoint=/home/hplab/uxin/yolo11/yolo_binaryqk/artifacts/runs/T6/full/392ca33d-f055-4ba4-9efe-26564da58373/checkpoints/strict-last.pt
[2026-08-07 00:20:32] REUSE T7-D stage=full checkpoint=/home/hplab/uxin/yolo11/yolo_binaryqk/artifacts/runs/T7-D/full/089411e2-9035-4602-9722-32edba717bd4/checkpoints/strict-last.pt
[2026-08-07 00:20:32] REUSE T7-R stage=full checkpoint=/home/hplab/uxin/yolo11/yolo_binaryqk/artifacts/runs/T7-R/full/6be0f58c-a2e8-48fe-b7e1-06fb90471955/checkpoints/strict-last.pt
[2026-08-07 00:20:32] SELECT best T7 bias=T7-D type=dense_2d
[2026-08-07 00:20:33] REUSE T7-P stage=full checkpoint=/home/hplab/uxin/yolo11/yolo_binaryqk/artifacts/runs/T7-P/full/b519a61b-6f44-453f-bf03-635addb4be6c/checkpoints/strict-last.pt
[2026-08-07 00:20:34] REUSE T7-V stage=full checkpoint=/home/hplab/uxin/yolo11/yolo_binaryqk/artifacts/runs/T7-V/full/fa1489df-acf4-4f65-ac9f-4a13c56cbaae/checkpoints/strict-last.pt
[2026-08-07 00:20:35] REUSE T7-PV stage=full checkpoint=/home/hplab/uxin/yolo11/yolo_binaryqk/artifacts/runs/T7-PV/full/150c0dd1-c7c0-4356-8df8-62c0cf35a6f4/checkpoints/strict-last.pt
[2026-08-07 00:20:35] SELECT N4 parent=T7-D bias=dense_2d; N4 KD disabled
[2026-08-07 00:20:36] REUSE N4-FP stage=full checkpoint=/home/hplab/uxin/yolo11/yolo_binaryqk/artifacts/runs/N4-FP/full/313aa64f-6488-4912-817d-8c796a0a83e7/checkpoints/strict-last.pt
[2026-08-07 00:20:37] REUSE N4-I8 stage=full checkpoint=/home/hplab/uxin/yolo11/yolo_binaryqk/artifacts/runs/N4-I8/full/77043731-adda-4250-b111-e9e42cb3126c/checkpoints/strict-last.pt
[2026-08-07 00:20:38] REUSE N4-I4 stage=full checkpoint=/home/hplab/uxin/yolo11/yolo_binaryqk/artifacts/runs/N4-I4/full/fd208345-b3bc-4524-ac29-019d7b8b3d01/checkpoints/strict-last.pt
[2026-08-07 00:20:39] REUSE N4-PV stage=full checkpoint=/home/hplab/uxin/yolo11/yolo_binaryqk/artifacts/runs/N4-PV/full/a8bec490-44f1-4e4a-86fd-df525781ee55/checkpoints/strict-last.pt
[2026-08-07 00:20:49] persistent formal service inactive; requesting restart
[2026-08-07 00:20:49] CORRECTED ATTENTION-ONLY QAT MATRIX START; T0/T1 reuse, continuation starts at T2
[2026-08-07 00:20:49] REUSE E2-DUAL validation run=/home/hplab/uxin/yolo11/yolo_binaryqk/artifacts/runs/E2-DUAL/validation/67c392ae-4c58-49ed-aa9a-8f922757b28c
[2026-08-07 00:20:50] REUSE T0 stage=full checkpoint=/home/hplab/uxin/yolo11/yolo_binaryqk/artifacts/runs/T0/full/ebba4065-47f7-4eee-9ac4-0a324e8eee5c/checkpoints/strict-last.pt
[2026-08-07 00:20:51] REUSE T1 stage=full checkpoint=/home/hplab/uxin/yolo11/yolo_binaryqk/artifacts/runs/T1/full/0721d713-d2d3-4952-bf55-62539b18b0ce/checkpoints/strict-last.pt
[2026-08-07 00:20:52] REUSE T2 stage=full checkpoint=/home/hplab/uxin/yolo11/yolo_binaryqk/artifacts/runs/T2/full/70046bd9-3c19-40d9-921f-65acfa90a316/checkpoints/strict-last.pt
[2026-08-07 00:20:52] REUSE T3 stage=full checkpoint=/home/hplab/uxin/yolo11/yolo_binaryqk/artifacts/runs/T3/full/bec8aa0e-78c6-43e0-8553-15037233c42d/checkpoints/strict-last.pt
[2026-08-07 00:20:53] REUSE T4 stage=full checkpoint=/home/hplab/uxin/yolo11/yolo_binaryqk/artifacts/runs/T4/full/1777852c-436a-4aed-93f4-7193708dbfff/checkpoints/strict-last.pt
[2026-08-07 00:20:54] REUSE T5 stage=full checkpoint=/home/hplab/uxin/yolo11/yolo_binaryqk/artifacts/runs/T5/full/71f17f1c-b7f8-4ba6-89f4-685167cb8b8a/checkpoints/strict-last.pt
[2026-08-07 00:20:54] SELECT best T1-T5 base=T4 for T6
[2026-08-07 00:20:55] REUSE T6-O stage=full checkpoint=/home/hplab/uxin/yolo11/yolo_binaryqk/artifacts/runs/T6-O/full/c1694771-29ac-4d11-9c4c-b2143a457dd8/checkpoints/strict-last.pt
[2026-08-07 00:20:56] REUSE T6-F stage=full checkpoint=/home/hplab/uxin/yolo11/yolo_binaryqk/artifacts/runs/T6-F/full/a5d75086-f303-40ac-bed0-81864e42d4dc/checkpoints/strict-last.pt
[2026-08-07 00:20:57] REUSE T6-A stage=full checkpoint=/home/hplab/uxin/yolo11/yolo_binaryqk/artifacts/runs/T6-A/full/1d979f3d-a4f0-4bc4-8c5f-697a7f4107d2/checkpoints/strict-last.pt
[2026-08-07 00:20:58] REUSE T6-O/F stage=full checkpoint=/home/hplab/uxin/yolo11/yolo_binaryqk/artifacts/runs/T6-O-F/full/b3ac13f4-5f8b-4319-b548-13fa1499260a/checkpoints/strict-last.pt
[2026-08-07 00:20:59] REUSE T6-O/A stage=full checkpoint=/home/hplab/uxin/yolo11/yolo_binaryqk/artifacts/runs/T6-O-A/full/13c0b1a4-2669-4533-9d3e-7867124dbf8d/checkpoints/strict-last.pt
[2026-08-07 00:21:00] REUSE T6-F/A stage=full checkpoint=/home/hplab/uxin/yolo11/yolo_binaryqk/artifacts/runs/T6-F-A/full/0306c018-041f-4327-a4cd-c8bae1c7e68e/checkpoints/strict-last.pt
[2026-08-07 00:21:00] SELECT T6 components=positional+feature by mAP50_95
[2026-08-07 00:21:01] REUSE T6 stage=full checkpoint=/home/hplab/uxin/yolo11/yolo_binaryqk/artifacts/runs/T6/full/392ca33d-f055-4ba4-9efe-26564da58373/checkpoints/strict-last.pt
[2026-08-07 00:21:02] REUSE T7-D stage=full checkpoint=/home/hplab/uxin/yolo11/yolo_binaryqk/artifacts/runs/T7-D/full/089411e2-9035-4602-9722-32edba717bd4/checkpoints/strict-last.pt
[2026-08-07 00:21:03] REUSE T7-R stage=full checkpoint=/home/hplab/uxin/yolo11/yolo_binaryqk/artifacts/runs/T7-R/full/6be0f58c-a2e8-48fe-b7e1-06fb90471955/checkpoints/strict-last.pt
[2026-08-07 00:21:03] SELECT best T7 bias=T7-D type=dense_2d
[2026-08-07 00:21:04] REUSE T7-P stage=full checkpoint=/home/hplab/uxin/yolo11/yolo_binaryqk/artifacts/runs/T7-P/full/b519a61b-6f44-453f-bf03-635addb4be6c/checkpoints/strict-last.pt
[2026-08-07 00:21:04] REUSE T7-V stage=full checkpoint=/home/hplab/uxin/yolo11/yolo_binaryqk/artifacts/runs/T7-V/full/fa1489df-acf4-4f65-ac9f-4a13c56cbaae/checkpoints/strict-last.pt
[2026-08-07 00:21:05] REUSE T7-PV stage=full checkpoint=/home/hplab/uxin/yolo11/yolo_binaryqk/artifacts/runs/T7-PV/full/150c0dd1-c7c0-4356-8df8-62c0cf35a6f4/checkpoints/strict-last.pt
[2026-08-07 00:21:05] SELECT N4 parent=T7-D bias=dense_2d; N4 KD disabled
[2026-08-07 00:21:06] REUSE N4-FP stage=full checkpoint=/home/hplab/uxin/yolo11/yolo_binaryqk/artifacts/runs/N4-FP/full/313aa64f-6488-4912-817d-8c796a0a83e7/checkpoints/strict-last.pt
[2026-08-07 00:21:07] REUSE N4-I8 stage=full checkpoint=/home/hplab/uxin/yolo11/yolo_binaryqk/artifacts/runs/N4-I8/full/77043731-adda-4250-b111-e9e42cb3126c/checkpoints/strict-last.pt
[2026-08-07 00:21:08] REUSE N4-I4 stage=full checkpoint=/home/hplab/uxin/yolo11/yolo_binaryqk/artifacts/runs/N4-I4/full/fd208345-b3bc-4524-ac29-019d7b8b3d01/checkpoints/strict-last.pt
[2026-08-07 00:21:09] REUSE N4-PV stage=full checkpoint=/home/hplab/uxin/yolo11/yolo_binaryqk/artifacts/runs/N4-PV/full/a8bec490-44f1-4e4a-86fd-df525781ee55/checkpoints/strict-last.pt
[2026-08-07 00:21:19] persistent formal service inactive; requesting restart
[2026-08-07 00:21:19] CORRECTED ATTENTION-ONLY QAT MATRIX START; T0/T1 reuse, continuation starts at T2
[2026-08-07 00:21:19] REUSE E2-DUAL validation run=/home/hplab/uxin/yolo11/yolo_binaryqk/artifacts/runs/E2-DUAL/validation/67c392ae-4c58-49ed-aa9a-8f922757b28c
[2026-08-07 00:21:20] REUSE T0 stage=full checkpoint=/home/hplab/uxin/yolo11/yolo_binaryqk/artifacts/runs/T0/full/ebba4065-47f7-4eee-9ac4-0a324e8eee5c/checkpoints/strict-last.pt
[2026-08-07 00:21:21] REUSE T1 stage=full checkpoint=/home/hplab/uxin/yolo11/yolo_binaryqk/artifacts/runs/T1/full/0721d713-d2d3-4952-bf55-62539b18b0ce/checkpoints/strict-last.pt
[2026-08-07 00:21:22] REUSE T2 stage=full checkpoint=/home/hplab/uxin/yolo11/yolo_binaryqk/artifacts/runs/T2/full/70046bd9-3c19-40d9-921f-65acfa90a316/checkpoints/strict-last.pt
[2026-08-07 00:21:22] REUSE T3 stage=full checkpoint=/home/hplab/uxin/yolo11/yolo_binaryqk/artifacts/runs/T3/full/bec8aa0e-78c6-43e0-8553-15037233c42d/checkpoints/strict-last.pt
[2026-08-07 00:21:23] REUSE T4 stage=full checkpoint=/home/hplab/uxin/yolo11/yolo_binaryqk/artifacts/runs/T4/full/1777852c-436a-4aed-93f4-7193708dbfff/checkpoints/strict-last.pt
[2026-08-07 00:21:24] REUSE T5 stage=full checkpoint=/home/hplab/uxin/yolo11/yolo_binaryqk/artifacts/runs/T5/full/71f17f1c-b7f8-4ba6-89f4-685167cb8b8a/checkpoints/strict-last.pt
[2026-08-07 00:21:24] SELECT best T1-T5 base=T4 for T6
[2026-08-07 00:21:25] REUSE T6-O stage=full checkpoint=/home/hplab/uxin/yolo11/yolo_binaryqk/artifacts/runs/T6-O/full/c1694771-29ac-4d11-9c4c-b2143a457dd8/checkpoints/strict-last.pt
[2026-08-07 00:21:26] REUSE T6-F stage=full checkpoint=/home/hplab/uxin/yolo11/yolo_binaryqk/artifacts/runs/T6-F/full/a5d75086-f303-40ac-bed0-81864e42d4dc/checkpoints/strict-last.pt
[2026-08-07 00:21:27] REUSE T6-A stage=full checkpoint=/home/hplab/uxin/yolo11/yolo_binaryqk/artifacts/runs/T6-A/full/1d979f3d-a4f0-4bc4-8c5f-697a7f4107d2/checkpoints/strict-last.pt
[2026-08-07 00:21:28] REUSE T6-O/F stage=full checkpoint=/home/hplab/uxin/yolo11/yolo_binaryqk/artifacts/runs/T6-O-F/full/b3ac13f4-5f8b-4319-b548-13fa1499260a/checkpoints/strict-last.pt
[2026-08-07 00:21:29] REUSE T6-O/A stage=full checkpoint=/home/hplab/uxin/yolo11/yolo_binaryqk/artifacts/runs/T6-O-A/full/13c0b1a4-2669-4533-9d3e-7867124dbf8d/checkpoints/strict-last.pt
[2026-08-07 00:21:30] REUSE T6-F/A stage=full checkpoint=/home/hplab/uxin/yolo11/yolo_binaryqk/artifacts/runs/T6-F-A/full/0306c018-041f-4327-a4cd-c8bae1c7e68e/checkpoints/strict-last.pt
[2026-08-07 00:21:30] SELECT T6 components=positional+feature by mAP50_95
[2026-08-07 00:21:31] REUSE T6 stage=full checkpoint=/home/hplab/uxin/yolo11/yolo_binaryqk/artifacts/runs/T6/full/392ca33d-f055-4ba4-9efe-26564da58373/checkpoints/strict-last.pt
[2026-08-07 00:21:32] REUSE T7-D stage=full checkpoint=/home/hplab/uxin/yolo11/yolo_binaryqk/artifacts/runs/T7-D/full/089411e2-9035-4602-9722-32edba717bd4/checkpoints/strict-last.pt
[2026-08-07 00:21:33] REUSE T7-R stage=full checkpoint=/home/hplab/uxin/yolo11/yolo_binaryqk/artifacts/runs/T7-R/full/6be0f58c-a2e8-48fe-b7e1-06fb90471955/checkpoints/strict-last.pt
[2026-08-07 00:21:33] SELECT best T7 bias=T7-D type=dense_2d
[2026-08-07 00:21:33] REUSE T7-P stage=full checkpoint=/home/hplab/uxin/yolo11/yolo_binaryqk/artifacts/runs/T7-P/full/b519a61b-6f44-453f-bf03-635addb4be6c/checkpoints/strict-last.pt
[2026-08-07 00:21:34] REUSE T7-V stage=full checkpoint=/home/hplab/uxin/yolo11/yolo_binaryqk/artifacts/runs/T7-V/full/fa1489df-acf4-4f65-ac9f-4a13c56cbaae/checkpoints/strict-last.pt
[2026-08-07 00:21:35] REUSE T7-PV stage=full checkpoint=/home/hplab/uxin/yolo11/yolo_binaryqk/artifacts/runs/T7-PV/full/150c0dd1-c7c0-4356-8df8-62c0cf35a6f4/checkpoints/strict-last.pt
[2026-08-07 00:21:35] SELECT N4 parent=T7-D bias=dense_2d; N4 KD disabled
[2026-08-07 00:21:36] REUSE N4-FP stage=full checkpoint=/home/hplab/uxin/yolo11/yolo_binaryqk/artifacts/runs/N4-FP/full/313aa64f-6488-4912-817d-8c796a0a83e7/checkpoints/strict-last.pt
[2026-08-07 00:21:37] REUSE N4-I8 stage=full checkpoint=/home/hplab/uxin/yolo11/yolo_binaryqk/artifacts/runs/N4-I8/full/77043731-adda-4250-b111-e9e42cb3126c/checkpoints/strict-last.pt
[2026-08-07 00:21:38] REUSE N4-I4 stage=full checkpoint=/home/hplab/uxin/yolo11/yolo_binaryqk/artifacts/runs/N4-I4/full/fd208345-b3bc-4524-ac29-019d7b8b3d01/checkpoints/strict-last.pt
[2026-08-07 00:21:39] REUSE N4-PV stage=full checkpoint=/home/hplab/uxin/yolo11/yolo_binaryqk/artifacts/runs/N4-PV/full/a8bec490-44f1-4e4a-86fd-df525781ee55/checkpoints/strict-last.pt
[2026-08-07 00:21:49] persistent formal service inactive; requesting restart
[2026-08-07 00:21:49] CORRECTED ATTENTION-ONLY QAT MATRIX START; T0/T1 reuse, continuation starts at T2
[2026-08-07 00:21:49] REUSE E2-DUAL validation run=/home/hplab/uxin/yolo11/yolo_binaryqk/artifacts/runs/E2-DUAL/validation/67c392ae-4c58-49ed-aa9a-8f922757b28c
[2026-08-07 00:21:50] REUSE T0 stage=full checkpoint=/home/hplab/uxin/yolo11/yolo_binaryqk/artifacts/runs/T0/full/ebba4065-47f7-4eee-9ac4-0a324e8eee5c/checkpoints/strict-last.pt
[2026-08-07 00:21:51] REUSE T1 stage=full checkpoint=/home/hplab/uxin/yolo11/yolo_binaryqk/artifacts/runs/T1/full/0721d713-d2d3-4952-bf55-62539b18b0ce/checkpoints/strict-last.pt
[2026-08-07 00:21:52] REUSE T2 stage=full checkpoint=/home/hplab/uxin/yolo11/yolo_binaryqk/artifacts/runs/T2/full/70046bd9-3c19-40d9-921f-65acfa90a316/checkpoints/strict-last.pt
[2026-08-07 00:21:53] REUSE T3 stage=full checkpoint=/home/hplab/uxin/yolo11/yolo_binaryqk/artifacts/runs/T3/full/bec8aa0e-78c6-43e0-8553-15037233c42d/checkpoints/strict-last.pt
[2026-08-07 00:21:53] REUSE T4 stage=full checkpoint=/home/hplab/uxin/yolo11/yolo_binaryqk/artifacts/runs/T4/full/1777852c-436a-4aed-93f4-7193708dbfff/checkpoints/strict-last.pt
[2026-08-07 00:21:54] REUSE T5 stage=full checkpoint=/home/hplab/uxin/yolo11/yolo_binaryqk/artifacts/runs/T5/full/71f17f1c-b7f8-4ba6-89f4-685167cb8b8a/checkpoints/strict-last.pt
[2026-08-07 00:21:54] SELECT best T1-T5 base=T4 for T6
[2026-08-07 00:21:55] REUSE T6-O stage=full checkpoint=/home/hplab/uxin/yolo11/yolo_binaryqk/artifacts/runs/T6-O/full/c1694771-29ac-4d11-9c4c-b2143a457dd8/checkpoints/strict-last.pt
[2026-08-07 00:21:56] REUSE T6-F stage=full checkpoint=/home/hplab/uxin/yolo11/yolo_binaryqk/artifacts/runs/T6-F/full/a5d75086-f303-40ac-bed0-81864e42d4dc/checkpoints/strict-last.pt
[2026-08-07 00:21:57] REUSE T6-A stage=full checkpoint=/home/hplab/uxin/yolo11/yolo_binaryqk/artifacts/runs/T6-A/full/1d979f3d-a4f0-4bc4-8c5f-697a7f4107d2/checkpoints/strict-last.pt
[2026-08-07 00:21:58] REUSE T6-O/F stage=full checkpoint=/home/hplab/uxin/yolo11/yolo_binaryqk/artifacts/runs/T6-O-F/full/b3ac13f4-5f8b-4319-b548-13fa1499260a/checkpoints/strict-last.pt
[2026-08-07 00:21:59] REUSE T6-O/A stage=full checkpoint=/home/hplab/uxin/yolo11/yolo_binaryqk/artifacts/runs/T6-O-A/full/13c0b1a4-2669-4533-9d3e-7867124dbf8d/checkpoints/strict-last.pt
[2026-08-07 00:22:00] REUSE T6-F/A stage=full checkpoint=/home/hplab/uxin/yolo11/yolo_binaryqk/artifacts/runs/T6-F-A/full/0306c018-041f-4327-a4cd-c8bae1c7e68e/checkpoints/strict-last.pt
[2026-08-07 00:22:00] SELECT T6 components=positional+feature by mAP50_95
[2026-08-07 00:22:01] REUSE T6 stage=full checkpoint=/home/hplab/uxin/yolo11/yolo_binaryqk/artifacts/runs/T6/full/392ca33d-f055-4ba4-9efe-26564da58373/checkpoints/strict-last.pt
[2026-08-07 00:22:02] REUSE T7-D stage=full checkpoint=/home/hplab/uxin/yolo11/yolo_binaryqk/artifacts/runs/T7-D/full/089411e2-9035-4602-9722-32edba717bd4/checkpoints/strict-last.pt
[2026-08-07 00:22:03] REUSE T7-R stage=full checkpoint=/home/hplab/uxin/yolo11/yolo_binaryqk/artifacts/runs/T7-R/full/6be0f58c-a2e8-48fe-b7e1-06fb90471955/checkpoints/strict-last.pt
[2026-08-07 00:22:03] SELECT best T7 bias=T7-D type=dense_2d
[2026-08-07 00:22:04] REUSE T7-P stage=full checkpoint=/home/hplab/uxin/yolo11/yolo_binaryqk/artifacts/runs/T7-P/full/b519a61b-6f44-453f-bf03-635addb4be6c/checkpoints/strict-last.pt
[2026-08-07 00:22:05] REUSE T7-V stage=full checkpoint=/home/hplab/uxin/yolo11/yolo_binaryqk/artifacts/runs/T7-V/full/fa1489df-acf4-4f65-ac9f-4a13c56cbaae/checkpoints/strict-last.pt
[2026-08-07 00:22:06] REUSE T7-PV stage=full checkpoint=/home/hplab/uxin/yolo11/yolo_binaryqk/artifacts/runs/T7-PV/full/150c0dd1-c7c0-4356-8df8-62c0cf35a6f4/checkpoints/strict-last.pt
[2026-08-07 00:22:06] SELECT N4 parent=T7-D bias=dense_2d; N4 KD disabled
[2026-08-07 00:22:07] REUSE N4-FP stage=full checkpoint=/home/hplab/uxin/yolo11/yolo_binaryqk/artifacts/runs/N4-FP/full/313aa64f-6488-4912-817d-8c796a0a83e7/checkpoints/strict-last.pt
[2026-08-07 00:22:07] REUSE N4-I8 stage=full checkpoint=/home/hplab/uxin/yolo11/yolo_binaryqk/artifacts/runs/N4-I8/full/77043731-adda-4250-b111-e9e42cb3126c/checkpoints/strict-last.pt
[2026-08-07 00:22:08] REUSE N4-I4 stage=full checkpoint=/home/hplab/uxin/yolo11/yolo_binaryqk/artifacts/runs/N4-I4/full/fd208345-b3bc-4524-ac29-019d7b8b3d01/checkpoints/strict-last.pt
[2026-08-07 00:22:09] REUSE N4-PV stage=full checkpoint=/home/hplab/uxin/yolo11/yolo_binaryqk/artifacts/runs/N4-PV/full/a8bec490-44f1-4e4a-86fd-df525781ee55/checkpoints/strict-last.pt
[2026-08-07 00:22:19] persistent formal service inactive; requesting restart
[2026-08-07 00:22:19] CORRECTED ATTENTION-ONLY QAT MATRIX START; T0/T1 reuse, continuation starts at T2
[2026-08-07 00:22:19] REUSE E2-DUAL validation run=/home/hplab/uxin/yolo11/yolo_binaryqk/artifacts/runs/E2-DUAL/validation/67c392ae-4c58-49ed-aa9a-8f922757b28c
[2026-08-07 00:22:20] REUSE T0 stage=full checkpoint=/home/hplab/uxin/yolo11/yolo_binaryqk/artifacts/runs/T0/full/ebba4065-47f7-4eee-9ac4-0a324e8eee5c/checkpoints/strict-last.pt
[2026-08-07 00:22:21] REUSE T1 stage=full checkpoint=/home/hplab/uxin/yolo11/yolo_binaryqk/artifacts/runs/T1/full/0721d713-d2d3-4952-bf55-62539b18b0ce/checkpoints/strict-last.pt
[2026-08-07 00:22:22] REUSE T2 stage=full checkpoint=/home/hplab/uxin/yolo11/yolo_binaryqk/artifacts/runs/T2/full/70046bd9-3c19-40d9-921f-65acfa90a316/checkpoints/strict-last.pt
[2026-08-07 00:22:23] REUSE T3 stage=full checkpoint=/home/hplab/uxin/yolo11/yolo_binaryqk/artifacts/runs/T3/full/bec8aa0e-78c6-43e0-8553-15037233c42d/checkpoints/strict-last.pt
[2026-08-07 00:22:24] REUSE T4 stage=full checkpoint=/home/hplab/uxin/yolo11/yolo_binaryqk/artifacts/runs/T4/full/1777852c-436a-4aed-93f4-7193708dbfff/checkpoints/strict-last.pt
[2026-08-07 00:22:24] REUSE T5 stage=full checkpoint=/home/hplab/uxin/yolo11/yolo_binaryqk/artifacts/runs/T5/full/71f17f1c-b7f8-4ba6-89f4-685167cb8b8a/checkpoints/strict-last.pt
[2026-08-07 00:22:24] SELECT best T1-T5 base=T4 for T6
[2026-08-07 00:22:25] REUSE T6-O stage=full checkpoint=/home/hplab/uxin/yolo11/yolo_binaryqk/artifacts/runs/T6-O/full/c1694771-29ac-4d11-9c4c-b2143a457dd8/checkpoints/strict-last.pt
[2026-08-07 00:22:26] REUSE T6-F stage=full checkpoint=/home/hplab/uxin/yolo11/yolo_binaryqk/artifacts/runs/T6-F/full/a5d75086-f303-40ac-bed0-81864e42d4dc/checkpoints/strict-last.pt
[2026-08-07 00:22:27] REUSE T6-A stage=full checkpoint=/home/hplab/uxin/yolo11/yolo_binaryqk/artifacts/runs/T6-A/full/1d979f3d-a4f0-4bc4-8c5f-697a7f4107d2/checkpoints/strict-last.pt
[2026-08-07 00:22:28] REUSE T6-O/F stage=full checkpoint=/home/hplab/uxin/yolo11/yolo_binaryqk/artifacts/runs/T6-O-F/full/b3ac13f4-5f8b-4319-b548-13fa1499260a/checkpoints/strict-last.pt
[2026-08-07 00:22:29] REUSE T6-O/A stage=full checkpoint=/home/hplab/uxin/yolo11/yolo_binaryqk/artifacts/runs/T6-O-A/full/13c0b1a4-2669-4533-9d3e-7867124dbf8d/checkpoints/strict-last.pt
[2026-08-07 00:22:30] REUSE T6-F/A stage=full checkpoint=/home/hplab/uxin/yolo11/yolo_binaryqk/artifacts/runs/T6-F-A/full/0306c018-041f-4327-a4cd-c8bae1c7e68e/checkpoints/strict-last.pt
[2026-08-07 00:22:30] SELECT T6 components=positional+feature by mAP50_95
[2026-08-07 00:22:31] REUSE T6 stage=full checkpoint=/home/hplab/uxin/yolo11/yolo_binaryqk/artifacts/runs/T6/full/392ca33d-f055-4ba4-9efe-26564da58373/checkpoints/strict-last.pt
[2026-08-07 00:22:32] REUSE T7-D stage=full checkpoint=/home/hplab/uxin/yolo11/yolo_binaryqk/artifacts/runs/T7-D/full/089411e2-9035-4602-9722-32edba717bd4/checkpoints/strict-last.pt
[2026-08-07 00:22:33] REUSE T7-R stage=full checkpoint=/home/hplab/uxin/yolo11/yolo_binaryqk/artifacts/runs/T7-R/full/6be0f58c-a2e8-48fe-b7e1-06fb90471955/checkpoints/strict-last.pt
[2026-08-07 00:22:33] SELECT best T7 bias=T7-D type=dense_2d
[2026-08-07 00:22:34] REUSE T7-P stage=full checkpoint=/home/hplab/uxin/yolo11/yolo_binaryqk/artifacts/runs/T7-P/full/b519a61b-6f44-453f-bf03-635addb4be6c/checkpoints/strict-last.pt
[2026-08-07 00:22:35] REUSE T7-V stage=full checkpoint=/home/hplab/uxin/yolo11/yolo_binaryqk/artifacts/runs/T7-V/full/fa1489df-acf4-4f65-ac9f-4a13c56cbaae/checkpoints/strict-last.pt
[2026-08-07 00:22:36] REUSE T7-PV stage=full checkpoint=/home/hplab/uxin/yolo11/yolo_binaryqk/artifacts/runs/T7-PV/full/150c0dd1-c7c0-4356-8df8-62c0cf35a6f4/checkpoints/strict-last.pt
[2026-08-07 00:22:36] SELECT N4 parent=T7-D bias=dense_2d; N4 KD disabled
[2026-08-07 00:22:37] REUSE N4-FP stage=full checkpoint=/home/hplab/uxin/yolo11/yolo_binaryqk/artifacts/runs/N4-FP/full/313aa64f-6488-4912-817d-8c796a0a83e7/checkpoints/strict-last.pt
[2026-08-07 00:22:38] REUSE N4-I8 stage=full checkpoint=/home/hplab/uxin/yolo11/yolo_binaryqk/artifacts/runs/N4-I8/full/77043731-adda-4250-b111-e9e42cb3126c/checkpoints/strict-last.pt
[2026-08-07 00:22:39] REUSE N4-I4 stage=full checkpoint=/home/hplab/uxin/yolo11/yolo_binaryqk/artifacts/runs/N4-I4/full/fd208345-b3bc-4524-ac29-019d7b8b3d01/checkpoints/strict-last.pt
[2026-08-07 00:22:39] REUSE N4-PV stage=full checkpoint=/home/hplab/uxin/yolo11/yolo_binaryqk/artifacts/runs/N4-PV/full/a8bec490-44f1-4e4a-86fd-df525781ee55/checkpoints/strict-last.pt
[2026-08-07 00:22:49] persistent formal service inactive; requesting restart
[2026-08-07 00:22:49] CORRECTED ATTENTION-ONLY QAT MATRIX START; T0/T1 reuse, continuation starts at T2
[2026-08-07 00:22:49] REUSE E2-DUAL validation run=/home/hplab/uxin/yolo11/yolo_binaryqk/artifacts/runs/E2-DUAL/validation/67c392ae-4c58-49ed-aa9a-8f922757b28c
[2026-08-07 00:22:50] REUSE T0 stage=full checkpoint=/home/hplab/uxin/yolo11/yolo_binaryqk/artifacts/runs/T0/full/ebba4065-47f7-4eee-9ac4-0a324e8eee5c/checkpoints/strict-last.pt
[2026-08-07 00:22:51] REUSE T1 stage=full checkpoint=/home/hplab/uxin/yolo11/yolo_binaryqk/artifacts/runs/T1/full/0721d713-d2d3-4952-bf55-62539b18b0ce/checkpoints/strict-last.pt
[2026-08-07 00:22:52] REUSE T2 stage=full checkpoint=/home/hplab/uxin/yolo11/yolo_binaryqk/artifacts/runs/T2/full/70046bd9-3c19-40d9-921f-65acfa90a316/checkpoints/strict-last.pt
[2026-08-07 00:22:53] REUSE T3 stage=full checkpoint=/home/hplab/uxin/yolo11/yolo_binaryqk/artifacts/runs/T3/full/bec8aa0e-78c6-43e0-8553-15037233c42d/checkpoints/strict-last.pt
[2026-08-07 00:22:54] REUSE T4 stage=full checkpoint=/home/hplab/uxin/yolo11/yolo_binaryqk/artifacts/runs/T4/full/1777852c-436a-4aed-93f4-7193708dbfff/checkpoints/strict-last.pt
[2026-08-07 00:22:54] REUSE T5 stage=full checkpoint=/home/hplab/uxin/yolo11/yolo_binaryqk/artifacts/runs/T5/full/71f17f1c-b7f8-4ba6-89f4-685167cb8b8a/checkpoints/strict-last.pt
[2026-08-07 00:22:54] SELECT best T1-T5 base=T4 for T6
[2026-08-07 00:22:55] REUSE T6-O stage=full checkpoint=/home/hplab/uxin/yolo11/yolo_binaryqk/artifacts/runs/T6-O/full/c1694771-29ac-4d11-9c4c-b2143a457dd8/checkpoints/strict-last.pt
[2026-08-07 00:22:56] REUSE T6-F stage=full checkpoint=/home/hplab/uxin/yolo11/yolo_binaryqk/artifacts/runs/T6-F/full/a5d75086-f303-40ac-bed0-81864e42d4dc/checkpoints/strict-last.pt
[2026-08-07 00:22:57] REUSE T6-A stage=full checkpoint=/home/hplab/uxin/yolo11/yolo_binaryqk/artifacts/runs/T6-A/full/1d979f3d-a4f0-4bc4-8c5f-697a7f4107d2/checkpoints/strict-last.pt
[2026-08-07 00:22:58] REUSE T6-O/F stage=full checkpoint=/home/hplab/uxin/yolo11/yolo_binaryqk/artifacts/runs/T6-O-F/full/b3ac13f4-5f8b-4319-b548-13fa1499260a/checkpoints/strict-last.pt
[2026-08-07 00:22:59] REUSE T6-O/A stage=full checkpoint=/home/hplab/uxin/yolo11/yolo_binaryqk/artifacts/runs/T6-O-A/full/13c0b1a4-2669-4533-9d3e-7867124dbf8d/checkpoints/strict-last.pt
[2026-08-07 00:23:00] REUSE T6-F/A stage=full checkpoint=/home/hplab/uxin/yolo11/yolo_binaryqk/artifacts/runs/T6-F-A/full/0306c018-041f-4327-a4cd-c8bae1c7e68e/checkpoints/strict-last.pt
[2026-08-07 00:23:00] SELECT T6 components=positional+feature by mAP50_95
[2026-08-07 00:23:01] REUSE T6 stage=full checkpoint=/home/hplab/uxin/yolo11/yolo_binaryqk/artifacts/runs/T6/full/392ca33d-f055-4ba4-9efe-26564da58373/checkpoints/strict-last.pt
[2026-08-07 00:23:02] REUSE T7-D stage=full checkpoint=/home/hplab/uxin/yolo11/yolo_binaryqk/artifacts/runs/T7-D/full/089411e2-9035-4602-9722-32edba717bd4/checkpoints/strict-last.pt
[2026-08-07 00:23:03] REUSE T7-R stage=full checkpoint=/home/hplab/uxin/yolo11/yolo_binaryqk/artifacts/runs/T7-R/full/6be0f58c-a2e8-48fe-b7e1-06fb90471955/checkpoints/strict-last.pt
[2026-08-07 00:23:03] SELECT best T7 bias=T7-D type=dense_2d
[2026-08-07 00:23:04] REUSE T7-P stage=full checkpoint=/home/hplab/uxin/yolo11/yolo_binaryqk/artifacts/runs/T7-P/full/b519a61b-6f44-453f-bf03-635addb4be6c/checkpoints/strict-last.pt
[2026-08-07 00:23:05] REUSE T7-V stage=full checkpoint=/home/hplab/uxin/yolo11/yolo_binaryqk/artifacts/runs/T7-V/full/fa1489df-acf4-4f65-ac9f-4a13c56cbaae/checkpoints/strict-last.pt
[2026-08-07 00:23:06] REUSE T7-PV stage=full checkpoint=/home/hplab/uxin/yolo11/yolo_binaryqk/artifacts/runs/T7-PV/full/150c0dd1-c7c0-4356-8df8-62c0cf35a6f4/checkpoints/strict-last.pt
[2026-08-07 00:23:06] SELECT N4 parent=T7-D bias=dense_2d; N4 KD disabled
[2026-08-07 00:23:07] REUSE N4-FP stage=full checkpoint=/home/hplab/uxin/yolo11/yolo_binaryqk/artifacts/runs/N4-FP/full/313aa64f-6488-4912-817d-8c796a0a83e7/checkpoints/strict-last.pt
[2026-08-07 00:23:07] REUSE N4-I8 stage=full checkpoint=/home/hplab/uxin/yolo11/yolo_binaryqk/artifacts/runs/N4-I8/full/77043731-adda-4250-b111-e9e42cb3126c/checkpoints/strict-last.pt
[2026-08-07 00:23:08] REUSE N4-I4 stage=full checkpoint=/home/hplab/uxin/yolo11/yolo_binaryqk/artifacts/runs/N4-I4/full/fd208345-b3bc-4524-ac29-019d7b8b3d01/checkpoints/strict-last.pt
[2026-08-07 00:23:09] REUSE N4-PV stage=full checkpoint=/home/hplab/uxin/yolo11/yolo_binaryqk/artifacts/runs/N4-PV/full/a8bec490-44f1-4e4a-86fd-df525781ee55/checkpoints/strict-last.pt
[2026-08-07 00:23:19] persistent formal service inactive; requesting restart
[2026-08-07 00:23:19] CORRECTED ATTENTION-ONLY QAT MATRIX START; T0/T1 reuse, continuation starts at T2
[2026-08-07 00:23:19] REUSE E2-DUAL validation run=/home/hplab/uxin/yolo11/yolo_binaryqk/artifacts/runs/E2-DUAL/validation/67c392ae-4c58-49ed-aa9a-8f922757b28c
[2026-08-07 00:23:20] REUSE T0 stage=full checkpoint=/home/hplab/uxin/yolo11/yolo_binaryqk/artifacts/runs/T0/full/ebba4065-47f7-4eee-9ac4-0a324e8eee5c/checkpoints/strict-last.pt
[2026-08-07 00:23:21] REUSE T1 stage=full checkpoint=/home/hplab/uxin/yolo11/yolo_binaryqk/artifacts/runs/T1/full/0721d713-d2d3-4952-bf55-62539b18b0ce/checkpoints/strict-last.pt
[2026-08-07 00:23:22] REUSE T2 stage=full checkpoint=/home/hplab/uxin/yolo11/yolo_binaryqk/artifacts/runs/T2/full/70046bd9-3c19-40d9-921f-65acfa90a316/checkpoints/strict-last.pt
[2026-08-07 00:23:23] REUSE T3 stage=full checkpoint=/home/hplab/uxin/yolo11/yolo_binaryqk/artifacts/runs/T3/full/bec8aa0e-78c6-43e0-8553-15037233c42d/checkpoints/strict-last.pt
[2026-08-07 00:23:23] REUSE T4 stage=full checkpoint=/home/hplab/uxin/yolo11/yolo_binaryqk/artifacts/runs/T4/full/1777852c-436a-4aed-93f4-7193708dbfff/checkpoints/strict-last.pt
[2026-08-07 00:23:24] REUSE T5 stage=full checkpoint=/home/hplab/uxin/yolo11/yolo_binaryqk/artifacts/runs/T5/full/71f17f1c-b7f8-4ba6-89f4-685167cb8b8a/checkpoints/strict-last.pt
[2026-08-07 00:23:24] SELECT best T1-T5 base=T4 for T6
[2026-08-07 00:23:25] REUSE T6-O stage=full checkpoint=/home/hplab/uxin/yolo11/yolo_binaryqk/artifacts/runs/T6-O/full/c1694771-29ac-4d11-9c4c-b2143a457dd8/checkpoints/strict-last.pt
[2026-08-07 00:23:26] REUSE T6-F stage=full checkpoint=/home/hplab/uxin/yolo11/yolo_binaryqk/artifacts/runs/T6-F/full/a5d75086-f303-40ac-bed0-81864e42d4dc/checkpoints/strict-last.pt
[2026-08-07 00:23:27] REUSE T6-A stage=full checkpoint=/home/hplab/uxin/yolo11/yolo_binaryqk/artifacts/runs/T6-A/full/1d979f3d-a4f0-4bc4-8c5f-697a7f4107d2/checkpoints/strict-last.pt
[2026-08-07 00:23:28] REUSE T6-O/F stage=full checkpoint=/home/hplab/uxin/yolo11/yolo_binaryqk/artifacts/runs/T6-O-F/full/b3ac13f4-5f8b-4319-b548-13fa1499260a/checkpoints/strict-last.pt
[2026-08-07 00:23:29] REUSE T6-O/A stage=full checkpoint=/home/hplab/uxin/yolo11/yolo_binaryqk/artifacts/runs/T6-O-A/full/13c0b1a4-2669-4533-9d3e-7867124dbf8d/checkpoints/strict-last.pt
[2026-08-07 00:23:30] REUSE T6-F/A stage=full checkpoint=/home/hplab/uxin/yolo11/yolo_binaryqk/artifacts/runs/T6-F-A/full/0306c018-041f-4327-a4cd-c8bae1c7e68e/checkpoints/strict-last.pt
[2026-08-07 00:23:30] SELECT T6 components=positional+feature by mAP50_95
[2026-08-07 00:23:31] REUSE T6 stage=full checkpoint=/home/hplab/uxin/yolo11/yolo_binaryqk/artifacts/runs/T6/full/392ca33d-f055-4ba4-9efe-26564da58373/checkpoints/strict-last.pt
[2026-08-07 00:23:32] REUSE T7-D stage=full checkpoint=/home/hplab/uxin/yolo11/yolo_binaryqk/artifacts/runs/T7-D/full/089411e2-9035-4602-9722-32edba717bd4/checkpoints/strict-last.pt
[2026-08-07 00:23:33] REUSE T7-R stage=full checkpoint=/home/hplab/uxin/yolo11/yolo_binaryqk/artifacts/runs/T7-R/full/6be0f58c-a2e8-48fe-b7e1-06fb90471955/checkpoints/strict-last.pt
[2026-08-07 00:23:33] SELECT best T7 bias=T7-D type=dense_2d
[2026-08-07 00:23:34] REUSE T7-P stage=full checkpoint=/home/hplab/uxin/yolo11/yolo_binaryqk/artifacts/runs/T7-P/full/b519a61b-6f44-453f-bf03-635addb4be6c/checkpoints/strict-last.pt
[2026-08-07 00:23:34] REUSE T7-V stage=full checkpoint=/home/hplab/uxin/yolo11/yolo_binaryqk/artifacts/runs/T7-V/full/fa1489df-acf4-4f65-ac9f-4a13c56cbaae/checkpoints/strict-last.pt
[2026-08-07 00:23:35] REUSE T7-PV stage=full checkpoint=/home/hplab/uxin/yolo11/yolo_binaryqk/artifacts/runs/T7-PV/full/150c0dd1-c7c0-4356-8df8-62c0cf35a6f4/checkpoints/strict-last.pt
[2026-08-07 00:23:35] SELECT N4 parent=T7-D bias=dense_2d; N4 KD disabled
[2026-08-07 00:23:36] REUSE N4-FP stage=full checkpoint=/home/hplab/uxin/yolo11/yolo_binaryqk/artifacts/runs/N4-FP/full/313aa64f-6488-4912-817d-8c796a0a83e7/checkpoints/strict-last.pt
[2026-08-07 00:23:37] REUSE N4-I8 stage=full checkpoint=/home/hplab/uxin/yolo11/yolo_binaryqk/artifacts/runs/N4-I8/full/77043731-adda-4250-b111-e9e42cb3126c/checkpoints/strict-last.pt
[2026-08-07 00:23:38] REUSE N4-I4 stage=full checkpoint=/home/hplab/uxin/yolo11/yolo_binaryqk/artifacts/runs/N4-I4/full/fd208345-b3bc-4524-ac29-019d7b8b3d01/checkpoints/strict-last.pt
[2026-08-07 00:23:39] REUSE N4-PV stage=full checkpoint=/home/hplab/uxin/yolo11/yolo_binaryqk/artifacts/runs/N4-PV/full/a8bec490-44f1-4e4a-86fd-df525781ee55/checkpoints/strict-last.pt
[2026-08-07 00:23:49] persistent formal service inactive; requesting restart
[2026-08-07 00:23:49] CORRECTED ATTENTION-ONLY QAT MATRIX START; T0/T1 reuse, continuation starts at T2
[2026-08-07 00:23:49] REUSE E2-DUAL validation run=/home/hplab/uxin/yolo11/yolo_binaryqk/artifacts/runs/E2-DUAL/validation/67c392ae-4c58-49ed-aa9a-8f922757b28c
[2026-08-07 00:23:50] REUSE T0 stage=full checkpoint=/home/hplab/uxin/yolo11/yolo_binaryqk/artifacts/runs/T0/full/ebba4065-47f7-4eee-9ac4-0a324e8eee5c/checkpoints/strict-last.pt
[2026-08-07 00:23:51] REUSE T1 stage=full checkpoint=/home/hplab/uxin/yolo11/yolo_binaryqk/artifacts/runs/T1/full/0721d713-d2d3-4952-bf55-62539b18b0ce/checkpoints/strict-last.pt
[2026-08-07 00:23:52] REUSE T2 stage=full checkpoint=/home/hplab/uxin/yolo11/yolo_binaryqk/artifacts/runs/T2/full/70046bd9-3c19-40d9-921f-65acfa90a316/checkpoints/strict-last.pt
[2026-08-07 00:23:53] REUSE T3 stage=full checkpoint=/home/hplab/uxin/yolo11/yolo_binaryqk/artifacts/runs/T3/full/bec8aa0e-78c6-43e0-8553-15037233c42d/checkpoints/strict-last.pt
[2026-08-07 00:23:53] REUSE T4 stage=full checkpoint=/home/hplab/uxin/yolo11/yolo_binaryqk/artifacts/runs/T4/full/1777852c-436a-4aed-93f4-7193708dbfff/checkpoints/strict-last.pt
[2026-08-07 00:23:54] REUSE T5 stage=full checkpoint=/home/hplab/uxin/yolo11/yolo_binaryqk/artifacts/runs/T5/full/71f17f1c-b7f8-4ba6-89f4-685167cb8b8a/checkpoints/strict-last.pt
[2026-08-07 00:23:54] SELECT best T1-T5 base=T4 for T6
[2026-08-07 00:23:55] REUSE T6-O stage=full checkpoint=/home/hplab/uxin/yolo11/yolo_binaryqk/artifacts/runs/T6-O/full/c1694771-29ac-4d11-9c4c-b2143a457dd8/checkpoints/strict-last.pt
[2026-08-07 00:23:56] REUSE T6-F stage=full checkpoint=/home/hplab/uxin/yolo11/yolo_binaryqk/artifacts/runs/T6-F/full/a5d75086-f303-40ac-bed0-81864e42d4dc/checkpoints/strict-last.pt
[2026-08-07 00:23:57] REUSE T6-A stage=full checkpoint=/home/hplab/uxin/yolo11/yolo_binaryqk/artifacts/runs/T6-A/full/1d979f3d-a4f0-4bc4-8c5f-697a7f4107d2/checkpoints/strict-last.pt
[2026-08-07 00:23:58] REUSE T6-O/F stage=full checkpoint=/home/hplab/uxin/yolo11/yolo_binaryqk/artifacts/runs/T6-O-F/full/b3ac13f4-5f8b-4319-b548-13fa1499260a/checkpoints/strict-last.pt
[2026-08-07 00:23:59] REUSE T6-O/A stage=full checkpoint=/home/hplab/uxin/yolo11/yolo_binaryqk/artifacts/runs/T6-O-A/full/13c0b1a4-2669-4533-9d3e-7867124dbf8d/checkpoints/strict-last.pt
[2026-08-07 00:24:00] REUSE T6-F/A stage=full checkpoint=/home/hplab/uxin/yolo11/yolo_binaryqk/artifacts/runs/T6-F-A/full/0306c018-041f-4327-a4cd-c8bae1c7e68e/checkpoints/strict-last.pt
[2026-08-07 00:24:00] SELECT T6 components=positional+feature by mAP50_95
[2026-08-07 00:24:01] REUSE T6 stage=full checkpoint=/home/hplab/uxin/yolo11/yolo_binaryqk/artifacts/runs/T6/full/392ca33d-f055-4ba4-9efe-26564da58373/checkpoints/strict-last.pt
[2026-08-07 00:24:02] REUSE T7-D stage=full checkpoint=/home/hplab/uxin/yolo11/yolo_binaryqk/artifacts/runs/T7-D/full/089411e2-9035-4602-9722-32edba717bd4/checkpoints/strict-last.pt
[2026-08-07 00:24:03] REUSE T7-R stage=full checkpoint=/home/hplab/uxin/yolo11/yolo_binaryqk/artifacts/runs/T7-R/full/6be0f58c-a2e8-48fe-b7e1-06fb90471955/checkpoints/strict-last.pt
[2026-08-07 00:24:03] SELECT best T7 bias=T7-D type=dense_2d
[2026-08-07 00:24:04] REUSE T7-P stage=full checkpoint=/home/hplab/uxin/yolo11/yolo_binaryqk/artifacts/runs/T7-P/full/b519a61b-6f44-453f-bf03-635addb4be6c/checkpoints/strict-last.pt
[2026-08-07 00:24:05] REUSE T7-V stage=full checkpoint=/home/hplab/uxin/yolo11/yolo_binaryqk/artifacts/runs/T7-V/full/fa1489df-acf4-4f65-ac9f-4a13c56cbaae/checkpoints/strict-last.pt
[2026-08-07 00:24:05] REUSE T7-PV stage=full checkpoint=/home/hplab/uxin/yolo11/yolo_binaryqk/artifacts/runs/T7-PV/full/150c0dd1-c7c0-4356-8df8-62c0cf35a6f4/checkpoints/strict-last.pt
[2026-08-07 00:24:06] SELECT N4 parent=T7-D bias=dense_2d; N4 KD disabled
[2026-08-07 00:24:06] REUSE N4-FP stage=full checkpoint=/home/hplab/uxin/yolo11/yolo_binaryqk/artifacts/runs/N4-FP/full/313aa64f-6488-4912-817d-8c796a0a83e7/checkpoints/strict-last.pt
[2026-08-07 00:24:07] REUSE N4-I8 stage=full checkpoint=/home/hplab/uxin/yolo11/yolo_binaryqk/artifacts/runs/N4-I8/full/77043731-adda-4250-b111-e9e42cb3126c/checkpoints/strict-last.pt
[2026-08-07 00:24:08] REUSE N4-I4 stage=full checkpoint=/home/hplab/uxin/yolo11/yolo_binaryqk/artifacts/runs/N4-I4/full/fd208345-b3bc-4524-ac29-019d7b8b3d01/checkpoints/strict-last.pt
[2026-08-07 00:24:09] REUSE N4-PV stage=full checkpoint=/home/hplab/uxin/yolo11/yolo_binaryqk/artifacts/runs/N4-PV/full/a8bec490-44f1-4e4a-86fd-df525781ee55/checkpoints/strict-last.pt
[2026-08-07 00:24:19] persistent formal service inactive; requesting restart
[2026-08-07 00:24:19] CORRECTED ATTENTION-ONLY QAT MATRIX START; T0/T1 reuse, continuation starts at T2
[2026-08-07 00:24:19] REUSE E2-DUAL validation run=/home/hplab/uxin/yolo11/yolo_binaryqk/artifacts/runs/E2-DUAL/validation/67c392ae-4c58-49ed-aa9a-8f922757b28c
[2026-08-07 00:24:20] REUSE T0 stage=full checkpoint=/home/hplab/uxin/yolo11/yolo_binaryqk/artifacts/runs/T0/full/ebba4065-47f7-4eee-9ac4-0a324e8eee5c/checkpoints/strict-last.pt
[2026-08-07 00:24:21] REUSE T1 stage=full checkpoint=/home/hplab/uxin/yolo11/yolo_binaryqk/artifacts/runs/T1/full/0721d713-d2d3-4952-bf55-62539b18b0ce/checkpoints/strict-last.pt
[2026-08-07 00:24:22] REUSE T2 stage=full checkpoint=/home/hplab/uxin/yolo11/yolo_binaryqk/artifacts/runs/T2/full/70046bd9-3c19-40d9-921f-65acfa90a316/checkpoints/strict-last.pt
[2026-08-07 00:24:23] REUSE T3 stage=full checkpoint=/home/hplab/uxin/yolo11/yolo_binaryqk/artifacts/runs/T3/full/bec8aa0e-78c6-43e0-8553-15037233c42d/checkpoints/strict-last.pt
[2026-08-07 00:24:23] REUSE T4 stage=full checkpoint=/home/hplab/uxin/yolo11/yolo_binaryqk/artifacts/runs/T4/full/1777852c-436a-4aed-93f4-7193708dbfff/checkpoints/strict-last.pt
[2026-08-07 00:24:24] REUSE T5 stage=full checkpoint=/home/hplab/uxin/yolo11/yolo_binaryqk/artifacts/runs/T5/full/71f17f1c-b7f8-4ba6-89f4-685167cb8b8a/checkpoints/strict-last.pt
[2026-08-07 00:24:24] SELECT best T1-T5 base=T4 for T6
[2026-08-07 00:24:25] REUSE T6-O stage=full checkpoint=/home/hplab/uxin/yolo11/yolo_binaryqk/artifacts/runs/T6-O/full/c1694771-29ac-4d11-9c4c-b2143a457dd8/checkpoints/strict-last.pt
[2026-08-07 00:24:26] REUSE T6-F stage=full checkpoint=/home/hplab/uxin/yolo11/yolo_binaryqk/artifacts/runs/T6-F/full/a5d75086-f303-40ac-bed0-81864e42d4dc/checkpoints/strict-last.pt
[2026-08-07 00:24:27] REUSE T6-A stage=full checkpoint=/home/hplab/uxin/yolo11/yolo_binaryqk/artifacts/runs/T6-A/full/1d979f3d-a4f0-4bc4-8c5f-697a7f4107d2/checkpoints/strict-last.pt
[2026-08-07 00:24:28] REUSE T6-O/F stage=full checkpoint=/home/hplab/uxin/yolo11/yolo_binaryqk/artifacts/runs/T6-O-F/full/b3ac13f4-5f8b-4319-b548-13fa1499260a/checkpoints/strict-last.pt
[2026-08-07 00:24:29] REUSE T6-O/A stage=full checkpoint=/home/hplab/uxin/yolo11/yolo_binaryqk/artifacts/runs/T6-O-A/full/13c0b1a4-2669-4533-9d3e-7867124dbf8d/checkpoints/strict-last.pt
[2026-08-07 00:24:30] REUSE T6-F/A stage=full checkpoint=/home/hplab/uxin/yolo11/yolo_binaryqk/artifacts/runs/T6-F-A/full/0306c018-041f-4327-a4cd-c8bae1c7e68e/checkpoints/strict-last.pt
[2026-08-07 00:24:30] SELECT T6 components=positional+feature by mAP50_95
[2026-08-07 00:24:31] REUSE T6 stage=full checkpoint=/home/hplab/uxin/yolo11/yolo_binaryqk/artifacts/runs/T6/full/392ca33d-f055-4ba4-9efe-26564da58373/checkpoints/strict-last.pt
[2026-08-07 00:24:32] REUSE T7-D stage=full checkpoint=/home/hplab/uxin/yolo11/yolo_binaryqk/artifacts/runs/T7-D/full/089411e2-9035-4602-9722-32edba717bd4/checkpoints/strict-last.pt
[2026-08-07 00:24:33] REUSE T7-R stage=full checkpoint=/home/hplab/uxin/yolo11/yolo_binaryqk/artifacts/runs/T7-R/full/6be0f58c-a2e8-48fe-b7e1-06fb90471955/checkpoints/strict-last.pt
[2026-08-07 00:24:33] SELECT best T7 bias=T7-D type=dense_2d
[2026-08-07 00:24:34] REUSE T7-P stage=full checkpoint=/home/hplab/uxin/yolo11/yolo_binaryqk/artifacts/runs/T7-P/full/b519a61b-6f44-453f-bf03-635addb4be6c/checkpoints/strict-last.pt
[2026-08-07 00:24:35] REUSE T7-V stage=full checkpoint=/home/hplab/uxin/yolo11/yolo_binaryqk/artifacts/runs/T7-V/full/fa1489df-acf4-4f65-ac9f-4a13c56cbaae/checkpoints/strict-last.pt
[2026-08-07 00:24:35] REUSE T7-PV stage=full checkpoint=/home/hplab/uxin/yolo11/yolo_binaryqk/artifacts/runs/T7-PV/full/150c0dd1-c7c0-4356-8df8-62c0cf35a6f4/checkpoints/strict-last.pt
[2026-08-07 00:24:35] SELECT N4 parent=T7-D bias=dense_2d; N4 KD disabled
[2026-08-07 00:24:36] REUSE N4-FP stage=full checkpoint=/home/hplab/uxin/yolo11/yolo_binaryqk/artifacts/runs/N4-FP/full/313aa64f-6488-4912-817d-8c796a0a83e7/checkpoints/strict-last.pt
[2026-08-07 00:24:37] REUSE N4-I8 stage=full checkpoint=/home/hplab/uxin/yolo11/yolo_binaryqk/artifacts/runs/N4-I8/full/77043731-adda-4250-b111-e9e42cb3126c/checkpoints/strict-last.pt
[2026-08-07 00:24:38] REUSE N4-I4 stage=full checkpoint=/home/hplab/uxin/yolo11/yolo_binaryqk/artifacts/runs/N4-I4/full/fd208345-b3bc-4524-ac29-019d7b8b3d01/checkpoints/strict-last.pt
[2026-08-07 00:24:39] REUSE N4-PV stage=full checkpoint=/home/hplab/uxin/yolo11/yolo_binaryqk/artifacts/runs/N4-PV/full/a8bec490-44f1-4e4a-86fd-df525781ee55/checkpoints/strict-last.pt
[2026-08-07 00:24:49] persistent formal service inactive; requesting restart
[2026-08-07 00:24:49] CORRECTED ATTENTION-ONLY QAT MATRIX START; T0/T1 reuse, continuation starts at T2
[2026-08-07 00:24:49] REUSE E2-DUAL validation run=/home/hplab/uxin/yolo11/yolo_binaryqk/artifacts/runs/E2-DUAL/validation/67c392ae-4c58-49ed-aa9a-8f922757b28c
[2026-08-07 00:24:50] REUSE T0 stage=full checkpoint=/home/hplab/uxin/yolo11/yolo_binaryqk/artifacts/runs/T0/full/ebba4065-47f7-4eee-9ac4-0a324e8eee5c/checkpoints/strict-last.pt
[2026-08-07 00:24:51] REUSE T1 stage=full checkpoint=/home/hplab/uxin/yolo11/yolo_binaryqk/artifacts/runs/T1/full/0721d713-d2d3-4952-bf55-62539b18b0ce/checkpoints/strict-last.pt
[2026-08-07 00:24:52] REUSE T2 stage=full checkpoint=/home/hplab/uxin/yolo11/yolo_binaryqk/artifacts/runs/T2/full/70046bd9-3c19-40d9-921f-65acfa90a316/checkpoints/strict-last.pt
[2026-08-07 00:24:53] REUSE T3 stage=full checkpoint=/home/hplab/uxin/yolo11/yolo_binaryqk/artifacts/runs/T3/full/bec8aa0e-78c6-43e0-8553-15037233c42d/checkpoints/strict-last.pt
[2026-08-07 00:24:53] REUSE T4 stage=full checkpoint=/home/hplab/uxin/yolo11/yolo_binaryqk/artifacts/runs/T4/full/1777852c-436a-4aed-93f4-7193708dbfff/checkpoints/strict-last.pt
[2026-08-07 00:24:54] REUSE T5 stage=full checkpoint=/home/hplab/uxin/yolo11/yolo_binaryqk/artifacts/runs/T5/full/71f17f1c-b7f8-4ba6-89f4-685167cb8b8a/checkpoints/strict-last.pt
[2026-08-07 00:24:54] SELECT best T1-T5 base=T4 for T6
[2026-08-07 00:24:55] REUSE T6-O stage=full checkpoint=/home/hplab/uxin/yolo11/yolo_binaryqk/artifacts/runs/T6-O/full/c1694771-29ac-4d11-9c4c-b2143a457dd8/checkpoints/strict-last.pt
[2026-08-07 00:24:56] REUSE T6-F stage=full checkpoint=/home/hplab/uxin/yolo11/yolo_binaryqk/artifacts/runs/T6-F/full/a5d75086-f303-40ac-bed0-81864e42d4dc/checkpoints/strict-last.pt
[2026-08-07 00:24:57] REUSE T6-A stage=full checkpoint=/home/hplab/uxin/yolo11/yolo_binaryqk/artifacts/runs/T6-A/full/1d979f3d-a4f0-4bc4-8c5f-697a7f4107d2/checkpoints/strict-last.pt
[2026-08-07 00:24:58] REUSE T6-O/F stage=full checkpoint=/home/hplab/uxin/yolo11/yolo_binaryqk/artifacts/runs/T6-O-F/full/b3ac13f4-5f8b-4319-b548-13fa1499260a/checkpoints/strict-last.pt
[2026-08-07 00:24:59] REUSE T6-O/A stage=full checkpoint=/home/hplab/uxin/yolo11/yolo_binaryqk/artifacts/runs/T6-O-A/full/13c0b1a4-2669-4533-9d3e-7867124dbf8d/checkpoints/strict-last.pt
[2026-08-07 00:25:00] REUSE T6-F/A stage=full checkpoint=/home/hplab/uxin/yolo11/yolo_binaryqk/artifacts/runs/T6-F-A/full/0306c018-041f-4327-a4cd-c8bae1c7e68e/checkpoints/strict-last.pt
[2026-08-07 00:25:00] SELECT T6 components=positional+feature by mAP50_95
[2026-08-07 00:25:01] REUSE T6 stage=full checkpoint=/home/hplab/uxin/yolo11/yolo_binaryqk/artifacts/runs/T6/full/392ca33d-f055-4ba4-9efe-26564da58373/checkpoints/strict-last.pt
[2026-08-07 00:25:02] REUSE T7-D stage=full checkpoint=/home/hplab/uxin/yolo11/yolo_binaryqk/artifacts/runs/T7-D/full/089411e2-9035-4602-9722-32edba717bd4/checkpoints/strict-last.pt
[2026-08-07 00:25:03] REUSE T7-R stage=full checkpoint=/home/hplab/uxin/yolo11/yolo_binaryqk/artifacts/runs/T7-R/full/6be0f58c-a2e8-48fe-b7e1-06fb90471955/checkpoints/strict-last.pt
[2026-08-07 00:25:03] SELECT best T7 bias=T7-D type=dense_2d
[2026-08-07 00:25:04] REUSE T7-P stage=full checkpoint=/home/hplab/uxin/yolo11/yolo_binaryqk/artifacts/runs/T7-P/full/b519a61b-6f44-453f-bf03-635addb4be6c/checkpoints/strict-last.pt
[2026-08-07 00:25:05] REUSE T7-V stage=full checkpoint=/home/hplab/uxin/yolo11/yolo_binaryqk/artifacts/runs/T7-V/full/fa1489df-acf4-4f65-ac9f-4a13c56cbaae/checkpoints/strict-last.pt
[2026-08-07 00:25:05] REUSE T7-PV stage=full checkpoint=/home/hplab/uxin/yolo11/yolo_binaryqk/artifacts/runs/T7-PV/full/150c0dd1-c7c0-4356-8df8-62c0cf35a6f4/checkpoints/strict-last.pt
[2026-08-07 00:25:05] SELECT N4 parent=T7-D bias=dense_2d; N4 KD disabled
[2026-08-07 00:25:06] REUSE N4-FP stage=full checkpoint=/home/hplab/uxin/yolo11/yolo_binaryqk/artifacts/runs/N4-FP/full/313aa64f-6488-4912-817d-8c796a0a83e7/checkpoints/strict-last.pt
[2026-08-07 00:25:07] REUSE N4-I8 stage=full checkpoint=/home/hplab/uxin/yolo11/yolo_binaryqk/artifacts/runs/N4-I8/full/77043731-adda-4250-b111-e9e42cb3126c/checkpoints/strict-last.pt
[2026-08-07 00:25:08] REUSE N4-I4 stage=full checkpoint=/home/hplab/uxin/yolo11/yolo_binaryqk/artifacts/runs/N4-I4/full/fd208345-b3bc-4524-ac29-019d7b8b3d01/checkpoints/strict-last.pt
[2026-08-07 00:25:09] REUSE N4-PV stage=full checkpoint=/home/hplab/uxin/yolo11/yolo_binaryqk/artifacts/runs/N4-PV/full/a8bec490-44f1-4e4a-86fd-df525781ee55/checkpoints/strict-last.pt
[2026-08-07 00:25:19] persistent formal service inactive; requesting restart
[2026-08-07 00:25:19] CORRECTED ATTENTION-ONLY QAT MATRIX START; T0/T1 reuse, continuation starts at T2
[2026-08-07 00:25:19] REUSE E2-DUAL validation run=/home/hplab/uxin/yolo11/yolo_binaryqk/artifacts/runs/E2-DUAL/validation/67c392ae-4c58-49ed-aa9a-8f922757b28c
[2026-08-07 00:25:20] REUSE T0 stage=full checkpoint=/home/hplab/uxin/yolo11/yolo_binaryqk/artifacts/runs/T0/full/ebba4065-47f7-4eee-9ac4-0a324e8eee5c/checkpoints/strict-last.pt
[2026-08-07 00:25:21] REUSE T1 stage=full checkpoint=/home/hplab/uxin/yolo11/yolo_binaryqk/artifacts/runs/T1/full/0721d713-d2d3-4952-bf55-62539b18b0ce/checkpoints/strict-last.pt
[2026-08-07 00:25:22] REUSE T2 stage=full checkpoint=/home/hplab/uxin/yolo11/yolo_binaryqk/artifacts/runs/T2/full/70046bd9-3c19-40d9-921f-65acfa90a316/checkpoints/strict-last.pt
[2026-08-07 00:25:23] REUSE T3 stage=full checkpoint=/home/hplab/uxin/yolo11/yolo_binaryqk/artifacts/runs/T3/full/bec8aa0e-78c6-43e0-8553-15037233c42d/checkpoints/strict-last.pt
[2026-08-07 00:25:24] REUSE T4 stage=full checkpoint=/home/hplab/uxin/yolo11/yolo_binaryqk/artifacts/runs/T4/full/1777852c-436a-4aed-93f4-7193708dbfff/checkpoints/strict-last.pt
[2026-08-07 00:25:24] REUSE T5 stage=full checkpoint=/home/hplab/uxin/yolo11/yolo_binaryqk/artifacts/runs/T5/full/71f17f1c-b7f8-4ba6-89f4-685167cb8b8a/checkpoints/strict-last.pt
[2026-08-07 00:25:24] SELECT best T1-T5 base=T4 for T6
[2026-08-07 00:25:25] REUSE T6-O stage=full checkpoint=/home/hplab/uxin/yolo11/yolo_binaryqk/artifacts/runs/T6-O/full/c1694771-29ac-4d11-9c4c-b2143a457dd8/checkpoints/strict-last.pt
[2026-08-07 00:25:26] REUSE T6-F stage=full checkpoint=/home/hplab/uxin/yolo11/yolo_binaryqk/artifacts/runs/T6-F/full/a5d75086-f303-40ac-bed0-81864e42d4dc/checkpoints/strict-last.pt
[2026-08-07 00:25:27] REUSE T6-A stage=full checkpoint=/home/hplab/uxin/yolo11/yolo_binaryqk/artifacts/runs/T6-A/full/1d979f3d-a4f0-4bc4-8c5f-697a7f4107d2/checkpoints/strict-last.pt
[2026-08-07 00:25:28] REUSE T6-O/F stage=full checkpoint=/home/hplab/uxin/yolo11/yolo_binaryqk/artifacts/runs/T6-O-F/full/b3ac13f4-5f8b-4319-b548-13fa1499260a/checkpoints/strict-last.pt
[2026-08-07 00:25:29] REUSE T6-O/A stage=full checkpoint=/home/hplab/uxin/yolo11/yolo_binaryqk/artifacts/runs/T6-O-A/full/13c0b1a4-2669-4533-9d3e-7867124dbf8d/checkpoints/strict-last.pt
[2026-08-07 00:25:30] REUSE T6-F/A stage=full checkpoint=/home/hplab/uxin/yolo11/yolo_binaryqk/artifacts/runs/T6-F-A/full/0306c018-041f-4327-a4cd-c8bae1c7e68e/checkpoints/strict-last.pt
[2026-08-07 00:25:30] SELECT T6 components=positional+feature by mAP50_95
[2026-08-07 00:25:31] REUSE T6 stage=full checkpoint=/home/hplab/uxin/yolo11/yolo_binaryqk/artifacts/runs/T6/full/392ca33d-f055-4ba4-9efe-26564da58373/checkpoints/strict-last.pt
[2026-08-07 00:25:32] REUSE T7-D stage=full checkpoint=/home/hplab/uxin/yolo11/yolo_binaryqk/artifacts/runs/T7-D/full/089411e2-9035-4602-9722-32edba717bd4/checkpoints/strict-last.pt
[2026-08-07 00:25:33] REUSE T7-R stage=full checkpoint=/home/hplab/uxin/yolo11/yolo_binaryqk/artifacts/runs/T7-R/full/6be0f58c-a2e8-48fe-b7e1-06fb90471955/checkpoints/strict-last.pt
[2026-08-07 00:25:33] SELECT best T7 bias=T7-D type=dense_2d
[2026-08-07 00:25:34] REUSE T7-P stage=full checkpoint=/home/hplab/uxin/yolo11/yolo_binaryqk/artifacts/runs/T7-P/full/b519a61b-6f44-453f-bf03-635addb4be6c/checkpoints/strict-last.pt
[2026-08-07 00:25:35] REUSE T7-V stage=full checkpoint=/home/hplab/uxin/yolo11/yolo_binaryqk/artifacts/runs/T7-V/full/fa1489df-acf4-4f65-ac9f-4a13c56cbaae/checkpoints/strict-last.pt
[2026-08-07 00:25:36] REUSE T7-PV stage=full checkpoint=/home/hplab/uxin/yolo11/yolo_binaryqk/artifacts/runs/T7-PV/full/150c0dd1-c7c0-4356-8df8-62c0cf35a6f4/checkpoints/strict-last.pt
[2026-08-07 00:25:36] SELECT N4 parent=T7-D bias=dense_2d; N4 KD disabled
[2026-08-07 00:25:37] REUSE N4-FP stage=full checkpoint=/home/hplab/uxin/yolo11/yolo_binaryqk/artifacts/runs/N4-FP/full/313aa64f-6488-4912-817d-8c796a0a83e7/checkpoints/strict-last.pt
[2026-08-07 00:25:37] REUSE N4-I8 stage=full checkpoint=/home/hplab/uxin/yolo11/yolo_binaryqk/artifacts/runs/N4-I8/full/77043731-adda-4250-b111-e9e42cb3126c/checkpoints/strict-last.pt
[2026-08-07 00:25:38] REUSE N4-I4 stage=full checkpoint=/home/hplab/uxin/yolo11/yolo_binaryqk/artifacts/runs/N4-I4/full/fd208345-b3bc-4524-ac29-019d7b8b3d01/checkpoints/strict-last.pt
[2026-08-07 00:25:39] REUSE N4-PV stage=full checkpoint=/home/hplab/uxin/yolo11/yolo_binaryqk/artifacts/runs/N4-PV/full/a8bec490-44f1-4e4a-86fd-df525781ee55/checkpoints/strict-last.pt
[2026-08-07 00:25:49] persistent formal service inactive; requesting restart
[2026-08-07 00:25:49] CORRECTED ATTENTION-ONLY QAT MATRIX START; T0/T1 reuse, continuation starts at T2
[2026-08-07 00:25:49] REUSE E2-DUAL validation run=/home/hplab/uxin/yolo11/yolo_binaryqk/artifacts/runs/E2-DUAL/validation/67c392ae-4c58-49ed-aa9a-8f922757b28c
[2026-08-07 00:25:50] REUSE T0 stage=full checkpoint=/home/hplab/uxin/yolo11/yolo_binaryqk/artifacts/runs/T0/full/ebba4065-47f7-4eee-9ac4-0a324e8eee5c/checkpoints/strict-last.pt
[2026-08-07 00:25:51] REUSE T1 stage=full checkpoint=/home/hplab/uxin/yolo11/yolo_binaryqk/artifacts/runs/T1/full/0721d713-d2d3-4952-bf55-62539b18b0ce/checkpoints/strict-last.pt
[2026-08-07 00:25:52] REUSE T2 stage=full checkpoint=/home/hplab/uxin/yolo11/yolo_binaryqk/artifacts/runs/T2/full/70046bd9-3c19-40d9-921f-65acfa90a316/checkpoints/strict-last.pt
[2026-08-07 00:25:53] REUSE T3 stage=full checkpoint=/home/hplab/uxin/yolo11/yolo_binaryqk/artifacts/runs/T3/full/bec8aa0e-78c6-43e0-8553-15037233c42d/checkpoints/strict-last.pt
[2026-08-07 00:25:54] REUSE T4 stage=full checkpoint=/home/hplab/uxin/yolo11/yolo_binaryqk/artifacts/runs/T4/full/1777852c-436a-4aed-93f4-7193708dbfff/checkpoints/strict-last.pt
[2026-08-07 00:25:54] REUSE T5 stage=full checkpoint=/home/hplab/uxin/yolo11/yolo_binaryqk/artifacts/runs/T5/full/71f17f1c-b7f8-4ba6-89f4-685167cb8b8a/checkpoints/strict-last.pt
[2026-08-07 00:25:54] SELECT best T1-T5 base=T4 for T6
[2026-08-07 00:25:55] REUSE T6-O stage=full checkpoint=/home/hplab/uxin/yolo11/yolo_binaryqk/artifacts/runs/T6-O/full/c1694771-29ac-4d11-9c4c-b2143a457dd8/checkpoints/strict-last.pt
[2026-08-07 00:25:56] REUSE T6-F stage=full checkpoint=/home/hplab/uxin/yolo11/yolo_binaryqk/artifacts/runs/T6-F/full/a5d75086-f303-40ac-bed0-81864e42d4dc/checkpoints/strict-last.pt
[2026-08-07 00:25:57] REUSE T6-A stage=full checkpoint=/home/hplab/uxin/yolo11/yolo_binaryqk/artifacts/runs/T6-A/full/1d979f3d-a4f0-4bc4-8c5f-697a7f4107d2/checkpoints/strict-last.pt
[2026-08-07 00:25:58] REUSE T6-O/F stage=full checkpoint=/home/hplab/uxin/yolo11/yolo_binaryqk/artifacts/runs/T6-O-F/full/b3ac13f4-5f8b-4319-b548-13fa1499260a/checkpoints/strict-last.pt
[2026-08-07 00:25:59] REUSE T6-O/A stage=full checkpoint=/home/hplab/uxin/yolo11/yolo_binaryqk/artifacts/runs/T6-O-A/full/13c0b1a4-2669-4533-9d3e-7867124dbf8d/checkpoints/strict-last.pt
[2026-08-07 00:26:00] REUSE T6-F/A stage=full checkpoint=/home/hplab/uxin/yolo11/yolo_binaryqk/artifacts/runs/T6-F-A/full/0306c018-041f-4327-a4cd-c8bae1c7e68e/checkpoints/strict-last.pt
[2026-08-07 00:26:00] SELECT T6 components=positional+feature by mAP50_95
[2026-08-07 00:26:01] REUSE T6 stage=full checkpoint=/home/hplab/uxin/yolo11/yolo_binaryqk/artifacts/runs/T6/full/392ca33d-f055-4ba4-9efe-26564da58373/checkpoints/strict-last.pt
[2026-08-07 00:26:02] REUSE T7-D stage=full checkpoint=/home/hplab/uxin/yolo11/yolo_binaryqk/artifacts/runs/T7-D/full/089411e2-9035-4602-9722-32edba717bd4/checkpoints/strict-last.pt
[2026-08-07 00:26:03] REUSE T7-R stage=full checkpoint=/home/hplab/uxin/yolo11/yolo_binaryqk/artifacts/runs/T7-R/full/6be0f58c-a2e8-48fe-b7e1-06fb90471955/checkpoints/strict-last.pt
[2026-08-07 00:26:03] SELECT best T7 bias=T7-D type=dense_2d
[2026-08-07 00:26:04] REUSE T7-P stage=full checkpoint=/home/hplab/uxin/yolo11/yolo_binaryqk/artifacts/runs/T7-P/full/b519a61b-6f44-453f-bf03-635addb4be6c/checkpoints/strict-last.pt
[2026-08-07 00:26:05] REUSE T7-V stage=full checkpoint=/home/hplab/uxin/yolo11/yolo_binaryqk/artifacts/runs/T7-V/full/fa1489df-acf4-4f65-ac9f-4a13c56cbaae/checkpoints/strict-last.pt
[2026-08-07 00:26:06] REUSE T7-PV stage=full checkpoint=/home/hplab/uxin/yolo11/yolo_binaryqk/artifacts/runs/T7-PV/full/150c0dd1-c7c0-4356-8df8-62c0cf35a6f4/checkpoints/strict-last.pt
[2026-08-07 00:26:06] SELECT N4 parent=T7-D bias=dense_2d; N4 KD disabled
[2026-08-07 00:26:07] REUSE N4-FP stage=full checkpoint=/home/hplab/uxin/yolo11/yolo_binaryqk/artifacts/runs/N4-FP/full/313aa64f-6488-4912-817d-8c796a0a83e7/checkpoints/strict-last.pt
[2026-08-07 00:26:08] REUSE N4-I8 stage=full checkpoint=/home/hplab/uxin/yolo11/yolo_binaryqk/artifacts/runs/N4-I8/full/77043731-adda-4250-b111-e9e42cb3126c/checkpoints/strict-last.pt
[2026-08-07 00:26:08] REUSE N4-I4 stage=full checkpoint=/home/hplab/uxin/yolo11/yolo_binaryqk/artifacts/runs/N4-I4/full/fd208345-b3bc-4524-ac29-019d7b8b3d01/checkpoints/strict-last.pt
[2026-08-07 00:26:09] REUSE N4-PV stage=full checkpoint=/home/hplab/uxin/yolo11/yolo_binaryqk/artifacts/runs/N4-PV/full/a8bec490-44f1-4e4a-86fd-df525781ee55/checkpoints/strict-last.pt
[2026-08-07 00:26:19] persistent formal service inactive; requesting restart
[2026-08-07 00:26:19] CORRECTED ATTENTION-ONLY QAT MATRIX START; T0/T1 reuse, continuation starts at T2
[2026-08-07 00:26:19] REUSE E2-DUAL validation run=/home/hplab/uxin/yolo11/yolo_binaryqk/artifacts/runs/E2-DUAL/validation/67c392ae-4c58-49ed-aa9a-8f922757b28c
[2026-08-07 00:26:20] REUSE T0 stage=full checkpoint=/home/hplab/uxin/yolo11/yolo_binaryqk/artifacts/runs/T0/full/ebba4065-47f7-4eee-9ac4-0a324e8eee5c/checkpoints/strict-last.pt
[2026-08-07 00:26:21] REUSE T1 stage=full checkpoint=/home/hplab/uxin/yolo11/yolo_binaryqk/artifacts/runs/T1/full/0721d713-d2d3-4952-bf55-62539b18b0ce/checkpoints/strict-last.pt
[2026-08-07 00:26:22] REUSE T2 stage=full checkpoint=/home/hplab/uxin/yolo11/yolo_binaryqk/artifacts/runs/T2/full/70046bd9-3c19-40d9-921f-65acfa90a316/checkpoints/strict-last.pt
[2026-08-07 00:26:23] REUSE T3 stage=full checkpoint=/home/hplab/uxin/yolo11/yolo_binaryqk/artifacts/runs/T3/full/bec8aa0e-78c6-43e0-8553-15037233c42d/checkpoints/strict-last.pt
[2026-08-07 00:26:24] REUSE T4 stage=full checkpoint=/home/hplab/uxin/yolo11/yolo_binaryqk/artifacts/runs/T4/full/1777852c-436a-4aed-93f4-7193708dbfff/checkpoints/strict-last.pt
[2026-08-07 00:26:25] REUSE T5 stage=full checkpoint=/home/hplab/uxin/yolo11/yolo_binaryqk/artifacts/runs/T5/full/71f17f1c-b7f8-4ba6-89f4-685167cb8b8a/checkpoints/strict-last.pt
[2026-08-07 00:26:25] SELECT best T1-T5 base=T4 for T6
[2026-08-07 00:26:26] REUSE T6-O stage=full checkpoint=/home/hplab/uxin/yolo11/yolo_binaryqk/artifacts/runs/T6-O/full/c1694771-29ac-4d11-9c4c-b2143a457dd8/checkpoints/strict-last.pt
[2026-08-07 00:26:26] REUSE T6-F stage=full checkpoint=/home/hplab/uxin/yolo11/yolo_binaryqk/artifacts/runs/T6-F/full/a5d75086-f303-40ac-bed0-81864e42d4dc/checkpoints/strict-last.pt
[2026-08-07 00:26:27] REUSE T6-A stage=full checkpoint=/home/hplab/uxin/yolo11/yolo_binaryqk/artifacts/runs/T6-A/full/1d979f3d-a4f0-4bc4-8c5f-697a7f4107d2/checkpoints/strict-last.pt
[2026-08-07 00:26:28] REUSE T6-O/F stage=full checkpoint=/home/hplab/uxin/yolo11/yolo_binaryqk/artifacts/runs/T6-O-F/full/b3ac13f4-5f8b-4319-b548-13fa1499260a/checkpoints/strict-last.pt
[2026-08-07 00:26:29] REUSE T6-O/A stage=full checkpoint=/home/hplab/uxin/yolo11/yolo_binaryqk/artifacts/runs/T6-O-A/full/13c0b1a4-2669-4533-9d3e-7867124dbf8d/checkpoints/strict-last.pt
[2026-08-07 00:26:30] REUSE T6-F/A stage=full checkpoint=/home/hplab/uxin/yolo11/yolo_binaryqk/artifacts/runs/T6-F-A/full/0306c018-041f-4327-a4cd-c8bae1c7e68e/checkpoints/strict-last.pt
[2026-08-07 00:26:30] SELECT T6 components=positional+feature by mAP50_95
[2026-08-07 00:26:31] REUSE T6 stage=full checkpoint=/home/hplab/uxin/yolo11/yolo_binaryqk/artifacts/runs/T6/full/392ca33d-f055-4ba4-9efe-26564da58373/checkpoints/strict-last.pt
[2026-08-07 00:26:32] REUSE T7-D stage=full checkpoint=/home/hplab/uxin/yolo11/yolo_binaryqk/artifacts/runs/T7-D/full/089411e2-9035-4602-9722-32edba717bd4/checkpoints/strict-last.pt
[2026-08-07 00:26:33] REUSE T7-R stage=full checkpoint=/home/hplab/uxin/yolo11/yolo_binaryqk/artifacts/runs/T7-R/full/6be0f58c-a2e8-48fe-b7e1-06fb90471955/checkpoints/strict-last.pt
[2026-08-07 00:26:33] SELECT best T7 bias=T7-D type=dense_2d
[2026-08-07 00:26:34] REUSE T7-P stage=full checkpoint=/home/hplab/uxin/yolo11/yolo_binaryqk/artifacts/runs/T7-P/full/b519a61b-6f44-453f-bf03-635addb4be6c/checkpoints/strict-last.pt
[2026-08-07 00:26:35] REUSE T7-V stage=full checkpoint=/home/hplab/uxin/yolo11/yolo_binaryqk/artifacts/runs/T7-V/full/fa1489df-acf4-4f65-ac9f-4a13c56cbaae/checkpoints/strict-last.pt
[2026-08-07 00:26:36] REUSE T7-PV stage=full checkpoint=/home/hplab/uxin/yolo11/yolo_binaryqk/artifacts/runs/T7-PV/full/150c0dd1-c7c0-4356-8df8-62c0cf35a6f4/checkpoints/strict-last.pt
[2026-08-07 00:26:36] SELECT N4 parent=T7-D bias=dense_2d; N4 KD disabled
[2026-08-07 00:26:37] REUSE N4-FP stage=full checkpoint=/home/hplab/uxin/yolo11/yolo_binaryqk/artifacts/runs/N4-FP/full/313aa64f-6488-4912-817d-8c796a0a83e7/checkpoints/strict-last.pt
[2026-08-07 00:26:38] REUSE N4-I8 stage=full checkpoint=/home/hplab/uxin/yolo11/yolo_binaryqk/artifacts/runs/N4-I8/full/77043731-adda-4250-b111-e9e42cb3126c/checkpoints/strict-last.pt
[2026-08-07 00:26:39] REUSE N4-I4 stage=full checkpoint=/home/hplab/uxin/yolo11/yolo_binaryqk/artifacts/runs/N4-I4/full/fd208345-b3bc-4524-ac29-019d7b8b3d01/checkpoints/strict-last.pt
[2026-08-07 00:26:40] REUSE N4-PV stage=full checkpoint=/home/hplab/uxin/yolo11/yolo_binaryqk/artifacts/runs/N4-PV/full/a8bec490-44f1-4e4a-86fd-df525781ee55/checkpoints/strict-last.pt
[2026-08-07 00:26:49] persistent formal service inactive; requesting restart
[2026-08-07 00:26:49] CORRECTED ATTENTION-ONLY QAT MATRIX START; T0/T1 reuse, continuation starts at T2
[2026-08-07 00:26:49] REUSE E2-DUAL validation run=/home/hplab/uxin/yolo11/yolo_binaryqk/artifacts/runs/E2-DUAL/validation/67c392ae-4c58-49ed-aa9a-8f922757b28c
[2026-08-07 00:26:50] REUSE T0 stage=full checkpoint=/home/hplab/uxin/yolo11/yolo_binaryqk/artifacts/runs/T0/full/ebba4065-47f7-4eee-9ac4-0a324e8eee5c/checkpoints/strict-last.pt
[2026-08-07 00:26:51] REUSE T1 stage=full checkpoint=/home/hplab/uxin/yolo11/yolo_binaryqk/artifacts/runs/T1/full/0721d713-d2d3-4952-bf55-62539b18b0ce/checkpoints/strict-last.pt
[2026-08-07 00:26:52] REUSE T2 stage=full checkpoint=/home/hplab/uxin/yolo11/yolo_binaryqk/artifacts/runs/T2/full/70046bd9-3c19-40d9-921f-65acfa90a316/checkpoints/strict-last.pt
[2026-08-07 00:26:53] REUSE T3 stage=full checkpoint=/home/hplab/uxin/yolo11/yolo_binaryqk/artifacts/runs/T3/full/bec8aa0e-78c6-43e0-8553-15037233c42d/checkpoints/strict-last.pt
[2026-08-07 00:26:54] REUSE T4 stage=full checkpoint=/home/hplab/uxin/yolo11/yolo_binaryqk/artifacts/runs/T4/full/1777852c-436a-4aed-93f4-7193708dbfff/checkpoints/strict-last.pt
[2026-08-07 00:26:55] REUSE T5 stage=full checkpoint=/home/hplab/uxin/yolo11/yolo_binaryqk/artifacts/runs/T5/full/71f17f1c-b7f8-4ba6-89f4-685167cb8b8a/checkpoints/strict-last.pt
[2026-08-07 00:26:55] SELECT best T1-T5 base=T4 for T6
[2026-08-07 00:26:55] REUSE T6-O stage=full checkpoint=/home/hplab/uxin/yolo11/yolo_binaryqk/artifacts/runs/T6-O/full/c1694771-29ac-4d11-9c4c-b2143a457dd8/checkpoints/strict-last.pt
[2026-08-07 00:26:56] REUSE T6-F stage=full checkpoint=/home/hplab/uxin/yolo11/yolo_binaryqk/artifacts/runs/T6-F/full/a5d75086-f303-40ac-bed0-81864e42d4dc/checkpoints/strict-last.pt
[2026-08-07 00:26:57] REUSE T6-A stage=full checkpoint=/home/hplab/uxin/yolo11/yolo_binaryqk/artifacts/runs/T6-A/full/1d979f3d-a4f0-4bc4-8c5f-697a7f4107d2/checkpoints/strict-last.pt
[2026-08-07 00:26:58] REUSE T6-O/F stage=full checkpoint=/home/hplab/uxin/yolo11/yolo_binaryqk/artifacts/runs/T6-O-F/full/b3ac13f4-5f8b-4319-b548-13fa1499260a/checkpoints/strict-last.pt
[2026-08-07 00:26:59] REUSE T6-O/A stage=full checkpoint=/home/hplab/uxin/yolo11/yolo_binaryqk/artifacts/runs/T6-O-A/full/13c0b1a4-2669-4533-9d3e-7867124dbf8d/checkpoints/strict-last.pt
[2026-08-07 00:27:00] REUSE T6-F/A stage=full checkpoint=/home/hplab/uxin/yolo11/yolo_binaryqk/artifacts/runs/T6-F-A/full/0306c018-041f-4327-a4cd-c8bae1c7e68e/checkpoints/strict-last.pt
[2026-08-07 00:27:00] SELECT T6 components=positional+feature by mAP50_95
[2026-08-07 00:27:01] REUSE T6 stage=full checkpoint=/home/hplab/uxin/yolo11/yolo_binaryqk/artifacts/runs/T6/full/392ca33d-f055-4ba4-9efe-26564da58373/checkpoints/strict-last.pt
[2026-08-07 00:27:02] REUSE T7-D stage=full checkpoint=/home/hplab/uxin/yolo11/yolo_binaryqk/artifacts/runs/T7-D/full/089411e2-9035-4602-9722-32edba717bd4/checkpoints/strict-last.pt
[2026-08-07 00:27:03] REUSE T7-R stage=full checkpoint=/home/hplab/uxin/yolo11/yolo_binaryqk/artifacts/runs/T7-R/full/6be0f58c-a2e8-48fe-b7e1-06fb90471955/checkpoints/strict-last.pt
[2026-08-07 00:27:03] SELECT best T7 bias=T7-D type=dense_2d
[2026-08-07 00:27:04] REUSE T7-P stage=full checkpoint=/home/hplab/uxin/yolo11/yolo_binaryqk/artifacts/runs/T7-P/full/b519a61b-6f44-453f-bf03-635addb4be6c/checkpoints/strict-last.pt
[2026-08-07 00:27:05] REUSE T7-V stage=full checkpoint=/home/hplab/uxin/yolo11/yolo_binaryqk/artifacts/runs/T7-V/full/fa1489df-acf4-4f65-ac9f-4a13c56cbaae/checkpoints/strict-last.pt
[2026-08-07 00:27:06] REUSE T7-PV stage=full checkpoint=/home/hplab/uxin/yolo11/yolo_binaryqk/artifacts/runs/T7-PV/full/150c0dd1-c7c0-4356-8df8-62c0cf35a6f4/checkpoints/strict-last.pt
[2026-08-07 00:27:06] SELECT N4 parent=T7-D bias=dense_2d; N4 KD disabled
[2026-08-07 00:27:07] REUSE N4-FP stage=full checkpoint=/home/hplab/uxin/yolo11/yolo_binaryqk/artifacts/runs/N4-FP/full/313aa64f-6488-4912-817d-8c796a0a83e7/checkpoints/strict-last.pt
[2026-08-07 00:27:07] REUSE N4-I8 stage=full checkpoint=/home/hplab/uxin/yolo11/yolo_binaryqk/artifacts/runs/N4-I8/full/77043731-adda-4250-b111-e9e42cb3126c/checkpoints/strict-last.pt
[2026-08-07 00:27:08] REUSE N4-I4 stage=full checkpoint=/home/hplab/uxin/yolo11/yolo_binaryqk/artifacts/runs/N4-I4/full/fd208345-b3bc-4524-ac29-019d7b8b3d01/checkpoints/strict-last.pt
[2026-08-07 00:27:09] REUSE N4-PV stage=full checkpoint=/home/hplab/uxin/yolo11/yolo_binaryqk/artifacts/runs/N4-PV/full/a8bec490-44f1-4e4a-86fd-df525781ee55/checkpoints/strict-last.pt
[2026-08-07 00:27:19] persistent formal service inactive; requesting restart
[2026-08-07 00:27:19] CORRECTED ATTENTION-ONLY QAT MATRIX START; T0/T1 reuse, continuation starts at T2
[2026-08-07 00:27:19] REUSE E2-DUAL validation run=/home/hplab/uxin/yolo11/yolo_binaryqk/artifacts/runs/E2-DUAL/validation/67c392ae-4c58-49ed-aa9a-8f922757b28c
[2026-08-07 00:27:20] REUSE T0 stage=full checkpoint=/home/hplab/uxin/yolo11/yolo_binaryqk/artifacts/runs/T0/full/ebba4065-47f7-4eee-9ac4-0a324e8eee5c/checkpoints/strict-last.pt
[2026-08-07 00:27:21] REUSE T1 stage=full checkpoint=/home/hplab/uxin/yolo11/yolo_binaryqk/artifacts/runs/T1/full/0721d713-d2d3-4952-bf55-62539b18b0ce/checkpoints/strict-last.pt
[2026-08-07 00:27:22] REUSE T2 stage=full checkpoint=/home/hplab/uxin/yolo11/yolo_binaryqk/artifacts/runs/T2/full/70046bd9-3c19-40d9-921f-65acfa90a316/checkpoints/strict-last.pt
[2026-08-07 00:27:23] REUSE T3 stage=full checkpoint=/home/hplab/uxin/yolo11/yolo_binaryqk/artifacts/runs/T3/full/bec8aa0e-78c6-43e0-8553-15037233c42d/checkpoints/strict-last.pt
[2026-08-07 00:27:24] REUSE T4 stage=full checkpoint=/home/hplab/uxin/yolo11/yolo_binaryqk/artifacts/runs/T4/full/1777852c-436a-4aed-93f4-7193708dbfff/checkpoints/strict-last.pt
[2026-08-07 00:27:25] REUSE T5 stage=full checkpoint=/home/hplab/uxin/yolo11/yolo_binaryqk/artifacts/runs/T5/full/71f17f1c-b7f8-4ba6-89f4-685167cb8b8a/checkpoints/strict-last.pt
[2026-08-07 00:27:25] SELECT best T1-T5 base=T4 for T6
[2026-08-07 00:27:25] REUSE T6-O stage=full checkpoint=/home/hplab/uxin/yolo11/yolo_binaryqk/artifacts/runs/T6-O/full/c1694771-29ac-4d11-9c4c-b2143a457dd8/checkpoints/strict-last.pt
[2026-08-07 00:27:26] REUSE T6-F stage=full checkpoint=/home/hplab/uxin/yolo11/yolo_binaryqk/artifacts/runs/T6-F/full/a5d75086-f303-40ac-bed0-81864e42d4dc/checkpoints/strict-last.pt
[2026-08-07 00:27:27] REUSE T6-A stage=full checkpoint=/home/hplab/uxin/yolo11/yolo_binaryqk/artifacts/runs/T6-A/full/1d979f3d-a4f0-4bc4-8c5f-697a7f4107d2/checkpoints/strict-last.pt
[2026-08-07 00:27:28] REUSE T6-O/F stage=full checkpoint=/home/hplab/uxin/yolo11/yolo_binaryqk/artifacts/runs/T6-O-F/full/b3ac13f4-5f8b-4319-b548-13fa1499260a/checkpoints/strict-last.pt
[2026-08-07 00:27:29] REUSE T6-O/A stage=full checkpoint=/home/hplab/uxin/yolo11/yolo_binaryqk/artifacts/runs/T6-O-A/full/13c0b1a4-2669-4533-9d3e-7867124dbf8d/checkpoints/strict-last.pt
[2026-08-07 00:27:30] REUSE T6-F/A stage=full checkpoint=/home/hplab/uxin/yolo11/yolo_binaryqk/artifacts/runs/T6-F-A/full/0306c018-041f-4327-a4cd-c8bae1c7e68e/checkpoints/strict-last.pt
[2026-08-07 00:27:30] SELECT T6 components=positional+feature by mAP50_95
[2026-08-07 00:27:31] REUSE T6 stage=full checkpoint=/home/hplab/uxin/yolo11/yolo_binaryqk/artifacts/runs/T6/full/392ca33d-f055-4ba4-9efe-26564da58373/checkpoints/strict-last.pt
[2026-08-07 00:27:32] REUSE T7-D stage=full checkpoint=/home/hplab/uxin/yolo11/yolo_binaryqk/artifacts/runs/T7-D/full/089411e2-9035-4602-9722-32edba717bd4/checkpoints/strict-last.pt
[2026-08-07 00:27:33] REUSE T7-R stage=full checkpoint=/home/hplab/uxin/yolo11/yolo_binaryqk/artifacts/runs/T7-R/full/6be0f58c-a2e8-48fe-b7e1-06fb90471955/checkpoints/strict-last.pt
[2026-08-07 00:27:33] SELECT best T7 bias=T7-D type=dense_2d
[2026-08-07 00:27:34] REUSE T7-P stage=full checkpoint=/home/hplab/uxin/yolo11/yolo_binaryqk/artifacts/runs/T7-P/full/b519a61b-6f44-453f-bf03-635addb4be6c/checkpoints/strict-last.pt
[2026-08-07 00:27:35] REUSE T7-V stage=full checkpoint=/home/hplab/uxin/yolo11/yolo_binaryqk/artifacts/runs/T7-V/full/fa1489df-acf4-4f65-ac9f-4a13c56cbaae/checkpoints/strict-last.pt
[2026-08-07 00:27:36] REUSE T7-PV stage=full checkpoint=/home/hplab/uxin/yolo11/yolo_binaryqk/artifacts/runs/T7-PV/full/150c0dd1-c7c0-4356-8df8-62c0cf35a6f4/checkpoints/strict-last.pt
[2026-08-07 00:27:36] SELECT N4 parent=T7-D bias=dense_2d; N4 KD disabled
[2026-08-07 00:27:37] REUSE N4-FP stage=full checkpoint=/home/hplab/uxin/yolo11/yolo_binaryqk/artifacts/runs/N4-FP/full/313aa64f-6488-4912-817d-8c796a0a83e7/checkpoints/strict-last.pt
[2026-08-07 00:27:37] REUSE N4-I8 stage=full checkpoint=/home/hplab/uxin/yolo11/yolo_binaryqk/artifacts/runs/N4-I8/full/77043731-adda-4250-b111-e9e42cb3126c/checkpoints/strict-last.pt
[2026-08-07 00:27:38] REUSE N4-I4 stage=full checkpoint=/home/hplab/uxin/yolo11/yolo_binaryqk/artifacts/runs/N4-I4/full/fd208345-b3bc-4524-ac29-019d7b8b3d01/checkpoints/strict-last.pt
[2026-08-07 00:27:39] REUSE N4-PV stage=full checkpoint=/home/hplab/uxin/yolo11/yolo_binaryqk/artifacts/runs/N4-PV/full/a8bec490-44f1-4e4a-86fd-df525781ee55/checkpoints/strict-last.pt
[2026-08-07 00:27:49] persistent formal service inactive; requesting restart
[2026-08-07 00:27:49] CORRECTED ATTENTION-ONLY QAT MATRIX START; T0/T1 reuse, continuation starts at T2
[2026-08-07 00:27:49] REUSE E2-DUAL validation run=/home/hplab/uxin/yolo11/yolo_binaryqk/artifacts/runs/E2-DUAL/validation/67c392ae-4c58-49ed-aa9a-8f922757b28c
[2026-08-07 00:27:50] REUSE T0 stage=full checkpoint=/home/hplab/uxin/yolo11/yolo_binaryqk/artifacts/runs/T0/full/ebba4065-47f7-4eee-9ac4-0a324e8eee5c/checkpoints/strict-last.pt
[2026-08-07 00:27:51] REUSE T1 stage=full checkpoint=/home/hplab/uxin/yolo11/yolo_binaryqk/artifacts/runs/T1/full/0721d713-d2d3-4952-bf55-62539b18b0ce/checkpoints/strict-last.pt
[2026-08-07 00:27:52] REUSE T2 stage=full checkpoint=/home/hplab/uxin/yolo11/yolo_binaryqk/artifacts/runs/T2/full/70046bd9-3c19-40d9-921f-65acfa90a316/checkpoints/strict-last.pt
[2026-08-07 00:27:53] REUSE T3 stage=full checkpoint=/home/hplab/uxin/yolo11/yolo_binaryqk/artifacts/runs/T3/full/bec8aa0e-78c6-43e0-8553-15037233c42d/checkpoints/strict-last.pt
[2026-08-07 00:27:54] REUSE T4 stage=full checkpoint=/home/hplab/uxin/yolo11/yolo_binaryqk/artifacts/runs/T4/full/1777852c-436a-4aed-93f4-7193708dbfff/checkpoints/strict-last.pt
[2026-08-07 00:27:55] REUSE T5 stage=full checkpoint=/home/hplab/uxin/yolo11/yolo_binaryqk/artifacts/runs/T5/full/71f17f1c-b7f8-4ba6-89f4-685167cb8b8a/checkpoints/strict-last.pt
[2026-08-07 00:27:55] SELECT best T1-T5 base=T4 for T6
[2026-08-07 00:27:55] REUSE T6-O stage=full checkpoint=/home/hplab/uxin/yolo11/yolo_binaryqk/artifacts/runs/T6-O/full/c1694771-29ac-4d11-9c4c-b2143a457dd8/checkpoints/strict-last.pt
[2026-08-07 00:27:56] REUSE T6-F stage=full checkpoint=/home/hplab/uxin/yolo11/yolo_binaryqk/artifacts/runs/T6-F/full/a5d75086-f303-40ac-bed0-81864e42d4dc/checkpoints/strict-last.pt
[2026-08-07 00:27:57] REUSE T6-A stage=full checkpoint=/home/hplab/uxin/yolo11/yolo_binaryqk/artifacts/runs/T6-A/full/1d979f3d-a4f0-4bc4-8c5f-697a7f4107d2/checkpoints/strict-last.pt
[2026-08-07 00:27:58] REUSE T6-O/F stage=full checkpoint=/home/hplab/uxin/yolo11/yolo_binaryqk/artifacts/runs/T6-O-F/full/b3ac13f4-5f8b-4319-b548-13fa1499260a/checkpoints/strict-last.pt
[2026-08-07 00:27:59] REUSE T6-O/A stage=full checkpoint=/home/hplab/uxin/yolo11/yolo_binaryqk/artifacts/runs/T6-O-A/full/13c0b1a4-2669-4533-9d3e-7867124dbf8d/checkpoints/strict-last.pt
[2026-08-07 00:28:00] REUSE T6-F/A stage=full checkpoint=/home/hplab/uxin/yolo11/yolo_binaryqk/artifacts/runs/T6-F-A/full/0306c018-041f-4327-a4cd-c8bae1c7e68e/checkpoints/strict-last.pt
[2026-08-07 00:28:00] SELECT T6 components=positional+feature by mAP50_95
[2026-08-07 00:28:01] REUSE T6 stage=full checkpoint=/home/hplab/uxin/yolo11/yolo_binaryqk/artifacts/runs/T6/full/392ca33d-f055-4ba4-9efe-26564da58373/checkpoints/strict-last.pt
[2026-08-07 00:28:02] REUSE T7-D stage=full checkpoint=/home/hplab/uxin/yolo11/yolo_binaryqk/artifacts/runs/T7-D/full/089411e2-9035-4602-9722-32edba717bd4/checkpoints/strict-last.pt
[2026-08-07 00:28:03] REUSE T7-R stage=full checkpoint=/home/hplab/uxin/yolo11/yolo_binaryqk/artifacts/runs/T7-R/full/6be0f58c-a2e8-48fe-b7e1-06fb90471955/checkpoints/strict-last.pt
[2026-08-07 00:28:03] SELECT best T7 bias=T7-D type=dense_2d
[2026-08-07 00:28:04] REUSE T7-P stage=full checkpoint=/home/hplab/uxin/yolo11/yolo_binaryqk/artifacts/runs/T7-P/full/b519a61b-6f44-453f-bf03-635addb4be6c/checkpoints/strict-last.pt
[2026-08-07 00:28:05] REUSE T7-V stage=full checkpoint=/home/hplab/uxin/yolo11/yolo_binaryqk/artifacts/runs/T7-V/full/fa1489df-acf4-4f65-ac9f-4a13c56cbaae/checkpoints/strict-last.pt
[2026-08-07 00:28:06] REUSE T7-PV stage=full checkpoint=/home/hplab/uxin/yolo11/yolo_binaryqk/artifacts/runs/T7-PV/full/150c0dd1-c7c0-4356-8df8-62c0cf35a6f4/checkpoints/strict-last.pt
[2026-08-07 00:28:06] SELECT N4 parent=T7-D bias=dense_2d; N4 KD disabled
[2026-08-07 00:28:07] REUSE N4-FP stage=full checkpoint=/home/hplab/uxin/yolo11/yolo_binaryqk/artifacts/runs/N4-FP/full/313aa64f-6488-4912-817d-8c796a0a83e7/checkpoints/strict-last.pt
[2026-08-07 00:28:08] REUSE N4-I8 stage=full checkpoint=/home/hplab/uxin/yolo11/yolo_binaryqk/artifacts/runs/N4-I8/full/77043731-adda-4250-b111-e9e42cb3126c/checkpoints/strict-last.pt
[2026-08-07 00:28:08] REUSE N4-I4 stage=full checkpoint=/home/hplab/uxin/yolo11/yolo_binaryqk/artifacts/runs/N4-I4/full/fd208345-b3bc-4524-ac29-019d7b8b3d01/checkpoints/strict-last.pt
[2026-08-07 00:28:09] REUSE N4-PV stage=full checkpoint=/home/hplab/uxin/yolo11/yolo_binaryqk/artifacts/runs/N4-PV/full/a8bec490-44f1-4e4a-86fd-df525781ee55/checkpoints/strict-last.pt
[2026-08-07 00:28:19] persistent formal service inactive; requesting restart
[2026-08-07 00:28:19] CORRECTED ATTENTION-ONLY QAT MATRIX START; T0/T1 reuse, continuation starts at T2
[2026-08-07 00:28:19] REUSE E2-DUAL validation run=/home/hplab/uxin/yolo11/yolo_binaryqk/artifacts/runs/E2-DUAL/validation/67c392ae-4c58-49ed-aa9a-8f922757b28c
[2026-08-07 00:28:20] REUSE T0 stage=full checkpoint=/home/hplab/uxin/yolo11/yolo_binaryqk/artifacts/runs/T0/full/ebba4065-47f7-4eee-9ac4-0a324e8eee5c/checkpoints/strict-last.pt
[2026-08-07 00:28:21] REUSE T1 stage=full checkpoint=/home/hplab/uxin/yolo11/yolo_binaryqk/artifacts/runs/T1/full/0721d713-d2d3-4952-bf55-62539b18b0ce/checkpoints/strict-last.pt
[2026-08-07 00:28:22] REUSE T2 stage=full checkpoint=/home/hplab/uxin/yolo11/yolo_binaryqk/artifacts/runs/T2/full/70046bd9-3c19-40d9-921f-65acfa90a316/checkpoints/strict-last.pt
[2026-08-07 00:28:23] REUSE T3 stage=full checkpoint=/home/hplab/uxin/yolo11/yolo_binaryqk/artifacts/runs/T3/full/bec8aa0e-78c6-43e0-8553-15037233c42d/checkpoints/strict-last.pt
[2026-08-07 00:28:24] REUSE T4 stage=full checkpoint=/home/hplab/uxin/yolo11/yolo_binaryqk/artifacts/runs/T4/full/1777852c-436a-4aed-93f4-7193708dbfff/checkpoints/strict-last.pt
[2026-08-07 00:28:25] REUSE T5 stage=full checkpoint=/home/hplab/uxin/yolo11/yolo_binaryqk/artifacts/runs/T5/full/71f17f1c-b7f8-4ba6-89f4-685167cb8b8a/checkpoints/strict-last.pt
[2026-08-07 00:28:25] SELECT best T1-T5 base=T4 for T6
[2026-08-07 00:28:26] REUSE T6-O stage=full checkpoint=/home/hplab/uxin/yolo11/yolo_binaryqk/artifacts/runs/T6-O/full/c1694771-29ac-4d11-9c4c-b2143a457dd8/checkpoints/strict-last.pt
[2026-08-07 00:28:27] REUSE T6-F stage=full checkpoint=/home/hplab/uxin/yolo11/yolo_binaryqk/artifacts/runs/T6-F/full/a5d75086-f303-40ac-bed0-81864e42d4dc/checkpoints/strict-last.pt
[2026-08-07 00:28:28] REUSE T6-A stage=full checkpoint=/home/hplab/uxin/yolo11/yolo_binaryqk/artifacts/runs/T6-A/full/1d979f3d-a4f0-4bc4-8c5f-697a7f4107d2/checkpoints/strict-last.pt
[2026-08-07 00:28:29] REUSE T6-O/F stage=full checkpoint=/home/hplab/uxin/yolo11/yolo_binaryqk/artifacts/runs/T6-O-F/full/b3ac13f4-5f8b-4319-b548-13fa1499260a/checkpoints/strict-last.pt
[2026-08-07 00:28:30] REUSE T6-O/A stage=full checkpoint=/home/hplab/uxin/yolo11/yolo_binaryqk/artifacts/runs/T6-O-A/full/13c0b1a4-2669-4533-9d3e-7867124dbf8d/checkpoints/strict-last.pt
[2026-08-07 00:28:31] REUSE T6-F/A stage=full checkpoint=/home/hplab/uxin/yolo11/yolo_binaryqk/artifacts/runs/T6-F-A/full/0306c018-041f-4327-a4cd-c8bae1c7e68e/checkpoints/strict-last.pt
[2026-08-07 00:28:31] SELECT T6 components=positional+feature by mAP50_95
[2026-08-07 00:28:32] REUSE T6 stage=full checkpoint=/home/hplab/uxin/yolo11/yolo_binaryqk/artifacts/runs/T6/full/392ca33d-f055-4ba4-9efe-26564da58373/checkpoints/strict-last.pt
[2026-08-07 00:28:32] REUSE T7-D stage=full checkpoint=/home/hplab/uxin/yolo11/yolo_binaryqk/artifacts/runs/T7-D/full/089411e2-9035-4602-9722-32edba717bd4/checkpoints/strict-last.pt
[2026-08-07 00:28:33] REUSE T7-R stage=full checkpoint=/home/hplab/uxin/yolo11/yolo_binaryqk/artifacts/runs/T7-R/full/6be0f58c-a2e8-48fe-b7e1-06fb90471955/checkpoints/strict-last.pt
[2026-08-07 00:28:33] SELECT best T7 bias=T7-D type=dense_2d
[2026-08-07 00:28:34] REUSE T7-P stage=full checkpoint=/home/hplab/uxin/yolo11/yolo_binaryqk/artifacts/runs/T7-P/full/b519a61b-6f44-453f-bf03-635addb4be6c/checkpoints/strict-last.pt
[2026-08-07 00:28:35] REUSE T7-V stage=full checkpoint=/home/hplab/uxin/yolo11/yolo_binaryqk/artifacts/runs/T7-V/full/fa1489df-acf4-4f65-ac9f-4a13c56cbaae/checkpoints/strict-last.pt
[2026-08-07 00:28:36] REUSE T7-PV stage=full checkpoint=/home/hplab/uxin/yolo11/yolo_binaryqk/artifacts/runs/T7-PV/full/150c0dd1-c7c0-4356-8df8-62c0cf35a6f4/checkpoints/strict-last.pt
[2026-08-07 00:28:36] SELECT N4 parent=T7-D bias=dense_2d; N4 KD disabled
[2026-08-07 00:28:37] REUSE N4-FP stage=full checkpoint=/home/hplab/uxin/yolo11/yolo_binaryqk/artifacts/runs/N4-FP/full/313aa64f-6488-4912-817d-8c796a0a83e7/checkpoints/strict-last.pt
[2026-08-07 00:28:38] REUSE N4-I8 stage=full checkpoint=/home/hplab/uxin/yolo11/yolo_binaryqk/artifacts/runs/N4-I8/full/77043731-adda-4250-b111-e9e42cb3126c/checkpoints/strict-last.pt
[2026-08-07 00:28:39] REUSE N4-I4 stage=full checkpoint=/home/hplab/uxin/yolo11/yolo_binaryqk/artifacts/runs/N4-I4/full/fd208345-b3bc-4524-ac29-019d7b8b3d01/checkpoints/strict-last.pt
[2026-08-07 00:28:40] REUSE N4-PV stage=full checkpoint=/home/hplab/uxin/yolo11/yolo_binaryqk/artifacts/runs/N4-PV/full/a8bec490-44f1-4e4a-86fd-df525781ee55/checkpoints/strict-last.pt
[2026-08-07 00:28:49] persistent formal service inactive; requesting restart
[2026-08-07 00:28:49] CORRECTED ATTENTION-ONLY QAT MATRIX START; T0/T1 reuse, continuation starts at T2
[2026-08-07 00:28:49] REUSE E2-DUAL validation run=/home/hplab/uxin/yolo11/yolo_binaryqk/artifacts/runs/E2-DUAL/validation/67c392ae-4c58-49ed-aa9a-8f922757b28c
[2026-08-07 00:28:50] REUSE T0 stage=full checkpoint=/home/hplab/uxin/yolo11/yolo_binaryqk/artifacts/runs/T0/full/ebba4065-47f7-4eee-9ac4-0a324e8eee5c/checkpoints/strict-last.pt
[2026-08-07 00:28:51] REUSE T1 stage=full checkpoint=/home/hplab/uxin/yolo11/yolo_binaryqk/artifacts/runs/T1/full/0721d713-d2d3-4952-bf55-62539b18b0ce/checkpoints/strict-last.pt
[2026-08-07 00:28:52] REUSE T2 stage=full checkpoint=/home/hplab/uxin/yolo11/yolo_binaryqk/artifacts/runs/T2/full/70046bd9-3c19-40d9-921f-65acfa90a316/checkpoints/strict-last.pt
[2026-08-07 00:28:53] REUSE T3 stage=full checkpoint=/home/hplab/uxin/yolo11/yolo_binaryqk/artifacts/runs/T3/full/bec8aa0e-78c6-43e0-8553-15037233c42d/checkpoints/strict-last.pt
[2026-08-07 00:28:54] REUSE T4 stage=full checkpoint=/home/hplab/uxin/yolo11/yolo_binaryqk/artifacts/runs/T4/full/1777852c-436a-4aed-93f4-7193708dbfff/checkpoints/strict-last.pt
[2026-08-07 00:28:55] REUSE T5 stage=full checkpoint=/home/hplab/uxin/yolo11/yolo_binaryqk/artifacts/runs/T5/full/71f17f1c-b7f8-4ba6-89f4-685167cb8b8a/checkpoints/strict-last.pt
[2026-08-07 00:28:55] SELECT best T1-T5 base=T4 for T6
[2026-08-07 00:28:56] REUSE T6-O stage=full checkpoint=/home/hplab/uxin/yolo11/yolo_binaryqk/artifacts/runs/T6-O/full/c1694771-29ac-4d11-9c4c-b2143a457dd8/checkpoints/strict-last.pt
[2026-08-07 00:28:57] REUSE T6-F stage=full checkpoint=/home/hplab/uxin/yolo11/yolo_binaryqk/artifacts/runs/T6-F/full/a5d75086-f303-40ac-bed0-81864e42d4dc/checkpoints/strict-last.pt
[2026-08-07 00:28:58] REUSE T6-A stage=full checkpoint=/home/hplab/uxin/yolo11/yolo_binaryqk/artifacts/runs/T6-A/full/1d979f3d-a4f0-4bc4-8c5f-697a7f4107d2/checkpoints/strict-last.pt
[2026-08-07 00:28:59] REUSE T6-O/F stage=full checkpoint=/home/hplab/uxin/yolo11/yolo_binaryqk/artifacts/runs/T6-O-F/full/b3ac13f4-5f8b-4319-b548-13fa1499260a/checkpoints/strict-last.pt
[2026-08-07 00:29:00] REUSE T6-O/A stage=full checkpoint=/home/hplab/uxin/yolo11/yolo_binaryqk/artifacts/runs/T6-O-A/full/13c0b1a4-2669-4533-9d3e-7867124dbf8d/checkpoints/strict-last.pt
[2026-08-07 00:29:01] REUSE T6-F/A stage=full checkpoint=/home/hplab/uxin/yolo11/yolo_binaryqk/artifacts/runs/T6-F-A/full/0306c018-041f-4327-a4cd-c8bae1c7e68e/checkpoints/strict-last.pt
[2026-08-07 00:29:01] SELECT T6 components=positional+feature by mAP50_95
[2026-08-07 00:29:02] REUSE T6 stage=full checkpoint=/home/hplab/uxin/yolo11/yolo_binaryqk/artifacts/runs/T6/full/392ca33d-f055-4ba4-9efe-26564da58373/checkpoints/strict-last.pt
[2026-08-07 00:29:03] REUSE T7-D stage=full checkpoint=/home/hplab/uxin/yolo11/yolo_binaryqk/artifacts/runs/T7-D/full/089411e2-9035-4602-9722-32edba717bd4/checkpoints/strict-last.pt
[2026-08-07 00:29:04] REUSE T7-R stage=full checkpoint=/home/hplab/uxin/yolo11/yolo_binaryqk/artifacts/runs/T7-R/full/6be0f58c-a2e8-48fe-b7e1-06fb90471955/checkpoints/strict-last.pt
[2026-08-07 00:29:04] SELECT best T7 bias=T7-D type=dense_2d
[2026-08-07 00:29:05] REUSE T7-P stage=full checkpoint=/home/hplab/uxin/yolo11/yolo_binaryqk/artifacts/runs/T7-P/full/b519a61b-6f44-453f-bf03-635addb4be6c/checkpoints/strict-last.pt
[2026-08-07 00:29:06] REUSE T7-V stage=full checkpoint=/home/hplab/uxin/yolo11/yolo_binaryqk/artifacts/runs/T7-V/full/fa1489df-acf4-4f65-ac9f-4a13c56cbaae/checkpoints/strict-last.pt
[2026-08-07 00:29:07] REUSE T7-PV stage=full checkpoint=/home/hplab/uxin/yolo11/yolo_binaryqk/artifacts/runs/T7-PV/full/150c0dd1-c7c0-4356-8df8-62c0cf35a6f4/checkpoints/strict-last.pt
[2026-08-07 00:29:07] SELECT N4 parent=T7-D bias=dense_2d; N4 KD disabled
[2026-08-07 00:29:08] REUSE N4-FP stage=full checkpoint=/home/hplab/uxin/yolo11/yolo_binaryqk/artifacts/runs/N4-FP/full/313aa64f-6488-4912-817d-8c796a0a83e7/checkpoints/strict-last.pt
[2026-08-07 00:29:09] REUSE N4-I8 stage=full checkpoint=/home/hplab/uxin/yolo11/yolo_binaryqk/artifacts/runs/N4-I8/full/77043731-adda-4250-b111-e9e42cb3126c/checkpoints/strict-last.pt
[2026-08-07 00:29:10] REUSE N4-I4 stage=full checkpoint=/home/hplab/uxin/yolo11/yolo_binaryqk/artifacts/runs/N4-I4/full/fd208345-b3bc-4524-ac29-019d7b8b3d01/checkpoints/strict-last.pt
[2026-08-07 00:29:10] REUSE N4-PV stage=full checkpoint=/home/hplab/uxin/yolo11/yolo_binaryqk/artifacts/runs/N4-PV/full/a8bec490-44f1-4e4a-86fd-df525781ee55/checkpoints/strict-last.pt
[2026-08-07 00:29:19] persistent formal service inactive; requesting restart
[2026-08-07 00:29:19] CORRECTED ATTENTION-ONLY QAT MATRIX START; T0/T1 reuse, continuation starts at T2
[2026-08-07 00:29:19] REUSE E2-DUAL validation run=/home/hplab/uxin/yolo11/yolo_binaryqk/artifacts/runs/E2-DUAL/validation/67c392ae-4c58-49ed-aa9a-8f922757b28c
[2026-08-07 00:29:20] REUSE T0 stage=full checkpoint=/home/hplab/uxin/yolo11/yolo_binaryqk/artifacts/runs/T0/full/ebba4065-47f7-4eee-9ac4-0a324e8eee5c/checkpoints/strict-last.pt
[2026-08-07 00:29:21] REUSE T1 stage=full checkpoint=/home/hplab/uxin/yolo11/yolo_binaryqk/artifacts/runs/T1/full/0721d713-d2d3-4952-bf55-62539b18b0ce/checkpoints/strict-last.pt
[2026-08-07 00:29:22] REUSE T2 stage=full checkpoint=/home/hplab/uxin/yolo11/yolo_binaryqk/artifacts/runs/T2/full/70046bd9-3c19-40d9-921f-65acfa90a316/checkpoints/strict-last.pt
[2026-08-07 00:29:23] REUSE T3 stage=full checkpoint=/home/hplab/uxin/yolo11/yolo_binaryqk/artifacts/runs/T3/full/bec8aa0e-78c6-43e0-8553-15037233c42d/checkpoints/strict-last.pt
[2026-08-07 00:29:24] REUSE T4 stage=full checkpoint=/home/hplab/uxin/yolo11/yolo_binaryqk/artifacts/runs/T4/full/1777852c-436a-4aed-93f4-7193708dbfff/checkpoints/strict-last.pt
[2026-08-07 00:29:25] REUSE T5 stage=full checkpoint=/home/hplab/uxin/yolo11/yolo_binaryqk/artifacts/runs/T5/full/71f17f1c-b7f8-4ba6-89f4-685167cb8b8a/checkpoints/strict-last.pt
[2026-08-07 00:29:25] SELECT best T1-T5 base=T4 for T6
[2026-08-07 00:29:26] REUSE T6-O stage=full checkpoint=/home/hplab/uxin/yolo11/yolo_binaryqk/artifacts/runs/T6-O/full/c1694771-29ac-4d11-9c4c-b2143a457dd8/checkpoints/strict-last.pt
[2026-08-07 00:29:27] REUSE T6-F stage=full checkpoint=/home/hplab/uxin/yolo11/yolo_binaryqk/artifacts/runs/T6-F/full/a5d75086-f303-40ac-bed0-81864e42d4dc/checkpoints/strict-last.pt
[2026-08-07 00:29:28] REUSE T6-A stage=full checkpoint=/home/hplab/uxin/yolo11/yolo_binaryqk/artifacts/runs/T6-A/full/1d979f3d-a4f0-4bc4-8c5f-697a7f4107d2/checkpoints/strict-last.pt
[2026-08-07 00:29:29] REUSE T6-O/F stage=full checkpoint=/home/hplab/uxin/yolo11/yolo_binaryqk/artifacts/runs/T6-O-F/full/b3ac13f4-5f8b-4319-b548-13fa1499260a/checkpoints/strict-last.pt
[2026-08-07 00:29:30] REUSE T6-O/A stage=full checkpoint=/home/hplab/uxin/yolo11/yolo_binaryqk/artifacts/runs/T6-O-A/full/13c0b1a4-2669-4533-9d3e-7867124dbf8d/checkpoints/strict-last.pt
[2026-08-07 00:29:31] REUSE T6-F/A stage=full checkpoint=/home/hplab/uxin/yolo11/yolo_binaryqk/artifacts/runs/T6-F-A/full/0306c018-041f-4327-a4cd-c8bae1c7e68e/checkpoints/strict-last.pt
[2026-08-07 00:29:31] SELECT T6 components=positional+feature by mAP50_95
[2026-08-07 00:29:31] REUSE T6 stage=full checkpoint=/home/hplab/uxin/yolo11/yolo_binaryqk/artifacts/runs/T6/full/392ca33d-f055-4ba4-9efe-26564da58373/checkpoints/strict-last.pt
[2026-08-07 00:29:32] REUSE T7-D stage=full checkpoint=/home/hplab/uxin/yolo11/yolo_binaryqk/artifacts/runs/T7-D/full/089411e2-9035-4602-9722-32edba717bd4/checkpoints/strict-last.pt
[2026-08-07 00:29:33] REUSE T7-R stage=full checkpoint=/home/hplab/uxin/yolo11/yolo_binaryqk/artifacts/runs/T7-R/full/6be0f58c-a2e8-48fe-b7e1-06fb90471955/checkpoints/strict-last.pt
[2026-08-07 00:29:33] SELECT best T7 bias=T7-D type=dense_2d
[2026-08-07 00:29:34] REUSE T7-P stage=full checkpoint=/home/hplab/uxin/yolo11/yolo_binaryqk/artifacts/runs/T7-P/full/b519a61b-6f44-453f-bf03-635addb4be6c/checkpoints/strict-last.pt
[2026-08-07 00:29:35] REUSE T7-V stage=full checkpoint=/home/hplab/uxin/yolo11/yolo_binaryqk/artifacts/runs/T7-V/full/fa1489df-acf4-4f65-ac9f-4a13c56cbaae/checkpoints/strict-last.pt
[2026-08-07 00:29:36] REUSE T7-PV stage=full checkpoint=/home/hplab/uxin/yolo11/yolo_binaryqk/artifacts/runs/T7-PV/full/150c0dd1-c7c0-4356-8df8-62c0cf35a6f4/checkpoints/strict-last.pt
[2026-08-07 00:29:36] SELECT N4 parent=T7-D bias=dense_2d; N4 KD disabled
[2026-08-07 00:29:37] REUSE N4-FP stage=full checkpoint=/home/hplab/uxin/yolo11/yolo_binaryqk/artifacts/runs/N4-FP/full/313aa64f-6488-4912-817d-8c796a0a83e7/checkpoints/strict-last.pt
[2026-08-07 00:29:38] REUSE N4-I8 stage=full checkpoint=/home/hplab/uxin/yolo11/yolo_binaryqk/artifacts/runs/N4-I8/full/77043731-adda-4250-b111-e9e42cb3126c/checkpoints/strict-last.pt
[2026-08-07 00:29:39] REUSE N4-I4 stage=full checkpoint=/home/hplab/uxin/yolo11/yolo_binaryqk/artifacts/runs/N4-I4/full/fd208345-b3bc-4524-ac29-019d7b8b3d01/checkpoints/strict-last.pt
[2026-08-07 00:29:40] REUSE N4-PV stage=full checkpoint=/home/hplab/uxin/yolo11/yolo_binaryqk/artifacts/runs/N4-PV/full/a8bec490-44f1-4e4a-86fd-df525781ee55/checkpoints/strict-last.pt
[2026-08-07 00:29:49] persistent formal service inactive; requesting restart
[2026-08-07 00:29:49] CORRECTED ATTENTION-ONLY QAT MATRIX START; T0/T1 reuse, continuation starts at T2
[2026-08-07 00:29:49] REUSE E2-DUAL validation run=/home/hplab/uxin/yolo11/yolo_binaryqk/artifacts/runs/E2-DUAL/validation/67c392ae-4c58-49ed-aa9a-8f922757b28c
[2026-08-07 00:29:50] REUSE T0 stage=full checkpoint=/home/hplab/uxin/yolo11/yolo_binaryqk/artifacts/runs/T0/full/ebba4065-47f7-4eee-9ac4-0a324e8eee5c/checkpoints/strict-last.pt
[2026-08-07 00:29:51] REUSE T1 stage=full checkpoint=/home/hplab/uxin/yolo11/yolo_binaryqk/artifacts/runs/T1/full/0721d713-d2d3-4952-bf55-62539b18b0ce/checkpoints/strict-last.pt
[2026-08-07 00:29:52] REUSE T2 stage=full checkpoint=/home/hplab/uxin/yolo11/yolo_binaryqk/artifacts/runs/T2/full/70046bd9-3c19-40d9-921f-65acfa90a316/checkpoints/strict-last.pt
[2026-08-07 00:29:53] REUSE T3 stage=full checkpoint=/home/hplab/uxin/yolo11/yolo_binaryqk/artifacts/runs/T3/full/bec8aa0e-78c6-43e0-8553-15037233c42d/checkpoints/strict-last.pt
[2026-08-07 00:29:54] REUSE T4 stage=full checkpoint=/home/hplab/uxin/yolo11/yolo_binaryqk/artifacts/runs/T4/full/1777852c-436a-4aed-93f4-7193708dbfff/checkpoints/strict-last.pt
[2026-08-07 00:29:55] REUSE T5 stage=full checkpoint=/home/hplab/uxin/yolo11/yolo_binaryqk/artifacts/runs/T5/full/71f17f1c-b7f8-4ba6-89f4-685167cb8b8a/checkpoints/strict-last.pt
[2026-08-07 00:29:55] SELECT best T1-T5 base=T4 for T6
[2026-08-07 00:29:56] REUSE T6-O stage=full checkpoint=/home/hplab/uxin/yolo11/yolo_binaryqk/artifacts/runs/T6-O/full/c1694771-29ac-4d11-9c4c-b2143a457dd8/checkpoints/strict-last.pt
[2026-08-07 00:29:57] REUSE T6-F stage=full checkpoint=/home/hplab/uxin/yolo11/yolo_binaryqk/artifacts/runs/T6-F/full/a5d75086-f303-40ac-bed0-81864e42d4dc/checkpoints/strict-last.pt
[2026-08-07 00:29:58] REUSE T6-A stage=full checkpoint=/home/hplab/uxin/yolo11/yolo_binaryqk/artifacts/runs/T6-A/full/1d979f3d-a4f0-4bc4-8c5f-697a7f4107d2/checkpoints/strict-last.pt
[2026-08-07 00:29:59] REUSE T6-O/F stage=full checkpoint=/home/hplab/uxin/yolo11/yolo_binaryqk/artifacts/runs/T6-O-F/full/b3ac13f4-5f8b-4319-b548-13fa1499260a/checkpoints/strict-last.pt
[2026-08-07 00:30:00] REUSE T6-O/A stage=full checkpoint=/home/hplab/uxin/yolo11/yolo_binaryqk/artifacts/runs/T6-O-A/full/13c0b1a4-2669-4533-9d3e-7867124dbf8d/checkpoints/strict-last.pt
[2026-08-07 00:30:01] REUSE T6-F/A stage=full checkpoint=/home/hplab/uxin/yolo11/yolo_binaryqk/artifacts/runs/T6-F-A/full/0306c018-041f-4327-a4cd-c8bae1c7e68e/checkpoints/strict-last.pt
[2026-08-07 00:30:01] SELECT T6 components=positional+feature by mAP50_95
[2026-08-07 00:30:02] REUSE T6 stage=full checkpoint=/home/hplab/uxin/yolo11/yolo_binaryqk/artifacts/runs/T6/full/392ca33d-f055-4ba4-9efe-26564da58373/checkpoints/strict-last.pt
[2026-08-07 00:30:03] REUSE T7-D stage=full checkpoint=/home/hplab/uxin/yolo11/yolo_binaryqk/artifacts/runs/T7-D/full/089411e2-9035-4602-9722-32edba717bd4/checkpoints/strict-last.pt
[2026-08-07 00:30:04] REUSE T7-R stage=full checkpoint=/home/hplab/uxin/yolo11/yolo_binaryqk/artifacts/runs/T7-R/full/6be0f58c-a2e8-48fe-b7e1-06fb90471955/checkpoints/strict-last.pt
[2026-08-07 00:30:04] SELECT best T7 bias=T7-D type=dense_2d
[2026-08-07 00:30:05] REUSE T7-P stage=full checkpoint=/home/hplab/uxin/yolo11/yolo_binaryqk/artifacts/runs/T7-P/full/b519a61b-6f44-453f-bf03-635addb4be6c/checkpoints/strict-last.pt
[2026-08-07 00:30:05] REUSE T7-V stage=full checkpoint=/home/hplab/uxin/yolo11/yolo_binaryqk/artifacts/runs/T7-V/full/fa1489df-acf4-4f65-ac9f-4a13c56cbaae/checkpoints/strict-last.pt
[2026-08-07 00:30:06] REUSE T7-PV stage=full checkpoint=/home/hplab/uxin/yolo11/yolo_binaryqk/artifacts/runs/T7-PV/full/150c0dd1-c7c0-4356-8df8-62c0cf35a6f4/checkpoints/strict-last.pt
[2026-08-07 00:30:06] SELECT N4 parent=T7-D bias=dense_2d; N4 KD disabled
[2026-08-07 00:30:07] REUSE N4-FP stage=full checkpoint=/home/hplab/uxin/yolo11/yolo_binaryqk/artifacts/runs/N4-FP/full/313aa64f-6488-4912-817d-8c796a0a83e7/checkpoints/strict-last.pt
[2026-08-07 00:30:08] REUSE N4-I8 stage=full checkpoint=/home/hplab/uxin/yolo11/yolo_binaryqk/artifacts/runs/N4-I8/full/77043731-adda-4250-b111-e9e42cb3126c/checkpoints/strict-last.pt
[2026-08-07 00:30:09] REUSE N4-I4 stage=full checkpoint=/home/hplab/uxin/yolo11/yolo_binaryqk/artifacts/runs/N4-I4/full/fd208345-b3bc-4524-ac29-019d7b8b3d01/checkpoints/strict-last.pt
[2026-08-07 00:30:10] REUSE N4-PV stage=full checkpoint=/home/hplab/uxin/yolo11/yolo_binaryqk/artifacts/runs/N4-PV/full/a8bec490-44f1-4e4a-86fd-df525781ee55/checkpoints/strict-last.pt
[2026-08-07 00:30:19] persistent formal service inactive; requesting restart
[2026-08-07 00:30:19] CORRECTED ATTENTION-ONLY QAT MATRIX START; T0/T1 reuse, continuation starts at T2
[2026-08-07 00:30:19] REUSE E2-DUAL validation run=/home/hplab/uxin/yolo11/yolo_binaryqk/artifacts/runs/E2-DUAL/validation/67c392ae-4c58-49ed-aa9a-8f922757b28c
[2026-08-07 00:30:20] REUSE T0 stage=full checkpoint=/home/hplab/uxin/yolo11/yolo_binaryqk/artifacts/runs/T0/full/ebba4065-47f7-4eee-9ac4-0a324e8eee5c/checkpoints/strict-last.pt
[2026-08-07 00:30:21] REUSE T1 stage=full checkpoint=/home/hplab/uxin/yolo11/yolo_binaryqk/artifacts/runs/T1/full/0721d713-d2d3-4952-bf55-62539b18b0ce/checkpoints/strict-last.pt
[2026-08-07 00:30:22] REUSE T2 stage=full checkpoint=/home/hplab/uxin/yolo11/yolo_binaryqk/artifacts/runs/T2/full/70046bd9-3c19-40d9-921f-65acfa90a316/checkpoints/strict-last.pt
[2026-08-07 00:30:23] REUSE T3 stage=full checkpoint=/home/hplab/uxin/yolo11/yolo_binaryqk/artifacts/runs/T3/full/bec8aa0e-78c6-43e0-8553-15037233c42d/checkpoints/strict-last.pt
[2026-08-07 00:30:24] REUSE T4 stage=full checkpoint=/home/hplab/uxin/yolo11/yolo_binaryqk/artifacts/runs/T4/full/1777852c-436a-4aed-93f4-7193708dbfff/checkpoints/strict-last.pt
[2026-08-07 00:30:25] REUSE T5 stage=full checkpoint=/home/hplab/uxin/yolo11/yolo_binaryqk/artifacts/runs/T5/full/71f17f1c-b7f8-4ba6-89f4-685167cb8b8a/checkpoints/strict-last.pt
[2026-08-07 00:30:25] SELECT best T1-T5 base=T4 for T6
[2026-08-07 00:30:26] REUSE T6-O stage=full checkpoint=/home/hplab/uxin/yolo11/yolo_binaryqk/artifacts/runs/T6-O/full/c1694771-29ac-4d11-9c4c-b2143a457dd8/checkpoints/strict-last.pt
[2026-08-07 00:30:27] REUSE T6-F stage=full checkpoint=/home/hplab/uxin/yolo11/yolo_binaryqk/artifacts/runs/T6-F/full/a5d75086-f303-40ac-bed0-81864e42d4dc/checkpoints/strict-last.pt
[2026-08-07 00:30:28] REUSE T6-A stage=full checkpoint=/home/hplab/uxin/yolo11/yolo_binaryqk/artifacts/runs/T6-A/full/1d979f3d-a4f0-4bc4-8c5f-697a7f4107d2/checkpoints/strict-last.pt
[2026-08-07 00:30:29] REUSE T6-O/F stage=full checkpoint=/home/hplab/uxin/yolo11/yolo_binaryqk/artifacts/runs/T6-O-F/full/b3ac13f4-5f8b-4319-b548-13fa1499260a/checkpoints/strict-last.pt
[2026-08-07 00:30:30] REUSE T6-O/A stage=full checkpoint=/home/hplab/uxin/yolo11/yolo_binaryqk/artifacts/runs/T6-O-A/full/13c0b1a4-2669-4533-9d3e-7867124dbf8d/checkpoints/strict-last.pt
[2026-08-07 00:30:31] REUSE T6-F/A stage=full checkpoint=/home/hplab/uxin/yolo11/yolo_binaryqk/artifacts/runs/T6-F-A/full/0306c018-041f-4327-a4cd-c8bae1c7e68e/checkpoints/strict-last.pt
[2026-08-07 00:30:31] SELECT T6 components=positional+feature by mAP50_95
[2026-08-07 00:30:31] REUSE T6 stage=full checkpoint=/home/hplab/uxin/yolo11/yolo_binaryqk/artifacts/runs/T6/full/392ca33d-f055-4ba4-9efe-26564da58373/checkpoints/strict-last.pt
[2026-08-07 00:30:32] REUSE T7-D stage=full checkpoint=/home/hplab/uxin/yolo11/yolo_binaryqk/artifacts/runs/T7-D/full/089411e2-9035-4602-9722-32edba717bd4/checkpoints/strict-last.pt
[2026-08-07 00:30:33] REUSE T7-R stage=full checkpoint=/home/hplab/uxin/yolo11/yolo_binaryqk/artifacts/runs/T7-R/full/6be0f58c-a2e8-48fe-b7e1-06fb90471955/checkpoints/strict-last.pt
[2026-08-07 00:30:33] SELECT best T7 bias=T7-D type=dense_2d
[2026-08-07 00:30:34] REUSE T7-P stage=full checkpoint=/home/hplab/uxin/yolo11/yolo_binaryqk/artifacts/runs/T7-P/full/b519a61b-6f44-453f-bf03-635addb4be6c/checkpoints/strict-last.pt
[2026-08-07 00:30:35] REUSE T7-V stage=full checkpoint=/home/hplab/uxin/yolo11/yolo_binaryqk/artifacts/runs/T7-V/full/fa1489df-acf4-4f65-ac9f-4a13c56cbaae/checkpoints/strict-last.pt
[2026-08-07 00:30:36] REUSE T7-PV stage=full checkpoint=/home/hplab/uxin/yolo11/yolo_binaryqk/artifacts/runs/T7-PV/full/150c0dd1-c7c0-4356-8df8-62c0cf35a6f4/checkpoints/strict-last.pt
[2026-08-07 00:30:36] SELECT N4 parent=T7-D bias=dense_2d; N4 KD disabled
[2026-08-07 00:30:37] REUSE N4-FP stage=full checkpoint=/home/hplab/uxin/yolo11/yolo_binaryqk/artifacts/runs/N4-FP/full/313aa64f-6488-4912-817d-8c796a0a83e7/checkpoints/strict-last.pt
[2026-08-07 00:30:38] REUSE N4-I8 stage=full checkpoint=/home/hplab/uxin/yolo11/yolo_binaryqk/artifacts/runs/N4-I8/full/77043731-adda-4250-b111-e9e42cb3126c/checkpoints/strict-last.pt
[2026-08-07 00:30:39] REUSE N4-I4 stage=full checkpoint=/home/hplab/uxin/yolo11/yolo_binaryqk/artifacts/runs/N4-I4/full/fd208345-b3bc-4524-ac29-019d7b8b3d01/checkpoints/strict-last.pt
[2026-08-07 00:30:40] REUSE N4-PV stage=full checkpoint=/home/hplab/uxin/yolo11/yolo_binaryqk/artifacts/runs/N4-PV/full/a8bec490-44f1-4e4a-86fd-df525781ee55/checkpoints/strict-last.pt
[2026-08-07 00:30:49] persistent formal service inactive; requesting restart
[2026-08-07 00:30:49] CORRECTED ATTENTION-ONLY QAT MATRIX START; T0/T1 reuse, continuation starts at T2
[2026-08-07 00:30:49] REUSE E2-DUAL validation run=/home/hplab/uxin/yolo11/yolo_binaryqk/artifacts/runs/E2-DUAL/validation/67c392ae-4c58-49ed-aa9a-8f922757b28c
[2026-08-07 00:30:50] REUSE T0 stage=full checkpoint=/home/hplab/uxin/yolo11/yolo_binaryqk/artifacts/runs/T0/full/ebba4065-47f7-4eee-9ac4-0a324e8eee5c/checkpoints/strict-last.pt
[2026-08-07 00:30:51] REUSE T1 stage=full checkpoint=/home/hplab/uxin/yolo11/yolo_binaryqk/artifacts/runs/T1/full/0721d713-d2d3-4952-bf55-62539b18b0ce/checkpoints/strict-last.pt
[2026-08-07 00:30:52] REUSE T2 stage=full checkpoint=/home/hplab/uxin/yolo11/yolo_binaryqk/artifacts/runs/T2/full/70046bd9-3c19-40d9-921f-65acfa90a316/checkpoints/strict-last.pt
[2026-08-07 00:30:53] REUSE T3 stage=full checkpoint=/home/hplab/uxin/yolo11/yolo_binaryqk/artifacts/runs/T3/full/bec8aa0e-78c6-43e0-8553-15037233c42d/checkpoints/strict-last.pt
[2026-08-07 00:30:54] REUSE T4 stage=full checkpoint=/home/hplab/uxin/yolo11/yolo_binaryqk/artifacts/runs/T4/full/1777852c-436a-4aed-93f4-7193708dbfff/checkpoints/strict-last.pt
[2026-08-07 00:30:55] REUSE T5 stage=full checkpoint=/home/hplab/uxin/yolo11/yolo_binaryqk/artifacts/runs/T5/full/71f17f1c-b7f8-4ba6-89f4-685167cb8b8a/checkpoints/strict-last.pt
[2026-08-07 00:30:55] SELECT best T1-T5 base=T4 for T6
[2026-08-07 00:30:56] REUSE T6-O stage=full checkpoint=/home/hplab/uxin/yolo11/yolo_binaryqk/artifacts/runs/T6-O/full/c1694771-29ac-4d11-9c4c-b2143a457dd8/checkpoints/strict-last.pt
[2026-08-07 00:30:57] REUSE T6-F stage=full checkpoint=/home/hplab/uxin/yolo11/yolo_binaryqk/artifacts/runs/T6-F/full/a5d75086-f303-40ac-bed0-81864e42d4dc/checkpoints/strict-last.pt
[2026-08-07 00:30:58] REUSE T6-A stage=full checkpoint=/home/hplab/uxin/yolo11/yolo_binaryqk/artifacts/runs/T6-A/full/1d979f3d-a4f0-4bc4-8c5f-697a7f4107d2/checkpoints/strict-last.pt
[2026-08-07 00:30:59] REUSE T6-O/F stage=full checkpoint=/home/hplab/uxin/yolo11/yolo_binaryqk/artifacts/runs/T6-O-F/full/b3ac13f4-5f8b-4319-b548-13fa1499260a/checkpoints/strict-last.pt
[2026-08-07 00:31:00] REUSE T6-O/A stage=full checkpoint=/home/hplab/uxin/yolo11/yolo_binaryqk/artifacts/runs/T6-O-A/full/13c0b1a4-2669-4533-9d3e-7867124dbf8d/checkpoints/strict-last.pt
[2026-08-07 00:31:01] REUSE T6-F/A stage=full checkpoint=/home/hplab/uxin/yolo11/yolo_binaryqk/artifacts/runs/T6-F-A/full/0306c018-041f-4327-a4cd-c8bae1c7e68e/checkpoints/strict-last.pt
[2026-08-07 00:31:01] SELECT T6 components=positional+feature by mAP50_95
[2026-08-07 00:31:02] REUSE T6 stage=full checkpoint=/home/hplab/uxin/yolo11/yolo_binaryqk/artifacts/runs/T6/full/392ca33d-f055-4ba4-9efe-26564da58373/checkpoints/strict-last.pt
[2026-08-07 00:31:03] REUSE T7-D stage=full checkpoint=/home/hplab/uxin/yolo11/yolo_binaryqk/artifacts/runs/T7-D/full/089411e2-9035-4602-9722-32edba717bd4/checkpoints/strict-last.pt
[2026-08-07 00:31:03] REUSE T7-R stage=full checkpoint=/home/hplab/uxin/yolo11/yolo_binaryqk/artifacts/runs/T7-R/full/6be0f58c-a2e8-48fe-b7e1-06fb90471955/checkpoints/strict-last.pt
[2026-08-07 00:31:03] SELECT best T7 bias=T7-D type=dense_2d
[2026-08-07 00:31:04] REUSE T7-P stage=full checkpoint=/home/hplab/uxin/yolo11/yolo_binaryqk/artifacts/runs/T7-P/full/b519a61b-6f44-453f-bf03-635addb4be6c/checkpoints/strict-last.pt
[2026-08-07 00:31:05] REUSE T7-V stage=full checkpoint=/home/hplab/uxin/yolo11/yolo_binaryqk/artifacts/runs/T7-V/full/fa1489df-acf4-4f65-ac9f-4a13c56cbaae/checkpoints/strict-last.pt
[2026-08-07 00:31:06] REUSE T7-PV stage=full checkpoint=/home/hplab/uxin/yolo11/yolo_binaryqk/artifacts/runs/T7-PV/full/150c0dd1-c7c0-4356-8df8-62c0cf35a6f4/checkpoints/strict-last.pt
[2026-08-07 00:31:06] SELECT N4 parent=T7-D bias=dense_2d; N4 KD disabled
[2026-08-07 00:31:07] REUSE N4-FP stage=full checkpoint=/home/hplab/uxin/yolo11/yolo_binaryqk/artifacts/runs/N4-FP/full/313aa64f-6488-4912-817d-8c796a0a83e7/checkpoints/strict-last.pt
[2026-08-07 00:31:08] REUSE N4-I8 stage=full checkpoint=/home/hplab/uxin/yolo11/yolo_binaryqk/artifacts/runs/N4-I8/full/77043731-adda-4250-b111-e9e42cb3126c/checkpoints/strict-last.pt
[2026-08-07 00:31:09] REUSE N4-I4 stage=full checkpoint=/home/hplab/uxin/yolo11/yolo_binaryqk/artifacts/runs/N4-I4/full/fd208345-b3bc-4524-ac29-019d7b8b3d01/checkpoints/strict-last.pt
[2026-08-07 00:31:10] REUSE N4-PV stage=full checkpoint=/home/hplab/uxin/yolo11/yolo_binaryqk/artifacts/runs/N4-PV/full/a8bec490-44f1-4e4a-86fd-df525781ee55/checkpoints/strict-last.pt
[2026-08-07 00:31:19] persistent formal service inactive; requesting restart
[2026-08-07 00:31:19] CORRECTED ATTENTION-ONLY QAT MATRIX START; T0/T1 reuse, continuation starts at T2
[2026-08-07 00:31:19] REUSE E2-DUAL validation run=/home/hplab/uxin/yolo11/yolo_binaryqk/artifacts/runs/E2-DUAL/validation/67c392ae-4c58-49ed-aa9a-8f922757b28c
[2026-08-07 00:31:20] REUSE T0 stage=full checkpoint=/home/hplab/uxin/yolo11/yolo_binaryqk/artifacts/runs/T0/full/ebba4065-47f7-4eee-9ac4-0a324e8eee5c/checkpoints/strict-last.pt
[2026-08-07 00:31:21] REUSE T1 stage=full checkpoint=/home/hplab/uxin/yolo11/yolo_binaryqk/artifacts/runs/T1/full/0721d713-d2d3-4952-bf55-62539b18b0ce/checkpoints/strict-last.pt
[2026-08-07 00:31:22] REUSE T2 stage=full checkpoint=/home/hplab/uxin/yolo11/yolo_binaryqk/artifacts/runs/T2/full/70046bd9-3c19-40d9-921f-65acfa90a316/checkpoints/strict-last.pt
[2026-08-07 00:31:23] REUSE T3 stage=full checkpoint=/home/hplab/uxin/yolo11/yolo_binaryqk/artifacts/runs/T3/full/bec8aa0e-78c6-43e0-8553-15037233c42d/checkpoints/strict-last.pt
[2026-08-07 00:31:24] REUSE T4 stage=full checkpoint=/home/hplab/uxin/yolo11/yolo_binaryqk/artifacts/runs/T4/full/1777852c-436a-4aed-93f4-7193708dbfff/checkpoints/strict-last.pt
[2026-08-07 00:31:25] REUSE T5 stage=full checkpoint=/home/hplab/uxin/yolo11/yolo_binaryqk/artifacts/runs/T5/full/71f17f1c-b7f8-4ba6-89f4-685167cb8b8a/checkpoints/strict-last.pt
[2026-08-07 00:31:25] SELECT best T1-T5 base=T4 for T6
[2026-08-07 00:31:26] REUSE T6-O stage=full checkpoint=/home/hplab/uxin/yolo11/yolo_binaryqk/artifacts/runs/T6-O/full/c1694771-29ac-4d11-9c4c-b2143a457dd8/checkpoints/strict-last.pt
[2026-08-07 00:31:27] REUSE T6-F stage=full checkpoint=/home/hplab/uxin/yolo11/yolo_binaryqk/artifacts/runs/T6-F/full/a5d75086-f303-40ac-bed0-81864e42d4dc/checkpoints/strict-last.pt
[2026-08-07 00:31:28] REUSE T6-A stage=full checkpoint=/home/hplab/uxin/yolo11/yolo_binaryqk/artifacts/runs/T6-A/full/1d979f3d-a4f0-4bc4-8c5f-697a7f4107d2/checkpoints/strict-last.pt
[2026-08-07 00:31:29] REUSE T6-O/F stage=full checkpoint=/home/hplab/uxin/yolo11/yolo_binaryqk/artifacts/runs/T6-O-F/full/b3ac13f4-5f8b-4319-b548-13fa1499260a/checkpoints/strict-last.pt
[2026-08-07 00:31:30] REUSE T6-O/A stage=full checkpoint=/home/hplab/uxin/yolo11/yolo_binaryqk/artifacts/runs/T6-O-A/full/13c0b1a4-2669-4533-9d3e-7867124dbf8d/checkpoints/strict-last.pt
[2026-08-07 00:31:31] REUSE T6-F/A stage=full checkpoint=/home/hplab/uxin/yolo11/yolo_binaryqk/artifacts/runs/T6-F-A/full/0306c018-041f-4327-a4cd-c8bae1c7e68e/checkpoints/strict-last.pt
[2026-08-07 00:31:31] SELECT T6 components=positional+feature by mAP50_95
[2026-08-07 00:31:32] REUSE T6 stage=full checkpoint=/home/hplab/uxin/yolo11/yolo_binaryqk/artifacts/runs/T6/full/392ca33d-f055-4ba4-9efe-26564da58373/checkpoints/strict-last.pt
[2026-08-07 00:31:33] REUSE T7-D stage=full checkpoint=/home/hplab/uxin/yolo11/yolo_binaryqk/artifacts/runs/T7-D/full/089411e2-9035-4602-9722-32edba717bd4/checkpoints/strict-last.pt
[2026-08-07 00:31:33] REUSE T7-R stage=full checkpoint=/home/hplab/uxin/yolo11/yolo_binaryqk/artifacts/runs/T7-R/full/6be0f58c-a2e8-48fe-b7e1-06fb90471955/checkpoints/strict-last.pt
[2026-08-07 00:31:33] SELECT best T7 bias=T7-D type=dense_2d
[2026-08-07 00:31:34] REUSE T7-P stage=full checkpoint=/home/hplab/uxin/yolo11/yolo_binaryqk/artifacts/runs/T7-P/full/b519a61b-6f44-453f-bf03-635addb4be6c/checkpoints/strict-last.pt
[2026-08-07 00:31:35] REUSE T7-V stage=full checkpoint=/home/hplab/uxin/yolo11/yolo_binaryqk/artifacts/runs/T7-V/full/fa1489df-acf4-4f65-ac9f-4a13c56cbaae/checkpoints/strict-last.pt
[2026-08-07 00:31:36] REUSE T7-PV stage=full checkpoint=/home/hplab/uxin/yolo11/yolo_binaryqk/artifacts/runs/T7-PV/full/150c0dd1-c7c0-4356-8df8-62c0cf35a6f4/checkpoints/strict-last.pt
[2026-08-07 00:31:36] SELECT N4 parent=T7-D bias=dense_2d; N4 KD disabled
[2026-08-07 00:31:37] REUSE N4-FP stage=full checkpoint=/home/hplab/uxin/yolo11/yolo_binaryqk/artifacts/runs/N4-FP/full/313aa64f-6488-4912-817d-8c796a0a83e7/checkpoints/strict-last.pt
[2026-08-07 00:31:38] REUSE N4-I8 stage=full checkpoint=/home/hplab/uxin/yolo11/yolo_binaryqk/artifacts/runs/N4-I8/full/77043731-adda-4250-b111-e9e42cb3126c/checkpoints/strict-last.pt
[2026-08-07 00:31:39] REUSE N4-I4 stage=full checkpoint=/home/hplab/uxin/yolo11/yolo_binaryqk/artifacts/runs/N4-I4/full/fd208345-b3bc-4524-ac29-019d7b8b3d01/checkpoints/strict-last.pt
[2026-08-07 00:31:40] REUSE N4-PV stage=full checkpoint=/home/hplab/uxin/yolo11/yolo_binaryqk/artifacts/runs/N4-PV/full/a8bec490-44f1-4e4a-86fd-df525781ee55/checkpoints/strict-last.pt
[2026-08-07 00:31:49] persistent formal service inactive; requesting restart
[2026-08-07 00:31:49] CORRECTED ATTENTION-ONLY QAT MATRIX START; T0/T1 reuse, continuation starts at T2
[2026-08-07 00:31:49] REUSE E2-DUAL validation run=/home/hplab/uxin/yolo11/yolo_binaryqk/artifacts/runs/E2-DUAL/validation/67c392ae-4c58-49ed-aa9a-8f922757b28c
[2026-08-07 00:31:50] REUSE T0 stage=full checkpoint=/home/hplab/uxin/yolo11/yolo_binaryqk/artifacts/runs/T0/full/ebba4065-47f7-4eee-9ac4-0a324e8eee5c/checkpoints/strict-last.pt
[2026-08-07 00:31:51] REUSE T1 stage=full checkpoint=/home/hplab/uxin/yolo11/yolo_binaryqk/artifacts/runs/T1/full/0721d713-d2d3-4952-bf55-62539b18b0ce/checkpoints/strict-last.pt
[2026-08-07 00:31:52] REUSE T2 stage=full checkpoint=/home/hplab/uxin/yolo11/yolo_binaryqk/artifacts/runs/T2/full/70046bd9-3c19-40d9-921f-65acfa90a316/checkpoints/strict-last.pt
[2026-08-07 00:31:53] REUSE T3 stage=full checkpoint=/home/hplab/uxin/yolo11/yolo_binaryqk/artifacts/runs/T3/full/bec8aa0e-78c6-43e0-8553-15037233c42d/checkpoints/strict-last.pt
[2026-08-07 00:31:54] REUSE T4 stage=full checkpoint=/home/hplab/uxin/yolo11/yolo_binaryqk/artifacts/runs/T4/full/1777852c-436a-4aed-93f4-7193708dbfff/checkpoints/strict-last.pt
[2026-08-07 00:31:55] REUSE T5 stage=full checkpoint=/home/hplab/uxin/yolo11/yolo_binaryqk/artifacts/runs/T5/full/71f17f1c-b7f8-4ba6-89f4-685167cb8b8a/checkpoints/strict-last.pt
[2026-08-07 00:31:55] SELECT best T1-T5 base=T4 for T6
[2026-08-07 00:31:56] REUSE T6-O stage=full checkpoint=/home/hplab/uxin/yolo11/yolo_binaryqk/artifacts/runs/T6-O/full/c1694771-29ac-4d11-9c4c-b2143a457dd8/checkpoints/strict-last.pt
[2026-08-07 00:31:57] REUSE T6-F stage=full checkpoint=/home/hplab/uxin/yolo11/yolo_binaryqk/artifacts/runs/T6-F/full/a5d75086-f303-40ac-bed0-81864e42d4dc/checkpoints/strict-last.pt
[2026-08-07 00:31:58] REUSE T6-A stage=full checkpoint=/home/hplab/uxin/yolo11/yolo_binaryqk/artifacts/runs/T6-A/full/1d979f3d-a4f0-4bc4-8c5f-697a7f4107d2/checkpoints/strict-last.pt
[2026-08-07 00:31:59] REUSE T6-O/F stage=full checkpoint=/home/hplab/uxin/yolo11/yolo_binaryqk/artifacts/runs/T6-O-F/full/b3ac13f4-5f8b-4319-b548-13fa1499260a/checkpoints/strict-last.pt
[2026-08-07 00:32:00] REUSE T6-O/A stage=full checkpoint=/home/hplab/uxin/yolo11/yolo_binaryqk/artifacts/runs/T6-O-A/full/13c0b1a4-2669-4533-9d3e-7867124dbf8d/checkpoints/strict-last.pt
[2026-08-07 00:32:01] REUSE T6-F/A stage=full checkpoint=/home/hplab/uxin/yolo11/yolo_binaryqk/artifacts/runs/T6-F-A/full/0306c018-041f-4327-a4cd-c8bae1c7e68e/checkpoints/strict-last.pt
[2026-08-07 00:32:01] SELECT T6 components=positional+feature by mAP50_95
[2026-08-07 00:32:02] REUSE T6 stage=full checkpoint=/home/hplab/uxin/yolo11/yolo_binaryqk/artifacts/runs/T6/full/392ca33d-f055-4ba4-9efe-26564da58373/checkpoints/strict-last.pt
[2026-08-07 00:32:03] REUSE T7-D stage=full checkpoint=/home/hplab/uxin/yolo11/yolo_binaryqk/artifacts/runs/T7-D/full/089411e2-9035-4602-9722-32edba717bd4/checkpoints/strict-last.pt
[2026-08-07 00:32:04] REUSE T7-R stage=full checkpoint=/home/hplab/uxin/yolo11/yolo_binaryqk/artifacts/runs/T7-R/full/6be0f58c-a2e8-48fe-b7e1-06fb90471955/checkpoints/strict-last.pt
[2026-08-07 00:32:04] SELECT best T7 bias=T7-D type=dense_2d
[2026-08-07 00:32:04] REUSE T7-P stage=full checkpoint=/home/hplab/uxin/yolo11/yolo_binaryqk/artifacts/runs/T7-P/full/b519a61b-6f44-453f-bf03-635addb4be6c/checkpoints/strict-last.pt
[2026-08-07 00:32:05] REUSE T7-V stage=full checkpoint=/home/hplab/uxin/yolo11/yolo_binaryqk/artifacts/runs/T7-V/full/fa1489df-acf4-4f65-ac9f-4a13c56cbaae/checkpoints/strict-last.pt
[2026-08-07 00:32:06] REUSE T7-PV stage=full checkpoint=/home/hplab/uxin/yolo11/yolo_binaryqk/artifacts/runs/T7-PV/full/150c0dd1-c7c0-4356-8df8-62c0cf35a6f4/checkpoints/strict-last.pt
[2026-08-07 00:32:06] SELECT N4 parent=T7-D bias=dense_2d; N4 KD disabled
[2026-08-07 00:32:07] REUSE N4-FP stage=full checkpoint=/home/hplab/uxin/yolo11/yolo_binaryqk/artifacts/runs/N4-FP/full/313aa64f-6488-4912-817d-8c796a0a83e7/checkpoints/strict-last.pt
[2026-08-07 00:32:08] REUSE N4-I8 stage=full checkpoint=/home/hplab/uxin/yolo11/yolo_binaryqk/artifacts/runs/N4-I8/full/77043731-adda-4250-b111-e9e42cb3126c/checkpoints/strict-last.pt
[2026-08-07 00:32:09] REUSE N4-I4 stage=full checkpoint=/home/hplab/uxin/yolo11/yolo_binaryqk/artifacts/runs/N4-I4/full/fd208345-b3bc-4524-ac29-019d7b8b3d01/checkpoints/strict-last.pt
[2026-08-07 00:32:10] REUSE N4-PV stage=full checkpoint=/home/hplab/uxin/yolo11/yolo_binaryqk/artifacts/runs/N4-PV/full/a8bec490-44f1-4e4a-86fd-df525781ee55/checkpoints/strict-last.pt
[2026-08-07 00:32:19] persistent formal service inactive; requesting restart
[2026-08-07 00:32:19] CORRECTED ATTENTION-ONLY QAT MATRIX START; T0/T1 reuse, continuation starts at T2
[2026-08-07 00:32:19] REUSE E2-DUAL validation run=/home/hplab/uxin/yolo11/yolo_binaryqk/artifacts/runs/E2-DUAL/validation/67c392ae-4c58-49ed-aa9a-8f922757b28c
[2026-08-07 00:32:20] REUSE T0 stage=full checkpoint=/home/hplab/uxin/yolo11/yolo_binaryqk/artifacts/runs/T0/full/ebba4065-47f7-4eee-9ac4-0a324e8eee5c/checkpoints/strict-last.pt
[2026-08-07 00:32:21] REUSE T1 stage=full checkpoint=/home/hplab/uxin/yolo11/yolo_binaryqk/artifacts/runs/T1/full/0721d713-d2d3-4952-bf55-62539b18b0ce/checkpoints/strict-last.pt
[2026-08-07 00:32:22] REUSE T2 stage=full checkpoint=/home/hplab/uxin/yolo11/yolo_binaryqk/artifacts/runs/T2/full/70046bd9-3c19-40d9-921f-65acfa90a316/checkpoints/strict-last.pt
[2026-08-07 00:32:23] REUSE T3 stage=full checkpoint=/home/hplab/uxin/yolo11/yolo_binaryqk/artifacts/runs/T3/full/bec8aa0e-78c6-43e0-8553-15037233c42d/checkpoints/strict-last.pt
[2026-08-07 00:32:24] REUSE T4 stage=full checkpoint=/home/hplab/uxin/yolo11/yolo_binaryqk/artifacts/runs/T4/full/1777852c-436a-4aed-93f4-7193708dbfff/checkpoints/strict-last.pt
[2026-08-07 00:32:25] REUSE T5 stage=full checkpoint=/home/hplab/uxin/yolo11/yolo_binaryqk/artifacts/runs/T5/full/71f17f1c-b7f8-4ba6-89f4-685167cb8b8a/checkpoints/strict-last.pt
[2026-08-07 00:32:25] SELECT best T1-T5 base=T4 for T6
[2026-08-07 00:32:26] REUSE T6-O stage=full checkpoint=/home/hplab/uxin/yolo11/yolo_binaryqk/artifacts/runs/T6-O/full/c1694771-29ac-4d11-9c4c-b2143a457dd8/checkpoints/strict-last.pt
[2026-08-07 00:32:27] REUSE T6-F stage=full checkpoint=/home/hplab/uxin/yolo11/yolo_binaryqk/artifacts/runs/T6-F/full/a5d75086-f303-40ac-bed0-81864e42d4dc/checkpoints/strict-last.pt
[2026-08-07 00:32:28] REUSE T6-A stage=full checkpoint=/home/hplab/uxin/yolo11/yolo_binaryqk/artifacts/runs/T6-A/full/1d979f3d-a4f0-4bc4-8c5f-697a7f4107d2/checkpoints/strict-last.pt
[2026-08-07 00:32:29] REUSE T6-O/F stage=full checkpoint=/home/hplab/uxin/yolo11/yolo_binaryqk/artifacts/runs/T6-O-F/full/b3ac13f4-5f8b-4319-b548-13fa1499260a/checkpoints/strict-last.pt
[2026-08-07 00:32:30] REUSE T6-O/A stage=full checkpoint=/home/hplab/uxin/yolo11/yolo_binaryqk/artifacts/runs/T6-O-A/full/13c0b1a4-2669-4533-9d3e-7867124dbf8d/checkpoints/strict-last.pt
[2026-08-07 00:32:31] REUSE T6-F/A stage=full checkpoint=/home/hplab/uxin/yolo11/yolo_binaryqk/artifacts/runs/T6-F-A/full/0306c018-041f-4327-a4cd-c8bae1c7e68e/checkpoints/strict-last.pt
[2026-08-07 00:32:31] SELECT T6 components=positional+feature by mAP50_95
[2026-08-07 00:32:32] REUSE T6 stage=full checkpoint=/home/hplab/uxin/yolo11/yolo_binaryqk/artifacts/runs/T6/full/392ca33d-f055-4ba4-9efe-26564da58373/checkpoints/strict-last.pt
[2026-08-07 00:32:32] REUSE T7-D stage=full checkpoint=/home/hplab/uxin/yolo11/yolo_binaryqk/artifacts/runs/T7-D/full/089411e2-9035-4602-9722-32edba717bd4/checkpoints/strict-last.pt
[2026-08-07 00:32:33] REUSE T7-R stage=full checkpoint=/home/hplab/uxin/yolo11/yolo_binaryqk/artifacts/runs/T7-R/full/6be0f58c-a2e8-48fe-b7e1-06fb90471955/checkpoints/strict-last.pt
[2026-08-07 00:32:33] SELECT best T7 bias=T7-D type=dense_2d
[2026-08-07 00:32:34] REUSE T7-P stage=full checkpoint=/home/hplab/uxin/yolo11/yolo_binaryqk/artifacts/runs/T7-P/full/b519a61b-6f44-453f-bf03-635addb4be6c/checkpoints/strict-last.pt
[2026-08-07 00:32:35] REUSE T7-V stage=full checkpoint=/home/hplab/uxin/yolo11/yolo_binaryqk/artifacts/runs/T7-V/full/fa1489df-acf4-4f65-ac9f-4a13c56cbaae/checkpoints/strict-last.pt
[2026-08-07 00:32:36] REUSE T7-PV stage=full checkpoint=/home/hplab/uxin/yolo11/yolo_binaryqk/artifacts/runs/T7-PV/full/150c0dd1-c7c0-4356-8df8-62c0cf35a6f4/checkpoints/strict-last.pt
[2026-08-07 00:32:36] SELECT N4 parent=T7-D bias=dense_2d; N4 KD disabled
[2026-08-07 00:32:37] REUSE N4-FP stage=full checkpoint=/home/hplab/uxin/yolo11/yolo_binaryqk/artifacts/runs/N4-FP/full/313aa64f-6488-4912-817d-8c796a0a83e7/checkpoints/strict-last.pt
[2026-08-07 00:32:38] REUSE N4-I8 stage=full checkpoint=/home/hplab/uxin/yolo11/yolo_binaryqk/artifacts/runs/N4-I8/full/77043731-adda-4250-b111-e9e42cb3126c/checkpoints/strict-last.pt
[2026-08-07 00:32:39] REUSE N4-I4 stage=full checkpoint=/home/hplab/uxin/yolo11/yolo_binaryqk/artifacts/runs/N4-I4/full/fd208345-b3bc-4524-ac29-019d7b8b3d01/checkpoints/strict-last.pt
[2026-08-07 00:32:40] REUSE N4-PV stage=full checkpoint=/home/hplab/uxin/yolo11/yolo_binaryqk/artifacts/runs/N4-PV/full/a8bec490-44f1-4e4a-86fd-df525781ee55/checkpoints/strict-last.pt
[2026-08-07 00:32:49] persistent formal service inactive; requesting restart
[2026-08-07 00:32:49] CORRECTED ATTENTION-ONLY QAT MATRIX START; T0/T1 reuse, continuation starts at T2
[2026-08-07 00:32:49] REUSE E2-DUAL validation run=/home/hplab/uxin/yolo11/yolo_binaryqk/artifacts/runs/E2-DUAL/validation/67c392ae-4c58-49ed-aa9a-8f922757b28c
[2026-08-07 00:32:50] REUSE T0 stage=full checkpoint=/home/hplab/uxin/yolo11/yolo_binaryqk/artifacts/runs/T0/full/ebba4065-47f7-4eee-9ac4-0a324e8eee5c/checkpoints/strict-last.pt
[2026-08-07 00:32:51] REUSE T1 stage=full checkpoint=/home/hplab/uxin/yolo11/yolo_binaryqk/artifacts/runs/T1/full/0721d713-d2d3-4952-bf55-62539b18b0ce/checkpoints/strict-last.pt
[2026-08-07 00:32:52] REUSE T2 stage=full checkpoint=/home/hplab/uxin/yolo11/yolo_binaryqk/artifacts/runs/T2/full/70046bd9-3c19-40d9-921f-65acfa90a316/checkpoints/strict-last.pt
[2026-08-07 00:32:53] REUSE T3 stage=full checkpoint=/home/hplab/uxin/yolo11/yolo_binaryqk/artifacts/runs/T3/full/bec8aa0e-78c6-43e0-8553-15037233c42d/checkpoints/strict-last.pt
[2026-08-07 00:32:54] REUSE T4 stage=full checkpoint=/home/hplab/uxin/yolo11/yolo_binaryqk/artifacts/runs/T4/full/1777852c-436a-4aed-93f4-7193708dbfff/checkpoints/strict-last.pt
[2026-08-07 00:32:55] REUSE T5 stage=full checkpoint=/home/hplab/uxin/yolo11/yolo_binaryqk/artifacts/runs/T5/full/71f17f1c-b7f8-4ba6-89f4-685167cb8b8a/checkpoints/strict-last.pt
[2026-08-07 00:32:55] SELECT best T1-T5 base=T4 for T6
[2026-08-07 00:32:56] REUSE T6-O stage=full checkpoint=/home/hplab/uxin/yolo11/yolo_binaryqk/artifacts/runs/T6-O/full/c1694771-29ac-4d11-9c4c-b2143a457dd8/checkpoints/strict-last.pt
[2026-08-07 00:32:57] REUSE T6-F stage=full checkpoint=/home/hplab/uxin/yolo11/yolo_binaryqk/artifacts/runs/T6-F/full/a5d75086-f303-40ac-bed0-81864e42d4dc/checkpoints/strict-last.pt
[2026-08-07 00:32:58] REUSE T6-A stage=full checkpoint=/home/hplab/uxin/yolo11/yolo_binaryqk/artifacts/runs/T6-A/full/1d979f3d-a4f0-4bc4-8c5f-697a7f4107d2/checkpoints/strict-last.pt
[2026-08-07 00:32:59] REUSE T6-O/F stage=full checkpoint=/home/hplab/uxin/yolo11/yolo_binaryqk/artifacts/runs/T6-O-F/full/b3ac13f4-5f8b-4319-b548-13fa1499260a/checkpoints/strict-last.pt
[2026-08-07 00:33:00] REUSE T6-O/A stage=full checkpoint=/home/hplab/uxin/yolo11/yolo_binaryqk/artifacts/runs/T6-O-A/full/13c0b1a4-2669-4533-9d3e-7867124dbf8d/checkpoints/strict-last.pt
[2026-08-07 00:33:01] REUSE T6-F/A stage=full checkpoint=/home/hplab/uxin/yolo11/yolo_binaryqk/artifacts/runs/T6-F-A/full/0306c018-041f-4327-a4cd-c8bae1c7e68e/checkpoints/strict-last.pt
[2026-08-07 00:33:01] SELECT T6 components=positional+feature by mAP50_95
[2026-08-07 00:33:02] REUSE T6 stage=full checkpoint=/home/hplab/uxin/yolo11/yolo_binaryqk/artifacts/runs/T6/full/392ca33d-f055-4ba4-9efe-26564da58373/checkpoints/strict-last.pt
[2026-08-07 00:33:03] REUSE T7-D stage=full checkpoint=/home/hplab/uxin/yolo11/yolo_binaryqk/artifacts/runs/T7-D/full/089411e2-9035-4602-9722-32edba717bd4/checkpoints/strict-last.pt
[2026-08-07 00:33:04] REUSE T7-R stage=full checkpoint=/home/hplab/uxin/yolo11/yolo_binaryqk/artifacts/runs/T7-R/full/6be0f58c-a2e8-48fe-b7e1-06fb90471955/checkpoints/strict-last.pt
[2026-08-07 00:33:04] SELECT best T7 bias=T7-D type=dense_2d
[2026-08-07 00:33:04] REUSE T7-P stage=full checkpoint=/home/hplab/uxin/yolo11/yolo_binaryqk/artifacts/runs/T7-P/full/b519a61b-6f44-453f-bf03-635addb4be6c/checkpoints/strict-last.pt
[2026-08-07 00:33:05] REUSE T7-V stage=full checkpoint=/home/hplab/uxin/yolo11/yolo_binaryqk/artifacts/runs/T7-V/full/fa1489df-acf4-4f65-ac9f-4a13c56cbaae/checkpoints/strict-last.pt
[2026-08-07 00:33:06] REUSE T7-PV stage=full checkpoint=/home/hplab/uxin/yolo11/yolo_binaryqk/artifacts/runs/T7-PV/full/150c0dd1-c7c0-4356-8df8-62c0cf35a6f4/checkpoints/strict-last.pt
[2026-08-07 00:33:06] SELECT N4 parent=T7-D bias=dense_2d; N4 KD disabled
[2026-08-07 00:33:07] REUSE N4-FP stage=full checkpoint=/home/hplab/uxin/yolo11/yolo_binaryqk/artifacts/runs/N4-FP/full/313aa64f-6488-4912-817d-8c796a0a83e7/checkpoints/strict-last.pt
[2026-08-07 00:33:08] REUSE N4-I8 stage=full checkpoint=/home/hplab/uxin/yolo11/yolo_binaryqk/artifacts/runs/N4-I8/full/77043731-adda-4250-b111-e9e42cb3126c/checkpoints/strict-last.pt
[2026-08-07 00:33:09] REUSE N4-I4 stage=full checkpoint=/home/hplab/uxin/yolo11/yolo_binaryqk/artifacts/runs/N4-I4/full/fd208345-b3bc-4524-ac29-019d7b8b3d01/checkpoints/strict-last.pt
[2026-08-07 00:33:10] REUSE N4-PV stage=full checkpoint=/home/hplab/uxin/yolo11/yolo_binaryqk/artifacts/runs/N4-PV/full/a8bec490-44f1-4e4a-86fd-df525781ee55/checkpoints/strict-last.pt
[2026-08-07 00:33:19] persistent formal service inactive; requesting restart
[2026-08-07 00:33:19] CORRECTED ATTENTION-ONLY QAT MATRIX START; T0/T1 reuse, continuation starts at T2
[2026-08-07 00:33:19] REUSE E2-DUAL validation run=/home/hplab/uxin/yolo11/yolo_binaryqk/artifacts/runs/E2-DUAL/validation/67c392ae-4c58-49ed-aa9a-8f922757b28c
[2026-08-07 00:33:20] REUSE T0 stage=full checkpoint=/home/hplab/uxin/yolo11/yolo_binaryqk/artifacts/runs/T0/full/ebba4065-47f7-4eee-9ac4-0a324e8eee5c/checkpoints/strict-last.pt
[2026-08-07 00:33:21] REUSE T1 stage=full checkpoint=/home/hplab/uxin/yolo11/yolo_binaryqk/artifacts/runs/T1/full/0721d713-d2d3-4952-bf55-62539b18b0ce/checkpoints/strict-last.pt
[2026-08-07 00:33:22] REUSE T2 stage=full checkpoint=/home/hplab/uxin/yolo11/yolo_binaryqk/artifacts/runs/T2/full/70046bd9-3c19-40d9-921f-65acfa90a316/checkpoints/strict-last.pt
[2026-08-07 00:33:23] REUSE T3 stage=full checkpoint=/home/hplab/uxin/yolo11/yolo_binaryqk/artifacts/runs/T3/full/bec8aa0e-78c6-43e0-8553-15037233c42d/checkpoints/strict-last.pt
[2026-08-07 00:33:24] REUSE T4 stage=full checkpoint=/home/hplab/uxin/yolo11/yolo_binaryqk/artifacts/runs/T4/full/1777852c-436a-4aed-93f4-7193708dbfff/checkpoints/strict-last.pt
[2026-08-07 00:33:25] REUSE T5 stage=full checkpoint=/home/hplab/uxin/yolo11/yolo_binaryqk/artifacts/runs/T5/full/71f17f1c-b7f8-4ba6-89f4-685167cb8b8a/checkpoints/strict-last.pt
[2026-08-07 00:33:25] SELECT best T1-T5 base=T4 for T6
[2026-08-07 00:33:26] REUSE T6-O stage=full checkpoint=/home/hplab/uxin/yolo11/yolo_binaryqk/artifacts/runs/T6-O/full/c1694771-29ac-4d11-9c4c-b2143a457dd8/checkpoints/strict-last.pt
[2026-08-07 00:33:27] REUSE T6-F stage=full checkpoint=/home/hplab/uxin/yolo11/yolo_binaryqk/artifacts/runs/T6-F/full/a5d75086-f303-40ac-bed0-81864e42d4dc/checkpoints/strict-last.pt
[2026-08-07 00:33:28] REUSE T6-A stage=full checkpoint=/home/hplab/uxin/yolo11/yolo_binaryqk/artifacts/runs/T6-A/full/1d979f3d-a4f0-4bc4-8c5f-697a7f4107d2/checkpoints/strict-last.pt
[2026-08-07 00:33:29] REUSE T6-O/F stage=full checkpoint=/home/hplab/uxin/yolo11/yolo_binaryqk/artifacts/runs/T6-O-F/full/b3ac13f4-5f8b-4319-b548-13fa1499260a/checkpoints/strict-last.pt
[2026-08-07 00:33:30] REUSE T6-O/A stage=full checkpoint=/home/hplab/uxin/yolo11/yolo_binaryqk/artifacts/runs/T6-O-A/full/13c0b1a4-2669-4533-9d3e-7867124dbf8d/checkpoints/strict-last.pt
[2026-08-07 00:33:31] REUSE T6-F/A stage=full checkpoint=/home/hplab/uxin/yolo11/yolo_binaryqk/artifacts/runs/T6-F-A/full/0306c018-041f-4327-a4cd-c8bae1c7e68e/checkpoints/strict-last.pt
[2026-08-07 00:33:31] SELECT T6 components=positional+feature by mAP50_95
[2026-08-07 00:33:31] REUSE T6 stage=full checkpoint=/home/hplab/uxin/yolo11/yolo_binaryqk/artifacts/runs/T6/full/392ca33d-f055-4ba4-9efe-26564da58373/checkpoints/strict-last.pt
[2026-08-07 00:33:32] REUSE T7-D stage=full checkpoint=/home/hplab/uxin/yolo11/yolo_binaryqk/artifacts/runs/T7-D/full/089411e2-9035-4602-9722-32edba717bd4/checkpoints/strict-last.pt
[2026-08-07 00:33:33] REUSE T7-R stage=full checkpoint=/home/hplab/uxin/yolo11/yolo_binaryqk/artifacts/runs/T7-R/full/6be0f58c-a2e8-48fe-b7e1-06fb90471955/checkpoints/strict-last.pt
[2026-08-07 00:33:33] SELECT best T7 bias=T7-D type=dense_2d
[2026-08-07 00:33:34] REUSE T7-P stage=full checkpoint=/home/hplab/uxin/yolo11/yolo_binaryqk/artifacts/runs/T7-P/full/b519a61b-6f44-453f-bf03-635addb4be6c/checkpoints/strict-last.pt
[2026-08-07 00:33:35] REUSE T7-V stage=full checkpoint=/home/hplab/uxin/yolo11/yolo_binaryqk/artifacts/runs/T7-V/full/fa1489df-acf4-4f65-ac9f-4a13c56cbaae/checkpoints/strict-last.pt
[2026-08-07 00:33:36] REUSE T7-PV stage=full checkpoint=/home/hplab/uxin/yolo11/yolo_binaryqk/artifacts/runs/T7-PV/full/150c0dd1-c7c0-4356-8df8-62c0cf35a6f4/checkpoints/strict-last.pt
[2026-08-07 00:33:36] SELECT N4 parent=T7-D bias=dense_2d; N4 KD disabled
[2026-08-07 00:33:37] REUSE N4-FP stage=full checkpoint=/home/hplab/uxin/yolo11/yolo_binaryqk/artifacts/runs/N4-FP/full/313aa64f-6488-4912-817d-8c796a0a83e7/checkpoints/strict-last.pt
[2026-08-07 00:33:38] REUSE N4-I8 stage=full checkpoint=/home/hplab/uxin/yolo11/yolo_binaryqk/artifacts/runs/N4-I8/full/77043731-adda-4250-b111-e9e42cb3126c/checkpoints/strict-last.pt
[2026-08-07 00:33:39] REUSE N4-I4 stage=full checkpoint=/home/hplab/uxin/yolo11/yolo_binaryqk/artifacts/runs/N4-I4/full/fd208345-b3bc-4524-ac29-019d7b8b3d01/checkpoints/strict-last.pt
[2026-08-07 00:33:40] REUSE N4-PV stage=full checkpoint=/home/hplab/uxin/yolo11/yolo_binaryqk/artifacts/runs/N4-PV/full/a8bec490-44f1-4e4a-86fd-df525781ee55/checkpoints/strict-last.pt
[2026-08-07 00:33:49] persistent formal service inactive; requesting restart
[2026-08-07 00:33:49] CORRECTED ATTENTION-ONLY QAT MATRIX START; T0/T1 reuse, continuation starts at T2
[2026-08-07 00:33:49] REUSE E2-DUAL validation run=/home/hplab/uxin/yolo11/yolo_binaryqk/artifacts/runs/E2-DUAL/validation/67c392ae-4c58-49ed-aa9a-8f922757b28c
[2026-08-07 00:33:50] REUSE T0 stage=full checkpoint=/home/hplab/uxin/yolo11/yolo_binaryqk/artifacts/runs/T0/full/ebba4065-47f7-4eee-9ac4-0a324e8eee5c/checkpoints/strict-last.pt
[2026-08-07 00:33:51] REUSE T1 stage=full checkpoint=/home/hplab/uxin/yolo11/yolo_binaryqk/artifacts/runs/T1/full/0721d713-d2d3-4952-bf55-62539b18b0ce/checkpoints/strict-last.pt
[2026-08-07 00:33:52] REUSE T2 stage=full checkpoint=/home/hplab/uxin/yolo11/yolo_binaryqk/artifacts/runs/T2/full/70046bd9-3c19-40d9-921f-65acfa90a316/checkpoints/strict-last.pt
[2026-08-07 00:33:53] REUSE T3 stage=full checkpoint=/home/hplab/uxin/yolo11/yolo_binaryqk/artifacts/runs/T3/full/bec8aa0e-78c6-43e0-8553-15037233c42d/checkpoints/strict-last.pt
[2026-08-07 00:33:54] REUSE T4 stage=full checkpoint=/home/hplab/uxin/yolo11/yolo_binaryqk/artifacts/runs/T4/full/1777852c-436a-4aed-93f4-7193708dbfff/checkpoints/strict-last.pt
[2026-08-07 00:33:55] REUSE T5 stage=full checkpoint=/home/hplab/uxin/yolo11/yolo_binaryqk/artifacts/runs/T5/full/71f17f1c-b7f8-4ba6-89f4-685167cb8b8a/checkpoints/strict-last.pt
[2026-08-07 00:33:55] SELECT best T1-T5 base=T4 for T6
[2026-08-07 00:33:56] REUSE T6-O stage=full checkpoint=/home/hplab/uxin/yolo11/yolo_binaryqk/artifacts/runs/T6-O/full/c1694771-29ac-4d11-9c4c-b2143a457dd8/checkpoints/strict-last.pt
[2026-08-07 00:33:57] REUSE T6-F stage=full checkpoint=/home/hplab/uxin/yolo11/yolo_binaryqk/artifacts/runs/T6-F/full/a5d75086-f303-40ac-bed0-81864e42d4dc/checkpoints/strict-last.pt
[2026-08-07 00:33:58] REUSE T6-A stage=full checkpoint=/home/hplab/uxin/yolo11/yolo_binaryqk/artifacts/runs/T6-A/full/1d979f3d-a4f0-4bc4-8c5f-697a7f4107d2/checkpoints/strict-last.pt
[2026-08-07 00:33:59] REUSE T6-O/F stage=full checkpoint=/home/hplab/uxin/yolo11/yolo_binaryqk/artifacts/runs/T6-O-F/full/b3ac13f4-5f8b-4319-b548-13fa1499260a/checkpoints/strict-last.pt
[2026-08-07 00:34:00] REUSE T6-O/A stage=full checkpoint=/home/hplab/uxin/yolo11/yolo_binaryqk/artifacts/runs/T6-O-A/full/13c0b1a4-2669-4533-9d3e-7867124dbf8d/checkpoints/strict-last.pt
[2026-08-07 00:34:01] REUSE T6-F/A stage=full checkpoint=/home/hplab/uxin/yolo11/yolo_binaryqk/artifacts/runs/T6-F-A/full/0306c018-041f-4327-a4cd-c8bae1c7e68e/checkpoints/strict-last.pt
[2026-08-07 00:34:01] SELECT T6 components=positional+feature by mAP50_95
[2026-08-07 00:34:02] REUSE T6 stage=full checkpoint=/home/hplab/uxin/yolo11/yolo_binaryqk/artifacts/runs/T6/full/392ca33d-f055-4ba4-9efe-26564da58373/checkpoints/strict-last.pt
[2026-08-07 00:34:03] REUSE T7-D stage=full checkpoint=/home/hplab/uxin/yolo11/yolo_binaryqk/artifacts/runs/T7-D/full/089411e2-9035-4602-9722-32edba717bd4/checkpoints/strict-last.pt
[2026-08-07 00:34:04] REUSE T7-R stage=full checkpoint=/home/hplab/uxin/yolo11/yolo_binaryqk/artifacts/runs/T7-R/full/6be0f58c-a2e8-48fe-b7e1-06fb90471955/checkpoints/strict-last.pt
[2026-08-07 00:34:04] SELECT best T7 bias=T7-D type=dense_2d
[2026-08-07 00:34:05] REUSE T7-P stage=full checkpoint=/home/hplab/uxin/yolo11/yolo_binaryqk/artifacts/runs/T7-P/full/b519a61b-6f44-453f-bf03-635addb4be6c/checkpoints/strict-last.pt
[2026-08-07 00:34:05] REUSE T7-V stage=full checkpoint=/home/hplab/uxin/yolo11/yolo_binaryqk/artifacts/runs/T7-V/full/fa1489df-acf4-4f65-ac9f-4a13c56cbaae/checkpoints/strict-last.pt
[2026-08-07 00:34:06] REUSE T7-PV stage=full checkpoint=/home/hplab/uxin/yolo11/yolo_binaryqk/artifacts/runs/T7-PV/full/150c0dd1-c7c0-4356-8df8-62c0cf35a6f4/checkpoints/strict-last.pt
[2026-08-07 00:34:06] SELECT N4 parent=T7-D bias=dense_2d; N4 KD disabled
[2026-08-07 00:34:07] REUSE N4-FP stage=full checkpoint=/home/hplab/uxin/yolo11/yolo_binaryqk/artifacts/runs/N4-FP/full/313aa64f-6488-4912-817d-8c796a0a83e7/checkpoints/strict-last.pt
[2026-08-07 00:34:08] REUSE N4-I8 stage=full checkpoint=/home/hplab/uxin/yolo11/yolo_binaryqk/artifacts/runs/N4-I8/full/77043731-adda-4250-b111-e9e42cb3126c/checkpoints/strict-last.pt
[2026-08-07 00:34:09] REUSE N4-I4 stage=full checkpoint=/home/hplab/uxin/yolo11/yolo_binaryqk/artifacts/runs/N4-I4/full/fd208345-b3bc-4524-ac29-019d7b8b3d01/checkpoints/strict-last.pt
[2026-08-07 00:34:10] REUSE N4-PV stage=full checkpoint=/home/hplab/uxin/yolo11/yolo_binaryqk/artifacts/runs/N4-PV/full/a8bec490-44f1-4e4a-86fd-df525781ee55/checkpoints/strict-last.pt
[2026-08-07 00:34:19] persistent formal service inactive; requesting restart
[2026-08-07 00:34:19] CORRECTED ATTENTION-ONLY QAT MATRIX START; T0/T1 reuse, continuation starts at T2
[2026-08-07 00:34:19] REUSE E2-DUAL validation run=/home/hplab/uxin/yolo11/yolo_binaryqk/artifacts/runs/E2-DUAL/validation/67c392ae-4c58-49ed-aa9a-8f922757b28c
[2026-08-07 00:34:20] REUSE T0 stage=full checkpoint=/home/hplab/uxin/yolo11/yolo_binaryqk/artifacts/runs/T0/full/ebba4065-47f7-4eee-9ac4-0a324e8eee5c/checkpoints/strict-last.pt
[2026-08-07 00:34:21] REUSE T1 stage=full checkpoint=/home/hplab/uxin/yolo11/yolo_binaryqk/artifacts/runs/T1/full/0721d713-d2d3-4952-bf55-62539b18b0ce/checkpoints/strict-last.pt
[2026-08-07 00:34:22] REUSE T2 stage=full checkpoint=/home/hplab/uxin/yolo11/yolo_binaryqk/artifacts/runs/T2/full/70046bd9-3c19-40d9-921f-65acfa90a316/checkpoints/strict-last.pt
[2026-08-07 00:34:23] REUSE T3 stage=full checkpoint=/home/hplab/uxin/yolo11/yolo_binaryqk/artifacts/runs/T3/full/bec8aa0e-78c6-43e0-8553-15037233c42d/checkpoints/strict-last.pt
[2026-08-07 00:34:24] REUSE T4 stage=full checkpoint=/home/hplab/uxin/yolo11/yolo_binaryqk/artifacts/runs/T4/full/1777852c-436a-4aed-93f4-7193708dbfff/checkpoints/strict-last.pt
[2026-08-07 00:34:25] REUSE T5 stage=full checkpoint=/home/hplab/uxin/yolo11/yolo_binaryqk/artifacts/runs/T5/full/71f17f1c-b7f8-4ba6-89f4-685167cb8b8a/checkpoints/strict-last.pt
[2026-08-07 00:34:25] SELECT best T1-T5 base=T4 for T6
[2026-08-07 00:34:26] REUSE T6-O stage=full checkpoint=/home/hplab/uxin/yolo11/yolo_binaryqk/artifacts/runs/T6-O/full/c1694771-29ac-4d11-9c4c-b2143a457dd8/checkpoints/strict-last.pt
[2026-08-07 00:34:27] REUSE T6-F stage=full checkpoint=/home/hplab/uxin/yolo11/yolo_binaryqk/artifacts/runs/T6-F/full/a5d75086-f303-40ac-bed0-81864e42d4dc/checkpoints/strict-last.pt
[2026-08-07 00:34:28] REUSE T6-A stage=full checkpoint=/home/hplab/uxin/yolo11/yolo_binaryqk/artifacts/runs/T6-A/full/1d979f3d-a4f0-4bc4-8c5f-697a7f4107d2/checkpoints/strict-last.pt
[2026-08-07 00:34:29] REUSE T6-O/F stage=full checkpoint=/home/hplab/uxin/yolo11/yolo_binaryqk/artifacts/runs/T6-O-F/full/b3ac13f4-5f8b-4319-b548-13fa1499260a/checkpoints/strict-last.pt
[2026-08-07 00:34:30] REUSE T6-O/A stage=full checkpoint=/home/hplab/uxin/yolo11/yolo_binaryqk/artifacts/runs/T6-O-A/full/13c0b1a4-2669-4533-9d3e-7867124dbf8d/checkpoints/strict-last.pt
[2026-08-07 00:34:31] REUSE T6-F/A stage=full checkpoint=/home/hplab/uxin/yolo11/yolo_binaryqk/artifacts/runs/T6-F-A/full/0306c018-041f-4327-a4cd-c8bae1c7e68e/checkpoints/strict-last.pt
[2026-08-07 00:34:31] SELECT T6 components=positional+feature by mAP50_95
[2026-08-07 00:34:32] REUSE T6 stage=full checkpoint=/home/hplab/uxin/yolo11/yolo_binaryqk/artifacts/runs/T6/full/392ca33d-f055-4ba4-9efe-26564da58373/checkpoints/strict-last.pt
[2026-08-07 00:34:33] REUSE T7-D stage=full checkpoint=/home/hplab/uxin/yolo11/yolo_binaryqk/artifacts/runs/T7-D/full/089411e2-9035-4602-9722-32edba717bd4/checkpoints/strict-last.pt
[2026-08-07 00:34:33] REUSE T7-R stage=full checkpoint=/home/hplab/uxin/yolo11/yolo_binaryqk/artifacts/runs/T7-R/full/6be0f58c-a2e8-48fe-b7e1-06fb90471955/checkpoints/strict-last.pt
[2026-08-07 00:34:34] SELECT best T7 bias=T7-D type=dense_2d
[2026-08-07 00:34:34] REUSE T7-P stage=full checkpoint=/home/hplab/uxin/yolo11/yolo_binaryqk/artifacts/runs/T7-P/full/b519a61b-6f44-453f-bf03-635addb4be6c/checkpoints/strict-last.pt
[2026-08-07 00:34:35] REUSE T7-V stage=full checkpoint=/home/hplab/uxin/yolo11/yolo_binaryqk/artifacts/runs/T7-V/full/fa1489df-acf4-4f65-ac9f-4a13c56cbaae/checkpoints/strict-last.pt
[2026-08-07 00:34:36] REUSE T7-PV stage=full checkpoint=/home/hplab/uxin/yolo11/yolo_binaryqk/artifacts/runs/T7-PV/full/150c0dd1-c7c0-4356-8df8-62c0cf35a6f4/checkpoints/strict-last.pt
[2026-08-07 00:34:36] SELECT N4 parent=T7-D bias=dense_2d; N4 KD disabled
[2026-08-07 00:34:37] REUSE N4-FP stage=full checkpoint=/home/hplab/uxin/yolo11/yolo_binaryqk/artifacts/runs/N4-FP/full/313aa64f-6488-4912-817d-8c796a0a83e7/checkpoints/strict-last.pt
[2026-08-07 00:34:38] REUSE N4-I8 stage=full checkpoint=/home/hplab/uxin/yolo11/yolo_binaryqk/artifacts/runs/N4-I8/full/77043731-adda-4250-b111-e9e42cb3126c/checkpoints/strict-last.pt
[2026-08-07 00:34:39] REUSE N4-I4 stage=full checkpoint=/home/hplab/uxin/yolo11/yolo_binaryqk/artifacts/runs/N4-I4/full/fd208345-b3bc-4524-ac29-019d7b8b3d01/checkpoints/strict-last.pt
[2026-08-07 00:34:40] REUSE N4-PV stage=full checkpoint=/home/hplab/uxin/yolo11/yolo_binaryqk/artifacts/runs/N4-PV/full/a8bec490-44f1-4e4a-86fd-df525781ee55/checkpoints/strict-last.pt
[2026-08-07 00:34:43] FORMAL PLAN COMPLETE: corrected matrix selected=T7-D
[2026-08-07 00:34:52] FINAL ARTIFACT AUDIT PASSED
