step,time_unix,metric,value
0,1789020724.9639761,amp/overflow_retries,8.0
0,1789020724.9639761,amp/scale,256.0
0,1789020724.9639761,detect/component_0,1.00758957862854
0,1789020724.9639761,detect/component_1,0.9763821959495544
0,1789020724.9639761,detect/component_2,0.006531568244099617
0,1789020724.9639761,gradient/clipped_norm,2998.932861328125
0,1789020724.9639761,gradient/detect_shared_norm,328.58128777496984
0,1789020724.9639761,gradient/pose_shared_norm,2904.993381470381
0,1789020724.9639761,gradient/shared_cosine,-0.021734833334301974
0,1789020724.9639761,images/detect,256.0
0,1789020724.9639761,images/pose,16.0
0,1789020724.9639761,loss/backward,190.58493347167968
0,1789020724.9639761,loss/detect_mean,1.6704220175743103
0,1789020724.9639761,loss/joint_mean,2.977889585494995
0,1789020724.9639761,loss/pose_mean,8.207759857177734
0,1789020724.9639761,lr/attention.decay,0.0
0,1789020724.9639761,lr/attention.no_decay,0.0
0,1789020724.9639761,lr/backbone.decay,0.0
0,1789020724.9639761,lr/backbone.no_decay,0.0
0,1789020724.9639761,lr/detect_head.decay,2.038876889848812e-05
0,1789020724.9639761,lr/detect_head.no_decay,2.038876889848812e-05
0,1789020724.9639761,lr/masf.decay,1.019438444924406e-06
0,1789020724.9639761,lr/masf.no_decay,1.019438444924406e-06
0,1789020724.9639761,lr/neck.decay,7.645788336933045e-06
0,1789020724.9639761,lr/neck.no_decay,7.645788336933045e-06
0,1789020724.9639761,lr/pose_head.decay,2.038876889848812e-05
0,1789020724.9639761,lr/pose_head.no_decay,2.038876889848812e-05
0,1789020724.9639761,pose/component_0,1.3404940366744995
0,1789020724.9639761,pose/component_1,0.4104289412498474
0,1789020724.9639761,pose/component_2,0.08352337777614594
0,1789020724.9639761,pose/component_3,0.8313000798225403
0,1789020724.9639761,pose/component_4,0.0055563077330589294
0,1789020724.9639761,pose/component_5,4.423306941986084
1,1789020726.1208627,amp/overflow_retries,0.0
1,1789020726.1208627,amp/scale,256.0
1,1789020726.1208627,detect/component_0,1.1189082860946655
1,1789020726.1208627,detect/component_1,1.0321992635726929
1,1789020726.1208627,detect/component_2,0.0063575501553714275
1,1789020726.1208627,gradient/clipped_norm,1711.355712890625
1,1789020726.1208627,images/detect,256.0
1,1789020726.1208627,images/pose,16.0
1,1789020726.1208627,loss/backward,164.14404296875
1,1789020726.1208627,loss/detect_mean,1.7719024419784546
1,1789020726.1208627,loss/joint_mean,2.5647506713867188
1,1789020726.1208627,loss/pose_mean,5.736143589019775
1,1789020726.1208627,lr/attention.decay,0.0
1,1789020726.1208627,lr/attention.no_decay,0.0
1,1789020726.1208627,lr/backbone.decay,0.0
1,1789020726.1208627,lr/backbone.no_decay,0.0
1,1789020726.1208627,lr/detect_head.decay,2.0777537796976244e-05
1,1789020726.1208627,lr/detect_head.no_decay,2.0777537796976244e-05
1,1789020726.1208627,lr/masf.decay,1.0388768898488122e-06
1,1789020726.1208627,lr/masf.no_decay,1.0388768898488122e-06
1,1789020726.1208627,lr/neck.decay,7.79157667386609e-06
1,1789020726.1208627,lr/neck.no_decay,7.79157667386609e-06
1,1789020726.1208627,lr/pose_head.decay,2.0777537796976244e-05
1,1789020726.1208627,lr/pose_head.no_decay,2.0777537796976244e-05
1,1789020726.1208627,pose/component_0,1.205228567123413
1,1789020726.1208627,pose/component_1,0.12134906649589539
1,1789020726.1208627,pose/component_2,0.03259088471531868
1,1789020726.1208627,pose/component_3,0.8959360718727112
1,1789020726.1208627,pose/component_4,0.0036082863807678223
1,1789020726.1208627,pose/component_5,2.6450021266937256
2,1789020727.2807195,amp/overflow_retries,0.0
2,1789020727.2807195,amp/scale,256.0
2,1789020727.2807195,detect/component_0,1.0511573553085327
2,1789020727.2807195,detect/component_1,0.9640764594078064
2,1789020727.2807195,detect/component_2,0.006429844535887241
2,1789020727.2807195,gradient/clipped_norm,2011.77099609375
2,1789020727.2807195,images/detect,256.0
2,1789020727.2807195,images/pose,16.0
2,1789020727.2807195,loss/backward,161.87663803100585
2,1789020727.2807195,loss/detect_mean,1.6218545883893967
2,1789020727.2807195,loss/joint_mean,2.5293224692344665
2,1789020727.2807195,loss/pose_mean,6.159193992614746
2,1789020727.2807195,lr/attention.decay,0.0
2,1789020727.2807195,lr/attention.no_decay,0.0
2,1789020727.2807195,lr/backbone.decay,0.0
2,1789020727.2807195,lr/backbone.no_decay,0.0
2,1789020727.2807195,lr/detect_head.decay,2.1166306695464368e-05
2,1789020727.2807195,lr/detect_head.no_decay,2.1166306695464368e-05
2,1789020727.2807195,lr/masf.decay,1.0583153347732183e-06
2,1789020727.2807195,lr/masf.no_decay,1.0583153347732183e-06
2,1789020727.2807195,lr/neck.decay,7.937365010799137e-06
2,1789020727.2807195,lr/neck.no_decay,7.937365010799137e-06
2,1789020727.2807195,lr/pose_head.decay,2.1166306695464368e-05
2,1789020727.2807195,lr/pose_head.no_decay,2.1166306695464368e-05
2,1789020727.2807195,pose/component_0,1.4005695581436157
2,1789020727.2807195,pose/component_1,0.07633699476718903
2,1789020727.2807195,pose/component_2,0.07756565511226654
2,1789020727.2807195,pose/component_3,1.3153879642486572
2,1789020727.2807195,pose/component_4,0.005437683779746294
2,1789020727.2807195,pose/component_5,1.9802565574645996
3,1789020728.4342604,amp/overflow_retries,0.0
3,1789020728.4342604,amp/scale,256.0
3,1789020728.4342604,detect/component_0,1.0516198873519897
3,1789020728.4342604,detect/component_1,1.0301393270492554
3,1789020728.4342604,detect/component_2,0.006531827617436647
3,1789020728.4342604,gradient/clipped_norm,2566.308837890625
3,1789020728.4342604,images/detect,256.0
3,1789020728.4342604,images/pose,16.0
3,1789020728.4342604,loss/backward,157.17797241210937
3,1789020728.4342604,loss/detect_mean,1.7531012296676636
3,1789020728.4342604,loss/joint_mean,2.455905818939209
3,1789020728.4342604,loss/pose_mean,5.267124176025391
3,1789020728.4342604,lr/attention.decay,0.0
3,1789020728.4342604,lr/attention.no_decay,0.0
3,1789020728.4342604,lr/backbone.decay,0.0
3,1789020728.4342604,lr/backbone.no_decay,0.0
3,1789020728.4342604,lr/detect_head.decay,2.1555075593952487e-05
3,1789020728.4342604,lr/detect_head.no_decay,2.1555075593952487e-05
3,1789020728.4342604,lr/masf.decay,1.0777537796976244e-06
3,1789020728.4342604,lr/masf.no_decay,1.0777537796976244e-06
3,1789020728.4342604,lr/neck.decay,8.08315334773218e-06
3,1789020728.4342604,lr/neck.no_decay,8.08315334773218e-06
3,1789020728.4342604,lr/pose_head.decay,2.1555075593952487e-05
3,1789020728.4342604,lr/pose_head.no_decay,2.1555075593952487e-05
3,1789020728.4342604,pose/component_0,1.5478754043579102
3,1789020728.4342604,pose/component_1,0.09214289486408234
3,1789020728.4342604,pose/component_2,0.030000897124409676
3,1789020728.4342604,pose/component_3,0.8217841982841492
3,1789020728.4342604,pose/component_4,0.005805407650768757
3,1789020728.4342604,pose/component_5,1.2587838172912598
4,1789020729.5901263,amp/overflow_retries,0.0
4,1789020729.5901263,amp/scale,256.0
4,1789020729.5901263,detect/component_0,1.0140128135681152
4,1789020729.5901263,detect/component_1,0.9432463645935059
4,1789020729.5901263,detect/component_2,0.006560467649251223
4,1789020729.5901263,gradient/clipped_norm,2729.54052734375
4,1789020729.5901263,images/detect,256.0
4,1789020729.5901263,images/pose,16.0
4,1789020729.5901263,loss/backward,163.6117965698242
4,1789020729.5901263,loss/detect_mean,1.6337257325649261
4,1789020729.5901263,loss/joint_mean,2.5564343214035032
4,1789020729.5901263,loss/pose_mean,6.2472686767578125
4,1789020729.5901263,lr/attention.decay,0.0
4,1789020729.5901263,lr/attention.no_decay,0.0
4,1789020729.5901263,lr/backbone.decay,0.0
4,1789020729.5901263,lr/backbone.no_decay,0.0
4,1789020729.5901263,lr/detect_head.decay,2.1943844492440607e-05
4,1789020729.5901263,lr/detect_head.no_decay,2.1943844492440607e-05
4,1789020729.5901263,lr/masf.decay,1.0971922246220303e-06
4,1789020729.5901263,lr/masf.no_decay,1.0971922246220303e-06
4,1789020729.5901263,lr/neck.decay,8.228941684665226e-06
4,1789020729.5901263,lr/neck.no_decay,8.228941684665226e-06
4,1789020729.5901263,lr/pose_head.decay,2.1943844492440607e-05
4,1789020729.5901263,lr/pose_head.no_decay,2.1943844492440607e-05
4,1789020729.5901263,pose/component_0,1.4061273336410522
4,1789020729.5901263,pose/component_1,0.16056200861930847
4,1789020729.5901263,pose/component_2,0.043941348791122437
4,1789020729.5901263,pose/component_3,1.058201789855957
4,1789020729.5901263,pose/component_4,0.006972384173423052
4,1789020729.5901263,pose/component_5,2.478425979614258
5,1789020730.7438633,amp/overflow_retries,0.0
5,1789020730.7438633,amp/scale,256.0
5,1789020730.7438633,detect/component_0,1.0254991054534912
5,1789020730.7438633,detect/component_1,1.0302684307098389
5,1789020730.7438633,detect/component_2,0.006909482646733522
5,1789020730.7438633,gradient/clipped_norm,3566.1494140625
5,1789020730.7438633,images/detect,256.0
5,1789020730.7438633,images/pose,16.0
5,1789020730.7438633,loss/backward,184.31246337890624
5,1789020730.7438633,loss/detect_mean,1.735109567642212
5,1789020730.7438633,loss/joint_mean,2.87988224029541
5,1789020730.7438633,loss/pose_mean,7.458972930908203
5,1789020730.7438633,lr/attention.decay,0.0
5,1789020730.7438633,lr/attention.no_decay,0.0
5,1789020730.7438633,lr/backbone.decay,0.0
5,1789020730.7438633,lr/backbone.no_decay,0.0
5,1789020730.7438633,lr/detect_head.decay,2.2332613390928727e-05
5,1789020730.7438633,lr/detect_head.no_decay,2.2332613390928727e-05
5,1789020730.7438633,lr/masf.decay,1.1166306695464364e-06
5,1789020730.7438633,lr/masf.no_decay,1.1166306695464364e-06
5,1789020730.7438633,lr/neck.decay,8.374730021598271e-06
5,1789020730.7438633,lr/neck.no_decay,8.374730021598271e-06
5,1789020730.7438633,lr/pose_head.decay,2.2332613390928727e-05
5,1789020730.7438633,lr/pose_head.no_decay,2.2332613390928727e-05
5,1789020730.7438633,pose/component_0,1.4837558269500732
5,1789020730.7438633,pose/component_1,0.36719316244125366
5,1789020730.7438633,pose/component_2,0.08446641266345978
5,1789020730.7438633,pose/component_3,0.9261613488197327
5,1789020730.7438633,pose/component_4,0.0036624851636588573
5,1789020730.7438633,pose/component_5,3.0063834190368652
6,1789020731.9056044,amp/overflow_retries,0.0
6,1789020731.9056044,amp/scale,256.0
6,1789020731.9056044,detect/component_0,1.1091020107269287
6,1789020731.9056044,detect/component_1,0.9923458695411682
6,1789020731.9056044,detect/component_2,0.006981584243476391
6,1789020731.9056044,gradient/clipped_norm,1714.8250732421875
6,1789020731.9056044,images/detect,256.0
6,1789020731.9056044,images/pose,16.0
6,1789020731.9056044,loss/backward,149.42365417480468
6,1789020731.9056044,loss/detect_mean,1.7415058016777039
6,1789020731.9056044,loss/joint_mean,2.334744596481323
6,1789020731.9056044,loss/pose_mean,4.707699775695801
6,1789020731.9056044,lr/attention.decay,0.0
6,1789020731.9056044,lr/attention.no_decay,0.0
6,1789020731.9056044,lr/backbone.decay,0.0
6,1789020731.9056044,lr/backbone.no_decay,0.0
6,1789020731.9056044,lr/detect_head.decay,2.272138228941685e-05
6,1789020731.9056044,lr/detect_head.no_decay,2.272138228941685e-05
6,1789020731.9056044,lr/masf.decay,1.1360691144708425e-06
6,1789020731.9056044,lr/masf.no_decay,1.1360691144708425e-06
6,1789020731.9056044,lr/neck.decay,8.520518358531317e-06
6,1789020731.9056044,lr/neck.no_decay,8.520518358531317e-06
6,1789020731.9056044,lr/pose_head.decay,2.272138228941685e-05
6,1789020731.9056044,lr/pose_head.no_decay,2.272138228941685e-05
6,1789020731.9056044,pose/component_0,1.327901840209961
6,1789020731.9056044,pose/component_1,0.15428712964057922
6,1789020731.9056044,pose/component_2,0.12901203334331512
6,1789020731.9056044,pose/component_3,0.670349657535553
6,1789020731.9056044,pose/component_4,0.006929102819412947
6,1789020731.9056044,pose/component_5,1.5704706907272339
7,1789020733.0624883,amp/overflow_retries,0.0
7,1789020733.0624883,amp/scale,256.0
7,1789020733.0624883,detect/component_0,1.0310274362564087
7,1789020733.0624883,detect/component_1,0.9492139220237732
7,1789020733.0624883,detect/component_2,0.006554181221872568
7,1789020733.0624883,gradient/clipped_norm,3287.82763671875
7,1789020733.0624883,images/detect,256.0
7,1789020733.0624883,images/pose,16.0
7,1789020733.0624883,loss/backward,175.96244888305665
7,1789020733.0624883,loss/detect_mean,1.6487607508897781
7,1789020733.0624883,loss/joint_mean,2.74941326379776
7,1789020733.0624883,loss/pose_mean,7.1520233154296875
7,1789020733.0624883,lr/attention.decay,0.0
7,1789020733.0624883,lr/attention.no_decay,0.0
7,1789020733.0624883,lr/backbone.decay,0.0
7,1789020733.0624883,lr/backbone.no_decay,0.0
7,1789020733.0624883,lr/detect_head.decay,2.3110151187904973e-05
7,1789020733.0624883,lr/detect_head.no_decay,2.3110151187904973e-05
7,1789020733.0624883,lr/masf.decay,1.1555075593952486e-06
7,1789020733.0624883,lr/masf.no_decay,1.1555075593952486e-06
7,1789020733.0624883,lr/neck.decay,8.666306695464364e-06
7,1789020733.0624883,lr/neck.no_decay,8.666306695464364e-06
7,1789020733.0624883,lr/pose_head.decay,2.3110151187904973e-05
7,1789020733.0624883,lr/pose_head.no_decay,2.3110151187904973e-05
7,1789020733.0624883,pose/component_0,1.206424593925476
7,1789020733.0624883,pose/component_1,0.18501439690589905
7,1789020733.0624883,pose/component_2,0.03139546886086464
7,1789020733.0624883,pose/component_3,0.8187243342399597
7,1789020733.0624883,pose/component_4,0.004205715376883745
7,1789020733.0624883,pose/component_5,2.5435924530029297
8,1789020734.2238467,amp/overflow_retries,0.0
8,1789020734.2238467,amp/scale,256.0
8,1789020734.2238467,detect/component_0,1.008028268814087
8,1789020734.2238467,detect/component_1,0.960476279258728
8,1789020734.2238467,detect/component_2,0.006400785408914089
8,1789020734.2238467,gradient/clipped_norm,1987.5892333984375
8,1789020734.2238467,images/detect,256.0
8,1789020734.2238467,images/pose,16.0
8,1789020734.2238467,loss/backward,156.92083206176758
8,1789020734.2238467,loss/detect_mean,1.6539658457040787
8,1789020734.2238467,loss/joint_mean,2.4518880009651185
8,1789020734.2238467,loss/pose_mean,5.643576622009277
8,1789020734.2238467,lr/attention.decay,0.0
8,1789020734.2238467,lr/attention.no_decay,0.0
8,1789020734.2238467,lr/backbone.decay,0.0
8,1789020734.2238467,lr/backbone.no_decay,0.0
8,1789020734.2238467,lr/detect_head.decay,2.349892008639309e-05
8,1789020734.2238467,lr/detect_head.no_decay,2.349892008639309e-05
8,1789020734.2238467,lr/masf.decay,1.1749460043196545e-06
8,1789020734.2238467,lr/masf.no_decay,1.1749460043196545e-06
8,1789020734.2238467,lr/neck.decay,8.812095032397407e-06
8,1789020734.2238467,lr/neck.no_decay,8.812095032397407e-06
8,1789020734.2238467,lr/pose_head.decay,2.349892008639309e-05
8,1789020734.2238467,lr/pose_head.no_decay,2.349892008639309e-05
8,1789020734.2238467,pose/component_0,1.2245594263076782
8,1789020734.2238467,pose/component_1,0.12829838693141937
8,1789020734.2238467,pose/component_2,0.030171550810337067
8,1789020734.2238467,pose/component_3,0.6735429167747498
8,1789020734.2238467,pose/component_4,0.004625897854566574
8,1789020734.2238467,pose/component_5,1.909509539604187
9,1789020735.3868835,amp/overflow_retries,0.0
9,1789020735.3868835,amp/scale,256.0
9,1789020735.3868835,detect/component_0,1.0599830150604248
9,1789020735.3868835,detect/component_1,0.9454742670059204
9,1789020735.3868835,detect/component_2,0.006616946309804916
9,1789020735.3868835,gradient/clipped_norm,2498.775634765625
9,1789020735.3868835,images/detect,256.0
9,1789020735.3868835,images/pose,16.0
9,1789020735.3868835,loss/backward,166.94302673339843
9,1789020735.3868835,loss/detect_mean,1.685649573802948
9,1789020735.3868835,loss/joint_mean,2.6084847927093504
9,1789020735.3868835,loss/pose_mean,6.299825668334961
9,1789020735.3868835,lr/attention.decay,0.0
9,1789020735.3868835,lr/attention.no_decay,0.0
9,1789020735.3868835,lr/backbone.decay,0.0
9,1789020735.3868835,lr/backbone.no_decay,0.0
9,1789020735.3868835,lr/detect_head.decay,2.3887688984881212e-05
9,1789020735.3868835,lr/detect_head.no_decay,2.3887688984881212e-05
9,1789020735.3868835,lr/masf.decay,1.1943844492440607e-06
9,1789020735.3868835,lr/masf.no_decay,1.1943844492440607e-06
9,1789020735.3868835,lr/neck.decay,8.957883369330454e-06
9,1789020735.3868835,lr/neck.no_decay,8.957883369330454e-06
9,1789020735.3868835,lr/pose_head.decay,2.3887688984881212e-05
9,1789020735.3868835,lr/pose_head.no_decay,2.3887688984881212e-05
9,1789020735.3868835,pose/component_0,1.4604941606521606
9,1789020735.3868835,pose/component_1,0.17227700352668762
9,1789020735.3868835,pose/component_2,0.2006596475839615
9,1789020735.3868835,pose/component_3,1.0780686140060425
9,1789020735.3868835,pose/component_4,0.005867590196430683
9,1789020735.3868835,pose/component_5,2.289689064025879
10,1789020736.5321493,amp/overflow_retries,0.0
10,1789020736.5321493,amp/scale,256.0
10,1789020736.5321493,detect/component_0,1.0291626453399658
10,1789020736.5321493,detect/component_1,0.9818804860115051
10,1789020736.5321493,detect/component_2,0.0064416746608912945
10,1789020736.5321493,gradient/clipped_norm,2221.8095703125
10,1789020736.5321493,images/detect,256.0
10,1789020736.5321493,images/pose,16.0
10,1789020736.5321493,loss/backward,160.10141372680664
10,1789020736.5321493,loss/detect_mean,1.658047392964363
10,1789020736.5321493,loss/joint_mean,2.5015845894813538
10,1789020736.5321493,loss/pose_mean,5.875733375549316
10,1789020736.5321493,lr/attention.decay,0.0
10,1789020736.5321493,lr/attention.no_decay,0.0
10,1789020736.5321493,lr/backbone.decay,0.0
10,1789020736.5321493,lr/backbone.no_decay,0.0
10,1789020736.5321493,lr/detect_head.decay,2.4276457883369332e-05
10,1789020736.5321493,lr/detect_head.no_decay,2.4276457883369332e-05
10,1789020736.5321493,lr/masf.decay,1.2138228941684668e-06
10,1789020736.5321493,lr/masf.no_decay,1.2138228941684668e-06
10,1789020736.5321493,lr/neck.decay,9.103671706263498e-06
10,1789020736.5321493,lr/neck.no_decay,9.103671706263498e-06
10,1789020736.5321493,lr/pose_head.decay,2.4276457883369332e-05
10,1789020736.5321493,lr/pose_head.no_decay,2.4276457883369332e-05
10,1789020736.5321493,pose/component_0,1.412856936454773
10,1789020736.5321493,pose/component_1,0.2079063355922699
10,1789020736.5321493,pose/component_2,0.09700325131416321
10,1789020736.5321493,pose/component_3,0.8009993433952332
10,1789020736.5321493,pose/component_4,0.0048491088673472404
10,1789020736.5321493,pose/component_5,1.8780711889266968
11,1789020737.6758692,amp/overflow_retries,0.0
11,1789020737.6758692,amp/scale,256.0
11,1789020737.6758692,detect/component_0,1.0884230136871338
11,1789020737.6758692,detect/component_1,0.9470256567001343
11,1789020737.6758692,detect/component_2,0.00648103840649128
11,1789020737.6758692,gradient/clipped_norm,2429.181640625
11,1789020737.6758692,images/detect,256.0
11,1789020737.6758692,images/pose,16.0
11,1789020737.6758692,loss/backward,160.21756134033203
11,1789020737.6758692,loss/detect_mean,1.6908316910266876
11,1789020737.6758692,loss/joint_mean,2.503399395942688
11,1789020737.6758692,loss/pose_mean,5.7536702156066895
11,1789020737.6758692,lr/attention.decay,0.0
11,1789020737.6758692,lr/attention.no_decay,0.0
11,1789020737.6758692,lr/backbone.decay,0.0
11,1789020737.6758692,lr/backbone.no_decay,0.0
11,1789020737.6758692,lr/detect_head.decay,2.4665226781857455e-05
11,1789020737.6758692,lr/detect_head.no_decay,2.4665226781857455e-05
11,1789020737.6758692,lr/masf.decay,1.2332613390928727e-06
11,1789020737.6758692,lr/masf.no_decay,1.2332613390928727e-06
11,1789020737.6758692,lr/neck.decay,9.249460043196543e-06
11,1789020737.6758692,lr/neck.no_decay,9.249460043196543e-06
11,1789020737.6758692,lr/pose_head.decay,2.4665226781857455e-05
11,1789020737.6758692,lr/pose_head.no_decay,2.4665226781857455e-05
11,1789020737.6758692,pose/component_0,1.2219526767730713
11,1789020737.6758692,pose/component_1,0.34650301933288574
11,1789020737.6758692,pose/component_2,0.05401511490345001
11,1789020737.6758692,pose/component_3,0.760195255279541
11,1789020737.6758692,pose/component_4,0.00758874136954546
11,1789020737.6758692,pose/component_5,2.5394210815429688
12,1789020738.8287866,amp/overflow_retries,0.0
12,1789020738.8287866,amp/scale,256.0
12,1789020738.8287866,detect/component_0,1.0309950113296509
12,1789020738.8287866,detect/component_1,0.9451586008071899
12,1789020738.8287866,detect/component_2,0.006819313392043114
12,1789020738.8287866,gradient/clipped_norm,4541.8134765625
12,1789020738.8287866,images/detect,256.0
12,1789020738.8287866,images/pose,16.0
12,1789020738.8287866,loss/backward,178.86477661132812
12,1789020738.8287866,loss/detect_mean,1.6833711862564087
12,1789020738.8287866,loss/joint_mean,2.794762134552002
12,1789020738.8287866,loss/pose_mean,7.240325927734375
12,1789020738.8287866,lr/attention.decay,0.0
12,1789020738.8287866,lr/attention.no_decay,0.0
12,1789020738.8287866,lr/backbone.decay,0.0
12,1789020738.8287866,lr/backbone.no_decay,0.0
12,1789020738.8287866,lr/detect_head.decay,2.5053995680345578e-05
12,1789020738.8287866,lr/detect_head.no_decay,2.5053995680345578e-05
12,1789020738.8287866,lr/masf.decay,1.2526997840172788e-06
12,1789020738.8287866,lr/masf.no_decay,1.2526997840172788e-06
12,1789020738.8287866,lr/neck.decay,9.39524838012959e-06
12,1789020738.8287866,lr/neck.no_decay,9.39524838012959e-06
12,1789020738.8287866,lr/pose_head.decay,2.5053995680345578e-05
12,1789020738.8287866,lr/pose_head.no_decay,2.5053995680345578e-05
12,1789020738.8287866,pose/component_0,1.236435055732727
12,1789020738.8287866,pose/component_1,0.1395384520292282
12,1789020738.8287866,pose/component_2,0.17153003811836243
12,1789020738.8287866,pose/component_3,0.9868903756141663
12,1789020738.8287866,pose/component_4,0.005726472474634647
12,1789020738.8287866,pose/component_5,2.591248035430908
13,1789020741.0869179,amp/overflow_retries,1.0
13,1789020741.0869179,amp/scale,128.0
13,1789020741.0869179,detect/component_0,1.0284138917922974
13,1789020741.0869179,detect/component_1,0.9658085703849792
13,1789020741.0869179,detect/component_2,0.006085364613682032
13,1789020741.0869179,gradient/clipped_norm,4873.6220703125
13,1789020741.0869179,images/detect,256.0
13,1789020741.0869179,images/pose,16.0
13,1789020741.0869179,loss/backward,206.32392654418945
13,1789020741.0869179,loss/detect_mean,1.64352847635746
13,1789020741.0869179,loss/joint_mean,3.22381135225296
13,1789020741.0869179,loss/pose_mean,9.544942855834961
13,1789020741.0869179,lr/attention.decay,0.0
13,1789020741.0869179,lr/attention.no_decay,0.0
13,1789020741.0869179,lr/backbone.decay,0.0
13,1789020741.0869179,lr/backbone.no_decay,0.0
13,1789020741.0869179,lr/detect_head.decay,2.5442764578833695e-05
13,1789020741.0869179,lr/detect_head.no_decay,2.5442764578833695e-05
13,1789020741.0869179,lr/masf.decay,1.2721382289416847e-06
13,1789020741.0869179,lr/masf.no_decay,1.2721382289416847e-06
13,1789020741.0869179,lr/neck.decay,9.541036717062634e-06
13,1789020741.0869179,lr/neck.no_decay,9.541036717062634e-06
13,1789020741.0869179,lr/pose_head.decay,2.5442764578833695e-05
13,1789020741.0869179,lr/pose_head.no_decay,2.5442764578833695e-05
13,1789020741.0869179,pose/component_0,1.5198692083358765
13,1789020741.0869179,pose/component_1,0.5029563903808594
13,1789020741.0869179,pose/component_2,0.03033638559281826
13,1789020741.0869179,pose/component_3,1.0707695484161377
13,1789020741.0869179,pose/component_4,0.006934555247426033
13,1789020741.0869179,pose/component_5,5.533846855163574
14,1789020742.217299,amp/overflow_retries,0.0
14,1789020742.217299,amp/scale,128.0
14,1789020742.217299,detect/component_0,1.045755386352539
14,1789020742.217299,detect/component_1,0.9668393135070801
14,1789020742.217299,detect/component_2,0.006342821754515171
14,1789020742.217299,gradient/clipped_norm,3244.569580078125
14,1789020742.217299,images/detect,256.0
14,1789020742.217299,images/pose,16.0
14,1789020742.217299,loss/backward,162.77712860107422
14,1789020742.217299,loss/detect_mean,1.6749562919139862
14,1789020742.217299,loss/joint_mean,2.5433926343917848
14,1789020742.217299,loss/pose_mean,6.0171380043029785
14,1789020742.217299,lr/attention.decay,0.0
14,1789020742.217299,lr/attention.no_decay,0.0
14,1789020742.217299,lr/backbone.decay,0.0
14,1789020742.217299,lr/backbone.no_decay,0.0
14,1789020742.217299,lr/detect_head.decay,2.5831533477321818e-05
14,1789020742.217299,lr/detect_head.no_decay,2.5831533477321818e-05
14,1789020742.217299,lr/masf.decay,1.291576673866091e-06
14,1789020742.217299,lr/masf.no_decay,1.291576673866091e-06
14,1789020742.217299,lr/neck.decay,9.68682505399568e-06
14,1789020742.217299,lr/neck.no_decay,9.68682505399568e-06
14,1789020742.217299,lr/pose_head.decay,2.5831533477321818e-05
14,1789020742.217299,lr/pose_head.no_decay,2.5831533477321818e-05
14,1789020742.217299,pose/component_0,1.329666256904602
14,1789020742.217299,pose/component_1,0.08962256461381912
14,1789020742.217299,pose/component_2,0.03434070199728012
14,1789020742.217299,pose/component_3,0.8233029842376709
14,1789020742.217299,pose/component_4,0.0044449446722865105
14,1789020742.217299,pose/component_5,1.70377779006958
15,1789020743.4013903,amp/overflow_retries,0.0
15,1789020743.4013903,amp/scale,128.0
15,1789020743.4013903,detect/component_0,1.0855638980865479
15,1789020743.4013903,detect/component_1,0.9909305572509766
15,1789020743.4013903,detect/component_2,0.006174949929118156
15,1789020743.4013903,gradient/clipped_norm,2667.49169921875
15,1789020743.4013903,images/detect,256.0
15,1789020743.4013903,images/pose,16.0
15,1789020743.4013903,loss/backward,172.5741729736328
15,1789020743.4013903,loss/detect_mean,1.7207249999046326
15,1789020743.4013903,loss/joint_mean,2.6964714527130127
15,1789020743.4013903,loss/pose_mean,6.599457263946533
15,1789020743.4013903,lr/attention.decay,0.0
15,1789020743.4013903,lr/attention.no_decay,0.0
15,1789020743.4013903,lr/backbone.decay,0.0
15,1789020743.4013903,lr/backbone.no_decay,0.0
15,1789020743.4013903,lr/detect_head.decay,2.6220302375809934e-05
15,1789020743.4013903,lr/detect_head.no_decay,2.6220302375809934e-05
15,1789020743.4013903,lr/masf.decay,1.311015118790497e-06
15,1789020743.4013903,lr/masf.no_decay,1.311015118790497e-06
15,1789020743.4013903,lr/neck.decay,9.832613390928724e-06
15,1789020743.4013903,lr/neck.no_decay,9.832613390928724e-06
15,1789020743.4013903,lr/pose_head.decay,2.6220302375809934e-05
15,1789020743.4013903,lr/pose_head.no_decay,2.6220302375809934e-05
15,1789020743.4013903,pose/component_0,1.286405086517334
15,1789020743.4013903,pose/component_1,0.13189202547073364
15,1789020743.4013903,pose/component_2,0.12084221839904785
15,1789020743.4013903,pose/component_3,1.0089740753173828
15,1789020743.4013903,pose/component_4,0.004560686182230711
15,1789020743.4013903,pose/component_5,2.5163381099700928
16,1789020744.5741692,amp/overflow_retries,0.0
16,1789020744.5741692,amp/scale,128.0
16,1789020744.5741692,detect/component_0,1.0406938791275024
16,1789020744.5741692,detect/component_1,0.9364776015281677
16,1789020744.5741692,detect/component_2,0.006320285610854626
16,1789020744.5741692,gradient/clipped_norm,3326.709716796875
16,1789020744.5741692,images/detect,256.0
16,1789020744.5741692,images/pose,16.0
16,1789020744.5741692,loss/backward,157.58482513427734
16,1789020744.5741692,loss/detect_mean,1.6612140834331512
16,1789020744.5741692,loss/joint_mean,2.4622628927230834
16,1789020744.5741692,loss/pose_mean,5.6664581298828125
16,1789020744.5741692,lr/attention.decay,0.0
16,1789020744.5741692,lr/attention.no_decay,0.0
16,1789020744.5741692,lr/backbone.decay,0.0
16,1789020744.5741692,lr/backbone.no_decay,0.0
16,1789020744.5741692,lr/detect_head.decay,2.6609071274298057e-05
16,1789020744.5741692,lr/detect_head.no_decay,2.6609071274298057e-05
16,1789020744.5741692,lr/masf.decay,1.330453563714903e-06
16,1789020744.5741692,lr/masf.no_decay,1.330453563714903e-06
16,1789020744.5741692,lr/neck.decay,9.978401727861771e-06
16,1789020744.5741692,lr/neck.no_decay,9.978401727861771e-06
16,1789020744.5741692,lr/pose_head.decay,2.6609071274298057e-05
16,1789020744.5741692,lr/pose_head.no_decay,2.6609071274298057e-05
16,1789020744.5741692,pose/component_0,1.1721653938293457
16,1789020744.5741692,pose/component_1,0.08586619794368744
16,1789020744.5741692,pose/component_2,0.08553501963615417
16,1789020744.5741692,pose/component_3,0.8894256353378296
16,1789020744.5741692,pose/component_4,0.0057046255096793175
16,1789020744.5741692,pose/component_5,1.9536316394805908
17,1789020745.7468703,amp/overflow_retries,0.0
17,1789020745.7468703,amp/scale,128.0
17,1789020745.7468703,detect/component_0,1.09355628490448
17,1789020745.7468703,detect/component_1,0.9786000847816467
17,1789020745.7468703,detect/component_2,0.005994583945721388
17,1789020745.7468703,gradient/clipped_norm,2387.3984375
17,1789020745.7468703,images/detect,256.0
17,1789020745.7468703,images/pose,16.0
17,1789020745.7468703,loss/backward,148.81526947021484
17,1789020745.7468703,loss/detect_mean,1.7241246402263641
17,1789020745.7468703,loss/joint_mean,2.325238585472107
17,1789020745.7468703,loss/pose_mean,4.729694366455078
17,1789020745.7468703,lr/attention.decay,0.0
17,1789020745.7468703,lr/attention.no_decay,0.0
17,1789020745.7468703,lr/backbone.decay,0.0
17,1789020745.7468703,lr/backbone.no_decay,0.0
17,1789020745.7468703,lr/detect_head.decay,2.6997840172786184e-05
17,1789020745.7468703,lr/detect_head.no_decay,2.6997840172786184e-05
17,1789020745.7468703,lr/masf.decay,1.3498920086393091e-06
17,1789020745.7468703,lr/masf.no_decay,1.3498920086393091e-06
17,1789020745.7468703,lr/neck.decay,1.0124190064794817e-05
17,1789020745.7468703,lr/neck.no_decay,1.0124190064794817e-05
17,1789020745.7468703,lr/pose_head.decay,2.6997840172786184e-05
17,1789020745.7468703,lr/pose_head.no_decay,2.6997840172786184e-05
17,1789020745.7468703,pose/component_0,1.2563726902008057
17,1789020745.7468703,pose/component_1,0.03920882195234299
17,1789020745.7468703,pose/component_2,0.0925850123167038
17,1789020745.7468703,pose/component_3,0.6248185038566589
17,1789020745.7468703,pose/component_4,0.003952066879719496
17,1789020745.7468703,pose/component_5,1.1813753843307495
18,1789020746.8968484,amp/overflow_retries,0.0
18,1789020746.8968484,amp/scale,128.0
18,1789020746.8968484,detect/component_0,1.0905758142471313
18,1789020746.8968484,detect/component_1,1.0173436403274536
18,1789020746.8968484,detect/component_2,0.006746319122612476
18,1789020746.8968484,gradient/clipped_norm,2367.56640625
18,1789020746.8968484,images/detect,256.0
18,1789020746.8968484,images/pose,16.0
18,1789020746.8968484,loss/backward,161.97655563354493
18,1789020746.8968484,loss/detect_mean,1.7604062408208847
18,1789020746.8968484,loss/joint_mean,2.5308836817741396
18,1789020746.8968484,loss/pose_mean,5.612793445587158
18,1789020746.8968484,lr/attention.decay,0.0
18,1789020746.8968484,lr/attention.no_decay,0.0
18,1789020746.8968484,lr/backbone.decay,0.0
18,1789020746.8968484,lr/backbone.no_decay,0.0
18,1789020746.8968484,lr/detect_head.decay,2.73866090712743e-05
18,1789020746.8968484,lr/detect_head.no_decay,2.73866090712743e-05
18,1789020746.8968484,lr/masf.decay,1.369330453563715e-06
18,1789020746.8968484,lr/masf.no_decay,1.369330453563715e-06
18,1789020746.8968484,lr/neck.decay,1.026997840172786e-05
18,1789020746.8968484,lr/neck.no_decay,1.026997840172786e-05
18,1789020746.8968484,lr/pose_head.decay,2.73866090712743e-05
18,1789020746.8968484,lr/pose_head.no_decay,2.73866090712743e-05
18,1789020746.8968484,pose/component_0,1.2865729331970215
18,1789020746.8968484,pose/component_1,0.06882534176111221
18,1789020746.8968484,pose/component_2,0.07724779844284058
18,1789020746.8968484,pose/component_3,0.7035126090049744
18,1789020746.8968484,pose/component_4,0.007577834650874138
18,1789020746.8968484,pose/component_5,1.7356736660003662
19,1789020748.0420666,amp/overflow_retries,0.0
19,1789020748.0420666,amp/scale,128.0
19,1789020748.0420666,detect/component_0,1.006065011024475
19,1789020748.0420666,detect/component_1,0.9270526170730591
19,1789020748.0420666,detect/component_2,0.006415896117687225
19,1789020748.0420666,gradient/clipped_norm,2324.4814453125
19,1789020748.0420666,images/detect,256.0
19,1789020748.0420666,images/pose,16.0
19,1789020748.0420666,loss/backward,170.42040481567383
19,1789020748.0420666,loss/detect_mean,1.6478775888681412
19,1789020748.0420666,loss/joint_mean,2.6628188252449037
19,1789020748.0420666,loss/pose_mean,6.722583770751953
19,1789020748.0420666,lr/attention.decay,0.0
19,1789020748.0420666,lr/attention.no_decay,0.0
19,1789020748.0420666,lr/backbone.decay,0.0
19,1789020748.0420666,lr/backbone.no_decay,0.0
19,1789020748.0420666,lr/detect_head.decay,2.7775377969762423e-05
19,1789020748.0420666,lr/detect_head.no_decay,2.7775377969762423e-05
19,1789020748.0420666,lr/masf.decay,1.3887688984881211e-06
19,1789020748.0420666,lr/masf.no_decay,1.3887688984881211e-06
19,1789020748.0420666,lr/neck.decay,1.0415766738660907e-05
19,1789020748.0420666,lr/neck.no_decay,1.0415766738660907e-05
19,1789020748.0420666,lr/pose_head.decay,2.7775377969762423e-05
19,1789020748.0420666,lr/pose_head.no_decay,2.7775377969762423e-05
19,1789020748.0420666,pose/component_0,1.3100597858428955
19,1789020748.0420666,pose/component_1,0.1588086485862732
19,1789020748.0420666,pose/component_2,0.02665562927722931
19,1789020748.0420666,pose/component_3,0.8595091700553894
19,1789020748.0420666,pose/component_4,0.0042421855032444
19,1789020748.0420666,pose/component_5,2.6312713623046875
20,1789020749.1973698,amp/overflow_retries,0.0
20,1789020749.1973698,amp/scale,128.0
20,1789020749.1973698,detect/component_0,1.0696022510528564
20,1789020749.1973698,detect/component_1,0.9689028263092041
20,1789020749.1973698,detect/component_2,0.006730826571583748
20,1789020749.1973698,gradient/clipped_norm,1731.251708984375
20,1789020749.1973698,images/detect,256.0
20,1789020749.1973698,images/pose,16.0
20,1789020749.1973698,loss/backward,152.82037506103515
20,1789020749.1973698,loss/detect_mean,1.7074446976184845
20,1789020749.1973698,loss/joint_mean,2.3878183603286742
20,1789020749.1973698,loss/pose_mean,5.109313011169434
20,1789020749.1973698,lr/attention.decay,0.0
20,1789020749.1973698,lr/attention.no_decay,0.0
20,1789020749.1973698,lr/backbone.decay,0.0
20,1789020749.1973698,lr/backbone.no_decay,0.0
20,1789020749.1973698,lr/detect_head.decay,2.816414686825054e-05
20,1789020749.1973698,lr/detect_head.no_decay,2.816414686825054e-05
20,1789020749.1973698,lr/masf.decay,1.408207343412527e-06
20,1789020749.1973698,lr/masf.no_decay,1.408207343412527e-06
20,1789020749.1973698,lr/neck.decay,1.0561555075593951e-05
20,1789020749.1973698,lr/neck.no_decay,1.0561555075593951e-05
20,1789020749.1973698,lr/pose_head.decay,2.816414686825054e-05
20,1789020749.1973698,lr/pose_head.no_decay,2.816414686825054e-05
20,1789020749.1973698,pose/component_0,1.0746458768844604
20,1789020749.1973698,pose/component_1,0.052186354994773865
20,1789020749.1973698,pose/component_2,0.17322450876235962
20,1789020749.1973698,pose/component_3,0.5967978239059448
20,1789020749.1973698,pose/component_4,0.0030881306156516075
20,1789020749.1973698,pose/component_5,1.3367068767547607
21,1789020750.346705,amp/overflow_retries,0.0
21,1789020750.346705,amp/scale,128.0
21,1789020750.346705,detect/component_0,1.0566785335540771
21,1789020750.346705,detect/component_1,0.9559934139251709
21,1789020750.346705,detect/component_2,0.006866276729851961
21,1789020750.346705,gradient/clipped_norm,4771.56396484375
21,1789020750.346705,images/detect,256.0
21,1789020750.346705,images/pose,16.0
21,1789020750.346705,loss/backward,174.97173690795898
21,1789020750.346705,loss/detect_mean,1.659057304263115
21,1789020750.346705,loss/joint_mean,2.733933389186859
21,1789020750.346705,loss/pose_mean,7.033437728881836
21,1789020750.346705,lr/attention.decay,0.0
21,1789020750.346705,lr/attention.no_decay,0.0
21,1789020750.346705,lr/backbone.decay,0.0
21,1789020750.346705,lr/backbone.no_decay,0.0
21,1789020750.346705,lr/detect_head.decay,2.8552915766738662e-05
21,1789020750.346705,lr/detect_head.no_decay,2.8552915766738662e-05
21,1789020750.346705,lr/masf.decay,1.4276457883369332e-06
21,1789020750.346705,lr/masf.no_decay,1.4276457883369332e-06
21,1789020750.346705,lr/neck.decay,1.0707343412526998e-05
21,1789020750.346705,lr/neck.no_decay,1.0707343412526998e-05
21,1789020750.346705,lr/pose_head.decay,2.8552915766738662e-05
21,1789020750.346705,lr/pose_head.no_decay,2.8552915766738662e-05
21,1789020750.346705,pose/component_0,1.073332667350769
21,1789020750.346705,pose/component_1,0.07692427188158035
21,1789020750.346705,pose/component_2,0.10488924384117126
21,1789020750.346705,pose/component_3,0.7936086654663086
21,1789020750.346705,pose/component_4,0.0037330768536776304
21,1789020750.346705,pose/component_5,2.1087000370025635
22,1789020751.5075305,amp/overflow_retries,0.0
22,1789020751.5075305,amp/scale,128.0
22,1789020751.5075305,detect/component_0,1.0627329349517822
22,1789020751.5075305,detect/component_1,0.9875052571296692
22,1789020751.5075305,detect/component_2,0.006835268810391426
22,1789020751.5075305,gradient/clipped_norm,2521.9326171875
22,1789020751.5075305,images/detect,256.0
22,1789020751.5075305,images/pose,16.0
22,1789020751.5075305,loss/backward,150.36261215209962
22,1789020751.5075305,loss/detect_mean,1.7162566632032394
22,1789020751.5075305,loss/joint_mean,2.3494158148765565
22,1789020751.5075305,loss/pose_mean,4.882052421569824
22,1789020751.5075305,lr/attention.decay,0.0
22,1789020751.5075305,lr/attention.no_decay,0.0
22,1789020751.5075305,lr/backbone.decay,0.0
22,1789020751.5075305,lr/backbone.no_decay,0.0
22,1789020751.5075305,lr/detect_head.decay,2.8941684665226785e-05
22,1789020751.5075305,lr/detect_head.no_decay,2.8941684665226785e-05
22,1789020751.5075305,lr/masf.decay,1.4470842332613395e-06
22,1789020751.5075305,lr/masf.no_decay,1.4470842332613395e-06
22,1789020751.5075305,lr/neck.decay,1.0853131749460043e-05
22,1789020751.5075305,lr/neck.no_decay,1.0853131749460043e-05
22,1789020751.5075305,lr/pose_head.decay,2.8941684665226785e-05
22,1789020751.5075305,lr/pose_head.no_decay,2.8941684665226785e-05
22,1789020751.5075305,pose/component_0,1.3147238492965698
22,1789020751.5075305,pose/component_1,0.0726577565073967
22,1789020751.5075305,pose/component_2,0.050488926470279694
22,1789020751.5075305,pose/component_3,0.7323389053344727
22,1789020751.5075305,pose/component_4,0.005341049749404192
22,1789020751.5075305,pose/component_5,1.3351860046386719
23,1789020752.6603003,amp/overflow_retries,0.0
23,1789020752.6603003,amp/scale,128.0
23,1789020752.6603003,detect/component_0,1.0977134704589844
23,1789020752.6603003,detect/component_1,0.9677015542984009
23,1789020752.6603003,detect/component_2,0.00676090270280838
23,1789020752.6603003,gradient/clipped_norm,2688.108154296875
23,1789020752.6603003,images/detect,256.0
23,1789020752.6603003,images/pose,16.0
23,1789020752.6603003,loss/backward,155.15838546752929
23,1789020752.6603003,loss/detect_mean,1.6966819614171982
23,1789020752.6603003,loss/joint_mean,2.424349772930145
23,1789020752.6603003,loss/pose_mean,5.335021018981934
23,1789020752.6603003,lr/attention.decay,0.0
23,1789020752.6603003,lr/attention.no_decay,0.0
23,1789020752.6603003,lr/backbone.decay,0.0
23,1789020752.6603003,lr/backbone.no_decay,0.0
23,1789020752.6603003,lr/detect_head.decay,2.9330453563714905e-05
23,1789020752.6603003,lr/detect_head.no_decay,2.9330453563714905e-05
23,1789020752.6603003,lr/masf.decay,1.4665226781857454e-06
23,1789020752.6603003,lr/masf.no_decay,1.4665226781857454e-06
23,1789020752.6603003,lr/neck.decay,1.0998920086393089e-05
23,1789020752.6603003,lr/neck.no_decay,1.0998920086393089e-05
23,1789020752.6603003,lr/pose_head.decay,2.9330453563714905e-05
23,1789020752.6603003,lr/pose_head.no_decay,2.9330453563714905e-05
23,1789020752.6603003,pose/component_0,1.393319845199585
23,1789020752.6603003,pose/component_1,0.05569102615118027
23,1789020752.6603003,pose/component_2,0.053384676575660706
23,1789020752.6603003,pose/component_3,0.7213554978370667
23,1789020752.6603003,pose/component_4,0.004447538871318102
23,1789020752.6603003,pose/component_5,1.870857834815979
24,1789020753.8086333,amp/overflow_retries,0.0
24,1789020753.8086333,amp/scale,128.0
24,1789020753.8086333,detect/component_0,1.0971952676773071
24,1789020753.8086333,detect/component_1,1.017286777496338
24,1789020753.8086333,detect/component_2,0.006380327511578798
24,1789020753.8086333,gradient/clipped_norm,3015.497314453125
24,1789020753.8086333,images/detect,256.0
24,1789020753.8086333,images/pose,16.0
24,1789020753.8086333,loss/backward,170.46050567626952
24,1789020753.8086333,loss/detect_mean,1.7777763903141022
24,1789020753.8086333,loss/joint_mean,2.6634454011917112
24,1789020753.8086333,loss/pose_mean,6.206121444702148
24,1789020753.8086333,lr/attention.decay,0.0
24,1789020753.8086333,lr/attention.no_decay,0.0
24,1789020753.8086333,lr/backbone.decay,0.0
24,1789020753.8086333,lr/backbone.no_decay,0.0
24,1789020753.8086333,lr/detect_head.decay,2.9719222462203028e-05
24,1789020753.8086333,lr/detect_head.no_decay,2.9719222462203028e-05
24,1789020753.8086333,lr/masf.decay,1.4859611231101515e-06
24,1789020753.8086333,lr/masf.no_decay,1.4859611231101515e-06
24,1789020753.8086333,lr/neck.decay,1.1144708423326134e-05
24,1789020753.8086333,lr/neck.no_decay,1.1144708423326134e-05
24,1789020753.8086333,lr/pose_head.decay,2.9719222462203028e-05
24,1789020753.8086333,lr/pose_head.no_decay,2.9719222462203028e-05
24,1789020753.8086333,pose/component_0,1.1514792442321777
24,1789020753.8086333,pose/component_1,0.21389520168304443
24,1789020753.8086333,pose/component_2,0.06534911692142487
24,1789020753.8086333,pose/component_3,0.6054636240005493
24,1789020753.8086333,pose/component_4,0.005588979460299015
24,1789020753.8086333,pose/component_5,2.825819492340088
25,1789020754.9797518,amp/overflow_retries,0.0
25,1789020754.9797518,amp/scale,128.0
25,1789020754.9797518,detect/component_0,1.0772145986557007
25,1789020754.9797518,detect/component_1,1.0352857112884521
25,1789020754.9797518,detect/component_2,0.006942352745682001
25,1789020754.9797518,gradient/clipped_norm,2372.355712890625
25,1789020754.9797518,images/detect,256.0
25,1789020754.9797518,images/pose,16.0
25,1789020754.9797518,loss/backward,162.226163482666
25,1789020754.9797518,loss/detect_mean,1.7620704919099808
25,1789020754.9797518,loss/joint_mean,2.5347838044166564
25,1789020754.9797518,loss/pose_mean,5.625637054443359
25,1789020754.9797518,lr/attention.decay,0.0
25,1789020754.9797518,lr/attention.no_decay,0.0
25,1789020754.9797518,lr/backbone.decay,0.0
25,1789020754.9797518,lr/backbone.no_decay,0.0
25,1789020754.9797518,lr/detect_head.decay,3.0107991360691145e-05
25,1789020754.9797518,lr/detect_head.no_decay,3.0107991360691145e-05
25,1789020754.9797518,lr/masf.decay,1.5053995680345574e-06
25,1789020754.9797518,lr/masf.no_decay,1.5053995680345574e-06
25,1789020754.9797518,lr/neck.decay,1.1290496760259178e-05
25,1789020754.9797518,lr/neck.no_decay,1.1290496760259178e-05
25,1789020754.9797518,lr/pose_head.decay,3.0107991360691145e-05
25,1789020754.9797518,lr/pose_head.no_decay,3.0107991360691145e-05
25,1789020754.9797518,pose/component_0,1.4197076559066772
25,1789020754.9797518,pose/component_1,0.07377898693084717
25,1789020754.9797518,pose/component_2,0.3676622807979584
25,1789020754.9797518,pose/component_3,0.7888470888137817
25,1789020754.9797518,pose/component_4,0.005079700145870447
25,1789020754.9797518,pose/component_5,1.5900390148162842
26,1789020756.143095,amp/overflow_retries,0.0
26,1789020756.143095,amp/scale,128.0
26,1789020756.143095,detect/component_0,1.12125563621521
26,1789020756.143095,detect/component_1,1.034440040588379
26,1789020756.143095,detect/component_2,0.0064528449438512325
26,1789020756.143095,gradient/clipped_norm,1996.331787109375
26,1789020756.143095,images/detect,256.0
26,1789020756.143095,images/pose,16.0
26,1789020756.143095,loss/backward,151.85188064575195
26,1789020756.143095,loss/detect_mean,1.794279232621193
26,1789020756.143095,loss/joint_mean,2.372685635089874
26,1789020756.143095,loss/pose_mean,4.6863112449646
26,1789020756.143095,lr/attention.decay,0.0
26,1789020756.143095,lr/attention.no_decay,0.0
26,1789020756.143095,lr/backbone.decay,0.0
26,1789020756.143095,lr/backbone.no_decay,0.0
26,1789020756.143095,lr/detect_head.decay,3.0496760259179268e-05
26,1789020756.143095,lr/detect_head.no_decay,3.0496760259179268e-05
26,1789020756.143095,lr/masf.decay,1.5248380129589635e-06
26,1789020756.143095,lr/masf.no_decay,1.5248380129589635e-06
26,1789020756.143095,lr/neck.decay,1.1436285097192225e-05
26,1789020756.143095,lr/neck.no_decay,1.1436285097192225e-05
26,1789020756.143095,lr/pose_head.decay,3.0496760259179268e-05
26,1789020756.143095,lr/pose_head.no_decay,3.0496760259179268e-05
26,1789020756.143095,pose/component_0,1.1312235593795776
26,1789020756.143095,pose/component_1,0.037015851587057114
26,1789020756.143095,pose/component_2,0.051246579736471176
26,1789020756.143095,pose/component_3,0.74085533618927
26,1789020756.143095,pose/component_4,0.0055999234318733215
26,1789020756.143095,pose/component_5,0.86043381690979
27,1789020757.3055096,amp/overflow_retries,0.0
27,1789020757.3055096,amp/scale,128.0
27,1789020757.3055096,detect/component_0,1.0644735097885132
27,1789020757.3055096,detect/component_1,0.9863800406455994
27,1789020757.3055096,detect/component_2,0.006482998840510845
27,1789020757.3055096,gradient/clipped_norm,1970.04443359375
27,1789020757.3055096,images/detect,256.0
27,1789020757.3055096,images/pose,16.0
27,1789020757.3055096,loss/backward,152.85306701660156
27,1789020757.3055096,loss/detect_mean,1.7399458289146423
27,1789020757.3055096,loss/joint_mean,2.3883291721343993
27,1789020757.3055096,loss/pose_mean,4.981862545013428
27,1789020757.3055096,lr/attention.decay,0.0
27,1789020757.3055096,lr/attention.no_decay,0.0
27,1789020757.3055096,lr/backbone.decay,0.0
27,1789020757.3055096,lr/backbone.no_decay,0.0
27,1789020757.3055096,lr/detect_head.decay,3.088552915766739e-05
27,1789020757.3055096,lr/detect_head.no_decay,3.088552915766739e-05
27,1789020757.3055096,lr/masf.decay,1.5442764578833696e-06
27,1789020757.3055096,lr/masf.no_decay,1.5442764578833696e-06
27,1789020757.3055096,lr/neck.decay,1.158207343412527e-05
27,1789020757.3055096,lr/neck.no_decay,1.158207343412527e-05
27,1789020757.3055096,lr/pose_head.decay,3.088552915766739e-05
27,1789020757.3055096,lr/pose_head.no_decay,3.088552915766739e-05
27,1789020757.3055096,pose/component_0,1.3038311004638672
27,1789020757.3055096,pose/component_1,0.06871318817138672
27,1789020757.3055096,pose/component_2,0.04914487525820732
27,1789020757.3055096,pose/component_3,0.9110428690910339
27,1789020757.3055096,pose/component_4,0.004245306830853224
27,1789020757.3055096,pose/component_5,1.0559507608413696
28,1789020758.4662445,amp/overflow_retries,0.0
28,1789020758.4662445,amp/scale,128.0
28,1789020758.4662445,detect/component_0,1.041360855102539
28,1789020758.4662445,detect/component_1,0.9670324325561523
28,1789020758.4662445,detect/component_2,0.006769885774701834
28,1789020758.4662445,gradient/clipped_norm,2069.406982421875
28,1789020758.4662445,images/detect,256.0
28,1789020758.4662445,images/pose,16.0
28,1789020758.4662445,loss/backward,144.983065032959
28,1789020758.4662445,loss/detect_mean,1.6690582484006882
28,1789020758.4662445,loss/joint_mean,2.265360391139984
28,1789020758.4662445,loss/pose_mean,4.650568962097168
28,1789020758.4662445,lr/attention.decay,0.0
28,1789020758.4662445,lr/attention.no_decay,0.0
28,1789020758.4662445,lr/backbone.decay,0.0
28,1789020758.4662445,lr/backbone.no_decay,0.0
28,1789020758.4662445,lr/detect_head.decay,3.127429805615551e-05
28,1789020758.4662445,lr/detect_head.no_decay,3.127429805615551e-05
28,1789020758.4662445,lr/masf.decay,1.5637149028077755e-06
28,1789020758.4662445,lr/masf.no_decay,1.5637149028077755e-06
28,1789020758.4662445,lr/neck.decay,1.1727861771058315e-05
28,1789020758.4662445,lr/neck.no_decay,1.1727861771058315e-05
28,1789020758.4662445,lr/pose_head.decay,3.127429805615551e-05
28,1789020758.4662445,lr/pose_head.no_decay,3.127429805615551e-05
28,1789020758.4662445,pose/component_0,1.3157238960266113
28,1789020758.4662445,pose/component_1,0.27767959237098694
28,1789020758.4662445,pose/component_2,0.07840240746736526
28,1789020758.4662445,pose/component_3,0.7467632293701172
28,1789020758.4662445,pose/component_4,0.0037173819728195667
28,1789020758.4662445,pose/component_5,1.5978801250457764
29,1789020759.6245744,amp/overflow_retries,0.0
29,1789020759.6245744,amp/scale,128.0
29,1789020759.6245744,detect/component_0,1.044218897819519
29,1789020759.6245744,detect/component_1,0.9750345349311829
29,1789020759.6245744,detect/component_2,0.006414335686713457
29,1789020759.6245744,gradient/clipped_norm,3044.808837890625
29,1789020759.6245744,images/detect,256.0
29,1789020759.6245744,images/pose,16.0
29,1789020759.6245744,loss/backward,167.520263671875
29,1789020759.6245744,loss/detect_mean,1.7018917798995972
29,1789020759.6245744,loss/joint_mean,2.617504119873047
29,1789020759.6245744,loss/pose_mean,6.279953479766846
29,1789020759.6245744,lr/attention.decay,0.0
29,1789020759.6245744,lr/attention.no_decay,0.0
29,1789020759.6245744,lr/backbone.decay,0.0
29,1789020759.6245744,lr/backbone.no_decay,0.0
29,1789020759.6245744,lr/detect_head.decay,3.166306695464363e-05
29,1789020759.6245744,lr/detect_head.no_decay,3.166306695464363e-05
29,1789020759.6245744,lr/masf.decay,1.5831533477321816e-06
29,1789020759.6245744,lr/masf.no_decay,1.5831533477321816e-06
29,1789020759.6245744,lr/neck.decay,1.187365010799136e-05
29,1789020759.6245744,lr/neck.no_decay,1.187365010799136e-05
29,1789020759.6245744,lr/pose_head.decay,3.166306695464363e-05
29,1789020759.6245744,lr/pose_head.no_decay,3.166306695464363e-05
29,1789020759.6245744,pose/component_0,1.356186866760254
29,1789020759.6245744,pose/component_1,0.10760606825351715
29,1789020759.6245744,pose/component_2,0.12196200340986252
29,1789020759.6245744,pose/component_3,0.824161171913147
29,1789020759.6245744,pose/component_4,0.0041697146371006966
29,1789020759.6245744,pose/component_5,3.173285722732544
30,1789020760.7891486,amp/overflow_retries,0.0
30,1789020760.7891486,amp/scale,128.0
30,1789020760.7891486,detect/component_0,1.043002724647522
30,1789020760.7891486,detect/component_1,0.9886147975921631
30,1789020760.7891486,detect/component_2,0.006753423251211643
30,1789020760.7891486,gradient/clipped_norm,1965.2857666015625
30,1789020760.7891486,images/detect,256.0
30,1789020760.7891486,images/pose,16.0
30,1789020760.7891486,loss/backward,155.57563247680665
30,1789020760.7891486,loss/detect_mean,1.713361695408821
30,1789020760.7891486,loss/joint_mean,2.430869257450104
30,1789020760.7891486,loss/pose_mean,5.300899505615234
30,1789020760.7891486,lr/attention.decay,0.0
30,1789020760.7891486,lr/attention.no_decay,0.0
30,1789020760.7891486,lr/backbone.decay,0.0
30,1789020760.7891486,lr/backbone.no_decay,0.0
30,1789020760.7891486,lr/detect_head.decay,3.205183585313175e-05
30,1789020760.7891486,lr/detect_head.no_decay,3.205183585313175e-05
30,1789020760.7891486,lr/masf.decay,1.6025917926565875e-06
30,1789020760.7891486,lr/masf.no_decay,1.6025917926565875e-06
30,1789020760.7891486,lr/neck.decay,1.2019438444924406e-05
30,1789020760.7891486,lr/neck.no_decay,1.2019438444924406e-05
30,1789020760.7891486,lr/pose_head.decay,3.205183585313175e-05
30,1789020760.7891486,lr/pose_head.no_decay,3.205183585313175e-05
30,1789020760.7891486,pose/component_0,1.4799598455429077
30,1789020760.7891486,pose/component_1,0.28957539796829224
30,1789020760.7891486,pose/component_2,0.05172153562307358
30,1789020760.7891486,pose/component_3,0.9284586310386658
30,1789020760.7891486,pose/component_4,0.005242725368589163
30,1789020760.7891486,pose/component_5,1.896711826324463
31,1789020761.9418826,amp/overflow_retries,0.0
31,1789020761.9418826,amp/scale,128.0
31,1789020761.9418826,detect/component_0,1.0637283325195312
31,1789020761.9418826,detect/component_1,1.000549554824829
31,1789020761.9418826,detect/component_2,0.006207955069839954
31,1789020761.9418826,gradient/clipped_norm,1509.3856201171875
31,1789020761.9418826,images/detect,256.0
31,1789020761.9418826,images/pose,16.0
31,1789020761.9418826,loss/backward,143.81553573608397
31,1789020761.9418826,loss/detect_mean,1.7104201763868332
31,1789020761.9418826,loss/joint_mean,2.247117745876312
31,1789020761.9418826,loss/pose_mean,4.3939080238342285
31,1789020761.9418826,lr/attention.decay,0.0
31,1789020761.9418826,lr/attention.no_decay,0.0
31,1789020761.9418826,lr/backbone.decay,0.0
31,1789020761.9418826,lr/backbone.no_decay,0.0
31,1789020761.9418826,lr/detect_head.decay,3.2440604751619876e-05
31,1789020761.9418826,lr/detect_head.no_decay,3.2440604751619876e-05
31,1789020761.9418826,lr/masf.decay,1.6220302375809939e-06
31,1789020761.9418826,lr/masf.no_decay,1.6220302375809939e-06
31,1789020761.9418826,lr/neck.decay,1.2165226781857451e-05
31,1789020761.9418826,lr/neck.no_decay,1.2165226781857451e-05
31,1789020761.9418826,lr/pose_head.decay,3.2440604751619876e-05
31,1789020761.9418826,lr/pose_head.no_decay,3.2440604751619876e-05
31,1789020761.9418826,pose/component_0,1.2946405410766602
31,1789020761.9418826,pose/component_1,0.06308118253946304
31,1789020761.9418826,pose/component_2,0.04270904138684273
31,1789020761.9418826,pose/component_3,0.6265394687652588
31,1789020761.9418826,pose/component_4,0.0037761256098747253
31,1789020761.9418826,pose/component_5,1.4673534631729126
32,1789020763.1080217,amp/overflow_retries,0.0
32,1789020763.1080217,amp/scale,128.0
32,1789020763.1080217,detect/component_0,1.0698603391647339
32,1789020763.1080217,detect/component_1,1.007375717163086
32,1789020763.1080217,detect/component_2,0.006478709634393454
32,1789020763.1080217,gradient/clipped_norm,2272.6650390625
32,1789020763.1080217,images/detect,256.0
32,1789020763.1080217,images/pose,16.0
32,1789020763.1080217,loss/backward,142.43398971557616
32,1789020763.1080217,loss/detect_mean,1.7339722961187363
32,1789020763.1080217,loss/joint_mean,2.2255310893058775
32,1789020763.1080217,loss/pose_mean,4.191766262054443
32,1789020763.1080217,lr/attention.decay,0.0
32,1789020763.1080217,lr/attention.no_decay,0.0
32,1789020763.1080217,lr/backbone.decay,0.0
32,1789020763.1080217,lr/backbone.no_decay,0.0
32,1789020763.1080217,lr/detect_head.decay,3.2829373650108e-05
32,1789020763.1080217,lr/detect_head.no_decay,3.2829373650108e-05
32,1789020763.1080217,lr/masf.decay,1.6414686825054e-06
32,1789020763.1080217,lr/masf.no_decay,1.6414686825054e-06
32,1789020763.1080217,lr/neck.decay,1.2311015118790498e-05
32,1789020763.1080217,lr/neck.no_decay,1.2311015118790498e-05
32,1789020763.1080217,lr/pose_head.decay,3.2829373650108e-05
32,1789020763.1080217,lr/pose_head.no_decay,3.2829373650108e-05
32,1789020763.1080217,pose/component_0,1.123422622680664
32,1789020763.1080217,pose/component_1,0.0791676938533783
32,1789020763.1080217,pose/component_2,0.04566004499793053
32,1789020763.1080217,pose/component_3,0.5940102934837341
32,1789020763.1080217,pose/component_4,0.006215953268110752
32,1789020763.1080217,pose/component_5,1.6660172939300537
33,1789020764.279981,amp/overflow_retries,0.0
33,1789020764.279981,amp/scale,128.0
33,1789020764.279981,detect/component_0,1.046128273010254
33,1789020764.279981,detect/component_1,0.9311161637306213
33,1789020764.279981,detect/component_2,0.006509242579340935
33,1789020764.279981,gradient/clipped_norm,3187.8095703125
33,1789020764.279981,images/detect,256.0
33,1789020764.279981,images/pose,16.0
33,1789020764.279981,loss/backward,165.5631019592285
33,1789020764.279981,loss/detect_mean,1.6713557988405228
33,1789020764.279981,loss/joint_mean,2.5869234681129454
33,1789020764.279981,loss/pose_mean,6.249194145202637
33,1789020764.279981,lr/attention.decay,0.0
33,1789020764.279981,lr/attention.no_decay,0.0
33,1789020764.279981,lr/backbone.decay,0.0
33,1789020764.279981,lr/backbone.no_decay,0.0
33,1789020764.279981,lr/detect_head.decay,3.3218142548596116e-05
33,1789020764.279981,lr/detect_head.no_decay,3.3218142548596116e-05
33,1789020764.279981,lr/masf.decay,1.6609071274298059e-06
33,1789020764.279981,lr/masf.no_decay,1.6609071274298059e-06
33,1789020764.279981,lr/neck.decay,1.2456803455723542e-05
33,1789020764.279981,lr/neck.no_decay,1.2456803455723542e-05
33,1789020764.279981,lr/pose_head.decay,3.3218142548596116e-05
33,1789020764.279981,lr/pose_head.no_decay,3.3218142548596116e-05
33,1789020764.279981,pose/component_0,1.5322068929672241
33,1789020764.279981,pose/component_1,0.13011786341667175
33,1789020764.279981,pose/component_2,0.07595811039209366
33,1789020764.279981,pose/component_3,1.1079992055892944
33,1789020764.279981,pose/component_4,0.003692044410854578
33,1789020764.279981,pose/component_5,2.2751646041870117
34,1789020765.428191,amp/overflow_retries,0.0
34,1789020765.428191,amp/scale,128.0
34,1789020765.428191,detect/component_0,1.0609982013702393
34,1789020765.428191,detect/component_1,1.0072791576385498
34,1789020765.428191,detect/component_2,0.007041207514703274
34,1789020765.428191,gradient/clipped_norm,3567.054443359375
34,1789020765.428191,images/detect,256.0
34,1789020765.428191,images/pose,16.0
34,1789020765.428191,loss/backward,198.12706756591797
34,1789020765.428191,loss/detect_mean,1.7519701421260834
34,1789020765.428191,loss/joint_mean,3.0957354307174683
34,1789020765.428191,loss/pose_mean,8.470796585083008
34,1789020765.428191,lr/attention.decay,0.0
34,1789020765.428191,lr/attention.no_decay,0.0
34,1789020765.428191,lr/backbone.decay,0.0
34,1789020765.428191,lr/backbone.no_decay,0.0
34,1789020765.428191,lr/detect_head.decay,3.360691144708423e-05
34,1789020765.428191,lr/detect_head.no_decay,3.360691144708423e-05
34,1789020765.428191,lr/masf.decay,1.6803455723542118e-06
34,1789020765.428191,lr/masf.no_decay,1.6803455723542118e-06
34,1789020765.428191,lr/neck.decay,1.2602591792656585e-05
34,1789020765.428191,lr/neck.no_decay,1.2602591792656585e-05
34,1789020765.428191,lr/pose_head.decay,3.360691144708423e-05
34,1789020765.428191,lr/pose_head.no_decay,3.360691144708423e-05
34,1789020765.428191,pose/component_0,1.303990364074707
34,1789020765.428191,pose/component_1,0.20073522627353668
34,1789020765.428191,pose/component_2,0.07876049727201462
34,1789020765.428191,pose/component_3,0.8358187675476074
34,1789020765.428191,pose/component_4,0.005617227405309677
34,1789020765.428191,pose/component_5,3.077181339263916
35,1789020766.5863414,amp/overflow_retries,0.0
35,1789020766.5863414,amp/scale,128.0
35,1789020766.5863414,detect/component_0,1.058511734008789
35,1789020766.5863414,detect/component_1,0.9911733269691467
35,1789020766.5863414,detect/component_2,0.006779155693948269
35,1789020766.5863414,gradient/clipped_norm,1995.806884765625
35,1789020766.5863414,images/detect,256.0
35,1789020766.5863414,images/pose,16.0
35,1789020766.5863414,loss/backward,132.3444091796875
35,1789020766.5863414,loss/detect_mean,1.693328857421875
35,1789020766.5863414,loss/joint_mean,2.067881393432617
35,1789020766.5863414,loss/pose_mean,3.566091537475586
35,1789020766.5863414,lr/attention.decay,0.0
35,1789020766.5863414,lr/attention.no_decay,0.0
35,1789020766.5863414,lr/backbone.decay,0.0
35,1789020766.5863414,lr/backbone.no_decay,0.0
35,1789020766.5863414,lr/detect_head.decay,3.3995680345572355e-05
35,1789020766.5863414,lr/detect_head.no_decay,3.3995680345572355e-05
35,1789020766.5863414,lr/masf.decay,1.6997840172786179e-06
35,1789020766.5863414,lr/masf.no_decay,1.6997840172786179e-06
35,1789020766.5863414,lr/neck.decay,1.2748380129589632e-05
35,1789020766.5863414,lr/neck.no_decay,1.2748380129589632e-05
35,1789020766.5863414,lr/pose_head.decay,3.3995680345572355e-05
35,1789020766.5863414,lr/pose_head.no_decay,3.3995680345572355e-05
35,1789020766.5863414,pose/component_0,1.2157422304153442
35,1789020766.5863414,pose/component_1,0.053723182529211044
35,1789020766.5863414,pose/component_2,0.020498624071478844
35,1789020766.5863414,pose/component_3,0.5280306935310364
35,1789020766.5863414,pose/component_4,0.0032160754781216383
35,1789020766.5863414,pose/component_5,0.3021475076675415
36,1789020767.7370994,amp/overflow_retries,0.0
36,1789020767.7370994,amp/scale,128.0
36,1789020767.7370994,detect/component_0,1.0882697105407715
36,1789020767.7370994,detect/component_1,0.9764144420623779
36,1789020767.7370994,detect/component_2,0.006538844667375088
36,1789020767.7370994,gradient/clipped_norm,3171.337646484375
36,1789020767.7370994,images/detect,256.0
36,1789020767.7370994,images/pose,16.0
36,1789020767.7370994,loss/backward,173.48911361694337
36,1789020767.7370994,loss/detect_mean,1.7321366518735886
36,1789020767.7370994,loss/joint_mean,2.71076740026474
36,1789020767.7370994,loss/pose_mean,6.625290393829346
36,1789020767.7370994,lr/attention.decay,0.0
36,1789020767.7370994,lr/attention.no_decay,0.0
36,1789020767.7370994,lr/backbone.decay,0.0
36,1789020767.7370994,lr/backbone.no_decay,0.0
36,1789020767.7370994,lr/detect_head.decay,3.438444924406048e-05
36,1789020767.7370994,lr/detect_head.no_decay,3.438444924406048e-05
36,1789020767.7370994,lr/masf.decay,1.719222462203024e-06
36,1789020767.7370994,lr/masf.no_decay,1.719222462203024e-06
36,1789020767.7370994,lr/neck.decay,1.2894168466522678e-05
36,1789020767.7370994,lr/neck.no_decay,1.2894168466522678e-05
36,1789020767.7370994,lr/pose_head.decay,3.438444924406048e-05
36,1789020767.7370994,lr/pose_head.no_decay,3.438444924406048e-05
36,1789020767.7370994,pose/component_0,0.9886167645454407
36,1789020767.7370994,pose/component_1,0.30280381441116333
36,1789020767.7370994,pose/component_2,0.018373804166913033
36,1789020767.7370994,pose/component_3,0.6679757833480835
36,1789020767.7370994,pose/component_4,0.004390347748994827
36,1789020767.7370994,pose/component_5,3.8961029052734375
37,1789020768.8950386,amp/overflow_retries,0.0
37,1789020768.8950386,amp/scale,128.0
37,1789020768.8950386,detect/component_0,0.99908846616745
37,1789020768.8950386,detect/component_1,0.9117118716239929
37,1789020768.8950386,detect/component_2,0.007190526928752661
37,1789020768.8950386,gradient/clipped_norm,2476.013427734375
37,1789020768.8950386,images/detect,256.0
37,1789020768.8950386,images/pose,16.0
37,1789020768.8950386,loss/backward,164.4394729614258
37,1789020768.8950386,loss/detect_mean,1.6361290514469147
37,1789020768.8950386,loss/joint_mean,2.569366765022278
37,1789020768.8950386,loss/pose_mean,6.3023176193237305
37,1789020768.8950386,lr/attention.decay,0.0
37,1789020768.8950386,lr/attention.no_decay,0.0
37,1789020768.8950386,lr/backbone.decay,0.0
37,1789020768.8950386,lr/backbone.no_decay,0.0
37,1789020768.8950386,lr/detect_head.decay,3.47732181425486e-05
37,1789020768.8950386,lr/detect_head.no_decay,3.47732181425486e-05
37,1789020768.8950386,lr/masf.decay,1.7386609071274301e-06
37,1789020768.8950386,lr/masf.no_decay,1.7386609071274301e-06
37,1789020768.8950386,lr/neck.decay,1.3039956803455725e-05
37,1789020768.8950386,lr/neck.no_decay,1.3039956803455725e-05
37,1789020768.8950386,lr/pose_head.decay,3.47732181425486e-05
37,1789020768.8950386,lr/pose_head.no_decay,3.47732181425486e-05
37,1789020768.8950386,pose/component_0,1.2456773519515991
37,1789020768.8950386,pose/component_1,0.10948620736598969
37,1789020768.8950386,pose/component_2,0.030104655772447586
37,1789020768.8950386,pose/component_3,0.7956894636154175
37,1789020768.8950386,pose/component_4,0.006537692621350288
37,1789020768.8950386,pose/component_5,3.5990183353424072
38,1789020770.0415213,amp/overflow_retries,0.0
38,1789020770.0415213,amp/scale,128.0
38,1789020770.0415213,detect/component_0,1.0280230045318604
38,1789020770.0415213,detect/component_1,1.0050550699234009
38,1789020770.0415213,detect/component_2,0.006719783414155245
38,1789020770.0415213,gradient/clipped_norm,2158.534423828125
38,1789020770.0415213,images/detect,256.0
38,1789020770.0415213,images/pose,16.0
38,1789020770.0415213,loss/backward,148.0581298828125
38,1789020770.0415213,loss/detect_mean,1.719498872756958
38,1789020770.0415213,loss/joint_mean,2.3134082794189452
38,1789020770.0415213,loss/pose_mean,4.6890459060668945
38,1789020770.0415213,lr/attention.decay,0.0
38,1789020770.0415213,lr/attention.no_decay,0.0
38,1789020770.0415213,lr/backbone.decay,0.0
38,1789020770.0415213,lr/backbone.no_decay,0.0
38,1789020770.0415213,lr/detect_head.decay,3.516198704103672e-05
38,1789020770.0415213,lr/detect_head.no_decay,3.516198704103672e-05
38,1789020770.0415213,lr/masf.decay,1.758099352051836e-06
38,1789020770.0415213,lr/masf.no_decay,1.758099352051836e-06
38,1789020770.0415213,lr/neck.decay,1.3185745140388768e-05
38,1789020770.0415213,lr/neck.no_decay,1.3185745140388768e-05
38,1789020770.0415213,lr/pose_head.decay,3.516198704103672e-05
38,1789020770.0415213,lr/pose_head.no_decay,3.516198704103672e-05
38,1789020770.0415213,pose/component_0,1.2153654098510742
38,1789020770.0415213,pose/component_1,0.048505425453186035
38,1789020770.0415213,pose/component_2,0.18846774101257324
38,1789020770.0415213,pose/component_3,0.48500514030456543
38,1789020770.0415213,pose/component_4,0.006409111898392439
38,1789020770.0415213,pose/component_5,1.1441562175750732
39,1789020771.199721,amp/overflow_retries,0.0
39,1789020771.199721,amp/scale,128.0
39,1789020771.199721,detect/component_0,1.0686007738113403
39,1789020771.199721,detect/component_1,0.9792414903640747
39,1789020771.199721,detect/component_2,0.006612224970012903
39,1789020771.199721,gradient/clipped_norm,2987.490234375
39,1789020771.199721,images/detect,256.0
39,1789020771.199721,images/pose,16.0
39,1789020771.199721,loss/backward,163.01619338989258
39,1789020771.199721,loss/detect_mean,1.6871655136346817
39,1789020771.199721,loss/joint_mean,2.5471280217170715
39,1789020771.199721,loss/pose_mean,5.986978054046631
39,1789020771.199721,lr/attention.decay,0.0
39,1789020771.199721,lr/attention.no_decay,0.0
39,1789020771.199721,lr/backbone.decay,0.0
39,1789020771.199721,lr/backbone.no_decay,0.0
39,1789020771.199721,lr/detect_head.decay,3.555075593952484e-05
39,1789020771.199721,lr/detect_head.no_decay,3.555075593952484e-05
39,1789020771.199721,lr/masf.decay,1.777537796976242e-06
39,1789020771.199721,lr/masf.no_decay,1.777537796976242e-06
39,1789020771.199721,lr/neck.decay,1.3331533477321812e-05
39,1789020771.199721,lr/neck.no_decay,1.3331533477321812e-05
39,1789020771.199721,lr/pose_head.decay,3.555075593952484e-05
39,1789020771.199721,lr/pose_head.no_decay,3.555075593952484e-05
39,1789020771.199721,pose/component_0,1.172768235206604
39,1789020771.199721,pose/component_1,0.14618976414203644
39,1789020771.199721,pose/component_2,0.045486100018024445
39,1789020771.199721,pose/component_3,0.8571235537528992
39,1789020771.199721,pose/component_4,0.005807230249047279
39,1789020771.199721,pose/component_5,2.8286428451538086
40,1789020772.367727,amp/overflow_retries,0.0
40,1789020772.367727,amp/scale,128.0
40,1789020772.367727,detect/component_0,1.011698603630066
40,1789020772.367727,detect/component_1,0.9416811466217041
40,1789020772.367727,detect/component_2,0.006551331840455532
40,1789020772.367727,gradient/clipped_norm,2336.57666015625
40,1789020772.367727,images/detect,256.0
40,1789020772.367727,images/pose,16.0
40,1789020772.367727,loss/backward,148.02313613891602
40,1789020772.367727,loss/detect_mean,1.647092655301094
40,1789020772.367727,loss/joint_mean,2.3128615021705627
40,1789020772.367727,loss/pose_mean,4.9759368896484375
40,1789020772.367727,lr/attention.decay,0.0
40,1789020772.367727,lr/attention.no_decay,0.0
40,1789020772.367727,lr/backbone.decay,0.0
40,1789020772.367727,lr/backbone.no_decay,0.0
40,1789020772.367727,lr/detect_head.decay,3.5939524838012964e-05
40,1789020772.367727,lr/detect_head.no_decay,3.5939524838012964e-05
40,1789020772.367727,lr/masf.decay,1.796976241900648e-06
40,1789020772.367727,lr/masf.no_decay,1.796976241900648e-06
40,1789020772.367727,lr/neck.decay,1.3477321814254859e-05
40,1789020772.367727,lr/neck.no_decay,1.3477321814254859e-05
40,1789020772.367727,lr/pose_head.decay,3.5939524838012964e-05
40,1789020772.367727,lr/pose_head.no_decay,3.5939524838012964e-05
40,1789020772.367727,pose/component_0,1.0905755758285522
40,1789020772.367727,pose/component_1,0.11110162734985352
40,1789020772.367727,pose/component_2,0.027471786364912987
40,1789020772.367727,pose/component_3,0.8707829117774963
40,1789020772.367727,pose/component_4,0.003306957660242915
40,1789020772.367727,pose/component_5,1.4661221504211426
41,1789020773.5249963,amp/overflow_retries,0.0
41,1789020773.5249963,amp/scale,128.0
41,1789020773.5249963,detect/component_0,1.1052894592285156
41,1789020773.5249963,detect/component_1,1.0541715621948242
41,1789020773.5249963,detect/component_2,0.007010794710367918
41,1789020773.5249963,gradient/clipped_norm,2986.8427734375
41,1789020773.5249963,images/detect,256.0
41,1789020773.5249963,images/pose,16.0
41,1789020773.5249963,loss/backward,173.0164451599121
41,1789020773.5249963,loss/detect_mean,1.8009397238492966
41,1789020773.5249963,loss/joint_mean,2.7033819556236267
41,1789020773.5249963,loss/pose_mean,6.313150882720947
41,1789020773.5249963,lr/attention.decay,0.0
41,1789020773.5249963,lr/attention.no_decay,0.0
41,1789020773.5249963,lr/backbone.decay,0.0
41,1789020773.5249963,lr/backbone.no_decay,0.0
41,1789020773.5249963,lr/detect_head.decay,3.632829373650109e-05
41,1789020773.5249963,lr/detect_head.no_decay,3.632829373650109e-05
41,1789020773.5249963,lr/masf.decay,1.8164146868250544e-06
41,1789020773.5249963,lr/masf.no_decay,1.8164146868250544e-06
41,1789020773.5249963,lr/neck.decay,1.3623110151187904e-05
41,1789020773.5249963,lr/neck.no_decay,1.3623110151187904e-05
41,1789020773.5249963,lr/pose_head.decay,3.632829373650109e-05
41,1789020773.5249963,lr/pose_head.no_decay,3.632829373650109e-05
41,1789020773.5249963,pose/component_0,1.2839921712875366
41,1789020773.5249963,pose/component_1,0.10593651235103607
41,1789020773.5249963,pose/component_2,0.05238131061196327
41,1789020773.5249963,pose/component_3,0.8267865180969238
41,1789020773.5249963,pose/component_4,0.005730144679546356
41,1789020773.5249963,pose/component_5,2.9310407638549805
42,1789020774.6877222,amp/overflow_retries,0.0
42,1789020774.6877222,amp/scale,128.0
42,1789020774.6877222,detect/component_0,0.9974900484085083
42,1789020774.6877222,detect/component_1,0.9101800322532654
42,1789020774.6877222,detect/component_2,0.0066917939111590385
42,1789020774.6877222,gradient/clipped_norm,1855.0189208984375
42,1789020774.6877222,images/detect,256.0
42,1789020774.6877222,images/pose,16.0
42,1789020774.6877222,loss/backward,137.39465789794923
42,1789020774.6877222,loss/detect_mean,1.6106735169887543
42,1789020774.6877222,loss/joint_mean,2.1467915296554567
42,1789020774.6877222,loss/pose_mean,4.291263580322266
42,1789020774.6877222,lr/attention.decay,0.0
42,1789020774.6877222,lr/attention.no_decay,0.0
42,1789020774.6877222,lr/backbone.decay,0.0
42,1789020774.6877222,lr/backbone.no_decay,0.0
42,1789020774.6877222,lr/detect_head.decay,3.671706263498921e-05
42,1789020774.6877222,lr/detect_head.no_decay,3.671706263498921e-05
42,1789020774.6877222,lr/masf.decay,1.8358531317494605e-06
42,1789020774.6877222,lr/masf.no_decay,1.8358531317494605e-06
42,1789020774.6877222,lr/neck.decay,1.3768898488120951e-05
42,1789020774.6877222,lr/neck.no_decay,1.3768898488120951e-05
42,1789020774.6877222,lr/pose_head.decay,3.671706263498921e-05
42,1789020774.6877222,lr/pose_head.no_decay,3.671706263498921e-05
42,1789020774.6877222,pose/component_0,1.0549066066741943
42,1789020774.6877222,pose/component_1,0.10292543470859528
42,1789020774.6877222,pose/component_2,0.09789466857910156
42,1789020774.6877222,pose/component_3,0.7678937315940857
42,1789020774.6877222,pose/component_4,0.0030494139064103365
42,1789020774.6877222,pose/component_5,1.4456983804702759
43,1789020775.840021,amp/overflow_retries,0.0
43,1789020775.840021,amp/scale,128.0
43,1789020775.840021,detect/component_0,1.1171303987503052
43,1789020775.840021,detect/component_1,1.0129923820495605
43,1789020775.840021,detect/component_2,0.006660538725554943
43,1789020775.840021,gradient/clipped_norm,2795.614501953125
43,1789020775.840021,images/detect,256.0
43,1789020775.840021,images/pose,16.0
43,1789020775.840021,loss/backward,160.00272903442382
43,1789020775.840021,loss/detect_mean,1.7611013799905777
43,1789020775.840021,loss/joint_mean,2.5000426411628722
43,1789020775.840021,loss/pose_mean,5.455807685852051
43,1789020775.840021,lr/attention.decay,0.0
43,1789020775.840021,lr/attention.no_decay,0.0
43,1789020775.840021,lr/backbone.decay,0.0
43,1789020775.840021,lr/backbone.no_decay,0.0
43,1789020775.840021,lr/detect_head.decay,3.7105831533477326e-05
43,1789020775.840021,lr/detect_head.no_decay,3.7105831533477326e-05
43,1789020775.840021,lr/masf.decay,1.8552915766738664e-06
43,1789020775.840021,lr/masf.no_decay,1.8552915766738664e-06
43,1789020775.840021,lr/neck.decay,1.3914686825053995e-05
43,1789020775.840021,lr/neck.no_decay,1.3914686825053995e-05
43,1789020775.840021,lr/pose_head.decay,3.7105831533477326e-05
43,1789020775.840021,lr/pose_head.no_decay,3.7105831533477326e-05
43,1789020775.840021,pose/component_0,0.9390426874160767
43,1789020775.840021,pose/component_1,0.07858490198850632
43,1789020775.840021,pose/component_2,0.021803680807352066
43,1789020775.840021,pose/component_3,0.6874743700027466
43,1789020775.840021,pose/component_4,0.004322435241192579
43,1789020775.840021,pose/component_5,2.1048996448516846
44,1789020777.0079098,amp/overflow_retries,0.0
44,1789020777.0079098,amp/scale,128.0
44,1789020777.0079098,detect/component_0,1.1095514297485352
44,1789020777.0079098,detect/component_1,0.9758984446525574
44,1789020777.0079098,detect/component_2,0.006645369343459606
44,1789020777.0079098,gradient/clipped_norm,2841.574462890625
44,1789020777.0079098,images/detect,256.0
44,1789020777.0079098,images/pose,16.0
44,1789020777.0079098,loss/backward,175.95628967285157
44,1789020777.0079098,loss/detect_mean,1.7316420674324036
44,1789020777.0079098,loss/joint_mean,2.7493170261383058
44,1789020777.0079098,loss/pose_mean,6.820016860961914
44,1789020777.0079098,lr/attention.decay,0.0
44,1789020777.0079098,lr/attention.no_decay,0.0
44,1789020777.0079098,lr/backbone.decay,0.0
44,1789020777.0079098,lr/backbone.no_decay,0.0
44,1789020777.0079098,lr/detect_head.decay,3.749460043196544e-05
44,1789020777.0079098,lr/detect_head.no_decay,3.749460043196544e-05
44,1789020777.0079098,lr/masf.decay,1.8747300215982723e-06
44,1789020777.0079098,lr/masf.no_decay,1.8747300215982723e-06
44,1789020777.0079098,lr/neck.decay,1.4060475161987038e-05
44,1789020777.0079098,lr/neck.no_decay,1.4060475161987038e-05
44,1789020777.0079098,lr/pose_head.decay,3.749460043196544e-05
44,1789020777.0079098,lr/pose_head.no_decay,3.749460043196544e-05
44,1789020777.0079098,pose/component_0,1.067104458808899
44,1789020777.0079098,pose/component_1,0.034532465040683746
44,1789020777.0079098,pose/component_2,0.2162279635667801
44,1789020777.0079098,pose/component_3,0.838419497013092
44,1789020777.0079098,pose/component_4,0.010710131376981735
44,1789020777.0079098,pose/component_5,1.998220443725586
45,1789020778.1737635,amp/overflow_retries,0.0
45,1789020778.1737635,amp/scale,128.0
45,1789020778.1737635,detect/component_0,1.026400089263916
45,1789020778.1737635,detect/component_1,0.9191614985466003
45,1789020778.1737635,detect/component_2,0.006393343210220337
45,1789020778.1737635,gradient/clipped_norm,1909.413818359375
45,1789020778.1737635,images/detect,256.0
45,1789020778.1737635,images/pose,16.0
45,1789020778.1737635,loss/backward,181.76994934082032
45,1789020778.1737635,loss/detect_mean,1.636125385761261
45,1789020778.1737635,loss/joint_mean,2.8401554584503175
45,1789020778.1737635,loss/pose_mean,7.656275749206543
45,1789020778.1737635,lr/attention.decay,0.0
45,1789020778.1737635,lr/attention.no_decay,0.0
45,1789020778.1737635,lr/backbone.decay,0.0
45,1789020778.1737635,lr/backbone.no_decay,0.0
45,1789020778.1737635,lr/detect_head.decay,3.7883369330453566e-05
45,1789020778.1737635,lr/detect_head.no_decay,3.7883369330453566e-05
45,1789020778.1737635,lr/masf.decay,1.8941684665226784e-06
45,1789020778.1737635,lr/masf.no_decay,1.8941684665226784e-06
45,1789020778.1737635,lr/neck.decay,1.4206263498920085e-05
45,1789020778.1737635,lr/neck.no_decay,1.4206263498920085e-05
45,1789020778.1737635,lr/pose_head.decay,3.7883369330453566e-05
45,1789020778.1737635,lr/pose_head.no_decay,3.7883369330453566e-05
45,1789020778.1737635,pose/component_0,1.1813901662826538
45,1789020778.1737635,pose/component_1,0.17650869488716125
45,1789020778.1737635,pose/component_2,0.04303353279829025
45,1789020778.1737635,pose/component_3,0.8414261341094971
45,1789020778.1737635,pose/component_4,0.006863028276711702
45,1789020778.1737635,pose/component_5,4.047650337219238
46,1789020779.3330958,amp/overflow_retries,0.0
46,1789020779.3330958,amp/scale,128.0
46,1789020779.3330958,detect/component_0,1.0573214292526245
46,1789020779.3330958,detect/component_1,0.9963077306747437
46,1789020779.3330958,detect/component_2,0.00627727247774601
46,1789020779.3330958,gradient/clipped_norm,1817.8887939453125
46,1789020779.3330958,images/detect,256.0
46,1789020779.3330958,images/pose,16.0
46,1789020779.3330958,loss/backward,129.390372467041
46,1789020779.3330958,loss/detect_mean,1.708313062787056
46,1789020779.3330958,loss/joint_mean,2.0217245697975157
46,1789020779.3330958,loss/pose_mean,3.2753705978393555
46,1789020779.3330958,lr/attention.decay,0.0
46,1789020779.3330958,lr/attention.no_decay,0.0
46,1789020779.3330958,lr/backbone.decay,0.0
46,1789020779.3330958,lr/backbone.no_decay,0.0
46,1789020779.3330958,lr/detect_head.decay,3.827213822894169e-05
46,1789020779.3330958,lr/detect_head.no_decay,3.827213822894169e-05
46,1789020779.3330958,lr/masf.decay,1.9136069114470847e-06
46,1789020779.3330958,lr/masf.no_decay,1.9136069114470847e-06
46,1789020779.3330958,lr/neck.decay,1.4352051835853133e-05
46,1789020779.3330958,lr/neck.no_decay,1.4352051835853133e-05
46,1789020779.3330958,lr/pose_head.decay,3.827213822894169e-05
46,1789020779.3330958,lr/pose_head.no_decay,3.827213822894169e-05
46,1789020779.3330958,pose/component_0,1.1318657398223877
46,1789020779.3330958,pose/component_1,0.016368042677640915
46,1789020779.3330958,pose/component_2,0.03397642448544502
46,1789020779.3330958,pose/component_3,0.48196956515312195
46,1789020779.3330958,pose/component_4,0.003384539857506752
46,1789020779.3330958,pose/component_5,0.0
47,1789020780.4837716,amp/overflow_retries,0.0
47,1789020780.4837716,amp/scale,128.0
47,1789020780.4837716,detect/component_0,1.0837092399597168
47,1789020780.4837716,detect/component_1,1.0256661176681519
47,1789020780.4837716,detect/component_2,0.006321268621832132
47,1789020780.4837716,gradient/clipped_norm,4861.1875
47,1789020780.4837716,images/detect,256.0
47,1789020780.4837716,images/pose,16.0
47,1789020780.4837716,loss/backward,171.53482208251953
47,1789020780.4837716,loss/detect_mean,1.7304286062717438
47,1789020780.4837716,loss/joint_mean,2.6802315950393676
47,1789020780.4837716,loss/pose_mean,6.479443550109863
47,1789020780.4837716,lr/attention.decay,0.0
47,1789020780.4837716,lr/attention.no_decay,0.0
47,1789020780.4837716,lr/backbone.decay,0.0
47,1789020780.4837716,lr/backbone.no_decay,0.0
47,1789020780.4837716,lr/detect_head.decay,3.866090712742981e-05
47,1789020780.4837716,lr/detect_head.no_decay,3.866090712742981e-05
47,1789020780.4837716,lr/masf.decay,1.9330453563714906e-06
47,1789020780.4837716,lr/masf.no_decay,1.9330453563714906e-06
47,1789020780.4837716,lr/neck.decay,1.4497840172786178e-05
47,1789020780.4837716,lr/neck.no_decay,1.4497840172786178e-05
47,1789020780.4837716,lr/pose_head.decay,3.866090712742981e-05
47,1789020780.4837716,lr/pose_head.no_decay,3.866090712742981e-05
47,1789020780.4837716,pose/component_0,1.0495057106018066
47,1789020780.4837716,pose/component_1,0.149502694606781
47,1789020780.4837716,pose/component_2,0.1309056133031845
47,1789020780.4837716,pose/component_3,0.5953640937805176
47,1789020780.4837716,pose/component_4,0.005240974482148886
47,1789020780.4837716,pose/component_5,2.5690910816192627
48,1789020781.6362689,amp/overflow_retries,0.0
48,1789020781.6362689,amp/scale,128.0
48,1789020781.6362689,detect/component_0,1.075020670890808
48,1789020781.6362689,detect/component_1,1.0156214237213135
48,1789020781.6362689,detect/component_2,0.006960625294595957
48,1789020781.6362689,gradient/clipped_norm,1994.97021484375
48,1789020781.6362689,images/detect,256.0
48,1789020781.6362689,images/pose,16.0
48,1789020781.6362689,loss/backward,167.09427337646486
48,1789020781.6362689,loss/detect_mean,1.7401888072490692
48,1789020781.6362689,loss/joint_mean,2.6108480215072634
48,1789020781.6362689,loss/pose_mean,6.093484878540039
48,1789020781.6362689,lr/attention.decay,0.0
48,1789020781.6362689,lr/attention.no_decay,0.0
48,1789020781.6362689,lr/backbone.decay,0.0
48,1789020781.6362689,lr/backbone.no_decay,0.0
48,1789020781.6362689,lr/detect_head.decay,3.904967602591793e-05
48,1789020781.6362689,lr/detect_head.no_decay,3.904967602591793e-05
48,1789020781.6362689,lr/masf.decay,1.9524838012958965e-06
48,1789020781.6362689,lr/masf.no_decay,1.9524838012958965e-06
48,1789020781.6362689,lr/neck.decay,1.4643628509719221e-05
48,1789020781.6362689,lr/neck.no_decay,1.4643628509719221e-05
48,1789020781.6362689,lr/pose_head.decay,3.904967602591793e-05
48,1789020781.6362689,lr/pose_head.no_decay,3.904967602591793e-05
48,1789020781.6362689,pose/component_0,1.323026180267334
48,1789020781.6362689,pose/component_1,0.3151499032974243
48,1789020781.6362689,pose/component_2,0.18593120574951172
48,1789020781.6362689,pose/component_3,0.7503023743629456
48,1789020781.6362689,pose/component_4,0.0037484443746507168
48,1789020781.6362689,pose/component_5,2.3541200160980225
49,1789020782.7976797,amp/overflow_retries,0.0
49,1789020782.7976797,amp/scale,128.0
49,1789020782.7976797,detect/component_0,1.0522663593292236
49,1789020782.7976797,detect/component_1,1.0045101642608643
49,1789020782.7976797,detect/component_2,0.006721073761582375
49,1789020782.7976797,gradient/clipped_norm,1919.5020751953125
49,1789020782.7976797,images/detect,256.0
49,1789020782.7976797,images/pose,16.0
49,1789020782.7976797,loss/backward,144.54587097167968
49,1789020782.7976797,loss/detect_mean,1.731324851512909
49,1789020782.7976797,loss/joint_mean,2.258529233932495
49,1789020782.7976797,loss/pose_mean,4.36734676361084
49,1789020782.7976797,lr/attention.decay,0.0
49,1789020782.7976797,lr/attention.no_decay,0.0
49,1789020782.7976797,lr/backbone.decay,0.0
49,1789020782.7976797,lr/backbone.no_decay,0.0
49,1789020782.7976797,lr/detect_head.decay,3.943844492440605e-05
49,1789020782.7976797,lr/detect_head.no_decay,3.943844492440605e-05
49,1789020782.7976797,lr/masf.decay,1.9719222462203024e-06
49,1789020782.7976797,lr/masf.no_decay,1.9719222462203024e-06
49,1789020782.7976797,lr/neck.decay,1.4789416846652267e-05
49,1789020782.7976797,lr/neck.no_decay,1.4789416846652267e-05
49,1789020782.7976797,lr/pose_head.decay,3.943844492440605e-05
49,1789020782.7976797,lr/pose_head.no_decay,3.943844492440605e-05
49,1789020782.7976797,pose/component_0,1.1188530921936035
49,1789020782.7976797,pose/component_1,0.06566780060529709
49,1789020782.7976797,pose/component_2,0.014750861562788486
49,1789020782.7976797,pose/component_3,0.6250680088996887
49,1789020782.7976797,pose/component_4,0.003928664606064558
49,1789020782.7976797,pose/component_5,1.366750717163086
50,1789020783.9577541,amp/overflow_retries,0.0
50,1789020783.9577541,amp/scale,128.0
50,1789020783.9577541,detect/component_0,1.0530400276184082
50,1789020783.9577541,detect/component_1,0.9568654298782349
50,1789020783.9577541,detect/component_2,0.006947149522602558
50,1789020783.9577541,gradient/clipped_norm,2387.29931640625
50,1789020783.9577541,images/detect,256.0
50,1789020783.9577541,images/pose,16.0
50,1789020783.9577541,loss/backward,165.2775016784668
50,1789020783.9577541,loss/detect_mean,1.7245205491781235
50,1789020783.9577541,loss/joint_mean,2.5824609637260436
50,1789020783.9577541,loss/pose_mean,6.014222621917725
50,1789020783.9577541,lr/attention.decay,0.0
50,1789020783.9577541,lr/attention.no_decay,0.0
50,1789020783.9577541,lr/backbone.decay,0.0
50,1789020783.9577541,lr/backbone.no_decay,0.0
50,1789020783.9577541,lr/detect_head.decay,3.9827213822894175e-05
50,1789020783.9577541,lr/detect_head.no_decay,3.9827213822894175e-05
50,1789020783.9577541,lr/masf.decay,1.9913606911447087e-06
50,1789020783.9577541,lr/masf.no_decay,1.9913606911447087e-06
50,1789020783.9577541,lr/neck.decay,1.4935205183585312e-05
50,1789020783.9577541,lr/neck.no_decay,1.4935205183585312e-05
50,1789020783.9577541,lr/pose_head.decay,3.9827213822894175e-05
50,1789020783.9577541,lr/pose_head.no_decay,3.9827213822894175e-05
50,1789020783.9577541,pose/component_0,1.1632146835327148
50,1789020783.9577541,pose/component_1,0.1410568207502365
50,1789020783.9577541,pose/component_2,0.019927943125367165
50,1789020783.9577541,pose/component_3,0.8197149634361267
50,1789020783.9577541,pose/component_4,0.004036415833979845
50,1789020783.9577541,pose/component_5,2.873255729675293
51,1789020785.1190543,amp/overflow_retries,0.0
51,1789020785.1190543,amp/scale,128.0
51,1789020785.1190543,detect/component_0,1.068454623222351
51,1789020785.1190543,detect/component_1,0.9613728523254395
51,1789020785.1190543,detect/component_2,0.006169551517814398
51,1789020785.1190543,gradient/clipped_norm,4945.02294921875
51,1789020785.1190543,images/detect,256.0
51,1789020785.1190543,images/pose,16.0
51,1789020785.1190543,loss/backward,195.02184600830077
51,1789020785.1190543,loss/detect_mean,1.6944169104099274
51,1789020785.1190543,loss/joint_mean,3.0472163438796995
51,1789020785.1190543,loss/pose_mean,8.458414077758789
51,1789020785.1190543,lr/attention.decay,0.0
51,1789020785.1190543,lr/attention.no_decay,0.0
51,1789020785.1190543,lr/backbone.decay,0.0
51,1789020785.1190543,lr/backbone.no_decay,0.0
51,1789020785.1190543,lr/detect_head.decay,4.02159827213823e-05
51,1789020785.1190543,lr/detect_head.no_decay,4.02159827213823e-05
51,1789020785.1190543,lr/masf.decay,2.0107991360691146e-06
51,1789020785.1190543,lr/masf.no_decay,2.0107991360691146e-06
51,1789020785.1190543,lr/neck.decay,1.5080993520518359e-05
51,1789020785.1190543,lr/neck.no_decay,1.5080993520518359e-05
51,1789020785.1190543,lr/pose_head.decay,4.02159827213823e-05
51,1789020785.1190543,lr/pose_head.no_decay,4.02159827213823e-05
51,1789020785.1190543,pose/component_0,1.5332978963851929
51,1789020785.1190543,pose/component_1,0.15044677257537842
51,1789020785.1190543,pose/component_2,0.049272991716861725
51,1789020785.1190543,pose/component_3,0.7933703064918518
51,1789020785.1190543,pose/component_4,0.00704096257686615
51,1789020785.1190543,pose/component_5,3.907499313354492
52,1789020786.2775784,amp/overflow_retries,0.0
52,1789020786.2775784,amp/scale,128.0
52,1789020786.2775784,detect/component_0,1.0490081310272217
52,1789020786.2775784,detect/component_1,1.015944480895996
52,1789020786.2775784,detect/component_2,0.007345470599830151
52,1789020786.2775784,gradient/clipped_norm,4732.9013671875
52,1789020786.2775784,images/detect,256.0
52,1789020786.2775784,images/pose,16.0
52,1789020786.2775784,loss/backward,184.7097480773926
52,1789020786.2775784,loss/detect_mean,1.7343092113733292
52,1789020786.2775784,loss/joint_mean,2.886089813709259
52,1789020786.2775784,loss/pose_mean,7.4932122230529785
52,1789020786.2775784,lr/attention.decay,0.0
52,1789020786.2775784,lr/attention.no_decay,0.0
52,1789020786.2775784,lr/backbone.decay,0.0
52,1789020786.2775784,lr/backbone.no_decay,0.0
52,1789020786.2775784,lr/detect_head.decay,4.0604751619870414e-05
52,1789020786.2775784,lr/detect_head.no_decay,4.0604751619870414e-05
52,1789020786.2775784,lr/masf.decay,2.0302375809935205e-06
52,1789020786.2775784,lr/masf.no_decay,2.0302375809935205e-06
52,1789020786.2775784,lr/neck.decay,1.5226781857451403e-05
52,1789020786.2775784,lr/neck.no_decay,1.5226781857451403e-05
52,1789020786.2775784,lr/pose_head.decay,4.0604751619870414e-05
52,1789020786.2775784,lr/pose_head.no_decay,4.0604751619870414e-05
52,1789020786.2775784,pose/component_0,1.250578761100769
52,1789020786.2775784,pose/component_1,0.13486872613430023
52,1789020786.2775784,pose/component_2,0.10189487040042877
52,1789020786.2775784,pose/component_3,0.7702800035476685
52,1789020786.2775784,pose/component_4,0.0044806175865232944
52,1789020786.2775784,pose/component_5,2.2973721027374268
53,1789020787.4345608,amp/overflow_retries,0.0
53,1789020787.4345608,amp/scale,128.0
53,1789020787.4345608,detect/component_0,1.0487079620361328
53,1789020787.4345608,detect/component_1,0.9697422385215759
53,1789020787.4345608,detect/component_2,0.006704531144350767
53,1789020787.4345608,gradient/clipped_norm,1673.4974365234375
53,1789020787.4345608,images/detect,256.0
53,1789020787.4345608,images/pose,16.0
53,1789020787.4345608,loss/backward,159.5494155883789
53,1789020787.4345608,loss/detect_mean,1.7032972872257233
53,1789020787.4345608,loss/joint_mean,2.4929596185684204
53,1789020787.4345608,loss/pose_mean,5.651608943939209
53,1789020787.4345608,lr/attention.decay,0.0
53,1789020787.4345608,lr/attention.no_decay,0.0
53,1789020787.4345608,lr/backbone.decay,0.0
53,1789020787.4345608,lr/backbone.no_decay,0.0
53,1789020787.4345608,lr/detect_head.decay,4.099352051835854e-05
53,1789020787.4345608,lr/detect_head.no_decay,4.099352051835854e-05
53,1789020787.4345608,lr/masf.decay,2.049676025917927e-06
53,1789020787.4345608,lr/masf.no_decay,2.049676025917927e-06
53,1789020787.4345608,lr/neck.decay,1.537257019438445e-05
53,1789020787.4345608,lr/neck.no_decay,1.537257019438445e-05
53,1789020787.4345608,lr/pose_head.decay,4.099352051835854e-05
53,1789020787.4345608,lr/pose_head.no_decay,4.099352051835854e-05
53,1789020787.4345608,pose/component_0,1.2876569032669067
53,1789020787.4345608,pose/component_1,0.1756548285484314
53,1789020787.4345608,pose/component_2,0.028164630755782127
53,1789020787.4345608,pose/component_3,1.0122872591018677
53,1789020787.4345608,pose/component_4,0.004751186817884445
53,1789020787.4345608,pose/component_5,2.269548177719116
54,1789020788.596496,amp/overflow_retries,0.0
54,1789020788.596496,amp/scale,128.0
54,1789020788.596496,detect/component_0,1.092582106590271
54,1789020788.596496,detect/component_1,0.9657741785049438
54,1789020788.596496,detect/component_2,0.007212488446384668
54,1789020788.596496,gradient/clipped_norm,1639.26220703125
54,1789020788.596496,images/detect,256.0
54,1789020788.596496,images/pose,16.0
54,1789020788.596496,loss/backward,157.47309112548828
54,1789020788.596496,loss/detect_mean,1.7311799824237823
54,1789020788.596496,loss/joint_mean,2.4605170488357544
54,1789020788.596496,loss/pose_mean,5.377865314483643
54,1789020788.596496,lr/attention.decay,0.0
54,1789020788.596496,lr/attention.no_decay,0.0
54,1789020788.596496,lr/backbone.decay,0.0
54,1789020788.596496,lr/backbone.no_decay,0.0
54,1789020788.596496,lr/detect_head.decay,4.138228941684665e-05
54,1789020788.596496,lr/detect_head.no_decay,4.138228941684665e-05
54,1789020788.596496,lr/masf.decay,2.0691144708423328e-06
54,1789020788.596496,lr/masf.no_decay,2.0691144708423328e-06
54,1789020788.596496,lr/neck.decay,1.551835853131749e-05
54,1789020788.596496,lr/neck.no_decay,1.551835853131749e-05
54,1789020788.596496,lr/pose_head.decay,4.138228941684665e-05
54,1789020788.596496,lr/pose_head.no_decay,4.138228941684665e-05
54,1789020788.596496,pose/component_0,1.2224467992782593
54,1789020788.596496,pose/component_1,0.18135076761245728
54,1789020788.596496,pose/component_2,0.03690064698457718
54,1789020788.596496,pose/component_3,0.7317752242088318
54,1789020788.596496,pose/component_4,0.004684305749833584
54,1789020788.596496,pose/component_5,1.919163465499878
55,1789020789.7628736,amp/overflow_retries,0.0
55,1789020789.7628736,amp/scale,128.0
55,1789020789.7628736,detect/component_0,1.0514636039733887
55,1789020789.7628736,detect/component_1,0.9536855816841125
55,1789020789.7628736,detect/component_2,0.007141445763409138
55,1789020789.7628736,gradient/clipped_norm,2396.044921875
55,1789020789.7628736,images/detect,256.0
55,1789020789.7628736,images/pose,16.0
55,1789020789.7628736,loss/backward,152.13398132324218
55,1789020789.7628736,loss/detect_mean,1.7047709822654724
55,1789020789.7628736,loss/joint_mean,2.377093458175659
55,1789020789.7628736,loss/pose_mean,5.066383361816406
55,1789020789.7628736,lr/attention.decay,0.0
55,1789020789.7628736,lr/attention.no_decay,0.0
55,1789020789.7628736,lr/backbone.decay,0.0
55,1789020789.7628736,lr/backbone.no_decay,0.0
55,1789020789.7628736,lr/detect_head.decay,4.1771058315334776e-05
55,1789020789.7628736,lr/detect_head.no_decay,4.1771058315334776e-05
55,1789020789.7628736,lr/masf.decay,2.088552915766739e-06
55,1789020789.7628736,lr/masf.no_decay,2.088552915766739e-06
55,1789020789.7628736,lr/neck.decay,1.566414686825054e-05
55,1789020789.7628736,lr/neck.no_decay,1.566414686825054e-05
55,1789020789.7628736,lr/pose_head.decay,4.1771058315334776e-05
55,1789020789.7628736,lr/pose_head.no_decay,4.1771058315334776e-05
55,1789020789.7628736,pose/component_0,1.0507253408432007
55,1789020789.7628736,pose/component_1,0.04539024829864502
55,1789020789.7628736,pose/component_2,0.12567615509033203
55,1789020789.7628736,pose/component_3,0.6603837609291077
55,1789020789.7628736,pose/component_4,0.004382135346531868
55,1789020789.7628736,pose/component_5,1.4525549411773682
56,1789020790.94446,amp/overflow_retries,0.0
56,1789020790.94446,amp/scale,128.0
56,1789020790.94446,detect/component_0,1.1148886680603027
56,1789020790.94446,detect/component_1,1.0192875862121582
56,1789020790.94446,detect/component_2,0.00676159281283617
56,1789020790.94446,gradient/clipped_norm,3367.658203125
56,1789020790.94446,images/detect,256.0
56,1789020790.94446,images/pose,16.0
56,1789020790.94446,loss/backward,168.92399520874022
56,1789020790.94446,loss/detect_mean,1.7709989994764328
56,1789020790.94446,loss/joint_mean,2.639437425136566
56,1789020790.94446,loss/pose_mean,6.1131911277771
56,1789020790.94446,lr/attention.decay,0.0
56,1789020790.94446,lr/attention.no_decay,0.0
56,1789020790.94446,lr/backbone.decay,0.0
56,1789020790.94446,lr/backbone.no_decay,0.0
56,1789020790.94446,lr/detect_head.decay,4.21598272138229e-05
56,1789020790.94446,lr/detect_head.no_decay,4.21598272138229e-05
56,1789020790.94446,lr/masf.decay,2.107991360691145e-06
56,1789020790.94446,lr/masf.no_decay,2.107991360691145e-06
56,1789020790.94446,lr/neck.decay,1.5809935205183586e-05
56,1789020790.94446,lr/neck.no_decay,1.5809935205183586e-05
56,1789020790.94446,lr/pose_head.decay,4.21598272138229e-05
56,1789020790.94446,lr/pose_head.no_decay,4.21598272138229e-05
56,1789020790.94446,pose/component_0,1.4724642038345337
56,1789020790.94446,pose/component_1,0.37311214208602905
56,1789020790.94446,pose/component_2,0.02590554766356945
56,1789020790.94446,pose/component_3,0.9133132696151733
56,1789020790.94446,pose/component_4,0.0034342724829912186
56,1789020790.94446,pose/component_5,3.423858165740967
57,1789020792.1034594,amp/overflow_retries,0.0
57,1789020792.1034594,amp/scale,128.0
57,1789020792.1034594,detect/component_0,1.0038995742797852
57,1789020792.1034594,detect/component_1,0.9557996988296509
57,1789020792.1034594,detect/component_2,0.006748758722096682
57,1789020792.1034594,gradient/clipped_norm,2518.128173828125
57,1789020792.1034594,images/detect,256.0
57,1789020792.1034594,images/pose,16.0
57,1789020792.1034594,loss/backward,146.96523361206056
57,1789020792.1034594,loss/detect_mean,1.6547294706106186
57,1789020792.1034594,loss/joint_mean,2.2963317751884462
57,1789020792.1034594,loss/pose_mean,4.862740993499756
57,1789020792.1034594,lr/attention.decay,0.0
57,1789020792.1034594,lr/attention.no_decay,0.0
57,1789020792.1034594,lr/backbone.decay,0.0
57,1789020792.1034594,lr/backbone.no_decay,0.0
57,1789020792.1034594,lr/detect_head.decay,4.2548596112311016e-05
57,1789020792.1034594,lr/detect_head.no_decay,4.2548596112311016e-05
57,1789020792.1034594,lr/masf.decay,2.127429805615551e-06
57,1789020792.1034594,lr/masf.no_decay,2.127429805615551e-06
57,1789020792.1034594,lr/neck.decay,1.595572354211663e-05
57,1789020792.1034594,lr/neck.no_decay,1.595572354211663e-05
57,1789020792.1034594,lr/pose_head.decay,4.2548596112311016e-05
57,1789020792.1034594,lr/pose_head.no_decay,4.2548596112311016e-05
57,1789020792.1034594,pose/component_0,1.0535619258880615
57,1789020792.1034594,pose/component_1,0.08226504921913147
57,1789020792.1034594,pose/component_2,0.21584054827690125
57,1789020792.1034594,pose/component_3,0.5248340964317322
57,1789020792.1034594,pose/component_4,0.005449406802654266
57,1789020792.1034594,pose/component_5,2.653378486633301
58,1789020793.2548995,amp/overflow_retries,0.0
58,1789020793.2548995,amp/scale,128.0
58,1789020793.2548995,detect/component_0,1.1014626026153564
58,1789020793.2548995,detect/component_1,0.998587965965271
58,1789020793.2548995,detect/component_2,0.006853151135146618
58,1789020793.2548995,gradient/clipped_norm,2008.8427734375
58,1789020793.2548995,images/detect,256.0
58,1789020793.2548995,images/pose,16.0
58,1789020793.2548995,loss/backward,161.0769515991211
58,1789020793.2548995,loss/detect_mean,1.7544860541820526
58,1789020793.2548995,loss/joint_mean,2.516827368736267
58,1789020793.2548995,loss/pose_mean,5.566192626953125
58,1789020793.2548995,lr/attention.decay,0.0
58,1789020793.2548995,lr/attention.no_decay,0.0
58,1789020793.2548995,lr/backbone.decay,0.0
58,1789020793.2548995,lr/backbone.no_decay,0.0
58,1789020793.2548995,lr/detect_head.decay,4.293736501079914e-05
58,1789020793.2548995,lr/detect_head.no_decay,4.293736501079914e-05
58,1789020793.2548995,lr/masf.decay,2.146868250539957e-06
58,1789020793.2548995,lr/masf.no_decay,2.146868250539957e-06
58,1789020793.2548995,lr/neck.decay,1.6101511879049676e-05
58,1789020793.2548995,lr/neck.no_decay,1.6101511879049676e-05
58,1789020793.2548995,lr/pose_head.decay,4.293736501079914e-05
58,1789020793.2548995,lr/pose_head.no_decay,4.293736501079914e-05
58,1789020793.2548995,pose/component_0,1.3048142194747925
58,1789020793.2548995,pose/component_1,0.2118980586528778
58,1789020793.2548995,pose/component_2,0.04397307708859444
58,1789020793.2548995,pose/component_3,0.6896706223487854
58,1789020793.2548995,pose/component_4,0.005212427582591772
58,1789020793.2548995,pose/component_5,1.6352927684783936
59,1789020794.4103444,amp/overflow_retries,0.0
59,1789020794.4103444,amp/scale,128.0
59,1789020794.4103444,detect/component_0,1.115523099899292
59,1789020794.4103444,detect/component_1,0.9778159260749817
59,1789020794.4103444,detect/component_2,0.006745334714651108
59,1789020794.4103444,gradient/clipped_norm,2111.650146484375
59,1789020794.4103444,images/detect,256.0
59,1789020794.4103444,images/pose,16.0
59,1789020794.4103444,loss/backward,163.3245994567871
59,1789020794.4103444,loss/detect_mean,1.7556792944669724
59,1789020794.4103444,loss/joint_mean,2.5519468665122984
59,1789020794.4103444,loss/pose_mean,5.7370171546936035
59,1789020794.4103444,lr/attention.decay,0.0
59,1789020794.4103444,lr/attention.no_decay,0.0
59,1789020794.4103444,lr/backbone.decay,0.0
59,1789020794.4103444,lr/backbone.no_decay,0.0
59,1789020794.4103444,lr/detect_head.decay,4.332613390928726e-05
59,1789020794.4103444,lr/detect_head.no_decay,4.332613390928726e-05
59,1789020794.4103444,lr/masf.decay,2.166306695464363e-06
59,1789020794.4103444,lr/masf.no_decay,2.166306695464363e-06
59,1789020794.4103444,lr/neck.decay,1.624730021598272e-05
59,1789020794.4103444,lr/neck.no_decay,1.624730021598272e-05
59,1789020794.4103444,lr/pose_head.decay,4.332613390928726e-05
59,1789020794.4103444,lr/pose_head.no_decay,4.332613390928726e-05
59,1789020794.4103444,pose/component_0,1.3506650924682617
59,1789020794.4103444,pose/component_1,0.14125339686870575
59,1789020794.4103444,pose/component_2,0.03258560225367546
59,1789020794.4103444,pose/component_3,0.7594639658927917
59,1789020794.4103444,pose/component_4,0.00400478346273303
59,1789020794.4103444,pose/component_5,2.2083964347839355
60,1789020795.563552,amp/overflow_retries,0.0
60,1789020795.563552,amp/scale,128.0
60,1789020795.563552,detect/component_0,1.0324066877365112
60,1789020795.563552,detect/component_1,0.9882816076278687
60,1789020795.563552,detect/component_2,0.0063866255804896355
60,1789020795.563552,gradient/clipped_norm,2728.69580078125
60,1789020795.563552,images/detect,256.0
60,1789020795.563552,images/pose,16.0
60,1789020795.563552,loss/backward,176.24864044189454
60,1789020795.563552,loss/detect_mean,1.7196854650974274
60,1789020795.563552,loss/joint_mean,2.753885006904602
60,1789020795.563552,loss/pose_mean,6.890683174133301
60,1789020795.563552,lr/attention.decay,0.0
60,1789020795.563552,lr/attention.no_decay,0.0
60,1789020795.563552,lr/backbone.decay,0.0
60,1789020795.563552,lr/backbone.no_decay,0.0
60,1789020795.563552,lr/detect_head.decay,4.3714902807775385e-05
60,1789020795.563552,lr/detect_head.no_decay,4.3714902807775385e-05
60,1789020795.563552,lr/masf.decay,2.185745140388769e-06
60,1789020795.563552,lr/masf.no_decay,2.185745140388769e-06
60,1789020795.563552,lr/neck.decay,1.6393088552915767e-05
60,1789020795.563552,lr/neck.no_decay,1.6393088552915767e-05
60,1789020795.563552,lr/pose_head.decay,4.3714902807775385e-05
60,1789020795.563552,lr/pose_head.no_decay,4.3714902807775385e-05
60,1789020795.563552,pose/component_0,1.479939341545105
60,1789020795.563552,pose/component_1,0.13305816054344177
60,1789020795.563552,pose/component_2,0.0975276529788971
60,1789020795.563552,pose/component_3,0.8243853449821472
60,1789020795.563552,pose/component_4,0.00448275962844491
60,1789020795.563552,pose/component_5,2.962879180908203
61,1789020796.719792,amp/overflow_retries,0.0
61,1789020796.719792,amp/scale,128.0
61,1789020796.719792,detect/component_0,1.078142523765564
61,1789020796.719792,detect/component_1,0.9951711297035217
61,1789020796.719792,detect/component_2,0.006708689033985138
61,1789020796.719792,gradient/clipped_norm,2147.977294921875
61,1789020796.719792,images/detect,256.0
61,1789020796.719792,images/pose,16.0
61,1789020796.719792,loss/backward,162.62528381347656
61,1789020796.719792,loss/detect_mean,1.74620121717453
61,1789020796.719792,loss/joint_mean,2.541020059585571
61,1789020796.719792,loss/pose_mean,5.720295429229736
61,1789020796.719792,lr/attention.decay,0.0
61,1789020796.719792,lr/attention.no_decay,0.0
61,1789020796.719792,lr/backbone.decay,0.0
61,1789020796.719792,lr/backbone.no_decay,0.0
61,1789020796.719792,lr/detect_head.decay,4.410367170626351e-05
61,1789020796.719792,lr/detect_head.no_decay,4.410367170626351e-05
61,1789020796.719792,lr/masf.decay,2.2051835853131753e-06
61,1789020796.719792,lr/masf.no_decay,2.2051835853131753e-06
61,1789020796.719792,lr/neck.decay,1.6538876889848812e-05
61,1789020796.719792,lr/neck.no_decay,1.6538876889848812e-05
61,1789020796.719792,lr/pose_head.decay,4.410367170626351e-05
61,1789020796.719792,lr/pose_head.no_decay,4.410367170626351e-05
61,1789020796.719792,pose/component_0,1.4712326526641846
61,1789020796.719792,pose/component_1,0.228249192237854
61,1789020796.719792,pose/component_2,0.01318855956196785
61,1789020796.719792,pose/component_3,0.8806635737419128
61,1789020796.719792,pose/component_4,0.004248555283993483
61,1789020796.719792,pose/component_5,2.0219244956970215
62,1789020797.8867273,amp/overflow_retries,0.0
62,1789020797.8867273,amp/scale,128.0
62,1789020797.8867273,detect/component_0,1.0942444801330566
62,1789020797.8867273,detect/component_1,1.0039762258529663
62,1789020797.8867273,detect/component_2,0.00724320812150836
62,1789020797.8867273,gradient/clipped_norm,2041.7537841796875
62,1789020797.8867273,images/detect,256.0
62,1789020797.8867273,images/pose,16.0
62,1789020797.8867273,loss/backward,160.8266487121582
62,1789020797.8867273,loss/detect_mean,1.782985582947731
62,1789020797.8867273,loss/joint_mean,2.512916386127472
62,1789020797.8867273,loss/pose_mean,5.4326395988464355
62,1789020797.8867273,lr/attention.decay,0.0
62,1789020797.8867273,lr/attention.no_decay,0.0
62,1789020797.8867273,lr/backbone.decay,0.0
62,1789020797.8867273,lr/backbone.no_decay,0.0
62,1789020797.8867273,lr/detect_head.decay,4.4492440604751625e-05
62,1789020797.8867273,lr/detect_head.no_decay,4.4492440604751625e-05
62,1789020797.8867273,lr/masf.decay,2.2246220302375812e-06
62,1789020797.8867273,lr/masf.no_decay,2.2246220302375812e-06
62,1789020797.8867273,lr/neck.decay,1.6684665226781858e-05
62,1789020797.8867273,lr/neck.no_decay,1.6684665226781858e-05
62,1789020797.8867273,lr/pose_head.decay,4.4492440604751625e-05
62,1789020797.8867273,lr/pose_head.no_decay,4.4492440604751625e-05
62,1789020797.8867273,pose/component_0,1.2598415613174438
62,1789020797.8867273,pose/component_1,0.15806417167186737
62,1789020797.8867273,pose/component_2,0.16533832252025604
62,1789020797.8867273,pose/component_3,1.0252304077148438
62,1789020797.8867273,pose/component_4,0.007331179920583963
62,1789020797.8867273,pose/component_5,2.4306323528289795
63,1789020800.167729,amp/overflow_retries,1.0
63,1789020800.167729,amp/scale,64.0
63,1789020800.167729,detect/component_0,1.0609210729599
63,1789020800.167729,detect/component_1,0.9960329532623291
63,1789020800.167729,detect/component_2,0.006480493117123842
63,1789020800.167729,gradient/clipped_norm,4067.32373046875
63,1789020800.167729,images/detect,256.0
63,1789020800.167729,images/pose,16.0
63,1789020800.167729,loss/backward,156.4919647216797
63,1789020800.167729,loss/detect_mean,1.7377594113349915
63,1789020800.167729,loss/joint_mean,2.445186948776245
63,1789020800.167729,loss/pose_mean,5.27489709854126
63,1789020800.167729,lr/attention.decay,0.0
63,1789020800.167729,lr/attention.no_decay,0.0
63,1789020800.167729,lr/backbone.decay,0.0
63,1789020800.167729,lr/backbone.no_decay,0.0
63,1789020800.167729,lr/detect_head.decay,4.488120950323975e-05
63,1789020800.167729,lr/detect_head.no_decay,4.488120950323975e-05
63,1789020800.167729,lr/masf.decay,2.2440604751619876e-06
63,1789020800.167729,lr/masf.no_decay,2.2440604751619876e-06
63,1789020800.167729,lr/neck.decay,1.6830453563714903e-05
63,1789020800.167729,lr/neck.no_decay,1.6830453563714903e-05
63,1789020800.167729,lr/pose_head.decay,4.488120950323975e-05
63,1789020800.167729,lr/pose_head.no_decay,4.488120950323975e-05
63,1789020800.167729,pose/component_0,1.0890930891036987
63,1789020800.167729,pose/component_1,0.03498918190598488
63,1789020800.167729,pose/component_2,0.033347636461257935
63,1789020800.167729,pose/component_3,0.7647144198417664
63,1789020800.167729,pose/component_4,0.004182801581919193
63,1789020800.167729,pose/component_5,1.455091953277588
64,1789020801.3370304,amp/overflow_retries,0.0
64,1789020801.3370304,amp/scale,64.0
64,1789020801.3370304,detect/component_0,1.081084966659546
64,1789020801.3370304,detect/component_1,0.997742772102356
64,1789020801.3370304,detect/component_2,0.006808415055274963
64,1789020801.3370304,gradient/clipped_norm,4092.465087890625
64,1789020801.3370304,images/detect,256.0
64,1789020801.3370304,images/pose,16.0
64,1789020801.3370304,loss/backward,203.26282424926757
64,1789020801.3370304,loss/detect_mean,1.7624031454324722
64,1789020801.3370304,loss/joint_mean,3.1759816288948057
64,1789020801.3370304,loss/pose_mean,8.83029556274414
64,1789020801.3370304,lr/attention.decay,0.0
64,1789020801.3370304,lr/attention.no_decay,0.0
64,1789020801.3370304,lr/backbone.decay,0.0
64,1789020801.3370304,lr/backbone.no_decay,0.0
64,1789020801.3370304,lr/detect_head.decay,4.5269978401727864e-05
64,1789020801.3370304,lr/detect_head.no_decay,4.5269978401727864e-05
64,1789020801.3370304,lr/masf.decay,2.2634989200863935e-06
64,1789020801.3370304,lr/masf.no_decay,2.2634989200863935e-06
64,1789020801.3370304,lr/neck.decay,1.6976241900647948e-05
64,1789020801.3370304,lr/neck.no_decay,1.6976241900647948e-05
64,1789020801.3370304,lr/pose_head.decay,4.5269978401727864e-05
64,1789020801.3370304,lr/pose_head.no_decay,4.5269978401727864e-05
64,1789020801.3370304,pose/component_0,1.1159396171569824
64,1789020801.3370304,pose/component_1,0.42124348878860474
64,1789020801.3370304,pose/component_2,0.19037242233753204
64,1789020801.3370304,pose/component_3,1.1120270490646362
64,1789020801.3370304,pose/component_4,0.005309266969561577
64,1789020801.3370304,pose/component_5,6.152219772338867
65,1789020802.50304,amp/overflow_retries,0.0
65,1789020802.50304,amp/scale,64.0
65,1789020802.50304,detect/component_0,1.0692602396011353
65,1789020802.50304,detect/component_1,0.9778217077255249
65,1789020802.50304,detect/component_2,0.006879269611090422
65,1789020802.50304,gradient/clipped_norm,2326.798583984375
65,1789020802.50304,images/detect,256.0
65,1789020802.50304,images/pose,16.0
65,1789020802.50304,loss/backward,160.29790267944335
65,1789020802.50304,loss/detect_mean,1.752193495631218
65,1789020802.50304,loss/joint_mean,2.5046547293663024
65,1789020802.50304,loss/pose_mean,5.514499664306641
65,1789020802.50304,lr/attention.decay,0.0
65,1789020802.50304,lr/attention.no_decay,0.0
65,1789020802.50304,lr/backbone.decay,0.0
65,1789020802.50304,lr/backbone.no_decay,0.0
65,1789020802.50304,lr/detect_head.decay,4.565874730021599e-05
65,1789020802.50304,lr/detect_head.no_decay,4.565874730021599e-05
65,1789020802.50304,lr/masf.decay,2.2829373650107994e-06
65,1789020802.50304,lr/masf.no_decay,2.2829373650107994e-06
65,1789020802.50304,lr/neck.decay,1.7122030237580993e-05
65,1789020802.50304,lr/neck.no_decay,1.7122030237580993e-05
65,1789020802.50304,lr/pose_head.decay,4.565874730021599e-05
65,1789020802.50304,lr/pose_head.no_decay,4.565874730021599e-05
65,1789020802.50304,pose/component_0,1.1643072366714478
65,1789020802.50304,pose/component_1,0.2576534152030945
65,1789020802.50304,pose/component_2,0.1083875298500061
65,1789020802.50304,pose/component_3,0.8654924631118774
65,1789020802.50304,pose/component_4,0.003875046968460083
65,1789020802.50304,pose/component_5,2.891193389892578
66,1789020803.6739182,amp/overflow_retries,0.0
66,1789020803.6739182,amp/scale,64.0
66,1789020803.6739182,detect/component_0,1.077915072441101
66,1789020803.6739182,detect/component_1,1.0117121934890747
66,1789020803.6739182,detect/component_2,0.006747829727828503
66,1789020803.6739182,gradient/clipped_norm,2375.083740234375
66,1789020803.6739182,images/detect,256.0
66,1789020803.6739182,images/pose,16.0
66,1789020803.6739182,loss/backward,164.4438102722168
66,1789020803.6739182,loss/detect_mean,1.7494412511587143
66,1789020803.6739182,loss/joint_mean,2.5694345355033876
66,1789020803.6739182,loss/pose_mean,5.84940767288208
66,1789020803.6739182,lr/attention.decay,0.0
66,1789020803.6739182,lr/attention.no_decay,0.0
66,1789020803.6739182,lr/backbone.decay,0.0
66,1789020803.6739182,lr/backbone.no_decay,0.0
66,1789020803.6739182,lr/detect_head.decay,4.6047516198704103e-05
66,1789020803.6739182,lr/detect_head.no_decay,4.6047516198704103e-05
66,1789020803.6739182,lr/masf.decay,2.3023758099352053e-06
66,1789020803.6739182,lr/masf.no_decay,2.3023758099352053e-06
66,1789020803.6739182,lr/neck.decay,1.7267818574514035e-05
66,1789020803.6739182,lr/neck.no_decay,1.7267818574514035e-05
66,1789020803.6739182,lr/pose_head.decay,4.6047516198704103e-05
66,1789020803.6739182,lr/pose_head.no_decay,4.6047516198704103e-05
66,1789020803.6739182,pose/component_0,1.384751319885254
66,1789020803.6739182,pose/component_1,0.15873631834983826
66,1789020803.6739182,pose/component_2,0.046603310853242874
66,1789020803.6739182,pose/component_3,0.8789496421813965
66,1789020803.6739182,pose/component_4,0.004291816148906946
66,1789020803.6739182,pose/component_5,1.9559226036071777
67,1789020804.8295658,amp/overflow_retries,0.0
67,1789020804.8295658,amp/scale,64.0
67,1789020804.8295658,detect/component_0,1.0904457569122314
67,1789020804.8295658,detect/component_1,0.9747540354728699
67,1789020804.8295658,detect/component_2,0.007345619611442089
67,1789020804.8295658,gradient/clipped_norm,2072.9619140625
67,1789020804.8295658,images/detect,256.0
67,1789020804.8295658,images/pose,16.0
67,1789020804.8295658,loss/backward,170.12815628051757
67,1789020804.8295658,loss/detect_mean,1.774783506989479
67,1789020804.8295658,loss/joint_mean,2.658252441883087
67,1789020804.8295658,loss/pose_mean,6.1921281814575195
67,1789020804.8295658,lr/attention.decay,0.0
67,1789020804.8295658,lr/attention.no_decay,0.0
67,1789020804.8295658,lr/backbone.decay,0.0
67,1789020804.8295658,lr/backbone.no_decay,0.0
67,1789020804.8295658,lr/detect_head.decay,4.6436285097192227e-05
67,1789020804.8295658,lr/detect_head.no_decay,4.6436285097192227e-05
67,1789020804.8295658,lr/masf.decay,2.3218142548596116e-06
67,1789020804.8295658,lr/masf.no_decay,2.3218142548596116e-06
67,1789020804.8295658,lr/neck.decay,1.7413606911447084e-05
67,1789020804.8295658,lr/neck.no_decay,1.7413606911447084e-05
67,1789020804.8295658,lr/pose_head.decay,4.6436285097192227e-05
67,1789020804.8295658,lr/pose_head.no_decay,4.6436285097192227e-05
67,1789020804.8295658,pose/component_0,1.1372694969177246
67,1789020804.8295658,pose/component_1,0.0373624749481678
67,1789020804.8295658,pose/component_2,0.10704194754362106
67,1789020804.8295658,pose/component_3,0.8741015195846558
67,1789020804.8295658,pose/component_4,0.004322354681789875
67,1789020804.8295658,pose/component_5,1.0862849950790405
68,1789020806.0121183,amp/overflow_retries,0.0
68,1789020806.0121183,amp/scale,64.0
68,1789020806.0121183,detect/component_0,1.154297113418579
68,1789020806.0121183,detect/component_1,1.0802088975906372
68,1789020806.0121183,detect/component_2,0.007154390215873718
68,1789020806.0121183,gradient/clipped_norm,1978.785888671875
68,1789020806.0121183,images/detect,256.0
68,1789020806.0121183,images/pose,16.0
68,1789020806.0121183,loss/backward,146.05905303955078
68,1789020806.0121183,loss/detect_mean,1.8259735405445099
68,1789020806.0121183,loss/joint_mean,2.282172703742981
68,1789020806.0121183,loss/pose_mean,4.106969356536865
68,1789020806.0121183,lr/attention.decay,0.0
68,1789020806.0121183,lr/attention.no_decay,0.0
68,1789020806.0121183,lr/backbone.decay,0.0
68,1789020806.0121183,lr/backbone.no_decay,0.0
68,1789020806.0121183,lr/detect_head.decay,4.682505399568034e-05
68,1789020806.0121183,lr/detect_head.no_decay,4.682505399568034e-05
68,1789020806.0121183,lr/masf.decay,2.3412526997840175e-06
68,1789020806.0121183,lr/masf.no_decay,2.3412526997840175e-06
68,1789020806.0121183,lr/neck.decay,1.7559395248380126e-05
68,1789020806.0121183,lr/neck.no_decay,1.7559395248380126e-05
68,1789020806.0121183,lr/pose_head.decay,4.682505399568034e-05
68,1789020806.0121183,lr/pose_head.no_decay,4.682505399568034e-05
68,1789020806.0121183,pose/component_0,0.9743305444717407
68,1789020806.0121183,pose/component_1,0.02826569229364395
68,1789020806.0121183,pose/component_2,0.047832705080509186
68,1789020806.0121183,pose/component_3,0.5083901286125183
68,1789020806.0121183,pose/component_4,0.0037640773225575686
68,1789020806.0121183,pose/component_5,0.863987922668457
69,1789020807.1604586,amp/overflow_retries,0.0
69,1789020807.1604586,amp/scale,64.0
69,1789020807.1604586,detect/component_0,1.0815871953964233
69,1789020807.1604586,detect/component_1,0.9568148851394653
69,1789020807.1604586,detect/component_2,0.006067323964089155
69,1789020807.1604586,gradient/clipped_norm,2983.59130859375
69,1789020807.1604586,images/detect,256.0
69,1789020807.1604586,images/pose,16.0
69,1789020807.1604586,loss/backward,164.88482894897462
69,1789020807.1604586,loss/detect_mean,1.71343033015728
69,1789020807.1604586,loss/joint_mean,2.5763254523277284
69,1789020807.1604586,loss/pose_mean,6.0279059410095215
69,1789020807.1604586,lr/attention.decay,0.0
69,1789020807.1604586,lr/attention.no_decay,0.0
69,1789020807.1604586,lr/backbone.decay,0.0
69,1789020807.1604586,lr/backbone.no_decay,0.0
69,1789020807.1604586,lr/detect_head.decay,4.7213822894168466e-05
69,1789020807.1604586,lr/detect_head.no_decay,4.7213822894168466e-05
69,1789020807.1604586,lr/masf.decay,2.3606911447084234e-06
69,1789020807.1604586,lr/masf.no_decay,2.3606911447084234e-06
69,1789020807.1604586,lr/neck.decay,1.7705183585313175e-05
69,1789020807.1604586,lr/neck.no_decay,1.7705183585313175e-05
69,1789020807.1604586,lr/pose_head.decay,4.7213822894168466e-05
69,1789020807.1604586,lr/pose_head.no_decay,4.7213822894168466e-05
69,1789020807.1604586,pose/component_0,1.2296894788742065
69,1789020807.1604586,pose/component_1,0.6342934370040894
69,1789020807.1604586,pose/component_2,0.2679324746131897
69,1789020807.1604586,pose/component_3,0.7418851852416992
69,1789020807.1604586,pose/component_4,0.006837216205894947
69,1789020807.1604586,pose/component_5,2.351832628250122
70,1789020808.312423,amp/overflow_retries,0.0
70,1789020808.312423,amp/scale,64.0
70,1789020808.312423,detect/component_0,1.090162754058838
70,1789020808.312423,detect/component_1,0.9961026906967163
70,1789020808.312423,detect/component_2,0.0059899939224123955
70,1789020808.312423,gradient/clipped_norm,1413.5062255859375
70,1789020808.312423,images/detect,256.0
70,1789020808.312423,images/pose,16.0
70,1789020808.312423,loss/backward,141.08606567382813
70,1789020808.312423,loss/detect_mean,1.7484849691390991
70,1789020808.312423,loss/joint_mean,2.2044697761535645
70,1789020808.312423,loss/pose_mean,4.028409004211426
70,1789020808.312423,lr/attention.decay,0.0
70,1789020808.312423,lr/attention.no_decay,0.0
70,1789020808.312423,lr/backbone.decay,0.0
70,1789020808.312423,lr/backbone.no_decay,0.0
70,1789020808.312423,lr/detect_head.decay,4.760259179265659e-05
70,1789020808.312423,lr/detect_head.no_decay,4.760259179265659e-05
70,1789020808.312423,lr/masf.decay,2.3801295896328293e-06
70,1789020808.312423,lr/masf.no_decay,2.3801295896328293e-06
70,1789020808.312423,lr/neck.decay,1.7850971922246217e-05
70,1789020808.312423,lr/neck.no_decay,1.7850971922246217e-05
70,1789020808.312423,lr/pose_head.decay,4.760259179265659e-05
70,1789020808.312423,lr/pose_head.no_decay,4.760259179265659e-05
70,1789020808.312423,pose/component_0,1.2150425910949707
70,1789020808.312423,pose/component_1,0.04257167875766754
70,1789020808.312423,pose/component_2,0.013177162036299706
70,1789020808.312423,pose/component_3,0.7430813312530518
70,1789020808.312423,pose/component_4,0.0032464710529893637
70,1789020808.312423,pose/component_5,0.9281035661697388
71,1789020809.4730036,amp/overflow_retries,0.0
71,1789020809.4730036,amp/scale,64.0
71,1789020809.4730036,detect/component_0,1.0753992795944214
71,1789020809.4730036,detect/component_1,0.9633051156997681
71,1789020809.4730036,detect/component_2,0.006913760676980019
71,1789020809.4730036,gradient/clipped_norm,2196.2099609375
71,1789020809.4730036,images/detect,256.0
71,1789020809.4730036,images/pose,16.0
71,1789020809.4730036,loss/backward,140.0337760925293
71,1789020809.4730036,loss/detect_mean,1.7285584062337875
71,1789020809.4730036,loss/joint_mean,2.1880277514457704
71,1789020809.4730036,loss/pose_mean,4.025905132293701
71,1789020809.4730036,lr/attention.decay,0.0
71,1789020809.4730036,lr/attention.no_decay,0.0
71,1789020809.4730036,lr/backbone.decay,0.0
71,1789020809.4730036,lr/backbone.no_decay,0.0
71,1789020809.4730036,lr/detect_head.decay,4.799136069114471e-05
71,1789020809.4730036,lr/detect_head.no_decay,4.799136069114471e-05
71,1789020809.4730036,lr/masf.decay,2.3995680345572356e-06
71,1789020809.4730036,lr/masf.no_decay,2.3995680345572356e-06
71,1789020809.4730036,lr/neck.decay,1.7996760259179265e-05
71,1789020809.4730036,lr/neck.no_decay,1.7996760259179265e-05
71,1789020809.4730036,lr/pose_head.decay,4.799136069114471e-05
71,1789020809.4730036,lr/pose_head.no_decay,4.799136069114471e-05
71,1789020809.4730036,pose/component_0,1.1426887512207031
71,1789020809.4730036,pose/component_1,0.038084764033555984
71,1789020809.4730036,pose/component_2,0.009672757238149643
71,1789020809.4730036,pose/component_3,0.4686923325061798
71,1789020809.4730036,pose/component_4,0.007091406732797623
71,1789020809.4730036,pose/component_5,0.018735960125923157
72,1789020810.6223722,amp/overflow_retries,0.0
72,1789020810.6223722,amp/scale,64.0
72,1789020810.6223722,detect/component_0,1.051885724067688
72,1789020810.6223722,detect/component_1,0.9722956418991089
72,1789020810.6223722,detect/component_2,0.006713169626891613
72,1789020810.6223722,gradient/clipped_norm,1748.3350830078125
72,1789020810.6223722,images/detect,256.0
72,1789020810.6223722,images/pose,16.0
72,1789020810.6223722,loss/backward,165.40975341796874
72,1789020810.6223722,loss/detect_mean,1.715656042098999
72,1789020810.6223722,loss/joint_mean,2.5845273971557616
72,1789020810.6223722,loss/pose_mean,6.0600128173828125
72,1789020810.6223722,lr/attention.decay,0.0
72,1789020810.6223722,lr/attention.no_decay,0.0
72,1789020810.6223722,lr/backbone.decay,0.0
72,1789020810.6223722,lr/backbone.no_decay,0.0
72,1789020810.6223722,lr/detect_head.decay,4.8380129589632835e-05
72,1789020810.6223722,lr/detect_head.no_decay,4.8380129589632835e-05
72,1789020810.6223722,lr/masf.decay,2.419006479481642e-06
72,1789020810.6223722,lr/masf.no_decay,2.419006479481642e-06
72,1789020810.6223722,lr/neck.decay,1.814254859611231e-05
72,1789020810.6223722,lr/neck.no_decay,1.814254859611231e-05
72,1789020810.6223722,lr/pose_head.decay,4.8380129589632835e-05
72,1789020810.6223722,lr/pose_head.no_decay,4.8380129589632835e-05
72,1789020810.6223722,pose/component_0,1.273913860321045
72,1789020810.6223722,pose/component_1,0.16790281236171722
72,1789020810.6223722,pose/component_2,0.039727866649627686
72,1789020810.6223722,pose/component_3,0.8049555420875549
72,1789020810.6223722,pose/component_4,0.004753842484205961
72,1789020810.6223722,pose/component_5,2.9654810428619385
73,1789020811.7789357,amp/overflow_retries,0.0
73,1789020811.7789357,amp/scale,64.0
73,1789020811.7789357,detect/component_0,1.0509945154190063
73,1789020811.7789357,detect/component_1,1.0151268243789673
73,1789020811.7789357,detect/component_2,0.006609163247048855
73,1789020811.7789357,gradient/clipped_norm,2689.107177734375
73,1789020811.7789357,images/detect,256.0
73,1789020811.7789357,images/pose,16.0
73,1789020811.7789357,loss/backward,152.54998703002929
73,1789020811.7789357,loss/detect_mean,1.7466664165258408
73,1789020811.7789357,loss/joint_mean,2.3835935473442076
73,1789020811.7789357,loss/pose_mean,4.931302070617676
73,1789020811.7789357,lr/attention.decay,0.0
73,1789020811.7789357,lr/attention.no_decay,0.0
73,1789020811.7789357,lr/backbone.decay,0.0
73,1789020811.7789357,lr/backbone.no_decay,0.0
73,1789020811.7789357,lr/detect_head.decay,4.876889848812096e-05
73,1789020811.7789357,lr/detect_head.no_decay,4.876889848812096e-05
73,1789020811.7789357,lr/masf.decay,2.438444924406048e-06
73,1789020811.7789357,lr/masf.no_decay,2.438444924406048e-06
73,1789020811.7789357,lr/neck.decay,1.8288336933045356e-05
73,1789020811.7789357,lr/neck.no_decay,1.8288336933045356e-05
73,1789020811.7789357,lr/pose_head.decay,4.876889848812096e-05
73,1789020811.7789357,lr/pose_head.no_decay,4.876889848812096e-05
73,1789020811.7789357,pose/component_0,1.0328154563903809
73,1789020811.7789357,pose/component_1,0.12233016639947891
73,1789020811.7789357,pose/component_2,0.1212923526763916
73,1789020811.7789357,pose/component_3,0.7890176177024841
73,1789020811.7789357,pose/component_4,0.003669718047603965
73,1789020811.7789357,pose/component_5,2.093562602996826
74,1789020812.9369912,amp/overflow_retries,0.0
74,1789020812.9369912,amp/scale,64.0
74,1789020812.9369912,detect/component_0,1.063693881034851
74,1789020812.9369912,detect/component_1,1.036251425743103
74,1789020812.9369912,detect/component_2,0.006643809378147125
74,1789020812.9369912,gradient/clipped_norm,3108.88720703125
74,1789020812.9369912,images/detect,256.0
74,1789020812.9369912,images/pose,16.0
74,1789020812.9369912,loss/backward,163.37664794921875
74,1789020812.9369912,loss/detect_mean,1.7634762525558472
74,1789020812.9369912,loss/joint_mean,2.552760124206543
74,1789020812.9369912,loss/pose_mean,5.709895610809326
74,1789020812.9369912,lr/attention.decay,0.0
74,1789020812.9369912,lr/attention.no_decay,0.0
74,1789020812.9369912,lr/backbone.decay,0.0
74,1789020812.9369912,lr/backbone.no_decay,0.0
74,1789020812.9369912,lr/detect_head.decay,4.915766738660908e-05
74,1789020812.9369912,lr/detect_head.no_decay,4.915766738660908e-05
74,1789020812.9369912,lr/masf.decay,2.457883369330454e-06
74,1789020812.9369912,lr/masf.no_decay,2.457883369330454e-06
74,1789020812.9369912,lr/neck.decay,1.84341252699784e-05
74,1789020812.9369912,lr/neck.no_decay,1.84341252699784e-05
74,1789020812.9369912,lr/pose_head.decay,4.915766738660908e-05
74,1789020812.9369912,lr/pose_head.no_decay,4.915766738660908e-05
74,1789020812.9369912,pose/component_0,1.2192105054855347
74,1789020812.9369912,pose/component_1,0.11315657198429108
74,1789020812.9369912,pose/component_2,0.03007863275706768
74,1789020812.9369912,pose/component_3,0.7906249165534973
74,1789020812.9369912,pose/component_4,0.004399307072162628
74,1789020812.9369912,pose/component_5,2.111827850341797
75,1789020814.1027253,amp/overflow_retries,0.0
75,1789020814.1027253,amp/scale,64.0
75,1789020814.1027253,detect/component_0,1.1013405323028564
75,1789020814.1027253,detect/component_1,0.9955205321311951
75,1789020814.1027253,detect/component_2,0.006951769348233938
75,1789020814.1027253,gradient/clipped_norm,4397.91064453125
75,1789020814.1027253,images/detect,256.0
75,1789020814.1027253,images/pose,16.0
75,1789020814.1027253,loss/backward,166.2921058654785
75,1789020814.1027253,loss/detect_mean,1.7767519503831863
75,1789020814.1027253,loss/joint_mean,2.5983141541481016
75,1789020814.1027253,loss/pose_mean,5.884562969207764
75,1789020814.1027253,lr/attention.decay,0.0
75,1789020814.1027253,lr/attention.no_decay,0.0
75,1789020814.1027253,lr/backbone.decay,0.0
75,1789020814.1027253,lr/backbone.no_decay,0.0
75,1789020814.1027253,lr/detect_head.decay,4.95464362850972e-05
75,1789020814.1027253,lr/detect_head.no_decay,4.95464362850972e-05
75,1789020814.1027253,lr/masf.decay,2.47732181425486e-06
75,1789020814.1027253,lr/masf.no_decay,2.47732181425486e-06
75,1789020814.1027253,lr/neck.decay,1.8579913606911447e-05
75,1789020814.1027253,lr/neck.no_decay,1.8579913606911447e-05
75,1789020814.1027253,lr/pose_head.decay,4.95464362850972e-05
75,1789020814.1027253,lr/pose_head.no_decay,4.95464362850972e-05
75,1789020814.1027253,pose/component_0,1.0492775440216064
75,1789020814.1027253,pose/component_1,0.18517455458641052
75,1789020814.1027253,pose/component_2,0.030785830691456795
75,1789020814.1027253,pose/component_3,0.9177693724632263
75,1789020814.1027253,pose/component_4,0.00332205044105649
75,1789020814.1027253,pose/component_5,3.2754905223846436
76,1789020815.256883,amp/overflow_retries,0.0
76,1789020815.256883,amp/scale,64.0
76,1789020815.256883,detect/component_0,1.0527739524841309
76,1789020815.256883,detect/component_1,1.0497578382492065
76,1789020815.256883,detect/component_2,0.006609105505049229
76,1789020815.256883,gradient/clipped_norm,1621.5718994140625
76,1789020815.256883,images/detect,256.0
76,1789020815.256883,images/pose,16.0
76,1789020815.256883,loss/backward,153.35775299072264
76,1789020815.256883,loss/detect_mean,1.8099363148212433
76,1789020815.256883,loss/joint_mean,2.3962148904800413
76,1789020815.256883,loss/pose_mean,4.741329193115234
76,1789020815.256883,lr/attention.decay,0.0
76,1789020815.256883,lr/attention.no_decay,0.0
76,1789020815.256883,lr/backbone.decay,0.0
76,1789020815.256883,lr/backbone.no_decay,0.0
76,1789020815.256883,lr/detect_head.decay,4.993520518358532e-05
76,1789020815.256883,lr/detect_head.no_decay,4.993520518358532e-05
76,1789020815.256883,lr/masf.decay,2.496760259179266e-06
76,1789020815.256883,lr/masf.no_decay,2.496760259179266e-06
76,1789020815.256883,lr/neck.decay,1.8725701943844492e-05
76,1789020815.256883,lr/neck.no_decay,1.8725701943844492e-05
76,1789020815.256883,lr/pose_head.decay,4.993520518358532e-05
76,1789020815.256883,lr/pose_head.no_decay,4.993520518358532e-05
76,1789020815.256883,pose/component_0,1.1823111772537231
76,1789020815.256883,pose/component_1,0.06477194279432297
76,1789020815.256883,pose/component_2,0.023704055696725845
76,1789020815.256883,pose/component_3,0.790615439414978
76,1789020815.256883,pose/component_4,0.003285407554358244
76,1789020815.256883,pose/component_5,1.606380820274353
77,1789020816.4355824,amp/overflow_retries,0.0
77,1789020816.4355824,amp/scale,64.0
77,1789020816.4355824,detect/component_0,1.0927858352661133
77,1789020816.4355824,detect/component_1,1.03009033203125
77,1789020816.4355824,detect/component_2,0.007157587446272373
77,1789020816.4355824,gradient/clipped_norm,4060.669677734375
77,1789020816.4355824,images/detect,256.0
77,1789020816.4355824,images/pose,16.0
77,1789020816.4355824,loss/backward,195.42137985229493
77,1789020816.4355824,loss/detect_mean,1.7803886979818344
77,1789020816.4355824,loss/joint_mean,3.0534590601921083
77,1789020816.4355824,loss/pose_mean,8.145740509033203
77,1789020816.4355824,lr/attention.decay,0.0
77,1789020816.4355824,lr/attention.no_decay,0.0
77,1789020816.4355824,lr/backbone.decay,0.0
77,1789020816.4355824,lr/backbone.no_decay,0.0
77,1789020816.4355824,lr/detect_head.decay,5.032397408207343e-05
77,1789020816.4355824,lr/detect_head.no_decay,5.032397408207343e-05
77,1789020816.4355824,lr/masf.decay,2.516198704103672e-06
77,1789020816.4355824,lr/masf.no_decay,2.516198704103672e-06
77,1789020816.4355824,lr/neck.decay,1.8871490280777534e-05
77,1789020816.4355824,lr/neck.no_decay,1.8871490280777534e-05
77,1789020816.4355824,lr/pose_head.decay,5.032397408207343e-05
77,1789020816.4355824,lr/pose_head.no_decay,5.032397408207343e-05
77,1789020816.4355824,pose/component_0,1.1822870969772339
77,1789020816.4355824,pose/component_1,0.21188601851463318
77,1789020816.4355824,pose/component_2,0.0579499825835228
77,1789020816.4355824,pose/component_3,0.7630462050437927
77,1789020816.4355824,pose/component_4,0.004066141322255135
77,1789020816.4355824,pose/component_5,5.009891986846924
78,1789020817.5926275,amp/overflow_retries,0.0
78,1789020817.5926275,amp/scale,64.0
78,1789020817.5926275,detect/component_0,1.041338562965393
78,1789020817.5926275,detect/component_1,0.9782979488372803
78,1789020817.5926275,detect/component_2,0.006954819429665804
78,1789020817.5926275,gradient/clipped_norm,2222.10693359375
78,1789020817.5926275,images/detect,256.0
78,1789020817.5926275,images/pose,16.0
78,1789020817.5926275,loss/backward,166.73250274658204
78,1789020817.5926275,loss/detect_mean,1.7338021099567413
78,1789020817.5926275,loss/joint_mean,2.6051953554153444
78,1789020817.5926275,loss/pose_mean,6.090768337249756
78,1789020817.5926275,lr/attention.decay,0.0
78,1789020817.5926275,lr/attention.no_decay,0.0
78,1789020817.5926275,lr/backbone.decay,0.0
78,1789020817.5926275,lr/backbone.no_decay,0.0
78,1789020817.5926275,lr/detect_head.decay,5.071274298056157e-05
78,1789020817.5926275,lr/detect_head.no_decay,5.071274298056157e-05
78,1789020817.5926275,lr/masf.decay,2.5356371490280786e-06
78,1789020817.5926275,lr/masf.no_decay,2.5356371490280786e-06
78,1789020817.5926275,lr/neck.decay,1.9017278617710586e-05
78,1789020817.5926275,lr/neck.no_decay,1.9017278617710586e-05
78,1789020817.5926275,lr/pose_head.decay,5.071274298056157e-05
78,1789020817.5926275,lr/pose_head.no_decay,5.071274298056157e-05
78,1789020817.5926275,pose/component_0,1.3131370544433594
78,1789020817.5926275,pose/component_1,0.18189261853694916
78,1789020817.5926275,pose/component_2,0.1726362407207489
78,1789020817.5926275,pose/component_3,0.7341755628585815
78,1789020817.5926275,pose/component_4,0.005697455257177353
78,1789020817.5926275,pose/component_5,3.276097536087036
79,1789020818.7687423,amp/overflow_retries,0.0
79,1789020818.7687423,amp/scale,64.0
79,1789020818.7687423,detect/component_0,1.066990613937378
79,1789020818.7687423,detect/component_1,0.9956967234611511
79,1789020818.7687423,detect/component_2,0.006235845386981964
79,1789020818.7687423,gradient/clipped_norm,1947.2633056640625
79,1789020818.7687423,images/detect,256.0
79,1789020818.7687423,images/pose,16.0
79,1789020818.7687423,loss/backward,165.64791564941407
79,1789020818.7687423,loss/detect_mean,1.7259531617164612
79,1789020818.7687423,loss/joint_mean,2.588248682022095
79,1789020818.7687423,loss/pose_mean,6.037430763244629
79,1789020818.7687423,lr/attention.decay,0.0
79,1789020818.7687423,lr/attention.no_decay,0.0
79,1789020818.7687423,lr/backbone.decay,0.0
79,1789020818.7687423,lr/backbone.no_decay,0.0
79,1789020818.7687423,lr/detect_head.decay,5.1101511879049677e-05
79,1789020818.7687423,lr/detect_head.no_decay,5.1101511879049677e-05
79,1789020818.7687423,lr/masf.decay,2.555075593952484e-06
79,1789020818.7687423,lr/masf.no_decay,2.555075593952484e-06
79,1789020818.7687423,lr/neck.decay,1.9163066954643628e-05
79,1789020818.7687423,lr/neck.no_decay,1.9163066954643628e-05
79,1789020818.7687423,lr/pose_head.decay,5.1101511879049677e-05
79,1789020818.7687423,lr/pose_head.no_decay,5.1101511879049677e-05
79,1789020818.7687423,pose/component_0,1.1564102172851562
79,1789020818.7687423,pose/component_1,0.1365344375371933
79,1789020818.7687423,pose/component_2,0.028817100450396538
79,1789020818.7687423,pose/component_3,0.8944995403289795
79,1789020818.7687423,pose/component_4,0.006045226007699966
79,1789020818.7687423,pose/component_5,2.1770057678222656
80,1789020819.9226692,amp/overflow_retries,0.0
80,1789020819.9226692,amp/scale,64.0
80,1789020819.9226692,detect/component_0,1.0685980319976807
80,1789020819.9226692,detect/component_1,0.9721994996070862
80,1789020819.9226692,detect/component_2,0.006799698807299137
80,1789020819.9226692,gradient/clipped_norm,2049.115966796875
80,1789020819.9226692,images/detect,256.0
80,1789020819.9226692,images/pose,16.0
80,1789020819.9226692,loss/backward,163.71559448242186
80,1789020819.9226692,loss/detect_mean,1.7134321928024292
80,1789020819.9226692,loss/joint_mean,2.5580561637878416
80,1789020819.9226692,loss/pose_mean,5.936552047729492
80,1789020819.9226692,lr/attention.decay,0.0
80,1789020819.9226692,lr/attention.no_decay,0.0
80,1789020819.9226692,lr/backbone.decay,0.0
80,1789020819.9226692,lr/backbone.no_decay,0.0
80,1789020819.9226692,lr/detect_head.decay,5.14902807775378e-05
80,1789020819.9226692,lr/detect_head.no_decay,5.14902807775378e-05
80,1789020819.9226692,lr/masf.decay,2.5745140388768904e-06
80,1789020819.9226692,lr/masf.no_decay,2.5745140388768904e-06
80,1789020819.9226692,lr/neck.decay,1.9308855291576673e-05
80,1789020819.9226692,lr/neck.no_decay,1.9308855291576673e-05
80,1789020819.9226692,lr/pose_head.decay,5.14902807775378e-05
80,1789020819.9226692,lr/pose_head.no_decay,5.14902807775378e-05
80,1789020819.9226692,pose/component_0,1.121718168258667
80,1789020819.9226692,pose/component_1,0.142800435423851
80,1789020819.9226692,pose/component_2,0.025366680696606636
80,1789020819.9226692,pose/component_3,0.6325950026512146
80,1789020819.9226692,pose/component_4,0.004308488219976425
80,1789020819.9226692,pose/component_5,2.800140380859375
81,1789020821.0933475,amp/overflow_retries,0.0
81,1789020821.0933475,amp/scale,64.0
81,1789020821.0933475,detect/component_0,1.0763216018676758
81,1789020821.0933475,detect/component_1,0.9971634149551392
81,1789020821.0933475,detect/component_2,0.006415020674467087
81,1789020821.0933475,gradient/clipped_norm,1500.9080810546875
81,1789020821.0933475,images/detect,256.0
81,1789020821.0933475,images/pose,16.0
81,1789020821.0933475,loss/backward,151.97954330444335
81,1789020821.0933475,loss/detect_mean,1.7371619194746017
81,1789020821.0933475,loss/joint_mean,2.3746803641319274
81,1789020821.0933475,loss/pose_mean,4.9247541427612305
81,1789020821.0933475,lr/attention.decay,0.0
81,1789020821.0933475,lr/attention.no_decay,0.0
81,1789020821.0933475,lr/backbone.decay,0.0
81,1789020821.0933475,lr/backbone.no_decay,0.0
81,1789020821.0933475,lr/detect_head.decay,5.187904967602592e-05
81,1789020821.0933475,lr/detect_head.no_decay,5.187904967602592e-05
81,1789020821.0933475,lr/masf.decay,2.5939524838012963e-06
81,1789020821.0933475,lr/masf.no_decay,2.5939524838012963e-06
81,1789020821.0933475,lr/neck.decay,1.945464362850972e-05
81,1789020821.0933475,lr/neck.no_decay,1.945464362850972e-05
81,1789020821.0933475,lr/pose_head.decay,5.187904967602592e-05
81,1789020821.0933475,lr/pose_head.no_decay,5.187904967602592e-05
81,1789020821.0933475,pose/component_0,1.0982354879379272
81,1789020821.0933475,pose/component_1,0.0698091983795166
81,1789020821.0933475,pose/component_2,0.08949954807758331
81,1789020821.0933475,pose/component_3,0.6275182962417603
81,1789020821.0933475,pose/component_4,0.005036278162151575
81,1789020821.0933475,pose/component_5,2.2247002124786377
82,1789020822.2459128,amp/overflow_retries,0.0
82,1789020822.2459128,amp/scale,64.0
82,1789020822.2459128,detect/component_0,1.034072756767273
82,1789020822.2459128,detect/component_1,1.0243878364562988
82,1789020822.2459128,detect/component_2,0.007044520694762468
82,1789020822.2459128,gradient/clipped_norm,2599.76220703125
82,1789020822.2459128,images/detect,256.0
82,1789020822.2459128,images/pose,16.0
82,1789020822.2459128,loss/backward,154.43239135742186
82,1789020822.2459128,loss/detect_mean,1.7718408107757568
82,1789020822.2459128,loss/joint_mean,2.4130061149597166
82,1789020822.2459128,loss/pose_mean,4.977667331695557
82,1789020822.2459128,lr/attention.decay,0.0
82,1789020822.2459128,lr/attention.no_decay,0.0
82,1789020822.2459128,lr/backbone.decay,0.0
82,1789020822.2459128,lr/backbone.no_decay,0.0
82,1789020822.2459128,lr/detect_head.decay,5.226781857451404e-05
82,1789020822.2459128,lr/detect_head.no_decay,5.226781857451404e-05
82,1789020822.2459128,lr/masf.decay,2.6133909287257018e-06
82,1789020822.2459128,lr/masf.no_decay,2.6133909287257018e-06
82,1789020822.2459128,lr/neck.decay,1.960043196544276e-05
82,1789020822.2459128,lr/neck.no_decay,1.960043196544276e-05
82,1789020822.2459128,lr/pose_head.decay,5.226781857451404e-05
82,1789020822.2459128,lr/pose_head.no_decay,5.226781857451404e-05
82,1789020822.2459128,pose/component_0,0.8612985610961914
82,1789020822.2459128,pose/component_1,0.06540735810995102
82,1789020822.2459128,pose/component_2,0.035868968814611435
82,1789020822.2459128,pose/component_3,0.6190345287322998
82,1789020822.2459128,pose/component_4,0.008207873441278934
82,1789020822.2459128,pose/component_5,2.778360605239868
83,1789020823.4034362,amp/overflow_retries,0.0
83,1789020823.4034362,amp/scale,64.0
83,1789020823.4034362,detect/component_0,1.0638914108276367
83,1789020823.4034362,detect/component_1,1.0163620710372925
83,1789020823.4034362,detect/component_2,0.007218857295811176
83,1789020823.4034362,gradient/clipped_norm,1824.9552001953125
83,1789020823.4034362,images/detect,256.0
83,1789020823.4034362,images/pose,16.0
83,1789020823.4034362,loss/backward,145.35894699096679
83,1789020823.4034362,loss/detect_mean,1.75767682492733
83,1789020823.4034362,loss/joint_mean,2.271233546733856
83,1789020823.4034362,loss/pose_mean,4.325460433959961
83,1789020823.4034362,lr/attention.decay,0.0
83,1789020823.4034362,lr/attention.no_decay,0.0
83,1789020823.4034362,lr/backbone.decay,0.0
83,1789020823.4034362,lr/backbone.no_decay,0.0
83,1789020823.4034362,lr/detect_head.decay,5.2656587473002176e-05
83,1789020823.4034362,lr/detect_head.no_decay,5.2656587473002176e-05
83,1789020823.4034362,lr/masf.decay,2.6328293736501085e-06
83,1789020823.4034362,lr/masf.no_decay,2.6328293736501085e-06
83,1789020823.4034362,lr/neck.decay,1.9746220302375813e-05
83,1789020823.4034362,lr/neck.no_decay,1.9746220302375813e-05
83,1789020823.4034362,lr/pose_head.decay,5.2656587473002176e-05
83,1789020823.4034362,lr/pose_head.no_decay,5.2656587473002176e-05
83,1789020823.4034362,pose/component_0,1.1434439420700073
83,1789020823.4034362,pose/component_1,0.037687432020902634
83,1789020823.4034362,pose/component_2,0.15875957906246185
83,1789020823.4034362,pose/component_3,0.7341156601905823
83,1789020823.4034362,pose/component_4,0.0035874126479029655
83,1789020823.4034362,pose/component_5,1.1420598030090332
84,1789020824.5715208,amp/overflow_retries,0.0
84,1789020824.5715208,amp/scale,64.0
84,1789020824.5715208,detect/component_0,1.073026418685913
84,1789020824.5715208,detect/component_1,0.9935998320579529
84,1789020824.5715208,detect/component_2,0.006597616244107485
84,1789020824.5715208,gradient/clipped_norm,1892.2869873046875
84,1789020824.5715208,images/detect,256.0
84,1789020824.5715208,images/pose,16.0
84,1789020824.5715208,loss/backward,172.16839523315429
84,1789020824.5715208,loss/detect_mean,1.749332532286644
84,1789020824.5715208,loss/joint_mean,2.6901311755180357
84,1789020824.5715208,loss/pose_mean,6.4533257484436035
84,1789020824.5715208,lr/attention.decay,0.0
84,1789020824.5715208,lr/attention.no_decay,0.0
84,1789020824.5715208,lr/backbone.decay,0.0
84,1789020824.5715208,lr/backbone.no_decay,0.0
84,1789020824.5715208,lr/detect_head.decay,5.3045356371490285e-05
84,1789020824.5715208,lr/detect_head.no_decay,5.3045356371490285e-05
84,1789020824.5715208,lr/masf.decay,2.6522678185745144e-06
84,1789020824.5715208,lr/masf.no_decay,2.6522678185745144e-06
84,1789020824.5715208,lr/neck.decay,1.9892008639308854e-05
84,1789020824.5715208,lr/neck.no_decay,1.9892008639308854e-05
84,1789020824.5715208,lr/pose_head.decay,5.3045356371490285e-05
84,1789020824.5715208,lr/pose_head.no_decay,5.3045356371490285e-05
84,1789020824.5715208,pose/component_0,1.2686617374420166
84,1789020824.5715208,pose/component_1,0.06707875430583954
84,1789020824.5715208,pose/component_2,0.16697664558887482
84,1789020824.5715208,pose/component_3,0.9970830082893372
84,1789020824.5715208,pose/component_4,0.004951534792780876
84,1789020824.5715208,pose/component_5,2.02471923828125
85,1789020825.72467,amp/overflow_retries,0.0
85,1789020825.72467,amp/scale,64.0
85,1789020825.72467,detect/component_0,1.0443109273910522
85,1789020825.72467,detect/component_1,0.972596287727356
85,1789020825.72467,detect/component_2,0.006313395220786333
85,1789020825.72467,gradient/clipped_norm,3835.958251953125
85,1789020825.72467,images/detect,256.0
85,1789020825.72467,images/pose,16.0
85,1789020825.72467,loss/backward,198.98641510009764
85,1789020825.72467,loss/detect_mean,1.714317113161087
85,1789020825.72467,loss/joint_mean,3.1091627359390257
85,1789020825.72467,loss/pose_mean,8.688545227050781
85,1789020825.72467,lr/attention.decay,0.0
85,1789020825.72467,lr/attention.no_decay,0.0
85,1789020825.72467,lr/backbone.decay,0.0
85,1789020825.72467,lr/backbone.no_decay,0.0
85,1789020825.72467,lr/detect_head.decay,5.343412526997841e-05
85,1789020825.72467,lr/detect_head.no_decay,5.343412526997841e-05
85,1789020825.72467,lr/masf.decay,2.6717062634989203e-06
85,1789020825.72467,lr/masf.no_decay,2.6717062634989203e-06
85,1789020825.72467,lr/neck.decay,2.00377969762419e-05
85,1789020825.72467,lr/neck.no_decay,2.00377969762419e-05
85,1789020825.72467,lr/pose_head.decay,5.343412526997841e-05
85,1789020825.72467,lr/pose_head.no_decay,5.343412526997841e-05
85,1789020825.72467,pose/component_0,1.1923975944519043
85,1789020825.72467,pose/component_1,0.12794877588748932
85,1789020825.72467,pose/component_2,0.08806109428405762
85,1789020825.72467,pose/component_3,0.7841836214065552
85,1789020825.72467,pose/component_4,0.004231882281601429
85,1789020825.72467,pose/component_5,3.5036654472351074
86,1789020826.8816133,amp/overflow_retries,0.0
86,1789020826.8816133,amp/scale,64.0
86,1789020826.8816133,detect/component_0,1.117039442062378
86,1789020826.8816133,detect/component_1,1.015418529510498
86,1789020826.8816133,detect/component_2,0.006301095709204674
86,1789020826.8816133,gradient/clipped_norm,1610.1683349609375
86,1789020826.8816133,images/detect,256.0
86,1789020826.8816133,images/pose,16.0
86,1789020826.8816133,loss/backward,143.3436080932617
86,1789020826.8816133,loss/detect_mean,1.7908879220485687
86,1789020826.8816133,loss/joint_mean,2.239743876457214
86,1789020826.8816133,loss/pose_mean,4.035167694091797
86,1789020826.8816133,lr/attention.decay,0.0
86,1789020826.8816133,lr/attention.no_decay,0.0
86,1789020826.8816133,lr/backbone.decay,0.0
86,1789020826.8816133,lr/backbone.no_decay,0.0
86,1789020826.8816133,lr/detect_head.decay,5.382289416846653e-05
86,1789020826.8816133,lr/detect_head.no_decay,5.382289416846653e-05
86,1789020826.8816133,lr/masf.decay,2.6911447084233267e-06
86,1789020826.8816133,lr/masf.no_decay,2.6911447084233267e-06
86,1789020826.8816133,lr/neck.decay,2.0183585313174945e-05
86,1789020826.8816133,lr/neck.no_decay,2.0183585313174945e-05
86,1789020826.8816133,lr/pose_head.decay,5.382289416846653e-05
86,1789020826.8816133,lr/pose_head.no_decay,5.382289416846653e-05
86,1789020826.8816133,pose/component_0,1.1187388896942139
86,1789020826.8816133,pose/component_1,0.3691667914390564
86,1789020826.8816133,pose/component_2,0.11391044408082962
86,1789020826.8816133,pose/component_3,0.7013890147209167
86,1789020826.8816133,pose/component_4,0.0056870197877287865
86,1789020826.8816133,pose/component_5,1.318760871887207
87,1789020828.034614,amp/overflow_retries,0.0
87,1789020828.034614,amp/scale,64.0
87,1789020828.034614,detect/component_0,1.0373164415359497
87,1789020828.034614,detect/component_1,0.9375983476638794
87,1789020828.034614,detect/component_2,0.006738058757036924
87,1789020828.034614,gradient/clipped_norm,2795.161376953125
87,1789020828.034614,images/detect,256.0
87,1789020828.034614,images/pose,16.0
87,1789020828.034614,loss/backward,168.80565338134767
87,1789020828.034614,loss/detect_mean,1.7051067650318146
87,1789020828.034614,loss/joint_mean,2.6375883340835573
87,1789020828.034614,loss/pose_mean,6.367514610290527
87,1789020828.034614,lr/attention.decay,0.0
87,1789020828.034614,lr/attention.no_decay,0.0
87,1789020828.034614,lr/backbone.decay,0.0
87,1789020828.034614,lr/backbone.no_decay,0.0
87,1789020828.034614,lr/detect_head.decay,5.421166306695464e-05
87,1789020828.034614,lr/detect_head.no_decay,5.421166306695464e-05
87,1789020828.034614,lr/masf.decay,2.710583153347732e-06
87,1789020828.034614,lr/masf.no_decay,2.710583153347732e-06
87,1789020828.034614,lr/neck.decay,2.0329373650107987e-05
87,1789020828.034614,lr/neck.no_decay,2.0329373650107987e-05
87,1789020828.034614,lr/pose_head.decay,5.421166306695464e-05
87,1789020828.034614,lr/pose_head.no_decay,5.421166306695464e-05
87,1789020828.034614,pose/component_0,1.086634635925293
87,1789020828.034614,pose/component_1,0.14960141479969025
87,1789020828.034614,pose/component_2,0.05642981454730034
87,1789020828.034614,pose/component_3,0.5108885169029236
87,1789020828.034614,pose/component_4,0.0040831733494997025
87,1789020828.034614,pose/component_5,1.9882090091705322
88,1789020829.1812303,amp/overflow_retries,0.0
88,1789020829.1812303,amp/scale,64.0
88,1789020829.1812303,detect/component_0,1.096806526184082
88,1789020829.1812303,detect/component_1,0.9795742034912109
88,1789020829.1812303,detect/component_2,0.006630489602684975
88,1789020829.1812303,gradient/clipped_norm,2483.764404296875
88,1789020829.1812303,images/detect,256.0
88,1789020829.1812303,images/pose,16.0
88,1789020829.1812303,loss/backward,181.0168212890625
88,1789020829.1812303,loss/detect_mean,1.73110830783844
88,1789020829.1812303,loss/joint_mean,2.8283878326416017
88,1789020829.1812303,loss/pose_mean,7.217505931854248
88,1789020829.1812303,lr/attention.decay,0.0
88,1789020829.1812303,lr/attention.no_decay,0.0
88,1789020829.1812303,lr/backbone.decay,0.0
88,1789020829.1812303,lr/backbone.no_decay,0.0
88,1789020829.1812303,lr/detect_head.decay,5.4600431965442764e-05
88,1789020829.1812303,lr/detect_head.no_decay,5.4600431965442764e-05
88,1789020829.1812303,lr/masf.decay,2.7300215982721385e-06
88,1789020829.1812303,lr/masf.no_decay,2.7300215982721385e-06
88,1789020829.1812303,lr/neck.decay,2.0475161987041036e-05
88,1789020829.1812303,lr/neck.no_decay,2.0475161987041036e-05
88,1789020829.1812303,lr/pose_head.decay,5.4600431965442764e-05
88,1789020829.1812303,lr/pose_head.no_decay,5.4600431965442764e-05
88,1789020829.1812303,pose/component_0,1.4745383262634277
88,1789020829.1812303,pose/component_1,0.3352891206741333
88,1789020829.1812303,pose/component_2,0.09531757235527039
88,1789020829.1812303,pose/component_3,0.806039035320282
88,1789020829.1812303,pose/component_4,0.0046393689699471
88,1789020829.1812303,pose/component_5,3.045867443084717
89,1789020830.3277464,amp/overflow_retries,0.0
89,1789020830.3277464,amp/scale,64.0
89,1789020830.3277464,detect/component_0,1.1422345638275146
89,1789020830.3277464,detect/component_1,1.0142329931259155
89,1789020830.3277464,detect/component_2,0.006791679188609123
89,1789020830.3277464,gradient/clipped_norm,3229.564453125
89,1789020830.3277464,images/detect,256.0
89,1789020830.3277464,images/pose,16.0
89,1789020830.3277464,loss/backward,171.22667922973633
89,1789020830.3277464,loss/detect_mean,1.7868666797876358
89,1789020830.3277464,loss/joint_mean,2.67541686296463
89,1789020830.3277464,loss/pose_mean,6.229617595672607
89,1789020830.3277464,lr/attention.decay,0.0
89,1789020830.3277464,lr/attention.no_decay,0.0
89,1789020830.3277464,lr/backbone.decay,0.0
89,1789020830.3277464,lr/backbone.no_decay,0.0
89,1789020830.3277464,lr/detect_head.decay,5.498920086393089e-05
89,1789020830.3277464,lr/detect_head.no_decay,5.498920086393089e-05
89,1789020830.3277464,lr/masf.decay,2.7494600431965448e-06
89,1789020830.3277464,lr/masf.no_decay,2.7494600431965448e-06
89,1789020830.3277464,lr/neck.decay,2.062095032397408e-05
89,1789020830.3277464,lr/neck.no_decay,2.062095032397408e-05
89,1789020830.3277464,lr/pose_head.decay,5.498920086393089e-05
89,1789020830.3277464,lr/pose_head.no_decay,5.498920086393089e-05
89,1789020830.3277464,pose/component_0,1.3151073455810547
89,1789020830.3277464,pose/component_1,0.129024475812912
89,1789020830.3277464,pose/component_2,0.027361424639821053
89,1789020830.3277464,pose/component_3,0.6895684003829956
89,1789020830.3277464,pose/component_4,0.004749297630041838
89,1789020830.3277464,pose/component_5,1.6512383222579956
90,1789020831.4862628,amp/overflow_retries,0.0
90,1789020831.4862628,amp/scale,64.0
90,1789020831.4862628,detect/component_0,1.0873035192489624
90,1789020831.4862628,detect/component_1,0.9955947995185852
90,1789020831.4862628,detect/component_2,0.007282720413058996
90,1789020831.4862628,gradient/clipped_norm,1797.0299072265625
90,1789020831.4862628,images/detect,256.0
90,1789020831.4862628,images/pose,16.0
90,1789020831.4862628,loss/backward,157.1297737121582
90,1789020831.4862628,loss/detect_mean,1.7425562292337418
90,1789020831.4862628,loss/joint_mean,2.455152714252472
90,1789020831.4862628,loss/pose_mean,5.305538654327393
90,1789020831.4862628,lr/attention.decay,0.0
90,1789020831.4862628,lr/attention.no_decay,0.0
90,1789020831.4862628,lr/backbone.decay,0.0
90,1789020831.4862628,lr/backbone.no_decay,0.0
90,1789020831.4862628,lr/detect_head.decay,5.5377969762419004e-05
90,1789020831.4862628,lr/detect_head.no_decay,5.5377969762419004e-05
90,1789020831.4862628,lr/masf.decay,2.7688984881209503e-06
90,1789020831.4862628,lr/masf.no_decay,2.7688984881209503e-06
90,1789020831.4862628,lr/neck.decay,2.0766738660907123e-05
90,1789020831.4862628,lr/neck.no_decay,2.0766738660907123e-05
90,1789020831.4862628,lr/pose_head.decay,5.5377969762419004e-05
90,1789020831.4862628,lr/pose_head.no_decay,5.5377969762419004e-05
90,1789020831.4862628,pose/component_0,1.380220651626587
90,1789020831.4862628,pose/component_1,0.20824021100997925
90,1789020831.4862628,pose/component_2,0.10822614282369614
90,1789020831.4862628,pose/component_3,0.768726110458374
90,1789020831.4862628,pose/component_4,0.006321291904896498
90,1789020831.4862628,pose/component_5,1.2147216796875
91,1789020832.6393578,amp/overflow_retries,0.0
91,1789020832.6393578,amp/scale,64.0
91,1789020832.6393578,detect/component_0,1.1036734580993652
91,1789020832.6393578,detect/component_1,1.0431404113769531
91,1789020832.6393578,detect/component_2,0.0066536795347929
91,1789020832.6393578,gradient/clipped_norm,1869.6058349609375
91,1789020832.6393578,images/detect,256.0
91,1789020832.6393578,images/pose,16.0
91,1789020832.6393578,loss/backward,156.03961410522462
91,1789020832.6393578,loss/detect_mean,1.7820109575986862
91,1789020832.6393578,loss/joint_mean,2.4381189703941346
91,1789020832.6393578,loss/pose_mean,5.062551021575928
91,1789020832.6393578,lr/attention.decay,0.0
91,1789020832.6393578,lr/attention.no_decay,0.0
91,1789020832.6393578,lr/backbone.decay,0.0
91,1789020832.6393578,lr/backbone.no_decay,0.0
91,1789020832.6393578,lr/detect_head.decay,5.5766738660907133e-05
91,1789020832.6393578,lr/detect_head.no_decay,5.5766738660907133e-05
91,1789020832.6393578,lr/masf.decay,2.788336933045357e-06
91,1789020832.6393578,lr/masf.no_decay,2.788336933045357e-06
91,1789020832.6393578,lr/neck.decay,2.091252699784017e-05
91,1789020832.6393578,lr/neck.no_decay,2.091252699784017e-05
91,1789020832.6393578,lr/pose_head.decay,5.5766738660907133e-05
91,1789020832.6393578,lr/pose_head.no_decay,5.5766738660907133e-05
91,1789020832.6393578,pose/component_0,1.1350688934326172
91,1789020832.6393578,pose/component_1,0.0853901356458664
91,1789020832.6393578,pose/component_2,0.025257332250475883
91,1789020832.6393578,pose/component_3,0.742356538772583
91,1789020832.6393578,pose/component_4,0.008150187321007252
91,1789020832.6393578,pose/component_5,2.402160882949829
92,1789020833.8029473,amp/overflow_retries,0.0
92,1789020833.8029473,amp/scale,64.0
92,1789020833.8029473,detect/component_0,1.0535666942596436
92,1789020833.8029473,detect/component_1,0.9978150725364685
92,1789020833.8029473,detect/component_2,0.006415965035557747
92,1789020833.8029473,gradient/clipped_norm,2011.2392578125
92,1789020833.8029473,images/detect,256.0
92,1789020833.8029473,images/pose,16.0
92,1789020833.8029473,loss/backward,176.25697021484376
92,1789020833.8029473,loss/detect_mean,1.7352430820465088
92,1789020833.8029473,loss/joint_mean,2.7540151596069338
92,1789020833.8029473,loss/pose_mean,6.829103469848633
92,1789020833.8029473,lr/attention.decay,0.0
92,1789020833.8029473,lr/attention.no_decay,0.0
92,1789020833.8029473,lr/backbone.decay,0.0
92,1789020833.8029473,lr/backbone.no_decay,0.0
92,1789020833.8029473,lr/detect_head.decay,5.615550755939525e-05
92,1789020833.8029473,lr/detect_head.no_decay,5.615550755939525e-05
92,1789020833.8029473,lr/masf.decay,2.8077753779697625e-06
92,1789020833.8029473,lr/masf.no_decay,2.8077753779697625e-06
92,1789020833.8029473,lr/neck.decay,2.1058315334773217e-05
92,1789020833.8029473,lr/neck.no_decay,2.1058315334773217e-05
92,1789020833.8029473,lr/pose_head.decay,5.615550755939525e-05
92,1789020833.8029473,lr/pose_head.no_decay,5.615550755939525e-05
92,1789020833.8029473,pose/component_0,1.5194765329360962
92,1789020833.8029473,pose/component_1,0.19891417026519775
92,1789020833.8029473,pose/component_2,0.04423078894615173
92,1789020833.8029473,pose/component_3,0.761058509349823
92,1789020833.8029473,pose/component_4,0.005403445102274418
92,1789020833.8029473,pose/component_5,3.0084121227264404
93,1789020834.9612448,amp/overflow_retries,0.0
93,1789020834.9612448,amp/scale,64.0
93,1789020834.9612448,detect/component_0,1.1155376434326172
93,1789020834.9612448,detect/component_1,0.9907423853874207
93,1789020834.9612448,detect/component_2,0.006965551059693098
93,1789020834.9612448,gradient/clipped_norm,5451.60400390625
93,1789020834.9612448,images/detect,256.0
93,1789020834.9612448,images/pose,16.0
93,1789020834.9612448,loss/backward,174.7711929321289
93,1789020834.9612448,loss/detect_mean,1.7741236984729767
93,1789020834.9612448,loss/joint_mean,2.7307998895645142
93,1789020834.9612448,loss/pose_mean,6.557504653930664
93,1789020834.9612448,lr/attention.decay,0.0
93,1789020834.9612448,lr/attention.no_decay,0.0
93,1789020834.9612448,lr/backbone.decay,0.0
93,1789020834.9612448,lr/backbone.no_decay,0.0
93,1789020834.9612448,lr/detect_head.decay,5.654427645788337e-05
93,1789020834.9612448,lr/detect_head.no_decay,5.654427645788337e-05
93,1789020834.9612448,lr/masf.decay,2.827213822894169e-06
93,1789020834.9612448,lr/masf.no_decay,2.827213822894169e-06
93,1789020834.9612448,lr/neck.decay,2.1204103671706262e-05
93,1789020834.9612448,lr/neck.no_decay,2.1204103671706262e-05
93,1789020834.9612448,lr/pose_head.decay,5.654427645788337e-05
93,1789020834.9612448,lr/pose_head.no_decay,5.654427645788337e-05
93,1789020834.9612448,pose/component_0,1.2404885292053223
93,1789020834.9612448,pose/component_1,0.09937034547328949
93,1789020834.9612448,pose/component_2,0.1454075425863266
93,1789020834.9612448,pose/component_3,0.7697882652282715
93,1789020834.9612448,pose/component_4,0.0059075551107525826
93,1789020834.9612448,pose/component_5,3.0861995220184326
94,1789020836.1191592,amp/overflow_retries,0.0
94,1789020836.1191592,amp/scale,64.0
94,1789020836.1191592,detect/component_0,1.156576156616211
94,1789020836.1191592,detect/component_1,1.0676311254501343
94,1789020836.1191592,detect/component_2,0.0066528175957500935
94,1789020836.1191592,gradient/clipped_norm,2293.324951171875
94,1789020836.1191592,images/detect,256.0
94,1789020836.1191592,images/pose,16.0
94,1789020836.1191592,loss/backward,186.86447525024414
94,1789020836.1191592,loss/detect_mean,1.8427691012620926
94,1789020836.1191592,loss/joint_mean,2.9197574257850647
94,1789020836.1191592,loss/pose_mean,7.227710723876953
94,1789020836.1191592,lr/attention.decay,0.0
94,1789020836.1191592,lr/attention.no_decay,0.0
94,1789020836.1191592,lr/backbone.decay,0.0
94,1789020836.1191592,lr/backbone.no_decay,0.0
94,1789020836.1191592,lr/detect_head.decay,5.6933045356371496e-05
94,1789020836.1191592,lr/detect_head.no_decay,5.6933045356371496e-05
94,1789020836.1191592,lr/masf.decay,2.8466522678185747e-06
94,1789020836.1191592,lr/masf.no_decay,2.8466522678185747e-06
94,1789020836.1191592,lr/neck.decay,2.1349892008639308e-05
94,1789020836.1191592,lr/neck.no_decay,2.1349892008639308e-05
94,1789020836.1191592,lr/pose_head.decay,5.6933045356371496e-05
94,1789020836.1191592,lr/pose_head.no_decay,5.6933045356371496e-05
94,1789020836.1191592,pose/component_0,1.242303729057312
94,1789020836.1191592,pose/component_1,0.213168203830719
94,1789020836.1191592,pose/component_2,0.031402941793203354
94,1789020836.1191592,pose/component_3,0.8923366665840149
94,1789020836.1191592,pose/component_4,0.005579749587923288
94,1789020836.1191592,pose/component_5,3.8140463829040527
95,1789020837.2604544,amp/overflow_retries,0.0
95,1789020837.2604544,amp/scale,64.0
95,1789020837.2604544,detect/component_0,1.0722724199295044
95,1789020837.2604544,detect/component_1,1.0372600555419922
95,1789020837.2604544,detect/component_2,0.007774277590215206
95,1789020837.2604544,gradient/clipped_norm,1794.473876953125
95,1789020837.2604544,images/detect,256.0
95,1789020837.2604544,images/pose,16.0
95,1789020837.2604544,loss/backward,156.01726379394532
95,1789020837.2604544,loss/detect_mean,1.7896395325660706
95,1789020837.2604544,loss/joint_mean,2.4377697467803956
95,1789020837.2604544,loss/pose_mean,5.030290603637695
95,1789020837.2604544,lr/attention.decay,0.0
95,1789020837.2604544,lr/attention.no_decay,0.0
95,1789020837.2604544,lr/backbone.decay,0.0
95,1789020837.2604544,lr/backbone.no_decay,0.0
95,1789020837.2604544,lr/detect_head.decay,5.732181425485962e-05
95,1789020837.2604544,lr/detect_head.no_decay,5.732181425485962e-05
95,1789020837.2604544,lr/masf.decay,2.866090712742981e-06
95,1789020837.2604544,lr/masf.no_decay,2.866090712742981e-06
95,1789020837.2604544,lr/neck.decay,2.1495680345572353e-05
95,1789020837.2604544,lr/neck.no_decay,2.1495680345572353e-05
95,1789020837.2604544,lr/pose_head.decay,5.732181425485962e-05
95,1789020837.2604544,lr/pose_head.no_decay,5.732181425485962e-05
95,1789020837.2604544,pose/component_0,1.1214269399642944
95,1789020837.2604544,pose/component_1,0.15628264844417572
95,1789020837.2604544,pose/component_2,0.07420017570257187
95,1789020837.2604544,pose/component_3,0.8182476162910461
95,1789020837.2604544,pose/component_4,0.00401747552677989
95,1789020837.2604544,pose/component_5,1.6002192497253418
96,1789020838.4122117,amp/overflow_retries,0.0
96,1789020838.4122117,amp/scale,64.0
96,1789020838.4122117,detect/component_0,1.1137921810150146
96,1789020838.4122117,detect/component_1,1.0436145067214966
96,1789020838.4122117,detect/component_2,0.0061384341679513454
96,1789020838.4122117,gradient/clipped_norm,1866.830078125
96,1789020838.4122117,images/detect,256.0
96,1789020838.4122117,images/pose,16.0
96,1789020838.4122117,loss/backward,164.84678955078124
96,1789020838.4122117,loss/detect_mean,1.8014919757843018
96,1789020838.4122117,loss/joint_mean,2.575731086730957
96,1789020838.4122117,loss/pose_mean,5.672687530517578
96,1789020838.4122117,lr/attention.decay,0.0
96,1789020838.4122117,lr/attention.no_decay,0.0
96,1789020838.4122117,lr/backbone.decay,0.0
96,1789020838.4122117,lr/backbone.no_decay,0.0
96,1789020838.4122117,lr/detect_head.decay,5.771058315334774e-05
96,1789020838.4122117,lr/detect_head.no_decay,5.771058315334774e-05
96,1789020838.4122117,lr/masf.decay,2.8855291576673874e-06
96,1789020838.4122117,lr/masf.no_decay,2.8855291576673874e-06
96,1789020838.4122117,lr/neck.decay,2.16414686825054e-05
96,1789020838.4122117,lr/neck.no_decay,2.16414686825054e-05
96,1789020838.4122117,lr/pose_head.decay,5.771058315334774e-05
96,1789020838.4122117,lr/pose_head.no_decay,5.771058315334774e-05
96,1789020838.4122117,pose/component_0,1.188852071762085
96,1789020838.4122117,pose/component_1,0.13229897618293762
96,1789020838.4122117,pose/component_2,0.017616113647818565
96,1789020838.4122117,pose/component_3,0.8860650062561035
96,1789020838.4122117,pose/component_4,0.0038372096605598927
96,1789020838.4122117,pose/component_5,2.158177375793457
97,1789020839.5670075,amp/overflow_retries,0.0
97,1789020839.5670075,amp/scale,64.0
97,1789020839.5670075,detect/component_0,1.0533515214920044
97,1789020839.5670075,detect/component_1,0.9606942534446716
97,1789020839.5670075,detect/component_2,0.006903883535414934
97,1789020839.5670075,gradient/clipped_norm,5130.96875
97,1789020839.5670075,images/detect,256.0
97,1789020839.5670075,images/pose,16.0
97,1789020839.5670075,loss/backward,218.455313873291
97,1789020839.5670075,loss/detect_mean,1.7124105244874954
97,1789020839.5670075,loss/joint_mean,3.413364279270172
97,1789020839.5670075,loss/pose_mean,10.217179298400879
97,1789020839.5670075,lr/attention.decay,0.0
97,1789020839.5670075,lr/attention.no_decay,0.0
97,1789020839.5670075,lr/backbone.decay,0.0
97,1789020839.5670075,lr/backbone.no_decay,0.0
97,1789020839.5670075,lr/detect_head.decay,5.809935205183585e-05
97,1789020839.5670075,lr/detect_head.no_decay,5.809935205183585e-05
97,1789020839.5670075,lr/masf.decay,2.904967602591793e-06
97,1789020839.5670075,lr/masf.no_decay,2.904967602591793e-06
97,1789020839.5670075,lr/neck.decay,2.1787257019438444e-05
97,1789020839.5670075,lr/neck.no_decay,2.1787257019438444e-05
97,1789020839.5670075,lr/pose_head.decay,5.809935205183585e-05
97,1789020839.5670075,lr/pose_head.no_decay,5.809935205183585e-05
97,1789020839.5670075,pose/component_0,1.359373927116394
97,1789020839.5670075,pose/component_1,0.34306758642196655
97,1789020839.5670075,pose/component_2,0.03238581120967865
97,1789020839.5670075,pose/component_3,1.004975438117981
97,1789020839.5670075,pose/component_4,0.006445914041250944
97,1789020839.5670075,pose/component_5,7.002132415771484
98,1789020840.9118285,amp/overflow_retries,0.0
98,1789020840.9118285,amp/scale,64.0
98,1789020840.9118285,detect/component_0,1.0950382947921753
98,1789020840.9118285,detect/component_1,1.008316993713379
98,1789020840.9118285,detect/component_2,0.006148830987513065
98,1789020840.9118285,gradient/clipped_norm,2420.58154296875
98,1789020840.9118285,images/detect,256.0
98,1789020840.9118285,images/pose,16.0
98,1789020840.9118285,loss/backward,165.34098205566406
98,1789020840.9118285,loss/detect_mean,1.7973478436470032
98,1789020840.9118285,loss/joint_mean,2.583452844619751
98,1789020840.9118285,loss/pose_mean,5.727872848510742
98,1789020840.9118285,lr/attention.decay,0.0
98,1789020840.9118285,lr/attention.no_decay,0.0
98,1789020840.9118285,lr/backbone.decay,0.0
98,1789020840.9118285,lr/backbone.no_decay,0.0
98,1789020840.9118285,lr/detect_head.decay,5.848812095032399e-05
98,1789020840.9118285,lr/detect_head.no_decay,5.848812095032399e-05
98,1789020840.9118285,lr/masf.decay,2.9244060475161996e-06
98,1789020840.9118285,lr/masf.no_decay,2.9244060475161996e-06
98,1789020840.9118285,lr/neck.decay,2.1933045356371492e-05
98,1789020840.9118285,lr/neck.no_decay,2.1933045356371492e-05
98,1789020840.9118285,lr/pose_head.decay,5.848812095032399e-05
98,1789020840.9118285,lr/pose_head.no_decay,5.848812095032399e-05
98,1789020840.9118285,pose/component_0,1.4131072759628296
98,1789020840.9118285,pose/component_1,0.3283548057079315
98,1789020840.9118285,pose/component_2,0.09447486698627472
98,1789020840.9118285,pose/component_3,0.7246130704879761
98,1789020840.9118285,pose/component_4,0.0044049764983356
98,1789020840.9118285,pose/component_5,3.110050678253174
99,1789020842.078328,amp/overflow_retries,0.0
99,1789020842.078328,amp/scale,64.0
99,1789020842.078328,detect/component_0,1.0562268495559692
99,1789020842.078328,detect/component_1,1.0086867809295654
99,1789020842.078328,detect/component_2,0.007202876266092062
99,1789020842.078328,gradient/clipped_norm,2540.978271484375
99,1789020842.078328,images/detect,256.0
99,1789020842.078328,images/pose,16.0
99,1789020842.078328,loss/backward,161.44154586791993
99,1789020842.078328,loss/detect_mean,1.7503180354833603
99,1789020842.078328,loss/joint_mean,2.522524154186249
99,1789020842.078328,loss/pose_mean,5.611348628997803
99,1789020842.078328,lr/attention.decay,0.0
99,1789020842.078328,lr/attention.no_decay,0.0
99,1789020842.078328,lr/backbone.decay,0.0
99,1789020842.078328,lr/backbone.no_decay,0.0
99,1789020842.078328,lr/detect_head.decay,5.88768898488121e-05
99,1789020842.078328,lr/detect_head.no_decay,5.88768898488121e-05
99,1789020842.078328,lr/masf.decay,2.943844492440605e-06
99,1789020842.078328,lr/masf.no_decay,2.943844492440605e-06
99,1789020842.078328,lr/neck.decay,2.2078833693304534e-05
99,1789020842.078328,lr/neck.no_decay,2.2078833693304534e-05
99,1789020842.078328,lr/pose_head.decay,5.88768898488121e-05
99,1789020842.078328,lr/pose_head.no_decay,5.88768898488121e-05
99,1789020842.078328,pose/component_0,1.2996340990066528
99,1789020842.078328,pose/component_1,0.1391880214214325
99,1789020842.078328,pose/component_2,0.1864897906780243
99,1789020842.078328,pose/component_3,1.077136754989624
99,1789020842.078328,pose/component_4,0.003539373865351081
99,1789020842.078328,pose/component_5,1.809380292892456
100,1789020843.2558422,amp/overflow_retries,0.0
100,1789020843.2558422,amp/scale,64.0
100,1789020843.2558422,detect/component_0,1.0560823678970337
100,1789020843.2558422,detect/component_1,0.9773296117782593
100,1789020843.2558422,detect/component_2,0.006901399232447147
100,1789020843.2558422,gradient/clipped_norm,1523.2252197265625
100,1789020843.2558422,gradient/detect_shared_norm,505.7475765583169
100,1789020843.2558422,gradient/pose_shared_norm,1281.397074264311
100,1789020843.2558422,gradient/shared_cosine,-0.005402579714133376
100,1789020843.2558422,images/detect,256.0
100,1789020843.2558422,images/pose,16.0
100,1789020843.2558422,loss/backward,140.35942993164062
100,1789020843.2558422,loss/detect_mean,1.7430107593536377
100,1789020843.2558422,loss/joint_mean,2.1931160926818847
100,1789020843.2558422,loss/pose_mean,3.993537425994873
100,1789020843.2558422,lr/attention.decay,0.0
100,1789020843.2558422,lr/attention.no_decay,0.0
100,1789020843.2558422,lr/backbone.decay,0.0
100,1789020843.2558422,lr/backbone.no_decay,0.0
100,1789020843.2558422,lr/detect_head.decay,5.926565874730022e-05
100,1789020843.2558422,lr/detect_head.no_decay,5.926565874730022e-05
100,1789020843.2558422,lr/masf.decay,2.9632829373650114e-06
100,1789020843.2558422,lr/masf.no_decay,2.9632829373650114e-06
100,1789020843.2558422,lr/neck.decay,2.222462203023758e-05
100,1789020843.2558422,lr/neck.no_decay,2.222462203023758e-05
100,1789020843.2558422,lr/pose_head.decay,5.926565874730022e-05
100,1789020843.2558422,lr/pose_head.no_decay,5.926565874730022e-05
100,1789020843.2558422,pose/component_0,1.0755540132522583
100,1789020843.2558422,pose/component_1,0.041745252907276154
100,1789020843.2558422,pose/component_2,0.0805702805519104
100,1789020843.2558422,pose/component_3,0.6771506071090698
100,1789020843.2558422,pose/component_4,0.0034522726200520992
100,1789020843.2558422,pose/component_5,0.6613958477973938
101,1789020844.424789,amp/overflow_retries,0.0
101,1789020844.424789,amp/scale,64.0
101,1789020844.424789,detect/component_0,1.0464904308319092
101,1789020844.424789,detect/component_1,0.9657620191574097
101,1789020844.424789,detect/component_2,0.0070257168263196945
101,1789020844.424789,gradient/clipped_norm,2710.479736328125
101,1789020844.424789,images/detect,256.0
101,1789020844.424789,images/pose,16.0
101,1789020844.424789,loss/backward,201.18516845703124
101,1789020844.424789,loss/detect_mean,1.720526933670044
101,1789020844.424789,loss/joint_mean,3.143518257141113
101,1789020844.424789,loss/pose_mean,8.83548355102539
101,1789020844.424789,lr/attention.decay,0.0
101,1789020844.424789,lr/attention.no_decay,0.0
101,1789020844.424789,lr/backbone.decay,0.0
101,1789020844.424789,lr/backbone.no_decay,0.0
101,1789020844.424789,lr/detect_head.decay,5.9654427645788344e-05
101,1789020844.424789,lr/detect_head.no_decay,5.9654427645788344e-05
101,1789020844.424789,lr/masf.decay,2.9827213822894173e-06
101,1789020844.424789,lr/masf.no_decay,2.9827213822894173e-06
101,1789020844.424789,lr/neck.decay,2.2370410367170628e-05
101,1789020844.424789,lr/neck.no_decay,2.2370410367170628e-05
101,1789020844.424789,lr/pose_head.decay,5.9654427645788344e-05
101,1789020844.424789,lr/pose_head.no_decay,5.9654427645788344e-05
101,1789020844.424789,pose/component_0,1.224438190460205
101,1789020844.424789,pose/component_1,0.5716226100921631
101,1789020844.424789,pose/component_2,0.0595085509121418
101,1789020844.424789,pose/component_3,0.717542290687561
101,1789020844.424789,pose/component_4,0.003866886720061302
101,1789020844.424789,pose/component_5,3.7745285034179688
102,1789020845.585863,amp/overflow_retries,0.0
102,1789020845.585863,amp/scale,64.0
102,1789020845.585863,detect/component_0,1.0834009647369385
102,1789020845.585863,detect/component_1,1.0450778007507324
102,1789020845.585863,detect/component_2,0.007398362737149
102,1789020845.585863,gradient/clipped_norm,2181.3544921875
102,1789020845.585863,images/detect,256.0
102,1789020845.585863,images/pose,16.0
102,1789020845.585863,loss/backward,146.27457122802736
102,1789020845.585863,loss/detect_mean,1.8150086104869843
102,1789020845.585863,loss/joint_mean,2.2855401754379274
102,1789020845.585863,loss/pose_mean,4.167666435241699
102,1789020845.585863,lr/attention.decay,0.0
102,1789020845.585863,lr/attention.no_decay,0.0
102,1789020845.585863,lr/backbone.decay,0.0
102,1789020845.585863,lr/backbone.no_decay,0.0
102,1789020845.585863,lr/detect_head.decay,6.004319654427646e-05
102,1789020845.585863,lr/detect_head.no_decay,6.004319654427646e-05
102,1789020845.585863,lr/masf.decay,3.002159827213823e-06
102,1789020845.585863,lr/masf.no_decay,3.002159827213823e-06
102,1789020845.585863,lr/neck.decay,2.251619870410367e-05
102,1789020845.585863,lr/neck.no_decay,2.251619870410367e-05
102,1789020845.585863,lr/pose_head.decay,6.004319654427646e-05
102,1789020845.585863,lr/pose_head.no_decay,6.004319654427646e-05
102,1789020845.585863,pose/component_0,0.8414484858512878
102,1789020845.585863,pose/component_1,0.04717916250228882
102,1789020845.585863,pose/component_2,0.04821588099002838
102,1789020845.585863,pose/component_3,0.559197723865509
102,1789020845.585863,pose/component_4,0.0037753330543637276
102,1789020845.585863,pose/component_5,1.2974385023117065
103,1789020846.7343922,amp/overflow_retries,0.0
103,1789020846.7343922,amp/scale,64.0
103,1789020846.7343922,detect/component_0,1.0795232057571411
103,1789020846.7343922,detect/component_1,0.9994925260543823
103,1789020846.7343922,detect/component_2,0.006253509782254696
103,1789020846.7343922,gradient/clipped_norm,1970.5345458984375
103,1789020846.7343922,images/detect,256.0
103,1789020846.7343922,images/pose,16.0
103,1789020846.7343922,loss/backward,144.98726577758788
103,1789020846.7343922,loss/detect_mean,1.712833359837532
103,1789020846.7343922,loss/joint_mean,2.2654260277748106
103,1789020846.7343922,loss/pose_mean,4.475796699523926
103,1789020846.7343922,lr/attention.decay,0.0
103,1789020846.7343922,lr/attention.no_decay,0.0
103,1789020846.7343922,lr/backbone.decay,0.0
103,1789020846.7343922,lr/backbone.no_decay,0.0
103,1789020846.7343922,lr/detect_head.decay,6.0431965442764583e-05
103,1789020846.7343922,lr/detect_head.no_decay,6.0431965442764583e-05
103,1789020846.7343922,lr/masf.decay,3.021598272138229e-06
103,1789020846.7343922,lr/masf.no_decay,3.021598272138229e-06
103,1789020846.7343922,lr/neck.decay,2.2661987041036715e-05
103,1789020846.7343922,lr/neck.no_decay,2.2661987041036715e-05
103,1789020846.7343922,lr/pose_head.decay,6.0431965442764583e-05
103,1789020846.7343922,lr/pose_head.no_decay,6.0431965442764583e-05
103,1789020846.7343922,pose/component_0,1.1739418506622314
103,1789020846.7343922,pose/component_1,0.07860955595970154
103,1789020846.7343922,pose/component_2,0.0382993184030056
103,1789020846.7343922,pose/component_3,0.5818657279014587
103,1789020846.7343922,pose/component_4,0.003477133810520172
103,1789020846.7343922,pose/component_5,1.7347207069396973
104,1789020847.8851948,amp/overflow_retries,0.0
104,1789020847.8851948,amp/scale,64.0
104,1789020847.8851948,detect/component_0,1.0621769428253174
104,1789020847.8851948,detect/component_1,0.9667907357215881
104,1789020847.8851948,detect/component_2,0.007378811948001385
104,1789020847.8851948,gradient/clipped_norm,1591.5452880859375
104,1789020847.8851948,images/detect,256.0
104,1789020847.8851948,images/pose,16.0
104,1789020847.8851948,loss/backward,160.25723190307616
104,1789020847.8851948,loss/detect_mean,1.7272945493459702
104,1789020847.8851948,loss/joint_mean,2.504019248485565
104,1789020847.8851948,loss/pose_mean,5.610918045043945
104,1789020847.8851948,lr/attention.decay,0.0
104,1789020847.8851948,lr/attention.no_decay,0.0
104,1789020847.8851948,lr/backbone.decay,0.0
104,1789020847.8851948,lr/backbone.no_decay,0.0
104,1789020847.8851948,lr/detect_head.decay,6.0820734341252707e-05
104,1789020847.8851948,lr/detect_head.no_decay,6.0820734341252707e-05
104,1789020847.8851948,lr/masf.decay,3.0410367170626354e-06
104,1789020847.8851948,lr/masf.no_decay,3.0410367170626354e-06
104,1789020847.8851948,lr/neck.decay,2.280777537796976e-05
104,1789020847.8851948,lr/neck.no_decay,2.280777537796976e-05
104,1789020847.8851948,lr/pose_head.decay,6.0820734341252707e-05
104,1789020847.8851948,lr/pose_head.no_decay,6.0820734341252707e-05
104,1789020847.8851948,pose/component_0,1.3161492347717285
104,1789020847.8851948,pose/component_1,0.38447028398513794
104,1789020847.8851948,pose/component_2,0.12973952293395996
104,1789020847.8851948,pose/component_3,0.8881379961967468
104,1789020847.8851948,pose/component_4,0.004566962365061045
104,1789020847.8851948,pose/component_5,2.7683396339416504
105,1789020849.0475874,amp/overflow_retries,0.0
105,1789020849.0475874,amp/scale,64.0
105,1789020849.0475874,detect/component_0,1.0892976522445679
105,1789020849.0475874,detect/component_1,0.9919729828834534
105,1789020849.0475874,detect/component_2,0.006619863677769899
105,1789020849.0475874,gradient/clipped_norm,2939.6875
105,1789020849.0475874,images/detect,256.0
105,1789020849.0475874,images/pose,16.0
105,1789020849.0475874,loss/backward,198.95641326904297
105,1789020849.0475874,loss/detect_mean,1.7381552159786224
105,1789020849.0475874,loss/joint_mean,3.1086939573287964
105,1789020849.0475874,loss/pose_mean,8.590848922729492
105,1789020849.0475874,lr/attention.decay,0.0
105,1789020849.0475874,lr/attention.no_decay,0.0
105,1789020849.0475874,lr/backbone.decay,0.0
105,1789020849.0475874,lr/backbone.no_decay,0.0
105,1789020849.0475874,lr/detect_head.decay,6.120950323974082e-05
105,1789020849.0475874,lr/detect_head.no_decay,6.120950323974082e-05
105,1789020849.0475874,lr/masf.decay,3.060475161987041e-06
105,1789020849.0475874,lr/masf.no_decay,3.060475161987041e-06
105,1789020849.0475874,lr/neck.decay,2.2953563714902803e-05
105,1789020849.0475874,lr/neck.no_decay,2.2953563714902803e-05
105,1789020849.0475874,lr/pose_head.decay,6.120950323974082e-05
105,1789020849.0475874,lr/pose_head.no_decay,6.120950323974082e-05
105,1789020849.0475874,pose/component_0,1.5048577785491943
105,1789020849.0475874,pose/component_1,0.5922120213508606
105,1789020849.0475874,pose/component_2,0.08565071225166321
105,1789020849.0475874,pose/component_3,0.9592491388320923
105,1789020849.0475874,pose/component_4,0.005019425414502621
105,1789020849.0475874,pose/component_5,4.474722385406494
106,1789020850.2168276,amp/overflow_retries,0.0
106,1789020850.2168276,amp/scale,64.0
106,1789020850.2168276,detect/component_0,1.0721505880355835
106,1789020850.2168276,detect/component_1,0.9902830123901367
106,1789020850.2168276,detect/component_2,0.007033001631498337
106,1789020850.2168276,gradient/clipped_norm,2473.07861328125
106,1789020850.2168276,images/detect,256.0
106,1789020850.2168276,images/pose,16.0
106,1789020850.2168276,loss/backward,152.50483474731445
106,1789020850.2168276,loss/detect_mean,1.7535667568445206
106,1789020850.2168276,loss/joint_mean,2.3828880429267882
106,1789020850.2168276,loss/pose_mean,4.900173187255859
106,1789020850.2168276,lr/attention.decay,0.0
106,1789020850.2168276,lr/attention.no_decay,0.0
106,1789020850.2168276,lr/backbone.decay,0.0
106,1789020850.2168276,lr/backbone.no_decay,0.0
106,1789020850.2168276,lr/detect_head.decay,6.159827213822895e-05
106,1789020850.2168276,lr/detect_head.no_decay,6.159827213822895e-05
106,1789020850.2168276,lr/masf.decay,3.0799136069114476e-06
106,1789020850.2168276,lr/masf.no_decay,3.0799136069114476e-06
106,1789020850.2168276,lr/neck.decay,2.3099352051835855e-05
106,1789020850.2168276,lr/neck.no_decay,2.3099352051835855e-05
106,1789020850.2168276,lr/pose_head.decay,6.159827213822895e-05
106,1789020850.2168276,lr/pose_head.no_decay,6.159827213822895e-05
106,1789020850.2168276,pose/component_0,1.325320839881897
106,1789020850.2168276,pose/component_1,0.03843523561954498
106,1789020850.2168276,pose/component_2,0.016031162813305855
106,1789020850.2168276,pose/component_3,0.6644774675369263
106,1789020850.2168276,pose/component_4,0.005032113753259182
106,1789020850.2168276,pose/component_5,1.140310287475586
107,1789020851.3616147,amp/overflow_retries,0.0
107,1789020851.3616147,amp/scale,64.0
107,1789020851.3616147,detect/component_0,1.122907042503357
107,1789020851.3616147,detect/component_1,1.0430084466934204
107,1789020851.3616147,detect/component_2,0.007024786435067654
107,1789020851.3616147,gradient/clipped_norm,2009.6944580078125
107,1789020851.3616147,images/detect,256.0
107,1789020851.3616147,images/pose,16.0
107,1789020851.3616147,loss/backward,146.97784500122071
107,1789020851.3616147,loss/detect_mean,1.8105492740869522
107,1789020851.3616147,loss/joint_mean,2.2965288281440737
107,1789020851.3616147,loss/pose_mean,4.240447044372559
107,1789020851.3616147,lr/attention.decay,0.0
107,1789020851.3616147,lr/attention.no_decay,0.0
107,1789020851.3616147,lr/backbone.decay,0.0
107,1789020851.3616147,lr/backbone.no_decay,0.0
107,1789020851.3616147,lr/detect_head.decay,6.198704103671706e-05
107,1789020851.3616147,lr/detect_head.no_decay,6.198704103671706e-05
107,1789020851.3616147,lr/masf.decay,3.099352051835853e-06
107,1789020851.3616147,lr/masf.no_decay,3.099352051835853e-06
107,1789020851.3616147,lr/neck.decay,2.3245140388768897e-05
107,1789020851.3616147,lr/neck.no_decay,2.3245140388768897e-05
107,1789020851.3616147,lr/pose_head.decay,6.198704103671706e-05
107,1789020851.3616147,lr/pose_head.no_decay,6.198704103671706e-05
107,1789020851.3616147,pose/component_0,1.0606547594070435
107,1789020851.3616147,pose/component_1,0.03319943696260452
107,1789020851.3616147,pose/component_2,0.01056750025600195
107,1789020851.3616147,pose/component_3,0.5526530146598816
107,1789020851.3616147,pose/component_4,0.006606897339224815
107,1789020851.3616147,pose/component_5,0.9711958169937134
108,1789020852.5147042,amp/overflow_retries,0.0
108,1789020852.5147042,amp/scale,64.0
108,1789020852.5147042,detect/component_0,1.0865366458892822
108,1789020852.5147042,detect/component_1,1.005840539932251
108,1789020852.5147042,detect/component_2,0.007094711530953646
108,1789020852.5147042,gradient/clipped_norm,1982.951171875
108,1789020852.5147042,images/detect,256.0
108,1789020852.5147042,images/pose,16.0
108,1789020852.5147042,loss/backward,149.58780975341796
108,1789020852.5147042,loss/detect_mean,1.7890251576900482
108,1789020852.5147042,loss/joint_mean,2.3373095273971556
108,1789020852.5147042,loss/pose_mean,4.530447006225586
108,1789020852.5147042,lr/attention.decay,0.0
108,1789020852.5147042,lr/attention.no_decay,0.0
108,1789020852.5147042,lr/backbone.decay,0.0
108,1789020852.5147042,lr/backbone.no_decay,0.0
108,1789020852.5147042,lr/detect_head.decay,6.237580993520519e-05
108,1789020852.5147042,lr/detect_head.no_decay,6.237580993520519e-05
108,1789020852.5147042,lr/masf.decay,3.1187904967602594e-06
108,1789020852.5147042,lr/masf.no_decay,3.1187904967602594e-06
108,1789020852.5147042,lr/neck.decay,2.3390928725701942e-05
108,1789020852.5147042,lr/neck.no_decay,2.3390928725701942e-05
108,1789020852.5147042,lr/pose_head.decay,6.237580993520519e-05
108,1789020852.5147042,lr/pose_head.no_decay,6.237580993520519e-05
108,1789020852.5147042,pose/component_0,0.9353790879249573
108,1789020852.5147042,pose/component_1,0.053017787635326385
108,1789020852.5147042,pose/component_2,0.10665887594223022
108,1789020852.5147042,pose/component_3,0.6630271673202515
108,1789020852.5147042,pose/component_4,0.0037313965149223804
108,1789020852.5147042,pose/component_5,1.4374580383300781
109,1789020853.6684732,amp/overflow_retries,0.0
109,1789020853.6684732,amp/scale,64.0
109,1789020853.6684732,detect/component_0,1.124952793121338
109,1789020853.6684732,detect/component_1,1.022339940071106
109,1789020853.6684732,detect/component_2,0.0067410240881145
109,1789020853.6684732,gradient/clipped_norm,2253.8720703125
109,1789020853.6684732,images/detect,256.0
109,1789020853.6684732,images/pose,16.0
109,1789020853.6684732,loss/backward,163.53777999877929
109,1789020853.6684732,loss/detect_mean,1.80942402780056
109,1789020853.6684732,loss/joint_mean,2.5552778124809263
109,1789020853.6684732,loss/pose_mean,5.538692951202393
109,1789020853.6684732,lr/attention.decay,0.0
109,1789020853.6684732,lr/attention.no_decay,0.0
109,1789020853.6684732,lr/backbone.decay,0.0
109,1789020853.6684732,lr/backbone.no_decay,0.0
109,1789020853.6684732,lr/detect_head.decay,6.276457883369331e-05
109,1789020853.6684732,lr/detect_head.no_decay,6.276457883369331e-05
109,1789020853.6684732,lr/masf.decay,3.1382289416846658e-06
109,1789020853.6684732,lr/masf.no_decay,3.1382289416846658e-06
109,1789020853.6684732,lr/neck.decay,2.3536717062634987e-05
109,1789020853.6684732,lr/neck.no_decay,2.3536717062634987e-05
109,1789020853.6684732,lr/pose_head.decay,6.276457883369331e-05
109,1789020853.6684732,lr/pose_head.no_decay,6.276457883369331e-05
109,1789020853.6684732,pose/component_0,1.0158172845840454
109,1789020853.6684732,pose/component_1,0.07891219854354858
109,1789020853.6684732,pose/component_2,0.01468744408339262
109,1789020853.6684732,pose/component_3,0.6681270599365234
109,1789020853.6684732,pose/component_4,0.003336618421599269
109,1789020853.6684732,pose/component_5,2.626446485519409
110,1789020854.8386836,amp/overflow_retries,0.0
110,1789020854.8386836,amp/scale,64.0
110,1789020854.8386836,detect/component_0,1.1581590175628662
110,1789020854.8386836,detect/component_1,1.0397835969924927
110,1789020854.8386836,detect/component_2,0.0060811229050159454
110,1789020854.8386836,gradient/clipped_norm,1824.2542724609375
110,1789020854.8386836,images/detect,256.0
110,1789020854.8386836,images/pose,16.0
110,1789020854.8386836,loss/backward,142.23687820434571
110,1789020854.8386836,loss/detect_mean,1.8439060598611832
110,1789020854.8386836,loss/joint_mean,2.222451221942902
110,1789020854.8386836,loss/pose_mean,3.7366318702697754
110,1789020854.8386836,lr/attention.decay,0.0
110,1789020854.8386836,lr/attention.no_decay,0.0
110,1789020854.8386836,lr/backbone.decay,0.0
110,1789020854.8386836,lr/backbone.no_decay,0.0
110,1789020854.8386836,lr/detect_head.decay,6.315334773218142e-05
110,1789020854.8386836,lr/detect_head.no_decay,6.315334773218142e-05
110,1789020854.8386836,lr/masf.decay,3.1576673866090712e-06
110,1789020854.8386836,lr/masf.no_decay,3.1576673866090712e-06
110,1789020854.8386836,lr/neck.decay,2.368250539956803e-05
110,1789020854.8386836,lr/neck.no_decay,2.368250539956803e-05
110,1789020854.8386836,lr/pose_head.decay,6.315334773218142e-05
110,1789020854.8386836,lr/pose_head.no_decay,6.315334773218142e-05
110,1789020854.8386836,pose/component_0,1.0224483013153076
110,1789020854.8386836,pose/component_1,0.03146279603242874
110,1789020854.8386836,pose/component_2,0.020056432113051414
110,1789020854.8386836,pose/component_3,0.7311943769454956
110,1789020854.8386836,pose/component_4,0.004748938139528036
110,1789020854.8386836,pose/component_5,1.2750211954116821
111,1789020855.9846444,amp/overflow_retries,0.0
111,1789020855.9846444,amp/scale,64.0
111,1789020855.9846444,detect/component_0,1.019286036491394
111,1789020855.9846444,detect/component_1,0.9549831748008728
111,1789020855.9846444,detect/component_2,0.006915189325809479
111,1789020855.9846444,gradient/clipped_norm,2274.389404296875
111,1789020855.9846444,images/detect,256.0
111,1789020855.9846444,images/pose,16.0
111,1789020855.9846444,loss/backward,172.7352066040039
111,1789020855.9846444,loss/detect_mean,1.6991741955280304
111,1789020855.9846444,loss/joint_mean,2.698987603187561
111,1789020855.9846444,loss/pose_mean,6.698241233825684
111,1789020855.9846444,lr/attention.decay,0.0
111,1789020855.9846444,lr/attention.no_decay,0.0
111,1789020855.9846444,lr/backbone.decay,0.0
111,1789020855.9846444,lr/backbone.no_decay,0.0
111,1789020855.9846444,lr/detect_head.decay,6.354211663066955e-05
111,1789020855.9846444,lr/detect_head.no_decay,6.354211663066955e-05
111,1789020855.9846444,lr/masf.decay,3.177105831533478e-06
111,1789020855.9846444,lr/masf.no_decay,3.177105831533478e-06
111,1789020855.9846444,lr/neck.decay,2.382829373650108e-05
111,1789020855.9846444,lr/neck.no_decay,2.382829373650108e-05
111,1789020855.9846444,lr/pose_head.decay,6.354211663066955e-05
111,1789020855.9846444,lr/pose_head.no_decay,6.354211663066955e-05
111,1789020855.9846444,pose/component_0,1.429011583328247
111,1789020855.9846444,pose/component_1,0.08967383950948715
111,1789020855.9846444,pose/component_2,0.16364260017871857
111,1789020855.9846444,pose/component_3,0.8632676601409912
111,1789020855.9846444,pose/component_4,0.009467728435993195
111,1789020855.9846444,pose/component_5,2.225003957748413
112,1789020857.1543736,amp/overflow_retries,0.0
112,1789020857.1543736,amp/scale,64.0
112,1789020857.1543736,detect/component_0,1.1375070810317993
112,1789020857.1543736,detect/component_1,0.9820045232772827
112,1789020857.1543736,detect/component_2,0.006281715352088213
112,1789020857.1543736,gradient/clipped_norm,2693.448486328125
112,1789020857.1543736,images/detect,256.0
112,1789020857.1543736,images/pose,16.0
112,1789020857.1543736,loss/backward,184.3897735595703
112,1789020857.1543736,loss/detect_mean,1.7544212937355042
112,1789020857.1543736,loss/joint_mean,2.881090211868286
112,1789020857.1543736,loss/pose_mean,7.387765884399414
112,1789020857.1543736,lr/attention.decay,0.0
112,1789020857.1543736,lr/attention.no_decay,0.0
112,1789020857.1543736,lr/backbone.decay,0.0
112,1789020857.1543736,lr/backbone.no_decay,0.0
112,1789020857.1543736,lr/detect_head.decay,6.393088552915767e-05
112,1789020857.1543736,lr/detect_head.no_decay,6.393088552915767e-05
112,1789020857.1543736,lr/masf.decay,3.1965442764578835e-06
112,1789020857.1543736,lr/masf.no_decay,3.1965442764578835e-06
112,1789020857.1543736,lr/neck.decay,2.3974082073434123e-05
112,1789020857.1543736,lr/neck.no_decay,2.3974082073434123e-05
112,1789020857.1543736,lr/pose_head.decay,6.393088552915767e-05
112,1789020857.1543736,lr/pose_head.no_decay,6.393088552915767e-05
112,1789020857.1543736,pose/component_0,1.489412784576416
112,1789020857.1543736,pose/component_1,0.10480910539627075
112,1789020857.1543736,pose/component_2,0.08884128928184509
112,1789020857.1543736,pose/component_3,0.9215976595878601
112,1789020857.1543736,pose/component_4,0.009603994898498058
112,1789020857.1543736,pose/component_5,2.8684754371643066
113,1789020858.316483,amp/overflow_retries,0.0
113,1789020858.316483,amp/scale,64.0
113,1789020858.316483,detect/component_0,1.020942211151123
113,1789020858.316483,detect/component_1,0.9375035762786865
113,1789020858.316483,detect/component_2,0.006532636005431414
113,1789020858.316483,gradient/clipped_norm,2609.228759765625
113,1789020858.316483,images/detect,256.0
113,1789020858.316483,images/pose,16.0
113,1789020858.316483,loss/backward,155.34777450561523
113,1789020858.316483,loss/detect_mean,1.6519144028425217
113,1789020858.316483,loss/joint_mean,2.427308976650238
113,1789020858.316483,loss/pose_mean,5.5288872718811035
113,1789020858.316483,lr/attention.decay,0.0
113,1789020858.316483,lr/attention.no_decay,0.0
113,1789020858.316483,lr/backbone.decay,0.0
113,1789020858.316483,lr/backbone.no_decay,0.0
113,1789020858.316483,lr/detect_head.decay,6.431965442764579e-05
113,1789020858.316483,lr/detect_head.no_decay,6.431965442764579e-05
113,1789020858.316483,lr/masf.decay,3.21598272138229e-06
113,1789020858.316483,lr/masf.no_decay,3.21598272138229e-06
113,1789020858.316483,lr/neck.decay,2.411987041036717e-05
113,1789020858.316483,lr/neck.no_decay,2.411987041036717e-05
113,1789020858.316483,lr/pose_head.decay,6.431965442764579e-05
113,1789020858.316483,lr/pose_head.no_decay,6.431965442764579e-05
113,1789020858.316483,pose/component_0,0.8342741131782532
113,1789020858.316483,pose/component_1,0.6687718629837036
113,1789020858.316483,pose/component_2,0.10628436505794525
113,1789020858.316483,pose/component_3,0.7624819874763489
113,1789020858.316483,pose/component_4,0.00396166555583477
113,1789020858.316483,pose/component_5,1.9344475269317627
114,1789020859.486798,amp/overflow_retries,0.0
114,1789020859.486798,amp/scale,64.0
114,1789020859.486798,detect/component_0,1.0549721717834473
114,1789020859.486798,detect/component_1,1.0137200355529785
114,1789020859.486798,detect/component_2,0.006517096422612667
114,1789020859.486798,gradient/clipped_norm,1815.63037109375
114,1789020859.486798,images/detect,256.0
114,1789020859.486798,images/pose,16.0
114,1789020859.486798,loss/backward,169.9681610107422
114,1789020859.486798,loss/detect_mean,1.7591609358787537
114,1789020859.486798,loss/joint_mean,2.6557525157928468
114,1789020859.486798,loss/pose_mean,6.242118835449219
114,1789020859.486798,lr/attention.decay,0.0
114,1789020859.486798,lr/attention.no_decay,0.0
114,1789020859.486798,lr/backbone.decay,0.0
114,1789020859.486798,lr/backbone.no_decay,0.0
114,1789020859.486798,lr/detect_head.decay,6.470842332613392e-05
114,1789020859.486798,lr/detect_head.no_decay,6.470842332613392e-05
114,1789020859.486798,lr/masf.decay,3.2354211663066957e-06
114,1789020859.486798,lr/masf.no_decay,3.2354211663066957e-06
114,1789020859.486798,lr/neck.decay,2.4265658747300214e-05
114,1789020859.486798,lr/neck.no_decay,2.4265658747300214e-05
114,1789020859.486798,lr/pose_head.decay,6.470842332613392e-05
114,1789020859.486798,lr/pose_head.no_decay,6.470842332613392e-05
114,1789020859.486798,pose/component_0,2.047955274581909
114,1789020859.486798,pose/component_1,0.4417409896850586
114,1789020859.486798,pose/component_2,0.14504382014274597
114,1789020859.486798,pose/component_3,1.0898427963256836
114,1789020859.486798,pose/component_4,0.007375739514827728
114,1789020859.486798,pose/component_5,1.511696457862854
115,1789020860.6507618,amp/overflow_retries,0.0
115,1789020860.6507618,amp/scale,64.0
115,1789020860.6507618,detect/component_0,1.0559879541397095
115,1789020860.6507618,detect/component_1,0.9408661723136902
115,1789020860.6507618,detect/component_2,0.007452019024640322
115,1789020860.6507618,gradient/clipped_norm,1847.5289306640625
115,1789020860.6507618,images/detect,256.0
115,1789020860.6507618,images/pose,16.0
115,1789020860.6507618,loss/backward,149.03480606079103
115,1789020860.6507618,loss/detect_mean,1.695020392537117
115,1789020860.6507618,loss/joint_mean,2.32866884469986
115,1789020860.6507618,loss/pose_mean,4.86326265335083
115,1789020860.6507618,lr/attention.decay,0.0
115,1789020860.6507618,lr/attention.no_decay,0.0
115,1789020860.6507618,lr/backbone.decay,0.0
115,1789020860.6507618,lr/backbone.no_decay,0.0
115,1789020860.6507618,lr/detect_head.decay,6.509719222462203e-05
115,1789020860.6507618,lr/detect_head.no_decay,6.509719222462203e-05
115,1789020860.6507618,lr/masf.decay,3.2548596112311016e-06
115,1789020860.6507618,lr/masf.no_decay,3.2548596112311016e-06
115,1789020860.6507618,lr/neck.decay,2.4411447084233256e-05
115,1789020860.6507618,lr/neck.no_decay,2.4411447084233256e-05
115,1789020860.6507618,lr/pose_head.decay,6.509719222462203e-05
115,1789020860.6507618,lr/pose_head.no_decay,6.509719222462203e-05
115,1789020860.6507618,pose/component_0,1.206377625465393
115,1789020860.6507618,pose/component_1,0.418798565864563
115,1789020860.6507618,pose/component_2,0.17369084060192108
115,1789020860.6507618,pose/component_3,0.6577534079551697
115,1789020860.6507618,pose/component_4,0.0036087913904339075
115,1789020860.6507618,pose/component_5,1.7036933898925781
116,1789020861.8075013,amp/overflow_retries,0.0
116,1789020861.8075013,amp/scale,64.0
116,1789020861.8075013,detect/component_0,1.0873117446899414
116,1789020861.8075013,detect/component_1,0.9815672636032104
116,1789020861.8075013,detect/component_2,0.006434647832065821
116,1789020861.8075013,gradient/clipped_norm,3678.538818359375
116,1789020861.8075013,images/detect,256.0
116,1789020861.8075013,images/pose,16.0
116,1789020861.8075013,loss/backward,169.53369064331054
116,1789020861.8075013,loss/detect_mean,1.7435308545827866
116,1789020861.8075013,loss/joint_mean,2.648963916301727
116,1789020861.8075013,loss/pose_mean,6.27069616317749
116,1789020861.8075013,lr/attention.decay,0.0
116,1789020861.8075013,lr/attention.no_decay,0.0
116,1789020861.8075013,lr/backbone.decay,0.0
116,1789020861.8075013,lr/backbone.no_decay,0.0
116,1789020861.8075013,lr/detect_head.decay,6.548596112311016e-05
116,1789020861.8075013,lr/detect_head.no_decay,6.548596112311016e-05
116,1789020861.8075013,lr/masf.decay,3.2742980561555083e-06
116,1789020861.8075013,lr/masf.no_decay,3.2742980561555083e-06
116,1789020861.8075013,lr/neck.decay,2.4557235421166308e-05
116,1789020861.8075013,lr/neck.no_decay,2.4557235421166308e-05
116,1789020861.8075013,lr/pose_head.decay,6.548596112311016e-05
116,1789020861.8075013,lr/pose_head.no_decay,6.548596112311016e-05
116,1789020861.8075013,pose/component_0,1.1198158264160156
116,1789020861.8075013,pose/component_1,0.09512832760810852
116,1789020861.8075013,pose/component_2,0.03445921838283539
116,1789020861.8075013,pose/component_3,0.9321650266647339
116,1789020861.8075013,pose/component_4,0.005090264603495598
116,1789020861.8075013,pose/component_5,2.387852668762207
117,1789020862.9747539,amp/overflow_retries,0.0
117,1789020862.9747539,amp/scale,64.0
117,1789020862.9747539,detect/component_0,1.0379830598831177
117,1789020862.9747539,detect/component_1,0.9435116052627563
117,1789020862.9747539,detect/component_2,0.006955356802791357
117,1789020862.9747539,gradient/clipped_norm,2491.95458984375
117,1789020862.9747539,images/detect,256.0
117,1789020862.9747539,images/pose,16.0
117,1789020862.9747539,loss/backward,152.40230484008788
117,1789020862.9747539,loss/detect_mean,1.6954925805330276
117,1789020862.9747539,loss/joint_mean,2.381286013126373
117,1789020862.9747539,loss/pose_mean,5.124459743499756
117,1789020862.9747539,lr/attention.decay,0.0
117,1789020862.9747539,lr/attention.no_decay,0.0
117,1789020862.9747539,lr/backbone.decay,0.0
117,1789020862.9747539,lr/backbone.no_decay,0.0
117,1789020862.9747539,lr/detect_head.decay,6.587473002159828e-05
117,1789020862.9747539,lr/detect_head.no_decay,6.587473002159828e-05
117,1789020862.9747539,lr/masf.decay,3.293736501079914e-06
117,1789020862.9747539,lr/masf.no_decay,3.293736501079914e-06
117,1789020862.9747539,lr/neck.decay,2.470302375809935e-05
117,1789020862.9747539,lr/neck.no_decay,2.470302375809935e-05
117,1789020862.9747539,lr/pose_head.decay,6.587473002159828e-05
117,1789020862.9747539,lr/pose_head.no_decay,6.587473002159828e-05
117,1789020862.9747539,pose/component_0,1.201122522354126
117,1789020862.9747539,pose/component_1,0.09239467978477478
117,1789020862.9747539,pose/component_2,0.04498128592967987
117,1789020862.9747539,pose/component_3,0.562904953956604
117,1789020862.9747539,pose/component_4,0.004476993810385466
117,1789020862.9747539,pose/component_5,1.10409677028656
118,1789020864.12759,amp/overflow_retries,0.0
118,1789020864.12759,amp/scale,64.0
118,1789020864.12759,detect/component_0,1.0736722946166992
118,1789020864.12759,detect/component_1,1.0115805864334106
118,1789020864.12759,detect/component_2,0.006892113946378231
118,1789020864.12759,gradient/clipped_norm,2074.71923828125
118,1789020864.12759,images/detect,256.0
118,1789020864.12759,images/pose,16.0
118,1789020864.12759,loss/backward,162.4866912841797
118,1789020864.12759,loss/detect_mean,1.779955804347992
118,1789020864.12759,loss/joint_mean,2.538854551315308
118,1789020864.12759,loss/pose_mean,5.57444953918457
118,1789020864.12759,lr/attention.decay,0.0
118,1789020864.12759,lr/attention.no_decay,0.0
118,1789020864.12759,lr/backbone.decay,0.0
118,1789020864.12759,lr/backbone.no_decay,0.0
118,1789020864.12759,lr/detect_head.decay,6.626349892008641e-05
118,1789020864.12759,lr/detect_head.no_decay,6.626349892008641e-05
118,1789020864.12759,lr/masf.decay,3.3131749460043206e-06
118,1789020864.12759,lr/masf.no_decay,3.3131749460043206e-06
118,1789020864.12759,lr/neck.decay,2.48488120950324e-05
118,1789020864.12759,lr/neck.no_decay,2.48488120950324e-05
118,1789020864.12759,lr/pose_head.decay,6.626349892008641e-05
118,1789020864.12759,lr/pose_head.no_decay,6.626349892008641e-05
118,1789020864.12759,pose/component_0,1.4315404891967773
118,1789020864.12759,pose/component_1,0.12559758126735687
118,1789020864.12759,pose/component_2,0.01059261616319418
118,1789020864.12759,pose/component_3,0.8376023769378662
118,1789020864.12759,pose/component_4,0.007345970720052719
118,1789020864.12759,pose/component_5,2.2369346618652344
119,1789020865.3017647,amp/overflow_retries,0.0
119,1789020865.3017647,amp/scale,64.0
119,1789020865.3017647,detect/component_0,1.0404870510101318
119,1789020865.3017647,detect/component_1,0.929908037185669
119,1789020865.3017647,detect/component_2,0.007112440653145313
119,1789020865.3017647,gradient/clipped_norm,3072.376708984375
119,1789020865.3017647,images/detect,256.0
119,1789020865.3017647,images/pose,16.0
119,1789020865.3017647,loss/backward,209.39888458251954
119,1789020865.3017647,loss/detect_mean,1.7038559019565582
119,1789020865.3017647,loss/joint_mean,3.271857571601868
119,1789020865.3017647,loss/pose_mean,9.543864250183105
119,1789020865.3017647,lr/attention.decay,0.0
119,1789020865.3017647,lr/attention.no_decay,0.0
119,1789020865.3017647,lr/backbone.decay,0.0
119,1789020865.3017647,lr/backbone.no_decay,0.0
119,1789020865.3017647,lr/detect_head.decay,6.665226781857453e-05
119,1789020865.3017647,lr/detect_head.no_decay,6.665226781857453e-05
119,1789020865.3017647,lr/masf.decay,3.332613390928726e-06
119,1789020865.3017647,lr/masf.no_decay,3.332613390928726e-06
119,1789020865.3017647,lr/neck.decay,2.499460043196544e-05
119,1789020865.3017647,lr/neck.no_decay,2.499460043196544e-05
119,1789020865.3017647,lr/pose_head.decay,6.665226781857453e-05
119,1789020865.3017647,lr/pose_head.no_decay,6.665226781857453e-05
119,1789020865.3017647,pose/component_0,1.3467419147491455
119,1789020865.3017647,pose/component_1,0.47503378987312317
119,1789020865.3017647,pose/component_2,0.30123013257980347
119,1789020865.3017647,pose/component_3,0.8156640529632568
119,1789020865.3017647,pose/component_4,0.00664745457470417
119,1789020865.3017647,pose/component_5,5.060856342315674
120,1789020866.4490185,amp/overflow_retries,0.0
120,1789020866.4490185,amp/scale,64.0
120,1789020866.4490185,detect/component_0,1.0870161056518555
120,1789020866.4490185,detect/component_1,0.9982351064682007
120,1789020866.4490185,detect/component_2,0.006976647302508354
120,1789020866.4490185,gradient/clipped_norm,1817.5865478515625
120,1789020866.4490185,images/detect,256.0
120,1789020866.4490185,images/pose,16.0
120,1789020866.4490185,loss/backward,168.2245651245117
120,1789020866.4490185,loss/detect_mean,1.7736311852931976
120,1789020866.4490185,loss/joint_mean,2.6285088300704955
120,1789020866.4490185,loss/pose_mean,6.0480194091796875
120,1789020866.4490185,lr/attention.decay,0.0
120,1789020866.4490185,lr/attention.no_decay,0.0
120,1789020866.4490185,lr/backbone.decay,0.0
120,1789020866.4490185,lr/backbone.no_decay,0.0
120,1789020866.4490185,lr/detect_head.decay,6.704103671706263e-05
120,1789020866.4490185,lr/detect_head.no_decay,6.704103671706263e-05
120,1789020866.4490185,lr/masf.decay,3.352051835853132e-06
120,1789020866.4490185,lr/masf.no_decay,3.352051835853132e-06
120,1789020866.4490185,lr/neck.decay,2.5140388768898482e-05
120,1789020866.4490185,lr/neck.no_decay,2.5140388768898482e-05
120,1789020866.4490185,lr/pose_head.decay,6.704103671706263e-05
120,1789020866.4490185,lr/pose_head.no_decay,6.704103671706263e-05
120,1789020866.4490185,pose/component_0,1.3253968954086304
120,1789020866.4490185,pose/component_1,0.17676936089992523
120,1789020866.4490185,pose/component_2,0.03857685625553131
120,1789020866.4490185,pose/component_3,0.9492105841636658
120,1789020866.4490185,pose/component_4,0.004145211540162563
120,1789020866.4490185,pose/component_5,2.6213274002075195
121,1789020867.6119635,amp/overflow_retries,0.0
121,1789020867.6119635,amp/scale,64.0
121,1789020867.6119635,detect/component_0,1.0813169479370117
121,1789020867.6119635,detect/component_1,1.0038912296295166
121,1789020867.6119635,detect/component_2,0.006495032459497452
121,1789020867.6119635,gradient/clipped_norm,1626.8564453125
121,1789020867.6119635,images/detect,256.0
121,1789020867.6119635,images/pose,16.0
121,1789020867.6119635,loss/backward,185.6982666015625
121,1789020867.6119635,loss/detect_mean,1.7260538339614868
121,1789020867.6119635,loss/joint_mean,2.901535415649414
121,1789020867.6119635,loss/pose_mean,7.603461742401123
121,1789020867.6119635,lr/attention.decay,0.0
121,1789020867.6119635,lr/attention.no_decay,0.0
121,1789020867.6119635,lr/backbone.decay,0.0
121,1789020867.6119635,lr/backbone.no_decay,0.0
121,1789020867.6119635,lr/detect_head.decay,6.742980561555077e-05
121,1789020867.6119635,lr/detect_head.no_decay,6.742980561555077e-05
121,1789020867.6119635,lr/masf.decay,3.3714902807775387e-06
121,1789020867.6119635,lr/masf.no_decay,3.3714902807775387e-06
121,1789020867.6119635,lr/neck.decay,2.5286177105831534e-05
121,1789020867.6119635,lr/neck.no_decay,2.5286177105831534e-05
121,1789020867.6119635,lr/pose_head.decay,6.742980561555077e-05
121,1789020867.6119635,lr/pose_head.no_decay,6.742980561555077e-05
121,1789020867.6119635,pose/component_0,1.4606379270553589
121,1789020867.6119635,pose/component_1,0.19216683506965637
121,1789020867.6119635,pose/component_2,0.12887483835220337
121,1789020867.6119635,pose/component_3,1.6072198152542114
121,1789020867.6119635,pose/component_4,0.00893973559141159
121,1789020867.6119635,pose/component_5,3.9831981658935547
122,1789020868.7839737,amp/overflow_retries,0.0
122,1789020868.7839737,amp/scale,64.0
122,1789020868.7839737,detect/component_0,1.0302963256835938
122,1789020868.7839737,detect/component_1,0.9776905179023743
122,1789020868.7839737,detect/component_2,0.0062270741909742355
122,1789020868.7839737,gradient/clipped_norm,1896.0443115234375
122,1789020868.7839737,images/detect,256.0
122,1789020868.7839737,images/pose,16.0
122,1789020868.7839737,loss/backward,166.11750564575195
122,1789020868.7839737,loss/detect_mean,1.6921448856592178
122,1789020868.7839737,loss/joint_mean,2.595586025714874
122,1789020868.7839737,loss/pose_mean,6.2093505859375
122,1789020868.7839737,lr/attention.decay,0.0
122,1789020868.7839737,lr/attention.no_decay,0.0
122,1789020868.7839737,lr/backbone.decay,0.0
122,1789020868.7839737,lr/backbone.no_decay,0.0
122,1789020868.7839737,lr/detect_head.decay,6.781857451403887e-05
122,1789020868.7839737,lr/detect_head.no_decay,6.781857451403887e-05
122,1789020868.7839737,lr/masf.decay,3.390928725701944e-06
122,1789020868.7839737,lr/masf.no_decay,3.390928725701944e-06
122,1789020868.7839737,lr/neck.decay,2.5431965442764576e-05
122,1789020868.7839737,lr/neck.no_decay,2.5431965442764576e-05
122,1789020868.7839737,lr/pose_head.decay,6.781857451403887e-05
122,1789020868.7839737,lr/pose_head.no_decay,6.781857451403887e-05
122,1789020868.7839737,pose/component_0,1.250293493270874
122,1789020868.7839737,pose/component_1,0.2156985104084015
122,1789020868.7839737,pose/component_2,0.11494625359773636
122,1789020868.7839737,pose/component_3,1.018162727355957
122,1789020868.7839737,pose/component_4,0.0049880435690283775
122,1789020868.7839737,pose/component_5,2.6666927337646484
123,1789020869.9386177,amp/overflow_retries,0.0
123,1789020869.9386177,amp/scale,64.0
123,1789020869.9386177,detect/component_0,1.0568293333053589
123,1789020869.9386177,detect/component_1,0.9324500560760498
123,1789020869.9386177,detect/component_2,0.006688096560537815
123,1789020869.9386177,gradient/clipped_norm,3276.5107421875
123,1789020869.9386177,images/detect,256.0
123,1789020869.9386177,images/pose,16.0
123,1789020869.9386177,loss/backward,161.70477294921875
123,1789020869.9386177,loss/detect_mean,1.6557114124298096
123,1789020869.9386177,loss/joint_mean,2.526637077331543
123,1789020869.9386177,loss/pose_mean,6.010339736938477
123,1789020869.9386177,lr/attention.decay,0.0
123,1789020869.9386177,lr/attention.no_decay,0.0
123,1789020869.9386177,lr/backbone.decay,0.0
123,1789020869.9386177,lr/backbone.no_decay,0.0
123,1789020869.9386177,lr/detect_head.decay,6.820734341252702e-05
123,1789020869.9386177,lr/detect_head.no_decay,6.820734341252702e-05
123,1789020869.9386177,lr/masf.decay,3.410367170626351e-06
123,1789020869.9386177,lr/masf.no_decay,3.410367170626351e-06
123,1789020869.9386177,lr/neck.decay,2.5577753779697625e-05
123,1789020869.9386177,lr/neck.no_decay,2.5577753779697625e-05
123,1789020869.9386177,lr/pose_head.decay,6.820734341252702e-05
123,1789020869.9386177,lr/pose_head.no_decay,6.820734341252702e-05
123,1789020869.9386177,pose/component_0,1.3603042364120483
123,1789020869.9386177,pose/component_1,0.07205383479595184
123,1789020869.9386177,pose/component_2,0.07094468176364899
123,1789020869.9386177,pose/component_3,1.029473066329956
123,1789020869.9386177,pose/component_4,0.003814686555415392
123,1789020869.9386177,pose/component_5,0.9444198608398438
124,1789020871.108719,amp/overflow_retries,0.0
124,1789020871.108719,amp/scale,64.0
124,1789020871.108719,detect/component_0,1.0892661809921265
124,1789020871.108719,detect/component_1,1.0108484029769897
124,1789020871.108719,detect/component_2,0.007094589993357658
124,1789020871.108719,gradient/clipped_norm,1668.6435546875
124,1789020871.108719,images/detect,256.0
124,1789020871.108719,images/pose,16.0
124,1789020871.108719,loss/backward,157.07451782226562
124,1789020871.108719,loss/detect_mean,1.7552433013916016
124,1789020871.108719,loss/joint_mean,2.4542893409729003
124,1789020871.108719,loss/pose_mean,5.250473499298096
124,1789020871.108719,lr/attention.decay,0.0
124,1789020871.108719,lr/attention.no_decay,0.0
124,1789020871.108719,lr/backbone.decay,0.0
124,1789020871.108719,lr/backbone.no_decay,0.0
124,1789020871.108719,lr/detect_head.decay,6.859611231101512e-05
124,1789020871.108719,lr/detect_head.no_decay,6.859611231101512e-05
124,1789020871.108719,lr/masf.decay,3.4298056155507564e-06
124,1789020871.108719,lr/masf.no_decay,3.4298056155507564e-06
124,1789020871.108719,lr/neck.decay,2.572354211663067e-05
124,1789020871.108719,lr/neck.no_decay,2.572354211663067e-05
124,1789020871.108719,lr/pose_head.decay,6.859611231101512e-05
124,1789020871.108719,lr/pose_head.no_decay,6.859611231101512e-05
124,1789020871.108719,pose/component_0,1.2318835258483887
124,1789020871.108719,pose/component_1,0.05776562914252281
124,1789020871.108719,pose/component_2,0.047075677663087845
124,1789020871.108719,pose/component_3,0.962465226650238
124,1789020871.108719,pose/component_4,0.0049967397935688496
124,1789020871.108719,pose/component_5,1.5687214136123657
125,1789020872.2782533,amp/overflow_retries,0.0
125,1789020872.2782533,amp/scale,64.0
125,1789020872.2782533,detect/component_0,1.0620959997177124
125,1789020872.2782533,detect/component_1,1.0150004625320435
125,1789020872.2782533,detect/component_2,0.007161044515669346
125,1789020872.2782533,gradient/clipped_norm,2140.28125
125,1789020872.2782533,images/detect,256.0
125,1789020872.2782533,images/pose,16.0
125,1789020872.2782533,loss/backward,150.41184921264647
125,1789020872.2782533,loss/detect_mean,1.7510577887296677
125,1789020872.2782533,loss/joint_mean,2.350185143947601
125,1789020872.2782533,loss/pose_mean,4.746694564819336
125,1789020872.2782533,lr/attention.decay,0.0
125,1789020872.2782533,lr/attention.no_decay,0.0
125,1789020872.2782533,lr/backbone.decay,0.0
125,1789020872.2782533,lr/backbone.no_decay,0.0
125,1789020872.2782533,lr/detect_head.decay,6.898488120950324e-05
125,1789020872.2782533,lr/detect_head.no_decay,6.898488120950324e-05
125,1789020872.2782533,lr/masf.decay,3.449244060475162e-06
125,1789020872.2782533,lr/masf.no_decay,3.449244060475162e-06
125,1789020872.2782533,lr/neck.decay,2.5869330453563712e-05
125,1789020872.2782533,lr/neck.no_decay,2.5869330453563712e-05
125,1789020872.2782533,lr/pose_head.decay,6.898488120950324e-05
125,1789020872.2782533,lr/pose_head.no_decay,6.898488120950324e-05
125,1789020872.2782533,pose/component_0,1.3942058086395264
125,1789020872.2782533,pose/component_1,0.10416743159294128
125,1789020872.2782533,pose/component_2,0.07055454701185226
125,1789020872.2782533,pose/component_3,0.7049550414085388
125,1789020872.2782533,pose/component_4,0.0033434233628213406
125,1789020872.2782533,pose/component_5,1.2582371234893799
126,1789020873.4578006,amp/overflow_retries,0.0
126,1789020873.4578006,amp/scale,64.0
126,1789020873.4578006,detect/component_0,1.063448190689087
126,1789020873.4578006,detect/component_1,0.9762318730354309
126,1789020873.4578006,detect/component_2,0.007240889593958855
126,1789020873.4578006,gradient/clipped_norm,2000.9913330078125
126,1789020873.4578006,images/detect,256.0
126,1789020873.4578006,images/pose,16.0
126,1789020873.4578006,loss/backward,151.67038803100587
126,1789020873.4578006,loss/detect_mean,1.776585504412651
126,1789020873.4578006,loss/joint_mean,2.3698498129844667
126,1789020873.4578006,loss/pose_mean,4.7429070472717285
126,1789020873.4578006,lr/attention.decay,0.0
126,1789020873.4578006,lr/attention.no_decay,0.0
126,1789020873.4578006,lr/backbone.decay,0.0
126,1789020873.4578006,lr/backbone.no_decay,0.0
126,1789020873.4578006,lr/detect_head.decay,6.937365010799137e-05
126,1789020873.4578006,lr/detect_head.no_decay,6.937365010799137e-05
126,1789020873.4578006,lr/masf.decay,3.4686825053995686e-06
126,1789020873.4578006,lr/masf.no_decay,3.4686825053995686e-06
126,1789020873.4578006,lr/neck.decay,2.601511879049676e-05
126,1789020873.4578006,lr/neck.no_decay,2.601511879049676e-05
126,1789020873.4578006,lr/pose_head.decay,6.937365010799137e-05
126,1789020873.4578006,lr/pose_head.no_decay,6.937365010799137e-05
126,1789020873.4578006,pose/component_0,1.1372162103652954
126,1789020873.4578006,pose/component_1,0.09532082080841064
126,1789020873.4578006,pose/component_2,0.04556655138731003
126,1789020873.4578006,pose/component_3,0.7515612244606018
126,1789020873.4578006,pose/component_4,0.010253209620714188
126,1789020873.4578006,pose/component_5,1.7374868392944336
127,1789020874.6040366,amp/overflow_retries,0.0
127,1789020874.6040366,amp/scale,64.0
127,1789020874.6040366,detect/component_0,1.0660768747329712
127,1789020874.6040366,detect/component_1,0.9806858897209167
127,1789020874.6040366,detect/component_2,0.006341500207781792
127,1789020874.6040366,gradient/clipped_norm,1689.515869140625
127,1789020874.6040366,images/detect,256.0
127,1789020874.6040366,images/pose,16.0
127,1789020874.6040366,loss/backward,156.2906410217285
127,1789020874.6040366,loss/detect_mean,1.7433958798646927
127,1789020874.6040366,loss/joint_mean,2.442041265964508
127,1789020874.6040366,loss/pose_mean,5.2366228103637695
127,1789020874.6040366,lr/attention.decay,0.0
127,1789020874.6040366,lr/attention.no_decay,0.0
127,1789020874.6040366,lr/backbone.decay,0.0
127,1789020874.6040366,lr/backbone.no_decay,0.0
127,1789020874.6040366,lr/detect_head.decay,6.976241900647948e-05
127,1789020874.6040366,lr/detect_head.no_decay,6.976241900647948e-05
127,1789020874.6040366,lr/masf.decay,3.4881209503239745e-06
127,1789020874.6040366,lr/masf.no_decay,3.4881209503239745e-06
127,1789020874.6040366,lr/neck.decay,2.6160907127429803e-05
127,1789020874.6040366,lr/neck.no_decay,2.6160907127429803e-05
127,1789020874.6040366,lr/pose_head.decay,6.976241900647948e-05
127,1789020874.6040366,lr/pose_head.no_decay,6.976241900647948e-05
127,1789020874.6040366,pose/component_0,1.2526353597640991
127,1789020874.6040366,pose/component_1,0.10148264467716217
127,1789020874.6040366,pose/component_2,0.020708341151475906
127,1789020874.6040366,pose/component_3,0.9555310606956482
127,1789020874.6040366,pose/component_4,0.0035900911316275597
127,1789020874.6040366,pose/component_5,2.0409393310546875
128,1789020875.75185,amp/overflow_retries,0.0
128,1789020875.75185,amp/scale,64.0
128,1789020875.75185,detect/component_0,1.107178807258606
128,1789020875.75185,detect/component_1,1.0037741661071777
128,1789020875.75185,detect/component_2,0.007110413163900375
128,1789020875.75185,gradient/clipped_norm,2492.88037109375
128,1789020875.75185,images/detect,256.0
128,1789020875.75185,images/pose,16.0
128,1789020875.75185,loss/backward,202.95942077636718
128,1789020875.75185,loss/detect_mean,1.7765836119651794
128,1789020875.75185,loss/joint_mean,3.171240949630737
128,1789020875.75185,loss/pose_mean,8.749870300292969
128,1789020875.75185,lr/attention.decay,0.0
128,1789020875.75185,lr/attention.no_decay,0.0
128,1789020875.75185,lr/backbone.decay,0.0
128,1789020875.75185,lr/backbone.no_decay,0.0
128,1789020875.75185,lr/detect_head.decay,7.01511879049676e-05
128,1789020875.75185,lr/detect_head.no_decay,7.01511879049676e-05
128,1789020875.75185,lr/masf.decay,3.50755939524838e-06
128,1789020875.75185,lr/masf.no_decay,3.50755939524838e-06
128,1789020875.75185,lr/neck.decay,2.6306695464362845e-05
128,1789020875.75185,lr/neck.no_decay,2.6306695464362845e-05
128,1789020875.75185,lr/pose_head.decay,7.01511879049676e-05
128,1789020875.75185,lr/pose_head.no_decay,7.01511879049676e-05
128,1789020875.75185,pose/component_0,1.0754402875900269
128,1789020875.75185,pose/component_1,0.2877659797668457
128,1789020875.75185,pose/component_2,0.017176618799567223
128,1789020875.75185,pose/component_3,0.6110005378723145
128,1789020875.75185,pose/component_4,0.003870956599712372
128,1789020875.75185,pose/component_5,5.615467071533203
129,1789020876.9116714,amp/overflow_retries,0.0
129,1789020876.9116714,amp/scale,64.0
129,1789020876.9116714,detect/component_0,1.1228749752044678
129,1789020876.9116714,detect/component_1,0.999394953250885
129,1789020876.9116714,detect/component_2,0.006837199442088604
129,1789020876.9116714,gradient/clipped_norm,4776.2705078125
129,1789020876.9116714,images/detect,256.0
129,1789020876.9116714,images/pose,16.0
129,1789020876.9116714,loss/backward,153.63270645141603
129,1789020876.9116714,loss/detect_mean,1.7938271313905716
129,1789020876.9116714,loss/joint_mean,2.4005110383033754
129,1789020876.9116714,loss/pose_mean,4.82724666595459
129,1789020876.9116714,lr/attention.decay,0.0
129,1789020876.9116714,lr/attention.no_decay,0.0
129,1789020876.9116714,lr/backbone.decay,0.0
129,1789020876.9116714,lr/backbone.no_decay,0.0
129,1789020876.9116714,lr/detect_head.decay,7.053995680345573e-05
129,1789020876.9116714,lr/detect_head.no_decay,7.053995680345573e-05
129,1789020876.9116714,lr/masf.decay,3.5269978401727867e-06
129,1789020876.9116714,lr/masf.no_decay,3.5269978401727867e-06
129,1789020876.9116714,lr/neck.decay,2.6452483801295897e-05
129,1789020876.9116714,lr/neck.no_decay,2.6452483801295897e-05
129,1789020876.9116714,lr/pose_head.decay,7.053995680345573e-05
129,1789020876.9116714,lr/pose_head.no_decay,7.053995680345573e-05
129,1789020876.9116714,pose/component_0,0.8931063413619995
129,1789020876.9116714,pose/component_1,0.051790907979011536
129,1789020876.9116714,pose/component_2,0.06661295890808105
129,1789020876.9116714,pose/component_3,0.5537399053573608
129,1789020876.9116714,pose/component_4,0.0031837080605328083
129,1789020876.9116714,pose/component_5,1.678996205329895
130,1789020878.066881,amp/overflow_retries,0.0
130,1789020878.066881,amp/scale,64.0
130,1789020878.066881,detect/component_0,1.1502599716186523
130,1789020878.066881,detect/component_1,1.0201036930084229
130,1789020878.066881,detect/component_2,0.006836212705820799
130,1789020878.066881,gradient/clipped_norm,2268.8046875
130,1789020878.066881,images/detect,256.0
130,1789020878.066881,images/pose,16.0
130,1789020878.066881,loss/backward,170.91742858886718
130,1789020878.066881,loss/detect_mean,1.805908977985382
130,1789020878.066881,loss/joint_mean,2.6705848217010497
130,1789020878.066881,loss/pose_mean,6.129288196563721
130,1789020878.066881,lr/attention.decay,0.0
130,1789020878.066881,lr/attention.no_decay,0.0
130,1789020878.066881,lr/backbone.decay,0.0
130,1789020878.066881,lr/backbone.no_decay,0.0
130,1789020878.066881,lr/detect_head.decay,7.092872570194385e-05
130,1789020878.066881,lr/detect_head.no_decay,7.092872570194385e-05
130,1789020878.066881,lr/masf.decay,3.5464362850971922e-06
130,1789020878.066881,lr/masf.no_decay,3.5464362850971922e-06
130,1789020878.066881,lr/neck.decay,2.659827213822894e-05
130,1789020878.066881,lr/neck.no_decay,2.659827213822894e-05
130,1789020878.066881,lr/pose_head.decay,7.092872570194385e-05
130,1789020878.066881,lr/pose_head.no_decay,7.092872570194385e-05
130,1789020878.066881,pose/component_0,1.3239541053771973
130,1789020878.066881,pose/component_1,0.05835948884487152
130,1789020878.066881,pose/component_2,0.08865022659301758
130,1789020878.066881,pose/component_3,1.0485388040542603
130,1789020878.066881,pose/component_4,0.007546896114945412
130,1789020878.066881,pose/component_5,1.7515398263931274
131,1789020879.2334955,amp/overflow_retries,0.0
131,1789020879.2334955,amp/scale,64.0
131,1789020879.2334955,detect/component_0,1.1004265546798706
131,1789020879.2334955,detect/component_1,1.0624043941497803
131,1789020879.2334955,detect/component_2,0.007732748985290527
131,1789020879.2334955,gradient/clipped_norm,2156.928955078125
131,1789020879.2334955,images/detect,256.0
131,1789020879.2334955,images/pose,16.0
131,1789020879.2334955,loss/backward,149.58942489624025
131,1789020879.2334955,loss/detect_mean,1.8360267132520676
131,1789020879.2334955,loss/joint_mean,2.337334764003754
131,1789020879.2334955,loss/pose_mean,4.342566967010498
131,1789020879.2334955,lr/attention.decay,0.0
131,1789020879.2334955,lr/attention.no_decay,0.0
131,1789020879.2334955,lr/backbone.decay,0.0
131,1789020879.2334955,lr/backbone.no_decay,0.0
131,1789020879.2334955,lr/detect_head.decay,7.131749460043198e-05
131,1789020879.2334955,lr/detect_head.no_decay,7.131749460043198e-05
131,1789020879.2334955,lr/masf.decay,3.565874730021599e-06
131,1789020879.2334955,lr/masf.no_decay,3.565874730021599e-06
131,1789020879.2334955,lr/neck.decay,2.6744060475161988e-05
131,1789020879.2334955,lr/neck.no_decay,2.6744060475161988e-05
131,1789020879.2334955,lr/pose_head.decay,7.131749460043198e-05
131,1789020879.2334955,lr/pose_head.no_decay,7.131749460043198e-05
131,1789020879.2334955,pose/component_0,1.4823294878005981
131,1789020879.2334955,pose/component_1,0.09737721085548401
131,1789020879.2334955,pose/component_2,0.036942511796951294
131,1789020879.2334955,pose/component_3,0.7662355899810791
131,1789020879.2334955,pose/component_4,0.004055583383888006
131,1789020879.2334955,pose/component_5,1.1050528287887573
132,1789020880.3823385,amp/overflow_retries,0.0
132,1789020880.3823385,amp/scale,64.0
132,1789020880.3823385,detect/component_0,1.1230990886688232
132,1789020880.3823385,detect/component_1,1.0322697162628174
132,1789020880.3823385,detect/component_2,0.008051162585616112
132,1789020880.3823385,gradient/clipped_norm,1970.0863037109375
132,1789020880.3823385,images/detect,256.0
132,1789020880.3823385,images/pose,16.0
132,1789020880.3823385,loss/backward,165.081941986084
132,1789020880.3823385,loss/detect_mean,1.8443294018507004
132,1789020880.3823385,loss/joint_mean,2.5794053435325623
132,1789020880.3823385,loss/pose_mean,5.51970911026001
132,1789020880.3823385,lr/attention.decay,0.0
132,1789020880.3823385,lr/attention.no_decay,0.0
132,1789020880.3823385,lr/backbone.decay,0.0
132,1789020880.3823385,lr/backbone.no_decay,0.0
132,1789020880.3823385,lr/detect_head.decay,7.170626349892009e-05
132,1789020880.3823385,lr/detect_head.no_decay,7.170626349892009e-05
132,1789020880.3823385,lr/masf.decay,3.5853131749460044e-06
132,1789020880.3823385,lr/masf.no_decay,3.5853131749460044e-06
132,1789020880.3823385,lr/neck.decay,2.688984881209503e-05
132,1789020880.3823385,lr/neck.no_decay,2.688984881209503e-05
132,1789020880.3823385,lr/pose_head.decay,7.170626349892009e-05
132,1789020880.3823385,lr/pose_head.no_decay,7.170626349892009e-05
132,1789020880.3823385,pose/component_0,1.2605507373809814
132,1789020880.3823385,pose/component_1,0.07315225899219513
132,1789020880.3823385,pose/component_2,0.014462044462561607
132,1789020880.3823385,pose/component_3,0.686090350151062
132,1789020880.3823385,pose/component_4,0.0042774854227900505
132,1789020880.3823385,pose/component_5,1.932230830192566
133,1789020881.5395036,amp/overflow_retries,0.0
133,1789020881.5395036,amp/scale,64.0
133,1789020881.5395036,detect/component_0,1.0650265216827393
133,1789020881.5395036,detect/component_1,0.9404571652412415
133,1789020881.5395036,detect/component_2,0.0066756210289895535
133,1789020881.5395036,gradient/clipped_norm,2648.019775390625
133,1789020881.5395036,images/detect,256.0
133,1789020881.5395036,images/pose,16.0
133,1789020881.5395036,loss/backward,174.41840896606445
133,1789020881.5395036,loss/detect_mean,1.7053856998682022
133,1789020881.5395036,loss/joint_mean,2.725287640094757
133,1789020881.5395036,loss/pose_mean,6.804895401000977
133,1789020881.5395036,lr/attention.decay,0.0
133,1789020881.5395036,lr/attention.no_decay,0.0
133,1789020881.5395036,lr/backbone.decay,0.0
133,1789020881.5395036,lr/backbone.no_decay,0.0
133,1789020881.5395036,lr/detect_head.decay,7.209503239740821e-05
133,1789020881.5395036,lr/detect_head.no_decay,7.209503239740821e-05
133,1789020881.5395036,lr/masf.decay,3.6047516198704103e-06
133,1789020881.5395036,lr/masf.no_decay,3.6047516198704103e-06
133,1789020881.5395036,lr/neck.decay,2.703563714902807e-05
133,1789020881.5395036,lr/neck.no_decay,2.703563714902807e-05
133,1789020881.5395036,lr/pose_head.decay,7.209503239740821e-05
133,1789020881.5395036,lr/pose_head.no_decay,7.209503239740821e-05
133,1789020881.5395036,pose/component_0,1.3108625411987305
133,1789020881.5395036,pose/component_1,0.12220212817192078
133,1789020881.5395036,pose/component_2,0.03228594735264778
133,1789020881.5395036,pose/component_3,0.7658922076225281
133,1789020881.5395036,pose/component_4,0.007911501452326775
133,1789020881.5395036,pose/component_5,3.245842933654785
134,1789020882.702404,amp/overflow_retries,0.0
134,1789020882.702404,amp/scale,64.0
134,1789020882.702404,detect/component_0,1.0704843997955322
134,1789020882.702404,detect/component_1,0.9988871812820435
134,1789020882.702404,detect/component_2,0.006535954307764769
134,1789020882.702404,gradient/clipped_norm,3387.54052734375
134,1789020882.702404,images/detect,256.0
134,1789020882.702404,images/pose,16.0
134,1789020882.702404,loss/backward,169.96102981567384
134,1789020882.702404,loss/detect_mean,1.7593298107385635
134,1789020882.702404,loss/joint_mean,2.6556410908699037
134,1789020882.702404,loss/pose_mean,6.240886211395264
134,1789020882.702404,lr/attention.decay,0.0
134,1789020882.702404,lr/attention.no_decay,0.0
134,1789020882.702404,lr/backbone.decay,0.0
134,1789020882.702404,lr/backbone.no_decay,0.0
134,1789020882.702404,lr/detect_head.decay,7.248380129589634e-05
134,1789020882.702404,lr/detect_head.no_decay,7.248380129589634e-05
134,1789020882.702404,lr/masf.decay,3.624190064794817e-06
134,1789020882.702404,lr/masf.no_decay,3.624190064794817e-06
134,1789020882.702404,lr/neck.decay,2.7181425485961124e-05
134,1789020882.702404,lr/neck.no_decay,2.7181425485961124e-05
134,1789020882.702404,lr/pose_head.decay,7.248380129589634e-05
134,1789020882.702404,lr/pose_head.no_decay,7.248380129589634e-05
134,1789020882.702404,pose/component_0,1.3660893440246582
134,1789020882.702404,pose/component_1,0.11533264815807343
134,1789020882.702404,pose/component_2,0.023501107469201088
134,1789020882.702404,pose/component_3,0.7897132039070129
134,1789020882.702404,pose/component_4,0.0044625005684792995
134,1789020882.702404,pose/component_5,2.2974395751953125
135,1789020883.8778608,amp/overflow_retries,0.0
135,1789020883.8778608,amp/scale,64.0
135,1789020883.8778608,detect/component_0,1.1406358480453491
135,1789020883.8778608,detect/component_1,1.001100778579712
135,1789020883.8778608,detect/component_2,0.007200367283076048
135,1789020883.8778608,gradient/clipped_norm,6188.85009765625
135,1789020883.8778608,images/detect,256.0
135,1789020883.8778608,images/pose,16.0
135,1789020883.8778608,loss/backward,167.7147300720215
135,1789020883.8778608,loss/detect_mean,1.7793008536100388
135,1789020883.8778608,loss/joint_mean,2.620542657375336
135,1789020883.8778608,loss/pose_mean,5.985509872436523
135,1789020883.8778608,lr/attention.decay,0.0
135,1789020883.8778608,lr/attention.no_decay,0.0
135,1789020883.8778608,lr/backbone.decay,0.0
135,1789020883.8778608,lr/backbone.no_decay,0.0
135,1789020883.8778608,lr/detect_head.decay,7.287257019438445e-05
135,1789020883.8778608,lr/detect_head.no_decay,7.287257019438445e-05
135,1789020883.8778608,lr/masf.decay,3.6436285097192226e-06
135,1789020883.8778608,lr/masf.no_decay,3.6436285097192226e-06
135,1789020883.8778608,lr/neck.decay,2.7327213822894165e-05
135,1789020883.8778608,lr/neck.no_decay,2.7327213822894165e-05
135,1789020883.8778608,lr/pose_head.decay,7.287257019438445e-05
135,1789020883.8778608,lr/pose_head.no_decay,7.287257019438445e-05
135,1789020883.8778608,pose/component_0,1.0329320430755615
135,1789020883.8778608,pose/component_1,0.038848720490932465
135,1789020883.8778608,pose/component_2,0.03537106513977051
135,1789020883.8778608,pose/component_3,0.6120520830154419
135,1789020883.8778608,pose/component_4,0.0043546524830162525
135,1789020883.8778608,pose/component_5,0.2636145055294037
136,1789020885.0323386,amp/overflow_retries,0.0
136,1789020885.0323386,amp/scale,64.0
136,1789020885.0323386,detect/component_0,1.1161398887634277
136,1789020885.0323386,detect/component_1,1.0360066890716553
136,1789020885.0323386,detect/component_2,0.0072844307869672775
136,1789020885.0323386,gradient/clipped_norm,2363.635986328125
136,1789020885.0323386,images/detect,256.0
136,1789020885.0323386,images/pose,16.0
136,1789020885.0323386,loss/backward,167.1124465942383
136,1789020885.0323386,loss/detect_mean,1.819695383310318
136,1789020885.0323386,loss/joint_mean,2.6111319780349733
136,1789020885.0323386,loss/pose_mean,5.776878356933594
136,1789020885.0323386,lr/attention.decay,0.0
136,1789020885.0323386,lr/attention.no_decay,0.0
136,1789020885.0323386,lr/backbone.decay,0.0
136,1789020885.0323386,lr/backbone.no_decay,0.0
136,1789020885.0323386,lr/detect_head.decay,7.326133909287258e-05
136,1789020885.0323386,lr/detect_head.no_decay,7.326133909287258e-05
136,1789020885.0323386,lr/masf.decay,3.6630669546436293e-06
136,1789020885.0323386,lr/masf.no_decay,3.6630669546436293e-06
136,1789020885.0323386,lr/neck.decay,2.7473002159827214e-05
136,1789020885.0323386,lr/neck.no_decay,2.7473002159827214e-05
136,1789020885.0323386,lr/pose_head.decay,7.326133909287258e-05
136,1789020885.0323386,lr/pose_head.no_decay,7.326133909287258e-05
136,1789020885.0323386,pose/component_0,1.3063225746154785
136,1789020885.0323386,pose/component_1,0.08283882588148117
136,1789020885.0323386,pose/component_2,0.05515245720744133
136,1789020885.0323386,pose/component_3,0.656679630279541
136,1789020885.0323386,pose/component_4,0.003537336364388466
136,1789020885.0323386,pose/component_5,1.4264519214630127
137,1789020886.1853695,amp/overflow_retries,0.0
137,1789020886.1853695,amp/scale,64.0
137,1789020886.1853695,detect/component_0,1.0412064790725708
137,1789020886.1853695,detect/component_1,0.989959180355072
137,1789020886.1853695,detect/component_2,0.007354949600994587
137,1789020886.1853695,gradient/clipped_norm,1556.547119140625
137,1789020886.1853695,images/detect,256.0
137,1789020886.1853695,images/pose,16.0
137,1789020886.1853695,loss/backward,151.16246490478517
137,1789020886.1853695,loss/detect_mean,1.7500019371509552
137,1789020886.1853695,loss/joint_mean,2.3619135141372682
137,1789020886.1853695,loss/pose_mean,4.8095598220825195
137,1789020886.1853695,lr/attention.decay,0.0
137,1789020886.1853695,lr/attention.no_decay,0.0
137,1789020886.1853695,lr/backbone.decay,0.0
137,1789020886.1853695,lr/backbone.no_decay,0.0
137,1789020886.1853695,lr/detect_head.decay,7.36501079913607e-05
137,1789020886.1853695,lr/detect_head.no_decay,7.36501079913607e-05
137,1789020886.1853695,lr/masf.decay,3.682505399568035e-06
137,1789020886.1853695,lr/masf.no_decay,3.682505399568035e-06
137,1789020886.1853695,lr/neck.decay,2.7618790496760256e-05
137,1789020886.1853695,lr/neck.no_decay,2.7618790496760256e-05
137,1789020886.1853695,lr/pose_head.decay,7.36501079913607e-05
137,1789020886.1853695,lr/pose_head.no_decay,7.36501079913607e-05
137,1789020886.1853695,pose/component_0,1.0083003044128418
137,1789020886.1853695,pose/component_1,0.057447001338005066
137,1789020886.1853695,pose/component_2,0.10777823626995087
137,1789020886.1853695,pose/component_3,0.755122184753418
137,1789020886.1853695,pose/component_4,0.0038064350374042988
137,1789020886.1853695,pose/component_5,1.5101227760314941
138,1789020887.344188,amp/overflow_retries,0.0
138,1789020887.344188,amp/scale,64.0
138,1789020887.344188,detect/component_0,1.053911805152893
138,1789020887.344188,detect/component_1,0.9865511655807495
138,1789020887.344188,detect/component_2,0.0078003560192883015
138,1789020887.344188,gradient/clipped_norm,4808.49853515625
138,1789020887.344188,images/detect,256.0
138,1789020887.344188,images/pose,16.0
138,1789020887.344188,loss/backward,174.29840240478515
138,1789020887.344188,loss/detect_mean,1.7923555672168732
138,1789020887.344188,loss/joint_mean,2.723412537574768
138,1789020887.344188,loss/pose_mean,6.447640419006348
138,1789020887.344188,lr/attention.decay,0.0
138,1789020887.344188,lr/attention.no_decay,0.0
138,1789020887.344188,lr/backbone.decay,0.0
138,1789020887.344188,lr/backbone.no_decay,0.0
138,1789020887.344188,lr/detect_head.decay,7.40388768898488e-05
138,1789020887.344188,lr/detect_head.no_decay,7.40388768898488e-05
138,1789020887.344188,lr/masf.decay,3.7019438444924403e-06
138,1789020887.344188,lr/masf.no_decay,3.7019438444924403e-06
138,1789020887.344188,lr/neck.decay,2.7764578833693298e-05
138,1789020887.344188,lr/neck.no_decay,2.7764578833693298e-05
138,1789020887.344188,lr/pose_head.decay,7.40388768898488e-05
138,1789020887.344188,lr/pose_head.no_decay,7.40388768898488e-05
138,1789020887.344188,pose/component_0,1.209593415260315
138,1789020887.344188,pose/component_1,0.10971846431493759
138,1789020887.344188,pose/component_2,0.012870728969573975
138,1789020887.344188,pose/component_3,0.8385943174362183
138,1789020887.344188,pose/component_4,0.003964889794588089
138,1789020887.344188,pose/component_5,2.925743341445923
139,1789020888.514802,amp/overflow_retries,0.0
139,1789020888.514802,amp/scale,64.0
139,1789020888.514802,detect/component_0,1.042585015296936
139,1789020888.514802,detect/component_1,0.9837217330932617
139,1789020888.514802,detect/component_2,0.007197525352239609
139,1789020888.514802,gradient/clipped_norm,2512.43798828125
139,1789020888.514802,images/detect,256.0
139,1789020888.514802,images/pose,16.0
139,1789020888.514802,loss/backward,166.29461364746095
139,1789020888.514802,loss/detect_mean,1.7468859553337097
139,1789020888.514802,loss/joint_mean,2.5983533382415773
139,1789020888.514802,loss/pose_mean,6.004222869873047
139,1789020888.514802,lr/attention.decay,0.0
139,1789020888.514802,lr/attention.no_decay,0.0
139,1789020888.514802,lr/backbone.decay,0.0
139,1789020888.514802,lr/backbone.no_decay,0.0
139,1789020888.514802,lr/detect_head.decay,7.442764578833695e-05
139,1789020888.514802,lr/detect_head.no_decay,7.442764578833695e-05
139,1789020888.514802,lr/masf.decay,3.721382289416847e-06
139,1789020888.514802,lr/masf.no_decay,3.721382289416847e-06
139,1789020888.514802,lr/neck.decay,2.791036717062635e-05
139,1789020888.514802,lr/neck.no_decay,2.791036717062635e-05
139,1789020888.514802,lr/pose_head.decay,7.442764578833695e-05
139,1789020888.514802,lr/pose_head.no_decay,7.442764578833695e-05
139,1789020888.514802,pose/component_0,1.2781245708465576
139,1789020888.514802,pose/component_1,0.07196254283189774
139,1789020888.514802,pose/component_2,0.06871600449085236
139,1789020888.514802,pose/component_3,1.0610884428024292
139,1789020888.514802,pose/component_4,0.004362862557172775
139,1789020888.514802,pose/component_5,2.1149168014526367
140,1789020889.6612995,amp/overflow_retries,0.0
140,1789020889.6612995,amp/scale,64.0
140,1789020889.6612995,detect/component_0,1.0832897424697876
140,1789020889.6612995,detect/component_1,0.9547542333602905
140,1789020889.6612995,detect/component_2,0.006626616232097149
140,1789020889.6612995,gradient/clipped_norm,1690.79150390625
140,1789020889.6612995,images/detect,256.0
140,1789020889.6612995,images/pose,16.0
140,1789020889.6612995,loss/backward,154.13005447387695
140,1789020889.6612995,loss/detect_mean,1.7184407860040665
140,1789020889.6612995,loss/joint_mean,2.4082821011543274
140,1789020889.6612995,loss/pose_mean,5.167647361755371
140,1789020889.6612995,lr/attention.decay,0.0
140,1789020889.6612995,lr/attention.no_decay,0.0
140,1789020889.6612995,lr/backbone.decay,0.0
140,1789020889.6612995,lr/backbone.no_decay,0.0
140,1789020889.6612995,lr/detect_head.decay,7.481641468682505e-05
140,1789020889.6612995,lr/detect_head.no_decay,7.481641468682505e-05
140,1789020889.6612995,lr/masf.decay,3.740820734341253e-06
140,1789020889.6612995,lr/masf.no_decay,3.740820734341253e-06
140,1789020889.6612995,lr/neck.decay,2.8056155507559392e-05
140,1789020889.6612995,lr/neck.no_decay,2.8056155507559392e-05
140,1789020889.6612995,lr/pose_head.decay,7.481641468682505e-05
140,1789020889.6612995,lr/pose_head.no_decay,7.481641468682505e-05
140,1789020889.6612995,pose/component_0,1.2048912048339844
140,1789020889.6612995,pose/component_1,0.06003314256668091
140,1789020889.6612995,pose/component_2,0.08493586629629135
140,1789020889.6612995,pose/component_3,0.6669175028800964
140,1789020889.6612995,pose/component_4,0.005688090808689594
140,1789020889.6612995,pose/component_5,1.881026268005371
141,1789020890.8096287,amp/overflow_retries,0.0
141,1789020890.8096287,amp/scale,64.0
141,1789020890.8096287,detect/component_0,1.0734498500823975
141,1789020890.8096287,detect/component_1,0.982596755027771
141,1789020890.8096287,detect/component_2,0.0069722202606499195
141,1789020890.8096287,gradient/clipped_norm,2487.392822265625
141,1789020890.8096287,images/detect,256.0
141,1789020890.8096287,images/pose,16.0
141,1789020890.8096287,loss/backward,179.8349708557129
141,1789020890.8096287,loss/detect_mean,1.7294599562883377
141,1789020890.8096287,loss/joint_mean,2.809921419620514
141,1789020890.8096287,loss/pose_mean,7.131767272949219
141,1789020890.8096287,lr/attention.decay,0.0
141,1789020890.8096287,lr/attention.no_decay,0.0
141,1789020890.8096287,lr/backbone.decay,0.0
141,1789020890.8096287,lr/backbone.no_decay,0.0
141,1789020890.8096287,lr/detect_head.decay,7.520518358531317e-05
141,1789020890.8096287,lr/detect_head.no_decay,7.520518358531317e-05
141,1789020890.8096287,lr/masf.decay,3.7602591792656584e-06
141,1789020890.8096287,lr/masf.no_decay,3.7602591792656584e-06
141,1789020890.8096287,lr/neck.decay,2.8201943844492434e-05
141,1789020890.8096287,lr/neck.no_decay,2.8201943844492434e-05
141,1789020890.8096287,lr/pose_head.decay,7.520518358531317e-05
141,1789020890.8096287,lr/pose_head.no_decay,7.520518358531317e-05
141,1789020890.8096287,pose/component_0,1.2590734958648682
141,1789020890.8096287,pose/component_1,0.11063206940889359
141,1789020890.8096287,pose/component_2,0.1264704167842865
141,1789020890.8096287,pose/component_3,0.9316371083259583
141,1789020890.8096287,pose/component_4,0.00613050302490592
141,1789020890.8096287,pose/component_5,3.2864060401916504
142,1789020891.9684172,amp/overflow_retries,0.0
142,1789020891.9684172,amp/scale,64.0
142,1789020891.9684172,detect/component_0,1.0683565139770508
142,1789020891.9684172,detect/component_1,0.977333664894104
142,1789020891.9684172,detect/component_2,0.006698730401694775
142,1789020891.9684172,gradient/clipped_norm,1353.010986328125
142,1789020891.9684172,images/detect,256.0
142,1789020891.9684172,images/pose,16.0
142,1789020891.9684172,loss/backward,145.76018142700195
142,1789020891.9684172,loss/detect_mean,1.7043836265802383
142,1789020891.9684172,loss/joint_mean,2.2775028347969055
142,1789020891.9684172,loss/pose_mean,4.569979667663574
142,1789020891.9684172,lr/attention.decay,0.0
142,1789020891.9684172,lr/attention.no_decay,0.0
142,1789020891.9684172,lr/backbone.decay,0.0
142,1789020891.9684172,lr/backbone.no_decay,0.0
142,1789020891.9684172,lr/detect_head.decay,7.55939524838013e-05
142,1789020891.9684172,lr/detect_head.no_decay,7.55939524838013e-05
142,1789020891.9684172,lr/masf.decay,3.779697624190065e-06
142,1789020891.9684172,lr/masf.no_decay,3.779697624190065e-06
142,1789020891.9684172,lr/neck.decay,2.8347732181425483e-05
142,1789020891.9684172,lr/neck.no_decay,2.8347732181425483e-05
142,1789020891.9684172,lr/pose_head.decay,7.55939524838013e-05
142,1789020891.9684172,lr/pose_head.no_decay,7.55939524838013e-05
142,1789020891.9684172,pose/component_0,1.0568515062332153
142,1789020891.9684172,pose/component_1,0.056193627417087555
142,1789020891.9684172,pose/component_2,0.03757272660732269
142,1789020891.9684172,pose/component_3,0.8555428981781006
142,1789020891.9684172,pose/component_4,0.00531679717823863
142,1789020891.9684172,pose/component_5,1.78153395652771
143,1789020893.128423,amp/overflow_retries,0.0
143,1789020893.128423,amp/scale,64.0
143,1789020893.128423,detect/component_0,1.1465622186660767
143,1789020893.128423,detect/component_1,1.0407054424285889
143,1789020893.128423,detect/component_2,0.006806220393627882
143,1789020893.128423,gradient/clipped_norm,1701.2293701171875
143,1789020893.128423,images/detect,256.0
143,1789020893.128423,images/pose,16.0
143,1789020893.128423,loss/backward,152.34256973266602
143,1789020893.128423,loss/detect_mean,1.7979236394166946
143,1789020893.128423,loss/joint_mean,2.3803526520729066
143,1789020893.128423,loss/pose_mean,4.710068702697754
143,1789020893.128423,lr/attention.decay,0.0
143,1789020893.128423,lr/attention.no_decay,0.0
143,1789020893.128423,lr/backbone.decay,0.0
143,1789020893.128423,lr/backbone.no_decay,0.0
143,1789020893.128423,lr/detect_head.decay,7.598272138228941e-05
143,1789020893.128423,lr/detect_head.no_decay,7.598272138228941e-05
143,1789020893.128423,lr/masf.decay,3.7991360691144706e-06
143,1789020893.128423,lr/masf.no_decay,3.7991360691144706e-06
143,1789020893.128423,lr/neck.decay,2.8493520518358525e-05
143,1789020893.128423,lr/neck.no_decay,2.8493520518358525e-05
143,1789020893.128423,lr/pose_head.decay,7.598272138228941e-05
143,1789020893.128423,lr/pose_head.no_decay,7.598272138228941e-05
143,1789020893.128423,pose/component_0,1.125813603401184
143,1789020893.128423,pose/component_1,0.05207637697458267
143,1789020893.128423,pose/component_2,0.1061941608786583
143,1789020893.128423,pose/component_3,0.9028977751731873
143,1789020893.128423,pose/component_4,0.003006522310897708
143,1789020893.128423,pose/component_5,1.3142485618591309
144,1789020894.2734737,amp/overflow_retries,0.0
144,1789020894.2734737,amp/scale,64.0
144,1789020894.2734737,detect/component_0,1.0787501335144043
144,1789020894.2734737,detect/component_1,0.9364954233169556
144,1789020894.2734737,detect/component_2,0.0068984488025307655
144,1789020894.2734737,gradient/clipped_norm,2328.5048828125
144,1789020894.2734737,images/detect,256.0
144,1789020894.2734737,images/pose,16.0
144,1789020894.2734737,loss/backward,152.99920043945312
144,1789020894.2734737,loss/detect_mean,1.7012101411819458
144,1789020894.2734737,loss/joint_mean,2.390612506866455
144,1789020894.2734737,loss/pose_mean,5.148221969604492
144,1789020894.2734737,lr/attention.decay,0.0
144,1789020894.2734737,lr/attention.no_decay,0.0
144,1789020894.2734737,lr/backbone.decay,0.0
144,1789020894.2734737,lr/backbone.no_decay,0.0
144,1789020894.2734737,lr/detect_head.decay,7.637149028077754e-05
144,1789020894.2734737,lr/detect_head.no_decay,7.637149028077754e-05
144,1789020894.2734737,lr/masf.decay,3.818574514038878e-06
144,1789020894.2734737,lr/masf.no_decay,3.818574514038878e-06
144,1789020894.2734737,lr/neck.decay,2.8639308855291577e-05
144,1789020894.2734737,lr/neck.no_decay,2.8639308855291577e-05
144,1789020894.2734737,lr/pose_head.decay,7.637149028077754e-05
144,1789020894.2734737,lr/pose_head.no_decay,7.637149028077754e-05
144,1789020894.2734737,pose/component_0,1.2109335660934448
144,1789020894.2734737,pose/component_1,0.06964263319969177
144,1789020894.2734737,pose/component_2,0.015067883767187595
144,1789020894.2734737,pose/component_3,0.850695788860321
144,1789020894.2734737,pose/component_4,0.004685118794441223
144,1789020894.2734737,pose/component_5,2.4001829624176025
145,1789020895.4495354,amp/overflow_retries,0.0
145,1789020895.4495354,amp/scale,64.0
145,1789020895.4495354,detect/component_0,1.0842207670211792
145,1789020895.4495354,detect/component_1,1.0042526721954346
145,1789020895.4495354,detect/component_2,0.006816099397838116
145,1789020895.4495354,gradient/clipped_norm,1734.7069091796875
145,1789020895.4495354,images/detect,256.0
145,1789020895.4495354,images/pose,16.0
145,1789020895.4495354,loss/backward,132.41095962524415
145,1789020895.4495354,loss/detect_mean,1.7262908965349197
145,1789020895.4495354,loss/joint_mean,2.06892124414444
145,1789020895.4495354,loss/pose_mean,3.4394426345825195
145,1789020895.4495354,lr/attention.decay,0.0
145,1789020895.4495354,lr/attention.no_decay,0.0
145,1789020895.4495354,lr/backbone.decay,0.0
145,1789020895.4495354,lr/backbone.no_decay,0.0
145,1789020895.4495354,lr/detect_head.decay,7.676025917926566e-05
145,1789020895.4495354,lr/detect_head.no_decay,7.676025917926566e-05
145,1789020895.4495354,lr/masf.decay,3.838012958963283e-06
145,1789020895.4495354,lr/masf.no_decay,3.838012958963283e-06
145,1789020895.4495354,lr/neck.decay,2.878509719222462e-05
145,1789020895.4495354,lr/neck.no_decay,2.878509719222462e-05
145,1789020895.4495354,lr/pose_head.decay,7.676025917926566e-05
145,1789020895.4495354,lr/pose_head.no_decay,7.676025917926566e-05
145,1789020895.4495354,pose/component_0,1.1653187274932861
145,1789020895.4495354,pose/component_1,0.05213882401585579
145,1789020895.4495354,pose/component_2,0.014226073399186134
145,1789020895.4495354,pose/component_3,0.658778965473175
145,1789020895.4495354,pose/component_4,0.003316344227641821
145,1789020895.4495354,pose/component_5,0.3786928951740265
146,1789020896.601682,amp/overflow_retries,0.0
146,1789020896.601682,amp/scale,64.0
146,1789020896.601682,detect/component_0,1.0445796251296997
146,1789020896.601682,detect/component_1,0.980196475982666
146,1789020896.601682,detect/component_2,0.006887911353260279
146,1789020896.601682,gradient/clipped_norm,1165.2069091796875
146,1789020896.601682,images/detect,256.0
146,1789020896.601682,images/pose,16.0
146,1789020896.601682,loss/backward,139.49881896972656
146,1789020896.601682,loss/detect_mean,1.7301681637763977
146,1789020896.601682,loss/joint_mean,2.1796690464019775
146,1789020896.601682,loss/pose_mean,3.977672576904297
146,1789020896.601682,lr/attention.decay,0.0
146,1789020896.601682,lr/attention.no_decay,0.0
146,1789020896.601682,lr/backbone.decay,0.0
146,1789020896.601682,lr/backbone.no_decay,0.0
146,1789020896.601682,lr/detect_head.decay,7.714902807775379e-05
146,1789020896.601682,lr/detect_head.no_decay,7.714902807775379e-05
146,1789020896.601682,lr/masf.decay,3.85745140388769e-06
146,1789020896.601682,lr/masf.no_decay,3.85745140388769e-06
146,1789020896.601682,lr/neck.decay,2.8930885529157667e-05
146,1789020896.601682,lr/neck.no_decay,2.8930885529157667e-05
146,1789020896.601682,lr/pose_head.decay,7.714902807775379e-05
146,1789020896.601682,lr/pose_head.no_decay,7.714902807775379e-05
146,1789020896.601682,pose/component_0,1.0277178287506104
146,1789020896.601682,pose/component_1,0.03696471080183983
146,1789020896.601682,pose/component_2,0.08862066268920898
146,1789020896.601682,pose/component_3,0.4347744882106781
146,1789020896.601682,pose/component_4,0.005103417206555605
146,1789020896.601682,pose/component_5,1.401102900505066
147,1789020897.7768617,amp/overflow_retries,0.0
147,1789020897.7768617,amp/scale,64.0
147,1789020897.7768617,detect/component_0,1.0539363622665405
147,1789020897.7768617,detect/component_1,0.96211177110672
147,1789020897.7768617,detect/component_2,0.006363966967910528
147,1789020897.7768617,gradient/clipped_norm,2272.706298828125
147,1789020897.7768617,images/detect,256.0
147,1789020897.7768617,images/pose,16.0
147,1789020897.7768617,loss/backward,151.10009384155273
147,1789020897.7768617,loss/detect_mean,1.7052132338285446
147,1789020897.7768617,loss/joint_mean,2.3609389662742615
147,1789020897.7768617,loss/pose_mean,4.983841896057129
147,1789020897.7768617,lr/attention.decay,0.0
147,1789020897.7768617,lr/attention.no_decay,0.0
147,1789020897.7768617,lr/backbone.decay,0.0
147,1789020897.7768617,lr/backbone.no_decay,0.0
147,1789020897.7768617,lr/detect_head.decay,7.75377969762419e-05
147,1789020897.7768617,lr/detect_head.no_decay,7.75377969762419e-05
147,1789020897.7768617,lr/masf.decay,3.876889848812095e-06
147,1789020897.7768617,lr/masf.no_decay,3.876889848812095e-06
147,1789020897.7768617,lr/neck.decay,2.907667386609071e-05
147,1789020897.7768617,lr/neck.no_decay,2.907667386609071e-05
147,1789020897.7768617,lr/pose_head.decay,7.75377969762419e-05
147,1789020897.7768617,lr/pose_head.no_decay,7.75377969762419e-05
147,1789020897.7768617,pose/component_0,1.10222589969635
147,1789020897.7768617,pose/component_1,0.040505409240722656
147,1789020897.7768617,pose/component_2,0.022277140989899635
147,1789020897.7768617,pose/component_3,0.521129846572876
147,1789020897.7768617,pose/component_4,0.005898856557905674
147,1789020897.7768617,pose/component_5,1.675621509552002
148,1789020898.9294052,amp/overflow_retries,0.0
148,1789020898.9294052,amp/scale,64.0
148,1789020898.9294052,detect/component_0,1.027989149093628
148,1789020898.9294052,detect/component_1,0.9917725324630737
148,1789020898.9294052,detect/component_2,0.006677956786006689
148,1789020898.9294052,gradient/clipped_norm,1821.4708251953125
148,1789020898.9294052,images/detect,256.0
148,1789020898.9294052,images/pose,16.0
148,1789020898.9294052,loss/backward,157.26417770385743
148,1789020898.9294052,loss/detect_mean,1.7141848653554916
148,1789020898.9294052,loss/joint_mean,2.4572527766227723
148,1789020898.9294052,loss/pose_mean,5.4295244216918945
148,1789020898.9294052,lr/attention.decay,0.0
148,1789020898.9294052,lr/attention.no_decay,0.0
148,1789020898.9294052,lr/backbone.decay,0.0
148,1789020898.9294052,lr/backbone.no_decay,0.0
148,1789020898.9294052,lr/detect_head.decay,7.792656587473003e-05
148,1789020898.9294052,lr/detect_head.no_decay,7.792656587473003e-05
148,1789020898.9294052,lr/masf.decay,3.896328293736502e-06
148,1789020898.9294052,lr/masf.no_decay,3.896328293736502e-06
148,1789020898.9294052,lr/neck.decay,2.922246220302376e-05
148,1789020898.9294052,lr/neck.no_decay,2.922246220302376e-05
148,1789020898.9294052,lr/pose_head.decay,7.792656587473003e-05
148,1789020898.9294052,lr/pose_head.no_decay,7.792656587473003e-05
148,1789020898.9294052,pose/component_0,1.4650390148162842
148,1789020898.9294052,pose/component_1,0.06862390041351318
148,1789020898.9294052,pose/component_2,0.18082837760448456
148,1789020898.9294052,pose/component_3,0.6859169006347656
148,1789020898.9294052,pose/component_4,0.005349522922188044
148,1789020898.9294052,pose/component_5,1.2102832794189453
149,1789020900.0948012,amp/overflow_retries,0.0
149,1789020900.0948012,amp/scale,64.0
149,1789020900.0948012,detect/component_0,1.1275758743286133
149,1789020900.0948012,detect/component_1,1.0075209140777588
149,1789020900.0948012,detect/component_2,0.006716520991176367
149,1789020900.0948012,gradient/clipped_norm,1491.8553466796875
149,1789020900.0948012,images/detect,256.0
149,1789020900.0948012,images/pose,16.0
149,1789020900.0948012,loss/backward,147.48115921020508
149,1789020900.0948012,loss/detect_mean,1.7919852882623672
149,1789020900.0948012,loss/joint_mean,2.3043931126594543
149,1789020900.0948012,loss/pose_mean,4.354024410247803
149,1789020900.0948012,lr/attention.decay,0.0
149,1789020900.0948012,lr/attention.no_decay,0.0
149,1789020900.0948012,lr/backbone.decay,0.0
149,1789020900.0948012,lr/backbone.no_decay,0.0
149,1789020900.0948012,lr/detect_head.decay,7.831533477321815e-05
149,1789020900.0948012,lr/detect_head.no_decay,7.831533477321815e-05
149,1789020900.0948012,lr/masf.decay,3.915766738660908e-06
149,1789020900.0948012,lr/masf.no_decay,3.915766738660908e-06
149,1789020900.0948012,lr/neck.decay,2.9368250539956803e-05
149,1789020900.0948012,lr/neck.no_decay,2.9368250539956803e-05
149,1789020900.0948012,lr/pose_head.decay,7.831533477321815e-05
149,1789020900.0948012,lr/pose_head.no_decay,7.831533477321815e-05
149,1789020900.0948012,pose/component_0,1.255906581878662
149,1789020900.0948012,pose/component_1,0.0787239670753479
149,1789020900.0948012,pose/component_2,0.013748697005212307
149,1789020900.0948012,pose/component_3,0.7031221389770508
149,1789020900.0948012,pose/component_4,0.0026582058053463697
149,1789020900.0948012,pose/component_5,1.2287266254425049
150,1789020901.2640278,amp/overflow_retries,0.0
150,1789020901.2640278,amp/scale,64.0
150,1789020901.2640278,detect/component_0,1.0706658363342285
150,1789020901.2640278,detect/component_1,0.9983012676239014
150,1789020901.2640278,detect/component_2,0.006392328534275293
150,1789020901.2640278,gradient/clipped_norm,1298.9339599609375
150,1789020901.2640278,images/detect,256.0
150,1789020901.2640278,images/pose,16.0
150,1789020901.2640278,loss/backward,143.12749328613282
150,1789020901.2640278,loss/detect_mean,1.7392008900642395
150,1789020901.2640278,loss/joint_mean,2.2363670825958253
150,1789020901.2640278,loss/pose_mean,4.225031852722168
150,1789020901.2640278,lr/attention.decay,0.0
150,1789020901.2640278,lr/attention.no_decay,0.0
150,1789020901.2640278,lr/backbone.decay,0.0
150,1789020901.2640278,lr/backbone.no_decay,0.0
150,1789020901.2640278,lr/detect_head.decay,7.870410367170627e-05
150,1789020901.2640278,lr/detect_head.no_decay,7.870410367170627e-05
150,1789020901.2640278,lr/masf.decay,3.935205183585313e-06
150,1789020901.2640278,lr/masf.no_decay,3.935205183585313e-06
150,1789020901.2640278,lr/neck.decay,2.9514038876889845e-05
150,1789020901.2640278,lr/neck.no_decay,2.9514038876889845e-05
150,1789020901.2640278,lr/pose_head.decay,7.870410367170627e-05
150,1789020901.2640278,lr/pose_head.no_decay,7.870410367170627e-05
150,1789020901.2640278,pose/component_0,1.1994668245315552
150,1789020901.2640278,pose/component_1,0.03555445373058319
150,1789020901.2640278,pose/component_2,0.17042133212089539
150,1789020901.2640278,pose/component_3,1.024786353111267
150,1789020901.2640278,pose/component_4,0.0041944789700210094
150,1789020901.2640278,pose/component_5,0.7954215407371521
151,1789020902.4288988,amp/overflow_retries,0.0
151,1789020902.4288988,amp/scale,64.0
151,1789020902.4288988,detect/component_0,1.1333508491516113
151,1789020902.4288988,detect/component_1,1.0399887561798096
151,1789020902.4288988,detect/component_2,0.007064620964229107
151,1789020902.4288988,gradient/clipped_norm,1678.6951904296875
151,1789020902.4288988,images/detect,256.0
151,1789020902.4288988,images/pose,16.0
151,1789020902.4288988,loss/backward,168.10901260375977
151,1789020902.4288988,loss/detect_mean,1.8473845273256302
151,1789020902.4288988,loss/joint_mean,2.6267033219337463
151,1789020902.4288988,loss/pose_mean,5.743978500366211
151,1789020902.4288988,lr/attention.decay,0.0
151,1789020902.4288988,lr/attention.no_decay,0.0
151,1789020902.4288988,lr/backbone.decay,0.0
151,1789020902.4288988,lr/backbone.no_decay,0.0
151,1789020902.4288988,lr/detect_head.decay,7.90928725701944e-05
151,1789020902.4288988,lr/detect_head.no_decay,7.90928725701944e-05
151,1789020902.4288988,lr/masf.decay,3.95464362850972e-06
151,1789020902.4288988,lr/masf.no_decay,3.95464362850972e-06
151,1789020902.4288988,lr/neck.decay,2.9659827213822894e-05
151,1789020902.4288988,lr/neck.no_decay,2.9659827213822894e-05
151,1789020902.4288988,lr/pose_head.decay,7.90928725701944e-05
151,1789020902.4288988,lr/pose_head.no_decay,7.90928725701944e-05
151,1789020902.4288988,pose/component_0,1.3053044080734253
151,1789020902.4288988,pose/component_1,0.1366586685180664
151,1789020902.4288988,pose/component_2,0.045833803713321686
151,1789020902.4288988,pose/component_3,0.8673329949378967
151,1789020902.4288988,pose/component_4,0.007019642740488052
151,1789020902.4288988,pose/component_5,3.0711371898651123
152,1789020903.5864444,amp/overflow_retries,0.0
152,1789020903.5864444,amp/scale,64.0
152,1789020903.5864444,detect/component_0,1.0922795534133911
152,1789020903.5864444,detect/component_1,0.9921680092811584
152,1789020903.5864444,detect/component_2,0.005998694803565741
152,1789020903.5864444,gradient/clipped_norm,1790.84521484375
152,1789020903.5864444,images/detect,256.0
152,1789020903.5864444,images/pose,16.0
152,1789020903.5864444,loss/backward,152.8452133178711
152,1789020903.5864444,loss/detect_mean,1.763797014951706
152,1789020903.5864444,loss/joint_mean,2.388206458091736
152,1789020903.5864444,loss/pose_mean,4.8858442306518555
152,1789020903.5864444,lr/attention.decay,0.0
152,1789020903.5864444,lr/attention.no_decay,0.0
152,1789020903.5864444,lr/backbone.decay,0.0
152,1789020903.5864444,lr/backbone.no_decay,0.0
152,1789020903.5864444,lr/detect_head.decay,7.948164146868251e-05
152,1789020903.5864444,lr/detect_head.no_decay,7.948164146868251e-05
152,1789020903.5864444,lr/masf.decay,3.974082073434126e-06
152,1789020903.5864444,lr/masf.no_decay,3.974082073434126e-06
152,1789020903.5864444,lr/neck.decay,2.9805615550755936e-05
152,1789020903.5864444,lr/neck.no_decay,2.9805615550755936e-05
152,1789020903.5864444,lr/pose_head.decay,7.948164146868251e-05
152,1789020903.5864444,lr/pose_head.no_decay,7.948164146868251e-05
152,1789020903.5864444,pose/component_0,1.2361661195755005
152,1789020903.5864444,pose/component_1,0.04033762589097023
152,1789020903.5864444,pose/component_2,0.016374995931982994
152,1789020903.5864444,pose/component_3,0.4816139042377472
152,1789020903.5864444,pose/component_4,0.004049963317811489
152,1789020903.5864444,pose/component_5,1.2453176975250244
153,1789020904.740171,amp/overflow_retries,0.0
153,1789020904.740171,amp/scale,64.0
153,1789020904.740171,detect/component_0,1.0475746393203735
153,1789020904.740171,detect/component_1,0.9782549738883972
153,1789020904.740171,detect/component_2,0.006514974869787693
153,1789020904.740171,gradient/clipped_norm,2843.159423828125
153,1789020904.740171,images/detect,256.0
153,1789020904.740171,images/pose,16.0
153,1789020904.740171,loss/backward,183.30164108276367
153,1789020904.740171,loss/detect_mean,1.7187341302633286
153,1789020904.740171,loss/joint_mean,2.8640881419181823
153,1789020904.740171,loss/pose_mean,7.445504188537598
153,1789020904.740171,lr/attention.decay,0.0
153,1789020904.740171,lr/attention.no_decay,0.0
153,1789020904.740171,lr/backbone.decay,0.0
153,1789020904.740171,lr/backbone.no_decay,0.0
153,1789020904.740171,lr/detect_head.decay,7.987041036717064e-05
153,1789020904.740171,lr/detect_head.no_decay,7.987041036717064e-05
153,1789020904.740171,lr/masf.decay,3.993520518358532e-06
153,1789020904.740171,lr/masf.no_decay,3.993520518358532e-06
153,1789020904.740171,lr/neck.decay,2.9951403887688988e-05
153,1789020904.740171,lr/neck.no_decay,2.9951403887688988e-05
153,1789020904.740171,lr/pose_head.decay,7.987041036717064e-05
153,1789020904.740171,lr/pose_head.no_decay,7.987041036717064e-05
153,1789020904.740171,pose/component_0,1.3311764001846313
153,1789020904.740171,pose/component_1,0.1085367277264595
153,1789020904.740171,pose/component_2,0.13428328931331635
153,1789020904.740171,pose/component_3,0.8910011053085327
153,1789020904.740171,pose/component_4,0.006393011659383774
153,1789020904.740171,pose/component_5,2.628866672515869
154,1789020905.9134467,amp/overflow_retries,0.0
154,1789020905.9134467,amp/scale,64.0
154,1789020905.9134467,detect/component_0,1.077547311782837
154,1789020905.9134467,detect/component_1,0.9797878861427307
154,1789020905.9134467,detect/component_2,0.006677157245576382
154,1789020905.9134467,gradient/clipped_norm,1242.4443359375
154,1789020905.9134467,images/detect,256.0
154,1789020905.9134467,images/pose,16.0
154,1789020905.9134467,loss/backward,139.14714279174805
154,1789020905.9134467,loss/detect_mean,1.7169641107320786
154,1789020905.9134467,loss/joint_mean,2.1741741061210633
154,1789020905.9134467,loss/pose_mean,4.003014087677002
154,1789020905.9134467,lr/attention.decay,0.0
154,1789020905.9134467,lr/attention.no_decay,0.0
154,1789020905.9134467,lr/backbone.decay,0.0
154,1789020905.9134467,lr/backbone.no_decay,0.0
154,1789020905.9134467,lr/detect_head.decay,8.025917926565876e-05
154,1789020905.9134467,lr/detect_head.no_decay,8.025917926565876e-05
154,1789020905.9134467,lr/masf.decay,4.012958963282938e-06
154,1789020905.9134467,lr/masf.no_decay,4.012958963282938e-06
154,1789020905.9134467,lr/neck.decay,3.009719222462203e-05
154,1789020905.9134467,lr/neck.no_decay,3.009719222462203e-05
154,1789020905.9134467,lr/pose_head.decay,8.025917926565876e-05
154,1789020905.9134467,lr/pose_head.no_decay,8.025917926565876e-05
154,1789020905.9134467,pose/component_0,0.8589051365852356
154,1789020905.9134467,pose/component_1,0.07002337276935577
154,1789020905.9134467,pose/component_2,0.11577413231134415
154,1789020905.9134467,pose/component_3,0.6724169254302979
154,1789020905.9134467,pose/component_4,0.0034759901463985443
154,1789020905.9134467,pose/component_5,1.5020742416381836
155,1789020907.0789492,amp/overflow_retries,0.0
155,1789020907.0789492,amp/scale,64.0
155,1789020907.0789492,detect/component_0,1.1048437356948853
155,1789020907.0789492,detect/component_1,0.9715898036956787
155,1789020907.0789492,detect/component_2,0.006570835597813129
155,1789020907.0789492,gradient/clipped_norm,1527.1044921875
155,1789020907.0789492,images/detect,256.0
155,1789020907.0789492,images/pose,16.0
155,1789020907.0789492,loss/backward,144.5436698913574
155,1789020907.0789492,loss/detect_mean,1.7349793761968613
155,1789020907.0789492,loss/joint_mean,2.2584948420524595
155,1789020907.0789492,loss/pose_mean,4.3525567054748535
155,1789020907.0789492,lr/attention.decay,0.0
155,1789020907.0789492,lr/attention.no_decay,0.0
155,1789020907.0789492,lr/backbone.decay,0.0
155,1789020907.0789492,lr/backbone.no_decay,0.0
155,1789020907.0789492,lr/detect_head.decay,8.064794816414686e-05
155,1789020907.0789492,lr/detect_head.no_decay,8.064794816414686e-05
155,1789020907.0789492,lr/masf.decay,4.032397408207344e-06
155,1789020907.0789492,lr/masf.no_decay,4.032397408207344e-06
155,1789020907.0789492,lr/neck.decay,3.0242980561555072e-05
155,1789020907.0789492,lr/neck.no_decay,3.0242980561555072e-05
155,1789020907.0789492,lr/pose_head.decay,8.064794816414686e-05
155,1789020907.0789492,lr/pose_head.no_decay,8.064794816414686e-05
155,1789020907.0789492,pose/component_0,1.2806317806243896
155,1789020907.0789492,pose/component_1,0.09058984369039536
155,1789020907.0789492,pose/component_2,0.09813390672206879
155,1789020907.0789492,pose/component_3,0.7636312246322632
155,1789020907.0789492,pose/component_4,0.004808160476386547
155,1789020907.0789492,pose/component_5,1.558480978012085
156,1789020908.2448218,amp/overflow_retries,0.0
156,1789020908.2448218,amp/scale,64.0
156,1789020908.2448218,detect/component_0,1.054429292678833
156,1789020908.2448218,detect/component_1,0.9615365862846375
156,1789020908.2448218,detect/component_2,0.006971376016736031
156,1789020908.2448218,gradient/clipped_norm,2327.933349609375
156,1789020908.2448218,images/detect,256.0
156,1789020908.2448218,images/pose,16.0
156,1789020908.2448218,loss/backward,153.78252716064452
156,1789020908.2448218,loss/detect_mean,1.7221068441867828
156,1789020908.2448218,loss/joint_mean,2.4028519868850706
156,1789020908.2448218,loss/pose_mean,5.125832557678223
156,1789020908.2448218,lr/attention.decay,0.0
156,1789020908.2448218,lr/attention.no_decay,0.0
156,1789020908.2448218,lr/backbone.decay,0.0
156,1789020908.2448218,lr/backbone.no_decay,0.0
156,1789020908.2448218,lr/detect_head.decay,8.1036717062635e-05
156,1789020908.2448218,lr/detect_head.no_decay,8.1036717062635e-05
156,1789020908.2448218,lr/masf.decay,4.05183585313175e-06
156,1789020908.2448218,lr/masf.no_decay,4.05183585313175e-06
156,1789020908.2448218,lr/neck.decay,3.0388768898488124e-05
156,1789020908.2448218,lr/neck.no_decay,3.0388768898488124e-05
156,1789020908.2448218,lr/pose_head.decay,8.1036717062635e-05
156,1789020908.2448218,lr/pose_head.no_decay,8.1036717062635e-05
156,1789020908.2448218,pose/component_0,1.4133769273757935
156,1789020908.2448218,pose/component_1,0.044981539249420166
156,1789020908.2448218,pose/component_2,0.1512954831123352
156,1789020908.2448218,pose/component_3,0.9023420214653015
156,1789020908.2448218,pose/component_4,0.006714221090078354
156,1789020908.2448218,pose/component_5,1.5607011318206787
157,1789020909.4091818,amp/overflow_retries,0.0
157,1789020909.4091818,amp/scale,64.0
157,1789020909.4091818,detect/component_0,1.0329267978668213
157,1789020909.4091818,detect/component_1,0.9774897694587708
157,1789020909.4091818,detect/component_2,0.0065553938038647175
157,1789020909.4091818,gradient/clipped_norm,2043.7237548828125
157,1789020909.4091818,images/detect,256.0
157,1789020909.4091818,images/pose,16.0
157,1789020909.4091818,loss/backward,163.64069900512695
157,1789020909.4091818,loss/detect_mean,1.699348583817482
157,1789020909.4091818,loss/joint_mean,2.5568859219551086
157,1789020909.4091818,loss/pose_mean,5.987035274505615
157,1789020909.4091818,lr/attention.decay,0.0
157,1789020909.4091818,lr/attention.no_decay,0.0
157,1789020909.4091818,lr/backbone.decay,0.0
157,1789020909.4091818,lr/backbone.no_decay,0.0
157,1789020909.4091818,lr/detect_head.decay,8.142548596112312e-05
157,1789020909.4091818,lr/detect_head.no_decay,8.142548596112312e-05
157,1789020909.4091818,lr/masf.decay,4.071274298056156e-06
157,1789020909.4091818,lr/masf.no_decay,4.071274298056156e-06
157,1789020909.4091818,lr/neck.decay,3.0534557235421166e-05
157,1789020909.4091818,lr/neck.no_decay,3.0534557235421166e-05
157,1789020909.4091818,lr/pose_head.decay,8.142548596112312e-05
157,1789020909.4091818,lr/pose_head.no_decay,8.142548596112312e-05
157,1789020909.4091818,pose/component_0,1.473015308380127
157,1789020909.4091818,pose/component_1,0.09083548933267593
157,1789020909.4091818,pose/component_2,0.061100948601961136
157,1789020909.4091818,pose/component_3,0.9845655560493469
157,1789020909.4091818,pose/component_4,0.006289152428507805
157,1789020909.4091818,pose/component_5,1.4315989017486572
158,1789020910.5627403,amp/overflow_retries,0.0
158,1789020910.5627403,amp/scale,64.0
158,1789020910.5627403,detect/component_0,1.1157970428466797
158,1789020910.5627403,detect/component_1,0.9762389063835144
158,1789020910.5627403,detect/component_2,0.0067152162082493305
158,1789020910.5627403,gradient/clipped_norm,1230.8037109375
158,1789020910.5627403,images/detect,256.0
158,1789020910.5627403,images/pose,16.0
158,1789020910.5627403,loss/backward,138.43038330078124
158,1789020910.5627403,loss/detect_mean,1.7397651672363281
158,1789020910.5627403,loss/joint_mean,2.162974739074707
158,1789020910.5627403,loss/pose_mean,3.8558130264282227
158,1789020910.5627403,lr/attention.decay,0.0
158,1789020910.5627403,lr/attention.no_decay,0.0
158,1789020910.5627403,lr/backbone.decay,0.0
158,1789020910.5627403,lr/backbone.no_decay,0.0
158,1789020910.5627403,lr/detect_head.decay,8.181425485961125e-05
158,1789020910.5627403,lr/detect_head.no_decay,8.181425485961125e-05
158,1789020910.5627403,lr/masf.decay,4.090712742980563e-06
158,1789020910.5627403,lr/masf.no_decay,4.090712742980563e-06
158,1789020910.5627403,lr/neck.decay,3.068034557235422e-05
158,1789020910.5627403,lr/neck.no_decay,3.068034557235422e-05
158,1789020910.5627403,lr/pose_head.decay,8.181425485961125e-05
158,1789020910.5627403,lr/pose_head.no_decay,8.181425485961125e-05
158,1789020910.5627403,pose/component_0,1.238336205482483
158,1789020910.5627403,pose/component_1,0.049544915556907654
158,1789020910.5627403,pose/component_2,0.07422173023223877
158,1789020910.5627403,pose/component_3,0.6763409972190857
158,1789020910.5627403,pose/component_4,0.0026798045728355646
158,1789020910.5627403,pose/component_5,0.9351648092269897
159,1789020911.7100513,amp/overflow_retries,0.0
159,1789020911.7100513,amp/scale,64.0
159,1789020911.7100513,detect/component_0,1.036919355392456
159,1789020911.7100513,detect/component_1,0.9616459012031555
159,1789020911.7100513,detect/component_2,0.006760251242667437
159,1789020911.7100513,gradient/clipped_norm,2210.076171875
159,1789020911.7100513,images/detect,256.0
159,1789020911.7100513,images/pose,16.0
159,1789020911.7100513,loss/backward,162.00761184692382
159,1789020911.7100513,loss/detect_mean,1.68147374689579
159,1789020911.7100513,loss/joint_mean,2.5313689351081847
159,1789020911.7100513,loss/pose_mean,5.930949687957764
159,1789020911.7100513,lr/attention.decay,0.0
159,1789020911.7100513,lr/attention.no_decay,0.0
159,1789020911.7100513,lr/backbone.decay,0.0
159,1789020911.7100513,lr/backbone.no_decay,0.0
159,1789020911.7100513,lr/detect_head.decay,8.220302375809937e-05
159,1789020911.7100513,lr/detect_head.no_decay,8.220302375809937e-05
159,1789020911.7100513,lr/masf.decay,4.1101511879049684e-06
159,1789020911.7100513,lr/masf.no_decay,4.1101511879049684e-06
159,1789020911.7100513,lr/neck.decay,3.0826133909287256e-05
159,1789020911.7100513,lr/neck.no_decay,3.0826133909287256e-05
159,1789020911.7100513,lr/pose_head.decay,8.220302375809937e-05
159,1789020911.7100513,lr/pose_head.no_decay,8.220302375809937e-05
159,1789020911.7100513,pose/component_0,1.163447380065918
159,1789020911.7100513,pose/component_1,0.14310984313488007
159,1789020911.7100513,pose/component_2,0.01727427914738655
159,1789020911.7100513,pose/component_3,0.9205015301704407
159,1789020911.7100513,pose/component_4,0.004104624502360821
159,1789020911.7100513,pose/component_5,4.181893348693848
160,1789020912.8719153,amp/overflow_retries,0.0
160,1789020912.8719153,amp/scale,64.0
160,1789020912.8719153,detect/component_0,1.0743111371994019
160,1789020912.8719153,detect/component_1,0.976447343826294
160,1789020912.8719153,detect/component_2,0.007041280157864094
160,1789020912.8719153,gradient/clipped_norm,2555.4384765625
160,1789020912.8719153,images/detect,256.0
160,1789020912.8719153,images/pose,16.0
160,1789020912.8719153,loss/backward,171.15067367553712
160,1789020912.8719153,loss/detect_mean,1.7461439818143845
160,1789020912.8719153,loss/joint_mean,2.6742292761802675
160,1789020912.8719153,loss/pose_mean,6.386570453643799
160,1789020912.8719153,lr/attention.decay,0.0
160,1789020912.8719153,lr/attention.no_decay,0.0
160,1789020912.8719153,lr/backbone.decay,0.0
160,1789020912.8719153,lr/backbone.no_decay,0.0
160,1789020912.8719153,lr/detect_head.decay,8.259179265658747e-05
160,1789020912.8719153,lr/detect_head.no_decay,8.259179265658747e-05
160,1789020912.8719153,lr/masf.decay,4.129589632829374e-06
160,1789020912.8719153,lr/masf.no_decay,4.129589632829374e-06
160,1789020912.8719153,lr/neck.decay,3.09719222462203e-05
160,1789020912.8719153,lr/neck.no_decay,3.09719222462203e-05
160,1789020912.8719153,lr/pose_head.decay,8.259179265658747e-05
160,1789020912.8719153,lr/pose_head.no_decay,8.259179265658747e-05
160,1789020912.8719153,pose/component_0,1.1881496906280518
160,1789020912.8719153,pose/component_1,0.07211868464946747
160,1789020912.8719153,pose/component_2,0.08701365441083908
160,1789020912.8719153,pose/component_3,0.8218822479248047
160,1789020912.8719153,pose/component_4,0.0059342095628380775
160,1789020912.8719153,pose/component_5,2.4894351959228516
161,1789020914.0222933,amp/overflow_retries,0.0
161,1789020914.0222933,amp/scale,64.0
161,1789020914.0222933,detect/component_0,1.0691221952438354
161,1789020914.0222933,detect/component_1,0.9621396064758301
161,1789020914.0222933,detect/component_2,0.007002704311162233
161,1789020914.0222933,gradient/clipped_norm,2186.218994140625
161,1789020914.0222933,images/detect,256.0
161,1789020914.0222933,images/pose,16.0
161,1789020914.0222933,loss/backward,144.8791717529297
161,1789020914.0222933,loss/detect_mean,1.7490128874778748
161,1789020914.0222933,loss/joint_mean,2.2637370586395265
161,1789020914.0222933,loss/pose_mean,4.322633743286133
161,1789020914.0222933,lr/attention.decay,0.0
161,1789020914.0222933,lr/attention.no_decay,0.0
161,1789020914.0222933,lr/backbone.decay,0.0
161,1789020914.0222933,lr/backbone.no_decay,0.0
161,1789020914.0222933,lr/detect_head.decay,8.298056155507561e-05
161,1789020914.0222933,lr/detect_head.no_decay,8.298056155507561e-05
161,1789020914.0222933,lr/masf.decay,4.14902807775378e-06
161,1789020914.0222933,lr/masf.no_decay,4.14902807775378e-06
161,1789020914.0222933,lr/neck.decay,3.111771058315335e-05
161,1789020914.0222933,lr/neck.no_decay,3.111771058315335e-05
161,1789020914.0222933,lr/pose_head.decay,8.298056155507561e-05
161,1789020914.0222933,lr/pose_head.no_decay,8.298056155507561e-05
161,1789020914.0222933,pose/component_0,1.0063083171844482
161,1789020914.0222933,pose/component_1,0.034419212490320206
161,1789020914.0222933,pose/component_2,0.12071892619132996
161,1789020914.0222933,pose/component_3,0.536022961139679
161,1789020914.0222933,pose/component_4,0.0054389857687056065
161,1789020914.0222933,pose/component_5,0.8944718837738037
162,1789020915.181408,amp/overflow_retries,0.0
162,1789020915.181408,amp/scale,64.0
162,1789020915.181408,detect/component_0,1.0689060688018799
162,1789020915.181408,detect/component_1,1.0084699392318726
162,1789020915.181408,detect/component_2,0.007093946449458599
162,1789020915.181408,gradient/clipped_norm,2118.373779296875
162,1789020915.181408,images/detect,256.0
162,1789020915.181408,images/pose,16.0
162,1789020915.181408,loss/backward,167.55466537475587
162,1789020915.181408,loss/detect_mean,1.750871941447258
162,1789020915.181408,loss/joint_mean,2.6180416464805605
162,1789020915.181408,loss/pose_mean,6.0867204666137695
162,1789020915.181408,lr/attention.decay,0.0
162,1789020915.181408,lr/attention.no_decay,0.0
162,1789020915.181408,lr/backbone.decay,0.0
162,1789020915.181408,lr/backbone.no_decay,0.0
162,1789020915.181408,lr/detect_head.decay,8.336933045356372e-05
162,1789020915.181408,lr/detect_head.no_decay,8.336933045356372e-05
162,1789020915.181408,lr/masf.decay,4.1684665226781866e-06
162,1789020915.181408,lr/masf.no_decay,4.1684665226781866e-06
162,1789020915.181408,lr/neck.decay,3.126349892008639e-05
162,1789020915.181408,lr/neck.no_decay,3.126349892008639e-05
162,1789020915.181408,lr/pose_head.decay,8.336933045356372e-05
162,1789020915.181408,lr/pose_head.no_decay,8.336933045356372e-05
162,1789020915.181408,pose/component_0,1.1555812358856201
162,1789020915.181408,pose/component_1,0.16591769456863403
162,1789020915.181408,pose/component_2,0.11526868492364883
162,1789020915.181408,pose/component_3,0.7026959657669067
162,1789020915.181408,pose/component_4,0.00547521049156785
162,1789020915.181408,pose/component_5,2.101257801055908
163,1789020916.3362365,amp/overflow_retries,0.0
163,1789020916.3362365,amp/scale,64.0
163,1789020916.3362365,detect/component_0,1.087795376777649
163,1789020916.3362365,detect/component_1,1.0307573080062866
163,1789020916.3362365,detect/component_2,0.006992762442678213
163,1789020916.3362365,gradient/clipped_norm,2284.843994140625
163,1789020916.3362365,images/detect,256.0
163,1789020916.3362365,images/pose,16.0
163,1789020916.3362365,loss/backward,149.95892944335938
163,1789020916.3362365,loss/detect_mean,1.7694096565246582
163,1789020916.3362365,loss/joint_mean,2.3431082725524903
163,1789020916.3362365,loss/pose_mean,4.637902736663818
163,1789020916.3362365,lr/attention.decay,0.0
163,1789020916.3362365,lr/attention.no_decay,0.0
163,1789020916.3362365,lr/backbone.decay,0.0
163,1789020916.3362365,lr/backbone.no_decay,0.0
163,1789020916.3362365,lr/detect_head.decay,8.375809935205183e-05
163,1789020916.3362365,lr/detect_head.no_decay,8.375809935205183e-05
163,1789020916.3362365,lr/masf.decay,4.187904967602592e-06
163,1789020916.3362365,lr/masf.no_decay,4.187904967602592e-06
163,1789020916.3362365,lr/neck.decay,3.140928725701943e-05
163,1789020916.3362365,lr/neck.no_decay,3.140928725701943e-05
163,1789020916.3362365,lr/pose_head.decay,8.375809935205183e-05
163,1789020916.3362365,lr/pose_head.no_decay,8.375809935205183e-05
163,1789020916.3362365,pose/component_0,1.2722017765045166
163,1789020916.3362365,pose/component_1,0.03900020569562912
163,1789020916.3362365,pose/component_2,0.020355748012661934
163,1789020916.3362365,pose/component_3,0.5926881432533264
163,1789020916.3362365,pose/component_4,0.006134738679975271
163,1789020916.3362365,pose/component_5,1.3368160724639893
164,1789020917.5070486,amp/overflow_retries,0.0
164,1789020917.5070486,amp/scale,64.0
164,1789020917.5070486,detect/component_0,1.0418559312820435
164,1789020917.5070486,detect/component_1,0.9814302325248718
164,1789020917.5070486,detect/component_2,0.007482027634978294
164,1789020917.5070486,gradient/clipped_norm,4223.88037109375
164,1789020917.5070486,images/detect,256.0
164,1789020917.5070486,images/pose,16.0
164,1789020917.5070486,loss/backward,197.27974472045898
164,1789020917.5070486,loss/detect_mean,1.7364372462034225
164,1789020917.5070486,loss/joint_mean,3.0824960112571715
164,1789020917.5070486,loss/pose_mean,8.466731071472168
164,1789020917.5070486,lr/attention.decay,0.0
164,1789020917.5070486,lr/attention.no_decay,0.0
164,1789020917.5070486,lr/backbone.decay,0.0
164,1789020917.5070486,lr/backbone.no_decay,0.0
164,1789020917.5070486,lr/detect_head.decay,8.414686825053996e-05
164,1789020917.5070486,lr/detect_head.no_decay,8.414686825053996e-05
164,1789020917.5070486,lr/masf.decay,4.207343412526998e-06
164,1789020917.5070486,lr/masf.no_decay,4.207343412526998e-06
164,1789020917.5070486,lr/neck.decay,3.155507559395248e-05
164,1789020917.5070486,lr/neck.no_decay,3.155507559395248e-05
164,1789020917.5070486,lr/pose_head.decay,8.414686825053996e-05
164,1789020917.5070486,lr/pose_head.no_decay,8.414686825053996e-05
164,1789020917.5070486,pose/component_0,1.2149715423583984
164,1789020917.5070486,pose/component_1,0.08646325021982193
164,1789020917.5070486,pose/component_2,0.03709869831800461
164,1789020917.5070486,pose/component_3,0.7466927766799927
164,1789020917.5070486,pose/component_4,0.004389263689517975
164,1789020917.5070486,pose/component_5,3.289062976837158
165,1789020918.6757863,amp/overflow_retries,0.0
165,1789020918.6757863,amp/scale,64.0
165,1789020918.6757863,detect/component_0,1.0887961387634277
165,1789020918.6757863,detect/component_1,0.9736291170120239
165,1789020918.6757863,detect/component_2,0.007160849869251251
165,1789020918.6757863,gradient/clipped_norm,2073.39208984375
165,1789020918.6757863,images/detect,256.0
165,1789020918.6757863,images/pose,16.0
165,1789020918.6757863,loss/backward,162.96211013793945
165,1789020918.6757863,loss/detect_mean,1.7598019987344742
165,1789020918.6757863,loss/joint_mean,2.546282970905304
165,1789020918.6757863,loss/pose_mean,5.692206859588623
165,1789020918.6757863,lr/attention.decay,0.0
165,1789020918.6757863,lr/attention.no_decay,0.0
165,1789020918.6757863,lr/backbone.decay,0.0
165,1789020918.6757863,lr/backbone.no_decay,0.0
165,1789020918.6757863,lr/detect_head.decay,8.453563714902808e-05
165,1789020918.6757863,lr/detect_head.no_decay,8.453563714902808e-05
165,1789020918.6757863,lr/masf.decay,4.226781857451404e-06
165,1789020918.6757863,lr/masf.no_decay,4.226781857451404e-06
165,1789020918.6757863,lr/neck.decay,3.170086393088553e-05
165,1789020918.6757863,lr/neck.no_decay,3.170086393088553e-05
165,1789020918.6757863,lr/pose_head.decay,8.453563714902808e-05
165,1789020918.6757863,lr/pose_head.no_decay,8.453563714902808e-05
165,1789020918.6757863,pose/component_0,1.2079135179519653
165,1789020918.6757863,pose/component_1,0.0848773941397667
165,1789020918.6757863,pose/component_2,0.023286251351237297
165,1789020918.6757863,pose/component_3,0.6941384673118591
165,1789020918.6757863,pose/component_4,0.005946631543338299
165,1789020918.6757863,pose/component_5,2.8912312984466553
166,1789020919.8392198,amp/overflow_retries,0.0
166,1789020919.8392198,amp/scale,64.0
166,1789020919.8392198,detect/component_0,1.0905660390853882
166,1789020919.8392198,detect/component_1,0.9869917035102844
166,1789020919.8392198,detect/component_2,0.006903158966451883
166,1789020919.8392198,gradient/clipped_norm,1885.5689697265625
166,1789020919.8392198,images/detect,256.0
166,1789020919.8392198,images/pose,16.0
166,1789020919.8392198,loss/backward,152.25704650878907
166,1789020919.8392198,loss/detect_mean,1.7733590006828308
166,1789020919.8392198,loss/joint_mean,2.3790163516998293
166,1789020919.8392198,loss/pose_mean,4.801645755767822
166,1789020919.8392198,lr/attention.decay,0.0
166,1789020919.8392198,lr/attention.no_decay,0.0
166,1789020919.8392198,lr/backbone.decay,0.0
166,1789020919.8392198,lr/backbone.no_decay,0.0
166,1789020919.8392198,lr/detect_head.decay,8.492440604751621e-05
166,1789020919.8392198,lr/detect_head.no_decay,8.492440604751621e-05
166,1789020919.8392198,lr/masf.decay,4.246220302375811e-06
166,1789020919.8392198,lr/masf.no_decay,4.246220302375811e-06
166,1789020919.8392198,lr/neck.decay,3.1846652267818574e-05
166,1789020919.8392198,lr/neck.no_decay,3.1846652267818574e-05
166,1789020919.8392198,lr/pose_head.decay,8.492440604751621e-05
166,1789020919.8392198,lr/pose_head.no_decay,8.492440604751621e-05
166,1789020919.8392198,pose/component_0,1.0077261924743652
166,1789020919.8392198,pose/component_1,0.05651532858610153
166,1789020919.8392198,pose/component_2,0.15135638415813446
166,1789020919.8392198,pose/component_3,0.9019567370414734
166,1789020919.8392198,pose/component_4,0.003575424663722515
166,1789020919.8392198,pose/component_5,1.4499456882476807
167,1789020921.0093489,amp/overflow_retries,0.0
167,1789020921.0093489,amp/scale,64.0
167,1789020921.0093489,detect/component_0,1.09144127368927
167,1789020921.0093489,detect/component_1,1.0216578245162964
167,1789020921.0093489,detect/component_2,0.006651346571743488
167,1789020921.0093489,gradient/clipped_norm,2210.118896484375
167,1789020921.0093489,images/detect,256.0
167,1789020921.0093489,images/pose,16.0
167,1789020921.0093489,loss/backward,147.65698013305663
167,1789020921.0093489,loss/detect_mean,1.7716915160417557
167,1789020921.0093489,loss/joint_mean,2.30714031457901
167,1789020921.0093489,loss/pose_mean,4.448935508728027
167,1789020921.0093489,lr/attention.decay,0.0
167,1789020921.0093489,lr/attention.no_decay,0.0
167,1789020921.0093489,lr/backbone.decay,0.0
167,1789020921.0093489,lr/backbone.no_decay,0.0
167,1789020921.0093489,lr/detect_head.decay,8.531317494600433e-05
167,1789020921.0093489,lr/detect_head.no_decay,8.531317494600433e-05
167,1789020921.0093489,lr/masf.decay,4.2656587473002165e-06
167,1789020921.0093489,lr/masf.no_decay,4.2656587473002165e-06
167,1789020921.0093489,lr/neck.decay,3.199244060475162e-05
167,1789020921.0093489,lr/neck.no_decay,3.199244060475162e-05
167,1789020921.0093489,lr/pose_head.decay,8.531317494600433e-05
167,1789020921.0093489,lr/pose_head.no_decay,8.531317494600433e-05
167,1789020921.0093489,pose/component_0,0.9703555107116699
167,1789020921.0093489,pose/component_1,0.04134727641940117
167,1789020921.0093489,pose/component_2,0.07479880750179291
167,1789020921.0093489,pose/component_3,0.8813806176185608
167,1789020921.0093489,pose/component_4,0.004826330579817295
167,1789020921.0093489,pose/component_5,0.63301020860672
168,1789020922.1689208,amp/overflow_retries,0.0
168,1789020922.1689208,amp/scale,64.0
168,1789020922.1689208,detect/component_0,1.149735450744629
168,1789020922.1689208,detect/component_1,1.088721752166748
168,1789020922.1689208,detect/component_2,0.006814207416027784
168,1789020922.1689208,gradient/clipped_norm,1407.1788330078125
168,1789020922.1689208,images/detect,256.0
168,1789020922.1689208,images/pose,16.0
168,1789020922.1689208,loss/backward,149.22955627441405
168,1789020922.1689208,loss/detect_mean,1.8526778817176819
168,1789020922.1689208,loss/joint_mean,2.3317118167877195
168,1789020922.1689208,loss/pose_mean,4.247847557067871
168,1789020922.1689208,lr/attention.decay,0.0
168,1789020922.1689208,lr/attention.no_decay,0.0
168,1789020922.1689208,lr/backbone.decay,0.0
168,1789020922.1689208,lr/backbone.no_decay,0.0
168,1789020922.1689208,lr/detect_head.decay,8.570194384449244e-05
168,1789020922.1689208,lr/detect_head.no_decay,8.570194384449244e-05
168,1789020922.1689208,lr/masf.decay,4.285097192224622e-06
168,1789020922.1689208,lr/masf.no_decay,4.285097192224622e-06
168,1789020922.1689208,lr/neck.decay,3.213822894168466e-05
168,1789020922.1689208,lr/neck.no_decay,3.213822894168466e-05
168,1789020922.1689208,lr/pose_head.decay,8.570194384449244e-05
168,1789020922.1689208,lr/pose_head.no_decay,8.570194384449244e-05
168,1789020922.1689208,pose/component_0,1.1093125343322754
168,1789020922.1689208,pose/component_1,0.035452138632535934
168,1789020922.1689208,pose/component_2,0.05018473044037819
168,1789020922.1689208,pose/component_3,0.6522667407989502
168,1789020922.1689208,pose/component_4,0.006347638554871082
168,1789020922.1689208,pose/component_5,1.4558660984039307
169,1789020923.3372061,amp/overflow_retries,0.0
169,1789020923.3372061,amp/scale,64.0
169,1789020923.3372061,detect/component_0,1.0562591552734375
169,1789020923.3372061,detect/component_1,0.9317421913146973
169,1789020923.3372061,detect/component_2,0.006821320857852697
169,1789020923.3372061,gradient/clipped_norm,2766.8671875
169,1789020923.3372061,images/detect,256.0
169,1789020923.3372061,images/pose,16.0
169,1789020923.3372061,loss/backward,145.7573455810547
169,1789020923.3372061,loss/detect_mean,1.7029165625572205
169,1789020923.3372061,loss/joint_mean,2.2774585247039796
169,1789020923.3372061,loss/pose_mean,4.575626373291016
169,1789020923.3372061,lr/attention.decay,0.0
169,1789020923.3372061,lr/attention.no_decay,0.0
169,1789020923.3372061,lr/backbone.decay,0.0
169,1789020923.3372061,lr/backbone.no_decay,0.0
169,1789020923.3372061,lr/detect_head.decay,8.609071274298057e-05
169,1789020923.3372061,lr/detect_head.no_decay,8.609071274298057e-05
169,1789020923.3372061,lr/masf.decay,4.304535637149029e-06
169,1789020923.3372061,lr/masf.no_decay,4.304535637149029e-06
169,1789020923.3372061,lr/neck.decay,3.228401727861771e-05
169,1789020923.3372061,lr/neck.no_decay,3.228401727861771e-05
169,1789020923.3372061,lr/pose_head.decay,8.609071274298057e-05
169,1789020923.3372061,lr/pose_head.no_decay,8.609071274298057e-05
169,1789020923.3372061,pose/component_0,1.229024887084961
169,1789020923.3372061,pose/component_1,0.1493595987558365
169,1789020923.3372061,pose/component_2,0.03707319498062134
169,1789020923.3372061,pose/component_3,1.0433510541915894
169,1789020923.3372061,pose/component_4,0.0039141299203038216
169,1789020923.3372061,pose/component_5,1.4519175291061401
170,1789020924.5006862,amp/overflow_retries,0.0
170,1789020924.5006862,amp/scale,64.0
170,1789020924.5006862,detect/component_0,1.049323558807373
170,1789020924.5006862,detect/component_1,1.0070799589157104
170,1789020924.5006862,detect/component_2,0.006918953265994787
170,1789020924.5006862,gradient/clipped_norm,2072.18359375
170,1789020924.5006862,images/detect,256.0
170,1789020924.5006862,images/pose,16.0
170,1789020924.5006862,loss/backward,154.68605575561523
170,1789020924.5006862,loss/detect_mean,1.764497920870781
170,1789020924.5006862,loss/joint_mean,2.416969621181488
170,1789020924.5006862,loss/pose_mean,5.026856422424316
170,1789020924.5006862,lr/attention.decay,0.0
170,1789020924.5006862,lr/attention.no_decay,0.0
170,1789020924.5006862,lr/backbone.decay,0.0
170,1789020924.5006862,lr/backbone.no_decay,0.0
170,1789020924.5006862,lr/detect_head.decay,8.647948164146869e-05
170,1789020924.5006862,lr/detect_head.no_decay,8.647948164146869e-05
170,1789020924.5006862,lr/masf.decay,4.323974082073435e-06
170,1789020924.5006862,lr/masf.no_decay,4.323974082073435e-06
170,1789020924.5006862,lr/neck.decay,3.2429805615550755e-05
170,1789020924.5006862,lr/neck.no_decay,3.2429805615550755e-05
170,1789020924.5006862,lr/pose_head.decay,8.647948164146869e-05
170,1789020924.5006862,lr/pose_head.no_decay,8.647948164146869e-05
170,1789020924.5006862,pose/component_0,1.0755101442337036
170,1789020924.5006862,pose/component_1,0.03840780258178711
170,1789020924.5006862,pose/component_2,0.013754033483564854
170,1789020924.5006862,pose/component_3,0.7917899489402771
170,1789020924.5006862,pose/component_4,0.005556655116379261
170,1789020924.5006862,pose/component_5,1.7149720191955566
171,1789020925.6727061,amp/overflow_retries,0.0
171,1789020925.6727061,amp/scale,64.0
171,1789020925.6727061,detect/component_0,1.1200380325317383
171,1789020925.6727061,detect/component_1,1.0139120817184448
171,1789020925.6727061,detect/component_2,0.007077319081872702
171,1789020925.6727061,gradient/clipped_norm,1728.809814453125
171,1789020925.6727061,images/detect,256.0
171,1789020925.6727061,images/pose,16.0
171,1789020925.6727061,loss/backward,163.30317153930665
171,1789020925.6727061,loss/detect_mean,1.7840073853731155
171,1789020925.6727061,loss/joint_mean,2.5516120553016663
171,1789020925.6727061,loss/pose_mean,5.622030735015869
171,1789020925.6727061,lr/attention.decay,0.0
171,1789020925.6727061,lr/attention.no_decay,0.0
171,1789020925.6727061,lr/backbone.decay,0.0
171,1789020925.6727061,lr/backbone.no_decay,0.0
171,1789020925.6727061,lr/detect_head.decay,8.686825053995682e-05
171,1789020925.6727061,lr/detect_head.no_decay,8.686825053995682e-05
171,1789020925.6727061,lr/masf.decay,4.343412526997841e-06
171,1789020925.6727061,lr/masf.no_decay,4.343412526997841e-06
171,1789020925.6727061,lr/neck.decay,3.25755939524838e-05
171,1789020925.6727061,lr/neck.no_decay,3.25755939524838e-05
171,1789020925.6727061,lr/pose_head.decay,8.686825053995682e-05
171,1789020925.6727061,lr/pose_head.no_decay,8.686825053995682e-05
171,1789020925.6727061,pose/component_0,1.2644782066345215
171,1789020925.6727061,pose/component_1,0.11821623891592026
171,1789020925.6727061,pose/component_2,0.10330583900213242
171,1789020925.6727061,pose/component_3,0.7693846225738525
171,1789020925.6727061,pose/component_4,0.003829418448731303
171,1789020925.6727061,pose/component_5,2.321568250656128
172,1789020926.8318343,amp/overflow_retries,0.0
172,1789020926.8318343,amp/scale,64.0
172,1789020926.8318343,detect/component_0,1.0555908679962158
172,1789020926.8318343,detect/component_1,0.9920520186424255
172,1789020926.8318343,detect/component_2,0.00687519321218133
172,1789020926.8318343,gradient/clipped_norm,1930.002685546875
172,1789020926.8318343,images/detect,256.0
172,1789020926.8318343,images/pose,16.0
172,1789020926.8318343,loss/backward,154.91465682983397
172,1789020926.8318343,loss/detect_mean,1.7422372549772263
172,1789020926.8318343,loss/joint_mean,2.420541512966156
172,1789020926.8318343,loss/pose_mean,5.133758544921875
172,1789020926.8318343,lr/attention.decay,0.0
172,1789020926.8318343,lr/attention.no_decay,0.0
172,1789020926.8318343,lr/backbone.decay,0.0
172,1789020926.8318343,lr/backbone.no_decay,0.0
172,1789020926.8318343,lr/detect_head.decay,8.725701943844493e-05
172,1789020926.8318343,lr/detect_head.no_decay,8.725701943844493e-05
172,1789020926.8318343,lr/masf.decay,4.362850971922246e-06
172,1789020926.8318343,lr/masf.no_decay,4.362850971922246e-06
172,1789020926.8318343,lr/neck.decay,3.2721382289416845e-05
172,1789020926.8318343,lr/neck.no_decay,3.2721382289416845e-05
172,1789020926.8318343,lr/pose_head.decay,8.725701943844493e-05
172,1789020926.8318343,lr/pose_head.no_decay,8.725701943844493e-05
172,1789020926.8318343,pose/component_0,1.0436731576919556
172,1789020926.8318343,pose/component_1,0.09130264818668365
172,1789020926.8318343,pose/component_2,0.24193471670150757
172,1789020926.8318343,pose/component_3,0.6731588840484619
172,1789020926.8318343,pose/component_4,0.004925783257931471
172,1789020926.8318343,pose/component_5,1.9088456630706787
173,1789020927.9873772,amp/overflow_retries,0.0
173,1789020927.9873772,amp/scale,64.0
173,1789020927.9873772,detect/component_0,1.0849072933197021
173,1789020927.9873772,detect/component_1,0.9784806966781616
173,1789020927.9873772,detect/component_2,0.007284626830369234
173,1789020927.9873772,gradient/clipped_norm,1619.1759033203125
173,1789020927.9873772,images/detect,256.0
173,1789020927.9873772,images/pose,16.0
173,1789020927.9873772,loss/backward,149.39343643188477
173,1789020927.9873772,loss/detect_mean,1.7339180260896683
173,1789020927.9873772,loss/joint_mean,2.3342724442481995
173,1789020927.9873772,loss/pose_mean,4.735690116882324
173,1789020927.9873772,lr/attention.decay,0.0
173,1789020927.9873772,lr/attention.no_decay,0.0
173,1789020927.9873772,lr/backbone.decay,0.0
173,1789020927.9873772,lr/backbone.no_decay,0.0
173,1789020927.9873772,lr/detect_head.decay,8.764578833693304e-05
173,1789020927.9873772,lr/detect_head.no_decay,8.764578833693304e-05
173,1789020927.9873772,lr/masf.decay,4.382289416846653e-06
173,1789020927.9873772,lr/masf.no_decay,4.382289416846653e-06
173,1789020927.9873772,lr/neck.decay,3.2867170626349884e-05
173,1789020927.9873772,lr/neck.no_decay,3.2867170626349884e-05
173,1789020927.9873772,lr/pose_head.decay,8.764578833693304e-05
173,1789020927.9873772,lr/pose_head.no_decay,8.764578833693304e-05
173,1789020927.9873772,pose/component_0,0.9951493740081787
173,1789020927.9873772,pose/component_1,0.06283591687679291
173,1789020927.9873772,pose/component_2,0.1256972998380661
173,1789020927.9873772,pose/component_3,0.7851561307907104
173,1789020927.9873772,pose/component_4,0.005257041659206152
173,1789020927.9873772,pose/component_5,2.6042699813842773
174,1789020929.1478243,amp/overflow_retries,0.0
174,1789020929.1478243,amp/scale,64.0
174,1789020929.1478243,detect/component_0,1.1203992366790771
174,1789020929.1478243,detect/component_1,1.019262671470642
174,1789020929.1478243,detect/component_2,0.0073536112904548645
174,1789020929.1478243,gradient/clipped_norm,3231.447265625
174,1789020929.1478243,images/detect,256.0
174,1789020929.1478243,images/pose,16.0
174,1789020929.1478243,loss/backward,171.58397064208984
174,1789020929.1478243,loss/detect_mean,1.8131559789180756
174,1789020929.1478243,loss/joint_mean,2.6809995412826537
174,1789020929.1478243,loss/pose_mean,6.152373790740967
174,1789020929.1478243,lr/attention.decay,0.0
174,1789020929.1478243,lr/attention.no_decay,0.0
174,1789020929.1478243,lr/backbone.decay,0.0
174,1789020929.1478243,lr/backbone.no_decay,0.0
174,1789020929.1478243,lr/detect_head.decay,8.803455723542118e-05
174,1789020929.1478243,lr/detect_head.no_decay,8.803455723542118e-05
174,1789020929.1478243,lr/masf.decay,4.401727861771059e-06
174,1789020929.1478243,lr/masf.no_decay,4.401727861771059e-06
174,1789020929.1478243,lr/neck.decay,3.3012958963282936e-05
174,1789020929.1478243,lr/neck.no_decay,3.3012958963282936e-05
174,1789020929.1478243,lr/pose_head.decay,8.803455723542118e-05
174,1789020929.1478243,lr/pose_head.no_decay,8.803455723542118e-05
174,1789020929.1478243,pose/component_0,1.3938361406326294
174,1789020929.1478243,pose/component_1,0.07047559320926666
174,1789020929.1478243,pose/component_2,0.016423849388957024
174,1789020929.1478243,pose/component_3,1.0818781852722168
174,1789020929.1478243,pose/component_4,0.0036847679875791073
174,1789020929.1478243,pose/component_5,1.4922949075698853
175,1789020930.3099072,amp/overflow_retries,0.0
175,1789020930.3099072,amp/scale,64.0
175,1789020930.3099072,detect/component_0,1.1049165725708008
175,1789020930.3099072,detect/component_1,1.0360723733901978
175,1789020930.3099072,detect/component_2,0.006939789280295372
175,1789020930.3099072,gradient/clipped_norm,3920.309326171875
175,1789020930.3099072,images/detect,256.0
175,1789020930.3099072,images/pose,16.0
175,1789020930.3099072,loss/backward,229.46148757934571
175,1789020930.3099072,loss/detect_mean,1.833885207772255
175,1789020930.3099072,loss/joint_mean,3.585335743427277
175,1789020930.3099072,loss/pose_mean,10.591137886047363
175,1789020930.3099072,lr/attention.decay,0.0
175,1789020930.3099072,lr/attention.no_decay,0.0
175,1789020930.3099072,lr/backbone.decay,0.0
175,1789020930.3099072,lr/backbone.no_decay,0.0
175,1789020930.3099072,lr/detect_head.decay,8.842332613390928e-05
175,1789020930.3099072,lr/detect_head.no_decay,8.842332613390928e-05
175,1789020930.3099072,lr/masf.decay,4.4211663066954645e-06
175,1789020930.3099072,lr/masf.no_decay,4.4211663066954645e-06
175,1789020930.3099072,lr/neck.decay,3.315874730021598e-05
175,1789020930.3099072,lr/neck.no_decay,3.315874730021598e-05
175,1789020930.3099072,lr/pose_head.decay,8.842332613390928e-05
175,1789020930.3099072,lr/pose_head.no_decay,8.842332613390928e-05
175,1789020930.3099072,pose/component_0,1.1290147304534912
175,1789020930.3099072,pose/component_1,0.4568391442298889
175,1789020930.3099072,pose/component_2,0.01770286075770855
175,1789020930.3099072,pose/component_3,0.9642218947410583
175,1789020930.3099072,pose/component_4,0.006436606869101524
175,1789020930.3099072,pose/component_5,8.043258666992188
176,1789020931.461541,amp/overflow_retries,0.0
176,1789020931.461541,amp/scale,64.0
176,1789020931.461541,detect/component_0,1.1728492975234985
176,1789020931.461541,detect/component_1,1.0681138038635254
176,1789020931.461541,detect/component_2,0.0066108801402151585
176,1789020931.461541,gradient/clipped_norm,2774.269287109375
176,1789020931.461541,images/detect,256.0
176,1789020931.461541,images/pose,16.0
176,1789020931.461541,loss/backward,160.72612457275392
176,1789020931.461541,loss/detect_mean,1.8779096901416779
176,1789020931.461541,loss/joint_mean,2.51134569644928
176,1789020931.461541,loss/pose_mean,5.0450897216796875
176,1789020931.461541,lr/attention.decay,0.0
176,1789020931.461541,lr/attention.no_decay,0.0
176,1789020931.461541,lr/backbone.decay,0.0
176,1789020931.461541,lr/backbone.no_decay,0.0
176,1789020931.461541,lr/detect_head.decay,8.88120950323974e-05
176,1789020931.461541,lr/detect_head.no_decay,8.88120950323974e-05
176,1789020931.461541,lr/masf.decay,4.44060475161987e-06
176,1789020931.461541,lr/masf.no_decay,4.44060475161987e-06
176,1789020931.461541,lr/neck.decay,3.330453563714902e-05
176,1789020931.461541,lr/neck.no_decay,3.330453563714902e-05
176,1789020931.461541,lr/pose_head.decay,8.88120950323974e-05
176,1789020931.461541,lr/pose_head.no_decay,8.88120950323974e-05
176,1789020931.461541,pose/component_0,1.5525821447372437
176,1789020931.461541,pose/component_1,0.08155684918165207
176,1789020931.461541,pose/component_2,0.08487122505903244
176,1789020931.461541,pose/component_3,0.7775515913963318
176,1789020931.461541,pose/component_4,0.004600845277309418
176,1789020931.461541,pose/component_5,1.681678295135498
177,1789020932.613289,amp/overflow_retries,0.0
177,1789020932.613289,amp/scale,64.0
177,1789020932.613289,detect/component_0,1.1001943349838257
177,1789020932.613289,detect/component_1,1.0715901851654053
177,1789020932.613289,detect/component_2,0.00753801129758358
177,1789020932.613289,gradient/clipped_norm,2854.44775390625
177,1789020932.613289,images/detect,256.0
177,1789020932.613289,images/pose,16.0
177,1789020932.613289,loss/backward,179.3537940979004
177,1789020932.613289,loss/detect_mean,1.8336735516786575
177,1789020932.613289,loss/joint_mean,2.8024030327796936
177,1789020932.613289,loss/pose_mean,6.677320957183838
177,1789020932.613289,lr/attention.decay,0.0
177,1789020932.613289,lr/attention.no_decay,0.0
177,1789020932.613289,lr/backbone.decay,0.0
177,1789020932.613289,lr/backbone.no_decay,0.0
177,1789020932.613289,lr/detect_head.decay,8.920086393088553e-05
177,1789020932.613289,lr/detect_head.no_decay,8.920086393088553e-05
177,1789020932.613289,lr/masf.decay,4.460043196544277e-06
177,1789020932.613289,lr/masf.no_decay,4.460043196544277e-06
177,1789020932.613289,lr/neck.decay,3.345032397408207e-05
177,1789020932.613289,lr/neck.no_decay,3.345032397408207e-05
177,1789020932.613289,lr/pose_head.decay,8.920086393088553e-05
177,1789020932.613289,lr/pose_head.no_decay,8.920086393088553e-05
177,1789020932.613289,pose/component_0,1.2693485021591187
177,1789020932.613289,pose/component_1,0.15618625283241272
177,1789020932.613289,pose/component_2,0.01775420270860195
177,1789020932.613289,pose/component_3,1.1252318620681763
177,1789020932.613289,pose/component_4,0.004040617495775223
177,1789020932.613289,pose/component_5,2.2011756896972656
178,1789020933.788762,amp/overflow_retries,0.0
178,1789020933.788762,amp/scale,64.0
178,1789020933.788762,detect/component_0,1.1227976083755493
178,1789020933.788762,detect/component_1,0.9883785247802734
178,1789020933.788762,detect/component_2,0.006994640454649925
178,1789020933.788762,gradient/clipped_norm,2452.59228515625
178,1789020933.788762,images/detect,256.0
178,1789020933.788762,images/pose,16.0
178,1789020933.788762,loss/backward,171.03737030029296
178,1789020933.788762,loss/detect_mean,1.7735366523265839
178,1789020933.788762,loss/joint_mean,2.6724589109420775
178,1789020933.788762,loss/pose_mean,6.268147945404053
178,1789020933.788762,lr/attention.decay,0.0
178,1789020933.788762,lr/attention.no_decay,0.0
178,1789020933.788762,lr/backbone.decay,0.0
178,1789020933.788762,lr/backbone.no_decay,0.0
178,1789020933.788762,lr/detect_head.decay,8.958963282937365e-05
178,1789020933.788762,lr/detect_head.no_decay,8.958963282937365e-05
178,1789020933.788762,lr/masf.decay,4.479481641468683e-06
178,1789020933.788762,lr/masf.no_decay,4.479481641468683e-06
178,1789020933.788762,lr/neck.decay,3.359611231101511e-05
178,1789020933.788762,lr/neck.no_decay,3.359611231101511e-05
178,1789020933.788762,lr/pose_head.decay,8.958963282937365e-05
178,1789020933.788762,lr/pose_head.no_decay,8.958963282937365e-05
178,1789020933.788762,pose/component_0,1.4479591846466064
178,1789020933.788762,pose/component_1,0.1616060882806778
178,1789020933.788762,pose/component_2,0.03903477266430855
178,1789020933.788762,pose/component_3,0.8460227251052856
178,1789020933.788762,pose/component_4,0.004468780010938644
178,1789020933.788762,pose/component_5,2.245094060897827
179,1789020934.940902,amp/overflow_retries,0.0
179,1789020934.940902,amp/scale,64.0
179,1789020934.940902,detect/component_0,1.1270536184310913
179,1789020934.940902,detect/component_1,1.0101640224456787
179,1789020934.940902,detect/component_2,0.007030313368886709
179,1789020934.940902,gradient/clipped_norm,2219.779296875
179,1789020934.940902,images/detect,256.0
179,1789020934.940902,images/pose,16.0
179,1789020934.940902,loss/backward,170.50002746582032
179,1789020934.940902,loss/detect_mean,1.8304269909858704
179,1789020934.940902,loss/joint_mean,2.6640629291534426
179,1789020934.940902,loss/pose_mean,5.9986066818237305
179,1789020934.940902,lr/attention.decay,0.0
179,1789020934.940902,lr/attention.no_decay,0.0
179,1789020934.940902,lr/backbone.decay,0.0
179,1789020934.940902,lr/backbone.no_decay,0.0
179,1789020934.940902,lr/detect_head.decay,8.997840172786179e-05
179,1789020934.940902,lr/detect_head.no_decay,8.997840172786179e-05
179,1789020934.940902,lr/masf.decay,4.498920086393089e-06
179,1789020934.940902,lr/masf.no_decay,4.498920086393089e-06
179,1789020934.940902,lr/neck.decay,3.374190064794816e-05
179,1789020934.940902,lr/neck.no_decay,3.374190064794816e-05
179,1789020934.940902,lr/pose_head.decay,8.997840172786179e-05
179,1789020934.940902,lr/pose_head.no_decay,8.997840172786179e-05
179,1789020934.940902,pose/component_0,0.9474735856056213
179,1789020934.940902,pose/component_1,0.08072866499423981
179,1789020934.940902,pose/component_2,0.03380715847015381
179,1789020934.940902,pose/component_3,0.907626748085022
179,1789020934.940902,pose/component_4,0.004844892304390669
179,1789020934.940902,pose/component_5,2.7407798767089844
180,1789020936.0949676,amp/overflow_retries,0.0
180,1789020936.0949676,amp/scale,64.0
180,1789020936.0949676,detect/component_0,1.053903341293335
180,1789020936.0949676,detect/component_1,0.9416672587394714
180,1789020936.0949676,detect/component_2,0.006866132374852896
180,1789020936.0949676,gradient/clipped_norm,1369.0228271484375
180,1789020936.0949676,images/detect,256.0
180,1789020936.0949676,images/pose,16.0
180,1789020936.0949676,loss/backward,156.66122512817384
180,1789020936.0949676,loss/detect_mean,1.6999303251504898
180,1789020936.0949676,loss/joint_mean,2.4478316426277162
180,1789020936.0949676,loss/pose_mean,5.439436912536621
180,1789020936.0949676,lr/attention.decay,0.0
180,1789020936.0949676,lr/attention.no_decay,0.0
180,1789020936.0949676,lr/backbone.decay,0.0
180,1789020936.0949676,lr/backbone.no_decay,0.0
180,1789020936.0949676,lr/detect_head.decay,9.036717062634989e-05
180,1789020936.0949676,lr/detect_head.no_decay,9.036717062634989e-05
180,1789020936.0949676,lr/masf.decay,4.518358531317495e-06
180,1789020936.0949676,lr/masf.no_decay,4.518358531317495e-06
180,1789020936.0949676,lr/neck.decay,3.388768898488121e-05
180,1789020936.0949676,lr/neck.no_decay,3.388768898488121e-05
180,1789020936.0949676,lr/pose_head.decay,9.036717062634989e-05
180,1789020936.0949676,lr/pose_head.no_decay,9.036717062634989e-05
180,1789020936.0949676,pose/component_0,1.127057433128357
180,1789020936.0949676,pose/component_1,0.05053497850894928
180,1789020936.0949676,pose/component_2,0.11657025665044785
180,1789020936.0949676,pose/component_3,0.8231474757194519
180,1789020936.0949676,pose/component_4,0.004612947814166546
180,1789020936.0949676,pose/component_5,1.8647689819335938
181,1789020937.2510223,amp/overflow_retries,0.0
181,1789020937.2510223,amp/scale,64.0
181,1789020937.2510223,detect/component_0,1.1061042547225952
181,1789020937.2510223,detect/component_1,1.0402525663375854
181,1789020937.2510223,detect/component_2,0.007461405359208584
181,1789020937.2510223,gradient/clipped_norm,2736.9560546875
181,1789020937.2510223,images/detect,256.0
181,1789020937.2510223,images/pose,16.0
181,1789020937.2510223,loss/backward,164.882421875
181,1789020937.2510223,loss/detect_mean,1.8261724710464478
181,1789020937.2510223,loss/joint_mean,2.576287841796875
181,1789020937.2510223,loss/pose_mean,5.576749324798584
181,1789020937.2510223,lr/attention.decay,0.0
181,1789020937.2510223,lr/attention.no_decay,0.0
181,1789020937.2510223,lr/backbone.decay,0.0
181,1789020937.2510223,lr/backbone.no_decay,0.0
181,1789020937.2510223,lr/detect_head.decay,9.075593952483801e-05
181,1789020937.2510223,lr/detect_head.no_decay,9.075593952483801e-05
181,1789020937.2510223,lr/masf.decay,4.537796976241901e-06
181,1789020937.2510223,lr/masf.no_decay,4.537796976241901e-06
181,1789020937.2510223,lr/neck.decay,3.4033477321814247e-05
181,1789020937.2510223,lr/neck.no_decay,3.4033477321814247e-05
181,1789020937.2510223,lr/pose_head.decay,9.075593952483801e-05
181,1789020937.2510223,lr/pose_head.no_decay,9.075593952483801e-05
181,1789020937.2510223,pose/component_0,1.3483927249908447
181,1789020937.2510223,pose/component_1,0.21131819486618042
181,1789020937.2510223,pose/component_2,0.2927323877811432
181,1789020937.2510223,pose/component_3,0.8340162634849548
181,1789020937.2510223,pose/component_4,0.005201620981097221
181,1789020937.2510223,pose/component_5,3.1544408798217773
182,1789020938.4269097,amp/overflow_retries,0.0
182,1789020938.4269097,amp/scale,64.0
182,1789020938.4269097,detect/component_0,1.0519169569015503
182,1789020938.4269097,detect/component_1,0.9729156494140625
182,1789020938.4269097,detect/component_2,0.006955736316740513
182,1789020938.4269097,gradient/clipped_norm,1459.057861328125
182,1789020938.4269097,images/detect,256.0
182,1789020938.4269097,images/pose,16.0
182,1789020938.4269097,loss/backward,147.4166290283203
182,1789020938.4269097,loss/detect_mean,1.7358056902885437
182,1789020938.4269097,loss/joint_mean,2.3033848285675047
182,1789020938.4269097,loss/pose_mean,4.57370138168335
182,1789020938.4269097,lr/attention.decay,0.0
182,1789020938.4269097,lr/attention.no_decay,0.0
182,1789020938.4269097,lr/backbone.decay,0.0
182,1789020938.4269097,lr/backbone.no_decay,0.0
182,1789020938.4269097,lr/detect_head.decay,9.114470842332614e-05
182,1789020938.4269097,lr/detect_head.no_decay,9.114470842332614e-05
182,1789020938.4269097,lr/masf.decay,4.557235421166307e-06
182,1789020938.4269097,lr/masf.no_decay,4.557235421166307e-06
182,1789020938.4269097,lr/neck.decay,3.41792656587473e-05
182,1789020938.4269097,lr/neck.no_decay,3.41792656587473e-05
182,1789020938.4269097,lr/pose_head.decay,9.114470842332614e-05
182,1789020938.4269097,lr/pose_head.no_decay,9.114470842332614e-05
182,1789020938.4269097,pose/component_0,1.2078145742416382
182,1789020938.4269097,pose/component_1,0.05438157543540001
182,1789020938.4269097,pose/component_2,0.176901176571846
182,1789020938.4269097,pose/component_3,0.9510394334793091
182,1789020938.4269097,pose/component_4,0.003414581995457411
182,1789020938.4269097,pose/component_5,0.5262889266014099
183,1789020939.58422,amp/overflow_retries,0.0
183,1789020939.58422,amp/scale,64.0
183,1789020939.58422,detect/component_0,1.029148817062378
183,1789020939.58422,detect/component_1,0.9188026189804077
183,1789020939.58422,detect/component_2,0.007119543384760618
183,1789020939.58422,gradient/clipped_norm,1601.0728759765625
183,1789020939.58422,images/detect,256.0
183,1789020939.58422,images/pose,16.0
183,1789020939.58422,loss/backward,140.8694160461426
183,1789020939.58422,loss/detect_mean,1.6687752157449722
183,1789020939.58422,loss/joint_mean,2.201084625720978
183,1789020939.58422,loss/pose_mean,4.330322265625
183,1789020939.58422,lr/attention.decay,0.0
183,1789020939.58422,lr/attention.no_decay,0.0
183,1789020939.58422,lr/backbone.decay,0.0
183,1789020939.58422,lr/backbone.no_decay,0.0
183,1789020939.58422,lr/detect_head.decay,9.153347732181426e-05
183,1789020939.58422,lr/detect_head.no_decay,9.153347732181426e-05
183,1789020939.58422,lr/masf.decay,4.576673866090713e-06
183,1789020939.58422,lr/masf.no_decay,4.576673866090713e-06
183,1789020939.58422,lr/neck.decay,3.432505399568034e-05
183,1789020939.58422,lr/neck.no_decay,3.432505399568034e-05
183,1789020939.58422,lr/pose_head.decay,9.153347732181426e-05
183,1789020939.58422,lr/pose_head.no_decay,9.153347732181426e-05
183,1789020939.58422,pose/component_0,1.2965797185897827
183,1789020939.58422,pose/component_1,0.15042448043823242
183,1789020939.58422,pose/component_2,0.025774111971259117
183,1789020939.58422,pose/component_3,0.9682258367538452
183,1789020939.58422,pose/component_4,0.0034477082081139088
183,1789020939.58422,pose/component_5,1.2569221258163452
184,1789020940.7461488,amp/overflow_retries,0.0
184,1789020940.7461488,amp/scale,64.0
184,1789020940.7461488,detect/component_0,1.088836431503296
184,1789020940.7461488,detect/component_1,0.9986951947212219
184,1789020940.7461488,detect/component_2,0.00666539091616869
184,1789020940.7461488,gradient/clipped_norm,1478.4627685546875
184,1789020940.7461488,images/detect,256.0
184,1789020940.7461488,images/pose,16.0
184,1789020940.7461488,loss/backward,151.71118621826173
184,1789020940.7461488,loss/detect_mean,1.7733497321605682
184,1789020940.7461488,loss/joint_mean,2.3704872846603395
184,1789020940.7461488,loss/pose_mean,4.759037494659424
184,1789020940.7461488,lr/attention.decay,0.0
184,1789020940.7461488,lr/attention.no_decay,0.0
184,1789020940.7461488,lr/backbone.decay,0.0
184,1789020940.7461488,lr/backbone.no_decay,0.0
184,1789020940.7461488,lr/detect_head.decay,9.192224622030238e-05
184,1789020940.7461488,lr/detect_head.no_decay,9.192224622030238e-05
184,1789020940.7461488,lr/masf.decay,4.59611231101512e-06
184,1789020940.7461488,lr/masf.no_decay,4.59611231101512e-06
184,1789020940.7461488,lr/neck.decay,3.447084233261339e-05
184,1789020940.7461488,lr/neck.no_decay,3.447084233261339e-05
184,1789020940.7461488,lr/pose_head.decay,9.192224622030238e-05
184,1789020940.7461488,lr/pose_head.no_decay,9.192224622030238e-05
184,1789020940.7461488,pose/component_0,1.3067177534103394
184,1789020940.7461488,pose/component_1,0.046868883073329926
184,1789020940.7461488,pose/component_2,0.10362956672906876
184,1789020940.7461488,pose/component_3,0.848402202129364
184,1789020940.7461488,pose/component_4,0.005212010815739632
184,1789020940.7461488,pose/component_5,1.0441017150878906
185,1789020941.904774,amp/overflow_retries,0.0
185,1789020941.904774,amp/scale,64.0
185,1789020941.904774,detect/component_0,1.068602442741394
185,1789020941.904774,detect/component_1,0.9665579199790955
185,1789020941.904774,detect/component_2,0.006920620799064636
185,1789020941.904774,gradient/clipped_norm,1509.96337890625
185,1789020941.904774,images/detect,256.0
185,1789020941.904774,images/pose,16.0
185,1789020941.904774,loss/backward,140.94695663452148
185,1789020941.904774,loss/detect_mean,1.7127656191587448
185,1789020941.904774,loss/joint_mean,2.202296197414398
185,1789020941.904774,loss/pose_mean,4.160418510437012
185,1789020941.904774,lr/attention.decay,0.0
185,1789020941.904774,lr/attention.no_decay,0.0
185,1789020941.904774,lr/backbone.decay,0.0
185,1789020941.904774,lr/backbone.no_decay,0.0
185,1789020941.904774,lr/detect_head.decay,9.23110151187905e-05
185,1789020941.904774,lr/detect_head.no_decay,9.23110151187905e-05
185,1789020941.904774,lr/masf.decay,4.615550755939525e-06
185,1789020941.904774,lr/masf.no_decay,4.615550755939525e-06
185,1789020941.904774,lr/neck.decay,3.4616630669546435e-05
185,1789020941.904774,lr/neck.no_decay,3.4616630669546435e-05
185,1789020941.904774,lr/pose_head.decay,9.23110151187905e-05
185,1789020941.904774,lr/pose_head.no_decay,9.23110151187905e-05
185,1789020941.904774,pose/component_0,1.1350549459457397
185,1789020941.904774,pose/component_1,0.25919461250305176
185,1789020941.904774,pose/component_2,0.0742122083902359
185,1789020941.904774,pose/component_3,0.8330299854278564
185,1789020941.904774,pose/component_4,0.00360321719199419
185,1789020941.904774,pose/component_5,0.8906306624412537
186,1789020943.0609336,amp/overflow_retries,0.0
186,1789020943.0609336,amp/scale,64.0
186,1789020943.0609336,detect/component_0,1.0301382541656494
186,1789020943.0609336,detect/component_1,0.9233061671257019
186,1789020943.0609336,detect/component_2,0.006622237153351307
186,1789020943.0609336,gradient/clipped_norm,1971.1422119140625
186,1789020943.0609336,images/detect,256.0
186,1789020943.0609336,images/pose,16.0
186,1789020943.0609336,loss/backward,142.14279327392578
186,1789020943.0609336,loss/detect_mean,1.6549843847751617
186,1789020943.0609336,loss/joint_mean,2.2209811449050902
186,1789020943.0609336,loss/pose_mean,4.484968185424805
186,1789020943.0609336,lr/attention.decay,0.0
186,1789020943.0609336,lr/attention.no_decay,0.0
186,1789020943.0609336,lr/backbone.decay,0.0
186,1789020943.0609336,lr/backbone.no_decay,0.0
186,1789020943.0609336,lr/detect_head.decay,9.269978401727862e-05
186,1789020943.0609336,lr/detect_head.no_decay,9.269978401727862e-05
186,1789020943.0609336,lr/masf.decay,4.634989200863931e-06
186,1789020943.0609336,lr/masf.no_decay,4.634989200863931e-06
186,1789020943.0609336,lr/neck.decay,3.476241900647947e-05
186,1789020943.0609336,lr/neck.no_decay,3.476241900647947e-05
186,1789020943.0609336,lr/pose_head.decay,9.269978401727862e-05
186,1789020943.0609336,lr/pose_head.no_decay,9.269978401727862e-05
186,1789020943.0609336,pose/component_0,1.1224960088729858
186,1789020943.0609336,pose/component_1,0.06055557727813721
186,1789020943.0609336,pose/component_2,0.13860705494880676
186,1789020943.0609336,pose/component_3,0.7370320558547974
186,1789020943.0609336,pose/component_4,0.005040593910962343
186,1789020943.0609336,pose/component_5,1.584855318069458
187,1789020944.2242453,amp/overflow_retries,0.0
187,1789020944.2242453,amp/scale,64.0
187,1789020944.2242453,detect/component_0,1.1273545026779175
187,1789020944.2242453,detect/component_1,0.9689369201660156
187,1789020944.2242453,detect/component_2,0.006682270206511021
187,1789020944.2242453,gradient/clipped_norm,2160.083740234375
187,1789020944.2242453,images/detect,256.0
187,1789020944.2242453,images/pose,16.0
187,1789020944.2242453,loss/backward,146.2633087158203
187,1789020944.2242453,loss/detect_mean,1.7613618969917297
187,1789020944.2242453,loss/joint_mean,2.285364198684692
187,1789020944.2242453,loss/pose_mean,4.381373405456543
187,1789020944.2242453,lr/attention.decay,0.0
187,1789020944.2242453,lr/attention.no_decay,0.0
187,1789020944.2242453,lr/backbone.decay,0.0
187,1789020944.2242453,lr/backbone.no_decay,0.0
187,1789020944.2242453,lr/detect_head.decay,9.308855291576675e-05
187,1789020944.2242453,lr/detect_head.no_decay,9.308855291576675e-05
187,1789020944.2242453,lr/masf.decay,4.654427645788338e-06
187,1789020944.2242453,lr/masf.no_decay,4.654427645788338e-06
187,1789020944.2242453,lr/neck.decay,3.4908207343412525e-05
187,1789020944.2242453,lr/neck.no_decay,3.4908207343412525e-05
187,1789020944.2242453,lr/pose_head.decay,9.308855291576675e-05
187,1789020944.2242453,lr/pose_head.no_decay,9.308855291576675e-05
187,1789020944.2242453,pose/component_0,1.3445606231689453
187,1789020944.2242453,pose/component_1,0.15471576154232025
187,1789020944.2242453,pose/component_2,0.03446992114186287
187,1789020944.2242453,pose/component_3,0.6900457739830017
187,1789020944.2242453,pose/component_4,0.0039505427703261375
187,1789020944.2242453,pose/component_5,0.6415234804153442
188,1789020945.3782134,amp/overflow_retries,0.0
188,1789020945.3782134,amp/scale,64.0
188,1789020945.3782134,detect/component_0,1.1248571872711182
188,1789020945.3782134,detect/component_1,1.0055311918258667
188,1789020945.3782134,detect/component_2,0.006367078982293606
188,1789020945.3782134,gradient/clipped_norm,2671.846435546875
188,1789020945.3782134,images/detect,256.0
188,1789020945.3782134,images/pose,16.0
188,1789020945.3782134,loss/backward,175.04666595458986
188,1789020945.3782134,loss/detect_mean,1.7672432363033295
188,1789020945.3782134,loss/joint_mean,2.7351041555404665
188,1789020945.3782134,loss/pose_mean,6.606547832489014
188,1789020945.3782134,lr/attention.decay,0.0
188,1789020945.3782134,lr/attention.no_decay,0.0
188,1789020945.3782134,lr/backbone.decay,0.0
188,1789020945.3782134,lr/backbone.no_decay,0.0
188,1789020945.3782134,lr/detect_head.decay,9.347732181425486e-05
188,1789020945.3782134,lr/detect_head.no_decay,9.347732181425486e-05
188,1789020945.3782134,lr/masf.decay,4.673866090712743e-06
188,1789020945.3782134,lr/masf.no_decay,4.673866090712743e-06
188,1789020945.3782134,lr/neck.decay,3.505399568034557e-05
188,1789020945.3782134,lr/neck.no_decay,3.505399568034557e-05
188,1789020945.3782134,lr/pose_head.decay,9.347732181425486e-05
188,1789020945.3782134,lr/pose_head.no_decay,9.347732181425486e-05
188,1789020945.3782134,pose/component_0,0.9099348187446594
188,1789020945.3782134,pose/component_1,0.25975680351257324
188,1789020945.3782134,pose/component_2,0.03371835872530937
188,1789020945.3782134,pose/component_3,0.8193613886833191
188,1789020945.3782134,pose/component_4,0.003448416944593191
188,1789020945.3782134,pose/component_5,1.9136409759521484
189,1789020946.5292733,amp/overflow_retries,0.0
189,1789020946.5292733,amp/scale,64.0
189,1789020946.5292733,detect/component_0,1.0571376085281372
189,1789020946.5292733,detect/component_1,0.9603017568588257
189,1789020946.5292733,detect/component_2,0.0070001352578401566
189,1789020946.5292733,gradient/clipped_norm,1084.4114990234375
189,1789020946.5292733,images/detect,256.0
189,1789020946.5292733,images/pose,16.0
189,1789020946.5292733,loss/backward,147.40856857299804
189,1789020946.5292733,loss/detect_mean,1.7001167386770248
189,1789020946.5292733,loss/joint_mean,2.3032588839530943
189,1789020946.5292733,loss/pose_mean,4.715827465057373
189,1789020946.5292733,lr/attention.decay,0.0
189,1789020946.5292733,lr/attention.no_decay,0.0
189,1789020946.5292733,lr/backbone.decay,0.0
189,1789020946.5292733,lr/backbone.no_decay,0.0
189,1789020946.5292733,lr/detect_head.decay,9.3866090712743e-05
189,1789020946.5292733,lr/detect_head.no_decay,9.3866090712743e-05
189,1789020946.5292733,lr/masf.decay,4.69330453563715e-06
189,1789020946.5292733,lr/masf.no_decay,4.69330453563715e-06
189,1789020946.5292733,lr/neck.decay,3.5199784017278616e-05
189,1789020946.5292733,lr/neck.no_decay,3.5199784017278616e-05
189,1789020946.5292733,lr/pose_head.decay,9.3866090712743e-05
189,1789020946.5292733,lr/pose_head.no_decay,9.3866090712743e-05
189,1789020946.5292733,pose/component_0,1.5662486553192139
189,1789020946.5292733,pose/component_1,0.28343066573143005
189,1789020946.5292733,pose/component_2,0.08423423767089844
189,1789020946.5292733,pose/component_3,1.0009431838989258
189,1789020946.5292733,pose/component_4,0.0036487020552158356
189,1789020946.5292733,pose/component_5,1.4884157180786133
190,1789020947.699245,amp/overflow_retries,0.0
190,1789020947.699245,amp/scale,64.0
190,1789020947.699245,detect/component_0,1.0751030445098877
190,1789020947.699245,detect/component_1,1.010304570198059
190,1789020947.699245,detect/component_2,0.006422044709324837
190,1789020947.699245,gradient/clipped_norm,1796.9517822265625
190,1789020947.699245,images/detect,256.0
190,1789020947.699245,images/pose,16.0
190,1789020947.699245,loss/backward,158.88408737182618
190,1789020947.699245,loss/detect_mean,1.7600592225790024
190,1789020947.699245,loss/joint_mean,2.482563865184784
190,1789020947.699245,loss/pose_mean,5.37258243560791
190,1789020947.699245,lr/attention.decay,0.0
190,1789020947.699245,lr/attention.no_decay,0.0
190,1789020947.699245,lr/backbone.decay,0.0
190,1789020947.699245,lr/backbone.no_decay,0.0
190,1789020947.699245,lr/detect_head.decay,9.425485961123111e-05
190,1789020947.699245,lr/detect_head.no_decay,9.425485961123111e-05
190,1789020947.699245,lr/masf.decay,4.712742980561555e-06
190,1789020947.699245,lr/masf.no_decay,4.712742980561555e-06
190,1789020947.699245,lr/neck.decay,3.534557235421166e-05
190,1789020947.699245,lr/neck.no_decay,3.534557235421166e-05
190,1789020947.699245,lr/pose_head.decay,9.425485961123111e-05
190,1789020947.699245,lr/pose_head.no_decay,9.425485961123111e-05
190,1789020947.699245,pose/component_0,1.2094210386276245
190,1789020947.699245,pose/component_1,0.035884276032447815
190,1789020947.699245,pose/component_2,0.34679940342903137
190,1789020947.699245,pose/component_3,0.8197646737098694
190,1789020947.699245,pose/component_4,0.0052381339482963085
190,1789020947.699245,pose/component_5,1.0833326578140259
191,1789020948.8670816,amp/overflow_retries,0.0
191,1789020948.8670816,amp/scale,64.0
191,1789020948.8670816,detect/component_0,1.0565640926361084
191,1789020948.8670816,detect/component_1,0.9934130907058716
191,1789020948.8670816,detect/component_2,0.0067346785217523575
191,1789020948.8670816,gradient/clipped_norm,4452.28173828125
191,1789020948.8670816,images/detect,256.0
191,1789020948.8670816,images/pose,16.0
191,1789020948.8670816,loss/backward,263.48251190185545
191,1789020948.8670816,loss/detect_mean,1.719195932149887
191,1789020948.8670816,loss/joint_mean,4.116914248466491
191,1789020948.8670816,loss/pose_mean,13.70778751373291
191,1789020948.8670816,lr/attention.decay,0.0
191,1789020948.8670816,lr/attention.no_decay,0.0
191,1789020948.8670816,lr/backbone.decay,0.0
191,1789020948.8670816,lr/backbone.no_decay,0.0
191,1789020948.8670816,lr/detect_head.decay,9.464362850971924e-05
191,1789020948.8670816,lr/detect_head.no_decay,9.464362850971924e-05
191,1789020948.8670816,lr/masf.decay,4.732181425485962e-06
191,1789020948.8670816,lr/masf.no_decay,4.732181425485962e-06
191,1789020948.8670816,lr/neck.decay,3.549136069114471e-05
191,1789020948.8670816,lr/neck.no_decay,3.549136069114471e-05
191,1789020948.8670816,lr/pose_head.decay,9.464362850971924e-05
191,1789020948.8670816,lr/pose_head.no_decay,9.464362850971924e-05
191,1789020948.8670816,pose/component_0,1.224463701248169
191,1789020948.8670816,pose/component_1,0.5269148945808411
191,1789020948.8670816,pose/component_2,0.08689021319150925
191,1789020948.8670816,pose/component_3,0.9184169173240662
191,1789020948.8670816,pose/component_4,0.005468298215419054
191,1789020948.8670816,pose/component_5,8.477337837219238
192,1789020950.0289364,amp/overflow_retries,0.0
192,1789020950.0289364,amp/scale,64.0
192,1789020950.0289364,detect/component_0,1.0603582859039307
192,1789020950.0289364,detect/component_1,1.0400855541229248
192,1789020950.0289364,detect/component_2,0.007387588731944561
192,1789020950.0289364,gradient/clipped_norm,1846.9327392578125
192,1789020950.0289364,images/detect,256.0
192,1789020950.0289364,images/pose,16.0
192,1789020950.0289364,loss/backward,171.06579208374023
192,1789020950.0289364,loss/detect_mean,1.7656709402799606
192,1789020950.0289364,loss/joint_mean,2.672903001308441
192,1789020950.0289364,loss/pose_mean,6.301831245422363
192,1789020950.0289364,lr/attention.decay,0.0
192,1789020950.0289364,lr/attention.no_decay,0.0
192,1789020950.0289364,lr/backbone.decay,0.0
192,1789020950.0289364,lr/backbone.no_decay,0.0
192,1789020950.0289364,lr/detect_head.decay,9.503239740820736e-05
192,1789020950.0289364,lr/detect_head.no_decay,9.503239740820736e-05
192,1789020950.0289364,lr/masf.decay,4.751619870410368e-06
192,1789020950.0289364,lr/masf.no_decay,4.751619870410368e-06
192,1789020950.0289364,lr/neck.decay,3.563714902807775e-05
192,1789020950.0289364,lr/neck.no_decay,3.563714902807775e-05
192,1789020950.0289364,lr/pose_head.decay,9.503239740820736e-05
192,1789020950.0289364,lr/pose_head.no_decay,9.503239740820736e-05
192,1789020950.0289364,pose/component_0,1.4077112674713135
192,1789020950.0289364,pose/component_1,0.14657245576381683
192,1789020950.0289364,pose/component_2,0.087082140147686
192,1789020950.0289364,pose/component_3,0.9974347949028015
192,1789020950.0289364,pose/component_4,0.005388057325035334
192,1789020950.0289364,pose/component_5,2.0326178073883057
193,1789020951.18887,amp/overflow_retries,0.0
193,1789020951.18887,amp/scale,64.0
193,1789020951.18887,detect/component_0,1.0939394235610962
193,1789020951.18887,detect/component_1,0.9965835213661194
193,1789020951.18887,detect/component_2,0.006853917613625526
193,1789020951.18887,gradient/clipped_norm,1464.684326171875
193,1789020951.18887,images/detect,256.0
193,1789020951.18887,images/pose,16.0
193,1789020951.18887,loss/backward,150.41687545776367
193,1789020951.18887,loss/detect_mean,1.764936313033104
193,1789020951.18887,loss/joint_mean,2.3502636790275573
193,1789020951.18887,loss/pose_mean,4.691573143005371
193,1789020951.18887,lr/attention.decay,0.0
193,1789020951.18887,lr/attention.no_decay,0.0
193,1789020951.18887,lr/backbone.decay,0.0
193,1789020951.18887,lr/backbone.no_decay,0.0
193,1789020951.18887,lr/detect_head.decay,9.542116630669549e-05
193,1789020951.18887,lr/detect_head.no_decay,9.542116630669549e-05
193,1789020951.18887,lr/masf.decay,4.771058315334774e-06
193,1789020951.18887,lr/masf.no_decay,4.771058315334774e-06
193,1789020951.18887,lr/neck.decay,3.5782937365010804e-05
193,1789020951.18887,lr/neck.no_decay,3.5782937365010804e-05
193,1789020951.18887,lr/pose_head.decay,9.542116630669549e-05
193,1789020951.18887,lr/pose_head.no_decay,9.542116630669549e-05
193,1789020951.18887,pose/component_0,1.2212082147598267
193,1789020951.18887,pose/component_1,0.05948334187269211
193,1789020951.18887,pose/component_2,0.11878258734941483
193,1789020951.18887,pose/component_3,0.8191277384757996
193,1789020951.18887,pose/component_4,0.004904281347990036
193,1789020951.18887,pose/component_5,1.3036954402923584
194,1789020952.3425531,amp/overflow_retries,0.0
194,1789020952.3425531,amp/scale,64.0
194,1789020952.3425531,detect/component_0,1.0650297403335571
194,1789020952.3425531,detect/component_1,0.9850057363510132
194,1789020952.3425531,detect/component_2,0.006727901753038168
194,1789020952.3425531,gradient/clipped_norm,1853.6883544921875
194,1789020952.3425531,images/detect,256.0
194,1789020952.3425531,images/pose,16.0
194,1789020952.3425531,loss/backward,161.4898811340332
194,1789020952.3425531,loss/detect_mean,1.7385245710611343
194,1789020952.3425531,loss/joint_mean,2.5232793927192687
194,1789020952.3425531,loss/pose_mean,5.662298679351807
194,1789020952.3425531,lr/attention.decay,0.0
194,1789020952.3425531,lr/attention.no_decay,0.0
194,1789020952.3425531,lr/backbone.decay,0.0
194,1789020952.3425531,lr/backbone.no_decay,0.0
194,1789020952.3425531,lr/detect_head.decay,9.58099352051836e-05
194,1789020952.3425531,lr/detect_head.no_decay,9.58099352051836e-05
194,1789020952.3425531,lr/masf.decay,4.7904967602591805e-06
194,1789020952.3425531,lr/masf.no_decay,4.7904967602591805e-06
194,1789020952.3425531,lr/neck.decay,3.592872570194384e-05
194,1789020952.3425531,lr/neck.no_decay,3.592872570194384e-05
194,1789020952.3425531,lr/pose_head.decay,9.58099352051836e-05
194,1789020952.3425531,lr/pose_head.no_decay,9.58099352051836e-05
194,1789020952.3425531,pose/component_0,1.2059056758880615
194,1789020952.3425531,pose/component_1,0.06546688079833984
194,1789020952.3425531,pose/component_2,0.026380790397524834
194,1789020952.3425531,pose/component_3,1.0695325136184692
194,1789020952.3425531,pose/component_4,0.0038501759991049767
194,1789020952.3425531,pose/component_5,1.4961585998535156
195,1789020953.4952266,amp/overflow_retries,0.0
195,1789020953.4952266,amp/scale,64.0
195,1789020953.4952266,detect/component_0,1.0033812522888184
195,1789020953.4952266,detect/component_1,0.9608058929443359
195,1789020953.4952266,detect/component_2,0.007725808769464493
195,1789020953.4952266,gradient/clipped_norm,1341.548095703125
195,1789020953.4952266,images/detect,256.0
195,1789020953.4952266,images/pose,16.0
195,1789020953.4952266,loss/backward,137.81115036010743
195,1789020953.4952266,loss/detect_mean,1.6858996003866196
195,1789020953.4952266,loss/joint_mean,2.1532992243766786
195,1789020953.4952266,loss/pose_mean,4.022897720336914
195,1789020953.4952266,lr/attention.decay,0.0
195,1789020953.4952266,lr/attention.no_decay,0.0
195,1789020953.4952266,lr/backbone.decay,0.0
195,1789020953.4952266,lr/backbone.no_decay,0.0
195,1789020953.4952266,lr/detect_head.decay,9.61987041036717e-05
195,1789020953.4952266,lr/detect_head.no_decay,9.61987041036717e-05
195,1789020953.4952266,lr/masf.decay,4.809935205183586e-06
195,1789020953.4952266,lr/masf.no_decay,4.809935205183586e-06
195,1789020953.4952266,lr/neck.decay,3.607451403887689e-05
195,1789020953.4952266,lr/neck.no_decay,3.607451403887689e-05
195,1789020953.4952266,lr/pose_head.decay,9.61987041036717e-05
195,1789020953.4952266,lr/pose_head.no_decay,9.61987041036717e-05
195,1789020953.4952266,pose/component_0,1.1865441799163818
195,1789020953.4952266,pose/component_1,0.04159742593765259
195,1789020953.4952266,pose/component_2,0.015565291978418827
195,1789020953.4952266,pose/component_3,0.4898053705692291
195,1789020953.4952266,pose/component_4,0.004370920825749636
195,1789020953.4952266,pose/component_5,1.4794325828552246
196,1789020954.6434364,amp/overflow_retries,0.0
196,1789020954.6434364,amp/scale,64.0
196,1789020954.6434364,detect/component_0,1.1172534227371216
196,1789020954.6434364,detect/component_1,1.0238372087478638
196,1789020954.6434364,detect/component_2,0.007264773361384869
196,1789020954.6434364,gradient/clipped_norm,1918.4630126953125
196,1789020954.6434364,images/detect,256.0
196,1789020954.6434364,images/pose,16.0
196,1789020954.6434364,loss/backward,166.9034393310547
196,1789020954.6434364,loss/detect_mean,1.786608636379242
196,1789020954.6434364,loss/joint_mean,2.6078662395477297
196,1789020954.6434364,loss/pose_mean,5.89289665222168
196,1789020954.6434364,lr/attention.decay,0.0
196,1789020954.6434364,lr/attention.no_decay,0.0
196,1789020954.6434364,lr/backbone.decay,0.0
196,1789020954.6434364,lr/backbone.no_decay,0.0
196,1789020954.6434364,lr/detect_head.decay,9.658747300215985e-05
196,1789020954.6434364,lr/detect_head.no_decay,9.658747300215985e-05
196,1789020954.6434364,lr/masf.decay,4.829373650107992e-06
196,1789020954.6434364,lr/masf.no_decay,4.829373650107992e-06
196,1789020954.6434364,lr/neck.decay,3.622030237580994e-05
196,1789020954.6434364,lr/neck.no_decay,3.622030237580994e-05
196,1789020954.6434364,lr/pose_head.decay,9.658747300215985e-05
196,1789020954.6434364,lr/pose_head.no_decay,9.658747300215985e-05
196,1789020954.6434364,pose/component_0,1.357721209526062
196,1789020954.6434364,pose/component_1,0.12318271398544312
196,1789020954.6434364,pose/component_2,0.25095999240875244
196,1789020954.6434364,pose/component_3,0.9989205598831177
196,1789020954.6434364,pose/component_4,0.005985901225358248
196,1789020954.6434364,pose/component_5,2.369594097137451
197,1789020955.806757,amp/overflow_retries,0.0
197,1789020955.806757,amp/scale,64.0
197,1789020955.806757,detect/component_0,1.1562221050262451
197,1789020955.806757,detect/component_1,1.0420924425125122
197,1789020955.806757,detect/component_2,0.00645274156704545
197,1789020955.806757,gradient/clipped_norm,2384.388916015625
197,1789020955.806757,images/detect,256.0
197,1789020955.806757,images/pose,16.0
197,1789020955.806757,loss/backward,173.27933883666992
197,1789020955.806757,loss/detect_mean,1.807311162352562
197,1789020955.806757,loss/joint_mean,2.7074896693229675
197,1789020955.806757,loss/pose_mean,6.30820369720459
197,1789020955.806757,lr/attention.decay,0.0
197,1789020955.806757,lr/attention.no_decay,0.0
197,1789020955.806757,lr/backbone.decay,0.0
197,1789020955.806757,lr/backbone.no_decay,0.0
197,1789020955.806757,lr/detect_head.decay,9.697624190064795e-05
197,1789020955.806757,lr/detect_head.no_decay,9.697624190064795e-05
197,1789020955.806757,lr/masf.decay,4.848812095032398e-06
197,1789020955.806757,lr/masf.no_decay,4.848812095032398e-06
197,1789020955.806757,lr/neck.decay,3.636609071274298e-05
197,1789020955.806757,lr/neck.no_decay,3.636609071274298e-05
197,1789020955.806757,lr/pose_head.decay,9.697624190064795e-05
197,1789020955.806757,lr/pose_head.no_decay,9.697624190064795e-05
197,1789020955.806757,pose/component_0,1.3425557613372803
197,1789020955.806757,pose/component_1,0.08788858354091644
197,1789020955.806757,pose/component_2,0.09756030887365341
197,1789020955.806757,pose/component_3,0.779683530330658
197,1789020955.806757,pose/component_4,0.009841922670602798
197,1789020955.806757,pose/component_5,3.2444796562194824
198,1789020956.9582279,amp/overflow_retries,0.0
198,1789020956.9582279,amp/scale,64.0
198,1789020956.9582279,detect/component_0,1.0912330150604248
198,1789020956.9582279,detect/component_1,1.0121670961380005
198,1789020956.9582279,detect/component_2,0.007140705827623606
198,1789020956.9582279,gradient/clipped_norm,1700.8148193359375
198,1789020956.9582279,images/detect,256.0
198,1789020956.9582279,images/pose,16.0
198,1789020956.9582279,loss/backward,163.71372451782227
198,1789020956.9582279,loss/detect_mean,1.7767774611711502
198,1789020956.9582279,loss/joint_mean,2.558026945590973
198,1789020956.9582279,loss/pose_mean,5.683024883270264
198,1789020956.9582279,lr/attention.decay,0.0
198,1789020956.9582279,lr/attention.no_decay,0.0
198,1789020956.9582279,lr/backbone.decay,0.0
198,1789020956.9582279,lr/backbone.no_decay,0.0
198,1789020956.9582279,lr/detect_head.decay,9.736501079913607e-05
198,1789020956.9582279,lr/detect_head.no_decay,9.736501079913607e-05
198,1789020956.9582279,lr/masf.decay,4.868250539956803e-06
198,1789020956.9582279,lr/masf.no_decay,4.868250539956803e-06
198,1789020956.9582279,lr/neck.decay,3.6511879049676024e-05
198,1789020956.9582279,lr/neck.no_decay,3.6511879049676024e-05
198,1789020956.9582279,lr/pose_head.decay,9.736501079913607e-05
198,1789020956.9582279,lr/pose_head.no_decay,9.736501079913607e-05
198,1789020956.9582279,pose/component_0,1.2908964157104492
198,1789020956.9582279,pose/component_1,0.1390252560377121
198,1789020956.9582279,pose/component_2,0.04211443290114403
198,1789020956.9582279,pose/component_3,1.0811082124710083
198,1789020956.9582279,pose/component_4,0.007545036263763905
198,1789020956.9582279,pose/component_5,2.8089466094970703
199,1789020958.1468115,amp/overflow_retries,0.0
199,1789020958.1468115,amp/scale,64.0
199,1789020958.1468115,detect/component_0,1.107649564743042
199,1789020958.1468115,detect/component_1,1.0465227365493774
199,1789020958.1468115,detect/component_2,0.0074209305457770824
199,1789020958.1468115,gradient/clipped_norm,1656.97265625
199,1789020958.1468115,images/detect,256.0
199,1789020958.1468115,images/pose,16.0
199,1789020958.1468115,loss/backward,167.97158432006836
199,1789020958.1468115,loss/detect_mean,1.8276967257261276
199,1789020958.1468115,loss/joint_mean,2.624556005001068
199,1789020958.1468115,loss/pose_mean,5.81199312210083
199,1789020958.1468115,lr/attention.decay,0.0
199,1789020958.1468115,lr/attention.no_decay,0.0
199,1789020958.1468115,lr/backbone.decay,0.0
199,1789020958.1468115,lr/backbone.no_decay,0.0
199,1789020958.1468115,lr/detect_head.decay,9.77537796976242e-05
199,1789020958.1468115,lr/detect_head.no_decay,9.77537796976242e-05
199,1789020958.1468115,lr/masf.decay,4.88768898488121e-06
199,1789020958.1468115,lr/masf.no_decay,4.88768898488121e-06
199,1789020958.1468115,lr/neck.decay,3.665766738660907e-05
199,1789020958.1468115,lr/neck.no_decay,3.665766738660907e-05
199,1789020958.1468115,lr/pose_head.decay,9.77537796976242e-05
199,1789020958.1468115,lr/pose_head.no_decay,9.77537796976242e-05
199,1789020958.1468115,pose/component_0,1.35390043258667
199,1789020958.1468115,pose/component_1,0.08509976416826248
199,1789020958.1468115,pose/component_2,0.015697110444307327
199,1789020958.1468115,pose/component_3,0.8261463642120361
199,1789020958.1468115,pose/component_4,0.004657434299588203
199,1789020958.1468115,pose/component_5,1.872314453125
200,1789020959.3218424,amp/overflow_retries,0.0
200,1789020959.3218424,amp/scale,64.0
200,1789020959.3218424,detect/component_0,1.0557444095611572
200,1789020959.3218424,detect/component_1,0.9621751308441162
200,1789020959.3218424,detect/component_2,0.006984599865972996
200,1789020959.3218424,gradient/clipped_norm,1962.992431640625
200,1789020959.3218424,gradient/detect_shared_norm,265.62246108692983
200,1789020959.3218424,gradient/pose_shared_norm,1860.8457287171702
200,1789020959.3218424,gradient/shared_cosine,0.008293600330861768
200,1789020959.3218424,images/detect,256.0
200,1789020959.3218424,images/pose,16.0
200,1789020959.3218424,loss/backward,152.12540512084962
200,1789020959.3218424,loss/detect_mean,1.7217786759138107
200,1789020959.3218424,loss/joint_mean,2.3769594550132753
200,1789020959.3218424,loss/pose_mean,4.997682571411133
200,1789020959.3218424,lr/attention.decay,0.0
200,1789020959.3218424,lr/attention.no_decay,0.0
200,1789020959.3218424,lr/backbone.decay,0.0
200,1789020959.3218424,lr/backbone.no_decay,0.0
200,1789020959.3218424,lr/detect_head.decay,9.814254859611231e-05
200,1789020959.3218424,lr/detect_head.no_decay,9.814254859611231e-05
200,1789020959.3218424,lr/masf.decay,4.907127429805616e-06
200,1789020959.3218424,lr/masf.no_decay,4.907127429805616e-06
200,1789020959.3218424,lr/neck.decay,3.6803455723542114e-05
200,1789020959.3218424,lr/neck.no_decay,3.6803455723542114e-05
200,1789020959.3218424,lr/pose_head.decay,9.814254859611231e-05
200,1789020959.3218424,lr/pose_head.no_decay,9.814254859611231e-05
200,1789020959.3218424,pose/component_0,1.267698884010315
200,1789020959.3218424,pose/component_1,0.06358429789543152
200,1789020959.3218424,pose/component_2,0.015576375648379326
200,1789020959.3218424,pose/component_3,0.7768753170967102
200,1789020959.3218424,pose/component_4,0.0042886314913630486
200,1789020959.3218424,pose/component_5,0.8529596328735352
201,1789020960.4870741,amp/overflow_retries,0.0
201,1789020960.4870741,amp/scale,64.0
201,1789020960.4870741,detect/component_0,1.0637898445129395
201,1789020960.4870741,detect/component_1,1.020825982093811
201,1789020960.4870741,detect/component_2,0.00691493833437562
201,1789020960.4870741,gradient/clipped_norm,2179.473388671875
201,1789020960.4870741,images/detect,256.0
201,1789020960.4870741,images/pose,16.0
201,1789020960.4870741,loss/backward,175.87235794067382
201,1789020960.4870741,loss/detect_mean,1.7604559808969498
201,1789020960.4870741,loss/joint_mean,2.7480055928230285
201,1789020960.4870741,loss/pose_mean,6.698204040527344
201,1789020960.4870741,lr/attention.decay,0.0
201,1789020960.4870741,lr/attention.no_decay,0.0
201,1789020960.4870741,lr/backbone.decay,0.0
201,1789020960.4870741,lr/backbone.no_decay,0.0
201,1789020960.4870741,lr/detect_head.decay,9.853131749460044e-05
201,1789020960.4870741,lr/detect_head.no_decay,9.853131749460044e-05
201,1789020960.4870741,lr/masf.decay,4.926565874730023e-06
201,1789020960.4870741,lr/masf.no_decay,4.926565874730023e-06
201,1789020960.4870741,lr/neck.decay,3.6949244060475166e-05
201,1789020960.4870741,lr/neck.no_decay,3.6949244060475166e-05
201,1789020960.4870741,lr/pose_head.decay,9.853131749460044e-05
201,1789020960.4870741,lr/pose_head.no_decay,9.853131749460044e-05
201,1789020960.4870741,pose/component_0,1.6424503326416016
201,1789020960.4870741,pose/component_1,0.12517553567886353
201,1789020960.4870741,pose/component_2,0.023833593353629112
201,1789020960.4870741,pose/component_3,0.8577842712402344
201,1789020960.4870741,pose/component_4,0.004936437588185072
201,1789020960.4870741,pose/component_5,2.1978068351745605
202,1789020961.638577,amp/overflow_retries,0.0
202,1789020961.638577,amp/scale,64.0
202,1789020961.638577,detect/component_0,1.1010712385177612
202,1789020961.638577,detect/component_1,1.0123804807662964
202,1789020961.638577,detect/component_2,0.007510979659855366
202,1789020961.638577,gradient/clipped_norm,1815.6512451171875
202,1789020961.638577,images/detect,256.0
202,1789020961.638577,images/pose,16.0
202,1789020961.638577,loss/backward,147.52658157348634
202,1789020961.638577,loss/detect_mean,1.7871012836694717
202,1789020961.638577,loss/joint_mean,2.305102837085724
202,1789020961.638577,loss/pose_mean,4.377109050750732
202,1789020961.638577,lr/attention.decay,0.0
202,1789020961.638577,lr/attention.no_decay,0.0
202,1789020961.638577,lr/backbone.decay,0.0
202,1789020961.638577,lr/backbone.no_decay,0.0
202,1789020961.638577,lr/detect_head.decay,9.892008639308856e-05
202,1789020961.638577,lr/detect_head.no_decay,9.892008639308856e-05
202,1789020961.638577,lr/masf.decay,4.9460043196544285e-06
202,1789020961.638577,lr/masf.no_decay,4.9460043196544285e-06
202,1789020961.638577,lr/neck.decay,3.7095032397408205e-05
202,1789020961.638577,lr/neck.no_decay,3.7095032397408205e-05
202,1789020961.638577,lr/pose_head.decay,9.892008639308856e-05
202,1789020961.638577,lr/pose_head.no_decay,9.892008639308856e-05
202,1789020961.638577,pose/component_0,1.1833440065383911
202,1789020961.638577,pose/component_1,0.04761715978384018
202,1789020961.638577,pose/component_2,0.21728481352329254
202,1789020961.638577,pose/component_3,0.5252357125282288
202,1789020961.638577,pose/component_4,0.004331364296376705
202,1789020961.638577,pose/component_5,1.3846333026885986
203,1789020963.0081165,amp/overflow_retries,0.0
203,1789020963.0081165,amp/scale,64.0
203,1789020963.0081165,detect/component_0,1.1027202606201172
203,1789020963.0081165,detect/component_1,1.0118430852890015
203,1789020963.0081165,detect/component_2,0.007044368889182806
203,1789020963.0081165,gradient/clipped_norm,2344.963134765625
203,1789020963.0081165,images/detect,256.0
203,1789020963.0081165,images/pose,16.0
203,1789020963.0081165,loss/backward,178.94811401367187
203,1789020963.0081165,loss/detect_mean,1.8098071813583374
203,1789020963.0081165,loss/joint_mean,2.796064281463623
203,1789020963.0081165,loss/pose_mean,6.741092681884766
203,1789020963.0081165,lr/attention.decay,0.0
203,1789020963.0081165,lr/attention.no_decay,0.0
203,1789020963.0081165,lr/backbone.decay,0.0
203,1789020963.0081165,lr/backbone.no_decay,0.0
203,1789020963.0081165,lr/detect_head.decay,9.930885529157668e-05
203,1789020963.0081165,lr/detect_head.no_decay,9.930885529157668e-05
203,1789020963.0081165,lr/masf.decay,4.965442764578834e-06
203,1789020963.0081165,lr/masf.no_decay,4.965442764578834e-06
203,1789020963.0081165,lr/neck.decay,3.724082073434125e-05
203,1789020963.0081165,lr/neck.no_decay,3.724082073434125e-05
203,1789020963.0081165,lr/pose_head.decay,9.930885529157668e-05
203,1789020963.0081165,lr/pose_head.no_decay,9.930885529157668e-05
203,1789020963.0081165,pose/component_0,1.5249402523040771
203,1789020963.0081165,pose/component_1,0.16899210214614868
203,1789020963.0081165,pose/component_2,0.12848986685276031
203,1789020963.0081165,pose/component_3,0.8352358937263489
203,1789020963.0081165,pose/component_4,0.0062535605393350124
203,1789020963.0081165,pose/component_5,2.6563758850097656
204,1789020964.1707969,amp/overflow_retries,0.0
204,1789020964.1707969,amp/scale,64.0
204,1789020964.1707969,detect/component_0,1.0452982187271118
204,1789020964.1707969,detect/component_1,1.0020569562911987
204,1789020964.1707969,detect/component_2,0.007446646690368652
204,1789020964.1707969,gradient/clipped_norm,2244.979736328125
204,1789020964.1707969,images/detect,256.0
204,1789020964.1707969,images/pose,16.0
204,1789020964.1707969,loss/backward,159.0157730102539
204,1789020964.1707969,loss/detect_mean,1.7851147949695587
204,1789020964.1707969,loss/joint_mean,2.484621453285217
204,1789020964.1707969,loss/pose_mean,5.282648086547852
204,1789020964.1707969,lr/attention.decay,0.0
204,1789020964.1707969,lr/attention.no_decay,0.0
204,1789020964.1707969,lr/backbone.decay,0.0
204,1789020964.1707969,lr/backbone.no_decay,0.0
204,1789020964.1707969,lr/detect_head.decay,9.96976241900648e-05
204,1789020964.1707969,lr/detect_head.no_decay,9.96976241900648e-05
204,1789020964.1707969,lr/masf.decay,4.98488120950324e-06
204,1789020964.1707969,lr/masf.no_decay,4.98488120950324e-06
204,1789020964.1707969,lr/neck.decay,3.7386609071274296e-05
204,1789020964.1707969,lr/neck.no_decay,3.7386609071274296e-05
204,1789020964.1707969,lr/pose_head.decay,9.96976241900648e-05
204,1789020964.1707969,lr/pose_head.no_decay,9.96976241900648e-05
204,1789020964.1707969,pose/component_0,1.2750842571258545
204,1789020964.1707969,pose/component_1,0.07691122591495514
204,1789020964.1707969,pose/component_2,0.01736311800777912
204,1789020964.1707969,pose/component_3,0.5551855564117432
204,1789020964.1707969,pose/component_4,0.006059765815734863
204,1789020964.1707969,pose/component_5,2.217982292175293
205,1789020965.320561,amp/overflow_retries,0.0
205,1789020965.320561,amp/scale,64.0
205,1789020965.320561,detect/component_0,1.0108778476715088
205,1789020965.320561,detect/component_1,0.9425649642944336
205,1789020965.320561,detect/component_2,0.007415269035845995
205,1789020965.320561,gradient/clipped_norm,1582.006103515625
205,1789020965.320561,images/detect,256.0
205,1789020965.320561,images/pose,16.0
205,1789020965.320561,loss/backward,145.3643699645996
205,1789020965.320561,loss/detect_mean,1.6688778847455978
205,1789020965.320561,loss/joint_mean,2.271318280696869
205,1789020965.320561,loss/pose_mean,4.681079864501953
205,1789020965.320561,lr/attention.decay,0.0
205,1789020965.320561,lr/attention.no_decay,0.0
205,1789020965.320561,lr/backbone.decay,0.0
205,1789020965.320561,lr/backbone.no_decay,0.0
205,1789020965.320561,lr/detect_head.decay,0.00010008639308855292
205,1789020965.320561,lr/detect_head.no_decay,0.00010008639308855292
205,1789020965.320561,lr/masf.decay,5.004319654427647e-06
205,1789020965.320561,lr/masf.no_decay,5.004319654427647e-06
205,1789020965.320561,lr/neck.decay,3.753239740820734e-05
205,1789020965.320561,lr/neck.no_decay,3.753239740820734e-05
205,1789020965.320561,lr/pose_head.decay,0.00010008639308855292
205,1789020965.320561,lr/pose_head.no_decay,0.00010008639308855292
205,1789020965.320561,pose/component_0,1.1143635511398315
205,1789020965.320561,pose/component_1,0.04201328754425049
205,1789020965.320561,pose/component_2,0.011308040469884872
205,1789020965.320561,pose/component_3,0.6644465923309326
205,1789020965.320561,pose/component_4,0.005106622353196144
205,1789020965.320561,pose/component_5,2.3864307403564453
206,1789020966.4900267,amp/overflow_retries,0.0
206,1789020966.4900267,amp/scale,64.0
206,1789020966.4900267,detect/component_0,1.050255537033081
206,1789020966.4900267,detect/component_1,0.9816294312477112
206,1789020966.4900267,detect/component_2,0.007268215529620647
206,1789020966.4900267,gradient/clipped_norm,1326.6021728515625
206,1789020966.4900267,images/detect,256.0
206,1789020966.4900267,images/pose,16.0
206,1789020966.4900267,loss/backward,149.72922058105468
206,1789020966.4900267,loss/detect_mean,1.7399298548698425
206,1789020966.4900267,loss/joint_mean,2.3395190715789793
206,1789020966.4900267,loss/pose_mean,4.737875938415527
206,1789020966.4900267,lr/attention.decay,0.0
206,1789020966.4900267,lr/attention.no_decay,0.0
206,1789020966.4900267,lr/backbone.decay,0.0
206,1789020966.4900267,lr/backbone.no_decay,0.0
206,1789020966.4900267,lr/detect_head.decay,0.00010047516198704105
206,1789020966.4900267,lr/detect_head.no_decay,0.00010047516198704105
206,1789020966.4900267,lr/masf.decay,5.023758099352053e-06
206,1789020966.4900267,lr/masf.no_decay,5.023758099352053e-06
206,1789020966.4900267,lr/neck.decay,3.767818574514039e-05
206,1789020966.4900267,lr/neck.no_decay,3.767818574514039e-05
206,1789020966.4900267,lr/pose_head.decay,0.00010047516198704105
206,1789020966.4900267,lr/pose_head.no_decay,0.00010047516198704105
206,1789020966.4900267,pose/component_0,1.2522109746932983
206,1789020966.4900267,pose/component_1,0.09792400896549225
206,1789020966.4900267,pose/component_2,0.06185595691204071
206,1789020966.4900267,pose/component_3,0.6865603923797607
206,1789020966.4900267,pose/component_4,0.00442908052355051
206,1789020966.4900267,pose/component_5,1.957079529762268
207,1789020967.6606233,amp/overflow_retries,0.0
207,1789020967.6606233,amp/scale,64.0
207,1789020967.6606233,detect/component_0,1.1184227466583252
207,1789020967.6606233,detect/component_1,1.0288245677947998
207,1789020967.6606233,detect/component_2,0.006831646431237459
207,1789020967.6606233,gradient/clipped_norm,2306.368408203125
207,1789020967.6606233,images/detect,256.0
207,1789020967.6606233,images/pose,16.0
207,1789020967.6606233,loss/backward,158.04023284912108
207,1789020967.6606233,loss/detect_mean,1.8066489398479462
207,1789020967.6606233,loss/joint_mean,2.469378638267517
207,1789020967.6606233,loss/pose_mean,5.120297431945801
207,1789020967.6606233,lr/attention.decay,0.0
207,1789020967.6606233,lr/attention.no_decay,0.0
207,1789020967.6606233,lr/backbone.decay,0.0
207,1789020967.6606233,lr/backbone.no_decay,0.0
207,1789020967.6606233,lr/detect_head.decay,0.00010086393088552917
207,1789020967.6606233,lr/detect_head.no_decay,0.00010086393088552917
207,1789020967.6606233,lr/masf.decay,5.0431965442764584e-06
207,1789020967.6606233,lr/masf.no_decay,5.0431965442764584e-06
207,1789020967.6606233,lr/neck.decay,3.782397408207343e-05
207,1789020967.6606233,lr/neck.no_decay,3.782397408207343e-05
207,1789020967.6606233,lr/pose_head.decay,0.00010086393088552917
207,1789020967.6606233,lr/pose_head.no_decay,0.00010086393088552917
207,1789020967.6606233,pose/component_0,0.963138997554779
207,1789020967.6606233,pose/component_1,0.04389340430498123
207,1789020967.6606233,pose/component_2,0.039203282445669174
207,1789020967.6606233,pose/component_3,0.6230179667472839
207,1789020967.6606233,pose/component_4,0.005445717368274927
207,1789020967.6606233,pose/component_5,1.3093369007110596
208,1789020968.8132305,amp/overflow_retries,0.0
208,1789020968.8132305,amp/scale,64.0
208,1789020968.8132305,detect/component_0,1.0553518533706665
208,1789020968.8132305,detect/component_1,0.9755018949508667
208,1789020968.8132305,detect/component_2,0.007107533514499664
208,1789020968.8132305,gradient/clipped_norm,2641.197998046875
208,1789020968.8132305,images/detect,256.0
208,1789020968.8132305,images/pose,16.0
208,1789020968.8132305,loss/backward,136.7411994934082
208,1789020968.8132305,loss/detect_mean,1.7272231727838516
208,1789020968.8132305,loss/joint_mean,2.136581242084503
208,1789020968.8132305,loss/pose_mean,3.7740135192871094
208,1789020968.8132305,lr/attention.decay,0.0
208,1789020968.8132305,lr/attention.no_decay,0.0
208,1789020968.8132305,lr/backbone.decay,0.0
208,1789020968.8132305,lr/backbone.no_decay,0.0
208,1789020968.8132305,lr/detect_head.decay,0.00010125269978401729
208,1789020968.8132305,lr/detect_head.no_decay,0.00010125269978401729
208,1789020968.8132305,lr/masf.decay,5.062634989200864e-06
208,1789020968.8132305,lr/masf.no_decay,5.062634989200864e-06
208,1789020968.8132305,lr/neck.decay,3.796976241900648e-05
208,1789020968.8132305,lr/neck.no_decay,3.796976241900648e-05
208,1789020968.8132305,lr/pose_head.decay,0.00010125269978401729
208,1789020968.8132305,lr/pose_head.no_decay,0.00010125269978401729
208,1789020968.8132305,pose/component_0,1.0545953512191772
208,1789020968.8132305,pose/component_1,0.023273473605513573
208,1789020968.8132305,pose/component_2,0.033343687653541565
208,1789020968.8132305,pose/component_3,0.6028842329978943
208,1789020968.8132305,pose/component_4,0.0034184264950454235
208,1789020968.8132305,pose/component_5,0.4023083448410034
209,1789020969.9666274,amp/overflow_retries,0.0
209,1789020969.9666274,amp/scale,64.0
209,1789020969.9666274,detect/component_0,1.1333507299423218
209,1789020969.9666274,detect/component_1,0.9912883043289185
209,1789020969.9666274,detect/component_2,0.007117798086255789
209,1789020969.9666274,gradient/clipped_norm,1438.521728515625
209,1789020969.9666274,images/detect,256.0
209,1789020969.9666274,images/pose,16.0
209,1789020969.9666274,loss/backward,174.28115997314453
209,1789020969.9666274,loss/detect_mean,1.7761384546756744
209,1789020969.9666274,loss/joint_mean,2.723143124580383
209,1789020969.9666274,loss/pose_mean,6.511161804199219
209,1789020969.9666274,lr/attention.decay,0.0
209,1789020969.9666274,lr/attention.no_decay,0.0
209,1789020969.9666274,lr/backbone.decay,0.0
209,1789020969.9666274,lr/backbone.no_decay,0.0
209,1789020969.9666274,lr/detect_head.decay,0.00010164146868250541
209,1789020969.9666274,lr/detect_head.no_decay,0.00010164146868250541
209,1789020969.9666274,lr/masf.decay,5.082073434125271e-06
209,1789020969.9666274,lr/masf.no_decay,5.082073434125271e-06
209,1789020969.9666274,lr/neck.decay,3.811555075593952e-05
209,1789020969.9666274,lr/neck.no_decay,3.811555075593952e-05
209,1789020969.9666274,lr/pose_head.decay,0.00010164146868250541
209,1789020969.9666274,lr/pose_head.no_decay,0.00010164146868250541
209,1789020969.9666274,pose/component_0,1.250158667564392
209,1789020969.9666274,pose/component_1,0.14646491408348083
209,1789020969.9666274,pose/component_2,0.1264372318983078
209,1789020969.9666274,pose/component_3,1.1179444789886475
209,1789020969.9666274,pose/component_4,0.0037392755039036274
209,1789020969.9666274,pose/component_5,3.4341213703155518
210,1789020971.1297371,amp/overflow_retries,0.0
210,1789020971.1297371,amp/scale,64.0
210,1789020971.1297371,detect/component_0,1.1013745069503784
210,1789020971.1297371,detect/component_1,1.0494024753570557
210,1789020971.1297371,detect/component_2,0.006589592434465885
210,1789020971.1297371,gradient/clipped_norm,2217.36767578125
210,1789020971.1297371,images/detect,256.0
210,1789020971.1297371,images/pose,16.0
210,1789020971.1297371,loss/backward,175.1043571472168
210,1789020971.1297371,loss/detect_mean,1.8053073734045029
210,1789020971.1297371,loss/joint_mean,2.7360055804252625
210,1789020971.1297371,loss/pose_mean,6.458798408508301
210,1789020971.1297371,lr/attention.decay,0.0
210,1789020971.1297371,lr/attention.no_decay,0.0
210,1789020971.1297371,lr/backbone.decay,0.0
210,1789020971.1297371,lr/backbone.no_decay,0.0
210,1789020971.1297371,lr/detect_head.decay,0.00010203023758099353
210,1789020971.1297371,lr/detect_head.no_decay,0.00010203023758099353
210,1789020971.1297371,lr/masf.decay,5.1015118790496766e-06
210,1789020971.1297371,lr/masf.no_decay,5.1015118790496766e-06
210,1789020971.1297371,lr/neck.decay,3.826133909287257e-05
210,1789020971.1297371,lr/neck.no_decay,3.826133909287257e-05
210,1789020971.1297371,lr/pose_head.decay,0.00010203023758099353
210,1789020971.1297371,lr/pose_head.no_decay,0.00010203023758099353
210,1789020971.1297371,pose/component_0,1.6134454011917114
210,1789020971.1297371,pose/component_1,0.17400971055030823
210,1789020971.1297371,pose/component_2,0.16299419105052948
210,1789020971.1297371,pose/component_3,0.9378743767738342
210,1789020971.1297371,pose/component_4,0.00453943619504571
210,1789020971.1297371,pose/component_5,3.5047779083251953
211,1789020972.3029957,amp/overflow_retries,0.0
211,1789020972.3029957,amp/scale,64.0
211,1789020972.3029957,detect/component_0,1.0956764221191406
211,1789020972.3029957,detect/component_1,1.0396589040756226
211,1789020972.3029957,detect/component_2,0.006798969581723213
211,1789020972.3029957,gradient/clipped_norm,1729.426025390625
211,1789020972.3029957,images/detect,256.0
211,1789020972.3029957,images/pose,16.0
211,1789020972.3029957,loss/backward,150.21783142089845
211,1789020972.3029957,loss/detect_mean,1.790524423122406
211,1789020972.3029957,loss/joint_mean,2.3471536159515383
211,1789020972.3029957,loss/pose_mean,4.573670387268066
211,1789020972.3029957,lr/attention.decay,0.0
211,1789020972.3029957,lr/attention.no_decay,0.0
211,1789020972.3029957,lr/backbone.decay,0.0
211,1789020972.3029957,lr/backbone.no_decay,0.0
211,1789020972.3029957,lr/detect_head.decay,0.00010241900647948163
211,1789020972.3029957,lr/detect_head.no_decay,0.00010241900647948163
211,1789020972.3029957,lr/masf.decay,5.120950323974082e-06
211,1789020972.3029957,lr/masf.no_decay,5.120950323974082e-06
211,1789020972.3029957,lr/neck.decay,3.8407127429805606e-05
211,1789020972.3029957,lr/neck.no_decay,3.8407127429805606e-05
211,1789020972.3029957,lr/pose_head.decay,0.00010241900647948163
211,1789020972.3029957,lr/pose_head.no_decay,0.00010241900647948163
211,1789020972.3029957,pose/component_0,1.2860068082809448
211,1789020972.3029957,pose/component_1,0.09454194456338882
211,1789020972.3029957,pose/component_2,0.06174693629145622
211,1789020972.3029957,pose/component_3,0.6549773216247559
211,1789020972.3029957,pose/component_4,0.0035030320286750793
211,1789020972.3029957,pose/component_5,0.9699001908302307
212,1789020973.4674873,amp/overflow_retries,0.0
212,1789020973.4674873,amp/scale,64.0
212,1789020973.4674873,detect/component_0,1.072699785232544
212,1789020973.4674873,detect/component_1,1.020668387413025
212,1789020973.4674873,detect/component_2,0.006912052631378174
212,1789020973.4674873,gradient/clipped_norm,1882.5789794921875
212,1789020973.4674873,images/detect,256.0
212,1789020973.4674873,images/pose,16.0
212,1789020973.4674873,loss/backward,172.83867340087892
212,1789020973.4674873,loss/detect_mean,1.7738503515720367
212,1789020973.4674873,loss/joint_mean,2.700604271888733
212,1789020973.4674873,loss/pose_mean,6.407619953155518
212,1789020973.4674873,lr/attention.decay,0.0
212,1789020973.4674873,lr/attention.no_decay,0.0
212,1789020973.4674873,lr/backbone.decay,0.0
212,1789020973.4674873,lr/backbone.no_decay,0.0
212,1789020973.4674873,lr/detect_head.decay,0.00010280777537796978
212,1789020973.4674873,lr/detect_head.no_decay,0.00010280777537796978
212,1789020973.4674873,lr/masf.decay,5.140388768898489e-06
212,1789020973.4674873,lr/masf.no_decay,5.140388768898489e-06
212,1789020973.4674873,lr/neck.decay,3.855291576673866e-05
212,1789020973.4674873,lr/neck.no_decay,3.855291576673866e-05
212,1789020973.4674873,lr/pose_head.decay,0.00010280777537796978
212,1789020973.4674873,lr/pose_head.no_decay,0.00010280777537796978
212,1789020973.4674873,pose/component_0,1.6293147802352905
212,1789020973.4674873,pose/component_1,0.1430307924747467
212,1789020973.4674873,pose/component_2,0.11175303161144257
212,1789020973.4674873,pose/component_3,1.3036949634552002
212,1789020973.4674873,pose/component_4,0.0049846721813082695
212,1789020973.4674873,pose/component_5,2.034168243408203
213,1789020974.6275327,amp/overflow_retries,0.0
213,1789020974.6275327,amp/scale,64.0
213,1789020974.6275327,detect/component_0,1.1229636669158936
213,1789020974.6275327,detect/component_1,1.0339741706848145
213,1789020974.6275327,detect/component_2,0.006677386816591024
213,1789020974.6275327,gradient/clipped_norm,2059.272216796875
213,1789020974.6275327,images/detect,256.0
213,1789020974.6275327,images/pose,16.0
213,1789020974.6275327,loss/backward,183.0316535949707
213,1789020974.6275327,loss/detect_mean,1.810286059975624
213,1789020974.6275327,loss/joint_mean,2.859869587421417
213,1789020974.6275327,loss/pose_mean,7.05820369720459
213,1789020974.6275327,lr/attention.decay,0.0
213,1789020974.6275327,lr/attention.no_decay,0.0
213,1789020974.6275327,lr/backbone.decay,0.0
213,1789020974.6275327,lr/backbone.no_decay,0.0
213,1789020974.6275327,lr/detect_head.decay,0.00010319654427645788
213,1789020974.6275327,lr/detect_head.no_decay,0.00010319654427645788
213,1789020974.6275327,lr/masf.decay,5.159827213822895e-06
213,1789020974.6275327,lr/masf.no_decay,5.159827213822895e-06
213,1789020974.6275327,lr/neck.decay,3.86987041036717e-05
213,1789020974.6275327,lr/neck.no_decay,3.86987041036717e-05
213,1789020974.6275327,lr/pose_head.decay,0.00010319654427645788
213,1789020974.6275327,lr/pose_head.no_decay,0.00010319654427645788
213,1789020974.6275327,pose/component_0,1.3190823793411255
213,1789020974.6275327,pose/component_1,0.07130783796310425
213,1789020974.6275327,pose/component_2,0.030628953129053116
213,1789020974.6275327,pose/component_3,0.8835241198539734
213,1789020974.6275327,pose/component_4,0.007909080013632774
213,1789020974.6275327,pose/component_5,2.4153237342834473
214,1789020975.7938259,amp/overflow_retries,0.0
214,1789020975.7938259,amp/scale,64.0
214,1789020975.7938259,detect/component_0,1.0706074237823486
214,1789020975.7938259,detect/component_1,1.0040438175201416
214,1789020975.7938259,detect/component_2,0.007439194247126579
214,1789020975.7938259,gradient/clipped_norm,1936.9183349609375
214,1789020975.7938259,images/detect,256.0
214,1789020975.7938259,images/pose,16.0
214,1789020975.7938259,loss/backward,154.51532592773438
214,1789020975.7938259,loss/detect_mean,1.755529522895813
214,1789020975.7938259,loss/joint_mean,2.4143019676208497
214,1789020975.7938259,loss/pose_mean,5.049391746520996
214,1789020975.7938259,lr/attention.decay,0.0
214,1789020975.7938259,lr/attention.no_decay,0.0
214,1789020975.7938259,lr/backbone.decay,0.0
214,1789020975.7938259,lr/backbone.no_decay,0.0
214,1789020975.7938259,lr/detect_head.decay,0.00010358531317494602
214,1789020975.7938259,lr/detect_head.no_decay,0.00010358531317494602
214,1789020975.7938259,lr/masf.decay,5.179265658747301e-06
214,1789020975.7938259,lr/masf.no_decay,5.179265658747301e-06
214,1789020975.7938259,lr/neck.decay,3.884449244060475e-05
214,1789020975.7938259,lr/neck.no_decay,3.884449244060475e-05
214,1789020975.7938259,lr/pose_head.decay,0.00010358531317494602
214,1789020975.7938259,lr/pose_head.no_decay,0.00010358531317494602
214,1789020975.7938259,pose/component_0,1.2525538206100464
214,1789020975.7938259,pose/component_1,0.054595015943050385
214,1789020975.7938259,pose/component_2,0.03517814353108406
214,1789020975.7938259,pose/component_3,0.7450562715530396
214,1789020975.7938259,pose/component_4,0.003026787657290697
214,1789020975.7938259,pose/component_5,1.0397841930389404
215,1789020976.968133,amp/overflow_retries,0.0
215,1789020976.968133,amp/scale,64.0
215,1789020976.968133,detect/component_0,1.133604645729065
215,1789020976.968133,detect/component_1,1.0592095851898193
215,1789020976.968133,detect/component_2,0.006804438307881355
215,1789020976.968133,gradient/clipped_norm,2126.03955078125
215,1789020976.968133,images/detect,256.0
215,1789020976.968133,images/pose,16.0
215,1789020976.968133,loss/backward,177.6088996887207
215,1789020976.968133,loss/detect_mean,1.845261111855507
215,1789020976.968133,loss/joint_mean,2.775139057636261
215,1789020976.968133,loss/pose_mean,6.494650840759277
215,1789020976.968133,lr/attention.decay,0.0
215,1789020976.968133,lr/attention.no_decay,0.0
215,1789020976.968133,lr/backbone.decay,0.0
215,1789020976.968133,lr/backbone.no_decay,0.0
215,1789020976.968133,lr/detect_head.decay,0.00010397408207343413
215,1789020976.968133,lr/detect_head.no_decay,0.00010397408207343413
215,1789020976.968133,lr/masf.decay,5.1987041036717065e-06
215,1789020976.968133,lr/masf.no_decay,5.1987041036717065e-06
215,1789020976.968133,lr/neck.decay,3.8990280777537794e-05
215,1789020976.968133,lr/neck.no_decay,3.8990280777537794e-05
215,1789020976.968133,lr/pose_head.decay,0.00010397408207343413
215,1789020976.968133,lr/pose_head.no_decay,0.00010397408207343413
215,1789020976.968133,pose/component_0,1.103683590888977
215,1789020976.968133,pose/component_1,0.3104732036590576
215,1789020976.968133,pose/component_2,0.06099879369139671
215,1789020976.968133,pose/component_3,1.0365550518035889
215,1789020976.968133,pose/component_4,0.0037251124158501625
215,1789020976.968133,pose/component_5,2.7268364429473877
216,1789020978.151064,amp/overflow_retries,0.0
216,1789020978.151064,amp/scale,64.0
216,1789020978.151064,detect/component_0,1.135765552520752
216,1789020978.151064,detect/component_1,1.032109022140503
216,1789020978.151064,detect/component_2,0.007443439215421677
216,1789020978.151064,gradient/clipped_norm,1353.106689453125
216,1789020978.151064,images/detect,256.0
216,1789020978.151064,images/pose,16.0
216,1789020978.151064,loss/backward,150.8072052001953
216,1789020978.151064,loss/detect_mean,1.8401419520378113
216,1789020978.151064,loss/joint_mean,2.3563625812530518
216,1789020978.151064,loss/pose_mean,4.421245098114014
216,1789020978.151064,lr/attention.decay,0.0
216,1789020978.151064,lr/attention.no_decay,0.0
216,1789020978.151064,lr/backbone.decay,0.0
216,1789020978.151064,lr/backbone.no_decay,0.0
216,1789020978.151064,lr/detect_head.decay,0.00010436285097192224
216,1789020978.151064,lr/detect_head.no_decay,0.00010436285097192224
216,1789020978.151064,lr/masf.decay,5.218142548596112e-06
216,1789020978.151064,lr/masf.no_decay,5.218142548596112e-06
216,1789020978.151064,lr/neck.decay,3.913606911447084e-05
216,1789020978.151064,lr/neck.no_decay,3.913606911447084e-05
216,1789020978.151064,lr/pose_head.decay,0.00010436285097192224
216,1789020978.151064,lr/pose_head.no_decay,0.00010436285097192224
216,1789020978.151064,pose/component_0,1.2404866218566895
216,1789020978.151064,pose/component_1,0.05459760129451752
216,1789020978.151064,pose/component_2,0.03239039331674576
216,1789020978.151064,pose/component_3,1.0151773691177368
216,1789020978.151064,pose/component_4,0.005605046637356281
216,1789020978.151064,pose/component_5,0.8177271485328674
217,1789020979.3101504,amp/overflow_retries,0.0
217,1789020979.3101504,amp/scale,64.0
217,1789020979.3101504,detect/component_0,1.0986963510513306
217,1789020979.3101504,detect/component_1,0.9768446087837219
217,1789020979.3101504,detect/component_2,0.007363591343164444
217,1789020979.3101504,gradient/clipped_norm,1626.5855712890625
217,1789020979.3101504,images/detect,256.0
217,1789020979.3101504,images/pose,16.0
217,1789020979.3101504,loss/backward,157.75265808105468
217,1789020979.3101504,loss/detect_mean,1.777711808681488
217,1789020979.3101504,loss/joint_mean,2.4648852825164793
217,1789020979.3101504,loss/pose_mean,5.213579177856445
217,1789020979.3101504,lr/attention.decay,0.0
217,1789020979.3101504,lr/attention.no_decay,0.0
217,1789020979.3101504,lr/backbone.decay,0.0
217,1789020979.3101504,lr/backbone.no_decay,0.0
217,1789020979.3101504,lr/detect_head.decay,0.00010475161987041037
217,1789020979.3101504,lr/detect_head.no_decay,0.00010475161987041037
217,1789020979.3101504,lr/masf.decay,5.237580993520519e-06
217,1789020979.3101504,lr/masf.no_decay,5.237580993520519e-06
217,1789020979.3101504,lr/neck.decay,3.9281857451403885e-05
217,1789020979.3101504,lr/neck.no_decay,3.9281857451403885e-05
217,1789020979.3101504,lr/pose_head.decay,0.00010475161987041037
217,1789020979.3101504,lr/pose_head.no_decay,0.00010475161987041037
217,1789020979.3101504,pose/component_0,1.1790727376937866
217,1789020979.3101504,pose/component_1,0.1873576045036316
217,1789020979.3101504,pose/component_2,0.018085366114974022
217,1789020979.3101504,pose/component_3,0.6996449828147888
217,1789020979.3101504,pose/component_4,0.004593008663505316
217,1789020979.3101504,pose/component_5,2.6920676231384277
218,1789020980.483685,amp/overflow_retries,0.0
218,1789020980.483685,amp/scale,64.0
218,1789020980.483685,detect/component_0,1.1325937509536743
218,1789020980.483685,detect/component_1,1.0067611932754517
218,1789020980.483685,detect/component_2,0.006778051145374775
218,1789020980.483685,gradient/clipped_norm,1456.1080322265625
218,1789020980.483685,images/detect,256.0
218,1789020980.483685,images/pose,16.0
218,1789020980.483685,loss/backward,158.99951629638673
218,1789020980.483685,loss/detect_mean,1.8011606633663177
218,1789020980.483685,loss/joint_mean,2.4843674421310427
218,1789020980.483685,loss/pose_mean,5.217194557189941
218,1789020980.483685,lr/attention.decay,0.0
218,1789020980.483685,lr/attention.no_decay,0.0
218,1789020980.483685,lr/backbone.decay,0.0
218,1789020980.483685,lr/backbone.no_decay,0.0
218,1789020980.483685,lr/detect_head.decay,0.00010514038876889849
218,1789020980.483685,lr/detect_head.no_decay,0.00010514038876889849
218,1789020980.483685,lr/masf.decay,5.257019438444925e-06
218,1789020980.483685,lr/masf.no_decay,5.257019438444925e-06
218,1789020980.483685,lr/neck.decay,3.942764578833693e-05
218,1789020980.483685,lr/neck.no_decay,3.942764578833693e-05
218,1789020980.483685,lr/pose_head.decay,0.00010514038876889849
218,1789020980.483685,lr/pose_head.no_decay,0.00010514038876889849
218,1789020980.483685,pose/component_0,1.1960591077804565
218,1789020980.483685,pose/component_1,0.11296826601028442
218,1789020980.483685,pose/component_2,0.023524532094597816
218,1789020980.483685,pose/component_3,0.7715691924095154
218,1789020980.483685,pose/component_4,0.004865232389420271
218,1789020980.483685,pose/component_5,2.7671191692352295
219,1789020981.6510286,amp/overflow_retries,0.0
219,1789020981.6510286,amp/scale,64.0
219,1789020981.6510286,detect/component_0,1.0877341032028198
219,1789020981.6510286,detect/component_1,0.9846969246864319
219,1789020981.6510286,detect/component_2,0.006507104728370905
219,1789020981.6510286,gradient/clipped_norm,1865.17138671875
219,1789020981.6510286,images/detect,256.0
219,1789020981.6510286,images/pose,16.0
219,1789020981.6510286,loss/backward,152.32523727416992
219,1789020981.6510286,loss/detect_mean,1.7478638738393784
219,1789020981.6510286,loss/joint_mean,2.380081832408905
219,1789020981.6510286,loss/pose_mean,4.908953666687012
219,1789020981.6510286,lr/attention.decay,0.0
219,1789020981.6510286,lr/attention.no_decay,0.0
219,1789020981.6510286,lr/backbone.decay,0.0
219,1789020981.6510286,lr/backbone.no_decay,0.0
219,1789020981.6510286,lr/detect_head.decay,0.00010552915766738662
219,1789020981.6510286,lr/detect_head.no_decay,0.00010552915766738662
219,1789020981.6510286,lr/masf.decay,5.276457883369332e-06
219,1789020981.6510286,lr/masf.no_decay,5.276457883369332e-06
219,1789020981.6510286,lr/neck.decay,3.957343412526998e-05
219,1789020981.6510286,lr/neck.no_decay,3.957343412526998e-05
219,1789020981.6510286,lr/pose_head.decay,0.00010552915766738662
219,1789020981.6510286,lr/pose_head.no_decay,0.00010552915766738662
219,1789020981.6510286,pose/component_0,1.1726720333099365
219,1789020981.6510286,pose/component_1,0.048895273357629776
219,1789020981.6510286,pose/component_2,0.016108782961964607
219,1789020981.6510286,pose/component_3,0.7102420926094055
219,1789020981.6510286,pose/component_4,0.0032705452758818865
219,1789020981.6510286,pose/component_5,1.2970294952392578
220,1789020982.816583,amp/overflow_retries,0.0
220,1789020982.816583,amp/scale,64.0
220,1789020982.816583,detect/component_0,1.1057180166244507
220,1789020982.816583,detect/component_1,1.0399240255355835
220,1789020982.816583,detect/component_2,0.007248687092214823
220,1789020982.816583,gradient/clipped_norm,1116.03857421875
220,1789020982.816583,images/detect,256.0
220,1789020982.816583,images/pose,16.0
220,1789020982.816583,loss/backward,153.47252044677734
220,1789020982.816583,loss/detect_mean,1.8529323041439056
220,1789020982.816583,loss/joint_mean,2.398008131980896
220,1789020982.816583,loss/pose_mean,4.578311443328857
220,1789020982.816583,lr/attention.decay,0.0
220,1789020982.816583,lr/attention.no_decay,0.0
220,1789020982.816583,lr/backbone.decay,0.0
220,1789020982.816583,lr/backbone.no_decay,0.0
220,1789020982.816583,lr/detect_head.decay,0.00010591792656587474
220,1789020982.816583,lr/detect_head.no_decay,0.00010591792656587474
220,1789020982.816583,lr/masf.decay,5.295896328293737e-06
220,1789020982.816583,lr/masf.no_decay,5.295896328293737e-06
220,1789020982.816583,lr/neck.decay,3.971922246220302e-05
220,1789020982.816583,lr/neck.no_decay,3.971922246220302e-05
220,1789020982.816583,lr/pose_head.decay,0.00010591792656587474
220,1789020982.816583,lr/pose_head.no_decay,0.00010591792656587474
220,1789020982.816583,pose/component_0,1.1486018896102905
220,1789020982.816583,pose/component_1,0.0663173496723175
220,1789020982.816583,pose/component_2,0.09816554188728333
220,1789020982.816583,pose/component_3,0.7796338796615601
220,1789020982.816583,pose/component_4,0.003939809277653694
220,1789020982.816583,pose/component_5,2.091498851776123
221,1789020983.9815617,amp/overflow_retries,0.0
221,1789020983.9815617,amp/scale,64.0
221,1789020983.9815617,detect/component_0,1.0378234386444092
221,1789020983.9815617,detect/component_1,0.9628585577011108
221,1789020983.9815617,detect/component_2,0.007096529472619295
221,1789020983.9815617,gradient/clipped_norm,1957.6524658203125
221,1789020983.9815617,images/detect,256.0
221,1789020983.9815617,images/pose,16.0
221,1789020983.9815617,loss/backward,165.77217559814454
221,1789020983.9815617,loss/detect_mean,1.6900478899478912
221,1789020983.9815617,loss/joint_mean,2.5901902437210085
221,1789020983.9815617,loss/pose_mean,6.190759658813477
221,1789020983.9815617,lr/attention.decay,0.0
221,1789020983.9815617,lr/attention.no_decay,0.0
221,1789020983.9815617,lr/backbone.decay,0.0
221,1789020983.9815617,lr/backbone.no_decay,0.0
221,1789020983.9815617,lr/detect_head.decay,0.00010630669546436285
221,1789020983.9815617,lr/detect_head.no_decay,0.00010630669546436285
221,1789020983.9815617,lr/masf.decay,5.315334773218143e-06
221,1789020983.9815617,lr/masf.no_decay,5.315334773218143e-06
221,1789020983.9815617,lr/neck.decay,3.9865010799136066e-05
221,1789020983.9815617,lr/neck.no_decay,3.9865010799136066e-05
221,1789020983.9815617,lr/pose_head.decay,0.00010630669546436285
221,1789020983.9815617,lr/pose_head.no_decay,0.00010630669546436285
221,1789020983.9815617,pose/component_0,1.2180068492889404
221,1789020983.9815617,pose/component_1,0.19432108104228973
221,1789020983.9815617,pose/component_2,0.08658534288406372
221,1789020983.9815617,pose/component_3,0.9246525764465332
221,1789020983.9815617,pose/component_4,0.0053146048448979855
221,1789020983.9815617,pose/component_5,2.3836779594421387
222,1789020985.1414657,amp/overflow_retries,0.0
222,1789020985.1414657,amp/scale,64.0
222,1789020985.1414657,detect/component_0,1.1090822219848633
222,1789020985.1414657,detect/component_1,1.0032920837402344
222,1789020985.1414657,detect/component_2,0.007320860866457224
222,1789020985.1414657,gradient/clipped_norm,2168.17919921875
222,1789020985.1414657,images/detect,256.0
222,1789020985.1414657,images/pose,16.0
222,1789020985.1414657,loss/backward,210.62917556762696
222,1789020985.1414657,loss/detect_mean,1.7965603023767471
222,1789020985.1414657,loss/joint_mean,3.2910808682441712
222,1789020985.1414657,loss/pose_mean,9.269163131713867
222,1789020985.1414657,lr/attention.decay,0.0
222,1789020985.1414657,lr/attention.no_decay,0.0
222,1789020985.1414657,lr/backbone.decay,0.0
222,1789020985.1414657,lr/backbone.no_decay,0.0
222,1789020985.1414657,lr/detect_head.decay,0.00010669546436285098
222,1789020985.1414657,lr/detect_head.no_decay,0.00010669546436285098
222,1789020985.1414657,lr/masf.decay,5.334773218142549e-06
222,1789020985.1414657,lr/masf.no_decay,5.334773218142549e-06
222,1789020985.1414657,lr/neck.decay,4.001079913606911e-05
222,1789020985.1414657,lr/neck.no_decay,4.001079913606911e-05
222,1789020985.1414657,lr/pose_head.decay,0.00010669546436285098
222,1789020985.1414657,lr/pose_head.no_decay,0.00010669546436285098
222,1789020985.1414657,pose/component_0,1.3952513933181763
222,1789020985.1414657,pose/component_1,0.3652193546295166
222,1789020985.1414657,pose/component_2,0.40056633949279785
222,1789020985.1414657,pose/component_3,1.0949585437774658
222,1789020985.1414657,pose/component_4,0.006405686493963003
222,1789020985.1414657,pose/component_5,4.560757637023926
223,1789020986.315054,amp/overflow_retries,0.0
223,1789020986.315054,amp/scale,64.0
223,1789020986.315054,detect/component_0,1.020363450050354
223,1789020986.315054,detect/component_1,0.9626427888870239
223,1789020986.315054,detect/component_2,0.007256924640387297
223,1789020986.315054,gradient/clipped_norm,1213.9154052734375
223,1789020986.315054,images/detect,256.0
223,1789020986.315054,images/pose,16.0
223,1789020986.315054,loss/backward,153.26848602294922
223,1789020986.315054,loss/detect_mean,1.6701650321483612
223,1789020986.315054,loss/joint_mean,2.3948200941085815
223,1789020986.315054,loss/pose_mean,5.293440341949463
223,1789020986.315054,lr/attention.decay,0.0
223,1789020986.315054,lr/attention.no_decay,0.0
223,1789020986.315054,lr/backbone.decay,0.0
223,1789020986.315054,lr/backbone.no_decay,0.0
223,1789020986.315054,lr/detect_head.decay,0.0001070842332613391
223,1789020986.315054,lr/detect_head.no_decay,0.0001070842332613391
223,1789020986.315054,lr/masf.decay,5.3542116630669545e-06
223,1789020986.315054,lr/masf.no_decay,5.3542116630669545e-06
223,1789020986.315054,lr/neck.decay,4.0156587473002157e-05
223,1789020986.315054,lr/neck.no_decay,4.0156587473002157e-05
223,1789020986.315054,lr/pose_head.decay,0.0001070842332613391
223,1789020986.315054,lr/pose_head.no_decay,0.0001070842332613391
223,1789020986.315054,pose/component_0,1.3673624992370605
223,1789020986.315054,pose/component_1,0.09382623434066772
223,1789020986.315054,pose/component_2,0.06004166603088379
223,1789020986.315054,pose/component_3,0.8777993321418762
223,1789020986.315054,pose/component_4,0.005962337367236614
223,1789020986.315054,pose/component_5,2.343916654586792
224,1789020987.4626086,amp/overflow_retries,0.0
224,1789020987.4626086,amp/scale,64.0
224,1789020987.4626086,detect/component_0,1.0710561275482178
224,1789020987.4626086,detect/component_1,1.0456335544586182
224,1789020987.4626086,detect/component_2,0.007533552125096321
224,1789020987.4626086,gradient/clipped_norm,3092.226806640625
224,1789020987.4626086,images/detect,256.0
224,1789020987.4626086,images/pose,16.0
224,1789020987.4626086,loss/backward,187.71925354003906
224,1789020987.4626086,loss/detect_mean,1.797415554523468
224,1789020987.4626086,loss/joint_mean,2.9331133365631104
224,1789020987.4626086,loss/pose_mean,7.47590446472168
224,1789020987.4626086,lr/attention.decay,0.0
224,1789020987.4626086,lr/attention.no_decay,0.0
224,1789020987.4626086,lr/backbone.decay,0.0
224,1789020987.4626086,lr/backbone.no_decay,0.0
224,1789020987.4626086,lr/detect_head.decay,0.00010747300215982721
224,1789020987.4626086,lr/detect_head.no_decay,0.00010747300215982721
224,1789020987.4626086,lr/masf.decay,5.373650107991361e-06
224,1789020987.4626086,lr/masf.no_decay,5.373650107991361e-06
224,1789020987.4626086,lr/neck.decay,4.0302375809935195e-05
224,1789020987.4626086,lr/neck.no_decay,4.0302375809935195e-05
224,1789020987.4626086,lr/pose_head.decay,0.00010747300215982721
224,1789020987.4626086,lr/pose_head.no_decay,0.00010747300215982721
224,1789020987.4626086,pose/component_0,0.9217237234115601
224,1789020987.4626086,pose/component_1,0.27513134479522705
224,1789020987.4626086,pose/component_2,0.08187543600797653
224,1789020987.4626086,pose/component_3,0.4185416102409363
224,1789020987.4626086,pose/component_4,0.004872003570199013
224,1789020987.4626086,pose/component_5,4.909402370452881
225,1789020988.6356301,amp/overflow_retries,0.0
225,1789020988.6356301,amp/scale,64.0
225,1789020988.6356301,detect/component_0,1.109596610069275
225,1789020988.6356301,detect/component_1,1.0743846893310547
225,1789020988.6356301,detect/component_2,0.007565648760646582
225,1789020988.6356301,gradient/clipped_norm,2497.94287109375
225,1789020988.6356301,images/detect,256.0
225,1789020988.6356301,images/pose,16.0
225,1789020988.6356301,loss/backward,156.52530059814453
225,1789020988.6356301,loss/detect_mean,1.8486501276493073
225,1789020988.6356301,loss/joint_mean,2.445707821846008
225,1789020988.6356301,loss/pose_mean,4.8339385986328125
225,1789020988.6356301,lr/attention.decay,0.0
225,1789020988.6356301,lr/attention.no_decay,0.0
225,1789020988.6356301,lr/backbone.decay,0.0
225,1789020988.6356301,lr/backbone.no_decay,0.0
225,1789020988.6356301,lr/detect_head.decay,0.00010786177105831534
225,1789020988.6356301,lr/detect_head.no_decay,0.00010786177105831534
225,1789020988.6356301,lr/masf.decay,5.393088552915767e-06
225,1789020988.6356301,lr/masf.no_decay,5.393088552915767e-06
225,1789020988.6356301,lr/neck.decay,4.044816414686825e-05
225,1789020988.6356301,lr/neck.no_decay,4.044816414686825e-05
225,1789020988.6356301,lr/pose_head.decay,0.00010786177105831534
225,1789020988.6356301,lr/pose_head.no_decay,0.00010786177105831534
225,1789020988.6356301,pose/component_0,1.356566071510315
225,1789020988.6356301,pose/component_1,0.09291259199380875
225,1789020988.6356301,pose/component_2,0.011306842789053917
225,1789020988.6356301,pose/component_3,0.6891889572143555
225,1789020988.6356301,pose/component_4,0.004156232811510563
225,1789020988.6356301,pose/component_5,1.5951852798461914
226,1789020989.9140568,amp/overflow_retries,0.0
226,1789020989.9140568,amp/scale,64.0
226,1789020989.9140568,detect/component_0,1.0095266103744507
226,1789020989.9140568,detect/component_1,0.9419882297515869
226,1789020989.9140568,detect/component_2,0.007763363420963287
226,1789020989.9140568,gradient/clipped_norm,1694.4891357421875
226,1789020989.9140568,images/detect,256.0
226,1789020989.9140568,images/pose,16.0
226,1789020989.9140568,loss/backward,147.0610122680664
226,1789020989.9140568,loss/detect_mean,1.669143944978714
226,1789020989.9140568,loss/joint_mean,2.2978283166885376
226,1789020989.9140568,loss/pose_mean,4.812565803527832
226,1789020989.9140568,lr/attention.decay,0.0
226,1789020989.9140568,lr/attention.no_decay,0.0
226,1789020989.9140568,lr/backbone.decay,0.0
226,1789020989.9140568,lr/backbone.no_decay,0.0
226,1789020989.9140568,lr/detect_head.decay,0.00010825053995680346
226,1789020989.9140568,lr/detect_head.no_decay,0.00010825053995680346
226,1789020989.9140568,lr/masf.decay,5.412526997840173e-06
226,1789020989.9140568,lr/masf.no_decay,5.412526997840173e-06
226,1789020989.9140568,lr/neck.decay,4.059395248380129e-05
226,1789020989.9140568,lr/neck.no_decay,4.059395248380129e-05
226,1789020989.9140568,lr/pose_head.decay,0.00010825053995680346
226,1789020989.9140568,lr/pose_head.no_decay,0.00010825053995680346
226,1789020989.9140568,pose/component_0,1.1790719032287598
226,1789020989.9140568,pose/component_1,0.06642286479473114
226,1789020989.9140568,pose/component_2,0.04666893556714058
226,1789020989.9140568,pose/component_3,1.1045966148376465
226,1789020989.9140568,pose/component_4,0.0037087486125528812
226,1789020989.9140568,pose/component_5,1.4256515502929688
227,1789020991.0675082,amp/overflow_retries,0.0
227,1789020991.0675082,amp/scale,64.0
227,1789020991.0675082,detect/component_0,1.0984821319580078
227,1789020991.0675082,detect/component_1,1.032871961593628
227,1789020991.0675082,detect/component_2,0.00740755395963788
227,1789020991.0675082,gradient/clipped_norm,2326.05224609375
227,1789020991.0675082,images/detect,256.0
227,1789020991.0675082,images/pose,16.0
227,1789020991.0675082,loss/backward,156.1825439453125
227,1789020991.0675082,loss/detect_mean,1.7765576839447021
227,1789020991.0675082,loss/joint_mean,2.4403522491455076
227,1789020991.0675082,loss/pose_mean,5.0955305099487305
227,1789020991.0675082,lr/attention.decay,0.0
227,1789020991.0675082,lr/attention.no_decay,0.0
227,1789020991.0675082,lr/backbone.decay,0.0
227,1789020991.0675082,lr/backbone.no_decay,0.0
227,1789020991.0675082,lr/detect_head.decay,0.00010863930885529159
227,1789020991.0675082,lr/detect_head.no_decay,0.00010863930885529159
227,1789020991.0675082,lr/masf.decay,5.43196544276458e-06
227,1789020991.0675082,lr/masf.no_decay,5.43196544276458e-06
227,1789020991.0675082,lr/neck.decay,4.073974082073434e-05
227,1789020991.0675082,lr/neck.no_decay,4.073974082073434e-05
227,1789020991.0675082,lr/pose_head.decay,0.00010863930885529159
227,1789020991.0675082,lr/pose_head.no_decay,0.00010863930885529159
227,1789020991.0675082,pose/component_0,1.3207968473434448
227,1789020991.0675082,pose/component_1,0.049721859395504
227,1789020991.0675082,pose/component_2,0.03150811418890953
227,1789020991.0675082,pose/component_3,0.7773157358169556
227,1789020991.0675082,pose/component_4,0.0034970033448189497
227,1789020991.0675082,pose/component_5,1.2483657598495483
228,1789020992.2374742,amp/overflow_retries,0.0
228,1789020992.2374742,amp/scale,64.0
228,1789020992.2374742,detect/component_0,1.0902187824249268
228,1789020992.2374742,detect/component_1,1.005541205406189
228,1789020992.2374742,detect/component_2,0.006811123341321945
228,1789020992.2374742,gradient/clipped_norm,2585.012939453125
228,1789020992.2374742,images/detect,256.0
228,1789020992.2374742,images/pose,16.0
228,1789020992.2374742,loss/backward,210.3661102294922
228,1789020992.2374742,loss/detect_mean,1.7926968932151794
228,1789020992.2374742,loss/joint_mean,3.2869704723358155
228,1789020992.2374742,loss/pose_mean,9.26406478881836
228,1789020992.2374742,lr/attention.decay,0.0
228,1789020992.2374742,lr/attention.no_decay,0.0
228,1789020992.2374742,lr/backbone.decay,0.0
228,1789020992.2374742,lr/backbone.no_decay,0.0
228,1789020992.2374742,lr/detect_head.decay,0.0001090280777537797
228,1789020992.2374742,lr/detect_head.no_decay,0.0001090280777537797
228,1789020992.2374742,lr/masf.decay,5.451403887688985e-06
228,1789020992.2374742,lr/masf.no_decay,5.451403887688985e-06
228,1789020992.2374742,lr/neck.decay,4.088552915766738e-05
228,1789020992.2374742,lr/neck.no_decay,4.088552915766738e-05
228,1789020992.2374742,lr/pose_head.decay,0.0001090280777537797
228,1789020992.2374742,lr/pose_head.no_decay,0.0001090280777537797
228,1789020992.2374742,pose/component_0,1.3429158926010132
228,1789020992.2374742,pose/component_1,0.5322436690330505
228,1789020992.2374742,pose/component_2,0.05390644073486328
228,1789020992.2374742,pose/component_3,0.9271804690361023
228,1789020992.2374742,pose/component_4,0.005013598129153252
228,1789020992.2374742,pose/component_5,5.422680854797363
229,1789020993.4083362,amp/overflow_retries,0.0
229,1789020993.4083362,amp/scale,64.0
229,1789020993.4083362,detect/component_0,1.1270087957382202
229,1789020993.4083362,detect/component_1,1.0237218141555786
229,1789020993.4083362,detect/component_2,0.006368946749716997
229,1789020993.4083362,gradient/clipped_norm,1444.333984375
229,1789020993.4083362,images/detect,256.0
229,1789020993.4083362,images/pose,16.0
229,1789020993.4083362,loss/backward,155.72211532592775
229,1789020993.4083362,loss/detect_mean,1.8243475407361984
229,1789020993.4083362,loss/joint_mean,2.433158051967621
229,1789020993.4083362,loss/pose_mean,4.8684000968933105
229,1789020993.4083362,lr/attention.decay,0.0
229,1789020993.4083362,lr/attention.no_decay,0.0
229,1789020993.4083362,lr/backbone.decay,0.0
229,1789020993.4083362,lr/backbone.no_decay,0.0
229,1789020993.4083362,lr/detect_head.decay,0.00010941684665226781
229,1789020993.4083362,lr/detect_head.no_decay,0.00010941684665226781
229,1789020993.4083362,lr/masf.decay,5.470842332613391e-06
229,1789020993.4083362,lr/masf.no_decay,5.470842332613391e-06
229,1789020993.4083362,lr/neck.decay,4.103131749460042e-05
229,1789020993.4083362,lr/neck.no_decay,4.103131749460042e-05
229,1789020993.4083362,lr/pose_head.decay,0.00010941684665226781
229,1789020993.4083362,lr/pose_head.no_decay,0.00010941684665226781
229,1789020993.4083362,pose/component_0,1.0266695022583008
229,1789020993.4083362,pose/component_1,0.10615997761487961
229,1789020993.4083362,pose/component_2,0.017857465893030167
229,1789020993.4083362,pose/component_3,0.9361072778701782
229,1789020993.4083362,pose/component_4,0.005694862455129623
229,1789020993.4083362,pose/component_5,2.5076775550842285
230,1789020994.5740743,amp/overflow_retries,0.0
230,1789020994.5740743,amp/scale,64.0
230,1789020994.5740743,detect/component_0,1.1145882606506348
230,1789020994.5740743,detect/component_1,0.977951169013977
230,1789020994.5740743,detect/component_2,0.007486248388886452
230,1789020994.5740743,gradient/clipped_norm,1527.438720703125
230,1789020994.5740743,images/detect,256.0
230,1789020994.5740743,images/pose,16.0
230,1789020994.5740743,loss/backward,150.47810134887695
230,1789020994.5740743,loss/detect_mean,1.774675503373146
230,1789020994.5740743,loss/joint_mean,2.3512203335762023
230,1789020994.5740743,loss/pose_mean,4.657399654388428
230,1789020994.5740743,lr/attention.decay,0.0
230,1789020994.5740743,lr/attention.no_decay,0.0
230,1789020994.5740743,lr/backbone.decay,0.0
230,1789020994.5740743,lr/backbone.no_decay,0.0
230,1789020994.5740743,lr/detect_head.decay,0.00010980561555075595
230,1789020994.5740743,lr/detect_head.no_decay,0.00010980561555075595
230,1789020994.5740743,lr/masf.decay,5.490280777537797e-06
230,1789020994.5740743,lr/masf.no_decay,5.490280777537797e-06
230,1789020994.5740743,lr/neck.decay,4.1177105831533474e-05
230,1789020994.5740743,lr/neck.no_decay,4.1177105831533474e-05
230,1789020994.5740743,lr/pose_head.decay,0.00010980561555075595
230,1789020994.5740743,lr/pose_head.no_decay,0.00010980561555075595
230,1789020994.5740743,pose/component_0,1.1854454278945923
230,1789020994.5740743,pose/component_1,0.037723805755376816
230,1789020994.5740743,pose/component_2,0.09004846215248108
230,1789020994.5740743,pose/component_3,0.7347429394721985
230,1789020994.5740743,pose/component_4,0.0036225488875061274
230,1789020994.5740743,pose/component_5,0.6778291463851929
231,1789020995.7283316,amp/overflow_retries,0.0
231,1789020995.7283316,amp/scale,64.0
231,1789020995.7283316,detect/component_0,1.064117193222046
231,1789020995.7283316,detect/component_1,0.9435098171234131
231,1789020995.7283316,detect/component_2,0.0069235535338521
231,1789020995.7283316,gradient/clipped_norm,1658.844970703125
231,1789020995.7283316,images/detect,256.0
231,1789020995.7283316,images/pose,16.0
231,1789020995.7283316,loss/backward,146.59742126464843
231,1789020995.7283316,loss/detect_mean,1.7196077704429626
231,1789020995.7283316,loss/joint_mean,2.2905847072601317
231,1789020995.7283316,loss/pose_mean,4.574492454528809
231,1789020995.7283316,lr/attention.decay,0.0
231,1789020995.7283316,lr/attention.no_decay,0.0
231,1789020995.7283316,lr/backbone.decay,0.0
231,1789020995.7283316,lr/backbone.no_decay,0.0
231,1789020995.7283316,lr/detect_head.decay,0.00011019438444924406
231,1789020995.7283316,lr/detect_head.no_decay,0.00011019438444924406
231,1789020995.7283316,lr/masf.decay,5.5097192224622034e-06
231,1789020995.7283316,lr/masf.no_decay,5.5097192224622034e-06
231,1789020995.7283316,lr/neck.decay,4.132289416846652e-05
231,1789020995.7283316,lr/neck.no_decay,4.132289416846652e-05
231,1789020995.7283316,lr/pose_head.decay,0.00011019438444924406
231,1789020995.7283316,lr/pose_head.no_decay,0.00011019438444924406
231,1789020995.7283316,pose/component_0,1.0372155904769897
231,1789020995.7283316,pose/component_1,0.03398454189300537
231,1789020995.7283316,pose/component_2,0.014052119106054306
231,1789020995.7283316,pose/component_3,0.5954230427742004
231,1789020995.7283316,pose/component_4,0.0046149808913469315
231,1789020995.7283316,pose/component_5,1.5878643989562988
232,1789020996.8810391,amp/overflow_retries,0.0
232,1789020996.8810391,amp/scale,64.0
232,1789020996.8810391,detect/component_0,1.081003189086914
232,1789020996.8810391,detect/component_1,0.9708206057548523
232,1789020996.8810391,detect/component_2,0.006541217211633921
232,1789020996.8810391,gradient/clipped_norm,2631.849609375
232,1789020996.8810391,images/detect,256.0
232,1789020996.8810391,images/pose,16.0
232,1789020996.8810391,loss/backward,174.14538040161133
232,1789020996.8810391,loss/detect_mean,1.7121089845895767
232,1789020996.8810391,loss/joint_mean,2.721021568775177
232,1789020996.8810391,loss/pose_mean,6.756671905517578
232,1789020996.8810391,lr/attention.decay,0.0
232,1789020996.8810391,lr/attention.no_decay,0.0
232,1789020996.8810391,lr/backbone.decay,0.0
232,1789020996.8810391,lr/backbone.no_decay,0.0
232,1789020996.8810391,lr/detect_head.decay,0.0001105831533477322
232,1789020996.8810391,lr/detect_head.no_decay,0.0001105831533477322
232,1789020996.8810391,lr/masf.decay,5.52915766738661e-06
232,1789020996.8810391,lr/masf.no_decay,5.52915766738661e-06
232,1789020996.8810391,lr/neck.decay,4.1468682505399564e-05
232,1789020996.8810391,lr/neck.no_decay,4.1468682505399564e-05
232,1789020996.8810391,lr/pose_head.decay,0.0001105831533477322
232,1789020996.8810391,lr/pose_head.no_decay,0.0001105831533477322
232,1789020996.8810391,pose/component_0,1.4482823610305786
232,1789020996.8810391,pose/component_1,0.19558122754096985
232,1789020996.8810391,pose/component_2,0.07535430788993835
232,1789020996.8810391,pose/component_3,1.2052847146987915
232,1789020996.8810391,pose/component_4,0.007266336120665073
232,1789020996.8810391,pose/component_5,2.8029847145080566
233,1789020998.0276258,amp/overflow_retries,0.0
233,1789020998.0276258,amp/scale,64.0
233,1789020998.0276258,detect/component_0,1.0881240367889404
233,1789020998.0276258,detect/component_1,0.9786571860313416
233,1789020998.0276258,detect/component_2,0.006830842234194279
233,1789020998.0276258,gradient/clipped_norm,1837.864990234375
233,1789020998.0276258,images/detect,256.0
233,1789020998.0276258,images/pose,16.0
233,1789020998.0276258,loss/backward,146.48823776245118
233,1789020998.0276258,loss/detect_mean,1.7336543649435043
233,1789020998.0276258,loss/joint_mean,2.2888787150382996
233,1789020998.0276258,loss/pose_mean,4.5097761154174805
233,1789020998.0276258,lr/attention.decay,0.0
233,1789020998.0276258,lr/attention.no_decay,0.0
233,1789020998.0276258,lr/backbone.decay,0.0
233,1789020998.0276258,lr/backbone.no_decay,0.0
233,1789020998.0276258,lr/detect_head.decay,0.0001109719222462203
233,1789020998.0276258,lr/detect_head.no_decay,0.0001109719222462203
233,1789020998.0276258,lr/masf.decay,5.548596112311015e-06
233,1789020998.0276258,lr/masf.no_decay,5.548596112311015e-06
233,1789020998.0276258,lr/neck.decay,4.161447084233261e-05
233,1789020998.0276258,lr/neck.no_decay,4.161447084233261e-05
233,1789020998.0276258,lr/pose_head.decay,0.0001109719222462203
233,1789020998.0276258,lr/pose_head.no_decay,0.0001109719222462203
233,1789020998.0276258,pose/component_0,1.3065314292907715
233,1789020998.0276258,pose/component_1,0.1394987404346466
233,1789020998.0276258,pose/component_2,0.04202767461538315
233,1789020998.0276258,pose/component_3,0.752556562423706
233,1789020998.0276258,pose/component_4,0.0034485855139791965
233,1789020998.0276258,pose/component_5,1.4545047283172607
234,1789020999.1895883,amp/overflow_retries,0.0
234,1789020999.1895883,amp/scale,64.0
234,1789020999.1895883,detect/component_0,1.0587539672851562
234,1789020999.1895883,detect/component_1,0.9902355074882507
234,1789020999.1895883,detect/component_2,0.007733839564025402
234,1789020999.1895883,gradient/clipped_norm,1913.1568603515625
234,1789020999.1895883,images/detect,256.0
234,1789020999.1895883,images/pose,16.0
234,1789020999.1895883,loss/backward,162.38716201782228
234,1789020999.1895883,loss/detect_mean,1.763805702328682
234,1789020999.1895883,loss/joint_mean,2.537299406528473
234,1789020999.1895883,loss/pose_mean,5.631274223327637
234,1789020999.1895883,lr/attention.decay,0.0
234,1789020999.1895883,lr/attention.no_decay,0.0
234,1789020999.1895883,lr/backbone.decay,0.0
234,1789020999.1895883,lr/backbone.no_decay,0.0
234,1789020999.1895883,lr/detect_head.decay,0.00011136069114470844
234,1789020999.1895883,lr/detect_head.no_decay,0.00011136069114470844
234,1789020999.1895883,lr/masf.decay,5.568034557235422e-06
234,1789020999.1895883,lr/masf.no_decay,5.568034557235422e-06
234,1789020999.1895883,lr/neck.decay,4.176025917926566e-05
234,1789020999.1895883,lr/neck.no_decay,4.176025917926566e-05
234,1789020999.1895883,lr/pose_head.decay,0.00011136069114470844
234,1789020999.1895883,lr/pose_head.no_decay,0.00011136069114470844
234,1789020999.1895883,pose/component_0,1.419687032699585
234,1789020999.1895883,pose/component_1,0.047939084470272064
234,1789020999.1895883,pose/component_2,0.12857232987880707
234,1789020999.1895883,pose/component_3,0.6949818134307861
234,1789020999.1895883,pose/component_4,0.0049778553657233715
234,1789020999.1895883,pose/component_5,2.4609553813934326
235,1789021000.3579268,amp/overflow_retries,0.0
235,1789021000.3579268,amp/scale,64.0
235,1789021000.3579268,detect/component_0,1.1078296899795532
235,1789021000.3579268,detect/component_1,0.9867045879364014
235,1789021000.3579268,detect/component_2,0.006730472669005394
235,1789021000.3579268,gradient/clipped_norm,2871.399658203125
235,1789021000.3579268,images/detect,256.0
235,1789021000.3579268,images/pose,16.0
235,1789021000.3579268,loss/backward,180.98031158447264
235,1789021000.3579268,loss/detect_mean,1.7731110155582428
235,1789021000.3579268,loss/joint_mean,2.827817368507385
235,1789021000.3579268,loss/pose_mean,7.046642780303955
235,1789021000.3579268,lr/attention.decay,0.0
235,1789021000.3579268,lr/attention.no_decay,0.0
235,1789021000.3579268,lr/backbone.decay,0.0
235,1789021000.3579268,lr/backbone.no_decay,0.0
235,1789021000.3579268,lr/detect_head.decay,0.00011174946004319655
235,1789021000.3579268,lr/detect_head.no_decay,0.00011174946004319655
235,1789021000.3579268,lr/masf.decay,5.587473002159828e-06
235,1789021000.3579268,lr/masf.no_decay,5.587473002159828e-06
235,1789021000.3579268,lr/neck.decay,4.19060475161987e-05
235,1789021000.3579268,lr/neck.no_decay,4.19060475161987e-05
235,1789021000.3579268,lr/pose_head.decay,0.00011174946004319655
235,1789021000.3579268,lr/pose_head.no_decay,0.00011174946004319655
235,1789021000.3579268,pose/component_0,1.2606923580169678
235,1789021000.3579268,pose/component_1,0.1555236577987671
235,1789021000.3579268,pose/component_2,0.02671220153570175
235,1789021000.3579268,pose/component_3,0.6710025072097778
235,1789021000.3579268,pose/component_4,0.004296797327697277
235,1789021000.3579268,pose/component_5,1.7741265296936035
236,1789021001.509833,amp/overflow_retries,0.0
236,1789021001.509833,amp/scale,64.0
236,1789021001.509833,detect/component_0,1.0409048795700073
236,1789021001.509833,detect/component_1,0.987298846244812
236,1789021001.509833,detect/component_2,0.0074596889317035675
236,1789021001.509833,gradient/clipped_norm,1606.06689453125
236,1789021001.509833,images/detect,256.0
236,1789021001.509833,images/pose,16.0
236,1789021001.509833,loss/backward,147.61934509277344
236,1789021001.509833,loss/detect_mean,1.7371589541435242
236,1789021001.509833,loss/joint_mean,2.306552267074585
236,1789021001.509833,loss/pose_mean,4.584125518798828
236,1789021001.509833,lr/attention.decay,0.0
236,1789021001.509833,lr/attention.no_decay,0.0
236,1789021001.509833,lr/backbone.decay,0.0
236,1789021001.509833,lr/backbone.no_decay,0.0
236,1789021001.509833,lr/detect_head.decay,0.00011213822894168469
236,1789021001.509833,lr/detect_head.no_decay,0.00011213822894168469
236,1789021001.509833,lr/masf.decay,5.606911447084234e-06
236,1789021001.509833,lr/masf.no_decay,5.606911447084234e-06
236,1789021001.509833,lr/neck.decay,4.205183585313175e-05
236,1789021001.509833,lr/neck.no_decay,4.205183585313175e-05
236,1789021001.509833,lr/pose_head.decay,0.00011213822894168469
236,1789021001.509833,lr/pose_head.no_decay,0.00011213822894168469
236,1789021001.509833,pose/component_0,1.3912022113800049
236,1789021001.509833,pose/component_1,0.1127825379371643
236,1789021001.509833,pose/component_2,0.049771495163440704
236,1789021001.509833,pose/component_3,0.7091385722160339
236,1789021001.509833,pose/component_4,0.0054311566054821014
236,1789021001.509833,pose/component_5,1.9979897737503052
237,1789021002.6770155,amp/overflow_retries,0.0
237,1789021002.6770155,amp/scale,64.0
237,1789021002.6770155,detect/component_0,1.1684563159942627
237,1789021002.6770155,detect/component_1,1.0271967649459839
237,1789021002.6770155,detect/component_2,0.007002432830631733
237,1789021002.6770155,gradient/clipped_norm,1212.3414306640625
237,1789021002.6770155,images/detect,256.0
237,1789021002.6770155,images/pose,16.0
237,1789021002.6770155,loss/backward,144.5691650390625
237,1789021002.6770155,loss/detect_mean,1.8426243662834167
237,1789021002.6770155,loss/joint_mean,2.2588932037353517
237,1789021002.6770155,loss/pose_mean,3.923968553543091
237,1789021002.6770155,lr/attention.decay,0.0
237,1789021002.6770155,lr/attention.no_decay,0.0
237,1789021002.6770155,lr/backbone.decay,0.0
237,1789021002.6770155,lr/backbone.no_decay,0.0
237,1789021002.6770155,lr/detect_head.decay,0.0001125269978401728
237,1789021002.6770155,lr/detect_head.no_decay,0.0001125269978401728
237,1789021002.6770155,lr/masf.decay,5.6263498920086405e-06
237,1789021002.6770155,lr/masf.no_decay,5.6263498920086405e-06
237,1789021002.6770155,lr/neck.decay,4.219762419006479e-05
237,1789021002.6770155,lr/neck.no_decay,4.219762419006479e-05
237,1789021002.6770155,lr/pose_head.decay,0.0001125269978401728
237,1789021002.6770155,lr/pose_head.no_decay,0.0001125269978401728
237,1789021002.6770155,pose/component_0,1.2817631959915161
237,1789021002.6770155,pose/component_1,0.04407326132059097
237,1789021002.6770155,pose/component_2,0.01962083950638771
237,1789021002.6770155,pose/component_3,0.7771539092063904
237,1789021002.6770155,pose/component_4,0.0038594435900449753
237,1789021002.6770155,pose/component_5,0.4866064786911011
238,1789021003.845078,amp/overflow_retries,0.0
238,1789021003.845078,amp/scale,64.0
238,1789021003.845078,detect/component_0,1.1637736558914185
238,1789021003.845078,detect/component_1,1.0620101690292358
238,1789021003.845078,detect/component_2,0.008092759177088737
238,1789021003.845078,gradient/clipped_norm,1439.021240234375
238,1789021003.845078,images/detect,256.0
238,1789021003.845078,images/pose,16.0
238,1789021003.845078,loss/backward,175.15846939086913
238,1789021003.845078,loss/detect_mean,1.8863975554704666
238,1789021003.845078,loss/joint_mean,2.73685108423233
238,1789021003.845078,loss/pose_mean,6.138665199279785
238,1789021003.845078,lr/attention.decay,0.0
238,1789021003.845078,lr/attention.no_decay,0.0
238,1789021003.845078,lr/backbone.decay,0.0
238,1789021003.845078,lr/backbone.no_decay,0.0
238,1789021003.845078,lr/detect_head.decay,0.00011291576673866094
238,1789021003.845078,lr/detect_head.no_decay,0.00011291576673866094
238,1789021003.845078,lr/masf.decay,5.645788336933047e-06
238,1789021003.845078,lr/masf.no_decay,5.645788336933047e-06
238,1789021003.845078,lr/neck.decay,4.234341252699784e-05
238,1789021003.845078,lr/neck.no_decay,4.234341252699784e-05
238,1789021003.845078,lr/pose_head.decay,0.00011291576673866094
238,1789021003.845078,lr/pose_head.no_decay,0.00011291576673866094
238,1789021003.845078,pose/component_0,1.4221867322921753
238,1789021003.845078,pose/component_1,0.10135956108570099
238,1789021003.845078,pose/component_2,0.1256096512079239
238,1789021003.845078,pose/component_3,1.217416763305664
238,1789021003.845078,pose/component_4,0.0071269795298576355
238,1789021003.845078,pose/component_5,2.6246347427368164
239,1789021005.0068634,amp/overflow_retries,0.0
239,1789021005.0068634,amp/scale,64.0
239,1789021005.0068634,detect/component_0,1.1095504760742188
239,1789021005.0068634,detect/component_1,1.0403496026992798
239,1789021005.0068634,detect/component_2,0.006620500236749649
239,1789021005.0068634,gradient/clipped_norm,1791.5736083984375
239,1789021005.0068634,images/detect,256.0
239,1789021005.0068634,images/pose,16.0
239,1789021005.0068634,loss/backward,146.13887405395508
239,1789021005.0068634,loss/detect_mean,1.7805130630731583
239,1789021005.0068634,loss/joint_mean,2.283419907093048
239,1789021005.0068634,loss/pose_mean,4.295047283172607
239,1789021005.0068634,lr/attention.decay,0.0
239,1789021005.0068634,lr/attention.no_decay,0.0
239,1789021005.0068634,lr/backbone.decay,0.0
239,1789021005.0068634,lr/backbone.no_decay,0.0
239,1789021005.0068634,lr/detect_head.decay,0.00011330453563714904
239,1789021005.0068634,lr/detect_head.no_decay,0.00011330453563714904
239,1789021005.0068634,lr/masf.decay,5.665226781857452e-06
239,1789021005.0068634,lr/masf.no_decay,5.665226781857452e-06
239,1789021005.0068634,lr/neck.decay,4.248920086393089e-05
239,1789021005.0068634,lr/neck.no_decay,4.248920086393089e-05
239,1789021005.0068634,lr/pose_head.decay,0.00011330453563714904
239,1789021005.0068634,lr/pose_head.no_decay,0.00011330453563714904
239,1789021005.0068634,pose/component_0,0.9549306631088257
239,1789021005.0068634,pose/component_1,0.02512679435312748
239,1789021005.0068634,pose/component_2,0.11266157031059265
239,1789021005.0068634,pose/component_3,0.6551715135574341
239,1789021005.0068634,pose/component_4,0.0032252564560621977
239,1789021005.0068634,pose/component_5,0.9041358232498169
240,1789021006.167598,amp/overflow_retries,0.0
240,1789021006.167598,amp/scale,64.0
240,1789021006.167598,detect/component_0,1.1019998788833618
240,1789021006.167598,detect/component_1,1.0358030796051025
240,1789021006.167598,detect/component_2,0.007089228369295597
240,1789021006.167598,gradient/clipped_norm,2388.09912109375
240,1789021006.167598,images/detect,256.0
240,1789021006.167598,images/pose,16.0
240,1789021006.167598,loss/backward,205.1913864135742
240,1789021006.167598,loss/detect_mean,1.8094564378261566
240,1789021006.167598,loss/joint_mean,3.206115412712097
240,1789021006.167598,loss/pose_mean,8.79275131225586
240,1789021006.167598,lr/attention.decay,0.0
240,1789021006.167598,lr/attention.no_decay,0.0
240,1789021006.167598,lr/backbone.decay,0.0
240,1789021006.167598,lr/backbone.no_decay,0.0
240,1789021006.167598,lr/detect_head.decay,0.00011369330453563716
240,1789021006.167598,lr/detect_head.no_decay,0.00011369330453563716
240,1789021006.167598,lr/masf.decay,5.684665226781858e-06
240,1789021006.167598,lr/masf.no_decay,5.684665226781858e-06
240,1789021006.167598,lr/neck.decay,4.263498920086393e-05
240,1789021006.167598,lr/neck.no_decay,4.263498920086393e-05
240,1789021006.167598,lr/pose_head.decay,0.00011369330453563716
240,1789021006.167598,lr/pose_head.no_decay,0.00011369330453563716
240,1789021006.167598,pose/component_0,1.2404465675354004
240,1789021006.167598,pose/component_1,0.6094124913215637
240,1789021006.167598,pose/component_2,0.25440579652786255
240,1789021006.167598,pose/component_3,0.7680197954177856
240,1789021006.167598,pose/component_4,0.00672377273440361
240,1789021006.167598,pose/component_5,5.799712181091309
241,1789021007.3347366,amp/overflow_retries,0.0
241,1789021007.3347366,amp/scale,64.0
241,1789021007.3347366,detect/component_0,1.0690011978149414
241,1789021007.3347366,detect/component_1,0.9691468477249146
241,1789021007.3347366,detect/component_2,0.007022629026323557
241,1789021007.3347366,gradient/clipped_norm,3157.50634765625
241,1789021007.3347366,images/detect,256.0
241,1789021007.3347366,images/pose,16.0
241,1789021007.3347366,loss/backward,178.4088882446289
241,1789021007.3347366,loss/detect_mean,1.726465255022049
241,1789021007.3347366,loss/joint_mean,2.7876388788223267
241,1789021007.3347366,loss/pose_mean,7.0323333740234375
241,1789021007.3347366,lr/attention.decay,0.0
241,1789021007.3347366,lr/attention.no_decay,0.0
241,1789021007.3347366,lr/backbone.decay,0.0
241,1789021007.3347366,lr/backbone.no_decay,0.0
241,1789021007.3347366,lr/detect_head.decay,0.00011408207343412527
241,1789021007.3347366,lr/detect_head.no_decay,0.00011408207343412527
241,1789021007.3347366,lr/masf.decay,5.704103671706263e-06
241,1789021007.3347366,lr/masf.no_decay,5.704103671706263e-06
241,1789021007.3347366,lr/neck.decay,4.278077753779697e-05
241,1789021007.3347366,lr/neck.no_decay,4.278077753779697e-05
241,1789021007.3347366,lr/pose_head.decay,0.00011408207343412527
241,1789021007.3347366,lr/pose_head.no_decay,0.00011408207343412527
241,1789021007.3347366,pose/component_0,1.411881446838379
241,1789021007.3347366,pose/component_1,0.6063528656959534
241,1789021007.3347366,pose/component_2,0.14412516355514526
241,1789021007.3347366,pose/component_3,1.0635095834732056
241,1789021007.3347366,pose/component_4,0.008742162957787514
241,1789021007.3347366,pose/component_5,2.992098331451416
242,1789021008.505585,amp/overflow_retries,0.0
242,1789021008.505585,amp/scale,64.0
242,1789021008.505585,detect/component_0,1.1372038125991821
242,1789021008.505585,detect/component_1,1.0426591634750366
242,1789021008.505585,detect/component_2,0.007416157051920891
242,1789021008.505585,gradient/clipped_norm,1625.5340576171875
242,1789021008.505585,images/detect,256.0
242,1789021008.505585,images/pose,16.0
242,1789021008.505585,loss/backward,180.39787368774415
242,1789021008.505585,loss/detect_mean,1.863522246479988
242,1789021008.505585,loss/joint_mean,2.8187167763710024
242,1789021008.505585,loss/pose_mean,6.639494895935059
242,1789021008.505585,lr/attention.decay,0.0
242,1789021008.505585,lr/attention.no_decay,0.0
242,1789021008.505585,lr/backbone.decay,0.0
242,1789021008.505585,lr/backbone.no_decay,0.0
242,1789021008.505585,lr/detect_head.decay,0.0001144708423326134
242,1789021008.505585,lr/detect_head.no_decay,0.0001144708423326134
242,1789021008.505585,lr/masf.decay,5.7235421166306705e-06
242,1789021008.505585,lr/masf.no_decay,5.7235421166306705e-06
242,1789021008.505585,lr/neck.decay,4.292656587473002e-05
242,1789021008.505585,lr/neck.no_decay,4.292656587473002e-05
242,1789021008.505585,lr/pose_head.decay,0.0001144708423326134
242,1789021008.505585,lr/pose_head.no_decay,0.0001144708423326134
242,1789021008.505585,pose/component_0,1.1848126649856567
242,1789021008.505585,pose/component_1,0.08233806490898132
242,1789021008.505585,pose/component_2,0.04285925626754761
242,1789021008.505585,pose/component_3,0.9072207808494568
242,1789021008.505585,pose/component_4,0.005872068926692009
242,1789021008.505585,pose/component_5,2.3273067474365234
243,1789021009.6741893,amp/overflow_retries,0.0
243,1789021009.6741893,amp/scale,64.0
243,1789021009.6741893,detect/component_0,1.1018246412277222
243,1789021009.6741893,detect/component_1,0.9885205030441284
243,1789021009.6741893,detect/component_2,0.007501580752432346
243,1789021009.6741893,gradient/clipped_norm,1484.2310791015625
243,1789021009.6741893,images/detect,256.0
243,1789021009.6741893,images/pose,16.0
243,1789021009.6741893,loss/backward,155.46894149780275
243,1789021009.6741893,loss/detect_mean,1.7667671889066696
243,1789021009.6741893,loss/joint_mean,2.429202210903168
243,1789021009.6741893,loss/pose_mean,5.07894229888916
243,1789021009.6741893,lr/attention.decay,0.0
243,1789021009.6741893,lr/attention.no_decay,0.0
243,1789021009.6741893,lr/backbone.decay,0.0
243,1789021009.6741893,lr/backbone.no_decay,0.0
243,1789021009.6741893,lr/detect_head.decay,0.00011485961123110152
243,1789021009.6741893,lr/detect_head.no_decay,0.00011485961123110152
243,1789021009.6741893,lr/masf.decay,5.742980561555076e-06
243,1789021009.6741893,lr/masf.no_decay,5.742980561555076e-06
243,1789021009.6741893,lr/neck.decay,4.307235421166306e-05
243,1789021009.6741893,lr/neck.no_decay,4.307235421166306e-05
243,1789021009.6741893,lr/pose_head.decay,0.00011485961123110152
243,1789021009.6741893,lr/pose_head.no_decay,0.00011485961123110152
243,1789021009.6741893,pose/component_0,1.1880251169204712
243,1789021009.6741893,pose/component_1,0.05968783423304558
243,1789021009.6741893,pose/component_2,0.045344650745391846
243,1789021009.6741893,pose/component_3,0.9632673859596252
243,1789021009.6741893,pose/component_4,0.003866033162921667
243,1789021009.6741893,pose/component_5,0.8756383657455444
244,1789021010.823569,amp/overflow_retries,0.0
244,1789021010.823569,amp/scale,64.0
244,1789021010.823569,detect/component_0,1.111024260520935
244,1789021010.823569,detect/component_1,1.0226811170578003
244,1789021010.823569,detect/component_2,0.007355268578976393
244,1789021010.823569,gradient/clipped_norm,1553.689208984375
244,1789021010.823569,images/detect,256.0
244,1789021010.823569,images/pose,16.0
244,1789021010.823569,loss/backward,141.65691986083985
244,1789021010.823569,loss/detect_mean,1.8269658982753754
244,1789021010.823569,loss/joint_mean,2.2133893728256226
244,1789021010.823569,loss/pose_mean,3.7590832710266113
244,1789021010.823569,lr/attention.decay,0.0
244,1789021010.823569,lr/attention.no_decay,0.0
244,1789021010.823569,lr/backbone.decay,0.0
244,1789021010.823569,lr/backbone.no_decay,0.0
244,1789021010.823569,lr/detect_head.decay,0.00011524838012958965
244,1789021010.823569,lr/detect_head.no_decay,0.00011524838012958965
244,1789021010.823569,lr/masf.decay,5.762419006479483e-06
244,1789021010.823569,lr/masf.no_decay,5.762419006479483e-06
244,1789021010.823569,lr/neck.decay,4.3218142548596115e-05
244,1789021010.823569,lr/neck.no_decay,4.3218142548596115e-05
244,1789021010.823569,lr/pose_head.decay,0.00011524838012958965
244,1789021010.823569,lr/pose_head.no_decay,0.00011524838012958965
244,1789021010.823569,pose/component_0,1.2616941928863525
244,1789021010.823569,pose/component_1,0.03785925358533859
244,1789021010.823569,pose/component_2,0.011535556986927986
244,1789021010.823569,pose/component_3,0.6613315939903259
244,1789021010.823569,pose/component_4,0.003805094864219427
244,1789021010.823569,pose/component_5,0.6645510196685791
245,1789021011.9803824,amp/overflow_retries,0.0
245,1789021011.9803824,amp/scale,64.0
245,1789021011.9803824,detect/component_0,1.1154335737228394
245,1789021011.9803824,detect/component_1,1.033172369003296
245,1789021011.9803824,detect/component_2,0.007280299905687571
245,1789021011.9803824,gradient/clipped_norm,2282.7451171875
245,1789021011.9803824,images/detect,256.0
245,1789021011.9803824,images/pose,16.0
245,1789021011.9803824,loss/backward,174.62412872314454
245,1789021011.9803824,loss/detect_mean,1.8261630833148956
245,1789021011.9803824,loss/joint_mean,2.7285020112991334
245,1789021011.9803824,loss/pose_mean,6.337857723236084
245,1789021011.9803824,lr/attention.decay,0.0
245,1789021011.9803824,lr/attention.no_decay,0.0
245,1789021011.9803824,lr/backbone.decay,0.0
245,1789021011.9803824,lr/backbone.no_decay,0.0
245,1789021011.9803824,lr/detect_head.decay,0.00011563714902807777
245,1789021011.9803824,lr/detect_head.no_decay,0.00011563714902807777
245,1789021011.9803824,lr/masf.decay,5.781857451403889e-06
245,1789021011.9803824,lr/masf.no_decay,5.781857451403889e-06
245,1789021011.9803824,lr/neck.decay,4.3363930885529153e-05
245,1789021011.9803824,lr/neck.no_decay,4.3363930885529153e-05
245,1789021011.9803824,lr/pose_head.decay,0.00011563714902807777
245,1789021011.9803824,lr/pose_head.no_decay,0.00011563714902807777
245,1789021011.9803824,pose/component_0,1.0969722270965576
245,1789021011.9803824,pose/component_1,0.0950900986790657
245,1789021011.9803824,pose/component_2,0.12264017015695572
245,1789021011.9803824,pose/component_3,0.9113196134567261
245,1789021011.9803824,pose/component_4,0.007530685514211655
245,1789021011.9803824,pose/component_5,2.4155149459838867
246,1789021013.1350732,amp/overflow_retries,0.0
246,1789021013.1350732,amp/scale,64.0
246,1789021013.1350732,detect/component_0,1.0728752613067627
246,1789021013.1350732,detect/component_1,0.9769019484519958
246,1789021013.1350732,detect/component_2,0.007364888209849596
246,1789021013.1350732,gradient/clipped_norm,2125.56982421875
246,1789021013.1350732,images/detect,256.0
246,1789021013.1350732,images/pose,16.0
246,1789021013.1350732,loss/backward,183.64564056396483
246,1789021013.1350732,loss/detect_mean,1.773161143064499
246,1789021013.1350732,loss/joint_mean,2.8694631338119505
246,1789021013.1350732,loss/pose_mean,7.254671096801758
246,1789021013.1350732,lr/attention.decay,0.0
246,1789021013.1350732,lr/attention.no_decay,0.0
246,1789021013.1350732,lr/backbone.decay,0.0
246,1789021013.1350732,lr/backbone.no_decay,0.0
246,1789021013.1350732,lr/detect_head.decay,0.0001160259179265659
246,1789021013.1350732,lr/detect_head.no_decay,0.0001160259179265659
246,1789021013.1350732,lr/masf.decay,5.801295896328295e-06
246,1789021013.1350732,lr/masf.no_decay,5.801295896328295e-06
246,1789021013.1350732,lr/neck.decay,4.3509719222462206e-05
246,1789021013.1350732,lr/neck.no_decay,4.3509719222462206e-05
246,1789021013.1350732,lr/pose_head.decay,0.0001160259179265659
246,1789021013.1350732,lr/pose_head.no_decay,0.0001160259179265659
246,1789021013.1350732,pose/component_0,1.3241324424743652
246,1789021013.1350732,pose/component_1,0.18864411115646362
246,1789021013.1350732,pose/component_2,0.027393506839871407
246,1789021013.1350732,pose/component_3,0.8661791682243347
246,1789021013.1350732,pose/component_4,0.004467852879315615
246,1789021013.1350732,pose/component_5,1.6476600170135498
247,1789021014.2857292,amp/overflow_retries,0.0
247,1789021014.2857292,amp/scale,64.0
247,1789021014.2857292,detect/component_0,1.0840972661972046
247,1789021014.2857292,detect/component_1,1.0081182718276978
247,1789021014.2857292,detect/component_2,0.007328665349632502
247,1789021014.2857292,gradient/clipped_norm,2480.52685546875
247,1789021014.2857292,images/detect,256.0
247,1789021014.2857292,images/pose,16.0
247,1789021014.2857292,loss/backward,166.8227409362793
247,1789021014.2857292,loss/detect_mean,1.7837155908346176
247,1789021014.2857292,loss/joint_mean,2.606605327129364
247,1789021014.2857292,loss/pose_mean,5.89816427230835
247,1789021014.2857292,lr/attention.decay,0.0
247,1789021014.2857292,lr/attention.no_decay,0.0
247,1789021014.2857292,lr/backbone.decay,0.0
247,1789021014.2857292,lr/backbone.no_decay,0.0
247,1789021014.2857292,lr/detect_head.decay,0.00011641468682505401
247,1789021014.2857292,lr/detect_head.no_decay,0.00011641468682505401
247,1789021014.2857292,lr/masf.decay,5.8207343412527e-06
247,1789021014.2857292,lr/masf.no_decay,5.8207343412527e-06
247,1789021014.2857292,lr/neck.decay,4.365550755939525e-05
247,1789021014.2857292,lr/neck.no_decay,4.365550755939525e-05
247,1789021014.2857292,lr/pose_head.decay,0.00011641468682505401
247,1789021014.2857292,lr/pose_head.no_decay,0.00011641468682505401
247,1789021014.2857292,pose/component_0,1.0446401834487915
247,1789021014.2857292,pose/component_1,0.10574071109294891
247,1789021014.2857292,pose/component_2,0.01519349031150341
247,1789021014.2857292,pose/component_3,0.7244711518287659
247,1789021014.2857292,pose/component_4,0.0034330328926444054
247,1789021014.2857292,pose/component_5,2.6459591388702393
248,1789021015.45983,amp/overflow_retries,0.0
248,1789021015.45983,amp/scale,64.0
248,1789021015.45983,detect/component_0,1.0898959636688232
248,1789021015.45983,detect/component_1,1.001824975013733
248,1789021015.45983,detect/component_2,0.007171780336648226
248,1789021015.45983,gradient/clipped_norm,1846.8626708984375
248,1789021015.45983,images/detect,256.0
248,1789021015.45983,images/pose,16.0
248,1789021015.45983,loss/backward,178.3423294067383
248,1789021015.45983,loss/detect_mean,1.762192040681839
248,1789021015.45983,loss/joint_mean,2.7865988969802857
248,1789021015.45983,loss/pose_mean,6.884226322174072
248,1789021015.45983,lr/attention.decay,0.0
248,1789021015.45983,lr/attention.no_decay,0.0
248,1789021015.45983,lr/backbone.decay,0.0
248,1789021015.45983,lr/backbone.no_decay,0.0
248,1789021015.45983,lr/detect_head.decay,0.00011680345572354213
248,1789021015.45983,lr/detect_head.no_decay,0.00011680345572354213
248,1789021015.45983,lr/masf.decay,5.840172786177106e-06
248,1789021015.45983,lr/masf.no_decay,5.840172786177106e-06
248,1789021015.45983,lr/neck.decay,4.380129589632829e-05
248,1789021015.45983,lr/neck.no_decay,4.380129589632829e-05
248,1789021015.45983,lr/pose_head.decay,0.00011680345572354213
248,1789021015.45983,lr/pose_head.no_decay,0.00011680345572354213
248,1789021015.45983,pose/component_0,1.0363534688949585
248,1789021015.45983,pose/component_1,0.28779542446136475
248,1789021015.45983,pose/component_2,0.1314495950937271
248,1789021015.45983,pose/component_3,0.9086493849754333
248,1789021015.45983,pose/component_4,0.00520220585167408
248,1789021015.45983,pose/component_5,3.1489357948303223
249,1789021016.6252503,amp/overflow_retries,0.0
249,1789021016.6252503,amp/scale,64.0
249,1789021016.6252503,detect/component_0,1.1391241550445557
249,1789021016.6252503,detect/component_1,1.0258424282073975
249,1789021016.6252503,detect/component_2,0.006766544189304113
249,1789021016.6252503,gradient/clipped_norm,5272.4384765625
249,1789021016.6252503,images/detect,256.0
249,1789021016.6252503,images/pose,16.0
249,1789021016.6252503,loss/backward,209.8394676208496
249,1789021016.6252503,loss/detect_mean,1.8466778248548508
249,1789021016.6252503,loss/joint_mean,3.278741681575775
249,1789021016.6252503,loss/pose_mean,9.006997108459473
249,1789021016.6252503,lr/attention.decay,0.0
249,1789021016.6252503,lr/attention.no_decay,0.0
249,1789021016.6252503,lr/backbone.decay,0.0
249,1789021016.6252503,lr/backbone.no_decay,0.0
249,1789021016.6252503,lr/detect_head.decay,0.00011719222462203023
249,1789021016.6252503,lr/detect_head.no_decay,0.00011719222462203023
249,1789021016.6252503,lr/masf.decay,5.859611231101512e-06
249,1789021016.6252503,lr/masf.no_decay,5.859611231101512e-06
249,1789021016.6252503,lr/neck.decay,4.3947084233261335e-05
249,1789021016.6252503,lr/neck.no_decay,4.3947084233261335e-05
249,1789021016.6252503,lr/pose_head.decay,0.00011719222462203023
249,1789021016.6252503,lr/pose_head.no_decay,0.00011719222462203023
249,1789021016.6252503,pose/component_0,1.3815181255340576
249,1789021016.6252503,pose/component_1,0.2183244526386261
249,1789021016.6252503,pose/component_2,0.04614008218050003
249,1789021016.6252503,pose/component_3,0.8157646656036377
249,1789021016.6252503,pose/component_4,0.005570882931351662
249,1789021016.6252503,pose/component_5,2.3613216876983643
250,1789021017.7795706,amp/overflow_retries,0.0
250,1789021017.7795706,amp/scale,64.0
250,1789021017.7795706,detect/component_0,1.0867525339126587
250,1789021017.7795706,detect/component_1,0.9883952736854553
250,1789021017.7795706,detect/component_2,0.0075257145799696445
250,1789021017.7795706,gradient/clipped_norm,1906.35595703125
250,1789021017.7795706,images/detect,256.0
250,1789021017.7795706,images/pose,16.0
250,1789021017.7795706,loss/backward,158.3674758911133
250,1789021017.7795706,loss/detect_mean,1.7796423733234406
250,1789021017.7795706,loss/joint_mean,2.474491810798645
250,1789021017.7795706,loss/pose_mean,5.253889560699463
250,1789021017.7795706,lr/attention.decay,0.0
250,1789021017.7795706,lr/attention.no_decay,0.0
250,1789021017.7795706,lr/backbone.decay,0.0
250,1789021017.7795706,lr/backbone.no_decay,0.0
250,1789021017.7795706,lr/detect_head.decay,0.00011758099352051837
250,1789021017.7795706,lr/detect_head.no_decay,0.00011758099352051837
250,1789021017.7795706,lr/masf.decay,5.8790496760259185e-06
250,1789021017.7795706,lr/masf.no_decay,5.8790496760259185e-06
250,1789021017.7795706,lr/neck.decay,4.409287257019438e-05
250,1789021017.7795706,lr/neck.no_decay,4.409287257019438e-05
250,1789021017.7795706,lr/pose_head.decay,0.00011758099352051837
250,1789021017.7795706,lr/pose_head.no_decay,0.00011758099352051837
250,1789021017.7795706,pose/component_0,1.3108994960784912
250,1789021017.7795706,pose/component_1,0.13158288598060608
250,1789021017.7795706,pose/component_2,0.02604101598262787
250,1789021017.7795706,pose/component_3,0.8218345642089844
250,1789021017.7795706,pose/component_4,0.004027497489005327
250,1789021017.7795706,pose/component_5,2.1298580169677734
251,1789021018.9381607,amp/overflow_retries,0.0
251,1789021018.9381607,amp/scale,64.0
251,1789021018.9381607,detect/component_0,1.1418169736862183
251,1789021018.9381607,detect/component_1,1.0136785507202148
251,1789021018.9381607,detect/component_2,0.007270784582942724
251,1789021018.9381607,gradient/clipped_norm,3293.365234375
251,1789021018.9381607,images/detect,256.0
251,1789021018.9381607,images/pose,16.0
251,1789021018.9381607,loss/backward,163.6267219543457
251,1789021018.9381607,loss/detect_mean,1.857150450348854
251,1789021018.9381607,loss/joint_mean,2.5566675305366515
251,1789021018.9381607,loss/pose_mean,5.354735851287842
251,1789021018.9381607,lr/attention.decay,0.0
251,1789021018.9381607,lr/attention.no_decay,0.0
251,1789021018.9381607,lr/backbone.decay,0.0
251,1789021018.9381607,lr/backbone.no_decay,0.0
251,1789021018.9381607,lr/detect_head.decay,0.00011796976241900648
251,1789021018.9381607,lr/detect_head.no_decay,0.00011796976241900648
251,1789021018.9381607,lr/masf.decay,5.898488120950324e-06
251,1789021018.9381607,lr/masf.no_decay,5.898488120950324e-06
251,1789021018.9381607,lr/neck.decay,4.4238660907127425e-05
251,1789021018.9381607,lr/neck.no_decay,4.4238660907127425e-05
251,1789021018.9381607,lr/pose_head.decay,0.00011796976241900648
251,1789021018.9381607,lr/pose_head.no_decay,0.00011796976241900648
251,1789021018.9381607,pose/component_0,1.1000926494598389
251,1789021018.9381607,pose/component_1,0.04508526995778084
251,1789021018.9381607,pose/component_2,0.014897390268743038
251,1789021018.9381607,pose/component_3,0.6417632699012756
251,1789021018.9381607,pose/component_4,0.004135407041758299
251,1789021018.9381607,pose/component_5,1.4571125507354736
252,1789021020.0994396,amp/overflow_retries,0.0
252,1789021020.0994396,amp/scale,64.0
252,1789021020.0994396,detect/component_0,1.0846457481384277
252,1789021020.0994396,detect/component_1,1.0542525053024292
252,1789021020.0994396,detect/component_2,0.007743689231574535
252,1789021020.0994396,gradient/clipped_norm,2027.2618408203125
252,1789021020.0994396,images/detect,256.0
252,1789021020.0994396,images/pose,16.0
252,1789021020.0994396,loss/backward,174.2928924560547
252,1789021020.0994396,loss/detect_mean,1.8617926239967346
252,1789021020.0994396,loss/joint_mean,2.7233264446258545
252,1789021020.0994396,loss/pose_mean,6.169461727142334
252,1789021020.0994396,lr/attention.decay,0.0
252,1789021020.0994396,lr/attention.no_decay,0.0
252,1789021020.0994396,lr/backbone.decay,0.0
252,1789021020.0994396,lr/backbone.no_decay,0.0
252,1789021020.0994396,lr/detect_head.decay,0.00011835853131749462
252,1789021020.0994396,lr/detect_head.no_decay,0.00011835853131749462
252,1789021020.0994396,lr/masf.decay,5.917926565874731e-06
252,1789021020.0994396,lr/masf.no_decay,5.917926565874731e-06
252,1789021020.0994396,lr/neck.decay,4.438444924406048e-05
252,1789021020.0994396,lr/neck.no_decay,4.438444924406048e-05
252,1789021020.0994396,lr/pose_head.decay,0.00011835853131749462
252,1789021020.0994396,lr/pose_head.no_decay,0.00011835853131749462
252,1789021020.0994396,pose/component_0,1.427740216255188
252,1789021020.0994396,pose/component_1,0.13963867723941803
252,1789021020.0994396,pose/component_2,0.02502252906560898
252,1789021020.0994396,pose/component_3,0.8210319876670837
252,1789021020.0994396,pose/component_4,0.003986095543950796
252,1789021020.0994396,pose/component_5,2.0134105682373047
253,1789021021.2646976,amp/overflow_retries,0.0
253,1789021021.2646976,amp/scale,64.0
253,1789021021.2646976,detect/component_0,1.0828251838684082
253,1789021021.2646976,detect/component_1,0.9942631721496582
253,1789021021.2646976,detect/component_2,0.007638388779014349
253,1789021021.2646976,gradient/clipped_norm,1582.075439453125
253,1789021021.2646976,images/detect,256.0
253,1789021021.2646976,images/pose,16.0
253,1789021021.2646976,loss/backward,160.93775100708007
253,1789021021.2646976,loss/detect_mean,1.8013092428445816
253,1789021021.2646976,loss/joint_mean,2.514652359485626
253,1789021021.2646976,loss/pose_mean,5.368024826049805
253,1789021021.2646976,lr/attention.decay,0.0
253,1789021021.2646976,lr/attention.no_decay,0.0
253,1789021021.2646976,lr/backbone.decay,0.0
253,1789021021.2646976,lr/backbone.no_decay,0.0
253,1789021021.2646976,lr/detect_head.decay,0.00011874730021598272
253,1789021021.2646976,lr/detect_head.no_decay,0.00011874730021598272
253,1789021021.2646976,lr/masf.decay,5.937365010799137e-06
253,1789021021.2646976,lr/masf.no_decay,5.937365010799137e-06
253,1789021021.2646976,lr/neck.decay,4.4530237580993516e-05
253,1789021021.2646976,lr/neck.no_decay,4.4530237580993516e-05
253,1789021021.2646976,lr/pose_head.decay,0.00011874730021598272
253,1789021021.2646976,lr/pose_head.no_decay,0.00011874730021598272
253,1789021021.2646976,pose/component_0,1.4624584913253784
253,1789021021.2646976,pose/component_1,0.17912110686302185
253,1789021021.2646976,pose/component_2,0.06534726172685623
253,1789021021.2646976,pose/component_3,0.7905349135398865
253,1789021021.2646976,pose/component_4,0.004232786595821381
253,1789021021.2646976,pose/component_5,2.0093960762023926
254,1789021022.4375837,amp/overflow_retries,0.0
254,1789021022.4375837,amp/scale,64.0
254,1789021022.4375837,detect/component_0,1.1035873889923096
254,1789021022.4375837,detect/component_1,1.0311157703399658
254,1789021022.4375837,detect/component_2,0.007722427137196064
254,1789021022.4375837,gradient/clipped_norm,1317.945068359375
254,1789021022.4375837,images/detect,256.0
254,1789021022.4375837,images/pose,16.0
254,1789021022.4375837,loss/backward,177.6489631652832
254,1789021022.4375837,loss/detect_mean,1.835355058312416
254,1789021022.4375837,loss/joint_mean,2.77576504945755
254,1789021022.4375837,loss/pose_mean,6.537405014038086
254,1789021022.4375837,lr/attention.decay,0.0
254,1789021022.4375837,lr/attention.no_decay,0.0
254,1789021022.4375837,lr/backbone.decay,0.0
254,1789021022.4375837,lr/backbone.no_decay,0.0
254,1789021022.4375837,lr/detect_head.decay,0.00011913606911447087
254,1789021022.4375837,lr/detect_head.no_decay,0.00011913606911447087
254,1789021022.4375837,lr/masf.decay,5.956803455723543e-06
254,1789021022.4375837,lr/masf.no_decay,5.956803455723543e-06
254,1789021022.4375837,lr/neck.decay,4.467602591792657e-05
254,1789021022.4375837,lr/neck.no_decay,4.467602591792657e-05
254,1789021022.4375837,lr/pose_head.decay,0.00011913606911447087
254,1789021022.4375837,lr/pose_head.no_decay,0.00011913606911447087
254,1789021022.4375837,pose/component_0,1.5762724876403809
254,1789021022.4375837,pose/component_1,0.24348288774490356
254,1789021022.4375837,pose/component_2,0.2447434365749359
254,1789021022.4375837,pose/component_3,1.106284499168396
254,1789021022.4375837,pose/component_4,0.016655396670103073
254,1789021022.4375837,pose/component_5,3.2586445808410645
255,1789021023.5846684,amp/overflow_retries,0.0
255,1789021023.5846684,amp/scale,64.0
255,1789021023.5846684,detect/component_0,1.1323200464248657
255,1789021023.5846684,detect/component_1,1.0364586114883423
255,1789021023.5846684,detect/component_2,0.007069005630910397
255,1789021023.5846684,gradient/clipped_norm,1304.711181640625
255,1789021023.5846684,images/detect,256.0
255,1789021023.5846684,images/pose,16.0
255,1789021023.5846684,loss/backward,155.53887786865235
255,1789021023.5846684,loss/detect_mean,1.8221251666545868
255,1789021023.5846684,loss/joint_mean,2.430294966697693
255,1789021023.5846684,loss/pose_mean,4.862974166870117
255,1789021023.5846684,lr/attention.decay,0.0
255,1789021023.5846684,lr/attention.no_decay,0.0
255,1789021023.5846684,lr/backbone.decay,0.0
255,1789021023.5846684,lr/backbone.no_decay,0.0
255,1789021023.5846684,lr/detect_head.decay,0.00011952483801295897
255,1789021023.5846684,lr/detect_head.no_decay,0.00011952483801295897
255,1789021023.5846684,lr/masf.decay,5.9762419006479484e-06
255,1789021023.5846684,lr/masf.no_decay,5.9762419006479484e-06
255,1789021023.5846684,lr/neck.decay,4.4821814254859607e-05
255,1789021023.5846684,lr/neck.no_decay,4.4821814254859607e-05
255,1789021023.5846684,lr/pose_head.decay,0.00011952483801295897
255,1789021023.5846684,lr/pose_head.no_decay,0.00011952483801295897
255,1789021023.5846684,pose/component_0,1.1003175973892212
255,1789021023.5846684,pose/component_1,0.04502645879983902
255,1789021023.5846684,pose/component_2,0.041390541940927505
255,1789021023.5846684,pose/component_3,0.6165965795516968
255,1789021023.5846684,pose/component_4,0.0031485327053815126
255,1789021023.5846684,pose/component_5,1.7160799503326416
256,1789021024.7450743,amp/overflow_retries,0.0
256,1789021024.7450743,amp/scale,64.0
256,1789021024.7450743,detect/component_0,1.0943975448608398
256,1789021024.7450743,detect/component_1,1.0061359405517578
256,1789021024.7450743,detect/component_2,0.007380833849310875
256,1789021024.7450743,gradient/clipped_norm,1405.7384033203125
256,1789021024.7450743,images/detect,256.0
256,1789021024.7450743,images/pose,16.0
256,1789021024.7450743,loss/backward,155.05753631591796
256,1789021024.7450743,loss/detect_mean,1.779163807630539
256,1789021024.7450743,loss/joint_mean,2.422774004936218
256,1789021024.7450743,loss/pose_mean,4.9972147941589355
256,1789021024.7450743,lr/attention.decay,0.0
256,1789021024.7450743,lr/attention.no_decay,0.0
256,1789021024.7450743,lr/backbone.decay,0.0
256,1789021024.7450743,lr/backbone.no_decay,0.0
256,1789021024.7450743,lr/detect_head.decay,0.00011991360691144711
256,1789021024.7450743,lr/detect_head.no_decay,0.00011991360691144711
256,1789021024.7450743,lr/masf.decay,5.995680345572356e-06
256,1789021024.7450743,lr/masf.no_decay,5.995680345572356e-06
256,1789021024.7450743,lr/neck.decay,4.496760259179266e-05
256,1789021024.7450743,lr/neck.no_decay,4.496760259179266e-05
256,1789021024.7450743,lr/pose_head.decay,0.00011991360691144711
256,1789021024.7450743,lr/pose_head.no_decay,0.00011991360691144711
256,1789021024.7450743,pose/component_0,1.3655580282211304
256,1789021024.7450743,pose/component_1,0.07413260638713837
256,1789021024.7450743,pose/component_2,0.2406216561794281
256,1789021024.7450743,pose/component_3,0.9403370022773743
256,1789021024.7450743,pose/component_4,0.006578804925084114
256,1789021024.7450743,pose/component_5,0.61149662733078
257,1789021025.9061205,amp/overflow_retries,0.0
257,1789021025.9061205,amp/scale,64.0
257,1789021025.9061205,detect/component_0,1.0380239486694336
257,1789021025.9061205,detect/component_1,1.0084071159362793
257,1789021025.9061205,detect/component_2,0.006973502226173878
257,1789021025.9061205,gradient/clipped_norm,1408.1524658203125
257,1789021025.9061205,images/detect,256.0
257,1789021025.9061205,images/pose,16.0
257,1789021025.9061205,loss/backward,156.99298324584962
257,1789021025.9061205,loss/detect_mean,1.720858857035637
257,1789021025.9061205,loss/joint_mean,2.4530153632164002
257,1789021025.9061205,loss/pose_mean,5.381641387939453
257,1789021025.9061205,lr/attention.decay,0.0
257,1789021025.9061205,lr/attention.no_decay,0.0
257,1789021025.9061205,lr/backbone.decay,0.0
257,1789021025.9061205,lr/backbone.no_decay,0.0
257,1789021025.9061205,lr/detect_head.decay,0.0001203023758099352
257,1789021025.9061205,lr/detect_head.no_decay,0.0001203023758099352
257,1789021025.9061205,lr/masf.decay,6.01511879049676e-06
257,1789021025.9061205,lr/masf.no_decay,6.01511879049676e-06
257,1789021025.9061205,lr/neck.decay,4.511339092872569e-05
257,1789021025.9061205,lr/neck.no_decay,4.511339092872569e-05
257,1789021025.9061205,lr/pose_head.decay,0.0001203023758099352
257,1789021025.9061205,lr/pose_head.no_decay,0.0001203023758099352
257,1789021025.9061205,pose/component_0,1.2966254949569702
257,1789021025.9061205,pose/component_1,0.12530861794948578
257,1789021025.9061205,pose/component_2,0.061940014362335205
257,1789021025.9061205,pose/component_3,0.8208929896354675
257,1789021025.9061205,pose/component_4,0.003991527948528528
257,1789021025.9061205,pose/component_5,1.9241464138031006
258,1789021027.070027,amp/overflow_retries,0.0
258,1789021027.070027,amp/scale,64.0
258,1789021027.070027,detect/component_0,1.099779486656189
258,1789021027.070027,detect/component_1,0.9774706363677979
258,1789021027.070027,detect/component_2,0.007711269427090883
258,1789021027.070027,gradient/clipped_norm,1572.8896484375
258,1789021027.070027,images/detect,256.0
258,1789021027.070027,images/pose,16.0
258,1789021027.070027,loss/backward,143.04238891601562
258,1789021027.070027,loss/detect_mean,1.7775856256484985
258,1789021027.070027,loss/joint_mean,2.235037326812744
258,1789021027.070027,loss/pose_mean,4.064844131469727
258,1789021027.070027,lr/attention.decay,0.0
258,1789021027.070027,lr/attention.no_decay,0.0
258,1789021027.070027,lr/backbone.decay,0.0
258,1789021027.070027,lr/backbone.no_decay,0.0
258,1789021027.070027,lr/detect_head.decay,0.00012069114470842333
258,1789021027.070027,lr/detect_head.no_decay,0.00012069114470842333
258,1789021027.070027,lr/masf.decay,6.0345572354211666e-06
258,1789021027.070027,lr/masf.no_decay,6.0345572354211666e-06
258,1789021027.070027,lr/neck.decay,4.525917926565874e-05
258,1789021027.070027,lr/neck.no_decay,4.525917926565874e-05
258,1789021027.070027,lr/pose_head.decay,0.00012069114470842333
258,1789021027.070027,lr/pose_head.no_decay,0.00012069114470842333
258,1789021027.070027,pose/component_0,1.3867762088775635
258,1789021027.070027,pose/component_1,0.05468877777457237
258,1789021027.070027,pose/component_2,0.02315778099000454
258,1789021027.070027,pose/component_3,0.6961371302604675
258,1789021027.070027,pose/component_4,0.0043477872386574745
258,1789021027.070027,pose/component_5,0.5958322286605835
259,1789021028.2313116,amp/overflow_retries,0.0
259,1789021028.2313116,amp/scale,64.0
259,1789021028.2313116,detect/component_0,1.122380256652832
259,1789021028.2313116,detect/component_1,0.982170820236206
259,1789021028.2313116,detect/component_2,0.006811568047851324
259,1789021028.2313116,gradient/clipped_norm,1720.735595703125
259,1789021028.2313116,images/detect,256.0
259,1789021028.2313116,images/pose,16.0
259,1789021028.2313116,loss/backward,155.405020904541
259,1789021028.2313116,loss/detect_mean,1.7811765223741531
259,1789021028.2313116,loss/joint_mean,2.428203451633453
259,1789021028.2313116,loss/pose_mean,5.016311168670654
259,1789021028.2313116,lr/attention.decay,0.0
259,1789021028.2313116,lr/attention.no_decay,0.0
259,1789021028.2313116,lr/backbone.decay,0.0
259,1789021028.2313116,lr/backbone.no_decay,0.0
259,1789021028.2313116,lr/detect_head.decay,0.00012107991360691145
259,1789021028.2313116,lr/detect_head.no_decay,0.00012107991360691145
259,1789021028.2313116,lr/masf.decay,6.053995680345572e-06
259,1789021028.2313116,lr/masf.no_decay,6.053995680345572e-06
259,1789021028.2313116,lr/neck.decay,4.540496760259179e-05
259,1789021028.2313116,lr/neck.no_decay,4.540496760259179e-05
259,1789021028.2313116,lr/pose_head.decay,0.00012107991360691145
259,1789021028.2313116,lr/pose_head.no_decay,0.00012107991360691145
259,1789021028.2313116,pose/component_0,0.9913061261177063
259,1789021028.2313116,pose/component_1,0.0508267879486084
259,1789021028.2313116,pose/component_2,0.05839594453573227
259,1789021028.2313116,pose/component_3,0.9881627559661865
259,1789021028.2313116,pose/component_4,0.004152611829340458
259,1789021028.2313116,pose/component_5,1.640263557434082
260,1789021029.3976054,amp/overflow_retries,0.0
260,1789021029.3976054,amp/scale,64.0
260,1789021029.3976054,detect/component_0,1.0743824243545532
260,1789021029.3976054,detect/component_1,1.0276639461517334
260,1789021029.3976054,detect/component_2,0.007917369715869427
260,1789021029.3976054,gradient/clipped_norm,2063.914794921875
260,1789021029.3976054,images/detect,256.0
260,1789021029.3976054,images/pose,16.0
260,1789021029.3976054,loss/backward,146.18881607055664
260,1789021029.3976054,loss/detect_mean,1.814589336514473
260,1789021029.3976054,loss/joint_mean,2.2842002511024475
260,1789021029.3976054,loss/pose_mean,4.162643909454346
260,1789021029.3976054,lr/attention.decay,0.0
260,1789021029.3976054,lr/attention.no_decay,0.0
260,1789021029.3976054,lr/backbone.decay,0.0
260,1789021029.3976054,lr/backbone.no_decay,0.0
260,1789021029.3976054,lr/detect_head.decay,0.00012146868250539958
260,1789021029.3976054,lr/detect_head.no_decay,0.00012146868250539958
260,1789021029.3976054,lr/masf.decay,6.073434125269979e-06
260,1789021029.3976054,lr/masf.no_decay,6.073434125269979e-06
260,1789021029.3976054,lr/neck.decay,4.555075593952483e-05
260,1789021029.3976054,lr/neck.no_decay,4.555075593952483e-05
260,1789021029.3976054,lr/pose_head.decay,0.00012146868250539958
260,1789021029.3976054,lr/pose_head.no_decay,0.00012146868250539958
260,1789021029.3976054,pose/component_0,1.2196873426437378
260,1789021029.3976054,pose/component_1,0.04570750519633293
260,1789021029.3976054,pose/component_2,0.01213131844997406
260,1789021029.3976054,pose/component_3,0.8382131457328796
260,1789021029.3976054,pose/component_4,0.006581800989806652
260,1789021029.3976054,pose/component_5,1.576958179473877
261,1789021030.5567956,amp/overflow_retries,0.0
261,1789021030.5567956,amp/scale,64.0
261,1789021030.5567956,detect/component_0,1.1702017784118652
261,1789021030.5567956,detect/component_1,1.1044602394104004
261,1789021030.5567956,detect/component_2,0.00776281300932169
261,1789021030.5567956,gradient/clipped_norm,1622.6441650390625
261,1789021030.5567956,images/detect,256.0
261,1789021030.5567956,images/pose,16.0
261,1789021030.5567956,loss/backward,155.16246643066407
261,1789021030.5567956,loss/detect_mean,1.9340361952781677
261,1789021030.5567956,loss/joint_mean,2.424413537979126
261,1789021030.5567956,loss/pose_mean,4.385922908782959
261,1789021030.5567956,lr/attention.decay,0.0
261,1789021030.5567956,lr/attention.no_decay,0.0
261,1789021030.5567956,lr/backbone.decay,0.0
261,1789021030.5567956,lr/backbone.no_decay,0.0
261,1789021030.5567956,lr/detect_head.decay,0.0001218574514038877
261,1789021030.5567956,lr/detect_head.no_decay,0.0001218574514038877
261,1789021030.5567956,lr/masf.decay,6.092872570194385e-06
261,1789021030.5567956,lr/masf.no_decay,6.092872570194385e-06
261,1789021030.5567956,lr/neck.decay,4.569654427645788e-05
261,1789021030.5567956,lr/neck.no_decay,4.569654427645788e-05
261,1789021030.5567956,lr/pose_head.decay,0.0001218574514038877
261,1789021030.5567956,lr/pose_head.no_decay,0.0001218574514038877
261,1789021030.5567956,pose/component_0,1.0680571794509888
261,1789021030.5567956,pose/component_1,0.08700921386480331
261,1789021030.5567956,pose/component_2,0.07187167555093765
261,1789021030.5567956,pose/component_3,0.8030844926834106
261,1789021030.5567956,pose/component_4,0.005495626945048571
261,1789021030.5567956,pose/component_5,1.2993608713150024
262,1789021031.7330706,amp/overflow_retries,0.0
262,1789021031.7330706,amp/scale,64.0
262,1789021031.7330706,detect/component_0,1.0984801054000854
262,1789021031.7330706,detect/component_1,1.0503895282745361
262,1789021031.7330706,detect/component_2,0.007160025183111429
262,1789021031.7330706,gradient/clipped_norm,1849.03515625
262,1789021031.7330706,images/detect,256.0
262,1789021031.7330706,images/pose,16.0
262,1789021031.7330706,loss/backward,160.31151885986327
262,1789021031.7330706,loss/detect_mean,1.8621573746204376
262,1789021031.7330706,loss/joint_mean,2.5048674821853636
262,1789021031.7330706,loss/pose_mean,5.075707912445068
262,1789021031.7330706,lr/attention.decay,0.0
262,1789021031.7330706,lr/attention.no_decay,0.0
262,1789021031.7330706,lr/backbone.decay,0.0
262,1789021031.7330706,lr/backbone.no_decay,0.0
262,1789021031.7330706,lr/detect_head.decay,0.00012224622030237582
262,1789021031.7330706,lr/detect_head.no_decay,0.00012224622030237582
262,1789021031.7330706,lr/masf.decay,6.112311015118791e-06
262,1789021031.7330706,lr/masf.no_decay,6.112311015118791e-06
262,1789021031.7330706,lr/neck.decay,4.584233261339093e-05
262,1789021031.7330706,lr/neck.no_decay,4.584233261339093e-05
262,1789021031.7330706,lr/pose_head.decay,0.00012224622030237582
262,1789021031.7330706,lr/pose_head.no_decay,0.00012224622030237582
262,1789021031.7330706,pose/component_0,0.9574812054634094
262,1789021031.7330706,pose/component_1,0.057710014283657074
262,1789021031.7330706,pose/component_2,0.10646183043718338
262,1789021031.7330706,pose/component_3,0.7012494802474976
262,1789021031.7330706,pose/component_4,0.004145072773098946
262,1789021031.7330706,pose/component_5,1.8746007680892944
263,1789021032.8983207,amp/overflow_retries,0.0
263,1789021032.8983207,amp/scale,64.0
263,1789021032.8983207,detect/component_0,1.0773769617080688
263,1789021032.8983207,detect/component_1,0.9708369374275208
263,1789021032.8983207,detect/component_2,0.007283180020749569
263,1789021032.8983207,gradient/clipped_norm,2616.27490234375
263,1789021032.8983207,images/detect,256.0
263,1789021032.8983207,images/pose,16.0
263,1789021032.8983207,loss/backward,162.3652313232422
263,1789021032.8983207,loss/detect_mean,1.751362144947052
263,1789021032.8983207,loss/joint_mean,2.5369567394256594
263,1789021032.8983207,loss/pose_mean,5.679335117340088
263,1789021032.8983207,lr/attention.decay,0.0
263,1789021032.8983207,lr/attention.no_decay,0.0
263,1789021032.8983207,lr/backbone.decay,0.0
263,1789021032.8983207,lr/backbone.no_decay,0.0
263,1789021032.8983207,lr/detect_head.decay,0.00012263498920086393
263,1789021032.8983207,lr/detect_head.no_decay,0.00012263498920086393
263,1789021032.8983207,lr/masf.decay,6.131749460043197e-06
263,1789021032.8983207,lr/masf.no_decay,6.131749460043197e-06
263,1789021032.8983207,lr/neck.decay,4.598812095032397e-05
263,1789021032.8983207,lr/neck.no_decay,4.598812095032397e-05
263,1789021032.8983207,lr/pose_head.decay,0.00012263498920086393
263,1789021032.8983207,lr/pose_head.no_decay,0.00012263498920086393
263,1789021032.8983207,pose/component_0,1.090592622756958
263,1789021032.8983207,pose/component_1,0.18597832322120667
263,1789021032.8983207,pose/component_2,0.12766660749912262
263,1789021032.8983207,pose/component_3,0.6888191103935242
263,1789021032.8983207,pose/component_4,0.004675706848502159
263,1789021032.8983207,pose/component_5,1.6490540504455566
264,1789021034.055575,amp/overflow_retries,0.0
264,1789021034.055575,amp/scale,64.0
264,1789021034.055575,detect/component_0,1.1257588863372803
264,1789021034.055575,detect/component_1,1.0364406108856201
264,1789021034.055575,detect/component_2,0.007169731426984072
264,1789021034.055575,gradient/clipped_norm,3743.077880859375
264,1789021034.055575,images/detect,256.0
264,1789021034.055575,images/pose,16.0
264,1789021034.055575,loss/backward,206.5725555419922
264,1789021034.055575,loss/detect_mean,1.8501002192497253
264,1789021034.055575,loss/joint_mean,3.227696180343628
264,1789021034.055575,loss/pose_mean,8.738080024719238
264,1789021034.055575,lr/attention.decay,0.0
264,1789021034.055575,lr/attention.no_decay,0.0
264,1789021034.055575,lr/backbone.decay,0.0
264,1789021034.055575,lr/backbone.no_decay,0.0
264,1789021034.055575,lr/detect_head.decay,0.00012302375809935208
264,1789021034.055575,lr/detect_head.no_decay,0.00012302375809935208
264,1789021034.055575,lr/masf.decay,6.151187904967604e-06
264,1789021034.055575,lr/masf.no_decay,6.151187904967604e-06
264,1789021034.055575,lr/neck.decay,4.613390928725702e-05
264,1789021034.055575,lr/neck.no_decay,4.613390928725702e-05
264,1789021034.055575,lr/pose_head.decay,0.00012302375809935208
264,1789021034.055575,lr/pose_head.no_decay,0.00012302375809935208
264,1789021034.055575,pose/component_0,1.29508376121521
264,1789021034.055575,pose/component_1,0.28005439043045044
264,1789021034.055575,pose/component_2,0.02076074667274952
264,1789021034.055575,pose/component_3,0.7249755263328552
264,1789021034.055575,pose/component_4,0.0040603578090667725
264,1789021034.055575,pose/component_5,2.7676048278808594
265,1789021035.213232,amp/overflow_retries,0.0
265,1789021035.213232,amp/scale,64.0
265,1789021035.213232,detect/component_0,1.1125504970550537
265,1789021035.213232,detect/component_1,0.9587439298629761
265,1789021035.213232,detect/component_2,0.008091236464679241
265,1789021035.213232,gradient/clipped_norm,2445.38525390625
265,1789021035.213232,images/detect,256.0
265,1789021035.213232,images/pose,16.0
265,1789021035.213232,loss/backward,178.1251594543457
265,1789021035.213232,loss/detect_mean,1.8016021400690079
265,1789021035.213232,loss/joint_mean,2.7832056164741514
265,1789021035.213232,loss/pose_mean,6.709619522094727
265,1789021035.213232,lr/attention.decay,0.0
265,1789021035.213232,lr/attention.no_decay,0.0
265,1789021035.213232,lr/backbone.decay,0.0
265,1789021035.213232,lr/backbone.no_decay,0.0
265,1789021035.213232,lr/detect_head.decay,0.00012341252699784019
265,1789021035.213232,lr/detect_head.no_decay,0.00012341252699784019
265,1789021035.213232,lr/masf.decay,6.170626349892009e-06
265,1789021035.213232,lr/masf.no_decay,6.170626349892009e-06
265,1789021035.213232,lr/neck.decay,4.627969762419006e-05
265,1789021035.213232,lr/neck.no_decay,4.627969762419006e-05
265,1789021035.213232,lr/pose_head.decay,0.00012341252699784019
265,1789021035.213232,lr/pose_head.no_decay,0.00012341252699784019
265,1789021035.213232,pose/component_0,1.6624072790145874
265,1789021035.213232,pose/component_1,0.278014212846756
265,1789021035.213232,pose/component_2,0.12221906334161758
265,1789021035.213232,pose/component_3,0.9924085736274719
265,1789021035.213232,pose/component_4,0.004904282279312611
265,1789021035.213232,pose/component_5,1.671757698059082
266,1789021036.473766,amp/overflow_retries,0.0
266,1789021036.473766,amp/scale,64.0
266,1789021036.473766,detect/component_0,1.1020877361297607
266,1789021036.473766,detect/component_1,1.0159869194030762
266,1789021036.473766,detect/component_2,0.007481461390852928
266,1789021036.473766,gradient/clipped_norm,2313.880126953125
266,1789021036.473766,images/detect,256.0
266,1789021036.473766,images/pose,16.0
266,1789021036.473766,loss/backward,201.2002861022949
266,1789021036.473766,loss/detect_mean,1.836657628417015
266,1789021036.473766,loss/joint_mean,3.143754470348358
266,1789021036.473766,loss/pose_mean,8.37214183807373
266,1789021036.473766,lr/attention.decay,0.0
266,1789021036.473766,lr/attention.no_decay,0.0
266,1789021036.473766,lr/backbone.decay,0.0
266,1789021036.473766,lr/backbone.no_decay,0.0
266,1789021036.473766,lr/detect_head.decay,0.0001238012958963283
266,1789021036.473766,lr/detect_head.no_decay,0.0001238012958963283
266,1789021036.473766,lr/masf.decay,6.190064794816415e-06
266,1789021036.473766,lr/masf.no_decay,6.190064794816415e-06
266,1789021036.473766,lr/neck.decay,4.6425485961123105e-05
266,1789021036.473766,lr/neck.no_decay,4.6425485961123105e-05
266,1789021036.473766,lr/pose_head.decay,0.0001238012958963283
266,1789021036.473766,lr/pose_head.no_decay,0.0001238012958963283
266,1789021036.473766,pose/component_0,1.0731737613677979
266,1789021036.473766,pose/component_1,0.15423502027988434
266,1789021036.473766,pose/component_2,0.25448232889175415
266,1789021036.473766,pose/component_3,0.8612231016159058
266,1789021036.473766,pose/component_4,0.004718997981399298
266,1789021036.473766,pose/component_5,3.814615249633789
267,1789021037.647932,amp/overflow_retries,0.0
267,1789021037.647932,amp/scale,64.0
267,1789021037.647932,detect/component_0,1.163109302520752
267,1789021037.647932,detect/component_1,1.0408979654312134
267,1789021037.647932,detect/component_2,0.007411212660372257
267,1789021037.647932,gradient/clipped_norm,1465.119140625
267,1789021037.647932,images/detect,256.0
267,1789021037.647932,images/pose,16.0
267,1789021037.647932,loss/backward,166.66595993041992
267,1789021037.647932,loss/detect_mean,1.8540203422307968
267,1789021037.647932,loss/joint_mean,2.604155623912811
267,1789021037.647932,loss/pose_mean,5.604696750640869
267,1789021037.647932,lr/attention.decay,0.0
267,1789021037.647932,lr/attention.no_decay,0.0
267,1789021037.647932,lr/backbone.decay,0.0
267,1789021037.647932,lr/backbone.no_decay,0.0
267,1789021037.647932,lr/detect_head.decay,0.00012419006479481642
267,1789021037.647932,lr/detect_head.no_decay,0.00012419006479481642
267,1789021037.647932,lr/masf.decay,6.209503239740821e-06
267,1789021037.647932,lr/masf.no_decay,6.209503239740821e-06
267,1789021037.647932,lr/neck.decay,4.6571274298056144e-05
267,1789021037.647932,lr/neck.no_decay,4.6571274298056144e-05
267,1789021037.647932,lr/pose_head.decay,0.00012419006479481642
267,1789021037.647932,lr/pose_head.no_decay,0.00012419006479481642
267,1789021037.647932,pose/component_0,1.3429193496704102
267,1789021037.647932,pose/component_1,0.12708130478858948
267,1789021037.647932,pose/component_2,0.11335886269807816
267,1789021037.647932,pose/component_3,1.0400197505950928
267,1789021037.647932,pose/component_4,0.003903341945260763
267,1789021037.647932,pose/component_5,2.1067264080047607
268,1789021038.800078,amp/overflow_retries,0.0
268,1789021038.800078,amp/scale,64.0
268,1789021038.800078,detect/component_0,1.0889501571655273
268,1789021038.800078,detect/component_1,0.9721792340278625
268,1789021038.800078,detect/component_2,0.00741301104426384
268,1789021038.800078,gradient/clipped_norm,2367.975830078125
268,1789021038.800078,images/detect,256.0
268,1789021038.800078,images/pose,16.0
268,1789021038.800078,loss/backward,169.73823318481445
268,1789021038.800078,loss/detect_mean,1.7751723676919937
268,1789021038.800078,loss/joint_mean,2.6521598935127257
268,1789021038.800078,loss/pose_mean,6.160109996795654
268,1789021038.800078,lr/attention.decay,0.0
268,1789021038.800078,lr/attention.no_decay,0.0
268,1789021038.800078,lr/backbone.decay,0.0
268,1789021038.800078,lr/backbone.no_decay,0.0
268,1789021038.800078,lr/detect_head.decay,0.00012457883369330455
268,1789021038.800078,lr/detect_head.no_decay,0.00012457883369330455
268,1789021038.800078,lr/masf.decay,6.228941684665227e-06
268,1789021038.800078,lr/masf.no_decay,6.228941684665227e-06
268,1789021038.800078,lr/neck.decay,4.6717062634989196e-05
268,1789021038.800078,lr/neck.no_decay,4.6717062634989196e-05
268,1789021038.800078,lr/pose_head.decay,0.00012457883369330455
268,1789021038.800078,lr/pose_head.no_decay,0.00012457883369330455
268,1789021038.800078,pose/component_0,1.2700601816177368
268,1789021038.800078,pose/component_1,0.13030755519866943
268,1789021038.800078,pose/component_2,0.023628970608115196
268,1789021038.800078,pose/component_3,0.8896676301956177
268,1789021038.800078,pose/component_4,0.0034103053621947765
268,1789021038.800078,pose/component_5,2.968961715698242
269,1789021039.9520361,amp/overflow_retries,0.0
269,1789021039.9520361,amp/scale,64.0
269,1789021039.9520361,detect/component_0,0.9891811013221741
269,1789021039.9520361,detect/component_1,0.9631432294845581
269,1789021039.9520361,detect/component_2,0.0074033914133906364
269,1789021039.9520361,gradient/clipped_norm,2904.05224609375
269,1789021039.9520361,images/detect,256.0
269,1789021039.9520361,images/pose,16.0
269,1789021039.9520361,loss/backward,179.97337799072267
269,1789021039.9520361,loss/detect_mean,1.7137230932712555
269,1789021039.9520361,loss/joint_mean,2.8120840311050417
269,1789021039.9520361,loss/pose_mean,7.2055277824401855
269,1789021039.9520361,lr/attention.decay,0.0
269,1789021039.9520361,lr/attention.no_decay,0.0
269,1789021039.9520361,lr/backbone.decay,0.0
269,1789021039.9520361,lr/backbone.no_decay,0.0
269,1789021039.9520361,lr/detect_head.decay,0.00012496760259179265
269,1789021039.9520361,lr/detect_head.no_decay,0.00012496760259179265
269,1789021039.9520361,lr/masf.decay,6.248380129589633e-06
269,1789021039.9520361,lr/masf.no_decay,6.248380129589633e-06
269,1789021039.9520361,lr/neck.decay,4.686285097192224e-05
269,1789021039.9520361,lr/neck.no_decay,4.686285097192224e-05
269,1789021039.9520361,lr/pose_head.decay,0.00012496760259179265
269,1789021039.9520361,lr/pose_head.no_decay,0.00012496760259179265
269,1789021039.9520361,pose/component_0,1.166045904159546
269,1789021039.9520361,pose/component_1,0.1261422485113144
269,1789021039.9520361,pose/component_2,0.026347553357481956
269,1789021039.9520361,pose/component_3,0.6991600394248962
269,1789021039.9520361,pose/component_4,0.004306072369217873
269,1789021039.9520361,pose/component_5,4.124890327453613
270,1789021041.110902,amp/overflow_retries,0.0
270,1789021041.110902,amp/scale,64.0
270,1789021041.110902,detect/component_0,1.0867774486541748
270,1789021041.110902,detect/component_1,1.024899959564209
270,1789021041.110902,detect/component_2,0.006932979449629784
270,1789021041.110902,gradient/clipped_norm,2433.9111328125
270,1789021041.110902,images/detect,256.0
270,1789021041.110902,images/pose,16.0
270,1789021041.110902,loss/backward,207.97246551513672
270,1789021041.110902,loss/detect_mean,1.8192735612392426
270,1789021041.110902,loss/joint_mean,3.2495697736740112
270,1789021041.110902,loss/pose_mean,8.970754623413086
270,1789021041.110902,lr/attention.decay,0.0
270,1789021041.110902,lr/attention.no_decay,0.0
270,1789021041.110902,lr/backbone.decay,0.0
270,1789021041.110902,lr/backbone.no_decay,0.0
270,1789021041.110902,lr/detect_head.decay,0.00012535637149028078
270,1789021041.110902,lr/detect_head.no_decay,0.00012535637149028078
270,1789021041.110902,lr/masf.decay,6.26781857451404e-06
270,1789021041.110902,lr/masf.no_decay,6.26781857451404e-06
270,1789021041.110902,lr/neck.decay,4.7008639308855286e-05
270,1789021041.110902,lr/neck.no_decay,4.7008639308855286e-05
270,1789021041.110902,lr/pose_head.decay,0.00012535637149028078
270,1789021041.110902,lr/pose_head.no_decay,0.00012535637149028078
270,1789021041.110902,pose/component_0,1.72330904006958
270,1789021041.110902,pose/component_1,0.3573060631752014
270,1789021041.110902,pose/component_2,0.15684500336647034
270,1789021041.110902,pose/component_3,0.9615707397460938
270,1789021041.110902,pose/component_4,0.006193029694259167
270,1789021041.110902,pose/component_5,3.113119125366211
271,1789021042.2723982,amp/overflow_retries,0.0
271,1789021042.2723982,amp/scale,64.0
271,1789021042.2723982,detect/component_0,1.0898040533065796
271,1789021042.2723982,detect/component_1,1.0553795099258423
271,1789021042.2723982,detect/component_2,0.007065169513225555
271,1789021042.2723982,gradient/clipped_norm,1995.538818359375
271,1789021042.2723982,images/detect,256.0
271,1789021042.2723982,images/pose,16.0
271,1789021042.2723982,loss/backward,154.74561004638673
271,1789021042.2723982,loss/detect_mean,1.8271499574184418
271,1789021042.2723982,loss/joint_mean,2.4179001569747927
271,1789021042.2723982,loss/pose_mean,4.780900955200195
271,1789021042.2723982,lr/attention.decay,0.0
271,1789021042.2723982,lr/attention.no_decay,0.0
271,1789021042.2723982,lr/backbone.decay,0.0
271,1789021042.2723982,lr/backbone.no_decay,0.0
271,1789021042.2723982,lr/detect_head.decay,0.0001257451403887689
271,1789021042.2723982,lr/detect_head.no_decay,0.0001257451403887689
271,1789021042.2723982,lr/masf.decay,6.287257019438445e-06
271,1789021042.2723982,lr/masf.no_decay,6.287257019438445e-06
271,1789021042.2723982,lr/neck.decay,4.715442764578833e-05
271,1789021042.2723982,lr/neck.no_decay,4.715442764578833e-05
271,1789021042.2723982,lr/pose_head.decay,0.0001257451403887689
271,1789021042.2723982,lr/pose_head.no_decay,0.0001257451403887689
271,1789021042.2723982,pose/component_0,1.0509529113769531
271,1789021042.2723982,pose/component_1,0.04019589722156525
271,1789021042.2723982,pose/component_2,0.14107176661491394
271,1789021042.2723982,pose/component_3,0.6625444293022156
271,1789021042.2723982,pose/component_4,0.0058902837336063385
271,1789021042.2723982,pose/component_5,2.030777931213379
272,1789021043.43454,amp/overflow_retries,0.0
272,1789021043.43454,amp/scale,64.0
272,1789021043.43454,detect/component_0,1.151451587677002
272,1789021043.43454,detect/component_1,1.086894154548645
272,1789021043.43454,detect/component_2,0.007614669855684042
272,1789021043.43454,gradient/clipped_norm,2244.982666015625
272,1789021043.43454,images/detect,256.0
272,1789021043.43454,images/pose,16.0
272,1789021043.43454,loss/backward,197.22591323852538
272,1789021043.43454,loss/detect_mean,1.9086844474077225
272,1789021043.43454,loss/joint_mean,3.081654894351959
272,1789021043.43454,loss/pose_mean,7.773536682128906
272,1789021043.43454,lr/attention.decay,0.0
272,1789021043.43454,lr/attention.no_decay,0.0
272,1789021043.43454,lr/backbone.decay,0.0
272,1789021043.43454,lr/backbone.no_decay,0.0
272,1789021043.43454,lr/detect_head.decay,0.00012613390928725704
272,1789021043.43454,lr/detect_head.no_decay,0.00012613390928725704
272,1789021043.43454,lr/masf.decay,6.306695464362852e-06
272,1789021043.43454,lr/masf.no_decay,6.306695464362852e-06
272,1789021043.43454,lr/neck.decay,4.7300215982721384e-05
272,1789021043.43454,lr/neck.no_decay,4.7300215982721384e-05
272,1789021043.43454,lr/pose_head.decay,0.00012613390928725704
272,1789021043.43454,lr/pose_head.no_decay,0.00012613390928725704
272,1789021043.43454,pose/component_0,1.2044196128845215
272,1789021043.43454,pose/component_1,0.12052051723003387
272,1789021043.43454,pose/component_2,0.12363750487565994
272,1789021043.43454,pose/component_3,1.122048258781433
272,1789021043.43454,pose/component_4,0.0040680342353880405
272,1789021043.43454,pose/component_5,2.565915822982788
273,1789021044.5899515,amp/overflow_retries,0.0
273,1789021044.5899515,amp/scale,64.0
273,1789021044.5899515,detect/component_0,1.1098997592926025
273,1789021044.5899515,detect/component_1,1.0341274738311768
273,1789021044.5899515,detect/component_2,0.007985620759427547
273,1789021044.5899515,gradient/clipped_norm,2056.800537109375
273,1789021044.5899515,images/detect,256.0
273,1789021044.5899515,images/pose,16.0
273,1789021044.5899515,loss/backward,182.54312896728516
273,1789021044.5899515,loss/detect_mean,1.8349964916706085
273,1789021044.5899515,loss/joint_mean,2.8522363901138306
273,1789021044.5899515,loss/pose_mean,6.921195983886719
273,1789021044.5899515,lr/attention.decay,0.0
273,1789021044.5899515,lr/attention.no_decay,0.0
273,1789021044.5899515,lr/backbone.decay,0.0
273,1789021044.5899515,lr/backbone.no_decay,0.0
273,1789021044.5899515,lr/detect_head.decay,0.00012652267818574514
273,1789021044.5899515,lr/detect_head.no_decay,0.00012652267818574514
273,1789021044.5899515,lr/masf.decay,6.326133909287257e-06
273,1789021044.5899515,lr/masf.no_decay,6.326133909287257e-06
273,1789021044.5899515,lr/neck.decay,4.744600431965442e-05
273,1789021044.5899515,lr/neck.no_decay,4.744600431965442e-05
273,1789021044.5899515,lr/pose_head.decay,0.00012652267818574514
273,1789021044.5899515,lr/pose_head.no_decay,0.00012652267818574514
273,1789021044.5899515,pose/component_0,1.4444772005081177
273,1789021044.5899515,pose/component_1,0.08193106949329376
273,1789021044.5899515,pose/component_2,0.034397322684526443
273,1789021044.5899515,pose/component_3,0.8130720853805542
273,1789021044.5899515,pose/component_4,0.009221276268362999
273,1789021044.5899515,pose/component_5,3.0430121421813965
274,1789021045.7462578,amp/overflow_retries,0.0
274,1789021045.7462578,amp/scale,64.0
274,1789021045.7462578,detect/component_0,1.121384859085083
274,1789021045.7462578,detect/component_1,1.0764049291610718
274,1789021045.7462578,detect/component_2,0.0077131991274654865
274,1789021045.7462578,gradient/clipped_norm,3264.869873046875
274,1789021045.7462578,images/detect,256.0
274,1789021045.7462578,images/pose,16.0
274,1789021045.7462578,loss/backward,199.20086669921875
274,1789021045.7462578,loss/detect_mean,1.852506399154663
274,1789021045.7462578,loss/joint_mean,3.112513542175293
274,1789021045.7462578,loss/pose_mean,8.152542114257812
274,1789021045.7462578,lr/attention.decay,0.0
274,1789021045.7462578,lr/attention.no_decay,0.0
274,1789021045.7462578,lr/backbone.decay,0.0
274,1789021045.7462578,lr/backbone.no_decay,0.0
274,1789021045.7462578,lr/detect_head.decay,0.00012691144708423327
274,1789021045.7462578,lr/detect_head.no_decay,0.00012691144708423327
274,1789021045.7462578,lr/masf.decay,6.345572354211664e-06
274,1789021045.7462578,lr/masf.no_decay,6.345572354211664e-06
274,1789021045.7462578,lr/neck.decay,4.7591792656587474e-05
274,1789021045.7462578,lr/neck.no_decay,4.7591792656587474e-05
274,1789021045.7462578,lr/pose_head.decay,0.00012691144708423327
274,1789021045.7462578,lr/pose_head.no_decay,0.00012691144708423327
274,1789021045.7462578,pose/component_0,1.279970407485962
274,1789021045.7462578,pose/component_1,0.14409808814525604
274,1789021045.7462578,pose/component_2,0.11179210990667343
274,1789021045.7462578,pose/component_3,1.0043176412582397
274,1789021045.7462578,pose/component_4,0.005578284151852131
274,1789021045.7462578,pose/component_5,3.229755401611328
275,1789021046.9093094,amp/overflow_retries,0.0
275,1789021046.9093094,amp/scale,64.0
275,1789021046.9093094,detect/component_0,1.083888053894043
275,1789021046.9093094,detect/component_1,0.9571278095245361
275,1789021046.9093094,detect/component_2,0.007757839746773243
275,1789021046.9093094,gradient/clipped_norm,1798.2647705078125
275,1789021046.9093094,images/detect,256.0
275,1789021046.9093094,images/pose,16.0
275,1789021046.9093094,loss/backward,164.90254287719728
275,1789021046.9093094,loss/detect_mean,1.7770311385393143
275,1789021046.9093094,loss/joint_mean,2.5766022324562075
275,1789021046.9093094,loss/pose_mean,5.774886608123779
275,1789021046.9093094,lr/attention.decay,0.0
275,1789021046.9093094,lr/attention.no_decay,0.0
275,1789021046.9093094,lr/backbone.decay,0.0
275,1789021046.9093094,lr/backbone.no_decay,0.0
275,1789021046.9093094,lr/detect_head.decay,0.00012730021598272138
275,1789021046.9093094,lr/detect_head.no_decay,0.00012730021598272138
275,1789021046.9093094,lr/masf.decay,6.365010799136069e-06
275,1789021046.9093094,lr/masf.no_decay,6.365010799136069e-06
275,1789021046.9093094,lr/neck.decay,4.7737580993520506e-05
275,1789021046.9093094,lr/neck.no_decay,4.7737580993520506e-05
275,1789021046.9093094,lr/pose_head.decay,0.00012730021598272138
275,1789021046.9093094,lr/pose_head.no_decay,0.00012730021598272138
275,1789021046.9093094,pose/component_0,1.3190606832504272
275,1789021046.9093094,pose/component_1,0.3363727331161499
275,1789021046.9093094,pose/component_2,0.018103167414665222
275,1789021046.9093094,pose/component_3,0.8036580085754395
275,1789021046.9093094,pose/component_4,0.004387348424643278
275,1789021046.9093094,pose/component_5,2.3113560676574707
276,1789021048.0699556,amp/overflow_retries,0.0
276,1789021048.0699556,amp/scale,64.0
276,1789021048.0699556,detect/component_0,1.0323508977890015
276,1789021048.0699556,detect/component_1,1.0220177173614502
276,1789021048.0699556,detect/component_2,0.007626707665622234
276,1789021048.0699556,gradient/clipped_norm,2245.5595703125
276,1789021048.0699556,images/detect,256.0
276,1789021048.0699556,images/pose,16.0
276,1789021048.0699556,loss/backward,167.0001220703125
276,1789021048.0699556,loss/detect_mean,1.7594985961914062
276,1789021048.0699556,loss/joint_mean,2.609376907348633
276,1789021048.0699556,loss/pose_mean,6.008890151977539
276,1789021048.0699556,lr/attention.decay,0.0
276,1789021048.0699556,lr/attention.no_decay,0.0
276,1789021048.0699556,lr/backbone.decay,0.0
276,1789021048.0699556,lr/backbone.no_decay,0.0
276,1789021048.0699556,lr/detect_head.decay,0.0001276889848812095
276,1789021048.0699556,lr/detect_head.no_decay,0.0001276889848812095
276,1789021048.0699556,lr/masf.decay,6.384449244060475e-06
276,1789021048.0699556,lr/masf.no_decay,6.384449244060475e-06
276,1789021048.0699556,lr/neck.decay,4.788336933045356e-05
276,1789021048.0699556,lr/neck.no_decay,4.788336933045356e-05
276,1789021048.0699556,lr/pose_head.decay,0.0001276889848812095
276,1789021048.0699556,lr/pose_head.no_decay,0.0001276889848812095
276,1789021048.0699556,pose/component_0,1.2684144973754883
276,1789021048.0699556,pose/component_1,0.21004566550254822
276,1789021048.0699556,pose/component_2,0.07470749318599701
276,1789021048.0699556,pose/component_3,0.7659195065498352
276,1789021048.0699556,pose/component_4,0.004355091601610184
276,1789021048.0699556,pose/component_5,2.3373003005981445
277,1789021049.248929,amp/overflow_retries,0.0
277,1789021049.248929,amp/scale,64.0
277,1789021049.248929,detect/component_0,1.1405922174453735
277,1789021049.248929,detect/component_1,1.0284159183502197
277,1789021049.248929,detect/component_2,0.0069189672358334064
277,1789021049.248929,gradient/clipped_norm,3036.861328125
277,1789021049.248929,images/detect,256.0
277,1789021049.248929,images/pose,16.0
277,1789021049.248929,loss/backward,168.12673950195312
277,1789021049.248929,loss/detect_mean,1.8435332775115967
277,1789021049.248929,loss/joint_mean,2.6269803047180176
277,1789021049.248929,loss/pose_mean,5.760768413543701
277,1789021049.248929,lr/attention.decay,0.0
277,1789021049.248929,lr/attention.no_decay,0.0
277,1789021049.248929,lr/backbone.decay,0.0
277,1789021049.248929,lr/backbone.no_decay,0.0
277,1789021049.248929,lr/detect_head.decay,0.0001280777537796976
277,1789021049.248929,lr/detect_head.no_decay,0.0001280777537796976
277,1789021049.248929,lr/masf.decay,6.403887688984881e-06
277,1789021049.248929,lr/masf.no_decay,6.403887688984881e-06
277,1789021049.248929,lr/neck.decay,4.8029157667386604e-05
277,1789021049.248929,lr/neck.no_decay,4.8029157667386604e-05
277,1789021049.248929,lr/pose_head.decay,0.0001280777537796976
277,1789021049.248929,lr/pose_head.no_decay,0.0001280777537796976
277,1789021049.248929,pose/component_0,1.4952892065048218
277,1789021049.248929,pose/component_1,0.2129715532064438
277,1789021049.248929,pose/component_2,0.10511168837547302
277,1789021049.248929,pose/component_3,0.786143958568573
277,1789021049.248929,pose/component_4,0.007881077006459236
277,1789021049.248929,pose/component_5,2.052335739135742
278,1789021050.4050155,amp/overflow_retries,0.0
278,1789021050.4050155,amp/scale,64.0
278,1789021050.4050155,detect/component_0,1.0717859268188477
278,1789021050.4050155,detect/component_1,1.0042243003845215
278,1789021050.4050155,detect/component_2,0.007648994214832783
278,1789021050.4050155,gradient/clipped_norm,2175.262939453125
278,1789021050.4050155,images/detect,256.0
278,1789021050.4050155,images/pose,16.0
278,1789021050.4050155,loss/backward,169.3529396057129
278,1789021050.4050155,loss/detect_mean,1.8096276074647903
278,1789021050.4050155,loss/joint_mean,2.646139681339264
278,1789021050.4050155,loss/pose_mean,5.992187976837158
278,1789021050.4050155,lr/attention.decay,0.0
278,1789021050.4050155,lr/attention.no_decay,0.0
278,1789021050.4050155,lr/backbone.decay,0.0
278,1789021050.4050155,lr/backbone.no_decay,0.0
278,1789021050.4050155,lr/detect_head.decay,0.00012846652267818574
278,1789021050.4050155,lr/detect_head.no_decay,0.00012846652267818574
278,1789021050.4050155,lr/masf.decay,6.423326133909288e-06
278,1789021050.4050155,lr/masf.no_decay,6.423326133909288e-06
278,1789021050.4050155,lr/neck.decay,4.817494600431965e-05
278,1789021050.4050155,lr/neck.no_decay,4.817494600431965e-05
278,1789021050.4050155,lr/pose_head.decay,0.00012846652267818574
278,1789021050.4050155,lr/pose_head.no_decay,0.00012846652267818574
278,1789021050.4050155,pose/component_0,1.464907169342041
278,1789021050.4050155,pose/component_1,0.1341349333524704
278,1789021050.4050155,pose/component_2,0.03912132978439331
278,1789021050.4050155,pose/component_3,0.9689828753471375
278,1789021050.4050155,pose/component_4,0.007363919634371996
278,1789021050.4050155,pose/component_5,2.466714859008789
279,1789021051.5640404,amp/overflow_retries,0.0
279,1789021051.5640404,amp/scale,64.0
279,1789021051.5640404,detect/component_0,1.0823127031326294
279,1789021051.5640404,detect/component_1,1.0266308784484863
279,1789021051.5640404,detect/component_2,0.006550239864736795
279,1789021051.5640404,gradient/clipped_norm,1377.463623046875
279,1789021051.5640404,images/detect,256.0
279,1789021051.5640404,images/pose,16.0
279,1789021051.5640404,loss/backward,159.1081756591797
279,1789021051.5640404,loss/detect_mean,1.8096992373466492
279,1789021051.5640404,loss/joint_mean,2.4860652446746827
279,1789021051.5640404,loss/pose_mean,5.191529273986816
279,1789021051.5640404,lr/attention.decay,0.0
279,1789021051.5640404,lr/attention.no_decay,0.0
279,1789021051.5640404,lr/backbone.decay,0.0
279,1789021051.5640404,lr/backbone.no_decay,0.0
279,1789021051.5640404,lr/detect_head.decay,0.00012885529157667387
279,1789021051.5640404,lr/detect_head.no_decay,0.00012885529157667387
279,1789021051.5640404,lr/masf.decay,6.4427645788336935e-06
279,1789021051.5640404,lr/masf.no_decay,6.4427645788336935e-06
279,1789021051.5640404,lr/neck.decay,4.8320734341252694e-05
279,1789021051.5640404,lr/neck.no_decay,4.8320734341252694e-05
279,1789021051.5640404,lr/pose_head.decay,0.00012885529157667387
279,1789021051.5640404,lr/pose_head.no_decay,0.00012885529157667387
279,1789021051.5640404,pose/component_0,1.4522544145584106
279,1789021051.5640404,pose/component_1,0.14431574940681458
279,1789021051.5640404,pose/component_2,0.018680641427636147
279,1789021051.5640404,pose/component_3,0.5379623174667358
279,1789021051.5640404,pose/component_4,0.0054405443370342255
279,1789021051.5640404,pose/component_5,1.7502422332763672
280,1789021052.7320888,amp/overflow_retries,0.0
280,1789021052.7320888,amp/scale,64.0
280,1789021052.7320888,detect/component_0,1.1256355047225952
280,1789021052.7320888,detect/component_1,1.0280224084854126
280,1789021052.7320888,detect/component_2,0.00665747094899416
280,1789021052.7320888,gradient/clipped_norm,1522.648681640625
280,1789021052.7320888,images/detect,256.0
280,1789021052.7320888,images/pose,16.0
280,1789021052.7320888,loss/backward,161.13037567138673
280,1789021052.7320888,loss/detect_mean,1.831047147512436
280,1789021052.7320888,loss/joint_mean,2.5176621198654177
280,1789021052.7320888,loss/pose_mean,5.264122009277344
280,1789021052.7320888,lr/attention.decay,0.0
280,1789021052.7320888,lr/attention.no_decay,0.0
280,1789021052.7320888,lr/backbone.decay,0.0
280,1789021052.7320888,lr/backbone.no_decay,0.0
280,1789021052.7320888,lr/detect_head.decay,0.000129244060475162
280,1789021052.7320888,lr/detect_head.no_decay,0.000129244060475162
280,1789021052.7320888,lr/masf.decay,6.4622030237581e-06
280,1789021052.7320888,lr/masf.no_decay,6.4622030237581e-06
280,1789021052.7320888,lr/neck.decay,4.8466522678185746e-05
280,1789021052.7320888,lr/neck.no_decay,4.8466522678185746e-05
280,1789021052.7320888,lr/pose_head.decay,0.000129244060475162
280,1789021052.7320888,lr/pose_head.no_decay,0.000129244060475162
280,1789021052.7320888,pose/component_0,1.0640944242477417
280,1789021052.7320888,pose/component_1,0.08842822909355164
280,1789021052.7320888,pose/component_2,0.025751780718564987
280,1789021052.7320888,pose/component_3,0.8389413952827454
280,1789021052.7320888,pose/component_4,0.005013463087379932
280,1789021052.7320888,pose/component_5,2.694943904876709
281,1789021053.8992836,amp/overflow_retries,0.0
281,1789021053.8992836,amp/scale,64.0
281,1789021053.8992836,detect/component_0,1.1083015203475952
281,1789021053.8992836,detect/component_1,1.064372181892395
281,1789021053.8992836,detect/component_2,0.007184731774032116
281,1789021053.8992836,gradient/clipped_norm,1425.9571533203125
281,1789021053.8992836,images/detect,256.0
281,1789021053.8992836,images/pose,16.0
281,1789021053.8992836,loss/backward,166.29888992309571
281,1789021053.8992836,loss/detect_mean,1.8635293394327164
281,1789021053.8992836,loss/joint_mean,2.5984201550483705
281,1789021053.8992836,loss/pose_mean,5.537983417510986
281,1789021053.8992836,lr/attention.decay,0.0
281,1789021053.8992836,lr/attention.no_decay,0.0
281,1789021053.8992836,lr/backbone.decay,0.0
281,1789021053.8992836,lr/backbone.no_decay,0.0
281,1789021053.8992836,lr/detect_head.decay,0.0001296328293736501
281,1789021053.8992836,lr/detect_head.no_decay,0.0001296328293736501
281,1789021053.8992836,lr/masf.decay,6.481641468682506e-06
281,1789021053.8992836,lr/masf.no_decay,6.481641468682506e-06
281,1789021053.8992836,lr/neck.decay,4.8612311015118785e-05
281,1789021053.8992836,lr/neck.no_decay,4.8612311015118785e-05
281,1789021053.8992836,lr/pose_head.decay,0.0001296328293736501
281,1789021053.8992836,lr/pose_head.no_decay,0.0001296328293736501
281,1789021053.8992836,pose/component_0,1.0804662704467773
281,1789021053.8992836,pose/component_1,0.05290313810110092
281,1789021053.8992836,pose/component_2,0.09602217376232147
281,1789021053.8992836,pose/component_3,0.8150144815444946
281,1789021053.8992836,pose/component_4,0.0058876462280750275
281,1789021053.8992836,pose/component_5,2.65153431892395
282,1789021055.0416093,amp/overflow_retries,0.0
282,1789021055.0416093,amp/scale,64.0
282,1789021055.0416093,detect/component_0,1.1263258457183838
282,1789021055.0416093,detect/component_1,1.018363118171692
282,1789021055.0416093,detect/component_2,0.007420070469379425
282,1789021055.0416093,gradient/clipped_norm,2426.125
282,1789021055.0416093,images/detect,256.0
282,1789021055.0416093,images/pose,16.0
282,1789021055.0416093,loss/backward,141.49094924926757
282,1789021055.0416093,loss/detect_mean,1.8434952050447464
282,1789021055.0416093,loss/joint_mean,2.210796082019806
282,1789021055.0416093,loss/pose_mean,3.679999589920044
282,1789021055.0416093,lr/attention.decay,0.0
282,1789021055.0416093,lr/attention.no_decay,0.0
282,1789021055.0416093,lr/backbone.decay,0.0
282,1789021055.0416093,lr/backbone.no_decay,0.0
282,1789021055.0416093,lr/detect_head.decay,0.00013002159827213826
282,1789021055.0416093,lr/detect_head.no_decay,0.00013002159827213826
282,1789021055.0416093,lr/masf.decay,6.5010799136069124e-06
282,1789021055.0416093,lr/masf.no_decay,6.5010799136069124e-06
282,1789021055.0416093,lr/neck.decay,4.875809935205184e-05
282,1789021055.0416093,lr/neck.no_decay,4.875809935205184e-05
282,1789021055.0416093,lr/pose_head.decay,0.00013002159827213826
282,1789021055.0416093,lr/pose_head.no_decay,0.00013002159827213826
282,1789021055.0416093,pose/component_0,0.8581562042236328
282,1789021055.0416093,pose/component_1,0.03692945837974548
282,1789021055.0416093,pose/component_2,0.0498858280479908
282,1789021055.0416093,pose/component_3,0.6237167119979858
282,1789021055.0416093,pose/component_4,0.004423019476234913
282,1789021055.0416093,pose/component_5,1.406173825263977
283,1789021056.2046652,amp/overflow_retries,0.0
283,1789021056.2046652,amp/scale,64.0
283,1789021056.2046652,detect/component_0,1.1142494678497314
283,1789021056.2046652,detect/component_1,1.0482057332992554
283,1789021056.2046652,detect/component_2,0.0074964407831430435
283,1789021056.2046652,gradient/clipped_norm,1411.3680419921875
283,1789021056.2046652,images/detect,256.0
283,1789021056.2046652,images/pose,16.0
283,1789021056.2046652,loss/backward,158.16616592407226
283,1789021056.2046652,loss/detect_mean,1.8447973281145096
283,1789021056.2046652,loss/joint_mean,2.471346342563629
283,1789021056.2046652,loss/pose_mean,4.977542400360107
283,1789021056.2046652,lr/attention.decay,0.0
283,1789021056.2046652,lr/attention.no_decay,0.0
283,1789021056.2046652,lr/backbone.decay,0.0
283,1789021056.2046652,lr/backbone.no_decay,0.0
283,1789021056.2046652,lr/detect_head.decay,0.00013041036717062633
283,1789021056.2046652,lr/detect_head.no_decay,0.00013041036717062633
283,1789021056.2046652,lr/masf.decay,6.520518358531317e-06
283,1789021056.2046652,lr/masf.no_decay,6.520518358531317e-06
283,1789021056.2046652,lr/neck.decay,4.890388768898487e-05
283,1789021056.2046652,lr/neck.no_decay,4.890388768898487e-05
283,1789021056.2046652,lr/pose_head.decay,0.00013041036717062633
283,1789021056.2046652,lr/pose_head.no_decay,0.00013041036717062633
283,1789021056.2046652,pose/component_0,1.255401849746704
283,1789021056.2046652,pose/component_1,0.08696693181991577
283,1789021056.2046652,pose/component_2,0.018616164103150368
283,1789021056.2046652,pose/component_3,0.7107874751091003
283,1789021056.2046652,pose/component_4,0.004735983908176422
283,1789021056.2046652,pose/component_5,2.090219259262085
284,1789021057.3582184,amp/overflow_retries,0.0
284,1789021057.3582184,amp/scale,64.0
284,1789021057.3582184,detect/component_0,1.0863016843795776
284,1789021057.3582184,detect/component_1,1.0313938856124878
284,1789021057.3582184,detect/component_2,0.008041837252676487
284,1789021057.3582184,gradient/clipped_norm,2355.67236328125
284,1789021057.3582184,images/detect,256.0
284,1789021057.3582184,images/pose,16.0
284,1789021057.3582184,loss/backward,178.05254440307618
284,1789021057.3582184,loss/detect_mean,1.806811198592186
284,1789021057.3582184,loss/joint_mean,2.7820710062980654
284,1789021057.3582184,loss/pose_mean,6.683110237121582
284,1789021057.3582184,lr/attention.decay,0.0
284,1789021057.3582184,lr/attention.no_decay,0.0
284,1789021057.3582184,lr/backbone.decay,0.0
284,1789021057.3582184,lr/backbone.no_decay,0.0
284,1789021057.3582184,lr/detect_head.decay,0.00013079913606911446
284,1789021057.3582184,lr/detect_head.no_decay,0.00013079913606911446
284,1789021057.3582184,lr/masf.decay,6.539956803455723e-06
284,1789021057.3582184,lr/masf.no_decay,6.539956803455723e-06
284,1789021057.3582184,lr/neck.decay,4.904967602591792e-05
284,1789021057.3582184,lr/neck.no_decay,4.904967602591792e-05
284,1789021057.3582184,lr/pose_head.decay,0.00013079913606911446
284,1789021057.3582184,lr/pose_head.no_decay,0.00013079913606911446
284,1789021057.3582184,pose/component_0,1.3189635276794434
284,1789021057.3582184,pose/component_1,0.21454182267189026
284,1789021057.3582184,pose/component_2,0.08556424826383591
284,1789021057.3582184,pose/component_3,0.6475730538368225
284,1789021057.3582184,pose/component_4,0.003415085608139634
284,1789021057.3582184,pose/component_5,3.9812984466552734
285,1789021058.523939,amp/overflow_retries,0.0
285,1789021058.523939,amp/scale,64.0
285,1789021058.523939,detect/component_0,1.0745501518249512
285,1789021058.523939,detect/component_1,1.0257943868637085
285,1789021058.523939,detect/component_2,0.007722209673374891
285,1789021058.523939,gradient/clipped_norm,943.4005126953125
285,1789021058.523939,images/detect,256.0
285,1789021058.523939,images/pose,16.0
285,1789021058.523939,loss/backward,144.27655181884765
285,1789021058.523939,loss/detect_mean,1.7955410778522491
285,1789021058.523939,loss/joint_mean,2.2543211221694945
285,1789021058.523939,loss/pose_mean,4.089441299438477
285,1789021058.523939,lr/attention.decay,0.0
285,1789021058.523939,lr/attention.no_decay,0.0
285,1789021058.523939,lr/backbone.decay,0.0
285,1789021058.523939,lr/backbone.no_decay,0.0
285,1789021058.523939,lr/detect_head.decay,0.0001311879049676026
285,1789021058.523939,lr/detect_head.no_decay,0.0001311879049676026
285,1789021058.523939,lr/masf.decay,6.55939524838013e-06
285,1789021058.523939,lr/masf.no_decay,6.55939524838013e-06
285,1789021058.523939,lr/neck.decay,4.919546436285096e-05
285,1789021058.523939,lr/neck.no_decay,4.919546436285096e-05
285,1789021058.523939,lr/pose_head.decay,0.0001311879049676026
285,1789021058.523939,lr/pose_head.no_decay,0.0001311879049676026
285,1789021058.523939,pose/component_0,0.9407605528831482
285,1789021058.523939,pose/component_1,0.03765563666820526
285,1789021058.523939,pose/component_2,0.024746650829911232
285,1789021058.523939,pose/component_3,0.6192936301231384
285,1789021058.523939,pose/component_4,0.005720681510865688
285,1789021058.523939,pose/component_5,1.6450111865997314
286,1789021059.710028,amp/overflow_retries,0.0
286,1789021059.710028,amp/scale,64.0
286,1789021059.710028,detect/component_0,1.1563680171966553
286,1789021059.710028,detect/component_1,1.074977993965149
286,1789021059.710028,detect/component_2,0.007101196795701981
286,1789021059.710028,gradient/clipped_norm,3395.25341796875
286,1789021059.710028,images/detect,256.0
286,1789021059.710028,images/pose,16.0
286,1789021059.710028,loss/backward,176.6403381347656
286,1789021059.710028,loss/detect_mean,1.884492039680481
286,1789021059.710028,loss/joint_mean,2.7600052833557127
286,1789021059.710028,loss/pose_mean,6.262058258056641
286,1789021059.710028,lr/attention.decay,0.0
286,1789021059.710028,lr/attention.no_decay,0.0
286,1789021059.710028,lr/backbone.decay,0.0
286,1789021059.710028,lr/backbone.no_decay,0.0
286,1789021059.710028,lr/detect_head.decay,0.00013157667386609072
286,1789021059.710028,lr/detect_head.no_decay,0.00013157667386609072
286,1789021059.710028,lr/masf.decay,6.578833693304536e-06
286,1789021059.710028,lr/masf.no_decay,6.578833693304536e-06
286,1789021059.710028,lr/neck.decay,4.934125269978401e-05
286,1789021059.710028,lr/neck.no_decay,4.934125269978401e-05
286,1789021059.710028,lr/pose_head.decay,0.00013157667386609072
286,1789021059.710028,lr/pose_head.no_decay,0.00013157667386609072
286,1789021059.710028,pose/component_0,0.9990906715393066
286,1789021059.710028,pose/component_1,0.058719199150800705
286,1789021059.710028,pose/component_2,0.2234177142381668
286,1789021059.710028,pose/component_3,0.7287752628326416
286,1789021059.710028,pose/component_4,0.005046936217695475
286,1789021059.710028,pose/component_5,2.5281004905700684
287,1789021060.8623753,amp/overflow_retries,0.0
287,1789021060.8623753,amp/scale,64.0
287,1789021060.8623753,detect/component_0,1.0606248378753662
287,1789021060.8623753,detect/component_1,1.0166449546813965
287,1789021060.8623753,detect/component_2,0.007691617123782635
287,1789021060.8623753,gradient/clipped_norm,2352.686279296875
287,1789021060.8623753,images/detect,256.0
287,1789021060.8623753,images/pose,16.0
287,1789021060.8623753,loss/backward,175.53047561645508
287,1789021060.8623753,loss/detect_mean,1.7779535204172134
287,1789021060.8623753,loss/joint_mean,2.7426636815071106
287,1789021060.8623753,loss/pose_mean,6.601504325866699
287,1789021060.8623753,lr/attention.decay,0.0
287,1789021060.8623753,lr/attention.no_decay,0.0
287,1789021060.8623753,lr/backbone.decay,0.0
287,1789021060.8623753,lr/backbone.no_decay,0.0
287,1789021060.8623753,lr/detect_head.decay,0.00013196544276457883
287,1789021060.8623753,lr/detect_head.no_decay,0.00013196544276457883
287,1789021060.8623753,lr/masf.decay,6.5982721382289415e-06
287,1789021060.8623753,lr/masf.no_decay,6.5982721382289415e-06
287,1789021060.8623753,lr/neck.decay,4.948704103671706e-05
287,1789021060.8623753,lr/neck.no_decay,4.948704103671706e-05
287,1789021060.8623753,lr/pose_head.decay,0.00013196544276457883
287,1789021060.8623753,lr/pose_head.no_decay,0.00013196544276457883
287,1789021060.8623753,pose/component_0,1.2552871704101562
287,1789021060.8623753,pose/component_1,0.22127357125282288
287,1789021060.8623753,pose/component_2,0.08337243646383286
287,1789021060.8623753,pose/component_3,0.7187336683273315
287,1789021060.8623753,pose/component_4,0.0068612368777394295
287,1789021060.8623753,pose/component_5,3.1495680809020996
288,1789021062.0237014,amp/overflow_retries,0.0
288,1789021062.0237014,amp/scale,64.0
288,1789021062.0237014,detect/component_0,1.1514774560928345
288,1789021062.0237014,detect/component_1,1.0670522451400757
288,1789021062.0237014,detect/component_2,0.006956142373383045
288,1789021062.0237014,gradient/clipped_norm,1805.173095703125
288,1789021062.0237014,images/detect,256.0
288,1789021062.0237014,images/pose,16.0
288,1789021062.0237014,loss/backward,150.4276321411133
288,1789021062.0237014,loss/detect_mean,1.9059268534183502
288,1789021062.0237014,loss/joint_mean,2.350431752204895
288,1789021062.0237014,loss/pose_mean,4.128451347351074
288,1789021062.0237014,lr/attention.decay,0.0
288,1789021062.0237014,lr/attention.no_decay,0.0
288,1789021062.0237014,lr/backbone.decay,0.0
288,1789021062.0237014,lr/backbone.no_decay,0.0
288,1789021062.0237014,lr/detect_head.decay,0.00013235421166306696
288,1789021062.0237014,lr/detect_head.no_decay,0.00013235421166306696
288,1789021062.0237014,lr/masf.decay,6.617710583153349e-06
288,1789021062.0237014,lr/masf.no_decay,6.617710583153349e-06
288,1789021062.0237014,lr/neck.decay,4.96328293736501e-05
288,1789021062.0237014,lr/neck.no_decay,4.96328293736501e-05
288,1789021062.0237014,lr/pose_head.decay,0.00013235421166306696
288,1789021062.0237014,lr/pose_head.no_decay,0.00013235421166306696
288,1789021062.0237014,pose/component_0,1.1706448793411255
288,1789021062.0237014,pose/component_1,0.05145655572414398
288,1789021062.0237014,pose/component_2,0.04729923978447914
288,1789021062.0237014,pose/component_3,0.6097390651702881
288,1789021062.0237014,pose/component_4,0.0032744721975177526
288,1789021062.0237014,pose/component_5,0.6887028813362122
289,1789021063.1706822,amp/overflow_retries,0.0
289,1789021063.1706822,amp/scale,64.0
289,1789021063.1706822,detect/component_0,1.176734447479248
289,1789021063.1706822,detect/component_1,1.0548763275146484
289,1789021063.1706822,detect/component_2,0.007429968100041151
289,1789021063.1706822,gradient/clipped_norm,2092.251220703125
289,1789021063.1706822,images/detect,256.0
289,1789021063.1706822,images/pose,16.0
289,1789021063.1706822,loss/backward,159.3580062866211
289,1789021063.1706822,loss/detect_mean,1.8970758616924286
289,1789021063.1706822,loss/joint_mean,2.4899688482284548
289,1789021063.1706822,loss/pose_mean,4.861540794372559
289,1789021063.1706822,lr/attention.decay,0.0
289,1789021063.1706822,lr/attention.no_decay,0.0
289,1789021063.1706822,lr/backbone.decay,0.0
289,1789021063.1706822,lr/backbone.no_decay,0.0
289,1789021063.1706822,lr/detect_head.decay,0.0001327429805615551
289,1789021063.1706822,lr/detect_head.no_decay,0.0001327429805615551
289,1789021063.1706822,lr/masf.decay,6.637149028077754e-06
289,1789021063.1706822,lr/masf.no_decay,6.637149028077754e-06
289,1789021063.1706822,lr/neck.decay,4.977861771058315e-05
289,1789021063.1706822,lr/neck.no_decay,4.977861771058315e-05
289,1789021063.1706822,lr/pose_head.decay,0.0001327429805615551
289,1789021063.1706822,lr/pose_head.no_decay,0.0001327429805615551
289,1789021063.1706822,pose/component_0,1.3138118982315063
289,1789021063.1706822,pose/component_1,0.13167226314544678
289,1789021063.1706822,pose/component_2,0.023023081943392754
289,1789021063.1706822,pose/component_3,0.7993348240852356
289,1789021063.1706822,pose/component_4,0.004774626810103655
289,1789021063.1706822,pose/component_5,1.7731267213821411
290,1789021064.3333762,amp/overflow_retries,0.0
290,1789021064.3333762,amp/scale,64.0
290,1789021064.3333762,detect/component_0,1.0307807922363281
290,1789021064.3333762,detect/component_1,1.0003854036331177
290,1789021064.3333762,detect/component_2,0.0076119424775242805
290,1789021064.3333762,gradient/clipped_norm,1505.385009765625
290,1789021064.3333762,images/detect,256.0
290,1789021064.3333762,images/pose,16.0
290,1789021064.3333762,loss/backward,146.6496780395508
290,1789021064.3333762,loss/detect_mean,1.7825781404972076
290,1789021064.3333762,loss/joint_mean,2.291401219367981
290,1789021064.3333762,loss/pose_mean,4.326693534851074
290,1789021064.3333762,lr/attention.decay,0.0
290,1789021064.3333762,lr/attention.no_decay,0.0
290,1789021064.3333762,lr/backbone.decay,0.0
290,1789021064.3333762,lr/backbone.no_decay,0.0
290,1789021064.3333762,lr/detect_head.decay,0.00013313174946004322
290,1789021064.3333762,lr/detect_head.no_decay,0.00013313174946004322
290,1789021064.3333762,lr/masf.decay,6.6565874730021605e-06
290,1789021064.3333762,lr/masf.no_decay,6.6565874730021605e-06
290,1789021064.3333762,lr/neck.decay,4.99244060475162e-05
290,1789021064.3333762,lr/neck.no_decay,4.99244060475162e-05
290,1789021064.3333762,lr/pose_head.decay,0.00013313174946004322
290,1789021064.3333762,lr/pose_head.no_decay,0.00013313174946004322
290,1789021064.3333762,pose/component_0,1.491129994392395
290,1789021064.3333762,pose/component_1,0.07277918606996536
290,1789021064.3333762,pose/component_2,0.09548788517713547
290,1789021064.3333762,pose/component_3,1.004746675491333
290,1789021064.3333762,pose/component_4,0.004232998937368393
290,1789021064.3333762,pose/component_5,0.8835647106170654
291,1789021065.477643,amp/overflow_retries,0.0
291,1789021065.477643,amp/scale,64.0
291,1789021065.477643,detect/component_0,1.133067011833191
291,1789021065.477643,detect/component_1,1.0720734596252441
291,1789021065.477643,detect/component_2,0.00730464281514287
291,1789021065.477643,gradient/clipped_norm,1751.507080078125
291,1789021065.477643,images/detect,256.0
291,1789021065.477643,images/pose,16.0
291,1789021065.477643,loss/backward,202.47580337524414
291,1789021065.477643,loss/detect_mean,1.867433026432991
291,1789021065.477643,loss/joint_mean,3.1636844277381897
291,1789021065.477643,loss/pose_mean,8.348690032958984
291,1789021065.477643,lr/attention.decay,0.0
291,1789021065.477643,lr/attention.no_decay,0.0
291,1789021065.477643,lr/backbone.decay,0.0
291,1789021065.477643,lr/backbone.no_decay,0.0
291,1789021065.477643,lr/detect_head.decay,0.00013352051835853132
291,1789021065.477643,lr/detect_head.no_decay,0.00013352051835853132
291,1789021065.477643,lr/masf.decay,6.676025917926566e-06
291,1789021065.477643,lr/masf.no_decay,6.676025917926566e-06
291,1789021065.477643,lr/neck.decay,5.007019438444924e-05
291,1789021065.477643,lr/neck.no_decay,5.007019438444924e-05
291,1789021065.477643,lr/pose_head.decay,0.00013352051835853132
291,1789021065.477643,lr/pose_head.no_decay,0.00013352051835853132
291,1789021065.477643,pose/component_0,1.7167761325836182
291,1789021065.477643,pose/component_1,0.23347355425357819
291,1789021065.477643,pose/component_2,0.20397306978702545
291,1789021065.477643,pose/component_3,0.8971319794654846
291,1789021065.477643,pose/component_4,0.006100605241954327
291,1789021065.477643,pose/component_5,4.359428882598877
292,1789021066.6379387,amp/overflow_retries,0.0
292,1789021066.6379387,amp/scale,64.0
292,1789021066.6379387,detect/component_0,1.1043968200683594
292,1789021066.6379387,detect/component_1,1.0060553550720215
292,1789021066.6379387,detect/component_2,0.006829304154962301
292,1789021066.6379387,gradient/clipped_norm,1809.654541015625
292,1789021066.6379387,images/detect,256.0
292,1789021066.6379387,images/pose,16.0
292,1789021066.6379387,loss/backward,154.16162338256837
292,1789021066.6379387,loss/detect_mean,1.776138111948967
292,1789021066.6379387,loss/joint_mean,2.4087753653526307
292,1789021066.6379387,loss/pose_mean,4.939324378967285
292,1789021066.6379387,lr/attention.decay,0.0
292,1789021066.6379387,lr/attention.no_decay,0.0
292,1789021066.6379387,lr/backbone.decay,0.0
292,1789021066.6379387,lr/backbone.no_decay,0.0
292,1789021066.6379387,lr/detect_head.decay,0.00013390928725701942
292,1789021066.6379387,lr/detect_head.no_decay,0.00013390928725701942
292,1789021066.6379387,lr/masf.decay,6.695464362850972e-06
292,1789021066.6379387,lr/masf.no_decay,6.695464362850972e-06
292,1789021066.6379387,lr/neck.decay,5.021598272138228e-05
292,1789021066.6379387,lr/neck.no_decay,5.021598272138228e-05
292,1789021066.6379387,lr/pose_head.decay,0.00013390928725701942
292,1789021066.6379387,lr/pose_head.no_decay,0.00013390928725701942
292,1789021066.6379387,pose/component_0,1.1274590492248535
292,1789021066.6379387,pose/component_1,0.12846514582633972
292,1789021066.6379387,pose/component_2,0.06780393421649933
292,1789021066.6379387,pose/component_3,0.7326600551605225
292,1789021066.6379387,pose/component_4,0.004895851947367191
292,1789021066.6379387,pose/component_5,1.5878968238830566
293,1789021067.7873511,amp/overflow_retries,0.0
293,1789021067.7873511,amp/scale,64.0
293,1789021067.7873511,detect/component_0,1.0925142765045166
293,1789021067.7873511,detect/component_1,0.9891387224197388
293,1789021067.7873511,detect/component_2,0.007688119076192379
293,1789021067.7873511,gradient/clipped_norm,1670.2989501953125
293,1789021067.7873511,images/detect,256.0
293,1789021067.7873511,images/pose,16.0
293,1789021067.7873511,loss/backward,150.69004745483397
293,1789021067.7873511,loss/detect_mean,1.7627946585416794
293,1789021067.7873511,loss/joint_mean,2.354531991481781
293,1789021067.7873511,loss/pose_mean,4.7214813232421875
293,1789021067.7873511,lr/attention.decay,0.0
293,1789021067.7873511,lr/attention.no_decay,0.0
293,1789021067.7873511,lr/backbone.decay,0.0
293,1789021067.7873511,lr/backbone.no_decay,0.0
293,1789021067.7873511,lr/detect_head.decay,0.00013429805615550758
293,1789021067.7873511,lr/detect_head.no_decay,0.00013429805615550758
293,1789021067.7873511,lr/masf.decay,6.714902807775379e-06
293,1789021067.7873511,lr/masf.no_decay,6.714902807775379e-06
293,1789021067.7873511,lr/neck.decay,5.036177105831533e-05
293,1789021067.7873511,lr/neck.no_decay,5.036177105831533e-05
293,1789021067.7873511,lr/pose_head.decay,0.00013429805615550758
293,1789021067.7873511,lr/pose_head.no_decay,0.00013429805615550758
293,1789021067.7873511,pose/component_0,1.4466674327850342
293,1789021067.7873511,pose/component_1,0.04912829026579857
293,1789021067.7873511,pose/component_2,0.03772256523370743
293,1789021067.7873511,pose/component_3,0.8228027820587158
293,1789021067.7873511,pose/component_4,0.004445656202733517
293,1789021067.7873511,pose/component_5,1.3998305797576904
294,1789021068.9508417,amp/overflow_retries,0.0
294,1789021068.9508417,amp/scale,64.0
294,1789021068.9508417,detect/component_0,1.1645618677139282
294,1789021068.9508417,detect/component_1,1.0470918416976929
294,1789021068.9508417,detect/component_2,0.007293306291103363
294,1789021068.9508417,gradient/clipped_norm,1815.184814453125
294,1789021068.9508417,images/detect,256.0
294,1789021068.9508417,images/pose,16.0
294,1789021068.9508417,loss/backward,148.2768814086914
294,1789021068.9508417,loss/detect_mean,1.8590529263019562
294,1789021068.9508417,loss/joint_mean,2.316826272010803
294,1789021068.9508417,loss/pose_mean,4.147919654846191
294,1789021068.9508417,lr/attention.decay,0.0
294,1789021068.9508417,lr/attention.no_decay,0.0
294,1789021068.9508417,lr/backbone.decay,0.0
294,1789021068.9508417,lr/backbone.no_decay,0.0
294,1789021068.9508417,lr/detect_head.decay,0.00013468682505399568
294,1789021068.9508417,lr/detect_head.no_decay,0.00013468682505399568
294,1789021068.9508417,lr/masf.decay,6.734341252699784e-06
294,1789021068.9508417,lr/masf.no_decay,6.734341252699784e-06
294,1789021068.9508417,lr/neck.decay,5.0507559395248374e-05
294,1789021068.9508417,lr/neck.no_decay,5.0507559395248374e-05
294,1789021068.9508417,lr/pose_head.decay,0.00013468682505399568
294,1789021068.9508417,lr/pose_head.no_decay,0.00013468682505399568
294,1789021068.9508417,pose/component_0,1.3351715803146362
294,1789021068.9508417,pose/component_1,0.05642703175544739
294,1789021068.9508417,pose/component_2,0.012994067743420601
294,1789021068.9508417,pose/component_3,0.7605692148208618
294,1789021068.9508417,pose/component_4,0.0033164015039801598
294,1789021068.9508417,pose/component_5,0.7152004241943359
295,1789021070.1238985,amp/overflow_retries,0.0
295,1789021070.1238985,amp/scale,64.0
295,1789021070.1238985,detect/component_0,1.1215585470199585
295,1789021070.1238985,detect/component_1,1.044748306274414
295,1789021070.1238985,detect/component_2,0.007438803557306528
295,1789021070.1238985,gradient/clipped_norm,1287.097900390625
295,1789021070.1238985,images/detect,256.0
295,1789021070.1238985,images/pose,16.0
295,1789021070.1238985,loss/backward,156.6065773010254
295,1789021070.1238985,loss/detect_mean,1.8192929774522781
295,1789021070.1238985,loss/joint_mean,2.446977770328522
295,1789021070.1238985,loss/pose_mean,4.957716941833496
295,1789021070.1238985,lr/attention.decay,0.0
295,1789021070.1238985,lr/attention.no_decay,0.0
295,1789021070.1238985,lr/backbone.decay,0.0
295,1789021070.1238985,lr/backbone.no_decay,0.0
295,1789021070.1238985,lr/detect_head.decay,0.0001350755939524838
295,1789021070.1238985,lr/detect_head.no_decay,0.0001350755939524838
295,1789021070.1238985,lr/masf.decay,6.753779697624191e-06
295,1789021070.1238985,lr/masf.no_decay,6.753779697624191e-06
295,1789021070.1238985,lr/neck.decay,5.0653347732181426e-05
295,1789021070.1238985,lr/neck.no_decay,5.0653347732181426e-05
295,1789021070.1238985,lr/pose_head.decay,0.0001350755939524838
295,1789021070.1238985,lr/pose_head.no_decay,0.0001350755939524838
295,1789021070.1238985,pose/component_0,1.2391393184661865
295,1789021070.1238985,pose/component_1,0.05509556084871292
295,1789021070.1238985,pose/component_2,0.024054614827036858
295,1789021070.1238985,pose/component_3,0.856037437915802
295,1789021070.1238985,pose/component_4,0.003135025268420577
295,1789021070.1238985,pose/component_5,0.7667757272720337
296,1789021071.294053,amp/overflow_retries,0.0
296,1789021071.294053,amp/scale,64.0
296,1789021071.294053,detect/component_0,1.1161140203475952
296,1789021071.294053,detect/component_1,0.9873344898223877
296,1789021071.294053,detect/component_2,0.007426555268466473
296,1789021071.294053,gradient/clipped_norm,1578.9713134765625
296,1789021071.294053,images/detect,256.0
296,1789021071.294053,images/pose,16.0
296,1789021071.294053,loss/backward,158.94461822509766
296,1789021071.294053,loss/detect_mean,1.7894027531147003
296,1789021071.294053,loss/joint_mean,2.483509659767151
296,1789021071.294053,loss/pose_mean,5.259937286376953
296,1789021071.294053,lr/attention.decay,0.0
296,1789021071.294053,lr/attention.no_decay,0.0
296,1789021071.294053,lr/backbone.decay,0.0
296,1789021071.294053,lr/backbone.no_decay,0.0
296,1789021071.294053,lr/detect_head.decay,0.00013546436285097191
296,1789021071.294053,lr/detect_head.no_decay,0.00013546436285097191
296,1789021071.294053,lr/masf.decay,6.773218142548597e-06
296,1789021071.294053,lr/masf.no_decay,6.773218142548597e-06
296,1789021071.294053,lr/neck.decay,5.0799136069114464e-05
296,1789021071.294053,lr/neck.no_decay,5.0799136069114464e-05
296,1789021071.294053,lr/pose_head.decay,0.00013546436285097191
296,1789021071.294053,lr/pose_head.no_decay,0.00013546436285097191
296,1789021071.294053,pose/component_0,1.4110703468322754
296,1789021071.294053,pose/component_1,0.08876310288906097
296,1789021071.294053,pose/component_2,0.056023262441158295
296,1789021071.294053,pose/component_3,0.831547200679779
296,1789021071.294053,pose/component_4,0.004420089069753885
296,1789021071.294053,pose/component_5,1.2349973917007446
297,1789021072.448314,amp/overflow_retries,0.0
297,1789021072.448314,amp/scale,64.0
297,1789021072.448314,detect/component_0,1.079363226890564
297,1789021072.448314,detect/component_1,0.9954603910446167
297,1789021072.448314,detect/component_2,0.007735824678093195
297,1789021072.448314,gradient/clipped_norm,2459.684326171875
297,1789021072.448314,images/detect,256.0
297,1789021072.448314,images/pose,16.0
297,1789021072.448314,loss/backward,176.69789123535156
297,1789021072.448314,loss/detect_mean,1.7966319918632507
297,1789021072.448314,loss/joint_mean,2.760904550552368
297,1789021072.448314,loss/pose_mean,6.617994785308838
297,1789021072.448314,lr/attention.decay,0.0
297,1789021072.448314,lr/attention.no_decay,0.0
297,1789021072.448314,lr/backbone.decay,0.0
297,1789021072.448314,lr/backbone.no_decay,0.0
297,1789021072.448314,lr/detect_head.decay,0.00013585313174946007
297,1789021072.448314,lr/detect_head.no_decay,0.00013585313174946007
297,1789021072.448314,lr/masf.decay,6.792656587473003e-06
297,1789021072.448314,lr/masf.no_decay,6.792656587473003e-06
297,1789021072.448314,lr/neck.decay,5.0944924406047517e-05
297,1789021072.448314,lr/neck.no_decay,5.0944924406047517e-05
297,1789021072.448314,lr/pose_head.decay,0.00013585313174946007
297,1789021072.448314,lr/pose_head.no_decay,0.00013585313174946007
297,1789021072.448314,pose/component_0,1.075723648071289
297,1789021072.448314,pose/component_1,0.0951479822397232
297,1789021072.448314,pose/component_2,0.03741978853940964
297,1789021072.448314,pose/component_3,0.7760282158851624
297,1789021072.448314,pose/component_4,0.0037074293941259384
297,1789021072.448314,pose/component_5,2.7390947341918945
298,1789021073.614174,amp/overflow_retries,0.0
298,1789021073.614174,amp/scale,64.0
298,1789021073.614174,detect/component_0,1.1456907987594604
298,1789021073.614174,detect/component_1,1.091191291809082
298,1789021073.614174,detect/component_2,0.00739309610798955
298,1789021073.614174,gradient/clipped_norm,2428.823486328125
298,1789021073.614174,images/detect,256.0
298,1789021073.614174,images/pose,16.0
298,1789021073.614174,loss/backward,193.49447937011718
298,1789021073.614174,loss/detect_mean,1.9053972363471985
298,1789021073.614174,loss/joint_mean,3.023351240158081
298,1789021073.614174,loss/pose_mean,7.495167255401611
298,1789021073.614174,lr/attention.decay,0.0
298,1789021073.614174,lr/attention.no_decay,0.0
298,1789021073.614174,lr/backbone.decay,0.0
298,1789021073.614174,lr/backbone.no_decay,0.0
298,1789021073.614174,lr/detect_head.decay,0.00013624190064794817
298,1789021073.614174,lr/detect_head.no_decay,0.00013624190064794817
298,1789021073.614174,lr/masf.decay,6.8120950323974085e-06
298,1789021073.614174,lr/masf.no_decay,6.8120950323974085e-06
298,1789021073.614174,lr/neck.decay,5.1090712742980555e-05
298,1789021073.614174,lr/neck.no_decay,5.1090712742980555e-05
298,1789021073.614174,lr/pose_head.decay,0.00013624190064794817
298,1789021073.614174,lr/pose_head.no_decay,0.00013624190064794817
298,1789021073.614174,pose/component_0,1.4434552192687988
298,1789021073.614174,pose/component_1,0.24036110937595367
298,1789021073.614174,pose/component_2,0.1298183798789978
298,1789021073.614174,pose/component_3,1.0549224615097046
298,1789021073.614174,pose/component_4,0.0064086876809597015
298,1789021073.614174,pose/component_5,4.086672306060791
299,1789021074.7926583,amp/overflow_retries,0.0
299,1789021074.7926583,amp/scale,64.0
299,1789021074.7926583,detect/component_0,1.1422630548477173
299,1789021074.7926583,detect/component_1,1.0178524255752563
299,1789021074.7926583,detect/component_2,0.007519994862377644
299,1789021074.7926583,gradient/clipped_norm,1941.6239013671875
299,1789021074.7926583,images/detect,256.0
299,1789021074.7926583,images/pose,16.0
299,1789021074.7926583,loss/backward,161.7831283569336
299,1789021074.7926583,loss/detect_mean,1.8582825362682343
299,1789021074.7926583,loss/joint_mean,2.5278613805770873
299,1789021074.7926583,loss/pose_mean,5.2061767578125
299,1789021074.7926583,lr/attention.decay,0.0
299,1789021074.7926583,lr/attention.no_decay,0.0
299,1789021074.7926583,lr/backbone.decay,0.0
299,1789021074.7926583,lr/backbone.no_decay,0.0
299,1789021074.7926583,lr/detect_head.decay,0.0001366306695464363
299,1789021074.7926583,lr/detect_head.no_decay,0.0001366306695464363
299,1789021074.7926583,lr/masf.decay,6.831533477321816e-06
299,1789021074.7926583,lr/masf.no_decay,6.831533477321816e-06
299,1789021074.7926583,lr/neck.decay,5.123650107991361e-05
299,1789021074.7926583,lr/neck.no_decay,5.123650107991361e-05
299,1789021074.7926583,lr/pose_head.decay,0.0001366306695464363
299,1789021074.7926583,lr/pose_head.no_decay,0.0001366306695464363
299,1789021074.7926583,pose/component_0,1.6370784044265747
299,1789021074.7926583,pose/component_1,0.1056813895702362
299,1789021074.7926583,pose/component_2,0.03190784901380539
299,1789021074.7926583,pose/component_3,0.9052718877792358
299,1789021074.7926583,pose/component_4,0.005368102341890335
299,1789021074.7926583,pose/component_5,1.9695817232131958
300,1789021075.9739614,amp/overflow_retries,0.0
300,1789021075.9739614,amp/scale,64.0
300,1789021075.9739614,detect/component_0,1.1735955476760864
300,1789021075.9739614,detect/component_1,1.0600095987319946
300,1789021075.9739614,detect/component_2,0.007670684717595577
300,1789021075.9739614,gradient/clipped_norm,2150.223876953125
300,1789021075.9739614,gradient/detect_shared_norm,481.50053969419344
300,1789021075.9739614,gradient/pose_shared_norm,1974.998551998332
300,1789021075.9739614,gradient/shared_cosine,-0.1533860477464183
300,1789021075.9739614,images/detect,256.0
300,1789021075.9739614,images/pose,16.0
300,1789021075.9739614,loss/backward,169.45026168823242
300,1789021075.9739614,loss/detect_mean,1.8883597701787949
300,1789021075.9739614,loss/joint_mean,2.6476603388786315
300,1789021075.9739614,loss/pose_mean,5.6848626136779785
300,1789021075.9739614,lr/attention.decay,0.0
300,1789021075.9739614,lr/attention.no_decay,0.0
300,1789021075.9739614,lr/backbone.decay,0.0
300,1789021075.9739614,lr/backbone.no_decay,0.0
300,1789021075.9739614,lr/detect_head.decay,0.0001370194384449244
300,1789021075.9739614,lr/detect_head.no_decay,0.0001370194384449244
300,1789021075.9739614,lr/masf.decay,6.850971922246221e-06
300,1789021075.9739614,lr/masf.no_decay,6.850971922246221e-06
300,1789021075.9739614,lr/neck.decay,5.138228941684665e-05
300,1789021075.9739614,lr/neck.no_decay,5.138228941684665e-05
300,1789021075.9739614,lr/pose_head.decay,0.0001370194384449244
300,1789021075.9739614,lr/pose_head.no_decay,0.0001370194384449244
300,1789021075.9739614,pose/component_0,1.355828046798706
300,1789021075.9739614,pose/component_1,0.1095210537314415
300,1789021075.9739614,pose/component_2,0.12053298950195312
300,1789021075.9739614,pose/component_3,0.9094539880752563
300,1789021075.9739614,pose/component_4,0.007441720925271511
300,1789021075.9739614,pose/component_5,1.408128261566162
301,1789021077.1274939,amp/overflow_retries,0.0
301,1789021077.1274939,amp/scale,64.0
301,1789021077.1274939,detect/component_0,1.1313292980194092
301,1789021077.1274939,detect/component_1,1.0058871507644653
301,1789021077.1274939,detect/component_2,0.007937307469546795
301,1789021077.1274939,gradient/clipped_norm,1493.381103515625
301,1789021077.1274939,images/detect,256.0
301,1789021077.1274939,images/pose,16.0
301,1789021077.1274939,loss/backward,162.7018798828125
301,1789021077.1274939,loss/detect_mean,1.8442221879959106
301,1789021077.1274939,loss/joint_mean,2.5422168731689454
301,1789021077.1274939,loss/pose_mean,5.334195613861084
301,1789021077.1274939,lr/attention.decay,0.0
301,1789021077.1274939,lr/attention.no_decay,0.0
301,1789021077.1274939,lr/backbone.decay,0.0
301,1789021077.1274939,lr/backbone.no_decay,0.0
301,1789021077.1274939,lr/detect_head.decay,0.00013740820734341254
301,1789021077.1274939,lr/detect_head.no_decay,0.00013740820734341254
301,1789021077.1274939,lr/masf.decay,6.870410367170627e-06
301,1789021077.1274939,lr/masf.no_decay,6.870410367170627e-06
301,1789021077.1274939,lr/neck.decay,5.152807775377969e-05
301,1789021077.1274939,lr/neck.no_decay,5.152807775377969e-05
301,1789021077.1274939,lr/pose_head.decay,0.00013740820734341254
301,1789021077.1274939,lr/pose_head.no_decay,0.00013740820734341254
301,1789021077.1274939,pose/component_0,1.5223034620285034
301,1789021077.1274939,pose/component_1,0.16927775740623474
301,1789021077.1274939,pose/component_2,0.14614149928092957
301,1789021077.1274939,pose/component_3,0.8004375100135803
301,1789021077.1274939,pose/component_4,0.003730766475200653
301,1789021077.1274939,pose/component_5,1.5741205215454102
302,1789021078.279466,amp/overflow_retries,0.0
302,1789021078.279466,amp/scale,64.0
302,1789021078.279466,detect/component_0,1.1342227458953857
302,1789021078.279466,detect/component_1,1.0477534532546997
302,1789021078.279466,detect/component_2,0.007542809471487999
302,1789021078.279466,gradient/clipped_norm,2243.160400390625
302,1789021078.279466,images/detect,256.0
302,1789021078.279466,images/pose,16.0
302,1789021078.279466,loss/backward,162.00495986938478
302,1789021078.279466,loss/detect_mean,1.8601476699113846
302,1789021078.279466,loss/joint_mean,2.531327497959137
302,1789021078.279466,loss/pose_mean,5.2160468101501465
302,1789021078.279466,lr/attention.decay,0.0
302,1789021078.279466,lr/attention.no_decay,0.0
302,1789021078.279466,lr/backbone.decay,0.0
302,1789021078.279466,lr/backbone.no_decay,0.0
302,1789021078.279466,lr/detect_head.decay,0.00013779697624190064
302,1789021078.279466,lr/detect_head.no_decay,0.00013779697624190064
302,1789021078.279466,lr/masf.decay,6.889848812095032e-06
302,1789021078.279466,lr/masf.no_decay,6.889848812095032e-06
302,1789021078.279466,lr/neck.decay,5.1673866090712736e-05
302,1789021078.279466,lr/neck.no_decay,5.1673866090712736e-05
302,1789021078.279466,lr/pose_head.decay,0.00013779697624190064
302,1789021078.279466,lr/pose_head.no_decay,0.00013779697624190064
302,1789021078.279466,pose/component_0,1.1162424087524414
302,1789021078.279466,pose/component_1,0.08278089761734009
302,1789021078.279466,pose/component_2,0.01965731382369995
302,1789021078.279466,pose/component_3,0.5487170815467834
302,1789021078.279466,pose/component_4,0.004371304530650377
302,1789021078.279466,pose/component_5,2.5373053550720215
303,1789021079.433034,amp/overflow_retries,0.0
303,1789021079.433034,amp/scale,64.0
303,1789021079.433034,detect/component_0,1.0879168510437012
303,1789021079.433034,detect/component_1,0.9611896276473999
303,1789021079.433034,detect/component_2,0.007748234551399946
303,1789021079.433034,gradient/clipped_norm,1784.07958984375
303,1789021079.433034,images/detect,256.0
303,1789021079.433034,images/pose,16.0
303,1789021079.433034,loss/backward,168.97878189086913
303,1789021079.433034,loss/detect_mean,1.768194630742073
303,1789021079.433034,loss/joint_mean,2.64029346704483
303,1789021079.433034,loss/pose_mean,6.128688812255859
303,1789021079.433034,lr/attention.decay,0.0
303,1789021079.433034,lr/attention.no_decay,0.0
303,1789021079.433034,lr/backbone.decay,0.0
303,1789021079.433034,lr/backbone.no_decay,0.0
303,1789021079.433034,lr/detect_head.decay,0.00013818574514038877
303,1789021079.433034,lr/detect_head.no_decay,0.00013818574514038877
303,1789021079.433034,lr/masf.decay,6.909287257019439e-06
303,1789021079.433034,lr/masf.no_decay,6.909287257019439e-06
303,1789021079.433034,lr/neck.decay,5.181965442764578e-05
303,1789021079.433034,lr/neck.no_decay,5.181965442764578e-05
303,1789021079.433034,lr/pose_head.decay,0.00013818574514038877
303,1789021079.433034,lr/pose_head.no_decay,0.00013818574514038877
303,1789021079.433034,pose/component_0,1.4050235748291016
303,1789021079.433034,pose/component_1,0.06573957204818726
303,1789021079.433034,pose/component_2,0.15061137080192566
303,1789021079.433034,pose/component_3,0.9931137561798096
303,1789021079.433034,pose/component_4,0.005308850668370724
303,1789021079.433034,pose/component_5,2.3387956619262695
304,1789021080.583634,amp/overflow_retries,0.0
304,1789021080.583634,amp/scale,64.0
304,1789021080.583634,detect/component_0,1.1848502159118652
304,1789021080.583634,detect/component_1,0.9906123876571655
304,1789021080.583634,detect/component_2,0.0067085991613566875
304,1789021080.583634,gradient/clipped_norm,1959.091796875
304,1789021080.583634,images/detect,256.0
304,1789021080.583634,images/pose,16.0
304,1789021080.583634,loss/backward,183.52984619140625
304,1789021080.583634,loss/detect_mean,1.8322789669036865
304,1789021080.583634,loss/joint_mean,2.8676538467407227
304,1789021080.583634,loss/pose_mean,7.009153366088867
304,1789021080.583634,lr/attention.decay,0.0
304,1789021080.583634,lr/attention.no_decay,0.0
304,1789021080.583634,lr/backbone.decay,0.0
304,1789021080.583634,lr/backbone.no_decay,0.0
304,1789021080.583634,lr/detect_head.decay,0.0001385745140388769
304,1789021080.583634,lr/detect_head.no_decay,0.0001385745140388769
304,1789021080.583634,lr/masf.decay,6.928725701943845e-06
304,1789021080.583634,lr/masf.no_decay,6.928725701943845e-06
304,1789021080.583634,lr/neck.decay,5.196544276457883e-05
304,1789021080.583634,lr/neck.no_decay,5.196544276457883e-05
304,1789021080.583634,lr/pose_head.decay,0.0001385745140388769
304,1789021080.583634,lr/pose_head.no_decay,0.0001385745140388769
304,1789021080.583634,pose/component_0,1.4761099815368652
304,1789021080.583634,pose/component_1,0.12888512015342712
304,1789021080.583634,pose/component_2,0.1782824993133545
304,1789021080.583634,pose/component_3,0.8782903552055359
304,1789021080.583634,pose/component_4,0.005397208034992218
304,1789021080.583634,pose/component_5,3.1886422634124756
305,1789021081.736497,amp/overflow_retries,0.0
305,1789021081.736497,amp/scale,64.0
305,1789021081.736497,detect/component_0,1.1563526391983032
305,1789021081.736497,detect/component_1,1.0311241149902344
305,1789021081.736497,detect/component_2,0.007650182116776705
305,1789021081.736497,gradient/clipped_norm,1516.1962890625
305,1789021081.736497,images/detect,256.0
305,1789021081.736497,images/pose,16.0
305,1789021081.736497,loss/backward,162.3659538269043
305,1789021081.736497,loss/detect_mean,1.8550412505865097
305,1789021081.736497,loss/joint_mean,2.5369680285453797
305,1789021081.736497,loss/pose_mean,5.264675140380859
305,1789021081.736497,lr/attention.decay,0.0
305,1789021081.736497,lr/attention.no_decay,0.0
305,1789021081.736497,lr/backbone.decay,0.0
305,1789021081.736497,lr/backbone.no_decay,0.0
305,1789021081.736497,lr/detect_head.decay,0.00013896328293736503
305,1789021081.736497,lr/detect_head.no_decay,0.00013896328293736503
305,1789021081.736497,lr/masf.decay,6.948164146868251e-06
305,1789021081.736497,lr/masf.no_decay,6.948164146868251e-06
305,1789021081.736497,lr/neck.decay,5.211123110151188e-05
305,1789021081.736497,lr/neck.no_decay,5.211123110151188e-05
305,1789021081.736497,lr/pose_head.decay,0.00013896328293736503
305,1789021081.736497,lr/pose_head.no_decay,0.00013896328293736503
305,1789021081.736497,pose/component_0,1.528409481048584
305,1789021081.736497,pose/component_1,0.11418174207210541
305,1789021081.736497,pose/component_2,0.014133604243397713
305,1789021081.736497,pose/component_3,0.7313231825828552
305,1789021081.736497,pose/component_4,0.0064887600019574165
305,1789021081.736497,pose/component_5,2.2473878860473633
306,1789021082.8966546,amp/overflow_retries,0.0
306,1789021082.8966546,amp/scale,64.0
306,1789021082.8966546,detect/component_0,1.1544259786605835
306,1789021082.8966546,detect/component_1,1.0494489669799805
306,1789021082.8966546,detect/component_2,0.00712620047852397
306,1789021082.8966546,gradient/clipped_norm,2518.78271484375
306,1789021082.8966546,images/detect,256.0
306,1789021082.8966546,images/pose,16.0
306,1789021082.8966546,loss/backward,215.95012359619142
306,1789021082.8966546,loss/detect_mean,1.8724797070026398
306,1789021082.8966546,loss/joint_mean,3.374220681190491
306,1789021082.8966546,loss/pose_mean,9.381184577941895
306,1789021082.8966546,lr/attention.decay,0.0
306,1789021082.8966546,lr/attention.no_decay,0.0
306,1789021082.8966546,lr/backbone.decay,0.0
306,1789021082.8966546,lr/backbone.no_decay,0.0
306,1789021082.8966546,lr/detect_head.decay,0.00013935205183585313
306,1789021082.8966546,lr/detect_head.no_decay,0.00013935205183585313
306,1789021082.8966546,lr/masf.decay,6.9676025917926574e-06
306,1789021082.8966546,lr/masf.no_decay,6.9676025917926574e-06
306,1789021082.8966546,lr/neck.decay,5.225701943844492e-05
306,1789021082.8966546,lr/neck.no_decay,5.225701943844492e-05
306,1789021082.8966546,lr/pose_head.decay,0.00013935205183585313
306,1789021082.8966546,lr/pose_head.no_decay,0.00013935205183585313
306,1789021082.8966546,pose/component_0,1.5204474925994873
306,1789021082.8966546,pose/component_1,0.26456791162490845
306,1789021082.8966546,pose/component_2,0.12624883651733398
306,1789021082.8966546,pose/component_3,1.1041624546051025
306,1789021082.8966546,pose/component_4,0.0073888059705495834
306,1789021082.8966546,pose/component_5,4.859705924987793
307,1789021084.0445635,amp/overflow_retries,0.0
307,1789021084.0445635,amp/scale,64.0
307,1789021084.0445635,detect/component_0,1.0473947525024414
307,1789021084.0445635,detect/component_1,1.005916953086853
307,1789021084.0445635,detect/component_2,0.0076133571565151215
307,1789021084.0445635,gradient/clipped_norm,2519.7861328125
307,1789021084.0445635,images/detect,256.0
307,1789021084.0445635,images/pose,16.0
307,1789021084.0445635,loss/backward,170.6568145751953
307,1789021084.0445635,loss/detect_mean,1.7916424870491028
307,1789021084.0445635,loss/joint_mean,2.6665127277374268
307,1789021084.0445635,loss/pose_mean,6.165993690490723
307,1789021084.0445635,lr/attention.decay,0.0
307,1789021084.0445635,lr/attention.no_decay,0.0
307,1789021084.0445635,lr/backbone.decay,0.0
307,1789021084.0445635,lr/backbone.no_decay,0.0
307,1789021084.0445635,lr/detect_head.decay,0.00013974082073434126
307,1789021084.0445635,lr/detect_head.no_decay,0.00013974082073434126
307,1789021084.0445635,lr/masf.decay,6.987041036717064e-06
307,1789021084.0445635,lr/masf.no_decay,6.987041036717064e-06
307,1789021084.0445635,lr/neck.decay,5.240280777537797e-05
307,1789021084.0445635,lr/neck.no_decay,5.240280777537797e-05
307,1789021084.0445635,lr/pose_head.decay,0.00013974082073434126
307,1789021084.0445635,lr/pose_head.no_decay,0.00013974082073434126
307,1789021084.0445635,pose/component_0,1.2393708229064941
307,1789021084.0445635,pose/component_1,0.059974782168865204
307,1789021084.0445635,pose/component_2,0.1997482180595398
307,1789021084.0445635,pose/component_3,0.8664022088050842
307,1789021084.0445635,pose/component_4,0.003851240500807762
307,1789021084.0445635,pose/component_5,1.942044973373413
308,1789021085.2076874,amp/overflow_retries,0.0
308,1789021085.2076874,amp/scale,64.0
308,1789021085.2076874,detect/component_0,1.1024562120437622
308,1789021085.2076874,detect/component_1,1.0199007987976074
308,1789021085.2076874,detect/component_2,0.007561740465462208
308,1789021085.2076874,gradient/clipped_norm,2162.533447265625
308,1789021085.2076874,images/detect,256.0
308,1789021085.2076874,images/pose,16.0
308,1789021085.2076874,loss/backward,200.0365852355957
308,1789021085.2076874,loss/detect_mean,1.796480193734169
308,1789021085.2076874,loss/joint_mean,3.125571644306183
308,1789021085.2076874,loss/pose_mean,8.441937446594238
308,1789021085.2076874,lr/attention.decay,0.0
308,1789021085.2076874,lr/attention.no_decay,0.0
308,1789021085.2076874,lr/backbone.decay,0.0
308,1789021085.2076874,lr/backbone.no_decay,0.0
308,1789021085.2076874,lr/detect_head.decay,0.0001401295896328294
308,1789021085.2076874,lr/detect_head.no_decay,0.0001401295896328294
308,1789021085.2076874,lr/masf.decay,7.006479481641469e-06
308,1789021085.2076874,lr/masf.no_decay,7.006479481641469e-06
308,1789021085.2076874,lr/neck.decay,5.254859611231101e-05
308,1789021085.2076874,lr/neck.no_decay,5.254859611231101e-05
308,1789021085.2076874,lr/pose_head.decay,0.0001401295896328294
308,1789021085.2076874,lr/pose_head.no_decay,0.0001401295896328294
308,1789021085.2076874,pose/component_0,1.5127707719802856
308,1789021085.2076874,pose/component_1,0.37873679399490356
308,1789021085.2076874,pose/component_2,0.05813072249293327
308,1789021085.2076874,pose/component_3,0.7997833490371704
308,1789021085.2076874,pose/component_4,0.008224966004490852
308,1789021085.2076874,pose/component_5,5.562312126159668
309,1789021086.3746488,amp/overflow_retries,0.0
309,1789021086.3746488,amp/scale,64.0
309,1789021086.3746488,detect/component_0,1.1518144607543945
309,1789021086.3746488,detect/component_1,1.0264641046524048
309,1789021086.3746488,detect/component_2,0.0072585237212479115
309,1789021086.3746488,gradient/clipped_norm,2218.17333984375
309,1789021086.3746488,images/detect,256.0
309,1789021086.3746488,images/pose,16.0
309,1789021086.3746488,loss/backward,170.6768653869629
309,1789021086.3746488,loss/detect_mean,1.839094951748848
309,1789021086.3746488,loss/joint_mean,2.6668260216712953
309,1789021086.3746488,loss/pose_mean,5.977750301361084
309,1789021086.3746488,lr/attention.decay,0.0
309,1789021086.3746488,lr/attention.no_decay,0.0
309,1789021086.3746488,lr/backbone.decay,0.0
309,1789021086.3746488,lr/backbone.no_decay,0.0
309,1789021086.3746488,lr/detect_head.decay,0.00014051835853131752
309,1789021086.3746488,lr/detect_head.no_decay,0.00014051835853131752
309,1789021086.3746488,lr/masf.decay,7.025917926565876e-06
309,1789021086.3746488,lr/masf.no_decay,7.025917926565876e-06
309,1789021086.3746488,lr/neck.decay,5.269438444924406e-05
309,1789021086.3746488,lr/neck.no_decay,5.269438444924406e-05
309,1789021086.3746488,lr/pose_head.decay,0.00014051835853131752
309,1789021086.3746488,lr/pose_head.no_decay,0.00014051835853131752
309,1789021086.3746488,pose/component_0,1.3061223030090332
309,1789021086.3746488,pose/component_1,0.2614138424396515
309,1789021086.3746488,pose/component_2,0.0980505645275116
309,1789021086.3746488,pose/component_3,0.6025676131248474
309,1789021086.3746488,pose/component_4,0.008161371573805809
309,1789021086.3746488,pose/component_5,4.202146053314209
310,1789021087.5380616,amp/overflow_retries,0.0
310,1789021087.5380616,amp/scale,64.0
310,1789021087.5380616,detect/component_0,1.1431379318237305
310,1789021087.5380616,detect/component_1,1.062373161315918
310,1789021087.5380616,detect/component_2,0.008306074887514114
310,1789021087.5380616,gradient/clipped_norm,1545.587646484375
310,1789021087.5380616,images/detect,256.0
310,1789021087.5380616,images/pose,16.0
310,1789021087.5380616,loss/backward,161.1468589782715
310,1789021087.5380616,loss/detect_mean,1.9119632691144943
310,1789021087.5380616,loss/joint_mean,2.517919671535492
310,1789021087.5380616,loss/pose_mean,4.941745281219482
310,1789021087.5380616,lr/attention.decay,0.0
310,1789021087.5380616,lr/attention.no_decay,0.0
310,1789021087.5380616,lr/backbone.decay,0.0
310,1789021087.5380616,lr/backbone.no_decay,0.0
310,1789021087.5380616,lr/detect_head.decay,0.0001409071274298056
310,1789021087.5380616,lr/detect_head.no_decay,0.0001409071274298056
310,1789021087.5380616,lr/masf.decay,7.045356371490281e-06
310,1789021087.5380616,lr/masf.no_decay,7.045356371490281e-06
310,1789021087.5380616,lr/neck.decay,5.28401727861771e-05
310,1789021087.5380616,lr/neck.no_decay,5.28401727861771e-05
310,1789021087.5380616,lr/pose_head.decay,0.0001409071274298056
310,1789021087.5380616,lr/pose_head.no_decay,0.0001409071274298056
310,1789021087.5380616,pose/component_0,1.2621493339538574
310,1789021087.5380616,pose/component_1,0.12166650593280792
310,1789021087.5380616,pose/component_2,0.02761736698448658
310,1789021087.5380616,pose/component_3,0.7597906589508057
310,1789021087.5380616,pose/component_4,0.0033314432948827744
310,1789021087.5380616,pose/component_5,1.3342835903167725
311,1789021088.6953497,amp/overflow_retries,0.0
311,1789021088.6953497,amp/scale,64.0
311,1789021088.6953497,detect/component_0,1.158947229385376
311,1789021088.6953497,detect/component_1,1.0244746208190918
311,1789021088.6953497,detect/component_2,0.007092582993209362
311,1789021088.6953497,gradient/clipped_norm,1614.1075439453125
311,1789021088.6953497,images/detect,256.0
311,1789021088.6953497,images/pose,16.0
311,1789021088.6953497,loss/backward,160.90789489746095
311,1789021088.6953497,loss/detect_mean,1.8707892298698425
311,1789021088.6953497,loss/joint_mean,2.5141858577728273
311,1789021088.6953497,loss/pose_mean,5.087772369384766
311,1789021088.6953497,lr/attention.decay,0.0
311,1789021088.6953497,lr/attention.no_decay,0.0
311,1789021088.6953497,lr/backbone.decay,0.0
311,1789021088.6953497,lr/backbone.no_decay,0.0
311,1789021088.6953497,lr/detect_head.decay,0.00014129589632829375
311,1789021088.6953497,lr/detect_head.no_decay,0.00014129589632829375
311,1789021088.6953497,lr/masf.decay,7.064794816414687e-06
311,1789021088.6953497,lr/masf.no_decay,7.064794816414687e-06
311,1789021088.6953497,lr/neck.decay,5.2985961123110144e-05
311,1789021088.6953497,lr/neck.no_decay,5.2985961123110144e-05
311,1789021088.6953497,lr/pose_head.decay,0.00014129589632829375
311,1789021088.6953497,lr/pose_head.no_decay,0.00014129589632829375
311,1789021088.6953497,pose/component_0,1.048142433166504
311,1789021088.6953497,pose/component_1,0.14118275046348572
311,1789021088.6953497,pose/component_2,0.12416203320026398
311,1789021088.6953497,pose/component_3,0.736326277256012
311,1789021088.6953497,pose/component_4,0.00433573080226779
311,1789021088.6953497,pose/component_5,2.2321085929870605
312,1789021089.8616872,amp/overflow_retries,0.0
312,1789021089.8616872,amp/scale,64.0
312,1789021089.8616872,detect/component_0,1.0919923782348633
312,1789021089.8616872,detect/component_1,1.0145610570907593
312,1789021089.8616872,detect/component_2,0.00736592523753643
312,1789021089.8616872,gradient/clipped_norm,1475.623779296875
312,1789021089.8616872,images/detect,256.0
312,1789021089.8616872,images/pose,16.0
312,1789021089.8616872,loss/backward,161.2582015991211
312,1789021089.8616872,loss/detect_mean,1.7996419370174408
312,1789021089.8616872,loss/joint_mean,2.519659399986267
312,1789021089.8616872,loss/pose_mean,5.399729251861572
312,1789021089.8616872,lr/attention.decay,0.0
312,1789021089.8616872,lr/attention.no_decay,0.0
312,1789021089.8616872,lr/backbone.decay,0.0
312,1789021089.8616872,lr/backbone.no_decay,0.0
312,1789021089.8616872,lr/detect_head.decay,0.00014168466522678186
312,1789021089.8616872,lr/detect_head.no_decay,0.00014168466522678186
312,1789021089.8616872,lr/masf.decay,7.084233261339093e-06
312,1789021089.8616872,lr/masf.no_decay,7.084233261339093e-06
312,1789021089.8616872,lr/neck.decay,5.313174946004319e-05
312,1789021089.8616872,lr/neck.no_decay,5.313174946004319e-05
312,1789021089.8616872,lr/pose_head.decay,0.00014168466522678186
312,1789021089.8616872,lr/pose_head.no_decay,0.00014168466522678186
312,1789021089.8616872,pose/component_0,1.0967365503311157
312,1789021089.8616872,pose/component_1,0.06323561817407608
312,1789021089.8616872,pose/component_2,0.10267902910709381
312,1789021089.8616872,pose/component_3,0.8904008269309998
312,1789021089.8616872,pose/component_4,0.004712248221039772
312,1789021089.8616872,pose/component_5,2.3312673568725586
313,1789021091.03602,amp/overflow_retries,0.0
313,1789021091.03602,amp/scale,64.0
313,1789021091.03602,detect/component_0,1.0972416400909424
313,1789021091.03602,detect/component_1,1.0136826038360596
313,1789021091.03602,detect/component_2,0.007214529439806938
313,1789021091.03602,gradient/clipped_norm,2007.83154296875
313,1789021091.03602,images/detect,256.0
313,1789021091.03602,images/pose,16.0
313,1789021091.03602,loss/backward,172.95077056884764
313,1789021091.03602,loss/detect_mean,1.809879094362259
313,1789021091.03602,loss/joint_mean,2.7023557901382445
313,1789021091.03602,loss/pose_mean,6.2722625732421875
313,1789021091.03602,lr/attention.decay,0.0
313,1789021091.03602,lr/attention.no_decay,0.0
313,1789021091.03602,lr/backbone.decay,0.0
313,1789021091.03602,lr/backbone.no_decay,0.0
313,1789021091.03602,lr/detect_head.decay,0.00014207343412527
313,1789021091.03602,lr/detect_head.no_decay,0.00014207343412527
313,1789021091.03602,lr/masf.decay,7.1036717062635e-06
313,1789021091.03602,lr/masf.no_decay,7.1036717062635e-06
313,1789021091.03602,lr/neck.decay,5.327753779697624e-05
313,1789021091.03602,lr/neck.no_decay,5.327753779697624e-05
313,1789021091.03602,lr/pose_head.decay,0.00014207343412527
313,1789021091.03602,lr/pose_head.no_decay,0.00014207343412527
313,1789021091.03602,pose/component_0,1.4835554361343384
313,1789021091.03602,pose/component_1,0.11287261545658112
313,1789021091.03602,pose/component_2,0.27298715710639954
313,1789021091.03602,pose/component_3,0.7453805804252625
313,1789021091.03602,pose/component_4,0.0061555830761790276
313,1789021091.03602,pose/component_5,2.441159725189209
314,1789021092.2070806,amp/overflow_retries,0.0
314,1789021092.2070806,amp/scale,64.0
314,1789021092.2070806,detect/component_0,1.101904034614563
314,1789021092.2070806,detect/component_1,0.9839414954185486
314,1789021092.2070806,detect/component_2,0.008154592476785183
314,1789021092.2070806,gradient/clipped_norm,1655.7373046875
314,1789021092.2070806,images/detect,256.0
314,1789021092.2070806,images/pose,16.0
314,1789021092.2070806,loss/backward,176.44699172973634
314,1789021092.2070806,loss/detect_mean,1.7882231622934341
314,1789021092.2070806,loss/joint_mean,2.7569842457771303
314,1789021092.2070806,loss/pose_mean,6.632028579711914
314,1789021092.2070806,lr/attention.decay,0.0
314,1789021092.2070806,lr/attention.no_decay,0.0
314,1789021092.2070806,lr/backbone.decay,0.0
314,1789021092.2070806,lr/backbone.no_decay,0.0
314,1789021092.2070806,lr/detect_head.decay,0.0001424622030237581
314,1789021092.2070806,lr/detect_head.no_decay,0.0001424622030237581
314,1789021092.2070806,lr/masf.decay,7.1231101511879055e-06
314,1789021092.2070806,lr/masf.no_decay,7.1231101511879055e-06
314,1789021092.2070806,lr/neck.decay,5.342332613390928e-05
314,1789021092.2070806,lr/neck.no_decay,5.342332613390928e-05
314,1789021092.2070806,lr/pose_head.decay,0.0001424622030237581
314,1789021092.2070806,lr/pose_head.no_decay,0.0001424622030237581
314,1789021092.2070806,pose/component_0,1.085696816444397
314,1789021092.2070806,pose/component_1,0.0742516964673996
314,1789021092.2070806,pose/component_2,0.048739176243543625
314,1789021092.2070806,pose/component_3,1.3144757747650146
314,1789021092.2070806,pose/component_4,0.007369272410869598
314,1789021092.2070806,pose/component_5,2.332383871078491
315,1789021093.3566797,amp/overflow_retries,0.0
315,1789021093.3566797,amp/scale,64.0
315,1789021093.3566797,detect/component_0,1.132304310798645
315,1789021093.3566797,detect/component_1,1.0436294078826904
315,1789021093.3566797,detect/component_2,0.007578740827739239
315,1789021093.3566797,gradient/clipped_norm,2162.953125
315,1789021093.3566797,images/detect,256.0
315,1789021093.3566797,images/pose,16.0
315,1789021093.3566797,loss/backward,149.97124710083008
315,1789021093.3566797,loss/detect_mean,1.8502868562936783
315,1789021093.3566797,loss/joint_mean,2.34330073595047
315,1789021093.3566797,loss/pose_mean,4.315356254577637
315,1789021093.3566797,lr/attention.decay,0.0
315,1789021093.3566797,lr/attention.no_decay,0.0
315,1789021093.3566797,lr/backbone.decay,0.0
315,1789021093.3566797,lr/backbone.no_decay,0.0
315,1789021093.3566797,lr/detect_head.decay,0.00014285097192224625
315,1789021093.3566797,lr/detect_head.no_decay,0.00014285097192224625
315,1789021093.3566797,lr/masf.decay,7.142548596112312e-06
315,1789021093.3566797,lr/masf.no_decay,7.142548596112312e-06
315,1789021093.3566797,lr/neck.decay,5.356911447084233e-05
315,1789021093.3566797,lr/neck.no_decay,5.356911447084233e-05
315,1789021093.3566797,lr/pose_head.decay,0.00014285097192224625
315,1789021093.3566797,lr/pose_head.no_decay,0.00014285097192224625
315,1789021093.3566797,pose/component_0,1.0970638990402222
315,1789021093.3566797,pose/component_1,0.03751678764820099
315,1789021093.3566797,pose/component_2,0.1043560728430748
315,1789021093.3566797,pose/component_3,0.6383048892021179
315,1789021093.3566797,pose/component_4,0.004680850077420473
315,1789021093.3566797,pose/component_5,1.285719871520996
316,1789021094.5329587,amp/overflow_retries,0.0
316,1789021094.5329587,amp/scale,64.0
316,1789021094.5329587,detect/component_0,1.1371098756790161
316,1789021094.5329587,detect/component_1,1.084107756614685
316,1789021094.5329587,detect/component_2,0.008137528784573078
316,1789021094.5329587,gradient/clipped_norm,1476.8016357421875
316,1789021094.5329587,images/detect,256.0
316,1789021094.5329587,images/pose,16.0
316,1789021094.5329587,loss/backward,162.58461685180663
316,1789021094.5329587,loss/detect_mean,1.9197090417146683
316,1789021094.5329587,loss/joint_mean,2.5403846383094786
316,1789021094.5329587,loss/pose_mean,5.023087024688721
316,1789021094.5329587,lr/attention.decay,0.0
316,1789021094.5329587,lr/attention.no_decay,0.0
316,1789021094.5329587,lr/backbone.decay,0.0
316,1789021094.5329587,lr/backbone.no_decay,0.0
316,1789021094.5329587,lr/detect_head.decay,0.00014323974082073435
316,1789021094.5329587,lr/detect_head.no_decay,0.00014323974082073435
316,1789021094.5329587,lr/masf.decay,7.161987041036717e-06
316,1789021094.5329587,lr/masf.no_decay,7.161987041036717e-06
316,1789021094.5329587,lr/neck.decay,5.371490280777537e-05
316,1789021094.5329587,lr/neck.no_decay,5.371490280777537e-05
316,1789021094.5329587,lr/pose_head.decay,0.00014323974082073435
316,1789021094.5329587,lr/pose_head.no_decay,0.00014323974082073435
316,1789021094.5329587,pose/component_0,1.094036340713501
316,1789021094.5329587,pose/component_1,0.08088472485542297
316,1789021094.5329587,pose/component_2,0.031234141439199448
316,1789021094.5329587,pose/component_3,0.7850505709648132
316,1789021094.5329587,pose/component_4,0.005906658247113228
316,1789021094.5329587,pose/component_5,2.236876964569092
317,1789021095.6806471,amp/overflow_retries,0.0
317,1789021095.6806471,amp/scale,64.0
317,1789021095.6806471,detect/component_0,1.1212732791900635
317,1789021095.6806471,detect/component_1,1.0666890144348145
317,1789021095.6806471,detect/component_2,0.00734260119497776
317,1789021095.6806471,gradient/clipped_norm,1633.489501953125
317,1789021095.6806471,images/detect,256.0
317,1789021095.6806471,images/pose,16.0
317,1789021095.6806471,loss/backward,160.44031829833983
317,1789021095.6806471,loss/detect_mean,1.861532300710678
317,1789021095.6806471,loss/joint_mean,2.50687997341156
317,1789021095.6806471,loss/pose_mean,5.088270664215088
317,1789021095.6806471,lr/attention.decay,0.0
317,1789021095.6806471,lr/attention.no_decay,0.0
317,1789021095.6806471,lr/backbone.decay,0.0
317,1789021095.6806471,lr/backbone.no_decay,0.0
317,1789021095.6806471,lr/detect_head.decay,0.00014362850971922248
317,1789021095.6806471,lr/detect_head.no_decay,0.00014362850971922248
317,1789021095.6806471,lr/masf.decay,7.1814254859611245e-06
317,1789021095.6806471,lr/masf.no_decay,7.1814254859611245e-06
317,1789021095.6806471,lr/neck.decay,5.386069114470842e-05
317,1789021095.6806471,lr/neck.no_decay,5.386069114470842e-05
317,1789021095.6806471,lr/pose_head.decay,0.00014362850971922248
317,1789021095.6806471,lr/pose_head.no_decay,0.00014362850971922248
317,1789021095.6806471,pose/component_0,1.2394640445709229
317,1789021095.6806471,pose/component_1,0.12911038100719452
317,1789021095.6806471,pose/component_2,0.21947762370109558
317,1789021095.6806471,pose/component_3,0.9304436445236206
317,1789021095.6806471,pose/component_4,0.004547595977783203
317,1789021095.6806471,pose/component_5,2.438556432723999
318,1789021096.8350985,amp/overflow_retries,0.0
318,1789021096.8350985,amp/scale,64.0
318,1789021096.8350985,detect/component_0,1.0930241346359253
318,1789021096.8350985,detect/component_1,0.9869532585144043
318,1789021096.8350985,detect/component_2,0.007647566497325897
318,1789021096.8350985,gradient/clipped_norm,1444.0223388671875
318,1789021096.8350985,images/detect,256.0
318,1789021096.8350985,images/pose,16.0
318,1789021096.8350985,loss/backward,155.2007164001465
318,1789021096.8350985,loss/detect_mean,1.7838145941495895
318,1789021096.8350985,loss/joint_mean,2.425011193752289
318,1789021096.8350985,loss/pose_mean,4.989797592163086
318,1789021096.8350985,lr/attention.decay,0.0
318,1789021096.8350985,lr/attention.no_decay,0.0
318,1789021096.8350985,lr/backbone.decay,0.0
318,1789021096.8350985,lr/backbone.no_decay,0.0
318,1789021096.8350985,lr/detect_head.decay,0.00014401727861771058
318,1789021096.8350985,lr/detect_head.no_decay,0.00014401727861771058
318,1789021096.8350985,lr/masf.decay,7.200863930885529e-06
318,1789021096.8350985,lr/masf.no_decay,7.200863930885529e-06
318,1789021096.8350985,lr/neck.decay,5.4006479481641455e-05
318,1789021096.8350985,lr/neck.no_decay,5.4006479481641455e-05
318,1789021096.8350985,lr/pose_head.decay,0.00014401727861771058
318,1789021096.8350985,lr/pose_head.no_decay,0.00014401727861771058
318,1789021096.8350985,pose/component_0,1.1953415870666504
318,1789021096.8350985,pose/component_1,0.06164158135652542
318,1789021096.8350985,pose/component_2,0.05688082054257393
318,1789021096.8350985,pose/component_3,1.1217259168624878
318,1789021096.8350985,pose/component_4,0.008166979067027569
318,1789021096.8350985,pose/component_5,1.7814077138900757
319,1789021097.9881656,amp/overflow_retries,0.0
319,1789021097.9881656,amp/scale,64.0
319,1789021097.9881656,detect/component_0,1.0999847650527954
319,1789021097.9881656,detect/component_1,1.0173861980438232
319,1789021097.9881656,detect/component_2,0.007136393338441849
319,1789021097.9881656,gradient/clipped_norm,1831.6639404296875
319,1789021097.9881656,images/detect,256.0
319,1789021097.9881656,images/pose,16.0
319,1789021097.9881656,loss/backward,202.9704490661621
319,1789021097.9881656,loss/detect_mean,1.8017852753400803
319,1789021097.9881656,loss/joint_mean,3.171413266658783
319,1789021097.9881656,loss/pose_mean,8.649925231933594
319,1789021097.9881656,lr/attention.decay,0.0
319,1789021097.9881656,lr/attention.no_decay,0.0
319,1789021097.9881656,lr/backbone.decay,0.0
319,1789021097.9881656,lr/backbone.no_decay,0.0
319,1789021097.9881656,lr/detect_head.decay,0.0001444060475161987
319,1789021097.9881656,lr/detect_head.no_decay,0.0001444060475161987
319,1789021097.9881656,lr/masf.decay,7.220302375809935e-06
319,1789021097.9881656,lr/masf.no_decay,7.220302375809935e-06
319,1789021097.9881656,lr/neck.decay,5.415226781857451e-05
319,1789021097.9881656,lr/neck.no_decay,5.415226781857451e-05
319,1789021097.9881656,lr/pose_head.decay,0.0001444060475161987
319,1789021097.9881656,lr/pose_head.no_decay,0.0001444060475161987
319,1789021097.9881656,pose/component_0,1.5662472248077393
319,1789021097.9881656,pose/component_1,0.4262109398841858
319,1789021097.9881656,pose/component_2,0.14065425097942352
319,1789021097.9881656,pose/component_3,1.0087369680404663
319,1789021097.9881656,pose/component_4,0.00998703483492136
319,1789021097.9881656,pose/component_5,4.9605607986450195
320,1789021099.1429791,amp/overflow_retries,0.0
320,1789021099.1429791,amp/scale,64.0
320,1789021099.1429791,detect/component_0,1.14231276512146
320,1789021099.1429791,detect/component_1,1.04057776927948
320,1789021099.1429791,detect/component_2,0.007699690293520689
320,1789021099.1429791,gradient/clipped_norm,2223.087158203125
320,1789021099.1429791,images/detect,256.0
320,1789021099.1429791,images/pose,16.0
320,1789021099.1429791,loss/backward,176.40029678344726
320,1789021099.1429791,loss/detect_mean,1.8556702882051468
320,1789021099.1429791,loss/joint_mean,2.7562546372413634
320,1789021099.1429791,loss/pose_mean,6.3585920333862305
320,1789021099.1429791,lr/attention.decay,0.0
320,1789021099.1429791,lr/attention.no_decay,0.0
320,1789021099.1429791,lr/backbone.decay,0.0
320,1789021099.1429791,lr/backbone.no_decay,0.0
320,1789021099.1429791,lr/detect_head.decay,0.00014479481641468681
320,1789021099.1429791,lr/detect_head.no_decay,0.00014479481641468681
320,1789021099.1429791,lr/masf.decay,7.239740820734341e-06
320,1789021099.1429791,lr/masf.no_decay,7.239740820734341e-06
320,1789021099.1429791,lr/neck.decay,5.429805615550755e-05
320,1789021099.1429791,lr/neck.no_decay,5.429805615550755e-05
320,1789021099.1429791,lr/pose_head.decay,0.00014479481641468681
320,1789021099.1429791,lr/pose_head.no_decay,0.00014479481641468681
320,1789021099.1429791,pose/component_0,1.3219293355941772
320,1789021099.1429791,pose/component_1,0.058239106088876724
320,1789021099.1429791,pose/component_2,0.09166521579027176
320,1789021099.1429791,pose/component_3,0.7999407052993774
320,1789021099.1429791,pose/component_4,0.00591614656150341
320,1789021099.1429791,pose/component_5,1.755592703819275
321,1789021100.2948143,amp/overflow_retries,0.0
321,1789021100.2948143,amp/scale,64.0
321,1789021100.2948143,detect/component_0,1.1549203395843506
321,1789021100.2948143,detect/component_1,1.0349692106246948
321,1789021100.2948143,detect/component_2,0.007511049043387175
321,1789021100.2948143,gradient/clipped_norm,1937.235107421875
321,1789021100.2948143,images/detect,256.0
321,1789021100.2948143,images/pose,16.0
321,1789021100.2948143,loss/backward,170.4925277709961
321,1789021100.2948143,loss/detect_mean,1.8742731511592865
321,1789021100.2948143,loss/joint_mean,2.663945746421814
321,1789021100.2948143,loss/pose_mean,5.822636127471924
321,1789021100.2948143,lr/attention.decay,0.0
321,1789021100.2948143,lr/attention.no_decay,0.0
321,1789021100.2948143,lr/backbone.decay,0.0
321,1789021100.2948143,lr/backbone.no_decay,0.0
321,1789021100.2948143,lr/detect_head.decay,0.00014518358531317494
321,1789021100.2948143,lr/detect_head.no_decay,0.00014518358531317494
321,1789021100.2948143,lr/masf.decay,7.259179265658748e-06
321,1789021100.2948143,lr/masf.no_decay,7.259179265658748e-06
321,1789021100.2948143,lr/neck.decay,5.44438444924406e-05
321,1789021100.2948143,lr/neck.no_decay,5.44438444924406e-05
321,1789021100.2948143,lr/pose_head.decay,0.00014518358531317494
321,1789021100.2948143,lr/pose_head.no_decay,0.00014518358531317494
321,1789021100.2948143,pose/component_0,1.0742627382278442
321,1789021100.2948143,pose/component_1,0.24836242198944092
321,1789021100.2948143,pose/component_2,0.03963353484869003
321,1789021100.2948143,pose/component_3,0.674837052822113
321,1789021100.2948143,pose/component_4,0.007618210278451443
321,1789021100.2948143,pose/component_5,2.7371158599853516
322,1789021101.4429588,amp/overflow_retries,0.0
322,1789021101.4429588,amp/scale,64.0
322,1789021101.4429588,detect/component_0,1.1259138584136963
322,1789021101.4429588,detect/component_1,1.0583865642547607
322,1789021101.4429588,detect/component_2,0.00806942954659462
322,1789021101.4429588,gradient/clipped_norm,1461.334716796875
322,1789021101.4429588,images/detect,256.0
322,1789021101.4429588,images/pose,16.0
322,1789021101.4429588,loss/backward,168.3213737487793
322,1789021101.4429588,loss/detect_mean,1.8848123401403427
322,1789021101.4429588,loss/joint_mean,2.6300214648246767
322,1789021101.4429588,loss/pose_mean,5.610857963562012
322,1789021101.4429588,lr/attention.decay,0.0
322,1789021101.4429588,lr/attention.no_decay,0.0
322,1789021101.4429588,lr/backbone.decay,0.0
322,1789021101.4429588,lr/backbone.no_decay,0.0
322,1789021101.4429588,lr/detect_head.decay,0.00014557235421166307
322,1789021101.4429588,lr/detect_head.no_decay,0.00014557235421166307
322,1789021101.4429588,lr/masf.decay,7.2786177105831535e-06
322,1789021101.4429588,lr/masf.no_decay,7.2786177105831535e-06
322,1789021101.4429588,lr/neck.decay,5.458963282937364e-05
322,1789021101.4429588,lr/neck.no_decay,5.458963282937364e-05
322,1789021101.4429588,lr/pose_head.decay,0.00014557235421166307
322,1789021101.4429588,lr/pose_head.no_decay,0.00014557235421166307
322,1789021101.4429588,pose/component_0,1.6360844373703003
322,1789021101.4429588,pose/component_1,0.2892110049724579
322,1789021101.4429588,pose/component_2,0.0589936301112175
322,1789021101.4429588,pose/component_3,1.2082785367965698
322,1789021101.4429588,pose/component_4,0.0119724590331316
322,1789021101.4429588,pose/component_5,2.4493355751037598
323,1789021102.5912423,amp/overflow_retries,0.0
323,1789021102.5912423,amp/scale,64.0
323,1789021102.5912423,detect/component_0,1.1235888004302979
323,1789021102.5912423,detect/component_1,1.0145334005355835
323,1789021102.5912423,detect/component_2,0.00763716408982873
323,1789021102.5912423,gradient/clipped_norm,1064.4237060546875
323,1789021102.5912423,images/detect,256.0
323,1789021102.5912423,images/pose,16.0
323,1789021102.5912423,loss/backward,158.65853118896484
323,1789021102.5912423,loss/detect_mean,1.8411141335964203
323,1789021102.5912423,loss/joint_mean,2.4790395498275757
323,1789021102.5912423,loss/pose_mean,5.030741214752197
323,1789021102.5912423,lr/attention.decay,0.0
323,1789021102.5912423,lr/attention.no_decay,0.0
323,1789021102.5912423,lr/backbone.decay,0.0
323,1789021102.5912423,lr/backbone.no_decay,0.0
323,1789021102.5912423,lr/detect_head.decay,0.0001459611231101512
323,1789021102.5912423,lr/detect_head.no_decay,0.0001459611231101512
323,1789021102.5912423,lr/masf.decay,7.29805615550756e-06
323,1789021102.5912423,lr/masf.no_decay,7.29805615550756e-06
323,1789021102.5912423,lr/neck.decay,5.4735421166306695e-05
323,1789021102.5912423,lr/neck.no_decay,5.4735421166306695e-05
323,1789021102.5912423,lr/pose_head.decay,0.0001459611231101512
323,1789021102.5912423,lr/pose_head.no_decay,0.0001459611231101512
323,1789021102.5912423,pose/component_0,1.1383984088897705
323,1789021102.5912423,pose/component_1,0.11581091582775116
323,1789021102.5912423,pose/component_2,0.013248280622065067
323,1789021102.5912423,pose/component_3,0.6705629229545593
323,1789021102.5912423,pose/component_4,0.006471886765211821
323,1789021102.5912423,pose/component_5,2.7396116256713867
324,1789021103.7370675,amp/overflow_retries,0.0
324,1789021103.7370675,amp/scale,64.0
324,1789021103.7370675,detect/component_0,1.1761364936828613
324,1789021103.7370675,detect/component_1,1.0367859601974487
324,1789021103.7370675,detect/component_2,0.0077233328483998775
324,1789021103.7370675,gradient/clipped_norm,1368.2950439453125
324,1789021103.7370675,images/detect,256.0
324,1789021103.7370675,images/pose,16.0
324,1789021103.7370675,loss/backward,174.75428848266603
324,1789021103.7370675,loss/detect_mean,1.8744134455919266
324,1789021103.7370675,loss/joint_mean,2.7305357575416567
324,1789021103.7370675,loss/pose_mean,6.155025005340576
324,1789021103.7370675,lr/attention.decay,0.0
324,1789021103.7370675,lr/attention.no_decay,0.0
324,1789021103.7370675,lr/backbone.decay,0.0
324,1789021103.7370675,lr/backbone.no_decay,0.0
324,1789021103.7370675,lr/detect_head.decay,0.0001463498920086393
324,1789021103.7370675,lr/detect_head.no_decay,0.0001463498920086393
324,1789021103.7370675,lr/masf.decay,7.317494600431966e-06
324,1789021103.7370675,lr/masf.no_decay,7.317494600431966e-06
324,1789021103.7370675,lr/neck.decay,5.488120950323973e-05
324,1789021103.7370675,lr/neck.no_decay,5.488120950323973e-05
324,1789021103.7370675,lr/pose_head.decay,0.0001463498920086393
324,1789021103.7370675,lr/pose_head.no_decay,0.0001463498920086393
324,1789021103.7370675,pose/component_0,1.4006290435791016
324,1789021103.7370675,pose/component_1,0.2603304386138916
324,1789021103.7370675,pose/component_2,0.04833469167351723
324,1789021103.7370675,pose/component_3,1.006654977798462
324,1789021103.7370675,pose/component_4,0.00733271986246109
324,1789021103.7370675,pose/component_5,2.6725802421569824
325,1789021104.90922,amp/overflow_retries,0.0
325,1789021104.90922,amp/scale,64.0
325,1789021104.90922,detect/component_0,1.0888938903808594
325,1789021104.90922,detect/component_1,0.9449154734611511
325,1789021104.90922,detect/component_2,0.007210278883576393
325,1789021104.90922,gradient/clipped_norm,1166.69580078125
325,1789021104.90922,images/detect,256.0
325,1789021104.90922,images/pose,16.0
325,1789021104.90922,loss/backward,135.3547592163086
325,1789021104.90922,loss/detect_mean,1.7492272555828094
325,1789021104.90922,loss/joint_mean,2.1149181127548218
325,1789021104.90922,loss/pose_mean,3.577681541442871
325,1789021104.90922,lr/attention.decay,0.0
325,1789021104.90922,lr/attention.no_decay,0.0
325,1789021104.90922,lr/backbone.decay,0.0
325,1789021104.90922,lr/backbone.no_decay,0.0
325,1789021104.90922,lr/detect_head.decay,0.00014673866090712744
325,1789021104.90922,lr/detect_head.no_decay,0.00014673866090712744
325,1789021104.90922,lr/masf.decay,7.3369330453563725e-06
325,1789021104.90922,lr/masf.no_decay,7.3369330453563725e-06
325,1789021104.90922,lr/neck.decay,5.5026997840172785e-05
325,1789021104.90922,lr/neck.no_decay,5.5026997840172785e-05
325,1789021104.90922,lr/pose_head.decay,0.00014673866090712744
325,1789021104.90922,lr/pose_head.no_decay,0.00014673866090712744
325,1789021104.90922,pose/component_0,1.1286574602127075
325,1789021104.90922,pose/component_1,0.15510502457618713
325,1789021104.90922,pose/component_2,0.01768495887517929
325,1789021104.90922,pose/component_3,0.8045757412910461
325,1789021104.90922,pose/component_4,0.003273672889918089
325,1789021104.90922,pose/component_5,1.1014268398284912
326,1789021106.1321952,amp/overflow_retries,0.0
326,1789021106.1321952,amp/scale,64.0
326,1789021106.1321952,detect/component_0,1.1033899784088135
326,1789021106.1321952,detect/component_1,1.0214154720306396
326,1789021106.1321952,detect/component_2,0.007064236793667078
326,1789021106.1321952,gradient/clipped_norm,1472.1507568359375
326,1789021106.1321952,images/detect,256.0
326,1789021106.1321952,images/pose,16.0
326,1789021106.1321952,loss/backward,161.68200607299804
326,1789021106.1321952,loss/detect_mean,1.8235423415899277
326,1789021106.1321952,loss/joint_mean,2.5262813448905943
326,1789021106.1321952,loss/pose_mean,5.337237358093262
326,1789021106.1321952,lr/attention.decay,0.0
326,1789021106.1321952,lr/attention.no_decay,0.0
326,1789021106.1321952,lr/backbone.decay,0.0
326,1789021106.1321952,lr/backbone.no_decay,0.0
326,1789021106.1321952,lr/detect_head.decay,0.00014712742980561557
326,1789021106.1321952,lr/detect_head.no_decay,0.00014712742980561557
326,1789021106.1321952,lr/masf.decay,7.356371490280778e-06
326,1789021106.1321952,lr/masf.no_decay,7.356371490280778e-06
326,1789021106.1321952,lr/neck.decay,5.5172786177105824e-05
326,1789021106.1321952,lr/neck.no_decay,5.5172786177105824e-05
326,1789021106.1321952,lr/pose_head.decay,0.00014712742980561557
326,1789021106.1321952,lr/pose_head.no_decay,0.00014712742980561557
326,1789021106.1321952,pose/component_0,1.3081231117248535
326,1789021106.1321952,pose/component_1,0.0906735360622406
326,1789021106.1321952,pose/component_2,0.10553183406591415
326,1789021106.1321952,pose/component_3,0.6673634648323059
326,1789021106.1321952,pose/component_4,0.004899794235825539
326,1789021106.1321952,pose/component_5,1.9263288974761963
327,1789021107.304586,amp/overflow_retries,0.0
327,1789021107.304586,amp/scale,64.0
327,1789021107.304586,detect/component_0,1.1330550909042358
327,1789021107.304586,detect/component_1,1.0429539680480957
327,1789021107.304586,detect/component_2,0.00792133528739214
327,1789021107.304586,gradient/clipped_norm,1517.58154296875
327,1789021107.304586,images/detect,256.0
327,1789021107.304586,images/pose,16.0
327,1789021107.304586,loss/backward,180.13742446899414
327,1789021107.304586,loss/detect_mean,1.8559593707323074
327,1789021107.304586,loss/joint_mean,2.8146472573280334
327,1789021107.304586,loss/pose_mean,6.6493988037109375
327,1789021107.304586,lr/attention.decay,0.0
327,1789021107.304586,lr/attention.no_decay,0.0
327,1789021107.304586,lr/backbone.decay,0.0
327,1789021107.304586,lr/backbone.no_decay,0.0
327,1789021107.304586,lr/detect_head.decay,0.00014751619870410367
327,1789021107.304586,lr/detect_head.no_decay,0.00014751619870410367
327,1789021107.304586,lr/masf.decay,7.3758099352051835e-06
327,1789021107.304586,lr/masf.no_decay,7.3758099352051835e-06
327,1789021107.304586,lr/neck.decay,5.531857451403887e-05
327,1789021107.304586,lr/neck.no_decay,5.531857451403887e-05
327,1789021107.304586,lr/pose_head.decay,0.00014751619870410367
327,1789021107.304586,lr/pose_head.no_decay,0.00014751619870410367
327,1789021107.304586,pose/component_0,1.8594822883605957
327,1789021107.304586,pose/component_1,0.07030978053808212
327,1789021107.304586,pose/component_2,0.1936514526605606
327,1789021107.304586,pose/component_3,1.0549806356430054
327,1789021107.304586,pose/component_4,0.0061953566037118435
327,1789021107.304586,pose/component_5,1.4062650203704834
328,1789021108.462123,amp/overflow_retries,0.0
328,1789021108.462123,amp/scale,64.0
328,1789021108.462123,detect/component_0,1.1756126880645752
328,1789021108.462123,detect/component_1,1.0811173915863037
328,1789021108.462123,detect/component_2,0.007936790585517883
328,1789021108.462123,gradient/clipped_norm,1502.6951904296875
328,1789021108.462123,images/detect,256.0
328,1789021108.462123,images/pose,16.0
328,1789021108.462123,loss/backward,170.92919464111327
328,1789021108.462123,loss/detect_mean,1.8995398581027985
328,1789021108.462123,loss/joint_mean,2.670768666267395
328,1789021108.462123,loss/pose_mean,5.755683898925781
328,1789021108.462123,lr/attention.decay,0.0
328,1789021108.462123,lr/attention.no_decay,0.0
328,1789021108.462123,lr/backbone.decay,0.0
328,1789021108.462123,lr/backbone.no_decay,0.0
328,1789021108.462123,lr/detect_head.decay,0.00014790496760259177
328,1789021108.462123,lr/detect_head.no_decay,0.00014790496760259177
328,1789021108.462123,lr/masf.decay,7.395248380129589e-06
328,1789021108.462123,lr/masf.no_decay,7.395248380129589e-06
328,1789021108.462123,lr/neck.decay,5.546436285097191e-05
328,1789021108.462123,lr/neck.no_decay,5.546436285097191e-05
328,1789021108.462123,lr/pose_head.decay,0.00014790496760259177
328,1789021108.462123,lr/pose_head.no_decay,0.00014790496760259177
328,1789021108.462123,pose/component_0,1.4421992301940918
328,1789021108.462123,pose/component_1,0.10149076581001282
328,1789021108.462123,pose/component_2,0.03563379868865013
328,1789021108.462123,pose/component_3,1.329185962677002
328,1789021108.462123,pose/component_4,0.00561077194288373
328,1789021108.462123,pose/component_5,1.606974482536316
329,1789021109.614121,amp/overflow_retries,0.0
329,1789021109.614121,amp/scale,64.0
329,1789021109.614121,detect/component_0,1.1744686365127563
329,1789021109.614121,detect/component_1,1.034406065940857
329,1789021109.614121,detect/component_2,0.00839615985751152
329,1789021109.614121,gradient/clipped_norm,1659.378173828125
329,1789021109.614121,images/detect,256.0
329,1789021109.614121,images/pose,16.0
329,1789021109.614121,loss/backward,170.8465660095215
329,1789021109.614121,loss/detect_mean,1.894358679652214
329,1789021109.614121,loss/joint_mean,2.6694775938987734
329,1789021109.614121,loss/pose_mean,5.76995325088501
329,1789021109.614121,lr/attention.decay,0.0
329,1789021109.614121,lr/attention.no_decay,0.0
329,1789021109.614121,lr/backbone.decay,0.0
329,1789021109.614121,lr/backbone.no_decay,0.0
329,1789021109.614121,lr/detect_head.decay,0.00014829373650107993
329,1789021109.614121,lr/detect_head.no_decay,0.00014829373650107993
329,1789021109.614121,lr/masf.decay,7.414686825053996e-06
329,1789021109.614121,lr/masf.no_decay,7.414686825053996e-06
329,1789021109.614121,lr/neck.decay,5.561015118790496e-05
329,1789021109.614121,lr/neck.no_decay,5.561015118790496e-05
329,1789021109.614121,lr/pose_head.decay,0.00014829373650107993
329,1789021109.614121,lr/pose_head.no_decay,0.00014829373650107993
329,1789021109.614121,pose/component_0,1.6366297006607056
329,1789021109.614121,pose/component_1,0.11140550673007965
329,1789021109.614121,pose/component_2,0.014267783612012863
329,1789021109.614121,pose/component_3,0.8695169687271118
329,1789021109.614121,pose/component_4,0.009226718917489052
329,1789021109.614121,pose/component_5,2.899566173553467
330,1789021110.7938414,amp/overflow_retries,0.0
330,1789021110.7938414,amp/scale,64.0
330,1789021110.7938414,detect/component_0,1.141067624092102
330,1789021110.7938414,detect/component_1,1.0431158542633057
330,1789021110.7938414,detect/component_2,0.008737515658140182
330,1789021110.7938414,gradient/clipped_norm,1389.5491943359375
330,1789021110.7938414,images/detect,256.0
330,1789021110.7938414,images/pose,16.0
330,1789021110.7938414,loss/backward,165.41790695190429
330,1789021110.7938414,loss/detect_mean,1.8768528550863266
330,1789021110.7938414,loss/joint_mean,2.5846547961235045
330,1789021110.7938414,loss/pose_mean,5.415862560272217
330,1789021110.7938414,lr/attention.decay,0.0
330,1789021110.7938414,lr/attention.no_decay,0.0
330,1789021110.7938414,lr/backbone.decay,0.0
330,1789021110.7938414,lr/backbone.no_decay,0.0
330,1789021110.7938414,lr/detect_head.decay,0.00014868250539956803
330,1789021110.7938414,lr/detect_head.no_decay,0.00014868250539956803
330,1789021110.7938414,lr/masf.decay,7.434125269978402e-06
330,1789021110.7938414,lr/masf.no_decay,7.434125269978402e-06
330,1789021110.7938414,lr/neck.decay,5.5755939524838005e-05
330,1789021110.7938414,lr/neck.no_decay,5.5755939524838005e-05
330,1789021110.7938414,lr/pose_head.decay,0.00014868250539956803
330,1789021110.7938414,lr/pose_head.no_decay,0.00014868250539956803
330,1789021110.7938414,pose/component_0,1.7057515382766724
330,1789021110.7938414,pose/component_1,0.10062005370855331
330,1789021110.7938414,pose/component_2,0.09238213300704956
330,1789021110.7938414,pose/component_3,0.801842987537384
330,1789021110.7938414,pose/component_4,0.006032207049429417
330,1789021110.7938414,pose/component_5,2.088287591934204
331,1789021111.939616,amp/overflow_retries,0.0
331,1789021111.939616,amp/scale,64.0
331,1789021111.939616,detect/component_0,1.1570504903793335
331,1789021111.939616,detect/component_1,1.0597560405731201
331,1789021111.939616,detect/component_2,0.008008192293345928
331,1789021111.939616,gradient/clipped_norm,1874.6756591796875
331,1789021111.939616,images/detect,256.0
331,1789021111.939616,images/pose,16.0
331,1789021111.939616,loss/backward,178.11768341064453
331,1789021111.939616,loss/detect_mean,1.925722986459732
331,1789021111.939616,loss/joint_mean,2.783088803291321
331,1789021111.939616,loss/pose_mean,6.212552070617676
331,1789021111.939616,lr/attention.decay,0.0
331,1789021111.939616,lr/attention.no_decay,0.0
331,1789021111.939616,lr/backbone.decay,0.0
331,1789021111.939616,lr/backbone.no_decay,0.0
331,1789021111.939616,lr/detect_head.decay,0.00014907127429805616
331,1789021111.939616,lr/detect_head.no_decay,0.00014907127429805616
331,1789021111.939616,lr/masf.decay,7.453563714902809e-06
331,1789021111.939616,lr/masf.no_decay,7.453563714902809e-06
331,1789021111.939616,lr/neck.decay,5.590172786177105e-05
331,1789021111.939616,lr/neck.no_decay,5.590172786177105e-05
331,1789021111.939616,lr/pose_head.decay,0.00014907127429805616
331,1789021111.939616,lr/pose_head.no_decay,0.00014907127429805616
331,1789021111.939616,pose/component_0,1.460281252861023
331,1789021111.939616,pose/component_1,0.12181565165519714
331,1789021111.939616,pose/component_2,0.07964355498552322
331,1789021111.939616,pose/component_3,1.031943917274475
331,1789021111.939616,pose/component_4,0.0052122874185442924
331,1789021111.939616,pose/component_5,2.5696191787719727
332,1789021113.0879207,amp/overflow_retries,0.0
332,1789021113.0879207,amp/scale,64.0
332,1789021113.0879207,detect/component_0,1.0790191888809204
332,1789021113.0879207,detect/component_1,1.0176432132720947
332,1789021113.0879207,detect/component_2,0.007961636409163475
332,1789021113.0879207,gradient/clipped_norm,2041.8690185546875
332,1789021113.0879207,images/detect,256.0
332,1789021113.0879207,images/pose,16.0
332,1789021113.0879207,loss/backward,180.5176223754883
332,1789021113.0879207,loss/detect_mean,1.785798579454422
332,1789021113.0879207,loss/joint_mean,2.8205878496170045
332,1789021113.0879207,loss/pose_mean,6.959744930267334
332,1789021113.0879207,lr/attention.decay,0.0
332,1789021113.0879207,lr/attention.no_decay,0.0
332,1789021113.0879207,lr/backbone.decay,0.0
332,1789021113.0879207,lr/backbone.no_decay,0.0
332,1789021113.0879207,lr/detect_head.decay,0.00014946004319654426
332,1789021113.0879207,lr/detect_head.no_decay,0.00014946004319654426
332,1789021113.0879207,lr/masf.decay,7.473002159827214e-06
332,1789021113.0879207,lr/masf.no_decay,7.473002159827214e-06
332,1789021113.0879207,lr/neck.decay,5.6047516198704096e-05
332,1789021113.0879207,lr/neck.no_decay,5.6047516198704096e-05
332,1789021113.0879207,lr/pose_head.decay,0.00014946004319654426
332,1789021113.0879207,lr/pose_head.no_decay,0.00014946004319654426
332,1789021113.0879207,pose/component_0,1.5317330360412598
332,1789021113.0879207,pose/component_1,0.0652826651930809
332,1789021113.0879207,pose/component_2,0.06142721697688103
332,1789021113.0879207,pose/component_3,0.7220845818519592
332,1789021113.0879207,pose/component_4,0.005860532633960247
332,1789021113.0879207,pose/component_5,2.700662851333618
333,1789021114.2444506,amp/overflow_retries,0.0
333,1789021114.2444506,amp/scale,64.0
333,1789021114.2444506,detect/component_0,1.0879546403884888
333,1789021114.2444506,detect/component_1,1.0393884181976318
333,1789021114.2444506,detect/component_2,0.0073486436158418655
333,1789021114.2444506,gradient/clipped_norm,1519.9381103515625
333,1789021114.2444506,images/detect,256.0
333,1789021114.2444506,images/pose,16.0
333,1789021114.2444506,loss/backward,160.07636642456055
333,1789021114.2444506,loss/detect_mean,1.818951353430748
333,1789021114.2444506,loss/joint_mean,2.5011932253837585
333,1789021114.2444506,loss/pose_mean,5.230160713195801
333,1789021114.2444506,lr/attention.decay,0.0
333,1789021114.2444506,lr/attention.no_decay,0.0
333,1789021114.2444506,lr/backbone.decay,0.0
333,1789021114.2444506,lr/backbone.no_decay,0.0
333,1789021114.2444506,lr/detect_head.decay,0.00014984881209503242
333,1789021114.2444506,lr/detect_head.no_decay,0.00014984881209503242
333,1789021114.2444506,lr/masf.decay,7.4924406047516206e-06
333,1789021114.2444506,lr/masf.no_decay,7.4924406047516206e-06
333,1789021114.2444506,lr/neck.decay,5.619330453563715e-05
333,1789021114.2444506,lr/neck.no_decay,5.619330453563715e-05
333,1789021114.2444506,lr/pose_head.decay,0.00014984881209503242
333,1789021114.2444506,lr/pose_head.no_decay,0.00014984881209503242
333,1789021114.2444506,pose/component_0,1.397875428199768
333,1789021114.2444506,pose/component_1,0.08008598536252975
333,1789021114.2444506,pose/component_2,0.05942346528172493
333,1789021114.2444506,pose/component_3,0.687386691570282
333,1789021114.2444506,pose/component_4,0.004580794367939234
333,1789021114.2444506,pose/component_5,2.0130972862243652
334,1789021115.4321415,amp/overflow_retries,0.0
334,1789021115.4321415,amp/scale,64.0
334,1789021115.4321415,detect/component_0,1.1931605339050293
334,1789021115.4321415,detect/component_1,1.0959349870681763
334,1789021115.4321415,detect/component_2,0.007562872022390366
334,1789021115.4321415,gradient/clipped_norm,1611.22412109375
334,1789021115.4321415,images/detect,256.0
334,1789021115.4321415,images/pose,16.0
334,1789021115.4321415,loss/backward,185.71575546264648
334,1789021115.4321415,loss/detect_mean,1.9430758208036423
334,1789021115.4321415,loss/joint_mean,2.9018086791038513
334,1789021115.4321415,loss/pose_mean,6.7367401123046875
334,1789021115.4321415,lr/attention.decay,0.0
334,1789021115.4321415,lr/attention.no_decay,0.0
334,1789021115.4321415,lr/backbone.decay,0.0
334,1789021115.4321415,lr/backbone.no_decay,0.0
334,1789021115.4321415,lr/detect_head.decay,0.00015023758099352052
334,1789021115.4321415,lr/detect_head.no_decay,0.00015023758099352052
334,1789021115.4321415,lr/masf.decay,7.511879049676026e-06
334,1789021115.4321415,lr/masf.no_decay,7.511879049676026e-06
334,1789021115.4321415,lr/neck.decay,5.6339092872570186e-05
334,1789021115.4321415,lr/neck.no_decay,5.6339092872570186e-05
334,1789021115.4321415,lr/pose_head.decay,0.00015023758099352052
334,1789021115.4321415,lr/pose_head.no_decay,0.00015023758099352052
334,1789021115.4321415,pose/component_0,1.0762048959732056
334,1789021115.4321415,pose/component_1,0.13879764080047607
334,1789021115.4321415,pose/component_2,0.03018735721707344
334,1789021115.4321415,pose/component_3,0.7221108675003052
334,1789021115.4321415,pose/component_4,0.009627621620893478
334,1789021115.4321415,pose/component_5,4.233298301696777
335,1789021116.6029866,amp/overflow_retries,0.0
335,1789021116.6029866,amp/scale,64.0
335,1789021116.6029866,detect/component_0,1.1069490909576416
335,1789021116.6029866,detect/component_1,1.0154685974121094
335,1789021116.6029866,detect/component_2,0.007912671193480492
335,1789021116.6029866,gradient/clipped_norm,1313.1265869140625
335,1789021116.6029866,images/detect,256.0
335,1789021116.6029866,images/pose,16.0
335,1789021116.6029866,loss/backward,159.44338760375976
335,1789021116.6029866,loss/detect_mean,1.862732246518135
335,1789021116.6029866,loss/joint_mean,2.4913029313087462
335,1789021116.6029866,loss/pose_mean,5.005585670471191
335,1789021116.6029866,lr/attention.decay,0.0
335,1789021116.6029866,lr/attention.no_decay,0.0
335,1789021116.6029866,lr/backbone.decay,0.0
335,1789021116.6029866,lr/backbone.no_decay,0.0
335,1789021116.6029866,lr/detect_head.decay,0.00015062634989200865
335,1789021116.6029866,lr/detect_head.no_decay,0.00015062634989200865
335,1789021116.6029866,lr/masf.decay,7.531317494600433e-06
335,1789021116.6029866,lr/masf.no_decay,7.531317494600433e-06
335,1789021116.6029866,lr/neck.decay,5.648488120950324e-05
335,1789021116.6029866,lr/neck.no_decay,5.648488120950324e-05
335,1789021116.6029866,lr/pose_head.decay,0.00015062634989200865
335,1789021116.6029866,lr/pose_head.no_decay,0.00015062634989200865
335,1789021116.6029866,pose/component_0,1.460780143737793
335,1789021116.6029866,pose/component_1,0.050134945660829544
335,1789021116.6029866,pose/component_2,0.020327623933553696
335,1789021116.6029866,pose/component_3,0.6267730593681335
335,1789021116.6029866,pose/component_4,0.00461677648127079
335,1789021116.6029866,pose/component_5,1.7181485891342163
336,1789021117.7630737,amp/overflow_retries,0.0
336,1789021117.7630737,amp/scale,64.0
336,1789021117.7630737,detect/component_0,1.143784761428833
336,1789021117.7630737,detect/component_1,1.0800838470458984
336,1789021117.7630737,detect/component_2,0.008257856592535973
336,1789021117.7630737,gradient/clipped_norm,1729.446533203125
336,1789021117.7630737,images/detect,256.0
336,1789021117.7630737,images/pose,16.0
336,1789021117.7630737,loss/backward,160.2438003540039
336,1789021117.7630737,loss/detect_mean,1.915926605463028
336,1789021117.7630737,loss/joint_mean,2.503809380531311
336,1789021117.7630737,loss/pose_mean,4.855340480804443
336,1789021117.7630737,lr/attention.decay,0.0
336,1789021117.7630737,lr/attention.no_decay,0.0
336,1789021117.7630737,lr/backbone.decay,0.0
336,1789021117.7630737,lr/backbone.no_decay,0.0
336,1789021117.7630737,lr/detect_head.decay,0.00015101511879049676
336,1789021117.7630737,lr/detect_head.no_decay,0.00015101511879049676
336,1789021117.7630737,lr/masf.decay,7.550755939524839e-06
336,1789021117.7630737,lr/masf.no_decay,7.550755939524839e-06
336,1789021117.7630737,lr/neck.decay,5.663066954643628e-05
336,1789021117.7630737,lr/neck.no_decay,5.663066954643628e-05
336,1789021117.7630737,lr/pose_head.decay,0.00015101511879049676
336,1789021117.7630737,lr/pose_head.no_decay,0.00015101511879049676
336,1789021117.7630737,pose/component_0,1.1093107461929321
336,1789021117.7630737,pose/component_1,0.036672092974185944
336,1789021117.7630737,pose/component_2,0.12154845148324966
336,1789021117.7630737,pose/component_3,0.4065864384174347
336,1789021117.7630737,pose/component_4,0.005729096941649914
336,1789021117.7630737,pose/component_5,1.795565128326416
337,1789021118.914832,amp/overflow_retries,0.0
337,1789021118.914832,amp/scale,64.0
337,1789021118.914832,detect/component_0,1.1065192222595215
337,1789021118.914832,detect/component_1,1.032975673675537
337,1789021118.914832,detect/component_2,0.008293649181723595
337,1789021118.914832,gradient/clipped_norm,1201.658203125
337,1789021118.914832,images/detect,256.0
337,1789021118.914832,images/pose,16.0
337,1789021118.914832,loss/backward,149.8524543762207
337,1789021118.914832,loss/detect_mean,1.8796274811029434
337,1789021118.914832,loss/joint_mean,2.3414445996284483
337,1789021118.914832,loss/pose_mean,4.188713073730469
337,1789021118.914832,lr/attention.decay,0.0
337,1789021118.914832,lr/attention.no_decay,0.0
337,1789021118.914832,lr/backbone.decay,0.0
337,1789021118.914832,lr/backbone.no_decay,0.0
337,1789021118.914832,lr/detect_head.decay,0.0001514038876889849
337,1789021118.914832,lr/detect_head.no_decay,0.0001514038876889849
337,1789021118.914832,lr/masf.decay,7.570194384449244e-06
337,1789021118.914832,lr/masf.no_decay,7.570194384449244e-06
337,1789021118.914832,lr/neck.decay,5.677645788336932e-05
337,1789021118.914832,lr/neck.no_decay,5.677645788336932e-05
337,1789021118.914832,lr/pose_head.decay,0.0001514038876889849
337,1789021118.914832,lr/pose_head.no_decay,0.0001514038876889849
337,1789021118.914832,pose/component_0,1.0842498540878296
337,1789021118.914832,pose/component_1,0.04886433854699135
337,1789021118.914832,pose/component_2,0.016199907287955284
337,1789021118.914832,pose/component_3,0.5727195739746094
337,1789021118.914832,pose/component_4,0.003109792247414589
337,1789021118.914832,pose/component_5,1.175371766090393
338,1789021120.0939596,amp/overflow_retries,0.0
338,1789021120.0939596,amp/scale,64.0
338,1789021120.0939596,detect/component_0,1.1686060428619385
338,1789021120.0939596,detect/component_1,1.0973485708236694
338,1789021120.0939596,detect/component_2,0.007707998622208834
338,1789021120.0939596,gradient/clipped_norm,1435.767578125
338,1789021120.0939596,images/detect,256.0
338,1789021120.0939596,images/pose,16.0
338,1789021120.0939596,loss/backward,163.53398208618165
338,1789021120.0939596,loss/detect_mean,1.9334206134080887
338,1789021120.0939596,loss/joint_mean,2.5552184700965883
338,1789021120.0939596,loss/pose_mean,5.042409896850586
338,1789021120.0939596,lr/attention.decay,0.0
338,1789021120.0939596,lr/attention.no_decay,0.0
338,1789021120.0939596,lr/backbone.decay,0.0
338,1789021120.0939596,lr/backbone.no_decay,0.0
338,1789021120.0939596,lr/detect_head.decay,0.00015179265658747302
338,1789021120.0939596,lr/detect_head.no_decay,0.00015179265658747302
338,1789021120.0939596,lr/masf.decay,7.589632829373651e-06
338,1789021120.0939596,lr/masf.no_decay,7.589632829373651e-06
338,1789021120.0939596,lr/neck.decay,5.6922246220302374e-05
338,1789021120.0939596,lr/neck.no_decay,5.6922246220302374e-05
338,1789021120.0939596,lr/pose_head.decay,0.00015179265658747302
338,1789021120.0939596,lr/pose_head.no_decay,0.00015179265658747302
338,1789021120.0939596,pose/component_0,1.6385486125946045
338,1789021120.0939596,pose/component_1,0.09685568511486053
338,1789021120.0939596,pose/component_2,0.04054483771324158
338,1789021120.0939596,pose/component_3,0.6742804050445557
338,1789021120.0939596,pose/component_4,0.005614275112748146
338,1789021120.0939596,pose/component_5,1.8189103603363037
339,1789021121.2517002,amp/overflow_retries,0.0
339,1789021121.2517002,amp/scale,64.0
339,1789021121.2517002,detect/component_0,1.1746081113815308
339,1789021121.2517002,detect/component_1,1.055417537689209
339,1789021121.2517002,detect/component_2,0.007328284904360771
339,1789021121.2517002,gradient/clipped_norm,1457.943359375
339,1789021121.2517002,images/detect,256.0
339,1789021121.2517002,images/pose,16.0
339,1789021121.2517002,loss/backward,158.33894958496094
339,1789021121.2517002,loss/detect_mean,1.9195532202720642
339,1789021121.2517002,loss/joint_mean,2.4740460872650147
339,1789021121.2517002,loss/pose_mean,4.692017555236816
339,1789021121.2517002,lr/attention.decay,0.0
339,1789021121.2517002,lr/attention.no_decay,0.0
339,1789021121.2517002,lr/backbone.decay,0.0
339,1789021121.2517002,lr/backbone.no_decay,0.0
339,1789021121.2517002,lr/detect_head.decay,0.00015218142548596112
339,1789021121.2517002,lr/detect_head.no_decay,0.00015218142548596112
339,1789021121.2517002,lr/masf.decay,7.609071274298057e-06
339,1789021121.2517002,lr/masf.no_decay,7.609071274298057e-06
339,1789021121.2517002,lr/neck.decay,5.706803455723541e-05
339,1789021121.2517002,lr/neck.no_decay,5.706803455723541e-05
339,1789021121.2517002,lr/pose_head.decay,0.00015218142548596112
339,1789021121.2517002,lr/pose_head.no_decay,0.00015218142548596112
339,1789021121.2517002,pose/component_0,1.1151469945907593
339,1789021121.2517002,pose/component_1,0.02982860431075096
339,1789021121.2517002,pose/component_2,0.044270023703575134
339,1789021121.2517002,pose/component_3,0.891409158706665
339,1789021121.2517002,pose/component_4,0.005162142217159271
339,1789021121.2517002,pose/component_5,1.6141290664672852
340,1789021122.3980265,amp/overflow_retries,0.0
340,1789021122.3980265,amp/scale,64.0
340,1789021122.3980265,detect/component_0,1.1315743923187256
340,1789021122.3980265,detect/component_1,1.0818862915039062
340,1789021122.3980265,detect/component_2,0.007688047830015421
340,1789021122.3980265,gradient/clipped_norm,1440.156982421875
340,1789021122.3980265,images/detect,256.0
340,1789021122.3980265,images/pose,16.0
340,1789021122.3980265,loss/backward,155.53423385620118
340,1789021122.3980265,loss/detect_mean,1.8672839254140854
340,1789021122.3980265,loss/joint_mean,2.4302224040031435
340,1789021122.3980265,loss/pose_mean,4.681976318359375
340,1789021122.3980265,lr/attention.decay,0.0
340,1789021122.3980265,lr/attention.no_decay,0.0
340,1789021122.3980265,lr/backbone.decay,0.0
340,1789021122.3980265,lr/backbone.no_decay,0.0
340,1789021122.3980265,lr/detect_head.decay,0.00015257019438444925
340,1789021122.3980265,lr/detect_head.no_decay,0.00015257019438444925
340,1789021122.3980265,lr/masf.decay,7.628509719222463e-06
340,1789021122.3980265,lr/masf.no_decay,7.628509719222463e-06
340,1789021122.3980265,lr/neck.decay,5.7213822894168465e-05
340,1789021122.3980265,lr/neck.no_decay,5.7213822894168465e-05
340,1789021122.3980265,lr/pose_head.decay,0.00015257019438444925
340,1789021122.3980265,lr/pose_head.no_decay,0.00015257019438444925
340,1789021122.3980265,pose/component_0,1.239436388015747
340,1789021122.3980265,pose/component_1,0.10785149037837982
340,1789021122.3980265,pose/component_2,0.09055526554584503
340,1789021122.3980265,pose/component_3,0.8860284686088562
340,1789021122.3980265,pose/component_4,0.006789304316043854
340,1789021122.3980265,pose/component_5,1.560708999633789
341,1789021123.5533767,amp/overflow_retries,0.0
341,1789021123.5533767,amp/scale,64.0
341,1789021123.5533767,detect/component_0,1.118178367614746
341,1789021123.5533767,detect/component_1,1.07122802734375
341,1789021123.5533767,detect/component_2,0.007694873958826065
341,1789021123.5533767,gradient/clipped_norm,1471.2987060546875
341,1789021123.5533767,images/detect,256.0
341,1789021123.5533767,images/pose,16.0
341,1789021123.5533767,loss/backward,161.79811477661133
341,1789021123.5533767,loss/detect_mean,1.888103261590004
341,1789021123.5533767,loss/joint_mean,2.528095543384552
341,1789021123.5533767,loss/pose_mean,5.088064670562744
341,1789021123.5533767,lr/attention.decay,0.0
341,1789021123.5533767,lr/attention.no_decay,0.0
341,1789021123.5533767,lr/backbone.decay,0.0
341,1789021123.5533767,lr/backbone.no_decay,0.0
341,1789021123.5533767,lr/detect_head.decay,0.00015295896328293738
341,1789021123.5533767,lr/detect_head.no_decay,0.00015295896328293738
341,1789021123.5533767,lr/masf.decay,7.647948164146869e-06
341,1789021123.5533767,lr/masf.no_decay,7.647948164146869e-06
341,1789021123.5533767,lr/neck.decay,5.735961123110151e-05
341,1789021123.5533767,lr/neck.no_decay,5.735961123110151e-05
341,1789021123.5533767,lr/pose_head.decay,0.00015295896328293738
341,1789021123.5533767,lr/pose_head.no_decay,0.00015295896328293738
341,1789021123.5533767,pose/component_0,1.5359070301055908
341,1789021123.5533767,pose/component_1,0.06296718120574951
341,1789021123.5533767,pose/component_2,0.12599028646945953
341,1789021123.5533767,pose/component_3,1.0144301652908325
341,1789021123.5533767,pose/component_4,0.005213093478232622
341,1789021123.5533767,pose/component_5,1.3591066598892212
342,1789021124.7114704,amp/overflow_retries,0.0
342,1789021124.7114704,amp/scale,64.0
342,1789021124.7114704,detect/component_0,1.0896764993667603
342,1789021124.7114704,detect/component_1,1.0182701349258423
342,1789021124.7114704,detect/component_2,0.008271113969385624
342,1789021124.7114704,gradient/clipped_norm,1244.788330078125
342,1789021124.7114704,images/detect,256.0
342,1789021124.7114704,images/pose,16.0
342,1789021124.7114704,loss/backward,151.27993087768556
342,1789021124.7114704,loss/detect_mean,1.8096791356801987
342,1789021124.7114704,loss/joint_mean,2.363748919963837
342,1789021124.7114704,loss/pose_mean,4.580028057098389
342,1789021124.7114704,lr/attention.decay,0.0
342,1789021124.7114704,lr/attention.no_decay,0.0
342,1789021124.7114704,lr/backbone.decay,0.0
342,1789021124.7114704,lr/backbone.no_decay,0.0
342,1789021124.7114704,lr/detect_head.decay,0.0001533477321814255
342,1789021124.7114704,lr/detect_head.no_decay,0.0001533477321814255
342,1789021124.7114704,lr/masf.decay,7.667386609071276e-06
342,1789021124.7114704,lr/masf.no_decay,7.667386609071276e-06
342,1789021124.7114704,lr/neck.decay,5.7505399568034556e-05
342,1789021124.7114704,lr/neck.no_decay,5.7505399568034556e-05
342,1789021124.7114704,lr/pose_head.decay,0.0001533477321814255
342,1789021124.7114704,lr/pose_head.no_decay,0.0001533477321814255
342,1789021124.7114704,pose/component_0,1.1595743894577026
342,1789021124.7114704,pose/component_1,0.052460912615060806
342,1789021124.7114704,pose/component_2,0.06121988594532013
342,1789021124.7114704,pose/component_3,0.5793906450271606
342,1789021124.7114704,pose/component_4,0.004690628964453936
342,1789021124.7114704,pose/component_5,1.116661548614502
343,1789021125.8788486,amp/overflow_retries,0.0
343,1789021125.8788486,amp/scale,64.0
343,1789021125.8788486,detect/component_0,1.1799300909042358
343,1789021125.8788486,detect/component_1,1.0412768125534058
343,1789021125.8788486,detect/component_2,0.007860314100980759
343,1789021125.8788486,gradient/clipped_norm,2154.31640625
343,1789021125.8788486,images/detect,256.0
343,1789021125.8788486,images/pose,16.0
343,1789021125.8788486,loss/backward,188.41620330810548
343,1789021125.8788486,loss/detect_mean,1.9347256124019623
343,1789021125.8788486,loss/joint_mean,2.944003176689148
343,1789021125.8788486,loss/pose_mean,6.981113433837891
343,1789021125.8788486,lr/attention.decay,0.0
343,1789021125.8788486,lr/attention.no_decay,0.0
343,1789021125.8788486,lr/backbone.decay,0.0
343,1789021125.8788486,lr/backbone.no_decay,0.0
343,1789021125.8788486,lr/detect_head.decay,0.0001537365010799136
343,1789021125.8788486,lr/detect_head.no_decay,0.0001537365010799136
343,1789021125.8788486,lr/masf.decay,7.686825053995681e-06
343,1789021125.8788486,lr/masf.no_decay,7.686825053995681e-06
343,1789021125.8788486,lr/neck.decay,5.76511879049676e-05
343,1789021125.8788486,lr/neck.no_decay,5.76511879049676e-05
343,1789021125.8788486,lr/pose_head.decay,0.0001537365010799136
343,1789021125.8788486,lr/pose_head.no_decay,0.0001537365010799136
343,1789021125.8788486,pose/component_0,1.3164833784103394
343,1789021125.8788486,pose/component_1,0.3627111613750458
343,1789021125.8788486,pose/component_2,0.05395285040140152
343,1789021125.8788486,pose/component_3,0.8211470246315002
343,1789021125.8788486,pose/component_4,0.005611896514892578
343,1789021125.8788486,pose/component_5,3.202538013458252
344,1789021127.0443153,amp/overflow_retries,0.0
344,1789021127.0443153,amp/scale,64.0
344,1789021127.0443153,detect/component_0,1.111850619316101
344,1789021127.0443153,detect/component_1,1.0904052257537842
344,1789021127.0443153,detect/component_2,0.00836620107293129
344,1789021127.0443153,gradient/clipped_norm,1542.7786865234375
344,1789021127.0443153,images/detect,256.0
344,1789021127.0443153,images/pose,16.0
344,1789021127.0443153,loss/backward,165.5921318054199
344,1789021127.0443153,loss/detect_mean,1.917822703719139
344,1789021127.0443153,loss/joint_mean,2.587377059459686
344,1789021127.0443153,loss/pose_mean,5.265594482421875
344,1789021127.0443153,lr/attention.decay,0.0
344,1789021127.0443153,lr/attention.no_decay,0.0
344,1789021127.0443153,lr/backbone.decay,0.0
344,1789021127.0443153,lr/backbone.no_decay,0.0
344,1789021127.0443153,lr/detect_head.decay,0.00015412526997840174
344,1789021127.0443153,lr/detect_head.no_decay,0.00015412526997840174
344,1789021127.0443153,lr/masf.decay,7.706263498920088e-06
344,1789021127.0443153,lr/masf.no_decay,7.706263498920088e-06
344,1789021127.0443153,lr/neck.decay,5.779697624190065e-05
344,1789021127.0443153,lr/neck.no_decay,5.779697624190065e-05
344,1789021127.0443153,lr/pose_head.decay,0.00015412526997840174
344,1789021127.0443153,lr/pose_head.no_decay,0.00015412526997840174
344,1789021127.0443153,pose/component_0,1.279573917388916
344,1789021127.0443153,pose/component_1,0.03886888176202774
344,1789021127.0443153,pose/component_2,0.05349668860435486
344,1789021127.0443153,pose/component_3,0.9621589779853821
344,1789021127.0443153,pose/component_4,0.005307971499860287
344,1789021127.0443153,pose/component_5,1.979536771774292
345,1789021128.2023692,amp/overflow_retries,0.0
345,1789021128.2023692,amp/scale,64.0
345,1789021128.2023692,detect/component_0,1.1961296796798706
345,1789021128.2023692,detect/component_1,1.0526865720748901
345,1789021128.2023692,detect/component_2,0.0073010572232306
345,1789021128.2023692,gradient/clipped_norm,2639.539794921875
345,1789021128.2023692,images/detect,256.0
345,1789021128.2023692,images/pose,16.0
345,1789021128.2023692,loss/backward,184.13888702392578
345,1789021128.2023692,loss/detect_mean,1.970685750246048
345,1789021128.2023692,loss/joint_mean,2.8771701097488402
345,1789021128.2023692,loss/pose_mean,6.50310754776001
345,1789021128.2023692,lr/attention.decay,0.0
345,1789021128.2023692,lr/attention.no_decay,0.0
345,1789021128.2023692,lr/backbone.decay,0.0
345,1789021128.2023692,lr/backbone.no_decay,0.0
345,1789021128.2023692,lr/detect_head.decay,0.00015451403887688984
345,1789021128.2023692,lr/detect_head.no_decay,0.00015451403887688984
345,1789021128.2023692,lr/masf.decay,7.725701943844492e-06
345,1789021128.2023692,lr/masf.no_decay,7.725701943844492e-06
345,1789021128.2023692,lr/neck.decay,5.7942764578833685e-05
345,1789021128.2023692,lr/neck.no_decay,5.7942764578833685e-05
345,1789021128.2023692,lr/pose_head.decay,0.00015451403887688984
345,1789021128.2023692,lr/pose_head.no_decay,0.00015451403887688984
345,1789021128.2023692,pose/component_0,1.3877633810043335
345,1789021128.2023692,pose/component_1,0.15731075406074524
345,1789021128.2023692,pose/component_2,0.04328981786966324
345,1789021128.2023692,pose/component_3,0.99806809425354
345,1789021128.2023692,pose/component_4,0.008634105324745178
345,1789021128.2023692,pose/component_5,3.0924830436706543
346,1789021129.354481,amp/overflow_retries,0.0
346,1789021129.354481,amp/scale,64.0
346,1789021129.354481,detect/component_0,1.07384192943573
346,1789021129.354481,detect/component_1,1.052177906036377
346,1789021129.354481,detect/component_2,0.008061970584094524
346,1789021129.354481,gradient/clipped_norm,1595.2152099609375
346,1789021129.354481,images/detect,256.0
346,1789021129.354481,images/pose,16.0
346,1789021129.354481,loss/backward,155.62573318481446
346,1789021129.354481,loss/detect_mean,1.8601794391870499
346,1789021129.354481,loss/joint_mean,2.431652081012726
346,1789021129.354481,loss/pose_mean,4.71754264831543
346,1789021129.354481,lr/attention.decay,0.0
346,1789021129.354481,lr/attention.no_decay,0.0
346,1789021129.354481,lr/backbone.decay,0.0
346,1789021129.354481,lr/backbone.no_decay,0.0
346,1789021129.354481,lr/detect_head.decay,0.00015490280777537797
346,1789021129.354481,lr/detect_head.no_decay,0.00015490280777537797
346,1789021129.354481,lr/masf.decay,7.7451403887689e-06
346,1789021129.354481,lr/masf.no_decay,7.7451403887689e-06
346,1789021129.354481,lr/neck.decay,5.808855291576674e-05
346,1789021129.354481,lr/neck.no_decay,5.808855291576674e-05
346,1789021129.354481,lr/pose_head.decay,0.00015490280777537797
346,1789021129.354481,lr/pose_head.no_decay,0.00015490280777537797
346,1789021129.354481,pose/component_0,1.2993093729019165
346,1789021129.354481,pose/component_1,0.08649016916751862
346,1789021129.354481,pose/component_2,0.018203843384981155
346,1789021129.354481,pose/component_3,0.873929500579834
346,1789021129.354481,pose/component_4,0.004866335541009903
346,1789021129.354481,pose/component_5,1.0243556499481201
347,1789021130.518981,amp/overflow_retries,0.0
347,1789021130.518981,amp/scale,64.0
347,1789021130.518981,detect/component_0,1.1122052669525146
347,1789021130.518981,detect/component_1,1.0689358711242676
347,1789021130.518981,detect/component_2,0.008089853450655937
347,1789021130.518981,gradient/clipped_norm,1915.272705078125
347,1789021130.518981,images/detect,256.0
347,1789021130.518981,images/pose,16.0
347,1789021130.518981,loss/backward,167.7126708984375
347,1789021130.518981,loss/detect_mean,1.8925061225891113
347,1789021130.518981,loss/joint_mean,2.620510482788086
347,1789021130.518981,loss/pose_mean,5.532527923583984
347,1789021130.518981,lr/attention.decay,0.0
347,1789021130.518981,lr/attention.no_decay,0.0
347,1789021130.518981,lr/backbone.decay,0.0
347,1789021130.518981,lr/backbone.no_decay,0.0
347,1789021130.518981,lr/detect_head.decay,0.00015529157667386608
347,1789021130.518981,lr/detect_head.no_decay,0.00015529157667386608
347,1789021130.518981,lr/masf.decay,7.764578833693305e-06
347,1789021130.518981,lr/masf.no_decay,7.764578833693305e-06
347,1789021130.518981,lr/neck.decay,5.8234341252699776e-05
347,1789021130.518981,lr/neck.no_decay,5.8234341252699776e-05
347,1789021130.518981,lr/pose_head.decay,0.00015529157667386608
347,1789021130.518981,lr/pose_head.no_decay,0.00015529157667386608
347,1789021130.518981,pose/component_0,1.162036418914795
347,1789021130.518981,pose/component_1,0.07590730488300323
347,1789021130.518981,pose/component_2,0.01527771633118391
347,1789021130.518981,pose/component_3,0.5983611345291138
347,1789021130.518981,pose/component_4,0.0070398906245827675
347,1789021130.518981,pose/component_5,2.088334083557129
348,1789021131.6749592,amp/overflow_retries,0.0
348,1789021131.6749592,amp/scale,64.0
348,1789021131.6749592,detect/component_0,1.1573967933654785
348,1789021131.6749592,detect/component_1,1.0380645990371704
348,1789021131.6749592,detect/component_2,0.00756505411118269
348,1789021131.6749592,gradient/clipped_norm,1610.2200927734375
348,1789021131.6749592,images/detect,256.0
348,1789021131.6749592,images/pose,16.0
348,1789021131.6749592,loss/backward,175.90714263916016
348,1789021131.6749592,loss/detect_mean,1.925268441438675
348,1789021131.6749592,loss/joint_mean,2.7485491037368774
348,1789021131.6749592,loss/pose_mean,6.0416717529296875
348,1789021131.6749592,lr/attention.decay,0.0
348,1789021131.6749592,lr/attention.no_decay,0.0
348,1789021131.6749592,lr/backbone.decay,0.0
348,1789021131.6749592,lr/backbone.no_decay,0.0
348,1789021131.6749592,lr/detect_head.decay,0.00015568034557235423
348,1789021131.6749592,lr/detect_head.no_decay,0.00015568034557235423
348,1789021131.6749592,lr/masf.decay,7.784017278617712e-06
348,1789021131.6749592,lr/masf.no_decay,7.784017278617712e-06
348,1789021131.6749592,lr/neck.decay,5.838012958963283e-05
348,1789021131.6749592,lr/neck.no_decay,5.838012958963283e-05
348,1789021131.6749592,lr/pose_head.decay,0.00015568034557235423
348,1789021131.6749592,lr/pose_head.no_decay,0.00015568034557235423
348,1789021131.6749592,pose/component_0,1.359527826309204
348,1789021131.6749592,pose/component_1,0.07942041009664536
348,1789021131.6749592,pose/component_2,0.05283400043845177
348,1789021131.6749592,pose/component_3,0.716629147529602
348,1789021131.6749592,pose/component_4,0.005388706456869841
348,1789021131.6749592,pose/component_5,2.6426918506622314
349,1789021132.8453412,amp/overflow_retries,0.0
349,1789021132.8453412,amp/scale,64.0
349,1789021132.8453412,detect/component_0,1.2180360555648804
349,1789021132.8453412,detect/component_1,1.110826015472412
349,1789021132.8453412,detect/component_2,0.007343207020312548
349,1789021132.8453412,gradient/clipped_norm,1824.830322265625
349,1789021132.8453412,images/detect,256.0
349,1789021132.8453412,images/pose,16.0
349,1789021132.8453412,loss/backward,162.49725112915038
349,1789021132.8453412,loss/detect_mean,1.9554121047258377
349,1789021132.8453412,loss/joint_mean,2.5390195488929748
349,1789021132.8453412,loss/pose_mean,4.873449325561523
349,1789021132.8453412,lr/attention.decay,0.0
349,1789021132.8453412,lr/attention.no_decay,0.0
349,1789021132.8453412,lr/backbone.decay,0.0
349,1789021132.8453412,lr/backbone.no_decay,0.0
349,1789021132.8453412,lr/detect_head.decay,0.00015606911447084234
349,1789021132.8453412,lr/detect_head.no_decay,0.00015606911447084234
349,1789021132.8453412,lr/masf.decay,7.803455723542118e-06
349,1789021132.8453412,lr/masf.no_decay,7.803455723542118e-06
349,1789021132.8453412,lr/neck.decay,5.8525917926565866e-05
349,1789021132.8453412,lr/neck.no_decay,5.8525917926565866e-05
349,1789021132.8453412,lr/pose_head.decay,0.00015606911447084234
349,1789021132.8453412,lr/pose_head.no_decay,0.00015606911447084234
349,1789021132.8453412,pose/component_0,1.080525517463684
349,1789021132.8453412,pose/component_1,0.27194279432296753
349,1789021132.8453412,pose/component_2,0.03861900418996811
349,1789021132.8453412,pose/component_3,0.5900231003761292
349,1789021132.8453412,pose/component_4,0.0060786232352256775
349,1789021132.8453412,pose/component_5,2.2790002822875977
350,1789021134.0085797,amp/overflow_retries,0.0
350,1789021134.0085797,amp/scale,64.0
350,1789021134.0085797,detect/component_0,1.0964109897613525
350,1789021134.0085797,detect/component_1,1.0068988800048828
350,1789021134.0085797,detect/component_2,0.008448537439107895
350,1789021134.0085797,gradient/clipped_norm,2013.4981689453125
350,1789021134.0085797,images/detect,256.0
350,1789021134.0085797,images/pose,16.0
350,1789021134.0085797,loss/backward,172.62450942993163
350,1789021134.0085797,loss/detect_mean,1.8660449534654617
350,1789021134.0085797,loss/joint_mean,2.697257959842682
350,1789021134.0085797,loss/pose_mean,6.0221099853515625
350,1789021134.0085797,lr/attention.decay,0.0
350,1789021134.0085797,lr/attention.no_decay,0.0
350,1789021134.0085797,lr/backbone.decay,0.0
350,1789021134.0085797,lr/backbone.no_decay,0.0
350,1789021134.0085797,lr/detect_head.decay,0.00015645788336933047
350,1789021134.0085797,lr/detect_head.no_decay,0.00015645788336933047
350,1789021134.0085797,lr/masf.decay,7.822894168466523e-06
350,1789021134.0085797,lr/masf.no_decay,7.822894168466523e-06
350,1789021134.0085797,lr/neck.decay,5.867170626349892e-05
350,1789021134.0085797,lr/neck.no_decay,5.867170626349892e-05
350,1789021134.0085797,lr/pose_head.decay,0.00015645788336933047
350,1789021134.0085797,lr/pose_head.no_decay,0.00015645788336933047
350,1789021134.0085797,pose/component_0,1.380949854850769
350,1789021134.0085797,pose/component_1,0.07869593799114227
350,1789021134.0085797,pose/component_2,0.07030267268419266
350,1789021134.0085797,pose/component_3,0.9774118661880493
350,1789021134.0085797,pose/component_4,0.00825270265340805
350,1789021134.0085797,pose/component_5,2.5396132469177246
351,1789021135.1816187,amp/overflow_retries,0.0
351,1789021135.1816187,amp/scale,64.0
351,1789021135.1816187,detect/component_0,1.1346688270568848
351,1789021135.1816187,detect/component_1,1.0469595193862915
351,1789021135.1816187,detect/component_2,0.007328029256314039
351,1789021135.1816187,gradient/clipped_norm,2208.89697265625
351,1789021135.1816187,images/detect,256.0
351,1789021135.1816187,images/pose,16.0
351,1789021135.1816187,loss/backward,189.72422561645507
351,1789021135.1816187,loss/detect_mean,1.898330107331276
351,1789021135.1816187,loss/joint_mean,2.9644410252571105
351,1789021135.1816187,loss/pose_mean,7.228884696960449
351,1789021135.1816187,lr/attention.decay,0.0
351,1789021135.1816187,lr/attention.no_decay,0.0
351,1789021135.1816187,lr/backbone.decay,0.0
351,1789021135.1816187,lr/backbone.no_decay,0.0
351,1789021135.1816187,lr/detect_head.decay,0.0001568466522678186
351,1789021135.1816187,lr/detect_head.no_decay,0.0001568466522678186
351,1789021135.1816187,lr/masf.decay,7.84233261339093e-06
351,1789021135.1816187,lr/masf.no_decay,7.84233261339093e-06
351,1789021135.1816187,lr/neck.decay,5.8817494600431964e-05
351,1789021135.1816187,lr/neck.no_decay,5.8817494600431964e-05
351,1789021135.1816187,lr/pose_head.decay,0.0001568466522678186
351,1789021135.1816187,lr/pose_head.no_decay,0.0001568466522678186
351,1789021135.1816187,pose/component_0,1.37149977684021
351,1789021135.1816187,pose/component_1,0.11644691973924637
351,1789021135.1816187,pose/component_2,0.04288465529680252
351,1789021135.1816187,pose/component_3,0.7597752809524536
351,1789021135.1816187,pose/component_4,0.010410895571112633
351,1789021135.1816187,pose/component_5,3.0657455921173096
352,1789021136.3415956,amp/overflow_retries,0.0
352,1789021136.3415956,amp/scale,64.0
352,1789021136.3415956,detect/component_0,1.2148516178131104
352,1789021136.3415956,detect/component_1,1.0735647678375244
352,1789021136.3415956,detect/component_2,0.00734415277838707
352,1789021136.3415956,gradient/clipped_norm,2706.8701171875
352,1789021136.3415956,images/detect,256.0
352,1789021136.3415956,images/pose,16.0
352,1789021136.3415956,loss/backward,177.5853256225586
352,1789021136.3415956,loss/detect_mean,1.9680767953395844
352,1789021136.3415956,loss/joint_mean,2.774770712852478
352,1789021136.3415956,loss/pose_mean,6.001546382904053
352,1789021136.3415956,lr/attention.decay,0.0
352,1789021136.3415956,lr/attention.no_decay,0.0
352,1789021136.3415956,lr/backbone.decay,0.0
352,1789021136.3415956,lr/backbone.no_decay,0.0
352,1789021136.3415956,lr/detect_head.decay,0.00015723542116630673
352,1789021136.3415956,lr/detect_head.no_decay,0.00015723542116630673
352,1789021136.3415956,lr/masf.decay,7.861771058315336e-06
352,1789021136.3415956,lr/masf.no_decay,7.861771058315336e-06
352,1789021136.3415956,lr/neck.decay,5.896328293736501e-05
352,1789021136.3415956,lr/neck.no_decay,5.896328293736501e-05
352,1789021136.3415956,lr/pose_head.decay,0.00015723542116630673
352,1789021136.3415956,lr/pose_head.no_decay,0.00015723542116630673
352,1789021136.3415956,pose/component_0,1.3912556171417236
352,1789021136.3415956,pose/component_1,0.08740732818841934
352,1789021136.3415956,pose/component_2,0.15007910132408142
352,1789021136.3415956,pose/component_3,0.7895697951316833
352,1789021136.3415956,pose/component_4,0.007344959303736687
352,1789021136.3415956,pose/component_5,3.1585748195648193
353,1789021137.4982252,amp/overflow_retries,0.0
353,1789021137.4982252,amp/scale,64.0
353,1789021137.4982252,detect/component_0,1.1304931640625
353,1789021137.4982252,detect/component_1,0.9720987677574158
353,1789021137.4982252,detect/component_2,0.007879741489887238
353,1789021137.4982252,gradient/clipped_norm,2137.545654296875
353,1789021137.4982252,images/detect,256.0
353,1789021137.4982252,images/pose,16.0
353,1789021137.4982252,loss/backward,187.46593170166017
353,1789021137.4982252,loss/detect_mean,1.838799625635147
353,1789021137.4982252,loss/joint_mean,2.92915518283844
353,1789021137.4982252,loss/pose_mean,7.290577411651611
353,1789021137.4982252,lr/attention.decay,0.0
353,1789021137.4982252,lr/attention.no_decay,0.0
353,1789021137.4982252,lr/backbone.decay,0.0
353,1789021137.4982252,lr/backbone.no_decay,0.0
353,1789021137.4982252,lr/detect_head.decay,0.0001576241900647948
353,1789021137.4982252,lr/detect_head.no_decay,0.0001576241900647948
353,1789021137.4982252,lr/masf.decay,7.881209503239741e-06
353,1789021137.4982252,lr/masf.no_decay,7.881209503239741e-06
353,1789021137.4982252,lr/neck.decay,5.910907127429805e-05
353,1789021137.4982252,lr/neck.no_decay,5.910907127429805e-05
353,1789021137.4982252,lr/pose_head.decay,0.0001576241900647948
353,1789021137.4982252,lr/pose_head.no_decay,0.0001576241900647948
353,1789021137.4982252,pose/component_0,1.273267149925232
353,1789021137.4982252,pose/component_1,0.11394713819026947
353,1789021137.4982252,pose/component_2,0.10266536474227905
353,1789021137.4982252,pose/component_3,0.8930986523628235
353,1789021137.4982252,pose/component_4,0.006171976216137409
353,1789021137.4982252,pose/component_5,3.140717029571533
354,1789021138.6749384,amp/overflow_retries,0.0
354,1789021138.6749384,amp/scale,64.0
354,1789021138.6749384,detect/component_0,1.1953260898590088
354,1789021138.6749384,detect/component_1,1.0433399677276611
354,1789021138.6749384,detect/component_2,0.007537892088294029
354,1789021138.6749384,gradient/clipped_norm,6008.68115234375
354,1789021138.6749384,images/detect,256.0
354,1789021138.6749384,images/pose,16.0
354,1789021138.6749384,loss/backward,219.64527740478516
354,1789021138.6749384,loss/detect_mean,1.9185064136981964
354,1789021138.6749384,loss/joint_mean,3.431957459449768
354,1789021138.6749384,loss/pose_mean,9.485761642456055
354,1789021138.6749384,lr/attention.decay,0.0
354,1789021138.6749384,lr/attention.no_decay,0.0
354,1789021138.6749384,lr/backbone.decay,0.0
354,1789021138.6749384,lr/backbone.no_decay,0.0
354,1789021138.6749384,lr/detect_head.decay,0.00015801295896328293
354,1789021138.6749384,lr/detect_head.no_decay,0.00015801295896328293
354,1789021138.6749384,lr/masf.decay,7.900647948164147e-06
354,1789021138.6749384,lr/masf.no_decay,7.900647948164147e-06
354,1789021138.6749384,lr/neck.decay,5.925485961123109e-05
354,1789021138.6749384,lr/neck.no_decay,5.925485961123109e-05
354,1789021138.6749384,lr/pose_head.decay,0.00015801295896328293
354,1789021138.6749384,lr/pose_head.no_decay,0.00015801295896328293
354,1789021138.6749384,pose/component_0,1.5926069021224976
354,1789021138.6749384,pose/component_1,0.16664500534534454
354,1789021138.6749384,pose/component_2,0.03968510404229164
354,1789021138.6749384,pose/component_3,1.0362675189971924
354,1789021138.6749384,pose/component_4,0.006188393570482731
354,1789021138.6749384,pose/component_5,3.3389344215393066
355,1789021139.8258674,amp/overflow_retries,0.0
355,1789021139.8258674,amp/scale,64.0
355,1789021139.8258674,detect/component_0,1.1619375944137573
355,1789021139.8258674,detect/component_1,1.0096367597579956
355,1789021139.8258674,detect/component_2,0.0076760901138186455
355,1789021139.8258674,gradient/clipped_norm,1999.3314208984375
355,1789021139.8258674,images/detect,256.0
355,1789021139.8258674,images/pose,16.0
355,1789021139.8258674,loss/backward,194.410009765625
355,1789021139.8258674,loss/detect_mean,1.891599416732788
355,1789021139.8258674,loss/joint_mean,3.0376564025878907
355,1789021139.8258674,loss/pose_mean,7.621884346008301
355,1789021139.8258674,lr/attention.decay,0.0
355,1789021139.8258674,lr/attention.no_decay,0.0
355,1789021139.8258674,lr/backbone.decay,0.0
355,1789021139.8258674,lr/backbone.no_decay,0.0
355,1789021139.8258674,lr/detect_head.decay,0.00015840172786177106
355,1789021139.8258674,lr/detect_head.no_decay,0.00015840172786177106
355,1789021139.8258674,lr/masf.decay,7.920086393088554e-06
355,1789021139.8258674,lr/masf.no_decay,7.920086393088554e-06
355,1789021139.8258674,lr/neck.decay,5.940064794816414e-05
355,1789021139.8258674,lr/neck.no_decay,5.940064794816414e-05
355,1789021139.8258674,lr/pose_head.decay,0.00015840172786177106
355,1789021139.8258674,lr/pose_head.no_decay,0.00015840172786177106
355,1789021139.8258674,pose/component_0,1.5928044319152832
355,1789021139.8258674,pose/component_1,0.27748140692710876
355,1789021139.8258674,pose/component_2,0.18699567019939423
355,1789021139.8258674,pose/component_3,0.9256815910339355
355,1789021139.8258674,pose/component_4,0.0062743667513132095
355,1789021139.8258674,pose/component_5,3.0644397735595703
356,1789021140.9915283,amp/overflow_retries,0.0
356,1789021140.9915283,amp/scale,64.0
356,1789021140.9915283,detect/component_0,1.149378776550293
356,1789021140.9915283,detect/component_1,0.9755319356918335
356,1789021140.9915283,detect/component_2,0.007499490398913622
356,1789021140.9915283,gradient/clipped_norm,1699.4429931640625
356,1789021140.9915283,images/detect,256.0
356,1789021140.9915283,images/pose,16.0
356,1789021140.9915283,loss/backward,170.8350570678711
356,1789021140.9915283,loss/detect_mean,1.851515382528305
356,1789021140.9915283,loss/joint_mean,2.669297766685486
356,1789021140.9915283,loss/pose_mean,5.940427303314209
356,1789021140.9915283,lr/attention.decay,0.0
356,1789021140.9915283,lr/attention.no_decay,0.0
356,1789021140.9915283,lr/backbone.decay,0.0
356,1789021140.9915283,lr/backbone.no_decay,0.0
356,1789021140.9915283,lr/detect_head.decay,0.0001587904967602592
356,1789021140.9915283,lr/detect_head.no_decay,0.0001587904967602592
356,1789021140.9915283,lr/masf.decay,7.93952483801296e-06
356,1789021140.9915283,lr/masf.no_decay,7.93952483801296e-06
356,1789021140.9915283,lr/neck.decay,5.954643628509719e-05
356,1789021140.9915283,lr/neck.no_decay,5.954643628509719e-05
356,1789021140.9915283,lr/pose_head.decay,0.0001587904967602592
356,1789021140.9915283,lr/pose_head.no_decay,0.0001587904967602592
356,1789021140.9915283,pose/component_0,1.200311303138733
356,1789021140.9915283,pose/component_1,0.26663222908973694
356,1789021140.9915283,pose/component_2,0.03150499612092972
356,1789021140.9915283,pose/component_3,0.848704993724823
356,1789021140.9915283,pose/component_4,0.004793900530785322
356,1789021140.9915283,pose/component_5,2.2054996490478516
357,1789021142.149715,amp/overflow_retries,0.0
357,1789021142.149715,amp/scale,64.0
357,1789021142.149715,detect/component_0,1.119570255279541
357,1789021142.149715,detect/component_1,0.9942031502723694
357,1789021142.149715,detect/component_2,0.007556932047009468
357,1789021142.149715,gradient/clipped_norm,2063.27978515625
357,1789021142.149715,images/detect,256.0
357,1789021142.149715,images/pose,16.0
357,1789021142.149715,loss/backward,164.76497268676758
357,1789021142.149715,loss/detect_mean,1.8525644689798355
357,1789021142.149715,loss/joint_mean,2.5744526982307434
357,1789021142.149715,loss/pose_mean,5.462005615234375
357,1789021142.149715,lr/attention.decay,0.0
357,1789021142.149715,lr/attention.no_decay,0.0
357,1789021142.149715,lr/backbone.decay,0.0
357,1789021142.149715,lr/backbone.no_decay,0.0
357,1789021142.149715,lr/detect_head.decay,0.0001591792656587473
357,1789021142.149715,lr/detect_head.no_decay,0.0001591792656587473
357,1789021142.149715,lr/masf.decay,7.958963282937365e-06
357,1789021142.149715,lr/masf.no_decay,7.958963282937365e-06
357,1789021142.149715,lr/neck.decay,5.969222462203023e-05
357,1789021142.149715,lr/neck.no_decay,5.969222462203023e-05
357,1789021142.149715,lr/pose_head.decay,0.0001591792656587473
357,1789021142.149715,lr/pose_head.no_decay,0.0001591792656587473
357,1789021142.149715,pose/component_0,1.3878347873687744
357,1789021142.149715,pose/component_1,0.11180944740772247
357,1789021142.149715,pose/component_2,0.028641795739531517
357,1789021142.149715,pose/component_3,0.7345849275588989
357,1789021142.149715,pose/component_4,0.005702306982129812
357,1789021142.149715,pose/component_5,2.38321590423584
358,1789021143.3249772,amp/overflow_retries,0.0
358,1789021143.3249772,amp/scale,64.0
358,1789021143.3249772,detect/component_0,1.1570773124694824
358,1789021143.3249772,detect/component_1,0.9860852956771851
358,1789021143.3249772,detect/component_2,0.0074150776490569115
358,1789021143.3249772,gradient/clipped_norm,2187.997314453125
358,1789021143.3249772,images/detect,256.0
358,1789021143.3249772,images/pose,16.0
358,1789021143.3249772,loss/backward,193.29649963378907
358,1789021143.3249772,loss/detect_mean,1.8755123019218445
358,1789021143.3249772,loss/joint_mean,3.020257806777954
358,1789021143.3249772,loss/pose_mean,7.599239826202393
358,1789021143.3249772,lr/attention.decay,0.0
358,1789021143.3249772,lr/attention.no_decay,0.0
358,1789021143.3249772,lr/backbone.decay,0.0
358,1789021143.3249772,lr/backbone.no_decay,0.0
358,1789021143.3249772,lr/detect_head.decay,0.00015956803455723542
358,1789021143.3249772,lr/detect_head.no_decay,0.00015956803455723542
358,1789021143.3249772,lr/masf.decay,7.978401727861772e-06
358,1789021143.3249772,lr/masf.no_decay,7.978401727861772e-06
358,1789021143.3249772,lr/neck.decay,5.983801295896328e-05
358,1789021143.3249772,lr/neck.no_decay,5.983801295896328e-05
358,1789021143.3249772,lr/pose_head.decay,0.00015956803455723542
358,1789021143.3249772,lr/pose_head.no_decay,0.00015956803455723542
358,1789021143.3249772,pose/component_0,1.4103903770446777
358,1789021143.3249772,pose/component_1,0.32562223076820374
358,1789021143.3249772,pose/component_2,0.09174276888370514
358,1789021143.3249772,pose/component_3,0.9086142778396606
358,1789021143.3249772,pose/component_4,0.00488452659919858
358,1789021143.3249772,pose/component_5,3.4572324752807617
359,1789021144.496732,amp/overflow_retries,0.0
359,1789021144.496732,amp/scale,64.0
359,1789021144.496732,detect/component_0,1.1654999256134033
359,1789021144.496732,detect/component_1,1.0482237339019775
359,1789021144.496732,detect/component_2,0.007487989962100983
359,1789021144.496732,gradient/clipped_norm,1964.0565185546875
359,1789021144.496732,images/detect,256.0
359,1789021144.496732,images/pose,16.0
359,1789021144.496732,loss/backward,177.2904365539551
359,1789021144.496732,loss/detect_mean,1.9323238283395767
359,1789021144.496732,loss/joint_mean,2.7701630711555483
359,1789021144.496732,loss/pose_mean,6.121520042419434
359,1789021144.496732,lr/attention.decay,0.0
359,1789021144.496732,lr/attention.no_decay,0.0
359,1789021144.496732,lr/backbone.decay,0.0
359,1789021144.496732,lr/backbone.no_decay,0.0
359,1789021144.496732,lr/detect_head.decay,0.00015995680345572355
359,1789021144.496732,lr/detect_head.no_decay,0.00015995680345572355
359,1789021144.496732,lr/masf.decay,7.997840172786177e-06
359,1789021144.496732,lr/masf.no_decay,7.997840172786177e-06
359,1789021144.496732,lr/neck.decay,5.998380129589632e-05
359,1789021144.496732,lr/neck.no_decay,5.998380129589632e-05
359,1789021144.496732,lr/pose_head.decay,0.00015995680345572355
359,1789021144.496732,lr/pose_head.no_decay,0.00015995680345572355
359,1789021144.496732,pose/component_0,1.4459131956100464
359,1789021144.496732,pose/component_1,0.1290774941444397
359,1789021144.496732,pose/component_2,0.07449420541524887
359,1789021144.496732,pose/component_3,1.1451759338378906
359,1789021144.496732,pose/component_4,0.005083806812763214
359,1789021144.496732,pose/component_5,3.0180678367614746
360,1789021145.6520696,amp/overflow_retries,0.0
360,1789021145.6520696,amp/scale,64.0
360,1789021145.6520696,detect/component_0,1.1902472972869873
360,1789021145.6520696,detect/component_1,1.0603748559951782
360,1789021145.6520696,detect/component_2,0.007498520892113447
360,1789021145.6520696,gradient/clipped_norm,1513.392333984375
360,1789021145.6520696,images/detect,256.0
360,1789021145.6520696,images/pose,16.0
360,1789021145.6520696,loss/backward,179.52339401245118
360,1789021145.6520696,loss/detect_mean,1.9396407455205917
360,1789021145.6520696,loss/joint_mean,2.8050530314445496
360,1789021145.6520696,loss/pose_mean,6.266702175140381
360,1789021145.6520696,lr/attention.decay,0.0
360,1789021145.6520696,lr/attention.no_decay,0.0
360,1789021145.6520696,lr/backbone.decay,0.0
360,1789021145.6520696,lr/backbone.no_decay,0.0
360,1789021145.6520696,lr/detect_head.decay,0.00016034557235421168
360,1789021145.6520696,lr/detect_head.no_decay,0.00016034557235421168
360,1789021145.6520696,lr/masf.decay,8.017278617710585e-06
360,1789021145.6520696,lr/masf.no_decay,8.017278617710585e-06
360,1789021145.6520696,lr/neck.decay,6.012958963282937e-05
360,1789021145.6520696,lr/neck.no_decay,6.012958963282937e-05
360,1789021145.6520696,lr/pose_head.decay,0.00016034557235421168
360,1789021145.6520696,lr/pose_head.no_decay,0.00016034557235421168
360,1789021145.6520696,pose/component_0,1.3337641954421997
360,1789021145.6520696,pose/component_1,0.0580822229385376
360,1789021145.6520696,pose/component_2,0.08854668587446213
360,1789021145.6520696,pose/component_3,0.5840165019035339
360,1789021145.6520696,pose/component_4,0.004939401987940073
360,1789021145.6520696,pose/component_5,1.9220507144927979
361,1789021146.8066916,amp/overflow_retries,0.0
361,1789021146.8066916,amp/scale,64.0
361,1789021146.8066916,detect/component_0,1.1593128442764282
361,1789021146.8066916,detect/component_1,1.029630422592163
361,1789021146.8066916,detect/component_2,0.007272111251950264
361,1789021146.8066916,gradient/clipped_norm,1702.138671875
361,1789021146.8066916,images/detect,256.0
361,1789021146.8066916,images/pose,16.0
361,1789021146.8066916,loss/backward,162.11667251586914
361,1789021146.8066916,loss/detect_mean,1.9082378894090652
361,1789021146.8066916,loss/joint_mean,2.5330730080604553
361,1789021146.8066916,loss/pose_mean,5.032413482666016
361,1789021146.8066916,lr/attention.decay,0.0
361,1789021146.8066916,lr/attention.no_decay,0.0
361,1789021146.8066916,lr/backbone.decay,0.0
361,1789021146.8066916,lr/backbone.no_decay,0.0
361,1789021146.8066916,lr/detect_head.decay,0.0001607343412526998
361,1789021146.8066916,lr/detect_head.no_decay,0.0001607343412526998
361,1789021146.8066916,lr/masf.decay,8.03671706263499e-06
361,1789021146.8066916,lr/masf.no_decay,8.03671706263499e-06
361,1789021146.8066916,lr/neck.decay,6.027537796976242e-05
361,1789021146.8066916,lr/neck.no_decay,6.027537796976242e-05
361,1789021146.8066916,lr/pose_head.decay,0.0001607343412526998
361,1789021146.8066916,lr/pose_head.no_decay,0.0001607343412526998
361,1789021146.8066916,pose/component_0,1.2492369413375854
361,1789021146.8066916,pose/component_1,0.04490421712398529
361,1789021146.8066916,pose/component_2,0.050586532801389694
361,1789021146.8066916,pose/component_3,0.7070462703704834
361,1789021146.8066916,pose/component_4,0.0037474120035767555
361,1789021146.8066916,pose/component_5,1.3392614126205444
362,1789021147.9853218,amp/overflow_retries,0.0
362,1789021147.9853218,amp/scale,64.0
362,1789021147.9853218,detect/component_0,1.105514407157898
362,1789021147.9853218,detect/component_1,1.026097059249878
362,1789021147.9853218,detect/component_2,0.007917442359030247
362,1789021147.9853218,gradient/clipped_norm,1187.187255859375
362,1789021147.9853218,images/detect,256.0
362,1789021147.9853218,images/pose,16.0
362,1789021147.9853218,loss/backward,157.43036880493165
362,1789021147.9853218,loss/detect_mean,1.8572607785463333
362,1789021147.9853218,loss/joint_mean,2.459849512577057
362,1789021147.9853218,loss/pose_mean,4.870204448699951
362,1789021147.9853218,lr/attention.decay,0.0
362,1789021147.9853218,lr/attention.no_decay,0.0
362,1789021147.9853218,lr/backbone.decay,0.0
362,1789021147.9853218,lr/backbone.no_decay,0.0
362,1789021147.9853218,lr/detect_head.decay,0.00016112311015118792
362,1789021147.9853218,lr/detect_head.no_decay,0.00016112311015118792
362,1789021147.9853218,lr/masf.decay,8.056155507559395e-06
362,1789021147.9853218,lr/masf.no_decay,8.056155507559395e-06
362,1789021147.9853218,lr/neck.decay,6.0421166306695455e-05
362,1789021147.9853218,lr/neck.no_decay,6.0421166306695455e-05
362,1789021147.9853218,lr/pose_head.decay,0.00016112311015118792
362,1789021147.9853218,lr/pose_head.no_decay,0.00016112311015118792
362,1789021147.9853218,pose/component_0,1.1868367195129395
362,1789021147.9853218,pose/component_1,0.35698193311691284
362,1789021147.9853218,pose/component_2,0.03763166069984436
362,1789021147.9853218,pose/component_3,0.7835410833358765
362,1789021147.9853218,pose/component_4,0.003910826053470373
362,1789021147.9853218,pose/component_5,2.474682331085205
363,1789021149.1449175,amp/overflow_retries,0.0
363,1789021149.1449175,amp/scale,64.0
363,1789021149.1449175,detect/component_0,1.1106646060943604
363,1789021149.1449175,detect/component_1,1.0411336421966553
363,1789021149.1449175,detect/component_2,0.008240289054811
363,1789021149.1449175,gradient/clipped_norm,1086.216064453125
363,1789021149.1449175,images/detect,256.0
363,1789021149.1449175,images/pose,16.0
363,1789021149.1449175,loss/backward,151.60936279296874
363,1789021149.1449175,loss/detect_mean,1.8862124681472778
363,1789021149.1449175,loss/joint_mean,2.3688962936401365
363,1789021149.1449175,loss/pose_mean,4.299631595611572
363,1789021149.1449175,lr/attention.decay,0.0
363,1789021149.1449175,lr/attention.no_decay,0.0
363,1789021149.1449175,lr/backbone.decay,0.0
363,1789021149.1449175,lr/backbone.no_decay,0.0
363,1789021149.1449175,lr/detect_head.decay,0.00016151187904967602
363,1789021149.1449175,lr/detect_head.no_decay,0.00016151187904967602
363,1789021149.1449175,lr/masf.decay,8.075593952483801e-06
363,1789021149.1449175,lr/masf.no_decay,8.075593952483801e-06
363,1789021149.1449175,lr/neck.decay,6.05669546436285e-05
363,1789021149.1449175,lr/neck.no_decay,6.05669546436285e-05
363,1789021149.1449175,lr/pose_head.decay,0.00016151187904967602
363,1789021149.1449175,lr/pose_head.no_decay,0.00016151187904967602
363,1789021149.1449175,pose/component_0,1.085196614265442
363,1789021149.1449175,pose/component_1,0.03195556253194809
363,1789021149.1449175,pose/component_2,0.05752887576818466
363,1789021149.1449175,pose/component_3,0.4659454822540283
363,1789021149.1449175,pose/component_4,0.005164368078112602
363,1789021149.1449175,pose/component_5,1.479245901107788
364,1789021150.3102102,amp/overflow_retries,0.0
364,1789021150.3102102,amp/scale,64.0
364,1789021150.3102102,detect/component_0,1.1954388618469238
364,1789021150.3102102,detect/component_1,1.0979928970336914
364,1789021150.3102102,detect/component_2,0.00795512180775404
364,1789021150.3102102,gradient/clipped_norm,1483.3096923828125
364,1789021150.3102102,images/detect,256.0
364,1789021150.3102102,images/pose,16.0
364,1789021150.3102102,loss/backward,168.2789077758789
364,1789021150.3102102,loss/detect_mean,1.987081915140152
364,1789021150.3102102,loss/joint_mean,2.629357933998108
364,1789021150.3102102,loss/pose_mean,5.198462009429932
364,1789021150.3102102,lr/attention.decay,0.0
364,1789021150.3102102,lr/attention.no_decay,0.0
364,1789021150.3102102,lr/backbone.decay,0.0
364,1789021150.3102102,lr/backbone.no_decay,0.0
364,1789021150.3102102,lr/detect_head.decay,0.00016190064794816415
364,1789021150.3102102,lr/detect_head.no_decay,0.00016190064794816415
364,1789021150.3102102,lr/masf.decay,8.095032397408208e-06
364,1789021150.3102102,lr/masf.no_decay,8.095032397408208e-06
364,1789021150.3102102,lr/neck.decay,6.0712742980561546e-05
364,1789021150.3102102,lr/neck.no_decay,6.0712742980561546e-05
364,1789021150.3102102,lr/pose_head.decay,0.00016190064794816415
364,1789021150.3102102,lr/pose_head.no_decay,0.00016190064794816415
364,1789021150.3102102,pose/component_0,1.033713459968567
364,1789021150.3102102,pose/component_1,0.0636201947927475
364,1789021150.3102102,pose/component_2,0.0494028702378273
364,1789021150.3102102,pose/component_3,0.7014209032058716
364,1789021150.3102102,pose/component_4,0.006776672787964344
364,1789021150.3102102,pose/component_5,2.792210578918457
365,1789021151.458575,amp/overflow_retries,0.0
365,1789021151.458575,amp/scale,64.0
365,1789021151.458575,detect/component_0,1.1310261487960815
365,1789021151.458575,detect/component_1,1.0404094457626343
365,1789021151.458575,detect/component_2,0.008325641043484211
365,1789021151.458575,gradient/clipped_norm,3618.139404296875
365,1789021151.458575,images/detect,256.0
365,1789021151.458575,images/pose,16.0
365,1789021151.458575,loss/backward,174.4899688720703
365,1789021151.458575,loss/detect_mean,1.890774667263031
365,1789021151.458575,loss/joint_mean,2.7264057636260985
365,1789021151.458575,loss/pose_mean,6.068930149078369
365,1789021151.458575,lr/attention.decay,0.0
365,1789021151.458575,lr/attention.no_decay,0.0
365,1789021151.458575,lr/backbone.decay,0.0
365,1789021151.458575,lr/backbone.no_decay,0.0
365,1789021151.458575,lr/detect_head.decay,0.00016228941684665225
365,1789021151.458575,lr/detect_head.no_decay,0.00016228941684665225
365,1789021151.458575,lr/masf.decay,8.114470842332614e-06
365,1789021151.458575,lr/masf.no_decay,8.114470842332614e-06
365,1789021151.458575,lr/neck.decay,6.085853131749459e-05
365,1789021151.458575,lr/neck.no_decay,6.085853131749459e-05
365,1789021151.458575,lr/pose_head.decay,0.00016228941684665225
365,1789021151.458575,lr/pose_head.no_decay,0.00016228941684665225
365,1789021151.458575,pose/component_0,1.475516438484192
365,1789021151.458575,pose/component_1,0.09699410945177078
365,1789021151.458575,pose/component_2,0.1016622856259346
365,1789021151.458575,pose/component_3,1.0397361516952515
365,1789021151.458575,pose/component_4,0.0054228464141488075
365,1789021151.458575,pose/component_5,1.529073715209961
366,1789021152.6229975,amp/overflow_retries,0.0
366,1789021152.6229975,amp/scale,64.0
366,1789021152.6229975,detect/component_0,1.0993884801864624
366,1789021152.6229975,detect/component_1,0.964009165763855
366,1789021152.6229975,detect/component_2,0.007849003188312054
366,1789021152.6229975,gradient/clipped_norm,3060.685546875
366,1789021152.6229975,images/detect,256.0
366,1789021152.6229975,images/pose,16.0
366,1789021152.6229975,loss/backward,184.20964813232422
366,1789021152.6229975,loss/detect_mean,1.834174007177353
366,1789021152.6229975,loss/joint_mean,2.878275752067566
366,1789021152.6229975,loss/pose_mean,7.054682731628418
366,1789021152.6229975,lr/attention.decay,0.0
366,1789021152.6229975,lr/attention.no_decay,0.0
366,1789021152.6229975,lr/backbone.decay,0.0
366,1789021152.6229975,lr/backbone.no_decay,0.0
366,1789021152.6229975,lr/detect_head.decay,0.0001626781857451404
366,1789021152.6229975,lr/detect_head.no_decay,0.0001626781857451404
366,1789021152.6229975,lr/masf.decay,8.13390928725702e-06
366,1789021152.6229975,lr/masf.no_decay,8.13390928725702e-06
366,1789021152.6229975,lr/neck.decay,6.100431965442764e-05
366,1789021152.6229975,lr/neck.no_decay,6.100431965442764e-05
366,1789021152.6229975,lr/pose_head.decay,0.0001626781857451404
366,1789021152.6229975,lr/pose_head.no_decay,0.0001626781857451404
366,1789021152.6229975,pose/component_0,1.3135980367660522
366,1789021152.6229975,pose/component_1,0.11311718076467514
366,1789021152.6229975,pose/component_2,0.07324673235416412
366,1789021152.6229975,pose/component_3,1.0110524892807007
366,1789021152.6229975,pose/component_4,0.005432475823909044
366,1789021152.6229975,pose/component_5,2.0029916763305664
367,1789021153.7776394,amp/overflow_retries,0.0
367,1789021153.7776394,amp/scale,64.0
367,1789021153.7776394,detect/component_0,1.1216496229171753
367,1789021153.7776394,detect/component_1,0.9952900409698486
367,1789021153.7776394,detect/component_2,0.007482116110622883
367,1789021153.7776394,gradient/clipped_norm,3319.316162109375
367,1789021153.7776394,images/detect,256.0
367,1789021153.7776394,images/pose,16.0
367,1789021153.7776394,loss/backward,192.66330108642578
367,1789021153.7776394,loss/detect_mean,1.8525245487689972
367,1789021153.7776394,loss/joint_mean,3.0103640794754027
367,1789021153.7776394,loss/pose_mean,7.641722202301025
367,1789021153.7776394,lr/attention.decay,0.0
367,1789021153.7776394,lr/attention.no_decay,0.0
367,1789021153.7776394,lr/backbone.decay,0.0
367,1789021153.7776394,lr/backbone.no_decay,0.0
367,1789021153.7776394,lr/detect_head.decay,0.0001630669546436285
367,1789021153.7776394,lr/detect_head.no_decay,0.0001630669546436285
367,1789021153.7776394,lr/masf.decay,8.153347732181426e-06
367,1789021153.7776394,lr/masf.no_decay,8.153347732181426e-06
367,1789021153.7776394,lr/neck.decay,6.115010799136068e-05
367,1789021153.7776394,lr/neck.no_decay,6.115010799136068e-05
367,1789021153.7776394,lr/pose_head.decay,0.0001630669546436285
367,1789021153.7776394,lr/pose_head.no_decay,0.0001630669546436285
367,1789021153.7776394,pose/component_0,1.5181411504745483
367,1789021153.7776394,pose/component_1,0.11025598645210266
367,1789021153.7776394,pose/component_2,0.09959851205348969
367,1789021153.7776394,pose/component_3,0.9675953984260559
367,1789021153.7776394,pose/component_4,0.0053833480924367905
367,1789021153.7776394,pose/component_5,2.689737558364868
368,1789021154.9413736,amp/overflow_retries,0.0
368,1789021154.9413736,amp/scale,64.0
368,1789021154.9413736,detect/component_0,1.1289710998535156
368,1789021154.9413736,detect/component_1,1.0224132537841797
368,1789021154.9413736,detect/component_2,0.008242017589509487
368,1789021154.9413736,gradient/clipped_norm,2081.018310546875
368,1789021154.9413736,images/detect,256.0
368,1789021154.9413736,images/pose,16.0
368,1789021154.9413736,loss/backward,172.20208969116212
368,1789021154.9413736,loss/detect_mean,1.8959718197584152
368,1789021154.9413736,loss/joint_mean,2.690657651424408
368,1789021154.9413736,loss/pose_mean,5.869400978088379
368,1789021154.9413736,lr/attention.decay,0.0
368,1789021154.9413736,lr/attention.no_decay,0.0
368,1789021154.9413736,lr/backbone.decay,0.0
368,1789021154.9413736,lr/backbone.no_decay,0.0
368,1789021154.9413736,lr/detect_head.decay,0.00016345572354211664
368,1789021154.9413736,lr/detect_head.no_decay,0.00016345572354211664
368,1789021154.9413736,lr/masf.decay,8.172786177105832e-06
368,1789021154.9413736,lr/masf.no_decay,8.172786177105832e-06
368,1789021154.9413736,lr/neck.decay,6.129589632829373e-05
368,1789021154.9413736,lr/neck.no_decay,6.129589632829373e-05
368,1789021154.9413736,lr/pose_head.decay,0.00016345572354211664
368,1789021154.9413736,lr/pose_head.no_decay,0.00016345572354211664
368,1789021154.9413736,pose/component_0,1.3043309450149536
368,1789021154.9413736,pose/component_1,0.12104060500860214
368,1789021154.9413736,pose/component_2,0.09671862423419952
368,1789021154.9413736,pose/component_3,0.7899107933044434
368,1789021154.9413736,pose/component_4,0.004084033891558647
368,1789021154.9413736,pose/component_5,1.6395782232284546
369,1789021156.0873797,amp/overflow_retries,0.0
369,1789021156.0873797,amp/scale,64.0
369,1789021156.0873797,detect/component_0,1.2240338325500488
369,1789021156.0873797,detect/component_1,1.1104629039764404
369,1789021156.0873797,detect/component_2,0.007910588756203651
369,1789021156.0873797,gradient/clipped_norm,3903.378173828125
369,1789021156.0873797,images/detect,256.0
369,1789021156.0873797,images/pose,16.0
369,1789021156.0873797,loss/backward,183.72870178222655
369,1789021156.0873797,loss/detect_mean,2.018381655216217
369,1789021156.0873797,loss/joint_mean,2.87076096534729
369,1789021156.0873797,loss/pose_mean,6.280278205871582
369,1789021156.0873797,lr/attention.decay,0.0
369,1789021156.0873797,lr/attention.no_decay,0.0
369,1789021156.0873797,lr/backbone.decay,0.0
369,1789021156.0873797,lr/backbone.no_decay,0.0
369,1789021156.0873797,lr/detect_head.decay,0.00016384449244060474
369,1789021156.0873797,lr/detect_head.no_decay,0.00016384449244060474
369,1789021156.0873797,lr/masf.decay,8.192224622030239e-06
369,1789021156.0873797,lr/masf.no_decay,8.192224622030239e-06
369,1789021156.0873797,lr/neck.decay,6.144168466522677e-05
369,1789021156.0873797,lr/neck.no_decay,6.144168466522677e-05
369,1789021156.0873797,lr/pose_head.decay,0.00016384449244060474
369,1789021156.0873797,lr/pose_head.no_decay,0.00016384449244060474
369,1789021156.0873797,pose/component_0,1.4169563055038452
369,1789021156.0873797,pose/component_1,0.17809677124023438
369,1789021156.0873797,pose/component_2,0.03472793847322464
369,1789021156.0873797,pose/component_3,0.6583301424980164
369,1789021156.0873797,pose/component_4,0.004146806430071592
369,1789021156.0873797,pose/component_5,2.441739559173584
370,1789021157.245712,amp/overflow_retries,0.0
370,1789021157.245712,amp/scale,64.0
370,1789021157.245712,detect/component_0,1.1583963632583618
370,1789021157.245712,detect/component_1,1.0504730939865112
370,1789021157.245712,detect/component_2,0.007954156026244164
370,1789021157.245712,gradient/clipped_norm,1242.5797119140625
370,1789021157.245712,images/detect,256.0
370,1789021157.245712,images/pose,16.0
370,1789021157.245712,loss/backward,164.58476638793945
370,1789021157.245712,loss/detect_mean,1.9338884502649307
370,1789021157.245712,loss/joint_mean,2.571636974811554
370,1789021157.245712,loss/pose_mean,5.122631072998047
370,1789021157.245712,lr/attention.decay,0.0
370,1789021157.245712,lr/attention.no_decay,0.0
370,1789021157.245712,lr/backbone.decay,0.0
370,1789021157.245712,lr/backbone.no_decay,0.0
370,1789021157.245712,lr/detect_head.decay,0.0001642332613390929
370,1789021157.245712,lr/detect_head.no_decay,0.0001642332613390929
370,1789021157.245712,lr/masf.decay,8.211663066954644e-06
370,1789021157.245712,lr/masf.no_decay,8.211663066954644e-06
370,1789021157.245712,lr/neck.decay,6.158747300215982e-05
370,1789021157.245712,lr/neck.no_decay,6.158747300215982e-05
370,1789021157.245712,lr/pose_head.decay,0.0001642332613390929
370,1789021157.245712,lr/pose_head.no_decay,0.0001642332613390929
370,1789021157.245712,pose/component_0,1.3330461978912354
370,1789021157.245712,pose/component_1,0.05453269183635712
370,1789021157.245712,pose/component_2,0.014513303525745869
370,1789021157.245712,pose/component_3,0.6028063893318176
370,1789021157.245712,pose/component_4,0.004068757873028517
370,1789021157.245712,pose/component_5,2.4867453575134277
371,1789021158.4008482,amp/overflow_retries,0.0
371,1789021158.4008482,amp/scale,64.0
371,1789021158.4008482,detect/component_0,1.1114439964294434
371,1789021158.4008482,detect/component_1,1.0319937467575073
371,1789021158.4008482,detect/component_2,0.00788941141217947
371,1789021158.4008482,gradient/clipped_norm,2068.841796875
371,1789021158.4008482,images/detect,256.0
371,1789021158.4008482,images/pose,16.0
371,1789021158.4008482,loss/backward,185.12217330932617
371,1789021158.4008482,loss/detect_mean,1.8437808603048325
371,1789021158.4008482,loss/joint_mean,2.8925339579582214
371,1789021158.4008482,loss/pose_mean,7.087546348571777
371,1789021158.4008482,lr/attention.decay,0.0
371,1789021158.4008482,lr/attention.no_decay,0.0
371,1789021158.4008482,lr/backbone.decay,0.0
371,1789021158.4008482,lr/backbone.no_decay,0.0
371,1789021158.4008482,lr/detect_head.decay,0.00016462203023758098
371,1789021158.4008482,lr/detect_head.no_decay,0.00016462203023758098
371,1789021158.4008482,lr/masf.decay,8.23110151187905e-06
371,1789021158.4008482,lr/masf.no_decay,8.23110151187905e-06
371,1789021158.4008482,lr/neck.decay,6.173326133909286e-05
371,1789021158.4008482,lr/neck.no_decay,6.173326133909286e-05
371,1789021158.4008482,lr/pose_head.decay,0.00016462203023758098
371,1789021158.4008482,lr/pose_head.no_decay,0.00016462203023758098
371,1789021158.4008482,pose/component_0,1.1670024394989014
371,1789021158.4008482,pose/component_1,0.08291911333799362
371,1789021158.4008482,pose/component_2,0.13817808032035828
371,1789021158.4008482,pose/component_3,0.8149586915969849
371,1789021158.4008482,pose/component_4,0.0054718730971217155
371,1789021158.4008482,pose/component_5,3.212315082550049
372,1789021161.790147,amp/overflow_retries,0.0
372,1789021161.790147,amp/scale,64.0
372,1789021161.790147,detect/component_0,1.1862066984176636
372,1789021161.790147,detect/component_1,1.0923432111740112
372,1789021161.790147,detect/component_2,0.007455048616975546
372,1789021161.790147,gradient/clipped_norm,2221.918701171875
372,1789021161.790147,images/detect,256.0
372,1789021161.790147,images/pose,12.0
372,1789021161.790147,loss/backward,181.43697560628257
372,1789021161.790147,loss/detect_mean,1.92653426527977
372,1789021161.790147,loss/joint_mean,2.834952743848165
372,1789021161.790147,loss/pose_mean,6.468626658121745
372,1789021161.790147,lr/attention.decay,0.0
372,1789021161.790147,lr/attention.no_decay,0.0
372,1789021161.790147,lr/backbone.decay,0.0
372,1789021161.790147,lr/backbone.no_decay,0.0
372,1789021161.790147,lr/detect_head.decay,0.0001650107991360691
372,1789021161.790147,lr/detect_head.no_decay,0.0001650107991360691
372,1789021161.790147,lr/masf.decay,8.250539956803455e-06
372,1789021161.790147,lr/masf.no_decay,8.250539956803455e-06
372,1789021161.790147,lr/neck.decay,6.187904967602592e-05
372,1789021161.790147,lr/neck.no_decay,6.187904967602592e-05
372,1789021161.790147,lr/pose_head.decay,0.0001650107991360691
372,1789021161.790147,lr/pose_head.no_decay,0.0001650107991360691
372,1789021161.790147,pose/component_0,1.5703719854354858
372,1789021161.790147,pose/component_1,0.04441504552960396
372,1789021161.790147,pose/component_2,0.01121830940246582
372,1789021161.790147,pose/component_3,0.7912065386772156
372,1789021161.790147,pose/component_4,0.003387732431292534
372,1789021161.790147,pose/component_5,1.8044005632400513
373,1789021162.9451852,amp/overflow_retries,0.0
373,1789021162.9451852,amp/scale,64.0
373,1789021162.9451852,detect/component_0,1.0984033346176147
373,1789021162.9451852,detect/component_1,1.0161232948303223
373,1789021162.9451852,detect/component_2,0.007627403363585472
373,1789021162.9451852,gradient/clipped_norm,1370.4718017578125
373,1789021162.9451852,images/detect,256.0
373,1789021162.9451852,images/pose,16.0
373,1789021162.9451852,loss/backward,155.3400566101074
373,1789021162.9451852,loss/detect_mean,1.8472937196493149
373,1789021162.9451852,loss/joint_mean,2.4271883845329283
373,1789021162.9451852,loss/pose_mean,4.746767044067383
373,1789021162.9451852,lr/attention.decay,0.0
373,1789021162.9451852,lr/attention.no_decay,0.0
373,1789021162.9451852,lr/backbone.decay,0.0
373,1789021162.9451852,lr/backbone.no_decay,0.0
373,1789021162.9451852,lr/detect_head.decay,0.00016539956803455724
373,1789021162.9451852,lr/detect_head.no_decay,0.00016539956803455724
373,1789021162.9451852,lr/masf.decay,8.269978401727863e-06
373,1789021162.9451852,lr/masf.no_decay,8.269978401727863e-06
373,1789021162.9451852,lr/neck.decay,6.202483801295895e-05
373,1789021162.9451852,lr/neck.no_decay,6.202483801295895e-05
373,1789021162.9451852,lr/pose_head.decay,0.00016539956803455724
373,1789021162.9451852,lr/pose_head.no_decay,0.00016539956803455724
373,1789021162.9451852,pose/component_0,1.1794642210006714
373,1789021162.9451852,pose/component_1,0.08609672635793686
373,1789021162.9451852,pose/component_2,0.031171854585409164
373,1789021162.9451852,pose/component_3,0.8193193674087524
373,1789021162.9451852,pose/component_4,0.00394204119220376
373,1789021162.9451852,pose/component_5,1.2734185457229614
374,1789021164.1049078,amp/overflow_retries,0.0
374,1789021164.1049078,amp/scale,64.0
374,1789021164.1049078,detect/component_0,1.1689891815185547
374,1789021164.1049078,detect/component_1,1.0459641218185425
374,1789021164.1049078,detect/component_2,0.007473714649677277
374,1789021164.1049078,gradient/clipped_norm,1336.512451171875
374,1789021164.1049078,images/detect,256.0
374,1789021164.1049078,images/pose,16.0
374,1789021164.1049078,loss/backward,164.07709655761718
374,1789021164.1049078,loss/detect_mean,1.8904196619987488
374,1789021164.1049078,loss/joint_mean,2.5637046337127685
374,1789021164.1049078,loss/pose_mean,5.256844520568848
374,1789021164.1049078,lr/attention.decay,0.0
374,1789021164.1049078,lr/attention.no_decay,0.0
374,1789021164.1049078,lr/backbone.decay,0.0
374,1789021164.1049078,lr/backbone.no_decay,0.0
374,1789021164.1049078,lr/detect_head.decay,0.00016578833693304537
374,1789021164.1049078,lr/detect_head.no_decay,0.00016578833693304537
374,1789021164.1049078,lr/masf.decay,8.289416846652268e-06
374,1789021164.1049078,lr/masf.no_decay,8.289416846652268e-06
374,1789021164.1049078,lr/neck.decay,6.2170626349892e-05
374,1789021164.1049078,lr/neck.no_decay,6.2170626349892e-05
374,1789021164.1049078,lr/pose_head.decay,0.00016578833693304537
374,1789021164.1049078,lr/pose_head.no_decay,0.00016578833693304537
374,1789021164.1049078,pose/component_0,1.225816011428833
374,1789021164.1049078,pose/component_1,0.0499231182038784
374,1789021164.1049078,pose/component_2,0.14700499176979065
374,1789021164.1049078,pose/component_3,0.7960634231567383
374,1789021164.1049078,pose/component_4,0.005369166843593121
374,1789021164.1049078,pose/component_5,1.9836337566375732
375,1789021165.25174,amp/overflow_retries,0.0
375,1789021165.25174,amp/scale,64.0
375,1789021165.25174,detect/component_0,1.085004210472107
375,1789021165.25174,detect/component_1,0.9926206469535828
375,1789021165.25174,detect/component_2,0.007402404211461544
375,1789021165.25174,gradient/clipped_norm,1147.7740478515625
375,1789021165.25174,images/detect,256.0
375,1789021165.25174,images/pose,16.0
375,1789021165.25174,loss/backward,149.68640594482423
375,1789021165.25174,loss/detect_mean,1.836448758840561
375,1789021165.25174,loss/joint_mean,2.3388500928878786
375,1789021165.25174,loss/pose_mean,4.348455429077148
375,1789021165.25174,lr/attention.decay,0.0
375,1789021165.25174,lr/attention.no_decay,0.0
375,1789021165.25174,lr/backbone.decay,0.0
375,1789021165.25174,lr/backbone.no_decay,0.0
375,1789021165.25174,lr/detect_head.decay,0.00016617710583153347
375,1789021165.25174,lr/detect_head.no_decay,0.00016617710583153347
375,1789021165.25174,lr/masf.decay,8.308855291576673e-06
375,1789021165.25174,lr/masf.no_decay,8.308855291576673e-06
375,1789021165.25174,lr/neck.decay,6.231641468682504e-05
375,1789021165.25174,lr/neck.no_decay,6.231641468682504e-05
375,1789021165.25174,lr/pose_head.decay,0.00016617710583153347
375,1789021165.25174,lr/pose_head.no_decay,0.00016617710583153347
375,1789021165.25174,pose/component_0,1.2367652654647827
375,1789021165.25174,pose/component_1,0.09948572516441345
375,1789021165.25174,pose/component_2,0.10985364764928818
375,1789021165.25174,pose/component_3,0.8587741255760193
375,1789021165.25174,pose/component_4,0.0039549823850393295
375,1789021165.25174,pose/component_5,1.577506184577942
376,1789021166.404669,amp/overflow_retries,0.0
376,1789021166.404669,amp/scale,64.0
376,1789021166.404669,detect/component_0,1.0812840461730957
376,1789021166.404669,detect/component_1,1.0463343858718872
376,1789021166.404669,detect/component_2,0.007835965603590012
376,1789021166.404669,gradient/clipped_norm,1440.271728515625
376,1789021166.404669,images/detect,256.0
376,1789021166.404669,images/pose,16.0
376,1789021166.404669,loss/backward,151.42840347290038
376,1789021166.404669,loss/detect_mean,1.8507408648729324
376,1789021166.404669,loss/joint_mean,2.3660688042640685
376,1789021166.404669,loss/pose_mean,4.427380561828613
376,1789021166.404669,lr/attention.decay,0.0
376,1789021166.404669,lr/attention.no_decay,0.0
376,1789021166.404669,lr/backbone.decay,0.0
376,1789021166.404669,lr/backbone.no_decay,0.0
376,1789021166.404669,lr/detect_head.decay,0.0001665658747300216
376,1789021166.404669,lr/detect_head.no_decay,0.0001665658747300216
376,1789021166.404669,lr/masf.decay,8.32829373650108e-06
376,1789021166.404669,lr/masf.no_decay,8.32829373650108e-06
376,1789021166.404669,lr/neck.decay,6.24622030237581e-05
376,1789021166.404669,lr/neck.no_decay,6.24622030237581e-05
376,1789021166.404669,lr/pose_head.decay,0.0001665658747300216
376,1789021166.404669,lr/pose_head.no_decay,0.0001665658747300216
376,1789021166.404669,pose/component_0,1.2630763053894043
376,1789021166.404669,pose/component_1,0.07685708999633789
376,1789021166.404669,pose/component_2,0.01825648359954357
376,1789021166.404669,pose/component_3,0.7989931702613831
376,1789021166.404669,pose/component_4,0.00400696974247694
376,1789021166.404669,pose/component_5,1.2758548259735107
377,1789021167.5623763,amp/overflow_retries,0.0
377,1789021167.5623763,amp/scale,64.0
377,1789021167.5623763,detect/component_0,1.1202092170715332
377,1789021167.5623763,detect/component_1,1.0562188625335693
377,1789021167.5623763,detect/component_2,0.0069528603926301
377,1789021167.5623763,gradient/clipped_norm,1376.772216796875
377,1789021167.5623763,images/detect,256.0
377,1789021167.5623763,images/pose,16.0
377,1789021167.5623763,loss/backward,168.83291931152343
377,1789021167.5623763,loss/detect_mean,1.8591983914375305
377,1789021167.5623763,loss/joint_mean,2.6380143642425535
377,1789021167.5623763,loss/pose_mean,5.7532782554626465
377,1789021167.5623763,lr/attention.decay,0.0
377,1789021167.5623763,lr/attention.no_decay,0.0
377,1789021167.5623763,lr/backbone.decay,0.0
377,1789021167.5623763,lr/backbone.no_decay,0.0
377,1789021167.5623763,lr/detect_head.decay,0.00016695464362850973
377,1789021167.5623763,lr/detect_head.no_decay,0.00016695464362850973
377,1789021167.5623763,lr/masf.decay,8.347732181425486e-06
377,1789021167.5623763,lr/masf.no_decay,8.347732181425486e-06
377,1789021167.5623763,lr/neck.decay,6.260799136069113e-05
377,1789021167.5623763,lr/neck.no_decay,6.260799136069113e-05
377,1789021167.5623763,lr/pose_head.decay,0.00016695464362850973
377,1789021167.5623763,lr/pose_head.no_decay,0.00016695464362850973
377,1789021167.5623763,pose/component_0,1.3256148099899292
377,1789021167.5623763,pose/component_1,0.10618236660957336
377,1789021167.5623763,pose/component_2,0.021806934848427773
377,1789021167.5623763,pose/component_3,1.0614773035049438
377,1789021167.5623763,pose/component_4,0.004422676749527454
377,1789021167.5623763,pose/component_5,2.416506290435791
378,1789021168.7178502,amp/overflow_retries,0.0
378,1789021168.7178502,amp/scale,64.0
378,1789021168.7178502,detect/component_0,1.1390318870544434
378,1789021168.7178502,detect/component_1,1.0219509601593018
378,1789021168.7178502,detect/component_2,0.007524742744863033
378,1789021168.7178502,gradient/clipped_norm,1247.569580078125
378,1789021168.7178502,images/detect,256.0
378,1789021168.7178502,images/pose,16.0
378,1789021168.7178502,loss/backward,167.65465545654297
378,1789021168.7178502,loss/detect_mean,1.8323980271816254
378,1789021168.7178502,loss/joint_mean,2.619603991508484
378,1789021168.7178502,loss/pose_mean,5.768427848815918
378,1789021168.7178502,lr/attention.decay,0.0
378,1789021168.7178502,lr/attention.no_decay,0.0
378,1789021168.7178502,lr/backbone.decay,0.0
378,1789021168.7178502,lr/backbone.no_decay,0.0
378,1789021168.7178502,lr/detect_head.decay,0.00016734341252699786
378,1789021168.7178502,lr/detect_head.no_decay,0.00016734341252699786
378,1789021168.7178502,lr/masf.decay,8.367170626349893e-06
378,1789021168.7178502,lr/masf.no_decay,8.367170626349893e-06
378,1789021168.7178502,lr/neck.decay,6.275377969762419e-05
378,1789021168.7178502,lr/neck.no_decay,6.275377969762419e-05
378,1789021168.7178502,lr/pose_head.decay,0.00016734341252699786
378,1789021168.7178502,lr/pose_head.no_decay,0.00016734341252699786
378,1789021168.7178502,pose/component_0,1.206247091293335
378,1789021168.7178502,pose/component_1,0.10015120357275009
378,1789021168.7178502,pose/component_2,0.07703951746225357
378,1789021168.7178502,pose/component_3,1.0458608865737915
378,1789021168.7178502,pose/component_4,0.011694390326738358
378,1789021168.7178502,pose/component_5,2.62703275680542
379,1789021169.8745835,amp/overflow_retries,0.0
379,1789021169.8745835,amp/scale,64.0
379,1789021169.8745835,detect/component_0,1.103610873222351
379,1789021169.8745835,detect/component_1,1.0329145193099976
379,1789021169.8745835,detect/component_2,0.00646080682054162
379,1789021169.8745835,gradient/clipped_norm,2061.783447265625
379,1789021169.8745835,images/detect,256.0
379,1789021169.8745835,images/pose,16.0
379,1789021169.8745835,loss/backward,175.62201080322265
379,1789021169.8745835,loss/detect_mean,1.8048104345798492
379,1789021169.8745835,loss/joint_mean,2.744093918800354
379,1789021169.8745835,loss/pose_mean,6.501227855682373
379,1789021169.8745835,lr/attention.decay,0.0
379,1789021169.8745835,lr/attention.no_decay,0.0
379,1789021169.8745835,lr/backbone.decay,0.0
379,1789021169.8745835,lr/backbone.no_decay,0.0
379,1789021169.8745835,lr/detect_head.decay,0.00016773218142548596
379,1789021169.8745835,lr/detect_head.no_decay,0.00016773218142548596
379,1789021169.8745835,lr/masf.decay,8.386609071274299e-06
379,1789021169.8745835,lr/masf.no_decay,8.386609071274299e-06
379,1789021169.8745835,lr/neck.decay,6.289956803455723e-05
379,1789021169.8745835,lr/neck.no_decay,6.289956803455723e-05
379,1789021169.8745835,lr/pose_head.decay,0.00016773218142548596
379,1789021169.8745835,lr/pose_head.no_decay,0.00016773218142548596
379,1789021169.8745835,pose/component_0,1.322854995727539
379,1789021169.8745835,pose/component_1,0.17742584645748138
379,1789021169.8745835,pose/component_2,0.05167986825108528
379,1789021169.8745835,pose/component_3,0.7141791582107544
379,1789021169.8745835,pose/component_4,0.00526715163141489
379,1789021169.8745835,pose/component_5,2.3621110916137695
380,1789021171.026983,amp/overflow_retries,0.0
380,1789021171.026983,amp/scale,64.0
380,1789021171.026983,detect/component_0,1.1330052614212036
380,1789021171.026983,detect/component_1,1.0257519483566284
380,1789021171.026983,detect/component_2,0.007419701665639877
380,1789021171.026983,gradient/clipped_norm,2489.754150390625
380,1789021171.026983,images/detect,256.0
380,1789021171.026983,images/pose,16.0
380,1789021171.026983,loss/backward,164.68442306518554
380,1789021171.026983,loss/detect_mean,1.8514356464147568
380,1789021171.026983,loss/joint_mean,2.573194110393524
380,1789021171.026983,loss/pose_mean,5.460227966308594
380,1789021171.026983,lr/attention.decay,0.0
380,1789021171.026983,lr/attention.no_decay,0.0
380,1789021171.026983,lr/backbone.decay,0.0
380,1789021171.026983,lr/backbone.no_decay,0.0
380,1789021171.026983,lr/detect_head.decay,0.0001681209503239741
380,1789021171.026983,lr/detect_head.no_decay,0.0001681209503239741
380,1789021171.026983,lr/masf.decay,8.406047516198704e-06
380,1789021171.026983,lr/masf.no_decay,8.406047516198704e-06
380,1789021171.026983,lr/neck.decay,6.304535637149028e-05
380,1789021171.026983,lr/neck.no_decay,6.304535637149028e-05
380,1789021171.026983,lr/pose_head.decay,0.0001681209503239741
380,1789021171.026983,lr/pose_head.no_decay,0.0001681209503239741
380,1789021171.026983,pose/component_0,1.4628410339355469
380,1789021171.026983,pose/component_1,0.5574043393135071
380,1789021171.026983,pose/component_2,0.15093792974948883
380,1789021171.026983,pose/component_3,1.0112004280090332
380,1789021171.026983,pose/component_4,0.005469264462590218
380,1789021171.026983,pose/component_5,1.3978675603866577
381,1789021172.1915834,amp/overflow_retries,0.0
381,1789021172.1915834,amp/scale,64.0
381,1789021172.1915834,detect/component_0,1.1148297786712646
381,1789021172.1915834,detect/component_1,1.018631100654602
381,1789021172.1915834,detect/component_2,0.007659079506993294
381,1789021172.1915834,gradient/clipped_norm,2433.80078125
381,1789021172.1915834,images/detect,256.0
381,1789021172.1915834,images/pose,16.0
381,1789021172.1915834,loss/backward,169.34929275512695
381,1789021172.1915834,loss/detect_mean,1.8548431545495987
381,1789021172.1915834,loss/joint_mean,2.6460826992988586
381,1789021172.1915834,loss/pose_mean,5.811040878295898
381,1789021172.1915834,lr/attention.decay,0.0
381,1789021172.1915834,lr/attention.no_decay,0.0
381,1789021172.1915834,lr/backbone.decay,0.0
381,1789021172.1915834,lr/backbone.no_decay,0.0
381,1789021172.1915834,lr/detect_head.decay,0.00016850971922246222
381,1789021172.1915834,lr/detect_head.no_decay,0.00016850971922246222
381,1789021172.1915834,lr/masf.decay,8.425485961123111e-06
381,1789021172.1915834,lr/masf.no_decay,8.425485961123111e-06
381,1789021172.1915834,lr/neck.decay,6.319114470842332e-05
381,1789021172.1915834,lr/neck.no_decay,6.319114470842332e-05
381,1789021172.1915834,lr/pose_head.decay,0.00016850971922246222
381,1789021172.1915834,lr/pose_head.no_decay,0.00016850971922246222
381,1789021172.1915834,pose/component_0,1.4900414943695068
381,1789021172.1915834,pose/component_1,0.1452118158340454
381,1789021172.1915834,pose/component_2,0.15623679757118225
381,1789021172.1915834,pose/component_3,0.9294209480285645
381,1789021172.1915834,pose/component_4,0.005509378854185343
381,1789021172.1915834,pose/component_5,1.402934193611145
382,1789021173.339415,amp/overflow_retries,0.0
382,1789021173.339415,amp/scale,64.0
382,1789021173.339415,detect/component_0,1.1132700443267822
382,1789021173.339415,detect/component_1,1.0353845357894897
382,1789021173.339415,detect/component_2,0.007288900204002857
382,1789021173.339415,gradient/clipped_norm,1482.00830078125
382,1789021173.339415,images/detect,256.0
382,1789021173.339415,images/pose,16.0
382,1789021173.339415,loss/backward,172.14789581298828
382,1789021173.339415,loss/detect_mean,1.8533330261707306
382,1789021173.339415,loss/joint_mean,2.689810872077942
382,1789021173.339415,loss/pose_mean,6.035722255706787
382,1789021173.339415,lr/attention.decay,0.0
382,1789021173.339415,lr/attention.no_decay,0.0
382,1789021173.339415,lr/backbone.decay,0.0
382,1789021173.339415,lr/backbone.no_decay,0.0
382,1789021173.339415,lr/detect_head.decay,0.00016889848812095032
382,1789021173.339415,lr/detect_head.no_decay,0.00016889848812095032
382,1789021173.339415,lr/masf.decay,8.444924406047517e-06
382,1789021173.339415,lr/masf.no_decay,8.444924406047517e-06
382,1789021173.339415,lr/neck.decay,6.333693304535637e-05
382,1789021173.339415,lr/neck.no_decay,6.333693304535637e-05
382,1789021173.339415,lr/pose_head.decay,0.00016889848812095032
382,1789021173.339415,lr/pose_head.no_decay,0.00016889848812095032
382,1789021173.339415,pose/component_0,1.139906644821167
382,1789021173.339415,pose/component_1,0.04825339466333389
382,1789021173.339415,pose/component_2,0.14245198667049408
382,1789021173.339415,pose/component_3,0.9252626299858093
382,1789021173.339415,pose/component_4,0.004047724884003401
382,1789021173.339415,pose/component_5,1.5477017164230347
383,1789021174.497128,amp/overflow_retries,0.0
383,1789021174.497128,amp/scale,64.0
383,1789021174.497128,detect/component_0,1.1109157800674438
383,1789021174.497128,detect/component_1,1.0035500526428223
383,1789021174.497128,detect/component_2,0.0076247043907642365
383,1789021174.497128,gradient/clipped_norm,1744.72509765625
383,1789021174.497128,images/detect,256.0
383,1789021174.497128,images/pose,16.0
383,1789021174.497128,loss/backward,178.73156814575196
383,1789021174.497128,loss/detect_mean,1.8065469413995743
383,1789021174.497128,loss/joint_mean,2.7926807522773744
383,1789021174.497128,loss/pose_mean,6.737215995788574
383,1789021174.497128,lr/attention.decay,0.0
383,1789021174.497128,lr/attention.no_decay,0.0
383,1789021174.497128,lr/backbone.decay,0.0
383,1789021174.497128,lr/backbone.no_decay,0.0
383,1789021174.497128,lr/detect_head.decay,0.00016928725701943845
383,1789021174.497128,lr/detect_head.no_decay,0.00016928725701943845
383,1789021174.497128,lr/masf.decay,8.464362850971924e-06
383,1789021174.497128,lr/masf.no_decay,8.464362850971924e-06
383,1789021174.497128,lr/neck.decay,6.348272138228942e-05
383,1789021174.497128,lr/neck.no_decay,6.348272138228942e-05
383,1789021174.497128,lr/pose_head.decay,0.00016928725701943845
383,1789021174.497128,lr/pose_head.no_decay,0.00016928725701943845
383,1789021174.497128,pose/component_0,1.4435014724731445
383,1789021174.497128,pose/component_1,0.23832425475120544
383,1789021174.497128,pose/component_2,0.10208219289779663
383,1789021174.497128,pose/component_3,1.2345139980316162
383,1789021174.497128,pose/component_4,0.004655252210795879
383,1789021174.497128,pose/component_5,1.4694199562072754
384,1789021175.6505167,amp/overflow_retries,0.0
384,1789021175.6505167,amp/scale,64.0
384,1789021175.6505167,detect/component_0,1.1452983617782593
384,1789021175.6505167,detect/component_1,1.0740658044815063
384,1789021175.6505167,detect/component_2,0.007995774038136005
384,1789021175.6505167,gradient/clipped_norm,1958.0802001953125
384,1789021175.6505167,images/detect,256.0
384,1789021175.6505167,images/pose,16.0
384,1789021175.6505167,loss/backward,172.6635299682617
384,1789021175.6505167,loss/detect_mean,1.897910326719284
384,1789021175.6505167,loss/joint_mean,2.6978676557540893
384,1789021175.6505167,loss/pose_mean,5.8976969718933105
384,1789021175.6505167,lr/attention.decay,0.0
384,1789021175.6505167,lr/attention.no_decay,0.0
384,1789021175.6505167,lr/backbone.decay,0.0
384,1789021175.6505167,lr/backbone.no_decay,0.0
384,1789021175.6505167,lr/detect_head.decay,0.00016967602591792658
384,1789021175.6505167,lr/detect_head.no_decay,0.00016967602591792658
384,1789021175.6505167,lr/masf.decay,8.48380129589633e-06
384,1789021175.6505167,lr/masf.no_decay,8.48380129589633e-06
384,1789021175.6505167,lr/neck.decay,6.362850971922246e-05
384,1789021175.6505167,lr/neck.no_decay,6.362850971922246e-05
384,1789021175.6505167,lr/pose_head.decay,0.00016967602591792658
384,1789021175.6505167,lr/pose_head.no_decay,0.00016967602591792658
384,1789021175.6505167,pose/component_0,1.1875860691070557
384,1789021175.6505167,pose/component_1,0.09228737652301788
384,1789021175.6505167,pose/component_2,0.048256874084472656
384,1789021175.6505167,pose/component_3,0.961520791053772
384,1789021175.6505167,pose/component_4,0.004464656114578247
384,1789021175.6505167,pose/component_5,2.900576591491699
385,1789021176.8260937,amp/overflow_retries,0.0
385,1789021176.8260937,amp/scale,64.0
385,1789021176.8260937,detect/component_0,1.1675945520401
385,1789021176.8260937,detect/component_1,1.0583887100219727
385,1789021176.8260937,detect/component_2,0.007506073918193579
385,1789021176.8260937,gradient/clipped_norm,1720.471923828125
385,1789021176.8260937,images/detect,256.0
385,1789021176.8260937,images/pose,16.0
385,1789021176.8260937,loss/backward,163.83190383911133
385,1789021176.8260937,loss/detect_mean,1.9100452810525894
385,1789021176.8260937,loss/joint_mean,2.5598734974861146
385,1789021176.8260937,loss/pose_mean,5.159186363220215
385,1789021176.8260937,lr/attention.decay,0.0
385,1789021176.8260937,lr/attention.no_decay,0.0
385,1789021176.8260937,lr/backbone.decay,0.0
385,1789021176.8260937,lr/backbone.no_decay,0.0
385,1789021176.8260937,lr/detect_head.decay,0.00017006479481641471
385,1789021176.8260937,lr/detect_head.no_decay,0.00017006479481641471
385,1789021176.8260937,lr/masf.decay,8.503239740820735e-06
385,1789021176.8260937,lr/masf.no_decay,8.503239740820735e-06
385,1789021176.8260937,lr/neck.decay,6.377429805615551e-05
385,1789021176.8260937,lr/neck.no_decay,6.377429805615551e-05
385,1789021176.8260937,lr/pose_head.decay,0.00017006479481641471
385,1789021176.8260937,lr/pose_head.no_decay,0.00017006479481641471
385,1789021176.8260937,pose/component_0,1.3108620643615723
385,1789021176.8260937,pose/component_1,0.05623839795589447
385,1789021176.8260937,pose/component_2,0.08632820099592209
385,1789021176.8260937,pose/component_3,0.6435007452964783
385,1789021176.8260937,pose/component_4,0.00573791703209281
385,1789021176.8260937,pose/component_5,1.2471108436584473
386,1789021177.976423,amp/overflow_retries,0.0
386,1789021177.976423,amp/scale,64.0
386,1789021177.976423,detect/component_0,1.1185534000396729
386,1789021177.976423,detect/component_1,1.0463107824325562
386,1789021177.976423,detect/component_2,0.007347548380494118
386,1789021177.976423,gradient/clipped_norm,1682.2945556640625
386,1789021177.976423,images/detect,256.0
386,1789021177.976423,images/pose,16.0
386,1789021177.976423,loss/backward,153.2154739379883
386,1789021177.976423,loss/detect_mean,1.832665115594864
386,1789021177.976423,loss/joint_mean,2.393991780281067
386,1789021177.976423,loss/pose_mean,4.639298439025879
386,1789021177.976423,lr/attention.decay,0.0
386,1789021177.976423,lr/attention.no_decay,0.0
386,1789021177.976423,lr/backbone.decay,0.0
386,1789021177.976423,lr/backbone.no_decay,0.0
386,1789021177.976423,lr/detect_head.decay,0.00017045356371490282
386,1789021177.976423,lr/detect_head.no_decay,0.00017045356371490282
386,1789021177.976423,lr/masf.decay,8.52267818574514e-06
386,1789021177.976423,lr/masf.no_decay,8.52267818574514e-06
386,1789021177.976423,lr/neck.decay,6.392008639308855e-05
386,1789021177.976423,lr/neck.no_decay,6.392008639308855e-05
386,1789021177.976423,lr/pose_head.decay,0.00017045356371490282
386,1789021177.976423,lr/pose_head.no_decay,0.00017045356371490282
386,1789021177.976423,pose/component_0,1.2465604543685913
386,1789021177.976423,pose/component_1,0.059201907366514206
386,1789021177.976423,pose/component_2,0.010434434749186039
386,1789021177.976423,pose/component_3,0.5537840723991394
386,1789021177.976423,pose/component_4,0.0045675854198634624
386,1789021177.976423,pose/component_5,1.709505319595337
387,1789021179.1324363,amp/overflow_retries,0.0
387,1789021179.1324363,amp/scale,64.0
387,1789021179.1324363,detect/component_0,1.1021838188171387
387,1789021179.1324363,detect/component_1,1.0232555866241455
387,1789021179.1324363,detect/component_2,0.0072647519409656525
387,1789021179.1324363,gradient/clipped_norm,918.4288940429688
387,1789021179.1324363,images/detect,256.0
387,1789021179.1324363,images/pose,16.0
387,1789021179.1324363,loss/backward,163.65425491333008
387,1789021179.1324363,loss/detect_mean,1.8066197782754898
387,1789021179.1324363,loss/joint_mean,2.5570977330207825
387,1789021179.1324363,loss/pose_mean,5.559009552001953
387,1789021179.1324363,lr/attention.decay,0.0
387,1789021179.1324363,lr/attention.no_decay,0.0
387,1789021179.1324363,lr/backbone.decay,0.0
387,1789021179.1324363,lr/backbone.no_decay,0.0
387,1789021179.1324363,lr/detect_head.decay,0.00017084233261339095
387,1789021179.1324363,lr/detect_head.no_decay,0.00017084233261339095
387,1789021179.1324363,lr/masf.decay,8.542116630669548e-06
387,1789021179.1324363,lr/masf.no_decay,8.542116630669548e-06
387,1789021179.1324363,lr/neck.decay,6.40658747300216e-05
387,1789021179.1324363,lr/neck.no_decay,6.40658747300216e-05
387,1789021179.1324363,lr/pose_head.decay,0.00017084233261339095
387,1789021179.1324363,lr/pose_head.no_decay,0.00017084233261339095
387,1789021179.1324363,pose/component_0,1.25217866897583
387,1789021179.1324363,pose/component_1,0.05823063477873802
387,1789021179.1324363,pose/component_2,0.14090953767299652
387,1789021179.1324363,pose/component_3,0.9896726012229919
387,1789021179.1324363,pose/component_4,0.006556599400937557
387,1789021179.1324363,pose/component_5,2.3111603260040283
388,1789021180.2905812,amp/overflow_retries,0.0
388,1789021180.2905812,amp/scale,64.0
388,1789021180.2905812,detect/component_0,1.145505666732788
388,1789021180.2905812,detect/component_1,1.0014857053756714
388,1789021180.2905812,detect/component_2,0.007127533666789532
388,1789021180.2905812,gradient/clipped_norm,3795.14501953125
388,1789021180.2905812,images/detect,256.0
388,1789021180.2905812,images/pose,16.0
388,1789021180.2905812,loss/backward,216.80316390991212
388,1789021180.2905812,loss/detect_mean,1.8120449036359787
388,1789021180.2905812,loss/joint_mean,3.387549436092377
388,1789021180.2905812,loss/pose_mean,9.689567565917969
388,1789021180.2905812,lr/attention.decay,0.0
388,1789021180.2905812,lr/attention.no_decay,0.0
388,1789021180.2905812,lr/backbone.decay,0.0
388,1789021180.2905812,lr/backbone.no_decay,0.0
388,1789021180.2905812,lr/detect_head.decay,0.00017123110151187905
388,1789021180.2905812,lr/detect_head.no_decay,0.00017123110151187905
388,1789021180.2905812,lr/masf.decay,8.561555075593953e-06
388,1789021180.2905812,lr/masf.no_decay,8.561555075593953e-06
388,1789021180.2905812,lr/neck.decay,6.421166306695463e-05
388,1789021180.2905812,lr/neck.no_decay,6.421166306695463e-05
388,1789021180.2905812,lr/pose_head.decay,0.00017123110151187905
388,1789021180.2905812,lr/pose_head.no_decay,0.00017123110151187905
388,1789021180.2905812,pose/component_0,1.5732722282409668
388,1789021180.2905812,pose/component_1,0.14027823507785797
388,1789021180.2905812,pose/component_2,0.20665107667446136
388,1789021180.2905812,pose/component_3,0.9902843832969666
388,1789021180.2905812,pose/component_4,0.009799152612686157
388,1789021180.2905812,pose/component_5,3.605947494506836
389,1789021181.4506414,amp/overflow_retries,0.0
389,1789021181.4506414,amp/scale,64.0
389,1789021181.4506414,detect/component_0,1.1721702814102173
389,1789021181.4506414,detect/component_1,1.0924891233444214
389,1789021181.4506414,detect/component_2,0.007525530178099871
389,1789021181.4506414,gradient/clipped_norm,1251.7620849609375
389,1789021181.4506414,images/detect,256.0
389,1789021181.4506414,images/pose,16.0
389,1789021181.4506414,loss/backward,152.05795516967774
389,1789021181.4506414,loss/detect_mean,1.934699222445488
389,1789021181.4506414,loss/joint_mean,2.3759055495262147
389,1789021181.4506414,loss/pose_mean,4.140730857849121
389,1789021181.4506414,lr/attention.decay,0.0
389,1789021181.4506414,lr/attention.no_decay,0.0
389,1789021181.4506414,lr/backbone.decay,0.0
389,1789021181.4506414,lr/backbone.no_decay,0.0
389,1789021181.4506414,lr/detect_head.decay,0.00017161987041036718
389,1789021181.4506414,lr/detect_head.no_decay,0.00017161987041036718
389,1789021181.4506414,lr/masf.decay,8.580993520518359e-06
389,1789021181.4506414,lr/masf.no_decay,8.580993520518359e-06
389,1789021181.4506414,lr/neck.decay,6.435745140388768e-05
389,1789021181.4506414,lr/neck.no_decay,6.435745140388768e-05
389,1789021181.4506414,lr/pose_head.decay,0.00017161987041036718
389,1789021181.4506414,lr/pose_head.no_decay,0.00017161987041036718
389,1789021181.4506414,pose/component_0,1.2178118228912354
389,1789021181.4506414,pose/component_1,0.10100924968719482
389,1789021181.4506414,pose/component_2,0.024002840742468834
389,1789021181.4506414,pose/component_3,0.808476448059082
389,1789021181.4506414,pose/component_4,0.004218406043946743
389,1789021181.4506414,pose/component_5,1.4429864883422852
390,1789021182.6121104,amp/overflow_retries,0.0
390,1789021182.6121104,amp/scale,64.0
390,1789021182.6121104,detect/component_0,1.1584099531173706
390,1789021182.6121104,detect/component_1,1.0698750019073486
390,1789021182.6121104,detect/component_2,0.00744047574698925
390,1789021182.6121104,gradient/clipped_norm,1294.85791015625
390,1789021182.6121104,images/detect,256.0
390,1789021182.6121104,images/pose,16.0
390,1789021182.6121104,loss/backward,153.44082946777343
390,1789021182.6121104,loss/detect_mean,1.8601297736167908
390,1789021182.6121104,loss/joint_mean,2.39751296043396
390,1789021182.6121104,loss/pose_mean,4.547045707702637
390,1789021182.6121104,lr/attention.decay,0.0
390,1789021182.6121104,lr/attention.no_decay,0.0
390,1789021182.6121104,lr/backbone.decay,0.0
390,1789021182.6121104,lr/backbone.no_decay,0.0
390,1789021182.6121104,lr/detect_head.decay,0.00017200863930885528
390,1789021182.6121104,lr/detect_head.no_decay,0.00017200863930885528
390,1789021182.6121104,lr/masf.decay,8.600431965442764e-06
390,1789021182.6121104,lr/masf.no_decay,8.600431965442764e-06
390,1789021182.6121104,lr/neck.decay,6.450323974082073e-05
390,1789021182.6121104,lr/neck.no_decay,6.450323974082073e-05
390,1789021182.6121104,lr/pose_head.decay,0.00017200863930885528
390,1789021182.6121104,lr/pose_head.no_decay,0.00017200863930885528
390,1789021182.6121104,pose/component_0,1.46744704246521
390,1789021182.6121104,pose/component_1,0.05403900146484375
390,1789021182.6121104,pose/component_2,0.0776321291923523
390,1789021182.6121104,pose/component_3,0.7317495346069336
390,1789021182.6121104,pose/component_4,0.005535217933356762
390,1789021182.6121104,pose/component_5,0.9938029050827026
391,1789021183.7756646,amp/overflow_retries,0.0
391,1789021183.7756646,amp/scale,64.0
391,1789021183.7756646,detect/component_0,1.1620022058486938
391,1789021183.7756646,detect/component_1,1.0427064895629883
391,1789021183.7756646,detect/component_2,0.007774160243570805
391,1789021183.7756646,gradient/clipped_norm,2293.3779296875
391,1789021183.7756646,images/detect,256.0
391,1789021183.7756646,images/pose,16.0
391,1789021183.7756646,loss/backward,181.82725296020507
391,1789021183.7756646,loss/detect_mean,1.8867390304803848
391,1789021183.7756646,loss/joint_mean,2.8410508275032043
391,1789021183.7756646,loss/pose_mean,6.658298015594482
391,1789021183.7756646,lr/attention.decay,0.0
391,1789021183.7756646,lr/attention.no_decay,0.0
391,1789021183.7756646,lr/backbone.decay,0.0
391,1789021183.7756646,lr/backbone.no_decay,0.0
391,1789021183.7756646,lr/detect_head.decay,0.0001723974082073434
391,1789021183.7756646,lr/detect_head.no_decay,0.0001723974082073434
391,1789021183.7756646,lr/masf.decay,8.619870410367171e-06
391,1789021183.7756646,lr/masf.no_decay,8.619870410367171e-06
391,1789021183.7756646,lr/neck.decay,6.464902807775377e-05
391,1789021183.7756646,lr/neck.no_decay,6.464902807775377e-05
391,1789021183.7756646,lr/pose_head.decay,0.0001723974082073434
391,1789021183.7756646,lr/pose_head.no_decay,0.0001723974082073434
391,1789021183.7756646,pose/component_0,1.232777714729309
391,1789021183.7756646,pose/component_1,0.11336281895637512
391,1789021183.7756646,pose/component_2,0.05112457275390625
391,1789021183.7756646,pose/component_3,1.1269913911819458
391,1789021183.7756646,pose/component_4,0.0049561611376702785
391,1789021183.7756646,pose/component_5,2.403474807739258
392,1789021184.9409068,amp/overflow_retries,0.0
392,1789021184.9409068,amp/scale,64.0
392,1789021184.9409068,detect/component_0,1.1412162780761719
392,1789021184.9409068,detect/component_1,1.0457727909088135
392,1789021184.9409068,detect/component_2,0.0076942453160882
392,1789021184.9409068,gradient/clipped_norm,2323.88427734375
392,1789021184.9409068,images/detect,256.0
392,1789021184.9409068,images/pose,16.0
392,1789021184.9409068,loss/backward,204.62248153686522
392,1789021184.9409068,loss/detect_mean,1.8441619127988815
392,1789021184.9409068,loss/joint_mean,3.197226274013519
392,1789021184.9409068,loss/pose_mean,8.60948371887207
392,1789021184.9409068,lr/attention.decay,0.0
392,1789021184.9409068,lr/attention.no_decay,0.0
392,1789021184.9409068,lr/backbone.decay,0.0
392,1789021184.9409068,lr/backbone.no_decay,0.0
392,1789021184.9409068,lr/detect_head.decay,0.00017278617710583154
392,1789021184.9409068,lr/detect_head.no_decay,0.00017278617710583154
392,1789021184.9409068,lr/masf.decay,8.639308855291577e-06
392,1789021184.9409068,lr/masf.no_decay,8.639308855291577e-06
392,1789021184.9409068,lr/neck.decay,6.479481641468682e-05
392,1789021184.9409068,lr/neck.no_decay,6.479481641468682e-05
392,1789021184.9409068,lr/pose_head.decay,0.00017278617710583154
392,1789021184.9409068,lr/pose_head.no_decay,0.00017278617710583154
392,1789021184.9409068,pose/component_0,1.4301706552505493
392,1789021184.9409068,pose/component_1,0.3648190498352051
392,1789021184.9409068,pose/component_2,0.1511824131011963
392,1789021184.9409068,pose/component_3,1.141840934753418
392,1789021184.9409068,pose/component_4,0.006871710531413555
392,1789021184.9409068,pose/component_5,4.397231101989746
393,1789021186.1050277,amp/overflow_retries,0.0
393,1789021186.1050277,amp/scale,64.0
393,1789021186.1050277,detect/component_0,1.1583501100540161
393,1789021186.1050277,detect/component_1,1.1098530292510986
393,1789021186.1050277,detect/component_2,0.00797576829791069
393,1789021186.1050277,gradient/clipped_norm,1624.0841064453125
393,1789021186.1050277,images/detect,256.0
393,1789021186.1050277,images/pose,16.0
393,1789021186.1050277,loss/backward,158.42999114990235
393,1789021186.1050277,loss/detect_mean,1.899876207113266
393,1789021186.1050277,loss/joint_mean,2.475468611717224
393,1789021186.1050277,loss/pose_mean,4.777838230133057
393,1789021186.1050277,lr/attention.decay,0.0
393,1789021186.1050277,lr/attention.no_decay,0.0
393,1789021186.1050277,lr/backbone.decay,0.0
393,1789021186.1050277,lr/backbone.no_decay,0.0
393,1789021186.1050277,lr/detect_head.decay,0.00017317494600431967
393,1789021186.1050277,lr/detect_head.no_decay,0.00017317494600431967
393,1789021186.1050277,lr/masf.decay,8.658747300215984e-06
393,1789021186.1050277,lr/masf.no_decay,8.658747300215984e-06
393,1789021186.1050277,lr/neck.decay,6.494060475161987e-05
393,1789021186.1050277,lr/neck.no_decay,6.494060475161987e-05
393,1789021186.1050277,lr/pose_head.decay,0.00017317494600431967
393,1789021186.1050277,lr/pose_head.no_decay,0.00017317494600431967
393,1789021186.1050277,pose/component_0,1.1604417562484741
393,1789021186.1050277,pose/component_1,0.0357627347111702
393,1789021186.1050277,pose/component_2,0.03569141402840614
393,1789021186.1050277,pose/component_3,0.8357820510864258
393,1789021186.1050277,pose/component_4,0.005336941219866276
393,1789021186.1050277,pose/component_5,1.4622900485992432
394,1789021187.2862446,amp/overflow_retries,0.0
394,1789021187.2862446,amp/scale,64.0
394,1789021187.2862446,detect/component_0,1.1333208084106445
394,1789021187.2862446,detect/component_1,1.0420513153076172
394,1789021187.2862446,detect/component_2,0.007695112843066454
394,1789021187.2862446,gradient/clipped_norm,1371.068603515625
394,1789021187.2862446,images/detect,256.0
394,1789021187.2862446,images/pose,16.0
394,1789021187.2862446,loss/backward,166.09362869262696
394,1789021187.2862446,loss/detect_mean,1.855156198143959
394,1789021187.2862446,loss/joint_mean,2.5952129483222963
394,1789021187.2862446,loss/pose_mean,5.5554399490356445
394,1789021187.2862446,lr/attention.decay,0.0
394,1789021187.2862446,lr/attention.no_decay,0.0
394,1789021187.2862446,lr/backbone.decay,0.0
394,1789021187.2862446,lr/backbone.no_decay,0.0
394,1789021187.2862446,lr/detect_head.decay,0.00017356371490280777
394,1789021187.2862446,lr/detect_head.no_decay,0.00017356371490280777
394,1789021187.2862446,lr/masf.decay,8.67818574514039e-06
394,1789021187.2862446,lr/masf.no_decay,8.67818574514039e-06
394,1789021187.2862446,lr/neck.decay,6.508639308855291e-05
394,1789021187.2862446,lr/neck.no_decay,6.508639308855291e-05
394,1789021187.2862446,lr/pose_head.decay,0.00017356371490280777
394,1789021187.2862446,lr/pose_head.no_decay,0.00017356371490280777
394,1789021187.2862446,pose/component_0,1.352556824684143
394,1789021187.2862446,pose/component_1,0.08701670169830322
394,1789021187.2862446,pose/component_2,0.07435377687215805
394,1789021187.2862446,pose/component_3,0.9883160591125488
394,1789021187.2862446,pose/component_4,0.005143329035490751
394,1789021187.2862446,pose/component_5,1.524225115776062
395,1789021188.462301,amp/overflow_retries,0.0
395,1789021188.462301,amp/scale,64.0
395,1789021188.462301,detect/component_0,1.084753394126892
395,1789021188.462301,detect/component_1,1.0425251722335815
395,1789021188.462301,detect/component_2,0.007972410880029202
395,1789021188.462301,gradient/clipped_norm,1307.5548095703125
395,1789021188.462301,images/detect,256.0
395,1789021188.462301,images/pose,16.0
395,1789021188.462301,loss/backward,162.97476654052736
395,1789021188.462301,loss/detect_mean,1.8451022803783417
395,1789021188.462301,loss/joint_mean,2.54648072719574
395,1789021188.462301,loss/pose_mean,5.351994514465332
395,1789021188.462301,lr/attention.decay,0.0
395,1789021188.462301,lr/attention.no_decay,0.0
395,1789021188.462301,lr/backbone.decay,0.0
395,1789021188.462301,lr/backbone.no_decay,0.0
395,1789021188.462301,lr/detect_head.decay,0.0001739524838012959
395,1789021188.462301,lr/detect_head.no_decay,0.0001739524838012959
395,1789021188.462301,lr/masf.decay,8.697624190064797e-06
395,1789021188.462301,lr/masf.no_decay,8.697624190064797e-06
395,1789021188.462301,lr/neck.decay,6.523218142548596e-05
395,1789021188.462301,lr/neck.no_decay,6.523218142548596e-05
395,1789021188.462301,lr/pose_head.decay,0.0001739524838012959
395,1789021188.462301,lr/pose_head.no_decay,0.0001739524838012959
395,1789021188.462301,pose/component_0,1.1596465110778809
395,1789021188.462301,pose/component_1,0.08664345741271973
395,1789021188.462301,pose/component_2,0.016410471871495247
395,1789021188.462301,pose/component_3,0.7823814749717712
395,1789021188.462301,pose/component_4,0.004074158146977425
395,1789021188.462301,pose/component_5,2.165217876434326
396,1789021189.6287029,amp/overflow_retries,0.0
396,1789021189.6287029,amp/scale,64.0
396,1789021189.6287029,detect/component_0,1.1045002937316895
396,1789021189.6287029,detect/component_1,1.0488510131835938
396,1789021189.6287029,detect/component_2,0.007466149982064962
396,1789021189.6287029,gradient/clipped_norm,1321.6649169921875
396,1789021189.6287029,images/detect,256.0
396,1789021189.6287029,images/pose,16.0
396,1789021189.6287029,loss/backward,162.63726119995118
396,1789021189.6287029,loss/detect_mean,1.8471656888723373
396,1789021189.6287029,loss/joint_mean,2.5412072062492372
396,1789021189.6287029,loss/pose_mean,5.317373275756836
396,1789021189.6287029,lr/attention.decay,0.0
396,1789021189.6287029,lr/attention.no_decay,0.0
396,1789021189.6287029,lr/backbone.decay,0.0
396,1789021189.6287029,lr/backbone.no_decay,0.0
396,1789021189.6287029,lr/detect_head.decay,0.00017434125269978403
396,1789021189.6287029,lr/detect_head.no_decay,0.00017434125269978403
396,1789021189.6287029,lr/masf.decay,8.717062634989202e-06
396,1789021189.6287029,lr/masf.no_decay,8.717062634989202e-06
396,1789021189.6287029,lr/neck.decay,6.5377969762419e-05
396,1789021189.6287029,lr/neck.no_decay,6.5377969762419e-05
396,1789021189.6287029,lr/pose_head.decay,0.00017434125269978403
396,1789021189.6287029,lr/pose_head.no_decay,0.00017434125269978403
396,1789021189.6287029,pose/component_0,1.4156893491744995
396,1789021189.6287029,pose/component_1,0.11892680078744888
396,1789021189.6287029,pose/component_2,0.029584169387817383
396,1789021189.6287029,pose/component_3,1.036497950553894
396,1789021189.6287029,pose/component_4,0.005760837346315384
396,1789021189.6287029,pose/component_5,2.284636974334717
397,1789021190.7819257,amp/overflow_retries,0.0
397,1789021190.7819257,amp/scale,64.0
397,1789021190.7819257,detect/component_0,1.1187220811843872
397,1789021190.7819257,detect/component_1,0.9929257035255432
397,1789021190.7819257,detect/component_2,0.00745205394923687
397,1789021190.7819257,gradient/clipped_norm,2205.7392578125
397,1789021190.7819257,images/detect,256.0
397,1789021190.7819257,images/pose,16.0
397,1789021190.7819257,loss/backward,162.66423568725585
397,1789021190.7819257,loss/detect_mean,1.7929271906614304
397,1789021190.7819257,loss/joint_mean,2.5416286826133727
397,1789021190.7819257,loss/pose_mean,5.536434650421143
397,1789021190.7819257,lr/attention.decay,0.0
397,1789021190.7819257,lr/attention.no_decay,0.0
397,1789021190.7819257,lr/backbone.decay,0.0
397,1789021190.7819257,lr/backbone.no_decay,0.0
397,1789021190.7819257,lr/detect_head.decay,0.00017473002159827214
397,1789021190.7819257,lr/detect_head.no_decay,0.00017473002159827214
397,1789021190.7819257,lr/masf.decay,8.736501079913608e-06
397,1789021190.7819257,lr/masf.no_decay,8.736501079913608e-06
397,1789021190.7819257,lr/neck.decay,6.552375809935204e-05
397,1789021190.7819257,lr/neck.no_decay,6.552375809935204e-05
397,1789021190.7819257,lr/pose_head.decay,0.00017473002159827214
397,1789021190.7819257,lr/pose_head.no_decay,0.00017473002159827214
397,1789021190.7819257,pose/component_0,1.0937752723693848
397,1789021190.7819257,pose/component_1,0.045367419719696045
397,1789021190.7819257,pose/component_2,0.0362185500562191
397,1789021190.7819257,pose/component_3,0.8383140563964844
397,1789021190.7819257,pose/component_4,0.004803486168384552
397,1789021190.7819257,pose/component_5,1.7313613891601562
398,1789021191.9461462,amp/overflow_retries,0.0
398,1789021191.9461462,amp/scale,64.0
398,1789021191.9461462,detect/component_0,1.030500888824463
398,1789021191.9461462,detect/component_1,0.945010781288147
398,1789021191.9461462,detect/component_2,0.0073399669490754604
398,1789021191.9461462,gradient/clipped_norm,1197.02490234375
398,1789021191.9461462,images/detect,256.0
398,1789021191.9461462,images/pose,16.0
398,1789021191.9461462,loss/backward,155.38631286621094
398,1789021191.9461462,loss/detect_mean,1.7019044756889343
398,1789021191.9461462,loss/joint_mean,2.427911138534546
398,1789021191.9461462,loss/pose_mean,5.331937789916992
398,1789021191.9461462,lr/attention.decay,0.0
398,1789021191.9461462,lr/attention.no_decay,0.0
398,1789021191.9461462,lr/backbone.decay,0.0
398,1789021191.9461462,lr/backbone.no_decay,0.0
398,1789021191.9461462,lr/detect_head.decay,0.00017511879049676027
398,1789021191.9461462,lr/detect_head.no_decay,0.00017511879049676027
398,1789021191.9461462,lr/masf.decay,8.755939524838013e-06
398,1789021191.9461462,lr/masf.no_decay,8.755939524838013e-06
398,1789021191.9461462,lr/neck.decay,6.566954643628508e-05
398,1789021191.9461462,lr/neck.no_decay,6.566954643628508e-05
398,1789021191.9461462,lr/pose_head.decay,0.00017511879049676027
398,1789021191.9461462,lr/pose_head.no_decay,0.00017511879049676027
398,1789021191.9461462,pose/component_0,1.3858649730682373
398,1789021191.9461462,pose/component_1,0.1543678641319275
398,1789021191.9461462,pose/component_2,0.07046740502119064
398,1789021191.9461462,pose/component_3,0.9302690029144287
398,1789021191.9461462,pose/component_4,0.004257543943822384
398,1789021191.9461462,pose/component_5,2.3108296394348145
399,1789021193.1085825,amp/overflow_retries,0.0
399,1789021193.1085825,amp/scale,64.0
399,1789021193.1085825,detect/component_0,1.0941979885101318
399,1789021193.1085825,detect/component_1,1.0214284658432007
399,1789021193.1085825,detect/component_2,0.007684554439038038
399,1789021193.1085825,gradient/clipped_norm,1192.450927734375
399,1789021193.1085825,images/detect,256.0
399,1789021193.1085825,images/pose,16.0
399,1789021193.1085825,loss/backward,144.61026916503906
399,1789021193.1085825,loss/detect_mean,1.777032196521759
399,1789021193.1085825,loss/joint_mean,2.2595354557037353
399,1789021193.1085825,loss/pose_mean,4.189548492431641
399,1789021193.1085825,lr/attention.decay,0.0
399,1789021193.1085825,lr/attention.no_decay,0.0
399,1789021193.1085825,lr/backbone.decay,0.0
399,1789021193.1085825,lr/backbone.no_decay,0.0
399,1789021193.1085825,lr/detect_head.decay,0.0001755075593952484
399,1789021193.1085825,lr/detect_head.no_decay,0.0001755075593952484
399,1789021193.1085825,lr/masf.decay,8.77537796976242e-06
399,1789021193.1085825,lr/masf.no_decay,8.77537796976242e-06
399,1789021193.1085825,lr/neck.decay,6.581533477321813e-05
399,1789021193.1085825,lr/neck.no_decay,6.581533477321813e-05
399,1789021193.1085825,lr/pose_head.decay,0.0001755075593952484
399,1789021193.1085825,lr/pose_head.no_decay,0.0001755075593952484
399,1789021193.1085825,pose/component_0,1.0655696392059326
399,1789021193.1085825,pose/component_1,0.07068035751581192
399,1789021193.1085825,pose/component_2,0.16677440702915192
399,1789021193.1085825,pose/component_3,0.6993300914764404
399,1789021193.1085825,pose/component_4,0.00668119452893734
399,1789021193.1085825,pose/component_5,1.2214912176132202
400,1789021194.2825534,amp/overflow_retries,0.0
400,1789021194.2825534,amp/scale,64.0
400,1789021194.2825534,detect/component_0,1.0829854011535645
400,1789021194.2825534,detect/component_1,1.0027648210525513
400,1789021194.2825534,detect/component_2,0.007735228631645441
400,1789021194.2825534,gradient/clipped_norm,1154.6038818359375
400,1789021194.2825534,gradient/detect_shared_norm,264.55203789802243
400,1789021194.2825534,gradient/pose_shared_norm,986.2314131422476
400,1789021194.2825534,gradient/shared_cosine,0.10882187305629534
400,1789021194.2825534,images/detect,256.0
400,1789021194.2825534,images/pose,16.0
400,1789021194.2825534,loss/backward,144.39822235107422
400,1789021194.2825534,loss/detect_mean,1.7719564139842987
400,1789021194.2825534,loss/joint_mean,2.2562222242355348
400,1789021194.2825534,loss/pose_mean,4.1932854652404785
400,1789021194.2825534,lr/attention.decay,0.0
400,1789021194.2825534,lr/attention.no_decay,0.0
400,1789021194.2825534,lr/backbone.decay,0.0
400,1789021194.2825534,lr/backbone.no_decay,0.0
400,1789021194.2825534,lr/detect_head.decay,0.0001758963282937365
400,1789021194.2825534,lr/detect_head.no_decay,0.0001758963282937365
400,1789021194.2825534,lr/masf.decay,8.794816414686826e-06
400,1789021194.2825534,lr/masf.no_decay,8.794816414686826e-06
400,1789021194.2825534,lr/neck.decay,6.596112311015118e-05
400,1789021194.2825534,lr/neck.no_decay,6.596112311015118e-05
400,1789021194.2825534,lr/pose_head.decay,0.0001758963282937365
400,1789021194.2825534,lr/pose_head.no_decay,0.0001758963282937365
400,1789021194.2825534,pose/component_0,1.2954925298690796
400,1789021194.2825534,pose/component_1,0.055579494684934616
400,1789021194.2825534,pose/component_2,0.06762876361608505
400,1789021194.2825534,pose/component_3,0.7640348076820374
400,1789021194.2825534,pose/component_4,0.005683542229235172
400,1789021194.2825534,pose/component_5,0.7388119697570801
401,1789021195.4385633,amp/overflow_retries,0.0
401,1789021195.4385633,amp/scale,64.0
401,1789021195.4385633,detect/component_0,1.2172337770462036
401,1789021195.4385633,detect/component_1,1.1282463073730469
401,1789021195.4385633,detect/component_2,0.007303161080926657
401,1789021195.4385633,gradient/clipped_norm,1246.597412109375
401,1789021195.4385633,images/detect,256.0
401,1789021195.4385633,images/pose,16.0
401,1789021195.4385633,loss/backward,175.07965927124025
401,1789021195.4385633,loss/detect_mean,1.95991151034832
401,1789021195.4385633,loss/joint_mean,2.735619676113129
401,1789021195.4385633,loss/pose_mean,5.838452339172363
401,1789021195.4385633,lr/attention.decay,0.0
401,1789021195.4385633,lr/attention.no_decay,0.0
401,1789021195.4385633,lr/backbone.decay,0.0
401,1789021195.4385633,lr/backbone.no_decay,0.0
401,1789021195.4385633,lr/detect_head.decay,0.00017628509719222463
401,1789021195.4385633,lr/detect_head.no_decay,0.00017628509719222463
401,1789021195.4385633,lr/masf.decay,8.814254859611233e-06
401,1789021195.4385633,lr/masf.no_decay,8.814254859611233e-06
401,1789021195.4385633,lr/neck.decay,6.610691144708424e-05
401,1789021195.4385633,lr/neck.no_decay,6.610691144708424e-05
401,1789021195.4385633,lr/pose_head.decay,0.00017628509719222463
401,1789021195.4385633,lr/pose_head.no_decay,0.00017628509719222463
401,1789021195.4385633,pose/component_0,1.4504495859146118
401,1789021195.4385633,pose/component_1,0.10860371589660645
401,1789021195.4385633,pose/component_2,0.1221170648932457
401,1789021195.4385633,pose/component_3,1.0868629217147827
401,1789021195.4385633,pose/component_4,0.0046700588427484035
401,1789021195.4385633,pose/component_5,1.5635452270507812
402,1789021196.5896704,amp/overflow_retries,0.0
402,1789021196.5896704,amp/scale,64.0
402,1789021196.5896704,detect/component_0,1.071270227432251
402,1789021196.5896704,detect/component_1,1.0410577058792114
402,1789021196.5896704,detect/component_2,0.0077475905418396
402,1789021196.5896704,gradient/clipped_norm,1046.376708984375
402,1789021196.5896704,images/detect,256.0
402,1789021196.5896704,images/pose,16.0
402,1789021196.5896704,loss/backward,150.84677276611328
402,1789021196.5896704,loss/detect_mean,1.8272806704044342
402,1789021196.5896704,loss/joint_mean,2.35698082447052
402,1789021196.5896704,loss/pose_mean,4.475781440734863
402,1789021196.5896704,lr/attention.decay,0.0
402,1789021196.5896704,lr/attention.no_decay,0.0
402,1789021196.5896704,lr/backbone.decay,0.0
402,1789021196.5896704,lr/backbone.no_decay,0.0
402,1789021196.5896704,lr/detect_head.decay,0.00017667386609071276
402,1789021196.5896704,lr/detect_head.no_decay,0.00017667386609071276
402,1789021196.5896704,lr/masf.decay,8.833693304535638e-06
402,1789021196.5896704,lr/masf.no_decay,8.833693304535638e-06
402,1789021196.5896704,lr/neck.decay,6.625269978401727e-05
402,1789021196.5896704,lr/neck.no_decay,6.625269978401727e-05
402,1789021196.5896704,lr/pose_head.decay,0.00017667386609071276
402,1789021196.5896704,lr/pose_head.no_decay,0.00017667386609071276
402,1789021196.5896704,pose/component_0,1.260352373123169
402,1789021196.5896704,pose/component_1,0.07105518877506256
402,1789021196.5896704,pose/component_2,0.056839220225811005
402,1789021196.5896704,pose/component_3,0.6951606273651123
402,1789021196.5896704,pose/component_4,0.004026918672025204
402,1789021196.5896704,pose/component_5,1.4693100452423096
403,1789021197.741193,amp/overflow_retries,0.0
403,1789021197.741193,amp/scale,64.0
403,1789021197.741193,detect/component_0,1.1635322570800781
403,1789021197.741193,detect/component_1,1.0469120740890503
403,1789021197.741193,detect/component_2,0.007255060598254204
403,1789021197.741193,gradient/clipped_norm,1261.1085205078125
403,1789021197.741193,images/detect,256.0
403,1789021197.741193,images/pose,16.0
403,1789021197.741193,loss/backward,148.56890563964845
403,1789021197.741193,loss/detect_mean,1.852690875530243
403,1789021197.741193,loss/joint_mean,2.321389150619507
403,1789021197.741193,loss/pose_mean,4.1961822509765625
403,1789021197.741193,lr/attention.decay,0.0
403,1789021197.741193,lr/attention.no_decay,0.0
403,1789021197.741193,lr/backbone.decay,0.0
403,1789021197.741193,lr/backbone.no_decay,0.0
403,1789021197.741193,lr/detect_head.decay,0.0001770626349892009
403,1789021197.741193,lr/detect_head.no_decay,0.0001770626349892009
403,1789021197.741193,lr/masf.decay,8.853131749460044e-06
403,1789021197.741193,lr/masf.no_decay,8.853131749460044e-06
403,1789021197.741193,lr/neck.decay,6.639848812095033e-05
403,1789021197.741193,lr/neck.no_decay,6.639848812095033e-05
403,1789021197.741193,lr/pose_head.decay,0.0001770626349892009
403,1789021197.741193,lr/pose_head.no_decay,0.0001770626349892009
403,1789021197.741193,pose/component_0,1.0534638166427612
403,1789021197.741193,pose/component_1,0.10202673077583313
403,1789021197.741193,pose/component_2,0.0982653796672821
403,1789021197.741193,pose/component_3,0.7873469591140747
403,1789021197.741193,pose/component_4,0.0071481335908174515
403,1789021197.741193,pose/component_5,1.5780975818634033
404,1789021198.905893,amp/overflow_retries,0.0
404,1789021198.905893,amp/scale,64.0
404,1789021198.905893,detect/component_0,1.1401350498199463
404,1789021198.905893,detect/component_1,1.0238125324249268
404,1789021198.905893,detect/component_2,0.008190241642296314
404,1789021198.905893,gradient/clipped_norm,1030.4481201171875
404,1789021198.905893,images/detect,256.0
404,1789021198.905893,images/pose,16.0
404,1789021198.905893,loss/backward,148.95393142700195
404,1789021198.905893,loss/detect_mean,1.882140651345253
404,1789021198.905893,loss/joint_mean,2.3274051785469054
404,1789021198.905893,loss/pose_mean,4.108463287353516
404,1789021198.905893,lr/attention.decay,0.0
404,1789021198.905893,lr/attention.no_decay,0.0
404,1789021198.905893,lr/backbone.decay,0.0
404,1789021198.905893,lr/backbone.no_decay,0.0
404,1789021198.905893,lr/detect_head.decay,0.000177451403887689
404,1789021198.905893,lr/detect_head.no_decay,0.000177451403887689
404,1789021198.905893,lr/masf.decay,8.87257019438445e-06
404,1789021198.905893,lr/masf.no_decay,8.87257019438445e-06
404,1789021198.905893,lr/neck.decay,6.654427645788337e-05
404,1789021198.905893,lr/neck.no_decay,6.654427645788337e-05
404,1789021198.905893,lr/pose_head.decay,0.000177451403887689
404,1789021198.905893,lr/pose_head.no_decay,0.000177451403887689
404,1789021198.905893,pose/component_0,1.0037168264389038
404,1789021198.905893,pose/component_1,0.05458679795265198
404,1789021198.905893,pose/component_2,0.021332090720534325
404,1789021198.905893,pose/component_3,0.7139953374862671
404,1789021198.905893,pose/component_4,0.005643006414175034
404,1789021198.905893,pose/component_5,1.140380620956421
405,1789021200.0616338,amp/overflow_retries,0.0
405,1789021200.0616338,amp/scale,64.0
405,1789021200.0616338,detect/component_0,1.1036235094070435
405,1789021200.0616338,detect/component_1,1.0217539072036743
405,1789021200.0616338,detect/component_2,0.008542250841856003
405,1789021200.0616338,gradient/clipped_norm,1325.83203125
405,1789021200.0616338,images/detect,256.0
405,1789021200.0616338,images/pose,16.0
405,1789021200.0616338,loss/backward,136.08358764648438
405,1789021200.0616338,loss/detect_mean,1.8188872337341309
405,1789021200.0616338,loss/joint_mean,2.1263060569763184
405,1789021200.0616338,loss/pose_mean,3.3559813499450684
405,1789021200.0616338,lr/attention.decay,0.0
405,1789021200.0616338,lr/attention.no_decay,0.0
405,1789021200.0616338,lr/backbone.decay,0.0
405,1789021200.0616338,lr/backbone.no_decay,0.0
405,1789021200.0616338,lr/detect_head.decay,0.00017784017278617712
405,1789021200.0616338,lr/detect_head.no_decay,0.00017784017278617712
405,1789021200.0616338,lr/masf.decay,8.892008639308856e-06
405,1789021200.0616338,lr/masf.no_decay,8.892008639308856e-06
405,1789021200.0616338,lr/neck.decay,6.669006479481642e-05
405,1789021200.0616338,lr/neck.no_decay,6.669006479481642e-05
405,1789021200.0616338,lr/pose_head.decay,0.00017784017278617712
405,1789021200.0616338,lr/pose_head.no_decay,0.00017784017278617712
405,1789021200.0616338,pose/component_0,1.150477409362793
405,1789021200.0616338,pose/component_1,0.030168822035193443
405,1789021200.0616338,pose/component_2,0.015388431027531624
405,1789021200.0616338,pose/component_3,0.7439490556716919
405,1789021200.0616338,pose/component_4,0.003697330830618739
405,1789021200.0616338,pose/component_5,0.6740337610244751
406,1789021201.2152326,amp/overflow_retries,0.0
406,1789021201.2152326,amp/scale,64.0
406,1789021201.2152326,detect/component_0,1.2161840200424194
406,1789021201.2152326,detect/component_1,1.0851280689239502
406,1789021201.2152326,detect/component_2,0.007665525656193495
406,1789021201.2152326,gradient/clipped_norm,2220.400634765625
406,1789021201.2152326,images/detect,256.0
406,1789021201.2152326,images/pose,16.0
406,1789021201.2152326,loss/backward,174.56831741333008
406,1789021201.2152326,loss/detect_mean,1.9237611442804337
406,1789021201.2152326,loss/joint_mean,2.7276299595832825
406,1789021201.2152326,loss/pose_mean,5.943105220794678
406,1789021201.2152326,lr/attention.decay,0.0
406,1789021201.2152326,lr/attention.no_decay,0.0
406,1789021201.2152326,lr/backbone.decay,0.0
406,1789021201.2152326,lr/backbone.no_decay,0.0
406,1789021201.2152326,lr/detect_head.decay,0.00017822894168466522
406,1789021201.2152326,lr/detect_head.no_decay,0.00017822894168466522
406,1789021201.2152326,lr/masf.decay,8.911447084233262e-06
406,1789021201.2152326,lr/masf.no_decay,8.911447084233262e-06
406,1789021201.2152326,lr/neck.decay,6.683585313174944e-05
406,1789021201.2152326,lr/neck.no_decay,6.683585313174944e-05
406,1789021201.2152326,lr/pose_head.decay,0.00017822894168466522
406,1789021201.2152326,lr/pose_head.no_decay,0.00017822894168466522
406,1789021201.2152326,pose/component_0,1.1608184576034546
406,1789021201.2152326,pose/component_1,0.05262306332588196
406,1789021201.2152326,pose/component_2,0.05195029824972153
406,1789021201.2152326,pose/component_3,0.9887416362762451
406,1789021201.2152326,pose/component_4,0.004571700934320688
406,1789021201.2152326,pose/component_5,2.480307102203369
407,1789021202.3986795,amp/overflow_retries,0.0
407,1789021202.3986795,amp/scale,64.0
407,1789021202.3986795,detect/component_0,1.1453722715377808
407,1789021202.3986795,detect/component_1,1.0915600061416626
407,1789021202.3986795,detect/component_2,0.008126070722937584
407,1789021202.3986795,gradient/clipped_norm,4487.84521484375
407,1789021202.3986795,images/detect,256.0
407,1789021202.3986795,images/pose,16.0
407,1789021202.3986795,loss/backward,164.5099075317383
407,1789021202.3986795,loss/detect_mean,1.9188992083072662
407,1789021202.3986795,loss/joint_mean,2.570467305183411
407,1789021202.3986795,loss/pose_mean,5.176739692687988
407,1789021202.3986795,lr/attention.decay,0.0
407,1789021202.3986795,lr/attention.no_decay,0.0
407,1789021202.3986795,lr/backbone.decay,0.0
407,1789021202.3986795,lr/backbone.no_decay,0.0
407,1789021202.3986795,lr/detect_head.decay,0.00017861771058315335
407,1789021202.3986795,lr/detect_head.no_decay,0.00017861771058315335
407,1789021202.3986795,lr/masf.decay,8.930885529157667e-06
407,1789021202.3986795,lr/masf.no_decay,8.930885529157667e-06
407,1789021202.3986795,lr/neck.decay,6.69816414686825e-05
407,1789021202.3986795,lr/neck.no_decay,6.69816414686825e-05
407,1789021202.3986795,lr/pose_head.decay,0.00017861771058315335
407,1789021202.3986795,lr/pose_head.no_decay,0.00017861771058315335
407,1789021202.3986795,pose/component_0,1.2256720066070557
407,1789021202.3986795,pose/component_1,0.040053896605968475
407,1789021202.3986795,pose/component_2,0.02802065759897232
407,1789021202.3986795,pose/component_3,0.7815147638320923
407,1789021202.3986795,pose/component_4,0.003435777500271797
407,1789021202.3986795,pose/component_5,0.29871970415115356
408,1789021203.5525117,amp/overflow_retries,0.0
408,1789021203.5525117,amp/scale,64.0
408,1789021203.5525117,detect/component_0,1.1518495082855225
408,1789021203.5525117,detect/component_1,1.0797985792160034
408,1789021203.5525117,detect/component_2,0.00812460109591484
408,1789021203.5525117,gradient/clipped_norm,1640.7947998046875
408,1789021203.5525117,images/detect,256.0
408,1789021203.5525117,images/pose,16.0
408,1789021203.5525117,loss/backward,163.17844924926757
408,1789021203.5525117,loss/detect_mean,1.8869137912988663
408,1789021203.5525117,loss/joint_mean,2.549663269519806
408,1789021203.5525117,loss/pose_mean,5.2006611824035645
408,1789021203.5525117,lr/attention.decay,0.0
408,1789021203.5525117,lr/attention.no_decay,0.0
408,1789021203.5525117,lr/backbone.decay,0.0
408,1789021203.5525117,lr/backbone.no_decay,0.0
408,1789021203.5525117,lr/detect_head.decay,0.00017900647948164146
408,1789021203.5525117,lr/detect_head.no_decay,0.00017900647948164146
408,1789021203.5525117,lr/masf.decay,8.950323974082073e-06
408,1789021203.5525117,lr/masf.no_decay,8.950323974082073e-06
408,1789021203.5525117,lr/neck.decay,6.712742980561555e-05
408,1789021203.5525117,lr/neck.no_decay,6.712742980561555e-05
408,1789021203.5525117,lr/pose_head.decay,0.00017900647948164146
408,1789021203.5525117,lr/pose_head.no_decay,0.00017900647948164146
408,1789021203.5525117,pose/component_0,1.0840752124786377
408,1789021203.5525117,pose/component_1,0.059152960777282715
408,1789021203.5525117,pose/component_2,0.022120831534266472
408,1789021203.5525117,pose/component_3,0.7073509097099304
408,1789021203.5525117,pose/component_4,0.005216314923018217
408,1789021203.5525117,pose/component_5,2.001094341278076
409,1789021204.7161388,amp/overflow_retries,0.0
409,1789021204.7161388,amp/scale,64.0
409,1789021204.7161388,detect/component_0,1.1140437126159668
409,1789021204.7161388,detect/component_1,1.0204625129699707
409,1789021204.7161388,detect/component_2,0.007867046631872654
409,1789021204.7161388,gradient/clipped_norm,2342.46484375
409,1789021204.7161388,images/detect,256.0
409,1789021204.7161388,images/pose,16.0
409,1789021204.7161388,loss/backward,191.35979309082032
409,1789021204.7161388,loss/detect_mean,1.8232011198997498
409,1789021204.7161388,loss/joint_mean,2.9899967670440675
409,1789021204.7161388,loss/pose_mean,7.657179355621338
409,1789021204.7161388,lr/attention.decay,0.0
409,1789021204.7161388,lr/attention.no_decay,0.0
409,1789021204.7161388,lr/backbone.decay,0.0
409,1789021204.7161388,lr/backbone.no_decay,0.0
409,1789021204.7161388,lr/detect_head.decay,0.0001793952483801296
409,1789021204.7161388,lr/detect_head.no_decay,0.0001793952483801296
409,1789021204.7161388,lr/masf.decay,8.96976241900648e-06
409,1789021204.7161388,lr/masf.no_decay,8.96976241900648e-06
409,1789021204.7161388,lr/neck.decay,6.727321814254858e-05
409,1789021204.7161388,lr/neck.no_decay,6.727321814254858e-05
409,1789021204.7161388,lr/pose_head.decay,0.0001793952483801296
409,1789021204.7161388,lr/pose_head.no_decay,0.0001793952483801296
409,1789021204.7161388,pose/component_0,1.581765055656433
409,1789021204.7161388,pose/component_1,0.1917738914489746
409,1789021204.7161388,pose/component_2,0.06400056928396225
409,1789021204.7161388,pose/component_3,0.9880879521369934
409,1789021204.7161388,pose/component_4,0.006849430501461029
409,1789021204.7161388,pose/component_5,4.0627760887146
410,1789021205.878544,amp/overflow_retries,0.0
410,1789021205.878544,amp/scale,64.0
410,1789021205.878544,detect/component_0,1.1600700616836548
410,1789021205.878544,detect/component_1,1.0884978771209717
410,1789021205.878544,detect/component_2,0.0076428912580013275
410,1789021205.878544,gradient/clipped_norm,1319.151611328125
410,1789021205.878544,images/detect,256.0
410,1789021205.878544,images/pose,16.0
410,1789021205.878544,loss/backward,181.6467430114746
410,1789021205.878544,loss/detect_mean,1.905846282839775
410,1789021205.878544,loss/joint_mean,2.8382303595542906
410,1789021205.878544,loss/pose_mean,6.5677666664123535
410,1789021205.878544,lr/attention.decay,0.0
410,1789021205.878544,lr/attention.no_decay,0.0
410,1789021205.878544,lr/backbone.decay,0.0
410,1789021205.878544,lr/backbone.no_decay,0.0
410,1789021205.878544,lr/detect_head.decay,0.00017978401727861772
410,1789021205.878544,lr/detect_head.no_decay,0.00017978401727861772
410,1789021205.878544,lr/masf.decay,8.989200863930886e-06
410,1789021205.878544,lr/masf.no_decay,8.989200863930886e-06
410,1789021205.878544,lr/neck.decay,6.741900647948164e-05
410,1789021205.878544,lr/neck.no_decay,6.741900647948164e-05
410,1789021205.878544,lr/pose_head.decay,0.00017978401727861772
410,1789021205.878544,lr/pose_head.no_decay,0.00017978401727861772
410,1789021205.878544,pose/component_0,1.93952214717865
410,1789021205.878544,pose/component_1,0.22023461759090424
410,1789021205.878544,pose/component_2,0.07272203266620636
410,1789021205.878544,pose/component_3,1.1936930418014526
410,1789021205.878544,pose/component_4,0.011965068057179451
410,1789021205.878544,pose/component_5,1.7702722549438477
411,1789021207.036324,amp/overflow_retries,0.0
411,1789021207.036324,amp/scale,64.0
411,1789021207.036324,detect/component_0,1.099706768989563
411,1789021207.036324,detect/component_1,0.9908223748207092
411,1789021207.036324,detect/component_2,0.007888942956924438
411,1789021207.036324,gradient/clipped_norm,1774.2310791015625
411,1789021207.036324,images/detect,256.0
411,1789021207.036324,images/pose,16.0
411,1789021207.036324,loss/backward,180.702197265625
411,1789021207.036324,loss/detect_mean,1.8092082738876343
411,1789021207.036324,loss/joint_mean,2.8234718322753904
411,1789021207.036324,loss/pose_mean,6.880526065826416
411,1789021207.036324,lr/attention.decay,0.0
411,1789021207.036324,lr/attention.no_decay,0.0
411,1789021207.036324,lr/backbone.decay,0.0
411,1789021207.036324,lr/backbone.no_decay,0.0
411,1789021207.036324,lr/detect_head.decay,0.00018017278617710585
411,1789021207.036324,lr/detect_head.no_decay,0.00018017278617710585
411,1789021207.036324,lr/masf.decay,9.008639308855293e-06
411,1789021207.036324,lr/masf.no_decay,9.008639308855293e-06
411,1789021207.036324,lr/neck.decay,6.756479481641469e-05
411,1789021207.036324,lr/neck.no_decay,6.756479481641469e-05
411,1789021207.036324,lr/pose_head.decay,0.00018017278617710585
411,1789021207.036324,lr/pose_head.no_decay,0.00018017278617710585
411,1789021207.036324,pose/component_0,1.2889935970306396
411,1789021207.036324,pose/component_1,0.32853928208351135
411,1789021207.036324,pose/component_2,0.08951562643051147
411,1789021207.036324,pose/component_3,0.9539502263069153
411,1789021207.036324,pose/component_4,0.007304021157324314
411,1789021207.036324,pose/component_5,3.7983717918395996
412,1789021208.2142224,amp/overflow_retries,0.0
412,1789021208.2142224,amp/scale,64.0
412,1789021208.2142224,detect/component_0,1.1413612365722656
412,1789021208.2142224,detect/component_1,1.0816923379898071
412,1789021208.2142224,detect/component_2,0.007350613828748465
412,1789021208.2142224,gradient/clipped_norm,1573.47021484375
412,1789021208.2142224,images/detect,256.0
412,1789021208.2142224,images/pose,16.0
412,1789021208.2142224,loss/backward,168.72589874267578
412,1789021208.2142224,loss/detect_mean,1.9257197678089142
412,1789021208.2142224,loss/joint_mean,2.636342167854309
412,1789021208.2142224,loss/pose_mean,5.478831768035889
412,1789021208.2142224,lr/attention.decay,0.0
412,1789021208.2142224,lr/attention.no_decay,0.0
412,1789021208.2142224,lr/backbone.decay,0.0
412,1789021208.2142224,lr/backbone.no_decay,0.0
412,1789021208.2142224,lr/detect_head.decay,0.00018056155507559395
412,1789021208.2142224,lr/detect_head.no_decay,0.00018056155507559395
412,1789021208.2142224,lr/masf.decay,9.028077753779698e-06
412,1789021208.2142224,lr/masf.no_decay,9.028077753779698e-06
412,1789021208.2142224,lr/neck.decay,6.771058315334773e-05
412,1789021208.2142224,lr/neck.no_decay,6.771058315334773e-05
412,1789021208.2142224,lr/pose_head.decay,0.00018056155507559395
412,1789021208.2142224,lr/pose_head.no_decay,0.00018056155507559395
412,1789021208.2142224,pose/component_0,1.2066175937652588
412,1789021208.2142224,pose/component_1,0.08473026752471924
412,1789021208.2142224,pose/component_2,0.013970368541777134
412,1789021208.2142224,pose/component_3,0.8674213290214539
412,1789021208.2142224,pose/component_4,0.0038959067314863205
412,1789021208.2142224,pose/component_5,2.309901714324951
413,1789021209.3822546,amp/overflow_retries,0.0
413,1789021209.3822546,amp/scale,64.0
413,1789021209.3822546,detect/component_0,1.1455128192901611
413,1789021209.3822546,detect/component_1,1.0285253524780273
413,1789021209.3822546,detect/component_2,0.007393297739326954
413,1789021209.3822546,gradient/clipped_norm,1654.096435546875
413,1789021209.3822546,images/detect,256.0
413,1789021209.3822546,images/pose,16.0
413,1789021209.3822546,loss/backward,162.34760055541992
413,1789021209.3822546,loss/detect_mean,1.888620838522911
413,1789021209.3822546,loss/joint_mean,2.536681258678436
413,1789021209.3822546,loss/pose_mean,5.128922939300537
413,1789021209.3822546,lr/attention.decay,0.0
413,1789021209.3822546,lr/attention.no_decay,0.0
413,1789021209.3822546,lr/backbone.decay,0.0
413,1789021209.3822546,lr/backbone.no_decay,0.0
413,1789021209.3822546,lr/detect_head.decay,0.00018095032397408208
413,1789021209.3822546,lr/detect_head.no_decay,0.00018095032397408208
413,1789021209.3822546,lr/masf.decay,9.047516198704105e-06
413,1789021209.3822546,lr/masf.no_decay,9.047516198704105e-06
413,1789021209.3822546,lr/neck.decay,6.785637149028078e-05
413,1789021209.3822546,lr/neck.no_decay,6.785637149028078e-05
413,1789021209.3822546,lr/pose_head.decay,0.00018095032397408208
413,1789021209.3822546,lr/pose_head.no_decay,0.00018095032397408208
413,1789021209.3822546,pose/component_0,1.1435378789901733
413,1789021209.3822546,pose/component_1,0.030159279704093933
413,1789021209.3822546,pose/component_2,0.08837880939245224
413,1789021209.3822546,pose/component_3,0.8371684551239014
413,1789021209.3822546,pose/component_4,0.004101399797946215
413,1789021209.3822546,pose/component_5,1.0057049989700317
414,1789021210.544724,amp/overflow_retries,0.0
414,1789021210.544724,amp/scale,64.0
414,1789021210.544724,detect/component_0,1.1539918184280396
414,1789021210.544724,detect/component_1,1.0637328624725342
414,1789021210.544724,detect/component_2,0.008355727419257164
414,1789021210.544724,gradient/clipped_norm,1349.6861572265625
414,1789021210.544724,images/detect,256.0
414,1789021210.544724,images/pose,16.0
414,1789021210.544724,loss/backward,153.4638931274414
414,1789021210.544724,loss/detect_mean,1.9407791197299957
414,1789021210.544724,loss/joint_mean,2.397873330116272
414,1789021210.544724,loss/pose_mean,4.226250171661377
414,1789021210.544724,lr/attention.decay,0.0
414,1789021210.544724,lr/attention.no_decay,0.0
414,1789021210.544724,lr/backbone.decay,0.0
414,1789021210.544724,lr/backbone.no_decay,0.0
414,1789021210.544724,lr/detect_head.decay,0.00018133909287257018
414,1789021210.544724,lr/detect_head.no_decay,0.00018133909287257018
414,1789021210.544724,lr/masf.decay,9.066954643628509e-06
414,1789021210.544724,lr/masf.no_decay,9.066954643628509e-06
414,1789021210.544724,lr/neck.decay,6.80021598272138e-05
414,1789021210.544724,lr/neck.no_decay,6.80021598272138e-05
414,1789021210.544724,lr/pose_head.decay,0.00018133909287257018
414,1789021210.544724,lr/pose_head.no_decay,0.00018133909287257018
414,1789021210.544724,pose/component_0,1.4174429178237915
414,1789021210.544724,pose/component_1,0.05785221979022026
414,1789021210.544724,pose/component_2,0.015855906531214714
414,1789021210.544724,pose/component_3,0.6970728635787964
414,1789021210.544724,pose/component_4,0.004468130879104137
414,1789021210.544724,pose/component_5,1.9868724346160889
415,1789021211.7354908,amp/overflow_retries,0.0
415,1789021211.7354908,amp/scale,64.0
415,1789021211.7354908,detect/component_0,1.1465587615966797
415,1789021211.7354908,detect/component_1,1.0150766372680664
415,1789021211.7354908,detect/component_2,0.0076548256911337376
415,1789021211.7354908,gradient/clipped_norm,1581.9178466796875
415,1789021211.7354908,images/detect,256.0
415,1789021211.7354908,images/pose,16.0
415,1789021211.7354908,loss/backward,157.6529769897461
415,1789021211.7354908,loss/detect_mean,1.8574500977993011
415,1789021211.7354908,loss/joint_mean,2.4633277654647827
415,1789021211.7354908,loss/pose_mean,4.886838436126709
415,1789021211.7354908,lr/attention.decay,0.0
415,1789021211.7354908,lr/attention.no_decay,0.0
415,1789021211.7354908,lr/backbone.decay,0.0
415,1789021211.7354908,lr/backbone.no_decay,0.0
415,1789021211.7354908,lr/detect_head.decay,0.0001817278617710583
415,1789021211.7354908,lr/detect_head.no_decay,0.0001817278617710583
415,1789021211.7354908,lr/masf.decay,9.086393088552916e-06
415,1789021211.7354908,lr/masf.no_decay,9.086393088552916e-06
415,1789021211.7354908,lr/neck.decay,6.814794816414686e-05
415,1789021211.7354908,lr/neck.no_decay,6.814794816414686e-05
415,1789021211.7354908,lr/pose_head.decay,0.0001817278617710583
415,1789021211.7354908,lr/pose_head.no_decay,0.0001817278617710583
415,1789021211.7354908,pose/component_0,1.2860658168792725
415,1789021211.7354908,pose/component_1,0.05762367695569992
415,1789021211.7354908,pose/component_2,0.17930765450000763
415,1789021211.7354908,pose/component_3,0.6975768804550171
415,1789021211.7354908,pose/component_4,0.0043791248463094234
415,1789021211.7354908,pose/component_5,1.7993968725204468
416,1789021212.9174457,amp/overflow_retries,0.0
416,1789021212.9174457,amp/scale,64.0
416,1789021212.9174457,detect/component_0,1.1654341220855713
416,1789021212.9174457,detect/component_1,1.0445966720581055
416,1789021212.9174457,detect/component_2,0.007461657747626305
416,1789021212.9174457,gradient/clipped_norm,1683.178955078125
416,1789021212.9174457,images/detect,256.0
416,1789021212.9174457,images/pose,16.0
416,1789021212.9174457,loss/backward,179.1514114379883
416,1789021212.9174457,loss/detect_mean,1.8928216993808746
416,1789021212.9174457,loss/joint_mean,2.799240803718567
416,1789021212.9174457,loss/pose_mean,6.424917221069336
416,1789021212.9174457,lr/attention.decay,0.0
416,1789021212.9174457,lr/attention.no_decay,0.0
416,1789021212.9174457,lr/backbone.decay,0.0
416,1789021212.9174457,lr/backbone.no_decay,0.0
416,1789021212.9174457,lr/detect_head.decay,0.00018211663066954644
416,1789021212.9174457,lr/detect_head.no_decay,0.00018211663066954644
416,1789021212.9174457,lr/masf.decay,9.105831533477322e-06
416,1789021212.9174457,lr/masf.no_decay,9.105831533477322e-06
416,1789021212.9174457,lr/neck.decay,6.82937365010799e-05
416,1789021212.9174457,lr/neck.no_decay,6.82937365010799e-05
416,1789021212.9174457,lr/pose_head.decay,0.00018211663066954644
416,1789021212.9174457,lr/pose_head.no_decay,0.00018211663066954644
416,1789021212.9174457,pose/component_0,1.2473883628845215
416,1789021212.9174457,pose/component_1,0.10611218214035034
416,1789021212.9174457,pose/component_2,0.11507653445005417
416,1789021212.9174457,pose/component_3,0.7691043615341187
416,1789021212.9174457,pose/component_4,0.00479358434677124
416,1789021212.9174457,pose/component_5,2.1783266067504883
417,1789021214.1047018,amp/overflow_retries,0.0
417,1789021214.1047018,amp/scale,64.0
417,1789021214.1047018,detect/component_0,1.159069538116455
417,1789021214.1047018,detect/component_1,1.000909686088562
417,1789021214.1047018,detect/component_2,0.007350048050284386
417,1789021214.1047018,gradient/clipped_norm,1896.75634765625
417,1789021214.1047018,images/detect,256.0
417,1789021214.1047018,images/pose,16.0
417,1789021214.1047018,loss/backward,167.97339630126953
417,1789021214.1047018,loss/detect_mean,1.8876672089099884
417,1789021214.1047018,loss/joint_mean,2.6245843172073364
417,1789021214.1047018,loss/pose_mean,5.5722527503967285
417,1789021214.1047018,lr/attention.decay,0.0
417,1789021214.1047018,lr/attention.no_decay,0.0
417,1789021214.1047018,lr/backbone.decay,0.0
417,1789021214.1047018,lr/backbone.no_decay,0.0
417,1789021214.1047018,lr/detect_head.decay,0.00018250539956803457
417,1789021214.1047018,lr/detect_head.no_decay,0.00018250539956803457
417,1789021214.1047018,lr/masf.decay,9.125269978401729e-06
417,1789021214.1047018,lr/masf.no_decay,9.125269978401729e-06
417,1789021214.1047018,lr/neck.decay,6.843952483801295e-05
417,1789021214.1047018,lr/neck.no_decay,6.843952483801295e-05
417,1789021214.1047018,lr/pose_head.decay,0.00018250539956803457
417,1789021214.1047018,lr/pose_head.no_decay,0.00018250539956803457
417,1789021214.1047018,pose/component_0,1.270029067993164
417,1789021214.1047018,pose/component_1,0.04838474094867706
417,1789021214.1047018,pose/component_2,0.015806857496500015
417,1789021214.1047018,pose/component_3,0.8450561761856079
417,1789021214.1047018,pose/component_4,0.005245507229119539
417,1789021214.1047018,pose/component_5,2.215341806411743
418,1789021215.2789502,amp/overflow_retries,0.0
418,1789021215.2789502,amp/scale,64.0
418,1789021215.2789502,detect/component_0,1.1044628620147705
418,1789021215.2789502,detect/component_1,0.9982362389564514
418,1789021215.2789502,detect/component_2,0.00740610808134079
418,1789021215.2789502,gradient/clipped_norm,1974.9755859375
418,1789021215.2789502,images/detect,256.0
418,1789021215.2789502,images/pose,16.0
418,1789021215.2789502,loss/backward,176.59868621826172
418,1789021215.2789502,loss/detect_mean,1.8554089963436127
418,1789021215.2789502,loss/joint_mean,2.7593544721603394
418,1789021215.2789502,loss/pose_mean,6.375136375427246
418,1789021215.2789502,lr/attention.decay,0.0
418,1789021215.2789502,lr/attention.no_decay,0.0
418,1789021215.2789502,lr/backbone.decay,0.0
418,1789021215.2789502,lr/backbone.no_decay,0.0
418,1789021215.2789502,lr/detect_head.decay,0.00018289416846652267
418,1789021215.2789502,lr/detect_head.no_decay,0.00018289416846652267
418,1789021215.2789502,lr/masf.decay,9.144708423326134e-06
418,1789021215.2789502,lr/masf.no_decay,9.144708423326134e-06
418,1789021215.2789502,lr/neck.decay,6.8585313174946e-05
418,1789021215.2789502,lr/neck.no_decay,6.8585313174946e-05
418,1789021215.2789502,lr/pose_head.decay,0.00018289416846652267
418,1789021215.2789502,lr/pose_head.no_decay,0.00018289416846652267
418,1789021215.2789502,pose/component_0,1.3232231140136719
418,1789021215.2789502,pose/component_1,0.28199902176856995
418,1789021215.2789502,pose/component_2,0.11686897277832031
418,1789021215.2789502,pose/component_3,0.9026421904563904
418,1789021215.2789502,pose/component_4,0.00420161010697484
418,1789021215.2789502,pose/component_5,2.7693119049072266
419,1789021216.453634,amp/overflow_retries,0.0
419,1789021216.453634,amp/scale,64.0
419,1789021216.453634,detect/component_0,1.214329481124878
419,1789021216.453634,detect/component_1,1.0676661729812622
419,1789021216.453634,detect/component_2,0.007228178437799215
419,1789021216.453634,gradient/clipped_norm,2220.8251953125
419,1789021216.453634,images/detect,256.0
419,1789021216.453634,images/pose,16.0
419,1789021216.453634,loss/backward,191.69415817260742
419,1789021216.453634,loss/detect_mean,1.9632921069860458
419,1789021216.453634,loss/joint_mean,2.995221221446991
419,1789021216.453634,loss/pose_mean,7.1229376792907715
419,1789021216.453634,lr/attention.decay,0.0
419,1789021216.453634,lr/attention.no_decay,0.0
419,1789021216.453634,lr/backbone.decay,0.0
419,1789021216.453634,lr/backbone.no_decay,0.0
419,1789021216.453634,lr/detect_head.decay,0.0001832829373650108
419,1789021216.453634,lr/detect_head.no_decay,0.0001832829373650108
419,1789021216.453634,lr/masf.decay,9.164146868250542e-06
419,1789021216.453634,lr/masf.no_decay,9.164146868250542e-06
419,1789021216.453634,lr/neck.decay,6.873110151187904e-05
419,1789021216.453634,lr/neck.no_decay,6.873110151187904e-05
419,1789021216.453634,lr/pose_head.decay,0.0001832829373650108
419,1789021216.453634,lr/pose_head.no_decay,0.0001832829373650108
419,1789021216.453634,pose/component_0,1.5325477123260498
419,1789021216.453634,pose/component_1,0.2333146631717682
419,1789021216.453634,pose/component_2,0.11329758167266846
419,1789021216.453634,pose/component_3,1.145967960357666
419,1789021216.453634,pose/component_4,0.006315006874501705
419,1789021216.453634,pose/component_5,3.1200079917907715
420,1789021217.6175401,amp/overflow_retries,0.0
420,1789021217.6175401,amp/scale,64.0
420,1789021217.6175401,detect/component_0,1.166333556175232
420,1789021217.6175401,detect/component_1,1.0894218683242798
420,1789021217.6175401,detect/component_2,0.007414587773382664
420,1789021217.6175401,gradient/clipped_norm,2357.52685546875
420,1789021217.6175401,images/detect,256.0
420,1789021217.6175401,images/pose,16.0
420,1789021217.6175401,loss/backward,194.77121124267578
420,1789021217.6175401,loss/detect_mean,1.9478628933429718
420,1789021217.6175401,loss/joint_mean,3.043300175666809
420,1789021217.6175401,loss/pose_mean,7.425049304962158
420,1789021217.6175401,lr/attention.decay,0.0
420,1789021217.6175401,lr/attention.no_decay,0.0
420,1789021217.6175401,lr/backbone.decay,0.0
420,1789021217.6175401,lr/backbone.no_decay,0.0
420,1789021217.6175401,lr/detect_head.decay,0.00018367170626349893
420,1789021217.6175401,lr/detect_head.no_decay,0.00018367170626349893
420,1789021217.6175401,lr/masf.decay,9.183585313174947e-06
420,1789021217.6175401,lr/masf.no_decay,9.183585313174947e-06
420,1789021217.6175401,lr/neck.decay,6.887688984881209e-05
420,1789021217.6175401,lr/neck.no_decay,6.887688984881209e-05
420,1789021217.6175401,lr/pose_head.decay,0.00018367170626349893
420,1789021217.6175401,lr/pose_head.no_decay,0.00018367170626349893
420,1789021217.6175401,pose/component_0,1.2669435739517212
420,1789021217.6175401,pose/component_1,0.0900377482175827
420,1789021217.6175401,pose/component_2,0.11082854121923447
420,1789021217.6175401,pose/component_3,0.7282215356826782
420,1789021217.6175401,pose/component_4,0.004679260775446892
420,1789021217.6175401,pose/component_5,2.7641539573669434
421,1789021218.7891483,amp/overflow_retries,0.0
421,1789021218.7891483,amp/scale,64.0
421,1789021218.7891483,detect/component_0,1.14495849609375
421,1789021218.7891483,detect/component_1,1.134164571762085
421,1789021218.7891483,detect/component_2,0.00766716105863452
421,1789021218.7891483,gradient/clipped_norm,1485.7432861328125
421,1789021218.7891483,images/detect,256.0
421,1789021218.7891483,images/pose,16.0
421,1789021218.7891483,loss/backward,173.58024978637695
421,1789021218.7891483,loss/detect_mean,1.952556625008583
421,1789021218.7891483,loss/joint_mean,2.71219140291214
421,1789021218.7891483,loss/pose_mean,5.750730514526367
421,1789021218.7891483,lr/attention.decay,0.0
421,1789021218.7891483,lr/attention.no_decay,0.0
421,1789021218.7891483,lr/backbone.decay,0.0
421,1789021218.7891483,lr/backbone.no_decay,0.0
421,1789021218.7891483,lr/detect_head.decay,0.00018406047516198706
421,1789021218.7891483,lr/detect_head.no_decay,0.00018406047516198706
421,1789021218.7891483,lr/masf.decay,9.203023758099353e-06
421,1789021218.7891483,lr/masf.no_decay,9.203023758099353e-06
421,1789021218.7891483,lr/neck.decay,6.902267818574514e-05
421,1789021218.7891483,lr/neck.no_decay,6.902267818574514e-05
421,1789021218.7891483,lr/pose_head.decay,0.00018406047516198706
421,1789021218.7891483,lr/pose_head.no_decay,0.00018406047516198706
421,1789021218.7891483,pose/component_0,1.2530096769332886
421,1789021218.7891483,pose/component_1,0.2235986888408661
421,1789021218.7891483,pose/component_2,0.049454327672719955
421,1789021218.7891483,pose/component_3,0.8564788699150085
421,1789021218.7891483,pose/component_4,0.0059037040919065475
421,1789021218.7891483,pose/component_5,2.795545816421509
422,1789021219.9444683,amp/overflow_retries,0.0
422,1789021219.9444683,amp/scale,64.0
422,1789021219.9444683,detect/component_0,1.1437548398971558
422,1789021219.9444683,detect/component_1,1.030799150466919
422,1789021219.9444683,detect/component_2,0.007664363365620375
422,1789021219.9444683,gradient/clipped_norm,1502.9881591796875
422,1789021219.9444683,images/detect,256.0
422,1789021219.9444683,images/pose,16.0
422,1789021219.9444683,loss/backward,171.02528915405273
422,1789021219.9444683,loss/detect_mean,1.8809096068143845
422,1789021219.9444683,loss/joint_mean,2.672270143032074
422,1789021219.9444683,loss/pose_mean,5.837712287902832
422,1789021219.9444683,lr/attention.decay,0.0
422,1789021219.9444683,lr/attention.no_decay,0.0
422,1789021219.9444683,lr/backbone.decay,0.0
422,1789021219.9444683,lr/backbone.no_decay,0.0
422,1789021219.9444683,lr/detect_head.decay,0.00018444924406047517
422,1789021219.9444683,lr/detect_head.no_decay,0.00018444924406047517
422,1789021219.9444683,lr/masf.decay,9.222462203023758e-06
422,1789021219.9444683,lr/masf.no_decay,9.222462203023758e-06
422,1789021219.9444683,lr/neck.decay,6.916846652267818e-05
422,1789021219.9444683,lr/neck.no_decay,6.916846652267818e-05
422,1789021219.9444683,lr/pose_head.decay,0.00018444924406047517
422,1789021219.9444683,lr/pose_head.no_decay,0.00018444924406047517
422,1789021219.9444683,pose/component_0,1.543355941772461
422,1789021219.9444683,pose/component_1,0.1354297697544098
422,1789021219.9444683,pose/component_2,0.1135651171207428
422,1789021219.9444683,pose/component_3,1.1065218448638916
422,1789021219.9444683,pose/component_4,0.004451016895473003
422,1789021219.9444683,pose/component_5,2.214874029159546
423,1789021221.1099663,amp/overflow_retries,0.0
423,1789021221.1099663,amp/scale,64.0
423,1789021221.1099663,detect/component_0,1.2368996143341064
423,1789021221.1099663,detect/component_1,1.0941447019577026
423,1789021221.1099663,detect/component_2,0.007572092581540346
423,1789021221.1099663,gradient/clipped_norm,3153.955078125
423,1789021221.1099663,images/detect,256.0
423,1789021221.1099663,images/pose,16.0
423,1789021221.1099663,loss/backward,245.70207748413085
423,1789021221.1099663,loss/detect_mean,2.01283960044384
423,1789021221.1099663,loss/joint_mean,3.8390949606895446
423,1789021221.1099663,loss/pose_mean,11.144116401672363
423,1789021221.1099663,lr/attention.decay,0.0
423,1789021221.1099663,lr/attention.no_decay,0.0
423,1789021221.1099663,lr/backbone.decay,0.0
423,1789021221.1099663,lr/backbone.no_decay,0.0
423,1789021221.1099663,lr/detect_head.decay,0.00018483801295896327
423,1789021221.1099663,lr/detect_head.no_decay,0.00018483801295896327
423,1789021221.1099663,lr/masf.decay,9.241900647948163e-06
423,1789021221.1099663,lr/masf.no_decay,9.241900647948163e-06
423,1789021221.1099663,lr/neck.decay,6.931425485961122e-05
423,1789021221.1099663,lr/neck.no_decay,6.931425485961122e-05
423,1789021221.1099663,lr/pose_head.decay,0.00018483801295896327
423,1789021221.1099663,lr/pose_head.no_decay,0.00018483801295896327
423,1789021221.1099663,pose/component_0,1.474430799484253
423,1789021221.1099663,pose/component_1,0.09455364942550659
423,1789021221.1099663,pose/component_2,0.09504561871290207
423,1789021221.1099663,pose/component_3,1.041533350944519
423,1789021221.1099663,pose/component_4,0.007751575671136379
423,1789021221.1099663,pose/component_5,4.302815914154053
424,1789021222.2626452,amp/overflow_retries,0.0
424,1789021222.2626452,amp/scale,64.0
424,1789021222.2626452,detect/component_0,1.1467846632003784
424,1789021222.2626452,detect/component_1,1.0536576509475708
424,1789021222.2626452,detect/component_2,0.008666272275149822
424,1789021222.2626452,gradient/clipped_norm,1989.63232421875
424,1789021222.2626452,images/detect,256.0
424,1789021222.2626452,images/pose,16.0
424,1789021222.2626452,loss/backward,173.34216842651367
424,1789021222.2626452,loss/detect_mean,1.91568623483181
424,1789021222.2626452,loss/joint_mean,2.708471381664276
424,1789021222.2626452,loss/pose_mean,5.879611968994141
424,1789021222.2626452,lr/attention.decay,0.0
424,1789021222.2626452,lr/attention.no_decay,0.0
424,1789021222.2626452,lr/backbone.decay,0.0
424,1789021222.2626452,lr/backbone.no_decay,0.0
424,1789021222.2626452,lr/detect_head.decay,0.00018522678185745143
424,1789021222.2626452,lr/detect_head.no_decay,0.00018522678185745143
424,1789021222.2626452,lr/masf.decay,9.26133909287257e-06
424,1789021222.2626452,lr/masf.no_decay,9.26133909287257e-06
424,1789021222.2626452,lr/neck.decay,6.946004319654427e-05
424,1789021222.2626452,lr/neck.no_decay,6.946004319654427e-05
424,1789021222.2626452,lr/pose_head.decay,0.00018522678185745143
424,1789021222.2626452,lr/pose_head.no_decay,0.00018522678185745143
424,1789021222.2626452,pose/component_0,1.341498851776123
424,1789021222.2626452,pose/component_1,0.09585802257061005
424,1789021222.2626452,pose/component_2,0.04863104596734047
424,1789021222.2626452,pose/component_3,0.9479977488517761
424,1789021222.2626452,pose/component_4,0.007834276184439659
424,1789021222.2626452,pose/component_5,2.1451752185821533
425,1789021223.4333177,amp/overflow_retries,0.0
425,1789021223.4333177,amp/scale,64.0
425,1789021223.4333177,detect/component_0,1.1681208610534668
425,1789021223.4333177,detect/component_1,1.038870930671692
425,1789021223.4333177,detect/component_2,0.008479112759232521
425,1789021223.4333177,gradient/clipped_norm,3851.038330078125
425,1789021223.4333177,images/detect,256.0
425,1789021223.4333177,images/pose,16.0
425,1789021223.4333177,loss/backward,317.31765213012693
425,1789021223.4333177,loss/detect_mean,1.9163637310266495
425,1789021223.4333177,loss/joint_mean,4.958088314533233
425,1789021223.4333177,loss/pose_mean,17.12498664855957
425,1789021223.4333177,lr/attention.decay,0.0
425,1789021223.4333177,lr/attention.no_decay,0.0
425,1789021223.4333177,lr/backbone.decay,0.0
425,1789021223.4333177,lr/backbone.no_decay,0.0
425,1789021223.4333177,lr/detect_head.decay,0.00018561555075593953
425,1789021223.4333177,lr/detect_head.no_decay,0.00018561555075593953
425,1789021223.4333177,lr/masf.decay,9.280777537796976e-06
425,1789021223.4333177,lr/masf.no_decay,9.280777537796976e-06
425,1789021223.4333177,lr/neck.decay,6.960583153347731e-05
425,1789021223.4333177,lr/neck.no_decay,6.960583153347731e-05
425,1789021223.4333177,lr/pose_head.decay,0.00018561555075593953
425,1789021223.4333177,lr/pose_head.no_decay,0.00018561555075593953
425,1789021223.4333177,pose/component_0,1.495695948600769
425,1789021223.4333177,pose/component_1,0.45810431241989136
425,1789021223.4333177,pose/component_2,0.02519286796450615
425,1789021223.4333177,pose/component_3,0.8564367294311523
425,1789021223.4333177,pose/component_4,0.006187180057168007
425,1789021223.4333177,pose/component_5,8.685486793518066
426,1789021224.6020772,amp/overflow_retries,0.0
426,1789021224.6020772,amp/scale,64.0
426,1789021224.6020772,detect/component_0,1.1678996086120605
426,1789021224.6020772,detect/component_1,1.0988696813583374
426,1789021224.6020772,detect/component_2,0.008251628838479519
426,1789021224.6020772,gradient/clipped_norm,1579.8839111328125
426,1789021224.6020772,images/detect,256.0
426,1789021224.6020772,images/pose,16.0
426,1789021224.6020772,loss/backward,163.89272918701172
426,1789021224.6020772,loss/detect_mean,1.9790140092372894
426,1789021224.6020772,loss/joint_mean,2.560823893547058
426,1789021224.6020772,loss/pose_mean,4.888063430786133
426,1789021224.6020772,lr/attention.decay,0.0
426,1789021224.6020772,lr/attention.no_decay,0.0
426,1789021224.6020772,lr/backbone.decay,0.0
426,1789021224.6020772,lr/backbone.no_decay,0.0
426,1789021224.6020772,lr/detect_head.decay,0.00018600431965442766
426,1789021224.6020772,lr/detect_head.no_decay,0.00018600431965442766
426,1789021224.6020772,lr/masf.decay,9.300215982721383e-06
426,1789021224.6020772,lr/masf.no_decay,9.300215982721383e-06
426,1789021224.6020772,lr/neck.decay,6.975161987041036e-05
426,1789021224.6020772,lr/neck.no_decay,6.975161987041036e-05
426,1789021224.6020772,lr/pose_head.decay,0.00018600431965442766
426,1789021224.6020772,lr/pose_head.no_decay,0.00018600431965442766
426,1789021224.6020772,pose/component_0,1.456357479095459
426,1789021224.6020772,pose/component_1,0.03953346610069275
426,1789021224.6020772,pose/component_2,0.22111503779888153
426,1789021224.6020772,pose/component_3,0.9425739645957947
426,1789021224.6020772,pose/component_4,0.0055665005929768085
426,1789021224.6020772,pose/component_5,0.7018309831619263
427,1789021225.7575598,amp/overflow_retries,0.0
427,1789021225.7575598,amp/scale,64.0
427,1789021225.7575598,detect/component_0,1.1397416591644287
427,1789021225.7575598,detect/component_1,1.1048495769500732
427,1789021225.7575598,detect/component_2,0.008237011730670929
427,1789021225.7575598,gradient/clipped_norm,2150.1123046875
427,1789021225.7575598,images/detect,256.0
427,1789021225.7575598,images/pose,16.0
427,1789021225.7575598,loss/backward,179.34731750488282
427,1789021225.7575598,loss/detect_mean,1.98322993516922
427,1789021225.7575598,loss/joint_mean,2.802301836013794
427,1789021225.7575598,loss/pose_mean,6.07858943939209
427,1789021225.7575598,lr/attention.decay,0.0
427,1789021225.7575598,lr/attention.no_decay,0.0
427,1789021225.7575598,lr/backbone.decay,0.0
427,1789021225.7575598,lr/backbone.no_decay,0.0
427,1789021225.7575598,lr/detect_head.decay,0.00018639308855291576
427,1789021225.7575598,lr/detect_head.no_decay,0.00018639308855291576
427,1789021225.7575598,lr/masf.decay,9.319654427645789e-06
427,1789021225.7575598,lr/masf.no_decay,9.319654427645789e-06
427,1789021225.7575598,lr/neck.decay,6.98974082073434e-05
427,1789021225.7575598,lr/neck.no_decay,6.98974082073434e-05
427,1789021225.7575598,lr/pose_head.decay,0.00018639308855291576
427,1789021225.7575598,lr/pose_head.no_decay,0.00018639308855291576
427,1789021225.7575598,pose/component_0,1.1652461290359497
427,1789021225.7575598,pose/component_1,0.27594247460365295
427,1789021225.7575598,pose/component_2,0.09378794580698013
427,1789021225.7575598,pose/component_3,0.8784252405166626
427,1789021225.7575598,pose/component_4,0.003367186989635229
427,1789021225.7575598,pose/component_5,2.6222286224365234
428,1789021226.9223657,amp/overflow_retries,0.0
428,1789021226.9223657,amp/scale,64.0
428,1789021226.9223657,detect/component_0,1.123236060142517
428,1789021226.9223657,detect/component_1,1.0427733659744263
428,1789021226.9223657,detect/component_2,0.008032271638512611
428,1789021226.9223657,gradient/clipped_norm,2103.99609375
428,1789021226.9223657,images/detect,256.0
428,1789021226.9223657,images/pose,16.0
428,1789021226.9223657,loss/backward,177.06164093017577
428,1789021226.9223657,loss/detect_mean,1.882498174905777
428,1789021226.9223657,loss/joint_mean,2.7665881395339964
428,1789021226.9223657,loss/pose_mean,6.302947998046875
428,1789021226.9223657,lr/attention.decay,0.0
428,1789021226.9223657,lr/attention.no_decay,0.0
428,1789021226.9223657,lr/backbone.decay,0.0
428,1789021226.9223657,lr/backbone.no_decay,0.0
428,1789021226.9223657,lr/detect_head.decay,0.00018678185745140392
428,1789021226.9223657,lr/detect_head.no_decay,0.00018678185745140392
428,1789021226.9223657,lr/masf.decay,9.339092872570196e-06
428,1789021226.9223657,lr/masf.no_decay,9.339092872570196e-06
428,1789021226.9223657,lr/neck.decay,7.004319654427645e-05
428,1789021226.9223657,lr/neck.no_decay,7.004319654427645e-05
428,1789021226.9223657,lr/pose_head.decay,0.00018678185745140392
428,1789021226.9223657,lr/pose_head.no_decay,0.00018678185745140392
428,1789021226.9223657,pose/component_0,1.3262466192245483
428,1789021226.9223657,pose/component_1,0.10947613418102264
428,1789021226.9223657,pose/component_2,0.031142039224505424
428,1789021226.9223657,pose/component_3,0.656653881072998
428,1789021226.9223657,pose/component_4,0.004876589868217707
428,1789021226.9223657,pose/component_5,3.6291005611419678
429,1789021228.2542322,amp/overflow_retries,0.0
429,1789021228.2542322,amp/scale,64.0
429,1789021228.2542322,detect/component_0,1.1446887254714966
429,1789021228.2542322,detect/component_1,0.995323896408081
429,1789021228.2542322,detect/component_2,0.007307573687285185
429,1789021228.2542322,gradient/clipped_norm,1607.617431640625
429,1789021228.2542322,images/detect,256.0
429,1789021228.2542322,images/pose,16.0
429,1789021228.2542322,loss/backward,179.13191986083984
429,1789021228.2542322,loss/detect_mean,1.8361382186412811
429,1789021228.2542322,loss/joint_mean,2.7989362478256226
429,1789021228.2542322,loss/pose_mean,6.650128364562988
429,1789021228.2542322,lr/attention.decay,0.0
429,1789021228.2542322,lr/attention.no_decay,0.0
429,1789021228.2542322,lr/backbone.decay,0.0
429,1789021228.2542322,lr/backbone.no_decay,0.0
429,1789021228.2542322,lr/detect_head.decay,0.00018717062634989202
429,1789021228.2542322,lr/detect_head.no_decay,0.00018717062634989202
429,1789021228.2542322,lr/masf.decay,9.358531317494601e-06
429,1789021228.2542322,lr/masf.no_decay,9.358531317494601e-06
429,1789021228.2542322,lr/neck.decay,7.018898488120949e-05
429,1789021228.2542322,lr/neck.no_decay,7.018898488120949e-05
429,1789021228.2542322,lr/pose_head.decay,0.00018717062634989202
429,1789021228.2542322,lr/pose_head.no_decay,0.00018717062634989202
429,1789021228.2542322,pose/component_0,1.4178825616836548
429,1789021228.2542322,pose/component_1,0.17916984856128693
429,1789021228.2542322,pose/component_2,0.19863168895244598
429,1789021228.2542322,pose/component_3,0.8714962005615234
429,1789021228.2542322,pose/component_4,0.004096299409866333
429,1789021228.2542322,pose/component_5,3.4836740493774414
430,1789021229.4056304,amp/overflow_retries,0.0
430,1789021229.4056304,amp/scale,64.0
430,1789021229.4056304,detect/component_0,1.1698240041732788
430,1789021229.4056304,detect/component_1,1.111172080039978
430,1789021229.4056304,detect/component_2,0.0079450448974967
430,1789021229.4056304,gradient/clipped_norm,1240.1214599609375
430,1789021229.4056304,images/detect,256.0
430,1789021229.4056304,images/pose,16.0
430,1789021229.4056304,loss/backward,173.0969497680664
430,1789021229.4056304,loss/detect_mean,1.9653752148151398
430,1789021229.4056304,loss/joint_mean,2.7046398401260374
430,1789021229.4056304,loss/pose_mean,5.661698341369629
430,1789021229.4056304,lr/attention.decay,0.0
430,1789021229.4056304,lr/attention.no_decay,0.0
430,1789021229.4056304,lr/backbone.decay,0.0
430,1789021229.4056304,lr/backbone.no_decay,0.0
430,1789021229.4056304,lr/detect_head.decay,0.00018755939524838015
430,1789021229.4056304,lr/detect_head.no_decay,0.00018755939524838015
430,1789021229.4056304,lr/masf.decay,9.377969762419009e-06
430,1789021229.4056304,lr/masf.no_decay,9.377969762419009e-06
430,1789021229.4056304,lr/neck.decay,7.033477321814254e-05
430,1789021229.4056304,lr/neck.no_decay,7.033477321814254e-05
430,1789021229.4056304,lr/pose_head.decay,0.00018755939524838015
430,1789021229.4056304,lr/pose_head.no_decay,0.00018755939524838015
430,1789021229.4056304,pose/component_0,1.4192596673965454
430,1789021229.4056304,pose/component_1,0.09856517612934113
430,1789021229.4056304,pose/component_2,0.037036363035440445
430,1789021229.4056304,pose/component_3,0.8586176037788391
430,1789021229.4056304,pose/component_4,0.006834159605205059
430,1789021229.4056304,pose/component_5,2.1326851844787598
431,1789021230.5606587,amp/overflow_retries,0.0
431,1789021230.5606587,amp/scale,64.0
431,1789021230.5606587,detect/component_0,1.1545331478118896
431,1789021230.5606587,detect/component_1,1.0956696271896362
431,1789021230.5606587,detect/component_2,0.008314348757266998
431,1789021230.5606587,gradient/clipped_norm,1325.0130615234375
431,1789021230.5606587,images/detect,256.0
431,1789021230.5606587,images/pose,16.0
431,1789021230.5606587,loss/backward,173.0234634399414
431,1789021230.5606587,loss/detect_mean,1.940071851015091
431,1789021230.5606587,loss/joint_mean,2.7034916162490843
431,1789021230.5606587,loss/pose_mean,5.757170677185059
431,1789021230.5606587,lr/attention.decay,0.0
431,1789021230.5606587,lr/attention.no_decay,0.0
431,1789021230.5606587,lr/backbone.decay,0.0
431,1789021230.5606587,lr/backbone.no_decay,0.0
431,1789021230.5606587,lr/detect_head.decay,0.00018794816414686825
431,1789021230.5606587,lr/detect_head.no_decay,0.00018794816414686825
431,1789021230.5606587,lr/masf.decay,9.397408207343414e-06
431,1789021230.5606587,lr/masf.no_decay,9.397408207343414e-06
431,1789021230.5606587,lr/neck.decay,7.04805615550756e-05
431,1789021230.5606587,lr/neck.no_decay,7.04805615550756e-05
431,1789021230.5606587,lr/pose_head.decay,0.00018794816414686825
431,1789021230.5606587,lr/pose_head.no_decay,0.00018794816414686825
431,1789021230.5606587,pose/component_0,1.2195587158203125
431,1789021230.5606587,pose/component_1,0.06539779156446457
431,1789021230.5606587,pose/component_2,0.06939372420310974
431,1789021230.5606587,pose/component_3,0.7936455607414246
431,1789021230.5606587,pose/component_4,0.004072318784892559
431,1789021230.5606587,pose/component_5,1.9494985342025757
432,1789021231.7173843,amp/overflow_retries,0.0
432,1789021231.7173843,amp/scale,64.0
432,1789021231.7173843,detect/component_0,1.187103033065796
432,1789021231.7173843,detect/component_1,1.0440073013305664
432,1789021231.7173843,detect/component_2,0.007863939739763737
432,1789021231.7173843,gradient/clipped_norm,1627.17138671875
432,1789021231.7173843,images/detect,256.0
432,1789021231.7173843,images/pose,16.0
432,1789021231.7173843,loss/backward,164.54177474975586
432,1789021231.7173843,loss/detect_mean,1.9282083958387375
432,1789021231.7173843,loss/joint_mean,2.5709652304649353
432,1789021231.7173843,loss/pose_mean,5.141992568969727
432,1789021231.7173843,lr/attention.decay,0.0
432,1789021231.7173843,lr/attention.no_decay,0.0
432,1789021231.7173843,lr/backbone.decay,0.0
432,1789021231.7173843,lr/backbone.no_decay,0.0
432,1789021231.7173843,lr/detect_head.decay,0.00018833693304535638
432,1789021231.7173843,lr/detect_head.no_decay,0.00018833693304535638
432,1789021231.7173843,lr/masf.decay,9.41684665226782e-06
432,1789021231.7173843,lr/masf.no_decay,9.41684665226782e-06
432,1789021231.7173843,lr/neck.decay,7.062634989200863e-05
432,1789021231.7173843,lr/neck.no_decay,7.062634989200863e-05
432,1789021231.7173843,lr/pose_head.decay,0.00018833693304535638
432,1789021231.7173843,lr/pose_head.no_decay,0.00018833693304535638
432,1789021231.7173843,pose/component_0,1.3916025161743164
432,1789021231.7173843,pose/component_1,0.05180154740810394
432,1789021231.7173843,pose/component_2,0.02659272588789463
432,1789021231.7173843,pose/component_3,0.8050529360771179
432,1789021231.7173843,pose/component_4,0.00585152255371213
432,1789021231.7173843,pose/component_5,0.7668632864952087
433,1789021232.8813324,amp/overflow_retries,0.0
433,1789021232.8813324,amp/scale,64.0
433,1789021232.8813324,detect/component_0,1.1307684183120728
433,1789021232.8813324,detect/component_1,1.0378093719482422
433,1789021232.8813324,detect/component_2,0.008060557767748833
433,1789021232.8813324,gradient/clipped_norm,1470.3402099609375
433,1789021232.8813324,images/detect,256.0
433,1789021232.8813324,images/pose,16.0
433,1789021232.8813324,loss/backward,159.30658416748048
433,1789021232.8813324,loss/detect_mean,1.895769327878952
433,1789021232.8813324,loss/joint_mean,2.4891653776168825
433,1789021232.8813324,loss/pose_mean,4.8627495765686035
433,1789021232.8813324,lr/attention.decay,0.0
433,1789021232.8813324,lr/attention.no_decay,0.0
433,1789021232.8813324,lr/backbone.decay,0.0
433,1789021232.8813324,lr/backbone.no_decay,0.0
433,1789021232.8813324,lr/detect_head.decay,0.0001887257019438445
433,1789021232.8813324,lr/detect_head.no_decay,0.0001887257019438445
433,1789021232.8813324,lr/masf.decay,9.436285097192225e-06
433,1789021232.8813324,lr/masf.no_decay,9.436285097192225e-06
433,1789021232.8813324,lr/neck.decay,7.077213822894167e-05
433,1789021232.8813324,lr/neck.no_decay,7.077213822894167e-05
433,1789021232.8813324,lr/pose_head.decay,0.0001887257019438445
433,1789021232.8813324,lr/pose_head.no_decay,0.0001887257019438445
433,1789021232.8813324,pose/component_0,1.2082871198654175
433,1789021232.8813324,pose/component_1,0.05117018520832062
433,1789021232.8813324,pose/component_2,0.010977729223668575
433,1789021232.8813324,pose/component_3,0.6672855019569397
433,1789021232.8813324,pose/component_4,0.0035430029965937138
433,1789021232.8813324,pose/component_5,1.852908968925476
434,1789021234.0394206,amp/overflow_retries,0.0
434,1789021234.0394206,amp/scale,64.0
434,1789021234.0394206,detect/component_0,1.1471524238586426
434,1789021234.0394206,detect/component_1,1.068897008895874
434,1789021234.0394206,detect/component_2,0.007765973452478647
434,1789021234.0394206,gradient/clipped_norm,1545.14990234375
434,1789021234.0394206,images/detect,256.0
434,1789021234.0394206,images/pose,16.0
434,1789021234.0394206,loss/backward,183.52914276123047
434,1789021234.0394206,loss/detect_mean,1.9113862216472626
434,1789021234.0394206,loss/joint_mean,2.867642855644226
434,1789021234.0394206,loss/pose_mean,6.69266939163208
434,1789021234.0394206,lr/attention.decay,0.0
434,1789021234.0394206,lr/attention.no_decay,0.0
434,1789021234.0394206,lr/backbone.decay,0.0
434,1789021234.0394206,lr/backbone.no_decay,0.0
434,1789021234.0394206,lr/detect_head.decay,0.00018911447084233262
434,1789021234.0394206,lr/detect_head.no_decay,0.00018911447084233262
434,1789021234.0394206,lr/masf.decay,9.455723542116632e-06
434,1789021234.0394206,lr/masf.no_decay,9.455723542116632e-06
434,1789021234.0394206,lr/neck.decay,7.091792656587472e-05
434,1789021234.0394206,lr/neck.no_decay,7.091792656587472e-05
434,1789021234.0394206,lr/pose_head.decay,0.00018911447084233262
434,1789021234.0394206,lr/pose_head.no_decay,0.00018911447084233262
434,1789021234.0394206,pose/component_0,1.4013522863388062
434,1789021234.0394206,pose/component_1,0.09215487539768219
434,1789021234.0394206,pose/component_2,0.10905124992132187
434,1789021234.0394206,pose/component_3,1.1016103029251099
434,1789021234.0394206,pose/component_4,0.005659974180161953
434,1789021234.0394206,pose/component_5,2.876096725463867
435,1789021235.1967697,amp/overflow_retries,0.0
435,1789021235.1967697,amp/scale,64.0
435,1789021235.1967697,detect/component_0,1.1580860614776611
435,1789021235.1967697,detect/component_1,1.0108789205551147
435,1789021235.1967697,detect/component_2,0.007070849649608135
435,1789021235.1967697,gradient/clipped_norm,1211.419189453125
435,1789021235.1967697,images/detect,256.0
435,1789021235.1967697,images/pose,16.0
435,1789021235.1967697,loss/backward,162.0328796386719
435,1789021235.1967697,loss/detect_mean,1.8538411855697632
435,1789021235.1967697,loss/joint_mean,2.5317637443542482
435,1789021235.1967697,loss/pose_mean,5.2434539794921875
435,1789021235.1967697,lr/attention.decay,0.0
435,1789021235.1967697,lr/attention.no_decay,0.0
435,1789021235.1967697,lr/backbone.decay,0.0
435,1789021235.1967697,lr/backbone.no_decay,0.0
435,1789021235.1967697,lr/detect_head.decay,0.00018950323974082075
435,1789021235.1967697,lr/detect_head.no_decay,0.00018950323974082075
435,1789021235.1967697,lr/masf.decay,9.475161987041038e-06
435,1789021235.1967697,lr/masf.no_decay,9.475161987041038e-06
435,1789021235.1967697,lr/neck.decay,7.106371490280776e-05
435,1789021235.1967697,lr/neck.no_decay,7.106371490280776e-05
435,1789021235.1967697,lr/pose_head.decay,0.00018950323974082075
435,1789021235.1967697,lr/pose_head.no_decay,0.00018950323974082075
435,1789021235.1967697,pose/component_0,1.4065077304840088
435,1789021235.1967697,pose/component_1,0.07288660854101181
435,1789021235.1967697,pose/component_2,0.04777787998318672
435,1789021235.1967697,pose/component_3,1.00957453250885
435,1789021235.1967697,pose/component_4,0.0046590897254645824
435,1789021235.1967697,pose/component_5,1.014423131942749
436,1789021236.3751454,amp/overflow_retries,0.0
436,1789021236.3751454,amp/scale,64.0
436,1789021236.3751454,detect/component_0,1.1559691429138184
436,1789021236.3751454,detect/component_1,1.1125363111495972
436,1789021236.3751454,detect/component_2,0.006997407414019108
436,1789021236.3751454,gradient/clipped_norm,2504.396484375
436,1789021236.3751454,images/detect,256.0
436,1789021236.3751454,images/pose,16.0
436,1789021236.3751454,loss/backward,181.4341796875
436,1789021236.3751454,loss/detect_mean,1.9255084991455078
436,1789021236.3751454,loss/joint_mean,2.8349090576171876
436,1789021236.3751454,loss/pose_mean,6.472511291503906
436,1789021236.3751454,lr/attention.decay,0.0
436,1789021236.3751454,lr/attention.no_decay,0.0
436,1789021236.3751454,lr/backbone.decay,0.0
436,1789021236.3751454,lr/backbone.no_decay,0.0
436,1789021236.3751454,lr/detect_head.decay,0.00018989200863930888
436,1789021236.3751454,lr/detect_head.no_decay,0.00018989200863930888
436,1789021236.3751454,lr/masf.decay,9.494600431965443e-06
436,1789021236.3751454,lr/masf.no_decay,9.494600431965443e-06
436,1789021236.3751454,lr/neck.decay,7.120950323974082e-05
436,1789021236.3751454,lr/neck.no_decay,7.120950323974082e-05
436,1789021236.3751454,lr/pose_head.decay,0.00018989200863930888
436,1789021236.3751454,lr/pose_head.no_decay,0.00018989200863930888
436,1789021236.3751454,pose/component_0,1.1519581079483032
436,1789021236.3751454,pose/component_1,0.23818722367286682
436,1789021236.3751454,pose/component_2,0.15196771919727325
436,1789021236.3751454,pose/component_3,0.7832061648368835
436,1789021236.3751454,pose/component_4,0.004875821992754936
436,1789021236.3751454,pose/component_5,3.029541015625
437,1789021237.5479088,amp/overflow_retries,0.0
437,1789021237.5479088,amp/scale,64.0
437,1789021237.5479088,detect/component_0,1.1154361963272095
437,1789021237.5479088,detect/component_1,1.0168453454971313
437,1789021237.5479088,detect/component_2,0.0078004528768360615
437,1789021237.5479088,gradient/clipped_norm,948.3390502929688
437,1789021237.5479088,images/detect,256.0
437,1789021237.5479088,images/pose,16.0
437,1789021237.5479088,loss/backward,151.33258285522462
437,1789021237.5479088,loss/detect_mean,1.8636103123426437
437,1789021237.5479088,loss/joint_mean,2.3645716071128846
437,1789021237.5479088,loss/pose_mean,4.368416786193848
437,1789021237.5479088,lr/attention.decay,0.0
437,1789021237.5479088,lr/attention.no_decay,0.0
437,1789021237.5479088,lr/backbone.decay,0.0
437,1789021237.5479088,lr/backbone.no_decay,0.0
437,1789021237.5479088,lr/detect_head.decay,0.00019028077753779698
437,1789021237.5479088,lr/detect_head.no_decay,0.00019028077753779698
437,1789021237.5479088,lr/masf.decay,9.51403887688985e-06
437,1789021237.5479088,lr/masf.no_decay,9.51403887688985e-06
437,1789021237.5479088,lr/neck.decay,7.135529157667385e-05
437,1789021237.5479088,lr/neck.no_decay,7.135529157667385e-05
437,1789021237.5479088,lr/pose_head.decay,0.00019028077753779698
437,1789021237.5479088,lr/pose_head.no_decay,0.00019028077753779698
437,1789021237.5479088,pose/component_0,1.5466631650924683
437,1789021237.5479088,pose/component_1,0.045097120106220245
437,1789021237.5479088,pose/component_2,0.027008268982172012
437,1789021237.5479088,pose/component_3,0.7054007053375244
437,1789021237.5479088,pose/component_4,0.0040286388248205185
437,1789021237.5479088,pose/component_5,0.6135833859443665
438,1789021238.725418,amp/overflow_retries,0.0
438,1789021238.725418,amp/scale,64.0
438,1789021238.725418,detect/component_0,1.0993340015411377
438,1789021238.725418,detect/component_1,1.026007890701294
438,1789021238.725418,detect/component_2,0.0074731349013745785
438,1789021238.725418,gradient/clipped_norm,3025.89306640625
438,1789021238.725418,images/detect,256.0
438,1789021238.725418,images/pose,16.0
438,1789021238.725418,loss/backward,191.07337493896483
438,1789021238.725418,loss/detect_mean,1.8418303430080414
438,1789021238.725418,loss/joint_mean,2.9855214834213255
438,1789021238.725418,loss/pose_mean,7.560286045074463
438,1789021238.725418,lr/attention.decay,0.0
438,1789021238.725418,lr/attention.no_decay,0.0
438,1789021238.725418,lr/backbone.decay,0.0
438,1789021238.725418,lr/backbone.no_decay,0.0
438,1789021238.725418,lr/detect_head.decay,0.0001906695464362851
438,1789021238.725418,lr/detect_head.no_decay,0.0001906695464362851
438,1789021238.725418,lr/masf.decay,9.533477321814256e-06
438,1789021238.725418,lr/masf.no_decay,9.533477321814256e-06
438,1789021238.725418,lr/neck.decay,7.15010799136069e-05
438,1789021238.725418,lr/neck.no_decay,7.15010799136069e-05
438,1789021238.725418,lr/pose_head.decay,0.0001906695464362851
438,1789021238.725418,lr/pose_head.no_decay,0.0001906695464362851
438,1789021238.725418,pose/component_0,1.3633619546890259
438,1789021238.725418,pose/component_1,0.10729857534170151
438,1789021238.725418,pose/component_2,0.16335554420948029
438,1789021238.725418,pose/component_3,0.7575165629386902
438,1789021238.725418,pose/component_4,0.004610997624695301
438,1789021238.725418,pose/component_5,2.081751823425293
439,1789021239.8842473,amp/overflow_retries,0.0
439,1789021239.8842473,amp/scale,64.0
439,1789021239.8842473,detect/component_0,1.1680173873901367
439,1789021239.8842473,detect/component_1,1.1018147468566895
439,1789021239.8842473,detect/component_2,0.007538539823144674
439,1789021239.8842473,gradient/clipped_norm,1158.89697265625
439,1789021239.8842473,images/detect,256.0
439,1789021239.8842473,images/pose,16.0
439,1789021239.8842473,loss/backward,157.40006103515626
439,1789021239.8842473,loss/detect_mean,1.9498796463012695
439,1789021239.8842473,loss/joint_mean,2.4593759536743165
439,1789021239.8842473,loss/pose_mean,4.497361183166504
439,1789021239.8842473,lr/attention.decay,0.0
439,1789021239.8842473,lr/attention.no_decay,0.0
439,1789021239.8842473,lr/backbone.decay,0.0
439,1789021239.8842473,lr/backbone.no_decay,0.0
439,1789021239.8842473,lr/detect_head.decay,0.00019105831533477324
439,1789021239.8842473,lr/detect_head.no_decay,0.00019105831533477324
439,1789021239.8842473,lr/masf.decay,9.552915766738661e-06
439,1789021239.8842473,lr/masf.no_decay,9.552915766738661e-06
439,1789021239.8842473,lr/neck.decay,7.164686825053996e-05
439,1789021239.8842473,lr/neck.no_decay,7.164686825053996e-05
439,1789021239.8842473,lr/pose_head.decay,0.00019105831533477324
439,1789021239.8842473,lr/pose_head.no_decay,0.00019105831533477324
439,1789021239.8842473,pose/component_0,1.3974777460098267
439,1789021239.8842473,pose/component_1,0.03732955455780029
439,1789021239.8842473,pose/component_2,0.12471330910921097
439,1789021239.8842473,pose/component_3,0.8501594066619873
439,1789021239.8842473,pose/component_4,0.006191866472363472
439,1789021239.8842473,pose/component_5,1.0229724645614624
440,1789021241.046967,amp/overflow_retries,0.0
440,1789021241.046967,amp/scale,64.0
440,1789021241.046967,detect/component_0,1.0947099924087524
440,1789021241.046967,detect/component_1,1.0249977111816406
440,1789021241.046967,detect/component_2,0.008238748647272587
440,1789021241.046967,gradient/clipped_norm,1321.521240234375
440,1789021241.046967,images/detect,256.0
440,1789021241.046967,images/pose,16.0
440,1789021241.046967,loss/backward,171.1956817626953
440,1789021241.046967,loss/detect_mean,1.865744411945343
440,1789021241.046967,loss/joint_mean,2.674932527542114
440,1789021241.046967,loss/pose_mean,5.911684989929199
440,1789021241.046967,lr/attention.decay,0.0
440,1789021241.046967,lr/attention.no_decay,0.0
440,1789021241.046967,lr/backbone.decay,0.0
440,1789021241.046967,lr/backbone.no_decay,0.0
440,1789021241.046967,lr/detect_head.decay,0.00019144708423326137
440,1789021241.046967,lr/detect_head.no_decay,0.00019144708423326137
440,1789021241.046967,lr/masf.decay,9.572354211663068e-06
440,1789021241.046967,lr/masf.no_decay,9.572354211663068e-06
440,1789021241.046967,lr/neck.decay,7.1792656587473e-05
440,1789021241.046967,lr/neck.no_decay,7.1792656587473e-05
440,1789021241.046967,lr/pose_head.decay,0.00019144708423326137
440,1789021241.046967,lr/pose_head.no_decay,0.00019144708423326137
440,1789021241.046967,pose/component_0,1.3670421838760376
440,1789021241.046967,pose/component_1,0.13584676384925842
440,1789021241.046967,pose/component_2,0.21487967669963837
440,1789021241.046967,pose/component_3,0.9531835913658142
440,1789021241.046967,pose/component_4,0.005946923978626728
440,1789021241.046967,pose/component_5,2.345564365386963
441,1789021242.2079544,amp/overflow_retries,0.0
441,1789021242.2079544,amp/scale,64.0
441,1789021242.2079544,detect/component_0,1.1505815982818604
441,1789021242.2079544,detect/component_1,1.084987759590149
441,1789021242.2079544,detect/component_2,0.007580611389130354
441,1789021242.2079544,gradient/clipped_norm,1310.568115234375
441,1789021242.2079544,images/detect,256.0
441,1789021242.2079544,images/pose,16.0
441,1789021242.2079544,loss/backward,146.86602630615235
441,1789021242.2079544,loss/detect_mean,1.905392438173294
441,1789021242.2079544,loss/joint_mean,2.2947816610336305
441,1789021242.2079544,loss/pose_mean,3.8523385524749756
441,1789021242.2079544,lr/attention.decay,0.0
441,1789021242.2079544,lr/attention.no_decay,0.0
441,1789021242.2079544,lr/backbone.decay,0.0
441,1789021242.2079544,lr/backbone.no_decay,0.0
441,1789021242.2079544,lr/detect_head.decay,0.00019183585313174944
441,1789021242.2079544,lr/detect_head.no_decay,0.00019183585313174944
441,1789021242.2079544,lr/masf.decay,9.591792656587472e-06
441,1789021242.2079544,lr/masf.no_decay,9.591792656587472e-06
441,1789021242.2079544,lr/neck.decay,7.193844492440604e-05
441,1789021242.2079544,lr/neck.no_decay,7.193844492440604e-05
441,1789021242.2079544,lr/pose_head.decay,0.00019183585313174944
441,1789021242.2079544,lr/pose_head.no_decay,0.00019183585313174944
441,1789021242.2079544,pose/component_0,0.9797095656394958
441,1789021242.2079544,pose/component_1,0.033644478768110275
441,1789021242.2079544,pose/component_2,0.018746478483080864
441,1789021242.2079544,pose/component_3,0.5517584681510925
441,1789021242.2079544,pose/component_4,0.004334588069468737
441,1789021242.2079544,pose/component_5,1.53070068359375
442,1789021243.3692205,amp/overflow_retries,0.0
442,1789021243.3692205,amp/scale,64.0
442,1789021243.3692205,detect/component_0,1.1423746347427368
442,1789021243.3692205,detect/component_1,1.0568668842315674
442,1789021243.3692205,detect/component_2,0.00796057190746069
442,1789021243.3692205,gradient/clipped_norm,1623.69189453125
442,1789021243.3692205,images/detect,256.0
442,1789021243.3692205,images/pose,16.0
442,1789021243.3692205,loss/backward,197.7638816833496
442,1789021243.3692205,loss/detect_mean,1.9034650772809982
442,1789021243.3692205,loss/joint_mean,3.0900606513023376
442,1789021243.3692205,loss/pose_mean,7.836442947387695
442,1789021243.3692205,lr/attention.decay,0.0
442,1789021243.3692205,lr/attention.no_decay,0.0
442,1789021243.3692205,lr/backbone.decay,0.0
442,1789021243.3692205,lr/backbone.no_decay,0.0
442,1789021243.3692205,lr/detect_head.decay,0.0001922246220302376
442,1789021243.3692205,lr/detect_head.no_decay,0.0001922246220302376
442,1789021243.3692205,lr/masf.decay,9.61123110151188e-06
442,1789021243.3692205,lr/masf.no_decay,9.61123110151188e-06
442,1789021243.3692205,lr/neck.decay,7.208423326133909e-05
442,1789021243.3692205,lr/neck.no_decay,7.208423326133909e-05
442,1789021243.3692205,lr/pose_head.decay,0.0001922246220302376
442,1789021243.3692205,lr/pose_head.no_decay,0.0001922246220302376
442,1789021243.3692205,pose/component_0,1.5353645086288452
442,1789021243.3692205,pose/component_1,0.19586452841758728
442,1789021243.3692205,pose/component_2,0.11461323499679565
442,1789021243.3692205,pose/component_3,1.3144999742507935
442,1789021243.3692205,pose/component_4,0.005767883267253637
442,1789021243.3692205,pose/component_5,3.695176839828491
443,1789021244.5432487,amp/overflow_retries,0.0
443,1789021244.5432487,amp/scale,64.0
443,1789021244.5432487,detect/component_0,1.084139108657837
443,1789021244.5432487,detect/component_1,0.9982093572616577
443,1789021244.5432487,detect/component_2,0.007620078511536121
443,1789021244.5432487,gradient/clipped_norm,1204.047119140625
443,1789021244.5432487,images/detect,256.0
443,1789021244.5432487,images/pose,16.0
443,1789021244.5432487,loss/backward,153.1600196838379
443,1789021244.5432487,loss/detect_mean,1.800730898976326
443,1789021244.5432487,loss/joint_mean,2.393125307559967
443,1789021244.5432487,loss/pose_mean,4.762702941894531
443,1789021244.5432487,lr/attention.decay,0.0
443,1789021244.5432487,lr/attention.no_decay,0.0
443,1789021244.5432487,lr/backbone.decay,0.0
443,1789021244.5432487,lr/backbone.no_decay,0.0
443,1789021244.5432487,lr/detect_head.decay,0.0001926133909287257
443,1789021244.5432487,lr/detect_head.no_decay,0.0001926133909287257
443,1789021244.5432487,lr/masf.decay,9.630669546436285e-06
443,1789021244.5432487,lr/masf.no_decay,9.630669546436285e-06
443,1789021244.5432487,lr/neck.decay,7.223002159827213e-05
443,1789021244.5432487,lr/neck.no_decay,7.223002159827213e-05
443,1789021244.5432487,lr/pose_head.decay,0.0001926133909287257
443,1789021244.5432487,lr/pose_head.no_decay,0.0001926133909287257
443,1789021244.5432487,pose/component_0,1.3624862432479858
443,1789021244.5432487,pose/component_1,0.049836911261081696
443,1789021244.5432487,pose/component_2,0.0757007822394371
443,1789021244.5432487,pose/component_3,0.8532324433326721
443,1789021244.5432487,pose/component_4,0.005652403458952904
443,1789021244.5432487,pose/component_5,1.7387158870697021
444,1789021245.7031975,amp/overflow_retries,0.0
444,1789021245.7031975,amp/scale,64.0
444,1789021245.7031975,detect/component_0,1.113842248916626
444,1789021245.7031975,detect/component_1,1.0564606189727783
444,1789021245.7031975,detect/component_2,0.0077230981551110744
444,1789021245.7031975,gradient/clipped_norm,1874.00927734375
444,1789021245.7031975,images/detect,256.0
444,1789021245.7031975,images/pose,16.0
444,1789021245.7031975,loss/backward,180.27776336669922
444,1789021245.7031975,loss/detect_mean,1.8603770434856415
444,1789021245.7031975,loss/joint_mean,2.8168400526046753
444,1789021245.7031975,loss/pose_mean,6.6426920890808105
444,1789021245.7031975,lr/attention.decay,0.0
444,1789021245.7031975,lr/attention.no_decay,0.0
444,1789021245.7031975,lr/backbone.decay,0.0
444,1789021245.7031975,lr/backbone.no_decay,0.0
444,1789021245.7031975,lr/detect_head.decay,0.00019300215982721383
444,1789021245.7031975,lr/detect_head.no_decay,0.00019300215982721383
444,1789021245.7031975,lr/masf.decay,9.650107991360692e-06
444,1789021245.7031975,lr/masf.no_decay,9.650107991360692e-06
444,1789021245.7031975,lr/neck.decay,7.237580993520518e-05
444,1789021245.7031975,lr/neck.no_decay,7.237580993520518e-05
444,1789021245.7031975,lr/pose_head.decay,0.00019300215982721383
444,1789021245.7031975,lr/pose_head.no_decay,0.00019300215982721383
444,1789021245.7031975,pose/component_0,1.304173231124878
444,1789021245.7031975,pose/component_1,0.10791686922311783
444,1789021245.7031975,pose/component_2,0.08748180419206619
444,1789021245.7031975,pose/component_3,0.7999055981636047
444,1789021245.7031975,pose/component_4,0.003971308935433626
444,1789021245.7031975,pose/component_5,1.6196547746658325
445,1789021246.8707707,amp/overflow_retries,0.0
445,1789021246.8707707,amp/scale,64.0
445,1789021246.8707707,detect/component_0,1.1531832218170166
445,1789021246.8707707,detect/component_1,1.0761393308639526
445,1789021246.8707707,detect/component_2,0.0069925966672599316
445,1789021246.8707707,gradient/clipped_norm,1326.1279296875
445,1789021246.8707707,images/detect,256.0
445,1789021246.8707707,images/pose,16.0
445,1789021246.8707707,loss/backward,186.59742279052733
445,1789021246.8707707,loss/detect_mean,1.9019796550273895
445,1789021246.8707707,loss/joint_mean,2.9155847311019896
445,1789021246.8707707,loss/pose_mean,6.970005035400391
445,1789021246.8707707,lr/attention.decay,0.0
445,1789021246.8707707,lr/attention.no_decay,0.0
445,1789021246.8707707,lr/backbone.decay,0.0
445,1789021246.8707707,lr/backbone.no_decay,0.0
445,1789021246.8707707,lr/detect_head.decay,0.00019339092872570194
445,1789021246.8707707,lr/detect_head.no_decay,0.00019339092872570194
445,1789021246.8707707,lr/masf.decay,9.669546436285098e-06
445,1789021246.8707707,lr/masf.no_decay,9.669546436285098e-06
445,1789021246.8707707,lr/neck.decay,7.252159827213822e-05
445,1789021246.8707707,lr/neck.no_decay,7.252159827213822e-05
445,1789021246.8707707,lr/pose_head.decay,0.00019339092872570194
445,1789021246.8707707,lr/pose_head.no_decay,0.00019339092872570194
445,1789021246.8707707,pose/component_0,1.5656394958496094
445,1789021246.8707707,pose/component_1,0.1407564878463745
445,1789021246.8707707,pose/component_2,0.037089183926582336
445,1789021246.8707707,pose/component_3,1.1193076372146606
445,1789021246.8707707,pose/component_4,0.006287483498454094
445,1789021246.8707707,pose/component_5,3.233567714691162
446,1789021248.032198,amp/overflow_retries,0.0
446,1789021248.032198,amp/scale,64.0
446,1789021248.032198,detect/component_0,1.1227068901062012
446,1789021248.032198,detect/component_1,1.0374624729156494
446,1789021248.032198,detect/component_2,0.007903044112026691
446,1789021248.032198,gradient/clipped_norm,1989.457763671875
446,1789021248.032198,images/detect,256.0
446,1789021248.032198,images/pose,16.0
446,1789021248.032198,loss/backward,214.29112014770507
446,1789021248.032198,loss/detect_mean,1.8949791342020035
446,1789021248.032198,loss/joint_mean,3.3482987523078918
446,1789021248.032198,loss/pose_mean,9.161577224731445
446,1789021248.032198,lr/attention.decay,0.0
446,1789021248.032198,lr/attention.no_decay,0.0
446,1789021248.032198,lr/backbone.decay,0.0
446,1789021248.032198,lr/backbone.no_decay,0.0
446,1789021248.032198,lr/detect_head.decay,0.0001937796976241901
446,1789021248.032198,lr/detect_head.no_decay,0.0001937796976241901
446,1789021248.032198,lr/masf.decay,9.688984881209505e-06
446,1789021248.032198,lr/masf.no_decay,9.688984881209505e-06
446,1789021248.032198,lr/neck.decay,7.266738660907127e-05
446,1789021248.032198,lr/neck.no_decay,7.266738660907127e-05
446,1789021248.032198,lr/pose_head.decay,0.0001937796976241901
446,1789021248.032198,lr/pose_head.no_decay,0.0001937796976241901
446,1789021248.032198,pose/component_0,1.345095157623291
446,1789021248.032198,pose/component_1,0.3750059902667999
446,1789021248.032198,pose/component_2,0.16292129456996918
446,1789021248.032198,pose/component_3,0.9387173652648926
446,1789021248.032198,pose/component_4,0.004596018232405186
446,1789021248.032198,pose/component_5,5.745987892150879
447,1789021249.190438,amp/overflow_retries,0.0
447,1789021249.190438,amp/scale,64.0
447,1789021249.190438,detect/component_0,1.2217077016830444
447,1789021249.190438,detect/component_1,1.0974103212356567
447,1789021249.190438,detect/component_2,0.007223789114505053
447,1789021249.190438,gradient/clipped_norm,1555.5418701171875
447,1789021249.190438,images/detect,256.0
447,1789021249.190438,images/pose,16.0
447,1789021249.190438,loss/backward,169.94817962646485
447,1789021249.190438,loss/detect_mean,1.9881229102611542
447,1789021249.190438,loss/joint_mean,2.6554403066635133
447,1789021249.190438,loss/pose_mean,5.324709892272949
447,1789021249.190438,lr/attention.decay,0.0
447,1789021249.190438,lr/attention.no_decay,0.0
447,1789021249.190438,lr/backbone.decay,0.0
447,1789021249.190438,lr/backbone.no_decay,0.0
447,1789021249.190438,lr/detect_head.decay,0.0001941684665226782
447,1789021249.190438,lr/detect_head.no_decay,0.0001941684665226782
447,1789021249.190438,lr/masf.decay,9.70842332613391e-06
447,1789021249.190438,lr/masf.no_decay,9.70842332613391e-06
447,1789021249.190438,lr/neck.decay,7.281317494600431e-05
447,1789021249.190438,lr/neck.no_decay,7.281317494600431e-05
447,1789021249.190438,lr/pose_head.decay,0.0001941684665226782
447,1789021249.190438,lr/pose_head.no_decay,0.0001941684665226782
447,1789021249.190438,pose/component_0,1.490780234336853
447,1789021249.190438,pose/component_1,0.06309196352958679
447,1789021249.190438,pose/component_2,0.05062362924218178
447,1789021249.190438,pose/component_3,0.7894975543022156
447,1789021249.190438,pose/component_4,0.00715088564902544
447,1789021249.190438,pose/component_5,1.9630070924758911
448,1789021250.3476768,amp/overflow_retries,0.0
448,1789021250.3476768,amp/scale,64.0
448,1789021250.3476768,detect/component_0,1.1187899112701416
448,1789021250.3476768,detect/component_1,1.0220897197723389
448,1789021250.3476768,detect/component_2,0.007441870868206024
448,1789021250.3476768,gradient/clipped_norm,1121.4295654296875
448,1789021250.3476768,images/detect,256.0
448,1789021250.3476768,images/pose,16.0
448,1789021250.3476768,loss/backward,163.09889526367186
448,1789021250.3476768,loss/detect_mean,1.8541182279586792
448,1789021250.3476768,loss/joint_mean,2.548420238494873
448,1789021250.3476768,loss/pose_mean,5.325628280639648
448,1789021250.3476768,lr/attention.decay,0.0
448,1789021250.3476768,lr/attention.no_decay,0.0
448,1789021250.3476768,lr/backbone.decay,0.0
448,1789021250.3476768,lr/backbone.no_decay,0.0
448,1789021250.3476768,lr/detect_head.decay,0.00019455723542116633
448,1789021250.3476768,lr/detect_head.no_decay,0.00019455723542116633
448,1789021250.3476768,lr/masf.decay,9.727861771058317e-06
448,1789021250.3476768,lr/masf.no_decay,9.727861771058317e-06
448,1789021250.3476768,lr/neck.decay,7.295896328293736e-05
448,1789021250.3476768,lr/neck.no_decay,7.295896328293736e-05
448,1789021250.3476768,lr/pose_head.decay,0.00019455723542116633
448,1789021250.3476768,lr/pose_head.no_decay,0.00019455723542116633
448,1789021250.3476768,pose/component_0,1.2511448860168457
448,1789021250.3476768,pose/component_1,0.14091521501541138
448,1789021250.3476768,pose/component_2,0.13118334114551544
448,1789021250.3476768,pose/component_3,1.026304006576538
448,1789021250.3476768,pose/component_4,0.006469953805208206
448,1789021250.3476768,pose/component_5,2.352628469467163
449,1789021251.5156746,amp/overflow_retries,0.0
449,1789021251.5156746,amp/scale,64.0
449,1789021251.5156746,detect/component_0,1.1732549667358398
449,1789021251.5156746,detect/component_1,0.9991897940635681
449,1789021251.5156746,detect/component_2,0.0070584965869784355
449,1789021251.5156746,gradient/clipped_norm,1698.039306640625
449,1789021251.5156746,images/detect,256.0
449,1789021251.5156746,images/pose,16.0
449,1789021251.5156746,loss/backward,162.94428939819335
449,1789021251.5156746,loss/detect_mean,1.8535817116498947
449,1789021251.5156746,loss/joint_mean,2.546004521846771
449,1789021251.5156746,loss/pose_mean,5.315695762634277
449,1789021251.5156746,lr/attention.decay,0.0
449,1789021251.5156746,lr/attention.no_decay,0.0
449,1789021251.5156746,lr/backbone.decay,0.0
449,1789021251.5156746,lr/backbone.no_decay,0.0
449,1789021251.5156746,lr/detect_head.decay,0.00019494600431965443
449,1789021251.5156746,lr/detect_head.no_decay,0.00019494600431965443
449,1789021251.5156746,lr/masf.decay,9.747300215982721e-06
449,1789021251.5156746,lr/masf.no_decay,9.747300215982721e-06
449,1789021251.5156746,lr/neck.decay,7.31047516198704e-05
449,1789021251.5156746,lr/neck.no_decay,7.31047516198704e-05
449,1789021251.5156746,lr/pose_head.decay,0.00019494600431965443
449,1789021251.5156746,lr/pose_head.no_decay,0.00019494600431965443
449,1789021251.5156746,pose/component_0,1.179345965385437
449,1789021251.5156746,pose/component_1,0.10175745189189911
449,1789021251.5156746,pose/component_2,0.1346372663974762
449,1789021251.5156746,pose/component_3,0.7153307795524597
449,1789021251.5156746,pose/component_4,0.005538743920624256
449,1789021251.5156746,pose/component_5,2.2171521186828613
450,1789021252.6662734,amp/overflow_retries,0.0
450,1789021252.6662734,amp/scale,64.0
450,1789021252.6662734,detect/component_0,1.1706866025924683
450,1789021252.6662734,detect/component_1,1.018537163734436
450,1789021252.6662734,detect/component_2,0.007268763147294521
450,1789021252.6662734,gradient/clipped_norm,2018.9803466796875
450,1789021252.6662734,images/detect,256.0
450,1789021252.6662734,images/pose,16.0
450,1789021252.6662734,loss/backward,167.9224426269531
450,1789021252.6662734,loss/detect_mean,1.8606889247894287
450,1789021252.6662734,loss/joint_mean,2.6237881660461424
450,1789021252.6662734,loss/pose_mean,5.676185131072998
450,1789021252.6662734,lr/attention.decay,0.0
450,1789021252.6662734,lr/attention.no_decay,0.0
450,1789021252.6662734,lr/backbone.decay,0.0
450,1789021252.6662734,lr/backbone.no_decay,0.0
450,1789021252.6662734,lr/detect_head.decay,0.00019533477321814256
450,1789021252.6662734,lr/detect_head.no_decay,0.00019533477321814256
450,1789021252.6662734,lr/masf.decay,9.766738660907128e-06
450,1789021252.6662734,lr/masf.no_decay,9.766738660907128e-06
450,1789021252.6662734,lr/neck.decay,7.325053995680345e-05
450,1789021252.6662734,lr/neck.no_decay,7.325053995680345e-05
450,1789021252.6662734,lr/pose_head.decay,0.00019533477321814256
450,1789021252.6662734,lr/pose_head.no_decay,0.00019533477321814256
450,1789021252.6662734,pose/component_0,1.403775930404663
450,1789021252.6662734,pose/component_1,0.04960351437330246
450,1789021252.6662734,pose/component_2,0.022337470203638077
450,1789021252.6662734,pose/component_3,0.7077084183692932
450,1789021252.6662734,pose/component_4,0.004739569500088692
450,1789021252.6662734,pose/component_5,1.4537527561187744
451,1789021253.82355,amp/overflow_retries,0.0
451,1789021253.82355,amp/scale,64.0
451,1789021253.82355,detect/component_0,1.167108178138733
451,1789021253.82355,detect/component_1,1.06123685836792
451,1789021253.82355,detect/component_2,0.007723009679466486
451,1789021253.82355,gradient/clipped_norm,1525.6285400390625
451,1789021253.82355,images/detect,256.0
451,1789021253.82355,images/pose,16.0
451,1789021253.82355,loss/backward,203.09967575073242
451,1789021253.82355,loss/detect_mean,1.9112039655447006
451,1789021253.82355,loss/joint_mean,3.173432433605194
451,1789021253.82355,loss/pose_mean,8.222346305847168
451,1789021253.82355,lr/attention.decay,0.0
451,1789021253.82355,lr/attention.no_decay,0.0
451,1789021253.82355,lr/backbone.decay,0.0
451,1789021253.82355,lr/backbone.no_decay,0.0
451,1789021253.82355,lr/detect_head.decay,0.00019572354211663066
451,1789021253.82355,lr/detect_head.no_decay,0.00019572354211663066
451,1789021253.82355,lr/masf.decay,9.786177105831534e-06
451,1789021253.82355,lr/masf.no_decay,9.786177105831534e-06
451,1789021253.82355,lr/neck.decay,7.339632829373649e-05
451,1789021253.82355,lr/neck.no_decay,7.339632829373649e-05
451,1789021253.82355,lr/pose_head.decay,0.00019572354211663066
451,1789021253.82355,lr/pose_head.no_decay,0.00019572354211663066
451,1789021253.82355,pose/component_0,1.502236247062683
451,1789021253.82355,pose/component_1,0.2423015832901001
451,1789021253.82355,pose/component_2,0.1898016631603241
451,1789021253.82355,pose/component_3,1.1552940607070923
451,1789021253.82355,pose/component_4,0.013577712699770927
451,1789021253.82355,pose/component_5,3.6399173736572266
452,1789021255.0038319,amp/overflow_retries,0.0
452,1789021255.0038319,amp/scale,64.0
452,1789021255.0038319,detect/component_0,1.15809166431427
452,1789021255.0038319,detect/component_1,1.1067461967468262
452,1789021255.0038319,detect/component_2,0.0074756573885679245
452,1789021255.0038319,gradient/clipped_norm,3204.973388671875
452,1789021255.0038319,images/detect,256.0
452,1789021255.0038319,images/pose,16.0
452,1789021255.0038319,loss/backward,186.77060089111328
452,1789021255.0038319,loss/detect_mean,1.943420797586441
452,1789021255.0038319,loss/joint_mean,2.918290638923645
452,1789021255.0038319,loss/pose_mean,6.817770004272461
452,1789021255.0038319,lr/attention.decay,0.0
452,1789021255.0038319,lr/attention.no_decay,0.0
452,1789021255.0038319,lr/backbone.decay,0.0
452,1789021255.0038319,lr/backbone.no_decay,0.0
452,1789021255.0038319,lr/detect_head.decay,0.0001961123110151188
452,1789021255.0038319,lr/detect_head.no_decay,0.0001961123110151188
452,1789021255.0038319,lr/masf.decay,9.805615550755941e-06
452,1789021255.0038319,lr/masf.no_decay,9.805615550755941e-06
452,1789021255.0038319,lr/neck.decay,7.354211663066954e-05
452,1789021255.0038319,lr/neck.no_decay,7.354211663066954e-05
452,1789021255.0038319,lr/pose_head.decay,0.0001961123110151188
452,1789021255.0038319,lr/pose_head.no_decay,0.0001961123110151188
452,1789021255.0038319,pose/component_0,1.4632797241210938
452,1789021255.0038319,pose/component_1,0.07864224910736084
452,1789021255.0038319,pose/component_2,0.1685013324022293
452,1789021255.0038319,pose/component_3,0.9341213703155518
452,1789021255.0038319,pose/component_4,0.005239359103143215
452,1789021255.0038319,pose/component_5,1.3713021278381348
453,1789021256.1619422,amp/overflow_retries,0.0
453,1789021256.1619422,amp/scale,64.0
453,1789021256.1619422,detect/component_0,1.1614195108413696
453,1789021256.1619422,detect/component_1,1.0706368684768677
453,1789021256.1619422,detect/component_2,0.007914671674370766
453,1789021256.1619422,gradient/clipped_norm,1656.7576904296875
453,1789021256.1619422,images/detect,256.0
453,1789021256.1619422,images/pose,16.0
453,1789021256.1619422,loss/backward,175.93450317382812
453,1789021256.1619422,loss/detect_mean,1.9095836877822876
453,1789021256.1619422,loss/joint_mean,2.7489766120910644
453,1789021256.1619422,loss/pose_mean,6.106548309326172
453,1789021256.1619422,lr/attention.decay,0.0
453,1789021256.1619422,lr/attention.no_decay,0.0
453,1789021256.1619422,lr/backbone.decay,0.0
453,1789021256.1619422,lr/backbone.no_decay,0.0
453,1789021256.1619422,lr/detect_head.decay,0.00019650107991360692
453,1789021256.1619422,lr/detect_head.no_decay,0.00019650107991360692
453,1789021256.1619422,lr/masf.decay,9.825053995680346e-06
453,1789021256.1619422,lr/masf.no_decay,9.825053995680346e-06
453,1789021256.1619422,lr/neck.decay,7.368790496760258e-05
453,1789021256.1619422,lr/neck.no_decay,7.368790496760258e-05
453,1789021256.1619422,lr/pose_head.decay,0.00019650107991360692
453,1789021256.1619422,lr/pose_head.no_decay,0.00019650107991360692
453,1789021256.1619422,pose/component_0,1.5366533994674683
453,1789021256.1619422,pose/component_1,0.08975952118635178
453,1789021256.1619422,pose/component_2,0.08790009468793869
453,1789021256.1619422,pose/component_3,0.7234939336776733
453,1789021256.1619422,pose/component_4,0.007151385769248009
453,1789021256.1619422,pose/component_5,2.372079610824585
454,1789021257.3258195,amp/overflow_retries,0.0
454,1789021257.3258195,amp/scale,64.0
454,1789021257.3258195,detect/component_0,1.1319854259490967
454,1789021257.3258195,detect/component_1,1.0439029932022095
454,1789021257.3258195,detect/component_2,0.007926542311906815
454,1789021257.3258195,gradient/clipped_norm,1821.7620849609375
454,1789021257.3258195,images/detect,256.0
454,1789021257.3258195,images/pose,16.0
454,1789021257.3258195,loss/backward,189.94209060668945
454,1789021257.3258195,loss/detect_mean,1.898385301232338
454,1789021257.3258195,loss/joint_mean,2.9678451657295226
454,1789021257.3258195,loss/pose_mean,7.245684623718262
454,1789021257.3258195,lr/attention.decay,0.0
454,1789021257.3258195,lr/attention.no_decay,0.0
454,1789021257.3258195,lr/backbone.decay,0.0
454,1789021257.3258195,lr/backbone.no_decay,0.0
454,1789021257.3258195,lr/detect_head.decay,0.00019688984881209505
454,1789021257.3258195,lr/detect_head.no_decay,0.00019688984881209505
454,1789021257.3258195,lr/masf.decay,9.844492440604752e-06
454,1789021257.3258195,lr/masf.no_decay,9.844492440604752e-06
454,1789021257.3258195,lr/neck.decay,7.383369330453563e-05
454,1789021257.3258195,lr/neck.no_decay,7.383369330453563e-05
454,1789021257.3258195,lr/pose_head.decay,0.00019688984881209505
454,1789021257.3258195,lr/pose_head.no_decay,0.00019688984881209505
454,1789021257.3258195,pose/component_0,1.7017180919647217
454,1789021257.3258195,pose/component_1,0.21440795063972473
454,1789021257.3258195,pose/component_2,0.05734656751155853
454,1789021257.3258195,pose/component_3,1.0418858528137207
454,1789021257.3258195,pose/component_4,0.005627315025776625
454,1789021257.3258195,pose/component_5,3.6936426162719727
455,1789021258.4982708,amp/overflow_retries,0.0
455,1789021258.4982708,amp/scale,64.0
455,1789021258.4982708,detect/component_0,1.1460378170013428
455,1789021258.4982708,detect/component_1,1.0825642347335815
455,1789021258.4982708,detect/component_2,0.008292603306472301
455,1789021258.4982708,gradient/clipped_norm,1792.0535888671875
455,1789021258.4982708,images/detect,256.0
455,1789021258.4982708,images/pose,16.0
455,1789021258.4982708,loss/backward,180.36136474609376
455,1789021258.4982708,loss/detect_mean,1.937314748764038
455,1789021258.4982708,loss/joint_mean,2.818146324157715
455,1789021258.4982708,loss/pose_mean,6.341472625732422
455,1789021258.4982708,lr/attention.decay,0.0
455,1789021258.4982708,lr/attention.no_decay,0.0
455,1789021258.4982708,lr/backbone.decay,0.0
455,1789021258.4982708,lr/backbone.no_decay,0.0
455,1789021258.4982708,lr/detect_head.decay,0.00019727861771058315
455,1789021258.4982708,lr/detect_head.no_decay,0.00019727861771058315
455,1789021258.4982708,lr/masf.decay,9.863930885529157e-06
455,1789021258.4982708,lr/masf.no_decay,9.863930885529157e-06
455,1789021258.4982708,lr/neck.decay,7.397948164146867e-05
455,1789021258.4982708,lr/neck.no_decay,7.397948164146867e-05
455,1789021258.4982708,lr/pose_head.decay,0.00019727861771058315
455,1789021258.4982708,lr/pose_head.no_decay,0.00019727861771058315
455,1789021258.4982708,pose/component_0,1.3855628967285156
455,1789021258.4982708,pose/component_1,0.07187237590551376
455,1789021258.4982708,pose/component_2,0.06377527862787247
455,1789021258.4982708,pose/component_3,0.9607291221618652
455,1789021258.4982708,pose/component_4,0.006462065503001213
455,1789021258.4982708,pose/component_5,2.270094394683838
456,1789021259.659339,amp/overflow_retries,0.0
456,1789021259.659339,amp/scale,64.0
456,1789021259.659339,detect/component_0,1.1503970623016357
456,1789021259.659339,detect/component_1,1.084352970123291
456,1789021259.659339,detect/component_2,0.0073869009502232075
456,1789021259.659339,gradient/clipped_norm,2297.37744140625
456,1789021259.659339,images/detect,256.0
456,1789021259.659339,images/pose,16.0
456,1789021259.659339,loss/backward,175.56899185180663
456,1789021259.659339,loss/detect_mean,1.9159538298845291
456,1789021259.659339,loss/joint_mean,2.7432654976844786
456,1789021259.659339,loss/pose_mean,6.052512168884277
456,1789021259.659339,lr/attention.decay,0.0
456,1789021259.659339,lr/attention.no_decay,0.0
456,1789021259.659339,lr/backbone.decay,0.0
456,1789021259.659339,lr/backbone.no_decay,0.0
456,1789021259.659339,lr/detect_head.decay,0.00019766738660907128
456,1789021259.659339,lr/detect_head.no_decay,0.00019766738660907128
456,1789021259.659339,lr/masf.decay,9.883369330453565e-06
456,1789021259.659339,lr/masf.no_decay,9.883369330453565e-06
456,1789021259.659339,lr/neck.decay,7.412526997840172e-05
456,1789021259.659339,lr/neck.no_decay,7.412526997840172e-05
456,1789021259.659339,lr/pose_head.decay,0.00019766738660907128
456,1789021259.659339,lr/pose_head.no_decay,0.00019766738660907128
456,1789021259.659339,pose/component_0,1.2511048316955566
456,1789021259.659339,pose/component_1,0.12180119007825851
456,1789021259.659339,pose/component_2,0.11235354095697403
456,1789021259.659339,pose/component_3,1.0382431745529175
456,1789021259.659339,pose/component_4,0.005396188702434301
456,1789021259.659339,pose/component_5,1.6483877897262573
457,1789021260.8077562,amp/overflow_retries,0.0
457,1789021260.8077562,amp/scale,64.0
457,1789021260.8077562,detect/component_0,1.1398732662200928
457,1789021260.8077562,detect/component_1,1.0159937143325806
457,1789021260.8077562,detect/component_2,0.007879240438342094
457,1789021260.8077562,gradient/clipped_norm,1143.6993408203125
457,1789021260.8077562,images/detect,256.0
457,1789021260.8077562,images/pose,16.0
457,1789021260.8077562,loss/backward,160.88056030273438
457,1789021260.8077562,loss/detect_mean,1.8755792379379272
457,1789021260.8077562,loss/joint_mean,2.5137587547302247
457,1789021260.8077562,loss/pose_mean,5.066476821899414
457,1789021260.8077562,lr/attention.decay,0.0
457,1789021260.8077562,lr/attention.no_decay,0.0
457,1789021260.8077562,lr/backbone.decay,0.0
457,1789021260.8077562,lr/backbone.no_decay,0.0
457,1789021260.8077562,lr/detect_head.decay,0.00019805615550755941
457,1789021260.8077562,lr/detect_head.no_decay,0.00019805615550755941
457,1789021260.8077562,lr/masf.decay,9.90280777537797e-06
457,1789021260.8077562,lr/masf.no_decay,9.90280777537797e-06
457,1789021260.8077562,lr/neck.decay,7.427105831533476e-05
457,1789021260.8077562,lr/neck.no_decay,7.427105831533476e-05
457,1789021260.8077562,lr/pose_head.decay,0.00019805615550755941
457,1789021260.8077562,lr/pose_head.no_decay,0.00019805615550755941
457,1789021260.8077562,pose/component_0,1.4237589836120605
457,1789021260.8077562,pose/component_1,0.08958140015602112
457,1789021260.8077562,pose/component_2,0.023032337427139282
457,1789021260.8077562,pose/component_3,0.8900127410888672
457,1789021260.8077562,pose/component_4,0.004653604235500097
457,1789021260.8077562,pose/component_5,2.2498254776000977
458,1789021261.9796216,amp/overflow_retries,0.0
458,1789021261.9796216,amp/scale,64.0
458,1789021261.9796216,detect/component_0,1.171126127243042
458,1789021261.9796216,detect/component_1,1.0468755960464478
458,1789021261.9796216,detect/component_2,0.0078166788443923
458,1789021261.9796216,gradient/clipped_norm,1013.3432006835938
458,1789021261.9796216,images/detect,256.0
458,1789021261.9796216,images/pose,16.0
458,1789021261.9796216,loss/backward,168.1342330932617
458,1789021261.9796216,loss/detect_mean,1.9017402827739716
458,1789021261.9796216,loss/joint_mean,2.6270973920822143
458,1789021261.9796216,loss/pose_mean,5.5285258293151855
458,1789021261.9796216,lr/attention.decay,0.0
458,1789021261.9796216,lr/attention.no_decay,0.0
458,1789021261.9796216,lr/backbone.decay,0.0
458,1789021261.9796216,lr/backbone.no_decay,0.0
458,1789021261.9796216,lr/detect_head.decay,0.00019844492440604752
458,1789021261.9796216,lr/detect_head.no_decay,0.00019844492440604752
458,1789021261.9796216,lr/masf.decay,9.922246220302376e-06
458,1789021261.9796216,lr/masf.no_decay,9.922246220302376e-06
458,1789021261.9796216,lr/neck.decay,7.441684665226781e-05
458,1789021261.9796216,lr/neck.no_decay,7.441684665226781e-05
458,1789021261.9796216,lr/pose_head.decay,0.00019844492440604752
458,1789021261.9796216,lr/pose_head.no_decay,0.00019844492440604752
458,1789021261.9796216,pose/component_0,1.4377955198287964
458,1789021261.9796216,pose/component_1,0.08887399733066559
458,1789021261.9796216,pose/component_2,0.087858647108078
458,1789021261.9796216,pose/component_3,0.8488609194755554
458,1789021261.9796216,pose/component_4,0.00457499036565423
458,1789021261.9796216,pose/component_5,1.8423054218292236
459,1789021263.147475,amp/overflow_retries,0.0
459,1789021263.147475,amp/scale,64.0
459,1789021263.147475,detect/component_0,1.1918383836746216
459,1789021263.147475,detect/component_1,1.0543334484100342
459,1789021263.147475,detect/component_2,0.0075390697456896305
459,1789021263.147475,gradient/clipped_norm,1042.618408203125
459,1789021263.147475,images/detect,256.0
459,1789021263.147475,images/pose,16.0
459,1789021263.147475,loss/backward,153.94048080444335
459,1789021263.147475,loss/detect_mean,1.8972332924604416
459,1789021263.147475,loss/joint_mean,2.4053200125694274
459,1789021263.147475,loss/pose_mean,4.437666893005371
459,1789021263.147475,lr/attention.decay,0.0
459,1789021263.147475,lr/attention.no_decay,0.0
459,1789021263.147475,lr/backbone.decay,0.0
459,1789021263.147475,lr/backbone.no_decay,0.0
459,1789021263.147475,lr/detect_head.decay,0.00019883369330453562
459,1789021263.147475,lr/detect_head.no_decay,0.00019883369330453562
459,1789021263.147475,lr/masf.decay,9.941684665226781e-06
459,1789021263.147475,lr/masf.no_decay,9.941684665226781e-06
459,1789021263.147475,lr/neck.decay,7.456263498920085e-05
459,1789021263.147475,lr/neck.no_decay,7.456263498920085e-05
459,1789021263.147475,lr/pose_head.decay,0.00019883369330453562
459,1789021263.147475,lr/pose_head.no_decay,0.00019883369330453562
459,1789021263.147475,pose/component_0,1.3626008033752441
459,1789021263.147475,pose/component_1,0.07969609647989273
459,1789021263.147475,pose/component_2,0.02606436237692833
459,1789021263.147475,pose/component_3,0.7977364659309387
459,1789021263.147475,pose/component_4,0.004210626240819693
459,1789021263.147475,pose/component_5,1.3854180574417114
460,1789021264.3252666,amp/overflow_retries,0.0
460,1789021264.3252666,amp/scale,64.0
460,1789021264.3252666,detect/component_0,1.100794792175293
460,1789021264.3252666,detect/component_1,1.0814611911773682
460,1789021264.3252666,detect/component_2,0.0077151767909526825
460,1789021264.3252666,gradient/clipped_norm,1147.8057861328125
460,1789021264.3252666,images/detect,256.0
460,1789021264.3252666,images/pose,16.0
460,1789021264.3252666,loss/backward,164.92353591918945
460,1789021264.3252666,loss/detect_mean,1.8599274307489395
460,1789021264.3252666,loss/joint_mean,2.576930248737335
460,1789021264.3252666,loss/pose_mean,5.444941520690918
460,1789021264.3252666,lr/attention.decay,0.0
460,1789021264.3252666,lr/attention.no_decay,0.0
460,1789021264.3252666,lr/backbone.decay,0.0
460,1789021264.3252666,lr/backbone.no_decay,0.0
460,1789021264.3252666,lr/detect_head.decay,0.00019922246220302375
460,1789021264.3252666,lr/detect_head.no_decay,0.00019922246220302375
460,1789021264.3252666,lr/masf.decay,9.961123110151188e-06
460,1789021264.3252666,lr/masf.no_decay,9.961123110151188e-06
460,1789021264.3252666,lr/neck.decay,7.47084233261339e-05
460,1789021264.3252666,lr/neck.no_decay,7.47084233261339e-05
460,1789021264.3252666,lr/pose_head.decay,0.00019922246220302375
460,1789021264.3252666,lr/pose_head.no_decay,0.00019922246220302375
460,1789021264.3252666,pose/component_0,1.1886078119277954
460,1789021264.3252666,pose/component_1,0.04541148617863655
460,1789021264.3252666,pose/component_2,0.13322481513023376
460,1789021264.3252666,pose/component_3,0.8899000883102417
460,1789021264.3252666,pose/component_4,0.0058464910835027695
460,1789021264.3252666,pose/component_5,2.478470802307129
461,1789021265.4861822,amp/overflow_retries,0.0
461,1789021265.4861822,amp/scale,64.0
461,1789021265.4861822,detect/component_0,1.1730155944824219
461,1789021265.4861822,detect/component_1,1.0866246223449707
461,1789021265.4861822,detect/component_2,0.007579362951219082
461,1789021265.4861822,gradient/clipped_norm,2249.06787109375
461,1789021265.4861822,images/detect,256.0
461,1789021265.4861822,images/pose,16.0
461,1789021265.4861822,loss/backward,187.61064071655272
461,1789021265.4861822,loss/detect_mean,1.9261151999235153
461,1789021265.4861822,loss/joint_mean,2.9314162611961363
461,1789021265.4861822,loss/pose_mean,6.952620506286621
461,1789021265.4861822,lr/attention.decay,0.0
461,1789021265.4861822,lr/attention.no_decay,0.0
461,1789021265.4861822,lr/backbone.decay,0.0
461,1789021265.4861822,lr/backbone.no_decay,0.0
461,1789021265.4861822,lr/detect_head.decay,0.00019961123110151188
461,1789021265.4861822,lr/detect_head.no_decay,0.00019961123110151188
461,1789021265.4861822,lr/masf.decay,9.980561555075594e-06
461,1789021265.4861822,lr/masf.no_decay,9.980561555075594e-06
461,1789021265.4861822,lr/neck.decay,7.485421166306694e-05
461,1789021265.4861822,lr/neck.no_decay,7.485421166306694e-05
461,1789021265.4861822,lr/pose_head.decay,0.00019961123110151188
461,1789021265.4861822,lr/pose_head.no_decay,0.00019961123110151188
461,1789021265.4861822,pose/component_0,1.2393325567245483
461,1789021265.4861822,pose/component_1,0.0720721110701561
461,1789021265.4861822,pose/component_2,0.0431356206536293
461,1789021265.4861822,pose/component_3,1.1360256671905518
461,1789021265.4861822,pose/component_4,0.005052459426224232
461,1789021265.4861822,pose/component_5,2.002626895904541
462,1789021268.2513514,amp/overflow_retries,0.0
462,1789021268.2513514,amp/scale,64.0
462,1789021268.2513514,detect/component_0,1.2704813480377197
462,1789021268.2513514,detect/component_1,1.0869784355163574
462,1789021268.2513514,detect/component_2,0.008082437328994274
462,1789021268.2513514,gradient/clipped_norm,2958.281494140625
462,1789021268.2513514,images/detect,15.0
462,1789021268.2513514,images/pose,16.0
462,1789021268.2513514,loss/backward,200.79957845052084
462,1789021268.2513514,loss/detect_mean,2.0198382059733073
462,1789021268.2513514,loss/joint_mean,3.137493413289388
462,1789021268.2513514,loss/pose_mean,7.608114242553711
462,1789021268.2513514,lr/attention.decay,0.0
462,1789021268.2513514,lr/attention.no_decay,0.0
462,1789021268.2513514,lr/backbone.decay,0.0
462,1789021268.2513514,lr/backbone.no_decay,0.0
462,1789021268.2513514,lr/detect_head.decay,0.0002
462,1789021268.2513514,lr/detect_head.no_decay,0.0002
462,1789021268.2513514,lr/masf.decay,1e-05
462,1789021268.2513514,lr/masf.no_decay,1e-05
462,1789021268.2513514,lr/neck.decay,7.5e-05
462,1789021268.2513514,lr/neck.no_decay,7.5e-05
462,1789021268.2513514,lr/pose_head.decay,0.0002
462,1789021268.2513514,lr/pose_head.no_decay,0.0002
462,1789021268.2513514,pose/component_0,1.093122124671936
462,1789021268.2513514,pose/component_1,0.06821556389331818
462,1789021268.2513514,pose/component_2,0.1780887246131897
462,1789021268.2513514,pose/component_3,0.8042147755622864
462,1789021268.2513514,pose/component_4,0.004096099175512791
462,1789021268.2513514,pose/component_5,3.2387373447418213
