path,region,format,granularity,elements,nrmse,cosine,estimated_packed_bytes,original_exact_zero_ratio,original_mean_absolute,original_maximum_absolute,original_standard_deviation,max_to_rms_proxy,quantized_zero_ratio
graph.model.0.conv,backbone_early,w8,per_output_channel,1728,0.004585222187925988,0.9999894367303274,1984,0.0,13.687975883483887,203.4578857421875,27.94068145751953,7.2817702046549115,0.016782406717538834
graph.model.0.conv,backbone_early,w7,per_output_channel,1728,0.01006171208556614,0.9999494064852221,1768,0.0,13.687975883483887,203.4578857421875,27.94068145751953,7.2817702046549115,0.04050925746560097
graph.model.0.conv,backbone_early,w6,per_output_channel,1728,0.019639761469346734,0.9998072491000225,1552,0.0,13.687975883483887,203.4578857421875,27.94068145751953,7.2817702046549115,0.08796296268701553
graph.model.0.conv,backbone_early,w5,per_output_channel,1728,0.043288560244583205,0.999062631396327,1336,0.0,13.687975883483887,203.4578857421875,27.94068145751953,7.2817702046549115,0.1840277761220932
graph.model.0.conv,backbone_early,w4,per_output_channel,1728,0.08833913635424107,0.9960905012860729,1120,0.0,13.687975883483887,203.4578857421875,27.94068145751953,7.2817702046549115,0.31307870149612427
graph.model.0.conv,backbone_early,fixed-sd4,per_output_channel,1728,0.15604648099623536,0.9877497497641483,1120,0.0,13.687975883483887,203.4578857421875,27.94068145751953,7.2817702046549115,0.03703703731298447
graph.model.0.conv,backbone_early,exact-ternary,per_tensor,1728,0.5599212326623815,0.8285459264298558,436,0.0,13.687975883483887,203.4578857421875,27.94068145751953,7.2817702046549115,0.8987268805503845
graph.model.0.conv,backbone_early,twn-v3,per_output_filter,1728,0.43157819382317875,0.9020755175989372,688,0.0,13.687975883483887,203.4578857421875,27.94068145751953,7.2817702046549115,0.5920138955116272
graph.model.0.conv,backbone_early,paper-twn-v2,per_tensor,1728,0.6833943962190674,0.7300493496240477,436,0.0,13.687975883483887,203.4578857421875,27.94068145751953,7.2817702046549115,0.6556712985038757
graph.model.1.conv,backbone_early,w8,per_output_channel,73728,0.015180130279778327,0.9998848625835708,74240,0.0,0.02330748178064823,0.5169411897659302,0.041291698813438416,12.515872446661874,0.0467393659055233
graph.model.1.conv,backbone_early,w7,per_output_channel,73728,0.030223802175681623,0.9995432223403933,65024,0.0,0.02330748178064823,0.5169411897659302,0.041291698813438416,12.515872446661874,0.0931532084941864
graph.model.1.conv,backbone_early,w6,per_output_channel,73728,0.0598857066341746,0.9982052390736413,55808,0.0,0.02330748178064823,0.5169411897659302,0.041291698813438416,12.515872446661874,0.1801079660654068
graph.model.1.conv,backbone_early,w5,per_output_channel,73728,0.11385786567649775,0.9934970119010528,46592,0.0,0.02330748178064823,0.5169411897659302,0.041291698813438416,12.515872446661874,0.3092719316482544
graph.model.1.conv,backbone_early,w4,per_output_channel,73728,0.2014789565259828,0.9794928742653167,37376,0.0,0.02330748178064823,0.5169411897659302,0.041291698813438416,12.515872446661874,0.4701198935508728
graph.model.1.conv,backbone_early,fixed-sd4,per_output_channel,73728,0.17792045863971387,0.9840448779811171,37376,0.0,0.02330748178064823,0.5169411897659302,0.041291698813438416,12.515872446661874,0.0892469584941864
graph.model.1.conv,backbone_early,exact-ternary,per_tensor,73728,0.613238800481547,0.7898976172720964,18436,0.0,0.02330748178064823,0.5169411897659302,0.041291698813438416,12.515872446661874,0.8704698085784912
graph.model.1.conv,backbone_early,twn-v3,per_output_filter,73728,0.6491550741319538,0.7606559720075636,18944,0.0,0.02330748178064823,0.5169411897659302,0.041291698813438416,12.515872446661874,0.5974799394607544
graph.model.1.conv,backbone_early,paper-twn-v2,per_tensor,73728,0.685896886245622,0.7276987852799383,18436,0.0,0.02330748178064823,0.5169411897659302,0.041291698813438416,12.515872446661874,0.594970703125
graph.model.10.cv1.conv,backbone_attention_safe,w8,per_output_channel,262144,0.013487111543537995,0.9999090888422839,264192,0.0,0.043783511966466904,1.2898530960083008,0.06277227401733398,20.531407711505707,0.02338409423828125
graph.model.10.cv1.conv,backbone_attention_safe,w7,per_output_channel,262144,0.027052503946403628,0.9996341203252459,231424,0.0,0.043783511966466904,1.2898530960083008,0.06277227401733398,20.531407711505707,0.04640960693359375
graph.model.10.cv1.conv,backbone_attention_safe,w6,per_output_channel,262144,0.053552139320377834,0.9985651568207964,198656,0.0,0.043783511966466904,1.2898530960083008,0.06277227401733398,20.531407711505707,0.08948898315429688
graph.model.10.cv1.conv,backbone_attention_safe,w5,per_output_channel,262144,0.10274300186461603,0.994708022846218,165888,0.0,0.043783511966466904,1.2898530960083008,0.06277227401733398,20.531407711505707,0.16219329833984375
graph.model.10.cv1.conv,backbone_attention_safe,w4,per_output_channel,262144,0.18082880313314373,0.9835147468927522,133120,0.0,0.043783511966466904,1.2898530960083008,0.06277227401733398,20.531407711505707,0.2557868957519531
graph.model.10.cv1.conv,backbone_attention_safe,fixed-sd4,per_output_channel,262144,0.18134603162746585,0.9834194019313766,133120,0.0,0.043783511966466904,1.2898530960083008,0.06277227401733398,20.531407711505707,0.044979095458984375
graph.model.10.cv1.conv,backbone_attention_safe,exact-ternary,per_tensor,262144,0.548746968815001,0.835988520438472,65540,0.0,0.043783511966466904,1.2898530960083008,0.06277227401733398,20.531407711505707,0.6270408630371094
graph.model.10.cv1.conv,backbone_attention_safe,twn-v3,per_output_filter,262144,0.5304476264760928,0.8477178142185754,67584,0.0,0.043783511966466904,1.2898530960083008,0.06277227401733398,20.531407711505707,0.4925651550292969
graph.model.10.cv1.conv,backbone_attention_safe,paper-twn-v2,per_tensor,262144,0.5630282796728779,0.8264376835414903,65540,0.0,0.043783511966466904,1.2898530960083008,0.06277227401733398,20.531407711505707,0.4995918273925781
graph.model.10.cv2.conv,backbone_attention_safe,w8,per_output_channel,262144,0.010576862112573438,0.9999442281828702,264192,0.0,0.020100854337215424,0.4675223231315613,0.027126675471663475,17.223197933653438,0.01727294921875
graph.model.10.cv2.conv,backbone_attention_safe,w7,per_output_channel,262144,0.02119085836148894,0.9997755090856497,231424,0.0,0.020100854337215424,0.4675223231315613,0.027126675471663475,17.223197933653438,0.033908843994140625
graph.model.10.cv2.conv,backbone_attention_safe,w6,per_output_channel,262144,0.04229457133586413,0.999105171724351,198656,0.0,0.020100854337215424,0.4675223231315613,0.027126675471663475,17.223197933653438,0.06529617309570312
graph.model.10.cv2.conv,backbone_attention_safe,w5,per_output_channel,262144,0.08172814965501302,0.9966547461308412,165888,0.0,0.020100854337215424,0.4675223231315613,0.027126675471663475,17.223197933653438,0.11848831176757812
graph.model.10.cv2.conv,backbone_attention_safe,w4,per_output_channel,262144,0.14648073709832352,0.989213548989991,133120,0.0,0.020100854337215424,0.4675223231315613,0.027126675471663475,17.223197933653438,0.19133377075195312
graph.model.10.cv2.conv,backbone_attention_safe,fixed-sd4,per_output_channel,262144,0.1842358937837284,0.9828821084623586,133120,0.0,0.020100854337215424,0.4675223231315613,0.027126675471663475,17.223197933653438,0.032329559326171875
graph.model.10.cv2.conv,backbone_attention_safe,exact-ternary,per_tensor,262144,0.5057826923083087,0.8626610310199465,65540,0.0,0.020100854337215424,0.4675223231315613,0.027126675471663475,17.223197933653438,0.5544319152832031
graph.model.10.cv2.conv,backbone_attention_safe,twn-v3,per_output_filter,262144,0.4799875340323681,0.8772753424212062,67584,0.0,0.020100854337215424,0.4675223231315613,0.027126675471663475,17.223197933653438,0.4720039367675781
graph.model.10.cv2.conv,backbone_attention_safe,paper-twn-v2,per_tensor,262144,0.5131406340492132,0.8583046126993656,65540,0.0,0.020100854337215424,0.4675223231315613,0.027126675471663475,17.223197933653438,0.46790313720703125
graph.model.10.m.0.attn.pe.conv,backbone_attention_safe,w8,per_output_channel,2304,0.003935388879907014,0.9999923507417763,3328,0.0,0.046811919659376144,1.6920435428619385,0.1208069771528244,13.845447763673619,0.0399305559694767
graph.model.10.m.0.attn.pe.conv,backbone_attention_safe,w7,per_output_channel,2304,0.009010091032732204,0.9999594250057536,3040,0.0,0.046811919659376144,1.6920435428619385,0.1208069771528244,13.845447763673619,0.0789930522441864
graph.model.10.m.0.attn.pe.conv,backbone_attention_safe,w6,per_output_channel,2304,0.01928766215623839,0.9998139623150111,2752,0.0,0.046811919659376144,1.6920435428619385,0.1208069771528244,13.845447763673619,0.1510416716337204
graph.model.10.m.0.attn.pe.conv,backbone_attention_safe,w5,per_output_channel,2304,0.040560845039014096,0.9991771476254666,2464,0.0,0.046811919659376144,1.6920435428619385,0.1208069771528244,13.845447763673619,0.2912326455116272
graph.model.10.m.0.attn.pe.conv,backbone_attention_safe,w4,per_output_channel,2304,0.08156583958333066,0.9966680321166892,2176,0.0,0.046811919659376144,1.6920435428619385,0.1208069771528244,13.845447763673619,0.5177951455116272
graph.model.10.m.0.attn.pe.conv,backbone_attention_safe,fixed-sd4,per_output_channel,2304,0.09167721410977815,0.9957888239731542,2176,0.0,0.046811919659376144,1.6920435428619385,0.1208069771528244,13.845447763673619,0.0733506977558136
graph.model.10.m.0.attn.pe.conv,backbone_attention_safe,exact-ternary,per_tensor,2304,0.561868397323726,0.8272266005513101,580,0.0,0.046811919659376144,1.6920435428619385,0.1208069771528244,13.845447763673619,0.9249131679534912
graph.model.10.m.0.attn.pe.conv,backbone_attention_safe,twn-v3,per_output_filter,2304,0.456027185275839,0.8899657755069693,1600,0.0,0.046811919659376144,1.6920435428619385,0.1208069771528244,13.845447763673619,0.7907986044883728
graph.model.10.m.0.attn.pe.conv,backbone_attention_safe,paper-twn-v2,per_tensor,2304,0.7071396252974378,0.7070740531385604,580,0.0,0.046811919659376144,1.6920435428619385,0.1208069771528244,13.845447763673619,0.7829861044883728
graph.model.10.m.0.attn.proj.conv,backbone_attention_safe,w8,per_output_channel,65536,0.008371957836569806,0.9999648747912786,66560,0.0,0.05386184900999069,1.0757570266723633,0.07017838954925537,15.32875203710892,0.0111541748046875
graph.model.10.m.0.attn.proj.conv,backbone_attention_safe,w7,per_output_channel,65536,0.01685256221034807,0.9998579309024895,58368,0.0,0.05386184900999069,1.0757570266723633,0.07017838954925537,15.32875203710892,0.02276611328125
graph.model.10.m.0.attn.proj.conv,backbone_attention_safe,w6,per_output_channel,65536,0.03379993543467819,0.9994286211390687,50176,0.0,0.05386184900999069,1.0757570266723633,0.07017838954925537,15.32875203710892,0.04571533203125
graph.model.10.m.0.attn.proj.conv,backbone_attention_safe,w5,per_output_channel,65536,0.06710110261587536,0.9977461622858548,41984,0.0,0.05386184900999069,1.0757570266723633,0.07017838954925537,15.32875203710892,0.0883636474609375
graph.model.10.m.0.attn.proj.conv,backbone_attention_safe,w4,per_output_channel,65536,0.12760204351030405,0.991825334390571,33792,0.0,0.05386184900999069,1.0757570266723633,0.07017838954925537,15.32875203710892,0.15716552734375
graph.model.10.m.0.attn.proj.conv,backbone_attention_safe,fixed-sd4,per_output_channel,65536,0.18102201877249746,0.9834790043047276,33792,0.0,0.05386184900999069,1.0757570266723633,0.07017838954925537,15.32875203710892,0.021636962890625
graph.model.10.m.0.attn.proj.conv,backbone_attention_safe,exact-ternary,per_tensor,65536,0.48212387131328116,0.8761029661231398,16388,0.0,0.05386184900999069,1.0757570266723633,0.07017838954925537,15.32875203710892,0.4994659423828125
graph.model.10.m.0.attn.proj.conv,backbone_attention_safe,twn-v3,per_output_filter,65536,0.46559532790659225,0.8849977081084613,17408,0.0,0.05386184900999069,1.0757570266723633,0.07017838954925537,15.32875203710892,0.460418701171875
graph.model.10.m.0.attn.proj.conv,backbone_attention_safe,paper-twn-v2,per_tensor,65536,0.4854622164620382,0.8742574324495194,16388,0.0,0.05386184900999069,1.0757570266723633,0.07017838954925537,15.32875203710892,0.442779541015625
graph.model.10.m.0.attn.qkv.v.conv,backbone_attention_safe,w8,per_output_channel,65536,0.008562036684393258,0.9999632996401633,66560,0.0,0.0808282271027565,1.2335659265518188,0.11036685109138489,11.176956032713415,0.0153350830078125
graph.model.10.m.0.attn.qkv.v.conv,backbone_attention_safe,w7,per_output_channel,65536,0.01722803468583587,0.9998515843181746,58368,0.0,0.0808282271027565,1.2335659265518188,0.11036685109138489,11.176956032713415,0.0305023193359375
graph.model.10.m.0.attn.qkv.v.conv,backbone_attention_safe,w6,per_output_channel,65536,0.034840625901192565,0.9993929692841724,50176,0.0,0.0808282271027565,1.2335659265518188,0.11036685109138489,11.176956032713415,0.0610504150390625
graph.model.10.m.0.attn.qkv.v.conv,backbone_attention_safe,w5,per_output_channel,65536,0.06878545495110322,0.9976315106693957,41984,0.0,0.0808282271027565,1.2335659265518188,0.11036685109138489,11.176956032713415,0.1160430908203125
graph.model.10.m.0.attn.qkv.v.conv,backbone_attention_safe,w4,per_output_channel,65536,0.1318373628965428,0.991271392836419,33792,0.0,0.0808282271027565,1.2335659265518188,0.11036685109138489,11.176956032713415,0.2046356201171875
graph.model.10.m.0.attn.qkv.v.conv,backbone_attention_safe,fixed-sd4,per_output_channel,65536,0.1790419620023306,0.9838414237955587,33792,0.0,0.0808282271027565,1.2335659265518188,0.11036685109138489,11.176956032713415,0.0282135009765625
graph.model.10.m.0.attn.qkv.v.conv,backbone_attention_safe,exact-ternary,per_tensor,65536,0.4985794582954685,0.8668440447616333,16388,0.0,0.0808282271027565,1.2335659265518188,0.11036685109138489,11.176956032713415,0.589019775390625
graph.model.10.m.0.attn.qkv.v.conv,backbone_attention_safe,twn-v3,per_output_filter,65536,0.4888730555683692,0.8723548709397889,17408,0.0,0.0808282271027565,1.2335659265518188,0.11036685109138489,11.176956032713415,0.495849609375
graph.model.10.m.0.attn.qkv.v.conv,backbone_attention_safe,paper-twn-v2,per_tensor,65536,0.5102958094312399,0.8599989347449472,16388,0.0,0.0808282271027565,1.2335659265518188,0.11036685109138489,11.176956032713415,0.4851226806640625
graph.model.10.m.0.ffn.0.conv,backbone_attention_safe,w8,per_output_channel,131072,0.008901749084325429,0.9999604503537382,133120,0.0,0.04059348627924919,0.8932243585586548,0.05351540446281433,16.681894511328018,0.01363372802734375
graph.model.10.m.0.ffn.0.conv,backbone_attention_safe,w7,per_output_channel,131072,0.017972532926688406,0.9998385008939706,116736,0.0,0.04059348627924919,0.8932243585586548,0.05351540446281433,16.681894511328018,0.02690887451171875
graph.model.10.m.0.ffn.0.conv,backbone_attention_safe,w6,per_output_channel,131072,0.03631077786640555,0.9993405600319905,100352,0.0,0.04059348627924919,0.8932243585586548,0.05351540446281433,16.681894511328018,0.05361175537109375
graph.model.10.m.0.ffn.0.conv,backbone_attention_safe,w5,per_output_channel,131072,0.07230412471154223,0.9973826262179694,83968,0.0,0.04059348627924919,0.8932243585586548,0.05351540446281433,16.681894511328018,0.104248046875
graph.model.10.m.0.ffn.0.conv,backbone_attention_safe,w4,per_output_channel,131072,0.1368655367707283,0.9905897278067785,67584,0.0,0.04059348627924919,0.8932243585586548,0.05351540446281433,16.681894511328018,0.18161773681640625
graph.model.10.m.0.ffn.0.conv,backbone_attention_safe,fixed-sd4,per_output_channel,131072,0.17962670306879636,0.9837348590729218,67584,0.0,0.04059348627924919,0.8932243585586548,0.05351540446281433,16.681894511328018,0.0250396728515625
graph.model.10.m.0.ffn.0.conv,backbone_attention_safe,exact-ternary,per_tensor,131072,0.4861080143719358,0.8738988224415657,32772,0.0,0.04059348627924919,0.8932243585586548,0.05351540446281433,16.681894511328018,0.5240097045898438
graph.model.10.m.0.ffn.0.conv,backbone_attention_safe,twn-v3,per_output_filter,131072,0.47527689540947665,0.8798362876083491,34816,0.0,0.04059348627924919,0.8932243585586548,0.05351540446281433,16.681894511328018,0.46738433837890625
graph.model.10.m.0.ffn.0.conv,backbone_attention_safe,paper-twn-v2,per_tensor,131072,0.4913456875278941,0.870964646439653,32772,0.0,0.04059348627924919,0.8932243585586548,0.05351540446281433,16.681894511328018,0.45397186279296875
graph.model.10.m.0.ffn.1.conv,backbone_attention_safe,w8,per_output_channel,131072,0.00867104773440361,0.999962371347036,132096,0.0,0.06443292647600174,1.4909276962280273,0.08511612564325333,17.51515295630319,0.0125885009765625
graph.model.10.m.0.ffn.1.conv,backbone_attention_safe,w7,per_output_channel,131072,0.01736014918422014,0.9998492515482928,115712,0.0,0.06443292647600174,1.4909276962280273,0.08511612564325333,17.51515295630319,0.0242462158203125
graph.model.10.m.0.ffn.1.conv,backbone_attention_safe,w6,per_output_channel,131072,0.03455444029550182,0.9994028180093694,99328,0.0,0.06443292647600174,1.4909276962280273,0.08511612564325333,17.51515295630319,0.047637939453125
graph.model.10.m.0.ffn.1.conv,backbone_attention_safe,w5,per_output_channel,131072,0.0667660633711586,0.9977686190189364,82944,0.0,0.06443292647600174,1.4909276962280273,0.08511612564325333,17.51515295630319,0.08863067626953125
graph.model.10.m.0.ffn.1.conv,backbone_attention_safe,w4,per_output_channel,131072,0.12241304112118642,0.9924792711168701,66560,0.0,0.06443292647600174,1.4909276962280273,0.08511612564325333,17.51515295630319,0.1528472900390625
graph.model.10.m.0.ffn.1.conv,backbone_attention_safe,fixed-sd4,per_output_channel,131072,0.18533677715014207,0.982675048487994,66560,0.0,0.06443292647600174,1.4909276962280273,0.08511612564325333,17.51515295630319,0.02303314208984375
graph.model.10.m.0.ffn.1.conv,backbone_attention_safe,exact-ternary,per_tensor,131072,0.49013648111160396,0.8716455859606567,32772,0.0,0.06443292647600174,1.4909276962280273,0.08511612564325333,17.51515295630319,0.5296859741210938
graph.model.10.m.0.ffn.1.conv,backbone_attention_safe,twn-v3,per_output_filter,131072,0.454703810636142,0.8906426782534338,33792,0.0,0.06443292647600174,1.4909276962280273,0.08511612564325333,17.51515295630319,0.45980072021484375
graph.model.10.m.0.ffn.1.conv,backbone_attention_safe,paper-twn-v2,per_tensor,131072,0.4955728091019454,0.8685663720631376,32772,0.0,0.06443292647600174,1.4909276962280273,0.08511612564325333,17.51515295630319,0.455780029296875
graph.model.13.cv1.conv,neck,w8,per_output_channel,524288,0.01335321463137189,0.9999108636820128,526336,0.0,0.058594584465026855,2.6426920890808105,0.08014053106307983,32.92672923354334,0.0211181640625
graph.model.13.cv1.conv,neck,w7,per_output_channel,524288,0.02662993681663393,0.9996452860889126,460800,0.0,0.058594584465026855,2.6426920890808105,0.08014053106307983,32.92672923354334,0.04137992858886719
graph.model.13.cv1.conv,neck,w6,per_output_channel,524288,0.052025206480420465,0.9986457545380196,395264,0.0,0.058594584465026855,2.6426920890808105,0.08014053106307983,32.92672923354334,0.07843017578125
graph.model.13.cv1.conv,neck,w5,per_output_channel,524288,0.09600344533427874,0.9953810687188459,329728,0.0,0.058594584465026855,2.6426920890808105,0.08014053106307983,32.92672923354334,0.13534164428710938
graph.model.13.cv1.conv,neck,w4,per_output_channel,524288,0.16318136163396585,0.9865960995094682,264192,0.0,0.058594584465026855,2.6426920890808105,0.08014053106307983,32.92672923354334,0.21161270141601562
graph.model.13.cv1.conv,neck,fixed-sd4,per_output_channel,524288,0.18694205103554035,0.9823709028406159,264192,0.0,0.058594584465026855,2.6426920890808105,0.08014053106307983,32.92672923354334,0.04009056091308594
graph.model.13.cv1.conv,neck,exact-ternary,per_tensor,524288,0.520714386813802,0.8537310366163375,131076,0.0,0.058594584465026855,2.6426920890808105,0.08014053106307983,32.92672923354334,0.5687999725341797
graph.model.13.cv1.conv,neck,twn-v3,per_output_filter,524288,0.4963259867822618,0.8681362305794028,133120,0.0,0.058594584465026855,2.6426920890808105,0.08014053106307983,32.92672923354334,0.47455787658691406
graph.model.13.cv1.conv,neck,paper-twn-v2,per_tensor,524288,0.5290551190892152,0.8485875580141968,131076,0.0,0.058594584465026855,2.6426920890808105,0.08014053106307983,32.92672923354334,0.4733238220214844
graph.model.13.cv2.conv,neck,w8,per_output_channel,393216,0.011989044900976558,0.9999281094996737,395264,0.0,0.05039255693554878,1.1051828861236572,0.0682617649435997,16.138342738247164,0.01820882223546505
graph.model.13.cv2.conv,neck,w7,per_output_channel,393216,0.023988996533598973,0.9997123064704247,346112,0.0,0.05039255693554878,1.1051828861236572,0.0682617649435997,16.138342738247164,0.03590647503733635
graph.model.13.cv2.conv,neck,w6,per_output_channel,393216,0.047365689803674976,0.9988775554367152,296960,0.0,0.05039255693554878,1.1051828861236572,0.0682617649435997,16.138342738247164,0.0690155029296875
graph.model.13.cv2.conv,neck,w5,per_output_channel,393216,0.08920005305459115,0.9960137724380529,247808,0.0,0.05039255693554878,1.1051828861236572,0.0682617649435997,16.138342738247164,0.12246958166360855
graph.model.13.cv2.conv,neck,w4,per_output_channel,393216,0.15550690933730466,0.9878348695224151,198656,0.0,0.05039255693554878,1.1051828861236572,0.0682617649435997,16.138342738247164,0.1948089599609375
graph.model.13.cv2.conv,neck,fixed-sd4,per_output_channel,393216,0.18595221523686323,0.9825588668079968,198656,0.0,0.05039255693554878,1.1051828861236572,0.0682617649435997,16.138342738247164,0.0343373604118824
graph.model.13.cv2.conv,neck,exact-ternary,per_tensor,393216,0.5167125589206766,0.8561588551418534,98308,0.0,0.05039255693554878,1.1051828861236572,0.0682617649435997,16.138342738247164,0.5581639409065247
graph.model.13.cv2.conv,neck,twn-v3,per_output_filter,393216,0.48805848489628073,0.8728108896692717,100352,0.0,0.05039255693554878,1.1051828861236572,0.0682617649435997,16.138342738247164,0.468841552734375
graph.model.13.cv2.conv,neck,paper-twn-v2,per_tensor,393216,0.5241200931795815,0.8516443670484921,98308,0.0,0.05039255693554878,1.1051828861236572,0.0682617649435997,16.138342738247164,0.46779122948646545
graph.model.13.m.0.cv1.conv,neck,w8,per_output_channel,32768,0.009864531962072908,0.9999513685959426,33280,0.0,0.08465077728033066,1.2169160842895508,0.11934681981801987,10.13368350394518,0.01800537109375
graph.model.13.m.0.cv1.conv,neck,w7,per_output_channel,32768,0.019872525024682997,0.9998025524150461,29184,0.0,0.08465077728033066,1.2169160842895508,0.11934681981801987,10.13368350394518,0.03546142578125
graph.model.13.m.0.cv1.conv,neck,w6,per_output_channel,32768,0.039885865064183006,0.9992041908639451,25088,0.0,0.08465077728033066,1.2169160842895508,0.11934681981801987,10.13368350394518,0.070587158203125
graph.model.13.m.0.cv1.conv,neck,w5,per_output_channel,32768,0.07850070126688968,0.9969140814607118,20992,0.0,0.08465077728033066,1.2169160842895508,0.11934681981801987,10.13368350394518,0.13177490234375
graph.model.13.m.0.cv1.conv,neck,w4,per_output_channel,32768,0.14685304582531714,0.989158309236527,16896,0.0,0.08465077728033066,1.2169160842895508,0.11934681981801987,10.13368350394518,0.22369384765625
graph.model.13.m.0.cv1.conv,neck,fixed-sd4,per_output_channel,32768,0.1802055842827224,0.9836289047682203,16896,0.0,0.08465077728033066,1.2169160842895508,0.11934681981801987,10.13368350394518,0.0341796875
graph.model.13.m.0.cv1.conv,neck,exact-ternary,per_tensor,32768,0.5410922910806532,0.8409633162702912,8196,0.0,0.08465077728033066,1.2169160842895508,0.11934681981801987,10.13368350394518,0.620697021484375
graph.model.13.m.0.cv1.conv,neck,twn-v3,per_output_filter,32768,0.5103384957336287,0.8599736908399865,8704,0.0,0.08465077728033066,1.2169160842895508,0.11934681981801987,10.13368350394518,0.483184814453125
graph.model.13.m.0.cv1.conv,neck,paper-twn-v2,per_tensor,32768,0.5546811309104384,0.8320630624450154,8196,0.0,0.08465077728033066,1.2169160842895508,0.11934681981801987,10.13368350394518,0.494659423828125
graph.model.13.m.0.cv2.conv,neck,w8,per_output_channel,32768,0.008070129985465703,0.9999675305308301,33280,0.0,0.18179106712341309,1.6281208992004395,0.23489387333393097,6.894840332156911,0.0125732421875
graph.model.13.m.0.cv2.conv,neck,w7,per_output_channel,32768,0.016298426341318544,0.9998672418028478,29184,0.0,0.18179106712341309,1.6281208992004395,0.23489387333393097,6.894840332156911,0.02490234375
graph.model.13.m.0.cv2.conv,neck,w6,per_output_channel,32768,0.032832792454375974,0.9994609061558021,25088,0.0,0.18179106712341309,1.6281208992004395,0.23489387333393097,6.894840332156911,0.049957275390625
graph.model.13.m.0.cv2.conv,neck,w5,per_output_channel,32768,0.06461365883379748,0.9979104351772937,20992,0.0,0.18179106712341309,1.6281208992004395,0.23489387333393097,6.894840332156911,0.0958251953125
graph.model.13.m.0.cv2.conv,neck,w4,per_output_channel,32768,0.12329202467197763,0.9923704984000715,16896,0.0,0.18179106712341309,1.6281208992004395,0.23489387333393097,6.894840332156911,0.165618896484375
graph.model.13.m.0.cv2.conv,neck,fixed-sd4,per_output_channel,32768,0.18140066236538402,0.983409210058371,16896,0.0,0.18179106712341309,1.6281208992004395,0.23489387333393097,6.894840332156911,0.0235595703125
graph.model.13.m.0.cv2.conv,neck,exact-ternary,per_tensor,32768,0.4714348289358598,0.8819010654105022,8196,0.0,0.18179106712341309,1.6281208992004395,0.23489387333393097,6.894840332156911,0.508056640625
graph.model.13.m.0.cv2.conv,neck,twn-v3,per_output_filter,32768,0.4662979905139984,0.8846276620880172,8704,0.0,0.18179106712341309,1.6281208992004395,0.23489387333393097,6.894840332156911,0.46722412109375
graph.model.13.m.0.cv2.conv,neck,paper-twn-v2,per_tensor,32768,0.475598448532922,0.8796624535819304,8196,0.0,0.18179106712341309,1.6281208992004395,0.23489387333393097,6.894840332156911,0.44598388671875
graph.model.13.m.0.cv3.conv,neck,w8,per_output_channel,65536,0.009178171681939778,0.9999578967450006,66560,0.0,0.0479523129761219,0.623318076133728,0.06446307897567749,9.633817589923803,0.01544189453125
graph.model.13.m.0.cv3.conv,neck,w7,per_output_channel,65536,0.01848382243298959,0.9998292372987803,58368,0.0,0.0479523129761219,0.623318076133728,0.06446307897567749,9.633817589923803,0.03045654296875
graph.model.13.m.0.cv3.conv,neck,w6,per_output_channel,65536,0.03716979289309131,0.9993089265626178,50176,0.0,0.0479523129761219,0.623318076133728,0.06446307897567749,9.633817589923803,0.0592498779296875
graph.model.13.m.0.cv3.conv,neck,w5,per_output_channel,65536,0.074234318078263,0.9972409197373361,41984,0.0,0.0479523129761219,0.623318076133728,0.06446307897567749,9.633817589923803,0.1117095947265625
graph.model.13.m.0.cv3.conv,neck,w4,per_output_channel,65536,0.13999512810146297,0.9901522371761539,33792,0.0,0.0479523129761219,0.623318076133728,0.06446307897567749,9.633817589923803,0.19586181640625
graph.model.13.m.0.cv3.conv,neck,fixed-sd4,per_output_channel,65536,0.1798700372761906,0.9836904219144436,33792,0.0,0.0479523129761219,0.623318076133728,0.06446307897567749,9.633817589923803,0.02911376953125
graph.model.13.m.0.cv3.conv,neck,exact-ternary,per_tensor,65536,0.5096370449931269,0.8603896116180734,16388,0.0,0.0479523129761219,0.623318076133728,0.06446307897567749,9.633817589923803,0.5565185546875
graph.model.13.m.0.cv3.conv,neck,twn-v3,per_output_filter,65536,0.4901523891211222,0.8716368044468275,17408,0.0,0.0479523129761219,0.623318076133728,0.06446307897567749,9.633817589923803,0.4778594970703125
graph.model.13.m.0.cv3.conv,neck,paper-twn-v2,per_tensor,65536,0.5168828315321845,0.8560561538049192,16388,0.0,0.0479523129761219,0.623318076133728,0.06446307897567749,9.633817589923803,0.465576171875
graph.model.13.m.0.m.0.cv1.conv,neck,w8,per_output_channel,147456,0.01578245734506317,0.9998754981122944,147968,0.0,0.06533078104257584,1.7275711297988892,0.09195864200592041,18.754766593611947,0.02649603970348835
graph.model.13.m.0.m.0.cv1.conv,neck,w7,per_output_channel,147456,0.031539340461573515,0.9995025335046,129536,0.0,0.06533078104257584,1.7275711297988892,0.09195864200592041,18.754766593611947,0.0509575754404068
graph.model.13.m.0.m.0.cv1.conv,neck,w6,per_output_channel,147456,0.06132168164449524,0.9981180326850605,111104,0.0,0.06533078104257584,1.7275711297988892,0.09195864200592041,18.754766593611947,0.0977783203125
graph.model.13.m.0.m.0.cv1.conv,neck,w5,per_output_channel,147456,0.11319552494494561,0.993572666106201,92672,0.0,0.06533078104257584,1.7275711297988892,0.09195864200592041,18.754766593611947,0.1670871376991272
graph.model.13.m.0.m.0.cv1.conv,neck,w4,per_output_channel,147456,0.19082206002033356,0.981624603562814,74240,0.0,0.06533078104257584,1.7275711297988892,0.09195864200592041,18.754766593611947,0.2575344443321228
graph.model.13.m.0.m.0.cv1.conv,neck,fixed-sd4,per_output_channel,147456,0.1861795944346178,0.9825157496256706,74240,0.0,0.06533078104257584,1.7275711297988892,0.09195864200592041,18.754766593611947,0.0501776784658432
graph.model.13.m.0.m.0.cv1.conv,neck,exact-ternary,per_tensor,147456,0.5554430092295883,0.8315545771114035,36868,0.0,0.06533078104257584,1.7275711297988892,0.09195864200592041,18.754766593611947,0.5898505449295044
graph.model.13.m.0.m.0.cv1.conv,neck,twn-v3,per_output_filter,147456,0.5479579954794468,0.8365057905502095,37376,0.0,0.06533078104257584,1.7275711297988892,0.09195864200592041,18.754766593611947,0.4945271909236908
graph.model.13.m.0.m.0.cv1.conv,neck,paper-twn-v2,per_tensor,147456,0.5643808179729535,0.8255144734982061,36868,0.0,0.06533078104257584,1.7275711297988892,0.09195864200592041,18.754766593611947,0.4783257246017456
graph.model.13.m.0.m.0.cv2.conv,neck,w8,per_output_channel,147456,0.014578607768257102,0.9998937313452929,147968,0.0,0.035514041781425476,0.6763620376586914,0.04890012368559837,13.804904809944583,0.0229153111577034
graph.model.13.m.0.m.0.cv2.conv,neck,w7,per_output_channel,147456,0.02892935446832982,0.9995814984851726,129536,0.0,0.035514041781425476,0.6763620376586914,0.04890012368559837,13.804904809944583,0.0452134869992733
graph.model.13.m.0.m.0.cv2.conv,neck,w6,per_output_channel,147456,0.0565799101037761,0.9983981731891942,111104,0.0,0.035514041781425476,0.6763620376586914,0.04890012368559837,13.804904809944583,0.0848388671875
graph.model.13.m.0.m.0.cv2.conv,neck,w5,per_output_channel,147456,0.10421819715011992,0.9945545410504673,92672,0.0,0.035514041781425476,0.6763620376586914,0.04890012368559837,13.804904809944583,0.1449178010225296
graph.model.13.m.0.m.0.cv2.conv,neck,w4,per_output_channel,147456,0.1785919755119517,0.9839231806748264,74240,0.0,0.035514041781425476,0.6763620376586914,0.04890012368559837,13.804904809944583,0.2260470986366272
graph.model.13.m.0.m.0.cv2.conv,neck,fixed-sd4,per_output_channel,147456,0.1866497076740092,0.9824264792637956,74240,0.0,0.035514041781425476,0.6763620376586914,0.04890012368559837,13.804904809944583,0.0433824323117733
graph.model.13.m.0.m.0.cv2.conv,neck,exact-ternary,per_tensor,147456,0.5395685022987154,0.841941742274186,36868,0.0,0.035514041781425476,0.6763620376586914,0.04890012368559837,13.804904809944583,0.5609877109527588
graph.model.13.m.0.m.0.cv2.conv,neck,twn-v3,per_output_filter,147456,0.5289744079505297,0.8486377892173974,37376,0.0,0.035514041781425476,0.6763620376586914,0.04890012368559837,13.804904809944583,0.4845649003982544
graph.model.13.m.0.m.0.cv2.conv,neck,paper-twn-v2,per_tensor,147456,0.5464406083416328,0.8374979219838562,36868,0.0,0.035514041781425476,0.6763620376586914,0.04890012368559837,13.804904809944583,0.4668036699295044
graph.model.13.m.0.m.1.cv1.conv,neck,w8,per_output_channel,147456,0.014084617922083265,0.9999007361381459,147968,0.0,0.027609482407569885,0.5093950033187866,0.03812218829989433,13.33357746085485,0.0233900286257267
graph.model.13.m.0.m.1.cv1.conv,neck,w7,per_output_channel,147456,0.028120307912765822,0.9996044814963161,129536,0.0,0.027609482407569885,0.5093950033187866,0.03812218829989433,13.33357746085485,0.0461154505610466
graph.model.13.m.0.m.1.cv1.conv,neck,w6,per_output_channel,147456,0.05478885170270927,0.998498005941058,111104,0.0,0.027609482407569885,0.5093950033187866,0.03812218829989433,13.33357746085485,0.0863579660654068
graph.model.13.m.0.m.1.cv1.conv,neck,w5,per_output_channel,147456,0.10137175455880071,0.9948485569250869,92672,0.0,0.027609482407569885,0.5093950033187866,0.03812218829989433,13.33357746085485,0.1473185271024704
graph.model.13.m.0.m.1.cv1.conv,neck,w4,per_output_channel,147456,0.17269399172109298,0.9849754970869957,74240,0.0,0.027609482407569885,0.5093950033187866,0.03812218829989433,13.33357746085485,0.2305772602558136
graph.model.13.m.0.m.1.cv1.conv,neck,fixed-sd4,per_output_channel,147456,0.18681219524947085,0.9823955685196585,74240,0.0,0.027609482407569885,0.5093950033187866,0.03812218829989433,13.33357746085485,0.0433146171271801
graph.model.13.m.0.m.1.cv1.conv,neck,exact-ternary,per_tensor,147456,0.5375058138404293,0.8432599591405083,36868,0.0,0.027609482407569885,0.5093950033187866,0.03812218829989433,13.33357746085485,0.5749037265777588
graph.model.13.m.0.m.1.cv1.conv,neck,twn-v3,per_output_filter,147456,0.5241705899574383,0.8516132257514599,37376,0.0,0.027609482407569885,0.5093950033187866,0.03812218829989433,13.33357746085485,0.4851481020450592
graph.model.13.m.0.m.1.cv1.conv,neck,paper-twn-v2,per_tensor,147456,0.5456820633570041,0.8379922310985816,36868,0.0,0.027609482407569885,0.5093950033187866,0.03812218829989433,13.33357746085485,0.4720052182674408
graph.model.13.m.0.m.1.cv2.conv,neck,w8,per_output_channel,147456,0.013123218683384843,0.9999139122787667,147968,0.0,0.06070182844996452,0.9591203927993774,0.08194821327924728,11.700373022704197,0.02063666470348835
graph.model.13.m.0.m.1.cv2.conv,neck,w7,per_output_channel,147456,0.02622935467151187,0.9996559440520961,129536,0.0,0.06070182844996452,0.9591203927993774,0.08194821327924728,11.700373022704197,0.0409071184694767
graph.model.13.m.0.m.1.cv2.conv,neck,w6,per_output_channel,147456,0.05129337597781836,0.9986836341369209,111104,0.0,0.06070182844996452,0.9591203927993774,0.08194821327924728,11.700373022704197,0.0775078684091568
graph.model.13.m.0.m.1.cv2.conv,neck,w5,per_output_channel,147456,0.09500198303253803,0.9954770895128527,92672,0.0,0.06070182844996452,0.9591203927993774,0.08194821327924728,11.700373022704197,0.1339586079120636
graph.model.13.m.0.m.1.cv2.conv,neck,w4,per_output_channel,147456,0.16238049764083057,0.9867281983534176,74240,0.0,0.06070182844996452,0.9591203927993774,0.08194821327924728,11.700373022704197,0.2101711630821228
graph.model.13.m.0.m.1.cv2.conv,neck,fixed-sd4,per_output_channel,147456,0.1874586005333174,0.9822725477021854,74240,0.0,0.06070182844996452,0.9591203927993774,0.08194821327924728,11.700373022704197,0.0399508997797966
graph.model.13.m.0.m.1.cv2.conv,neck,exact-ternary,per_tensor,147456,0.5161757003036795,0.8564827001269257,36868,0.0,0.06070182844996452,0.9591203927993774,0.08194821327924728,11.700373022704197,0.5460747480392456
graph.model.13.m.0.m.1.cv2.conv,neck,twn-v3,per_output_filter,147456,0.5079469575216077,0.8613884744641285,37376,0.0,0.06070182844996452,0.9591203927993774,0.08194821327924728,11.700373022704197,0.4820895791053772
graph.model.13.m.0.m.1.cv2.conv,neck,paper-twn-v2,per_tensor,147456,0.52240085137929,0.8526999993430279,36868,0.0,0.06070182844996452,0.9591203927993774,0.08194821327924728,11.700373022704197,0.4616834819316864
graph.model.16.cv1.conv,neck,w8,per_output_channel,262144,0.015754514629635622,0.9998759140693507,263168,0.0,0.04589691013097763,1.6501891613006592,0.06580730527639389,25.053467673610832,0.02732086181640625
graph.model.16.cv1.conv,neck,w7,per_output_channel,262144,0.03145418374984405,0.9995052278163026,230400,0.0,0.04589691013097763,1.6501891613006592,0.06580730527639389,25.053467673610832,0.054126739501953125
graph.model.16.cv1.conv,neck,w6,per_output_channel,262144,0.0613550532863363,0.9981160116740072,197632,0.0,0.04589691013097763,1.6501891613006592,0.06580730527639389,25.053467673610832,0.1024627685546875
graph.model.16.cv1.conv,neck,w5,per_output_channel,262144,0.11308304284242184,0.9935855248784734,164864,0.0,0.04589691013097763,1.6501891613006592,0.06580730527639389,25.053467673610832,0.17398834228515625
graph.model.16.cv1.conv,neck,w4,per_output_channel,262144,0.1916342666541837,0.9814663094859359,132096,0.0,0.04589691013097763,1.6501891613006592,0.06580730527639389,25.053467673610832,0.2658042907714844
graph.model.16.cv1.conv,neck,fixed-sd4,per_output_channel,262144,0.18514745520961107,0.9827107610958924,132096,0.0,0.04589691013097763,1.6501891613006592,0.06580730527639389,25.053467673610832,0.05187225341796875
graph.model.16.cv1.conv,neck,exact-ternary,per_tensor,262144,0.5613291117495145,0.8275926438241512,65540,0.0,0.04589691013097763,1.6501891613006592,0.06580730527639389,25.053467673610832,0.6119499206542969
graph.model.16.cv1.conv,neck,twn-v3,per_output_filter,262144,0.5395113073316157,0.8419783543900229,66560,0.0,0.04589691013097763,1.6501891613006592,0.06580730527639389,25.053467673610832,0.4903144836425781
graph.model.16.cv1.conv,neck,paper-twn-v2,per_tensor,262144,0.5730026990214436,0.8195534147204052,65540,0.0,0.04589691013097763,1.6501891613006592,0.06580730527639389,25.053467673610832,0.48986053466796875
graph.model.16.cv2.conv,neck,w8,per_output_channel,98304,0.016735030114888288,0.9998599207834146,99328,0.0,0.052074942737817764,2.9282236099243164,0.08901564031839371,32.83675548127205,0.0342203788459301
graph.model.16.cv2.conv,neck,w7,per_output_channel,98304,0.03378786539087639,0.999429019251734,87040,0.0,0.052074942737817764,2.9282236099243164,0.08901564031839371,32.83675548127205,0.06884765625
graph.model.16.cv2.conv,neck,w6,per_output_channel,98304,0.06691513235521329,0.9977586810147203,74752,0.0,0.052074942737817764,2.9282236099243164,0.08901564031839371,32.83675548127205,0.1331888884305954
graph.model.16.cv2.conv,neck,w5,per_output_channel,98304,0.12718044897796935,0.9918795433384394,62464,0.0,0.052074942737817764,2.9282236099243164,0.08901564031839371,32.83675548127205,0.2378946989774704
graph.model.16.cv2.conv,neck,w4,per_output_channel,98304,0.22316664275458648,0.9747802332677244,50176,0.0,0.052074942737817764,2.9282236099243164,0.08901564031839371,32.83675548127205,0.3681233823299408
graph.model.16.cv2.conv,neck,fixed-sd4,per_output_channel,98304,0.17114374055802345,0.98524610053995,50176,0.0,0.052074942737817764,2.9282236099243164,0.08901564031839371,32.83675548127205,0.0664774551987648
graph.model.16.cv2.conv,neck,exact-ternary,per_tensor,98304,0.657942317955663,0.7530684113474343,24580,0.0,0.052074942737817764,2.9282236099243164,0.08901564031839371,32.83675548127205,0.7747802734375
graph.model.16.cv2.conv,neck,twn-v3,per_output_filter,98304,0.6498790925567123,0.7600375306146256,25600,0.0,0.052074942737817764,2.9282236099243164,0.08901564031839371,32.83675548127205,0.5388895869255066
graph.model.16.cv2.conv,neck,paper-twn-v2,per_tensor,98304,0.6884249686757826,0.7253074295168489,24580,0.0,0.052074942737817764,2.9282236099243164,0.08901564031839371,32.83675548127205,0.551605224609375
graph.model.16.m.0.cv1.conv,neck,w8,per_output_channel,8192,0.008077169054616022,0.9999674271543011,8448,0.0,0.07367321103811264,0.6481200456619263,0.10541776567697525,6.133669715247815,0.014404296875
graph.model.16.m.0.cv1.conv,neck,w7,per_output_channel,8192,0.0163417301472393,0.9998665731415377,7424,0.0,0.07367321103811264,0.6481200456619263,0.10541776567697525,6.133669715247815,0.0299072265625
graph.model.16.m.0.cv1.conv,neck,w6,per_output_channel,8192,0.033273563411163685,0.9994462393455992,6400,0.0,0.07367321103811264,0.6481200456619263,0.10541776567697525,6.133669715247815,0.0616455078125
graph.model.16.m.0.cv1.conv,neck,w5,per_output_channel,8192,0.0653536751117079,0.9978622352380446,5376,0.0,0.07367321103811264,0.6481200456619263,0.10541776567697525,6.133669715247815,0.1180419921875
graph.model.16.m.0.cv1.conv,neck,w4,per_output_channel,8192,0.12701152611492078,0.9919012365708326,4352,0.0,0.07367321103811264,0.6481200456619263,0.10541776567697525,6.133669715247815,0.21240234375
graph.model.16.m.0.cv1.conv,neck,fixed-sd4,per_output_channel,8192,0.16976067135063497,0.9854852293218271,4352,0.0,0.07367321103811264,0.6481200456619263,0.10541776567697525,6.133669715247815,0.02734375
graph.model.16.m.0.cv1.conv,neck,exact-ternary,per_tensor,8192,0.5398009349732634,0.8417926385616816,2052,0.0,0.07367321103811264,0.6481200456619263,0.10541776567697525,6.133669715247815,0.6539306640625
graph.model.16.m.0.cv1.conv,neck,twn-v3,per_output_filter,8192,0.496054693899426,0.8682913244255276,2304,0.0,0.07367321103811264,0.6481200456619263,0.10541776567697525,6.133669715247815,0.4908447265625
graph.model.16.m.0.cv1.conv,neck,paper-twn-v2,per_tensor,8192,0.5576013908141191,0.8301088416359388,2052,0.0,0.07367321103811264,0.6481200456619263,0.10541776567697525,6.133669715247815,0.5052490234375
graph.model.16.m.0.cv2.conv,neck,w8,per_output_channel,8192,0.00970853089576795,0.9999528409309447,8448,0.0,0.261455237865448,2.9988327026367188,0.3792978525161743,7.88722464987125,0.021728515625
graph.model.16.m.0.cv2.conv,neck,w7,per_output_channel,8192,0.019756594853398538,0.9998049069001076,7424,0.0,0.261455237865448,2.9988327026367188,0.3792978525161743,7.88722464987125,0.04345703125
graph.model.16.m.0.cv2.conv,neck,w6,per_output_channel,8192,0.03997850534715292,0.9992004687154428,6400,0.0,0.261455237865448,2.9988327026367188,0.3792978525161743,7.88722464987125,0.08349609375
graph.model.16.m.0.cv2.conv,neck,w5,per_output_channel,8192,0.08001882376965933,0.9967932702234252,5376,0.0,0.261455237865448,2.9988327026367188,0.3792978525161743,7.88722464987125,0.1552734375
graph.model.16.m.0.cv2.conv,neck,w4,per_output_channel,8192,0.1537960374885543,0.9881025210092317,4352,0.0,0.261455237865448,2.9988327026367188,0.3792978525161743,7.88722464987125,0.273681640625
graph.model.16.m.0.cv2.conv,neck,fixed-sd4,per_output_channel,8192,0.17217838204337635,0.9850658327999092,4352,0.0,0.261455237865448,2.9988327026367188,0.3792978525161743,7.88722464987125,0.0428466796875
graph.model.16.m.0.cv2.conv,neck,exact-ternary,per_tensor,8192,0.5668572153902341,0.8238160593150562,2052,0.0,0.261455237865448,2.9988327026367188,0.3792978525161743,7.88722464987125,0.6429443359375
graph.model.16.m.0.cv2.conv,neck,twn-v3,per_output_filter,8192,0.5474432549741116,0.8368428371696329,2304,0.0,0.261455237865448,2.9988327026367188,0.3792978525161743,7.88722464987125,0.5068359375
graph.model.16.m.0.cv2.conv,neck,paper-twn-v2,per_tensor,8192,0.5814816479094866,0.8135595520201573,2052,0.0,0.261455237865448,2.9988327026367188,0.3792978525161743,7.88722464987125,0.4979248046875
graph.model.16.m.0.cv3.conv,neck,w8,per_output_channel,16384,0.010789837629520222,0.9999417960978414,16896,0.0,0.04923272132873535,1.1868088245391846,0.08429358154535294,14.056484630663983,0.03375244140625
graph.model.16.m.0.cv3.conv,neck,w7,per_output_channel,16384,0.02182992175957652,0.9997617735638957,14848,0.0,0.04923272132873535,1.1868088245391846,0.08429358154535294,14.056484630663983,0.06695556640625
graph.model.16.m.0.cv3.conv,neck,w6,per_output_channel,16384,0.04385151504813181,0.9990380571595323,12800,0.0,0.04923272132873535,1.1868088245391846,0.08429358154535294,14.056484630663983,0.1263427734375
graph.model.16.m.0.cv3.conv,neck,w5,per_output_channel,16384,0.08675737814151813,0.996229473044016,10752,0.0,0.04923272132873535,1.1868088245391846,0.08429358154535294,14.056484630663983,0.23944091796875
graph.model.16.m.0.cv3.conv,neck,w4,per_output_channel,16384,0.16593581124385262,0.9861365567649183,8704,0.0,0.04923272132873535,1.1868088245391846,0.08429358154535294,14.056484630663983,0.394287109375
graph.model.16.m.0.cv3.conv,neck,fixed-sd4,per_output_channel,16384,0.1644967016924297,0.9863776434756222,8704,0.0,0.04923272132873535,1.1868088245391846,0.08429358154535294,14.056484630663983,0.0628662109375
graph.model.16.m.0.cv3.conv,neck,exact-ternary,per_tensor,16384,0.6126427337084775,0.7903600104740799,4100,0.0,0.04923272132873535,1.1868088245391846,0.08429358154535294,14.056484630663983,0.84368896484375
graph.model.16.m.0.cv3.conv,neck,twn-v3,per_output_filter,16384,0.6095966720187088,0.7927117572768217,4608,0.0,0.04923272132873535,1.1868088245391846,0.08429358154535294,14.056484630663983,0.5809326171875
graph.model.16.m.0.cv3.conv,neck,paper-twn-v2,per_tensor,16384,0.6701797078462067,0.7421988676838444,4100,0.0,0.04923272132873535,1.1868088245391846,0.08429358154535294,14.056484630663983,0.57861328125
graph.model.16.m.0.m.0.cv1.conv,neck,w8,per_output_channel,36864,0.01431693837738891,0.999897440604196,37120,0.0,0.17362947762012482,3.4265379905700684,0.25792014598846436,13.266720463833424,0.02899848110973835
graph.model.16.m.0.m.0.cv1.conv,neck,w7,per_output_channel,36864,0.02825670186902025,0.9996007734579055,32512,0.0,0.17362947762012482,3.4265379905700684,0.25792014598846436,13.266720463833424,0.0585666224360466
graph.model.16.m.0.m.0.cv1.conv,neck,w6,per_output_channel,36864,0.056232293578734736,0.9984176454522781,27904,0.0,0.17362947762012482,3.4265379905700684,0.25792014598846436,13.266720463833424,0.1134982630610466
graph.model.16.m.0.m.0.cv1.conv,neck,w5,per_output_channel,36864,0.107187694735103,0.9942387744925509,23296,0.0,0.17362947762012482,3.4265379905700684,0.25792014598846436,13.266720463833424,0.2036404013633728
graph.model.16.m.0.m.0.cv1.conv,neck,w4,per_output_channel,36864,0.18879085481066749,0.9820173419147012,18688,0.0,0.17362947762012482,3.4265379905700684,0.25792014598846436,13.266720463833424,0.3183322548866272
graph.model.16.m.0.m.0.cv1.conv,neck,fixed-sd4,per_output_channel,36864,0.18069835098306292,0.9835386203115716,18688,0.0,0.17362947762012482,3.4265379905700684,0.25792014598846436,13.266720463833424,0.0546875
graph.model.16.m.0.m.0.cv1.conv,neck,exact-ternary,per_tensor,36864,0.571235576725026,0.8207861874585282,9220,0.0,0.17362947762012482,3.4265379905700684,0.25792014598846436,13.266720463833424,0.6819118857383728
graph.model.16.m.0.m.0.cv1.conv,neck,twn-v3,per_output_filter,36864,0.5739521439655256,0.8188887819229491,9472,0.0,0.17362947762012482,3.4265379905700684,0.25792014598846436,13.266720463833424,0.525390625
graph.model.16.m.0.m.0.cv1.conv,neck,paper-twn-v2,per_tensor,36864,0.591439371688659,0.8063494095851969,9220,0.0,0.17362947762012482,3.4265379905700684,0.25792014598846436,13.266720463833424,0.515625
graph.model.16.m.0.m.0.cv2.conv,neck,w8,per_output_channel,36864,0.015281338144279656,0.9998833084569011,37120,0.0,0.049215834587812424,0.9809687733650208,0.07483291625976562,13.07007776248666,0.0331217460334301
graph.model.16.m.0.m.0.cv2.conv,neck,w7,per_output_channel,36864,0.03056614505517413,0.9995327854498554,32512,0.0,0.049215834587812424,0.9809687733650208,0.07483291625976562,13.07007776248666,0.0658908411860466
graph.model.16.m.0.m.0.cv2.conv,neck,w6,per_output_channel,36864,0.060323639764493904,0.9981789269162747,27904,0.0,0.049215834587812424,0.9809687733650208,0.07483291625976562,13.07007776248666,0.1247829869389534
graph.model.16.m.0.m.0.cv2.conv,neck,w5,per_output_channel,36864,0.1140909602418089,0.9934702738683655,23296,0.0,0.049215834587812424,0.9809687733650208,0.07483291625976562,13.07007776248666,0.2209743857383728
graph.model.16.m.0.m.0.cv2.conv,neck,w4,per_output_channel,36864,0.19914576352964863,0.9799698608595234,18688,0.0,0.049215834587812424,0.9809687733650208,0.07483291625976562,13.07007776248666,0.3401150107383728
graph.model.16.m.0.m.0.cv2.conv,neck,fixed-sd4,per_output_channel,36864,0.18012594843404037,0.9836435268494768,18688,0.0,0.049215834587812424,0.9809687733650208,0.07483291625976562,13.07007776248666,0.0644802525639534
graph.model.16.m.0.m.0.cv2.conv,neck,exact-ternary,per_tensor,36864,0.5894678904896223,0.8077919091613713,9220,0.0,0.049215834587812424,0.9809687733650208,0.07483291625976562,13.07007776248666,0.7105848789215088
graph.model.16.m.0.m.0.cv2.conv,neck,twn-v3,per_output_filter,36864,0.5927483602227017,0.8053877211960077,9472,0.0,0.049215834587812424,0.9809687733650208,0.07483291625976562,13.07007776248666,0.5329861044883728
graph.model.16.m.0.m.0.cv2.conv,neck,paper-twn-v2,per_tensor,36864,0.6135399131859556,0.7896637565488465,9220,0.0,0.049215834587812424,0.9809687733650208,0.07483291625976562,13.07007776248666,0.5226508378982544
graph.model.16.m.0.m.1.cv1.conv,neck,w8,per_output_channel,36864,0.015529923881921794,0.999879334754935,37120,0.0,0.05262621119618416,1.221642017364502,0.08195668458938599,14.852987558430382,0.0349663645029068
graph.model.16.m.0.m.1.cv1.conv,neck,w7,per_output_channel,36864,0.03107776271469332,0.9995169365623414,32512,0.0,0.05262621119618416,1.221642017364502,0.08195668458938599,14.852987558430382,0.0684950053691864
graph.model.16.m.0.m.1.cv1.conv,neck,w6,per_output_channel,36864,0.06108710025132493,0.9981324585985394,27904,0.0,0.05262621119618416,1.221642017364502,0.08195668458938599,14.852987558430382,0.1291775107383728
graph.model.16.m.0.m.1.cv1.conv,neck,w5,per_output_channel,36864,0.11642368893211061,0.9931996514346713,23296,0.0,0.05262621119618416,1.221642017364502,0.08195668458938599,14.852987558430382,0.2273762971162796
graph.model.16.m.0.m.1.cv1.conv,neck,w4,per_output_channel,36864,0.20383872175817766,0.9790044330378288,18688,0.0,0.05262621119618416,1.221642017364502,0.08195668458938599,14.852987558430382,0.3521592915058136
graph.model.16.m.0.m.1.cv1.conv,neck,fixed-sd4,per_output_channel,36864,0.17934136925877853,0.9837868889634079,18688,0.0,0.05262621119618416,1.221642017364502,0.08195668458938599,14.852987558430382,0.0671929270029068
graph.model.16.m.0.m.1.cv1.conv,neck,exact-ternary,per_tensor,36864,0.6066503785125674,0.7949687241498937,9220,0.0,0.05262621119618416,1.221642017364502,0.08195668458938599,14.852987558430382,0.7316623330116272
graph.model.16.m.0.m.1.cv1.conv,neck,twn-v3,per_output_filter,36864,0.6070331977847814,0.7946764152830268,9472,0.0,0.05262621119618416,1.221642017364502,0.08195668458938599,14.852987558430382,0.5349663496017456
graph.model.16.m.0.m.1.cv1.conv,neck,paper-twn-v2,per_tensor,36864,0.632517092540709,0.7745463024745767,9220,0.0,0.05262621119618416,1.221642017364502,0.08195668458938599,14.852987558430382,0.5285102128982544
graph.model.16.m.0.m.1.cv2.conv,neck,w8,per_output_channel,36864,0.0152451981938424,0.9998838130285539,37120,0.0,0.12697596848011017,2.3613200187683105,0.21217021346092224,11.12550954176502,0.0386284738779068
graph.model.16.m.0.m.1.cv2.conv,neck,w7,per_output_channel,36864,0.030299485560490586,0.9995409441956024,32512,0.0,0.12697596848011017,2.3613200187683105,0.21217021346092224,11.12550954176502,0.0761990025639534
graph.model.16.m.0.m.1.cv2.conv,neck,w6,per_output_channel,36864,0.06065064039584984,0.9981591589927519,27904,0.0,0.12697596848011017,2.3613200187683105,0.21217021346092224,11.12550954176502,0.1481119841337204
graph.model.16.m.0.m.1.cv2.conv,neck,w5,per_output_channel,36864,0.1164249298006552,0.9931995372151362,23296,0.0,0.12697596848011017,2.3613200187683105,0.21217021346092224,11.12550954176502,0.2633463442325592
graph.model.16.m.0.m.1.cv2.conv,neck,w4,per_output_channel,36864,0.20930952841511008,0.977849427538574,18688,0.0,0.12697596848011017,2.3613200187683105,0.21217021346092224,11.12550954176502,0.40478515625
graph.model.16.m.0.m.1.cv2.conv,neck,fixed-sd4,per_output_channel,36864,0.1773284488932701,0.9841517875244833,18688,0.0,0.12697596848011017,2.3613200187683105,0.21217021346092224,11.12550954176502,0.0736490860581398
graph.model.16.m.0.m.1.cv2.conv,neck,exact-ternary,per_tensor,36864,0.6276075838163833,0.7785298032283475,9220,0.0,0.12697596848011017,2.3613200187683105,0.21217021346092224,11.12550954176502,0.8199869990348816
graph.model.16.m.0.m.1.cv2.conv,neck,twn-v3,per_output_filter,36864,0.6361688294610404,0.771549858186693,9472,0.0,0.12697596848011017,2.3613200187683105,0.21217021346092224,11.12550954176502,0.5604655146598816
graph.model.16.m.0.m.1.cv2.conv,neck,paper-twn-v2,per_tensor,36864,0.6714007876784137,0.7410944985717663,9220,0.0,0.12697596848011017,2.3613200187683105,0.21217021346092224,11.12550954176502,0.5554470419883728
graph.model.16.p3_masf.context.dw3.conv,masf,w8,per_output_channel,2304,0.002318523315120932,0.999997370394154,3328,0.0,1.5447354316711426,11.311084747314453,2.0861454010009766,5.421989043590226,0.00434027798473835
graph.model.16.p3_masf.context.dw3.conv,masf,w7,per_output_channel,2304,0.005219178536008245,0.9999864136286979,3040,0.0,1.5447354316711426,11.311084747314453,2.0861454010009766,5.421989043590226,0.00737847201526165
graph.model.16.p3_masf.context.dw3.conv,masf,w6,per_output_channel,2304,0.011370734323200106,0.9999352317696544,2752,0.0,1.5447354316711426,11.311084747314453,2.0861454010009766,5.421989043590226,0.013888888992369175
graph.model.16.p3_masf.context.dw3.conv,masf,w5,per_output_channel,2304,0.023986414316836048,0.9997123580438915,2464,0.0,1.5447354316711426,11.311084747314453,2.0861454010009766,5.421989043590226,0.02690972201526165
graph.model.16.p3_masf.context.dw3.conv,masf,w4,per_output_channel,2304,0.05441709724813563,0.9985183875712239,2176,0.0,1.5447354316711426,11.311084747314453,2.0861454010009766,5.421989043590226,0.0594618059694767
graph.model.16.p3_masf.context.dw3.conv,masf,fixed-sd4,per_output_channel,2304,0.13873459533415905,0.9903296768242644,2176,0.0,1.5447354316711426,11.311084747314453,2.0861454010009766,5.421989043590226,0.005642361007630825
graph.model.16.p3_masf.context.dw3.conv,masf,exact-ternary,per_tensor,2304,0.5095226344539683,0.8604572675776883,580,0.0,1.5447354316711426,11.311084747314453,2.0861454010009766,5.421989043590226,0.6011284589767456
graph.model.16.p3_masf.context.dw3.conv,masf,twn-v3,per_output_filter,2304,0.3493456441143418,0.9369939798798158,1600,0.0,1.5447354316711426,11.311084747314453,2.0861454010009766,5.421989043590226,0.3650173544883728
graph.model.16.p3_masf.context.dw3.conv,masf,paper-twn-v2,per_tensor,2304,0.5195002173301757,0.8544703179127484,580,0.0,1.5447354316711426,11.311084747314453,2.0861454010009766,5.421989043590226,0.4709201455116272
graph.model.16.p3_masf.context.dw5.conv,masf,w8,per_output_channel,6400,0.0034792993427334466,0.9999940042695343,7424,0.0,0.8478807806968689,5.903888702392578,1.1247838735580444,5.246890531759232,0.005625000223517418
graph.model.16.p3_masf.context.dw5.conv,masf,w7,per_output_channel,6400,0.007214072219639655,0.9999739680250171,6624,0.0,0.8478807806968689,5.903888702392578,1.1247838735580444,5.246890531759232,0.009687500074505806
graph.model.16.p3_masf.context.dw5.conv,masf,w6,per_output_channel,6400,0.015048681407346252,0.9998867077584453,5824,0.0,0.8478807806968689,5.903888702392578,1.1247838735580444,5.246890531759232,0.018281249329447746
graph.model.16.p3_masf.context.dw5.conv,masf,w5,per_output_channel,6400,0.031353764082219154,0.9995083512331439,5024,0.0,0.8478807806968689,5.903888702392578,1.1247838735580444,5.246890531759232,0.039531249552965164
graph.model.16.p3_masf.context.dw5.conv,masf,w4,per_output_channel,6400,0.06695759784381013,0.9977558084306802,4224,0.0,0.8478807806968689,5.903888702392578,1.1247838735580444,5.246890531759232,0.07906249910593033
graph.model.16.p3_masf.context.dw5.conv,masf,fixed-sd4,per_output_channel,6400,0.1563636858585769,0.9876995740546632,4224,0.0,0.8478807806968689,5.903888702392578,1.1247838735580444,5.246890531759232,0.008437500335276127
graph.model.16.p3_masf.context.dw5.conv,masf,exact-ternary,per_tensor,6400,0.48958037259543913,0.8719582094502768,1604,0.0,0.8478807806968689,5.903888702392578,1.1247838735580444,5.246890531759232,0.5503125190734863
graph.model.16.p3_masf.context.dw5.conv,masf,twn-v3,per_output_filter,6400,0.36714855821676295,0.9301623090271677,2624,0.0,0.8478807806968689,5.903888702392578,1.1247838735580444,5.246890531759232,0.38234373927116394
graph.model.16.p3_masf.context.dw5.conv,masf,paper-twn-v2,per_tensor,6400,0.4962560167049921,0.8681762817951921,1604,0.0,0.8478807806968689,5.903888702392578,1.1247838735580444,5.246890531759232,0.4632812440395355
graph.model.16.p3_masf.context.project.conv,masf,w8,per_output_channel,65536,0.00743903430275016,0.9999722784642385,66560,0.0,0.042279817163944244,0.46818387508392334,0.052138347178697586,8.767715897543582,0.00994873046875
graph.model.16.p3_masf.context.project.conv,masf,w7,per_output_channel,65536,0.015036871320193749,0.9998868613901966,58368,0.0,0.042279817163944244,0.46818387508392334,0.052138347178697586,8.767715897543582,0.0192108154296875
graph.model.16.p3_masf.context.project.conv,masf,w6,per_output_channel,65536,0.030285241433123913,0.999541241427485,50176,0.0,0.042279817163944244,0.46818387508392334,0.052138347178697586,8.767715897543582,0.038787841796875
graph.model.16.p3_masf.context.project.conv,masf,w5,per_output_channel,65536,0.060489097774252425,0.9981688543103686,41984,0.0,0.042279817163944244,0.46818387508392334,0.052138347178697586,8.767715897543582,0.0757293701171875
graph.model.16.p3_masf.context.project.conv,masf,w4,per_output_channel,65536,0.115805781265957,0.9932718574236526,33792,0.0,0.042279817163944244,0.46818387508392334,0.052138347178697586,8.767715897543582,0.1362152099609375
graph.model.16.p3_masf.context.project.conv,masf,fixed-sd4,per_output_channel,65536,0.18215182312984612,0.9832703964340953,33792,0.0,0.042279817163944244,0.46818387508392334,0.052138347178697586,8.767715897543582,0.018463134765625
graph.model.16.p3_masf.context.project.conv,masf,exact-ternary,per_tensor,65536,0.4517617895692266,0.8921385861560214,16388,0.0,0.042279817163944244,0.46818387508392334,0.052138347178697586,8.767715897543582,0.4550018310546875
graph.model.16.p3_masf.context.project.conv,masf,twn-v3,per_output_filter,65536,0.4376435826509893,0.8991484478412942,17408,0.0,0.042279817163944244,0.46818387508392334,0.052138347178697586,8.767715897543582,0.440704345703125
graph.model.16.p3_masf.context.project.conv,masf,paper-twn-v2,per_tensor,65536,0.453173002870062,0.8914226103801668,16388,0.0,0.042279817163944244,0.46818387508392334,0.052138347178697586,8.767715897543582,0.4215087890625
graph.model.17.conv,neck,w8,per_output_channel,589824,0.018004776316736363,0.9998379372893793,590848,0.0,0.021702691912651062,0.4750469923019409,0.031709764152765274,14.976920176782851,0.0326266810297966
graph.model.17.conv,neck,w7,per_output_channel,589824,0.03553212010206013,0.9993685223470784,517120,0.0,0.021702691912651062,0.4750469923019409,0.031709764152765274,14.976920176782851,0.0635121688246727
graph.model.17.conv,neck,w6,per_output_channel,589824,0.06791084903253126,0.9976914069505811,443392,0.0,0.021702691912651062,0.4750469923019409,0.031709764152765274,14.976920176782851,0.1166127547621727
graph.model.17.conv,neck,w5,per_output_channel,589824,0.1225414656367913,0.9924634222050635,369664,0.0,0.021702691912651062,0.4750469923019409,0.031709764152765274,14.976920176782851,0.1953125
graph.model.17.conv,neck,w4,per_output_channel,589824,0.2069685032095523,0.9783475767573098,295936,0.0,0.021702691912651062,0.4750469923019409,0.031709764152765274,14.976920176782851,0.2970360517501831
graph.model.17.conv,neck,fixed-sd4,per_output_channel,589824,0.18716817154507726,0.9823278338088988,295936,0.0,0.021702691912651062,0.4750469923019409,0.031709764152765274,14.976920176782851,0.0614708811044693
graph.model.17.conv,neck,exact-ternary,per_tensor,589824,0.583140179453676,0.8123716109510166,147460,0.0,0.021702691912651062,0.4750469923019409,0.031709764152765274,14.976920176782851,0.6230519413948059
graph.model.17.conv,neck,twn-v3,per_output_filter,589824,0.5757266639780938,0.8176422408967448,148480,0.0,0.021702691912651062,0.4750469923019409,0.031709764152765274,14.976920176782851,0.5031569004058838
graph.model.17.conv,neck,paper-twn-v2,per_tensor,589824,0.5946717136049955,0.8039685949153262,147460,0.0,0.021702691912651062,0.4750469923019409,0.031709764152765274,14.976920176782851,0.4914991557598114
graph.model.19.cv1.conv,neck,w8,per_output_channel,393216,0.011921795983443883,0.9999288736437161,395264,0.0,0.08360401540994644,1.6761622428894043,0.11811955273151398,14.173909263600462,0.02373250387609005
graph.model.19.cv1.conv,neck,w7,per_output_channel,393216,0.023794138960019487,0.9997167501801938,346112,0.0,0.08360401540994644,1.6761622428894043,0.11811955273151398,14.173909263600462,0.04691823199391365
graph.model.19.cv1.conv,neck,w6,per_output_channel,393216,0.04690223927860053,0.9988994528795369,296960,0.0,0.08360401540994644,1.6761622428894043,0.11811955273151398,14.173909263600462,0.0898386612534523
graph.model.19.cv1.conv,neck,w5,per_output_channel,393216,0.08879621010295943,0.9960498556840676,247808,0.0,0.08360401540994644,1.6761622428894043,0.11811955273151398,14.173909263600462,0.15863037109375
graph.model.19.cv1.conv,neck,w4,per_output_channel,393216,0.15639313804152263,0.9876948922862365,198656,0.0,0.08360401540994644,1.6761622428894043,0.11811955273151398,14.173909263600462,0.2507120668888092
graph.model.19.cv1.conv,neck,fixed-sd4,per_output_channel,393216,0.18547643572721714,0.9826486389692854,198656,0.0,0.08360401540994644,1.6761622428894043,0.11811955273151398,14.173909263600462,0.04478200152516365
graph.model.19.cv1.conv,neck,exact-ternary,per_tensor,393216,0.526691878852628,0.8500562368350998,98308,0.0,0.08360401540994644,1.6761622428894043,0.11811955273151398,14.173909263600462,0.6340077519416809
graph.model.19.cv1.conv,neck,twn-v3,per_output_filter,393216,0.5123588910024075,0.8587714158099108,100352,0.0,0.08360401540994644,1.6761622428894043,0.11811955273151398,14.173909263600462,0.49834442138671875
graph.model.19.cv1.conv,neck,paper-twn-v2,per_tensor,393216,0.5430591441196356,0.839694408336853,98308,0.0,0.08360401540994644,1.6761622428894043,0.11811955273151398,14.173909263600462,0.5024592280387878
graph.model.19.cv2.conv,neck,w8,per_output_channel,393216,0.020767367425010785,0.9997842901224308,395264,0.0,0.03735477849841118,2.704580307006836,0.06218966841697693,43.405174011136516,0.04290771484375
graph.model.19.cv2.conv,neck,w7,per_output_channel,393216,0.04134960024859195,0.9991447631997158,346112,0.0,0.03735477849841118,2.704580307006836,0.06218966841697693,43.405174011136516,0.08477020263671875
graph.model.19.cv2.conv,neck,w6,per_output_channel,393216,0.0813610502242647,0.9966846416303261,296960,0.0,0.03735477849841118,2.704580307006836,0.06218966841697693,43.405174011136516,0.1600443571805954
graph.model.19.cv2.conv,neck,w5,per_output_channel,393216,0.14996417352390046,0.9886914403301775,247808,0.0,0.03735477849841118,2.704580307006836,0.06218966841697693,43.405174011136516,0.27029672265052795
graph.model.19.cv2.conv,neck,w4,per_output_channel,393216,0.24530544321666325,0.9694458543607597,198656,0.0,0.03735477849841118,2.704580307006836,0.06218966841697693,43.405174011136516,0.39624276757240295
graph.model.19.cv2.conv,neck,fixed-sd4,per_output_channel,393216,0.17789056367544573,0.9840503493286469,198656,0.0,0.03735477849841118,2.704580307006836,0.06218966841697693,43.405174011136516,0.08137258142232895
graph.model.19.cv2.conv,neck,exact-ternary,per_tensor,393216,0.6464711281783719,0.7629384034953909,98308,0.0,0.03735477849841118,2.704580307006836,0.06218966841697693,43.405174011136516,0.7687504887580872
graph.model.19.cv2.conv,neck,twn-v3,per_output_filter,393216,0.6465049857429821,0.7629097609871475,100352,0.0,0.03735477849841118,2.704580307006836,0.06218966841697693,43.405174011136516,0.5380885004997253
graph.model.19.cv2.conv,neck,paper-twn-v2,per_tensor,393216,0.6761810511535943,0.7367355197354334,98308,0.0,0.03735477849841118,2.704580307006836,0.06218966841697693,43.405174011136516,0.5448557734489441
graph.model.19.m.0.cv1.conv,neck,w8,per_output_channel,32768,0.009268640749660516,0.9999570936918771,33280,0.0,0.037458471953868866,0.3730841279029846,0.05273694545030594,7.043705126362218,0.017608642578125
graph.model.19.m.0.cv1.conv,neck,w7,per_output_channel,32768,0.018762955977146455,0.999824044430399,29184,0.0,0.037458471953868866,0.3730841279029846,0.05273694545030594,7.043705126362218,0.035125732421875
graph.model.19.m.0.cv1.conv,neck,w6,per_output_channel,32768,0.03732302132798367,0.9993033416881415,25088,0.0,0.037458471953868866,0.3730841279029846,0.05273694545030594,7.043705126362218,0.07080078125
graph.model.19.m.0.cv1.conv,neck,w5,per_output_channel,32768,0.0738122040332749,0.9972721541578604,20992,0.0,0.037458471953868866,0.3730841279029846,0.05273694545030594,7.043705126362218,0.133270263671875
graph.model.19.m.0.cv1.conv,neck,w4,per_output_channel,32768,0.13835413667837074,0.9903828632678338,16896,0.0,0.037458471953868866,0.3730841279029846,0.05273694545030594,7.043705126362218,0.22930908203125
graph.model.19.m.0.cv1.conv,neck,fixed-sd4,per_output_channel,32768,0.17889394574956188,0.9838683830046147,16896,0.0,0.037458471953868866,0.3730841279029846,0.05273694545030594,7.043705126362218,0.033355712890625
graph.model.19.m.0.cv1.conv,neck,exact-ternary,per_tensor,32768,0.5318359990555283,0.8468474324498305,8196,0.0,0.037458471953868866,0.3730841279029846,0.05273694545030594,7.043705126362218,0.63177490234375
graph.model.19.m.0.cv1.conv,neck,twn-v3,per_output_filter,32768,0.509196309282415,0.8606505731598268,8704,0.0,0.037458471953868866,0.3730841279029846,0.05273694545030594,7.043705126362218,0.495269775390625
graph.model.19.m.0.cv1.conv,neck,paper-twn-v2,per_tensor,32768,0.5478710794416809,0.8365627028654233,8196,0.0,0.037458471953868866,0.3730841279029846,0.05273694545030594,7.043705126362218,0.49847412109375
graph.model.19.m.0.cv2.conv,neck,w8,per_output_channel,32768,0.014299747400041913,0.9998977596126195,33280,0.0,0.0971040427684784,2.991492748260498,0.14632031321525574,20.389486522453293,0.02740478515625
graph.model.19.m.0.cv2.conv,neck,w7,per_output_channel,32768,0.02893362298787218,0.9995813234249326,29184,0.0,0.0971040427684784,2.991492748260498,0.14632031321525574,20.389486522453293,0.054931640625
graph.model.19.m.0.cv2.conv,neck,w6,per_output_channel,32768,0.057708055877073845,0.9983334710640246,25088,0.0,0.0971040427684784,2.991492748260498,0.14632031321525574,20.389486522453293,0.106719970703125
graph.model.19.m.0.cv2.conv,neck,w5,per_output_channel,32768,0.11328122512728113,0.9935629520558897,20992,0.0,0.0971040427684784,2.991492748260498,0.14632031321525574,20.389486522453293,0.203033447265625
graph.model.19.m.0.cv2.conv,neck,w4,per_output_channel,32768,0.20951127416869153,0.9778062907707857,16896,0.0,0.0971040427684784,2.991492748260498,0.14632031321525574,20.389486522453293,0.330322265625
graph.model.19.m.0.cv2.conv,neck,fixed-sd4,per_output_channel,32768,0.17121944254921137,0.9852327806649797,16896,0.0,0.0971040427684784,2.991492748260498,0.14632031321525574,20.389486522453293,0.05303955078125
graph.model.19.m.0.cv2.conv,neck,exact-ternary,per_tensor,32768,0.613799909639643,0.7894616613029076,8196,0.0,0.0971040427684784,2.991492748260498,0.14632031321525574,20.389486522453293,0.645904541015625
graph.model.19.m.0.cv2.conv,neck,twn-v3,per_output_filter,32768,0.6081920980035299,0.7937898789516508,8704,0.0,0.0971040427684784,2.991492748260498,0.14632031321525574,20.389486522453293,0.50885009765625
graph.model.19.m.0.cv2.conv,neck,paper-twn-v2,per_tensor,32768,0.6264094944970616,0.7794941320747277,8196,0.0,0.0971040427684784,2.991492748260498,0.14632031321525574,20.389486522453293,0.49664306640625
graph.model.19.m.0.cv3.conv,neck,w8,per_output_channel,65536,0.014718532343361101,0.9998916168167283,66560,0.0,0.04960639774799347,1.5035576820373535,0.08353228867053986,17.958121450747434,0.0396575927734375
graph.model.19.m.0.cv3.conv,neck,w7,per_output_channel,65536,0.029579921581964392,0.9995624754313972,58368,0.0,0.04960639774799347,1.5035576820373535,0.08353228867053986,17.958121450747434,0.0779876708984375
graph.model.19.m.0.cv3.conv,neck,w6,per_output_channel,65536,0.0590867486507168,0.9982528763690354,50176,0.0,0.04960639774799347,1.5035576820373535,0.08353228867053986,17.958121450747434,0.1511993408203125
graph.model.19.m.0.cv3.conv,neck,w5,per_output_channel,65536,0.11538170595184818,0.9933212034243222,41984,0.0,0.04960639774799347,1.5035576820373535,0.08353228867053986,17.958121450747434,0.27655029296875
graph.model.19.m.0.cv3.conv,neck,w4,per_output_channel,65536,0.20932790107654062,0.977845474349761,33792,0.0,0.04960639774799347,1.5035576820373535,0.08353228867053986,17.958121450747434,0.430816650390625
graph.model.19.m.0.cv3.conv,neck,fixed-sd4,per_output_channel,65536,0.16780519030040505,0.9858201311266745,33792,0.0,0.04960639774799347,1.5035576820373535,0.08353228867053986,17.958121450747434,0.0760650634765625
graph.model.19.m.0.cv3.conv,neck,exact-ternary,per_tensor,65536,0.6357725784589254,0.7718764068233425,16388,0.0,0.04960639774799347,1.5035576820373535,0.08353228867053986,17.958121450747434,0.8177490234375
graph.model.19.m.0.cv3.conv,neck,twn-v3,per_output_filter,65536,0.6494561392729618,0.7603991425671617,17408,0.0,0.04960639774799347,1.5035576820373535,0.08353228867053986,17.958121450747434,0.570037841796875
graph.model.19.m.0.cv3.conv,neck,paper-twn-v2,per_tensor,65536,0.6760220992101248,0.7368814158476767,16388,0.0,0.04960639774799347,1.5035576820373535,0.08353228867053986,17.958121450747434,0.5563507080078125
graph.model.19.m.0.m.0.cv1.conv,neck,w8,per_output_channel,147456,0.015608831060638094,0.9998781943247683,147968,0.0,0.10256209969520569,1.9202032089233398,0.1469753533601761,13.046792936971999,0.02991400845348835
graph.model.19.m.0.m.0.cv1.conv,neck,w7,per_output_channel,147456,0.03100210629069181,0.9995193392860835,129536,0.0,0.10256209969520569,1.9202032089233398,0.1469753533601761,13.046792936971999,0.0600043386220932
graph.model.19.m.0.m.0.cv1.conv,neck,w6,per_output_channel,147456,0.060389554265176094,0.9981748307720597,111104,0.0,0.10256209969520569,1.9202032089233398,0.1469753533601761,13.046792936971999,0.1120469868183136
graph.model.19.m.0.m.0.cv1.conv,neck,w5,per_output_channel,147456,0.11131198581207243,0.9937855782963892,92672,0.0,0.10256209969520569,1.9202032089233398,0.1469753533601761,13.046792936971999,0.1909925639629364
graph.model.19.m.0.m.0.cv1.conv,neck,w4,per_output_channel,147456,0.1880705580282805,0.9821555466658275,74240,0.0,0.10256209969520569,1.9202032089233398,0.1469753533601761,13.046792936971999,0.2868923544883728
graph.model.19.m.0.m.0.cv1.conv,neck,fixed-sd4,per_output_channel,147456,0.18554782164436973,0.9826352892421079,74240,0.0,0.10256209969520569,1.9202032089233398,0.1469753533601761,13.046792936971999,0.0575154609978199
graph.model.19.m.0.m.0.cv1.conv,neck,exact-ternary,per_tensor,147456,0.5550031452187159,0.831848210062708,36868,0.0,0.10256209969520569,1.9202032089233398,0.1469753533601761,13.046792936971999,0.6274617314338684
graph.model.19.m.0.m.0.cv1.conv,neck,twn-v3,per_output_filter,147456,0.5430896958308962,0.8396747111231082,37376,0.0,0.10256209969520569,1.9202032089233398,0.1469753533601761,13.046792936971999,0.49835205078125
graph.model.19.m.0.m.0.cv1.conv,neck,paper-twn-v2,per_tensor,147456,0.5685465308189585,0.8226511292833055,36868,0.0,0.10256209969520569,1.9202032089233398,0.1469753533601761,13.046792936971999,0.4953884482383728
graph.model.19.m.0.m.0.cv2.conv,neck,w8,per_output_channel,147456,0.018172173819557987,0.9998348235011135,147968,0.0,0.032675061374902725,0.7123281955718994,0.048642367124557495,14.612218405836321,0.0374552421271801
graph.model.19.m.0.m.0.cv2.conv,neck,w7,per_output_channel,147456,0.03602210700265744,0.9993510691432118,129536,0.0,0.032675061374902725,0.7123281955718994,0.048642367124557495,14.612218405836321,0.0731743723154068
graph.model.19.m.0.m.0.cv2.conv,neck,w6,per_output_channel,147456,0.07008776110885624,0.9975407829680513,111104,0.0,0.032675061374902725,0.7123281955718994,0.048642367124557495,14.612218405836321,0.1355997771024704
graph.model.19.m.0.m.0.cv2.conv,neck,w5,per_output_channel,147456,0.12870669387354794,0.9916826643004996,92672,0.0,0.032675061374902725,0.7123281955718994,0.048642367124557495,14.612218405836321,0.2274305522441864
graph.model.19.m.0.m.0.cv2.conv,neck,w4,per_output_channel,147456,0.21692159591624188,0.9761889263093279,74240,0.0,0.032675061374902725,0.7123281955718994,0.048642367124557495,14.612218405836321,0.3394436240196228
graph.model.19.m.0.m.0.cv2.conv,neck,fixed-sd4,per_output_channel,147456,0.18404945149359042,0.9829169865690297,74240,0.0,0.032675061374902725,0.7123281955718994,0.048642367124557495,14.612218405836321,0.0694376602768898
graph.model.19.m.0.m.0.cv2.conv,neck,exact-ternary,per_tensor,147456,0.5898668467754178,0.8075005036473499,36868,0.0,0.032675061374902725,0.7123281955718994,0.048642367124557495,14.612218405836321,0.6612955927848816
graph.model.19.m.0.m.0.cv2.conv,neck,twn-v3,per_output_filter,147456,0.5869529765631055,0.8096209707112648,37376,0.0,0.032675061374902725,0.7123281955718994,0.048642367124557495,14.612218405836321,0.5129801630973816
graph.model.19.m.0.m.0.cv2.conv,neck,paper-twn-v2,per_tensor,147456,0.6055443713045255,0.7958115445137811,36868,0.0,0.032675061374902725,0.7123281955718994,0.048642367124557495,14.612218405836321,0.5064154863357544
graph.model.19.m.0.m.1.cv1.conv,neck,w8,per_output_channel,147456,0.02165253292772567,0.9997654024142173,147968,0.0,0.044864870607852936,2.2533063888549805,0.07125810533761978,31.55905449956687,0.0445421002805233
graph.model.19.m.0.m.1.cv1.conv,neck,w7,per_output_channel,147456,0.04301764786381059,0.999074363823901,129536,0.0,0.044864870607852936,2.2533063888549805,0.07125810533761978,31.55905449956687,0.0870768204331398
graph.model.19.m.0.m.1.cv1.conv,neck,w6,per_output_channel,147456,0.08377396221778911,0.9964846889479653,111104,0.0,0.044864870607852936,2.2533063888549805,0.07125810533761978,31.55905449956687,0.1628011018037796
graph.model.19.m.0.m.1.cv1.conv,neck,w5,per_output_channel,147456,0.15337779585516353,0.9881677170862726,92672,0.0,0.044864870607852936,2.2533063888549805,0.07125810533761978,31.55905449956687,0.2695244550704956
graph.model.19.m.0.m.1.cv1.conv,neck,w4,per_output_channel,147456,0.254011530856651,0.9672011796996562,74240,0.0,0.044864870607852936,2.2533063888549805,0.07125810533761978,31.55905449956687,0.3877495527267456
graph.model.19.m.0.m.1.cv1.conv,neck,fixed-sd4,per_output_channel,147456,0.18117427347760715,0.9834510352206965,74240,0.0,0.044864870607852936,2.2533063888549805,0.07125810533761978,31.55905449956687,0.0844523087143898
graph.model.19.m.0.m.1.cv1.conv,neck,exact-ternary,per_tensor,147456,0.6366047688749622,0.7711902549060946,36868,0.0,0.044864870607852936,2.2533063888549805,0.07125810533761978,31.55905449956687,0.7035658359527588
graph.model.19.m.0.m.1.cv1.conv,neck,twn-v3,per_output_filter,147456,0.6332055479507084,0.7739836781511906,37376,0.0,0.044864870607852936,2.2533063888549805,0.07125810533761978,31.55905449956687,0.523193359375
graph.model.19.m.0.m.1.cv1.conv,neck,paper-twn-v2,per_tensor,147456,0.6556382786963397,0.7550751539450973,36868,0.0,0.044864870607852936,2.2533063888549805,0.07125810533761978,31.55905449956687,0.5203518271446228
graph.model.19.m.0.m.1.cv2.conv,neck,w8,per_output_channel,147456,0.020040513754337595,0.9997992681920003,147968,0.0,0.06808517873287201,2.1511266231536865,0.1118728443980217,19.21853842064039,0.0472479909658432
graph.model.19.m.0.m.1.cv2.conv,neck,w7,per_output_channel,147456,0.03975721529943473,0.9992093642206056,129536,0.0,0.06808517873287201,2.1511266231536865,0.1118728443980217,19.21853842064039,0.0928751602768898
graph.model.19.m.0.m.1.cv2.conv,neck,w6,per_output_channel,147456,0.0774784272497445,0.9969939917314407,111104,0.0,0.06808517873287201,2.1511266231536865,0.1118728443980217,19.21853842064039,0.1745673269033432
graph.model.19.m.0.m.1.cv2.conv,neck,w5,per_output_channel,147456,0.1428474843876236,0.9897447199578371,92672,0.0,0.06808517873287201,2.1511266231536865,0.1118728443980217,19.21853842064039,0.2903781533241272
graph.model.19.m.0.m.1.cv2.conv,neck,w4,per_output_channel,147456,0.2407904809900119,0.9705771470736573,74240,0.0,0.06808517873287201,2.1511266231536865,0.1118728443980217,19.21853842064039,0.4307318925857544
graph.model.19.m.0.m.1.cv2.conv,neck,fixed-sd4,per_output_channel,147456,0.18184254491595164,0.9833276278803659,74240,0.0,0.06808517873287201,2.1511266231536865,0.1118728443980217,19.21853842064039,0.0881008580327034
graph.model.19.m.0.m.1.cv2.conv,neck,exact-ternary,per_tensor,147456,0.6450789134514079,0.7641160027732884,36868,0.0,0.06808517873287201,2.1511266231536865,0.1118728443980217,19.21853842064039,0.7842068076133728
graph.model.19.m.0.m.1.cv2.conv,neck,twn-v3,per_output_filter,147456,0.6600335635045339,0.7512360674046404,37376,0.0,0.06808517873287201,2.1511266231536865,0.1118728443980217,19.21853842064039,0.55352783203125
graph.model.19.m.0.m.1.cv2.conv,neck,paper-twn-v2,per_tensor,147456,0.6739259752797909,0.7387989211694217,36868,0.0,0.06808517873287201,2.1511266231536865,0.1118728443980217,19.21853842064039,0.5357801914215088
graph.model.2.cv1.conv,backbone_early,w8,per_output_channel,16384,0.013188654254918428,0.9999129706298019,16896,0.0,0.03841225802898407,1.1053595542907715,0.07191456109285355,15.327064605250714,0.0517578125
graph.model.2.cv1.conv,backbone_early,w7,per_output_channel,16384,0.026499051724080843,0.999648791693844,14848,0.0,0.03841225802898407,1.1053595542907715,0.07191456109285355,15.327064605250714,0.09820556640625
graph.model.2.cv1.conv,backbone_early,w6,per_output_channel,16384,0.05338090872785699,0.9985742521163254,12800,0.0,0.03841225802898407,1.1053595542907715,0.07191456109285355,15.327064605250714,0.184814453125
graph.model.2.cv1.conv,backbone_early,w5,per_output_channel,16384,0.10563508957153692,0.9944050376669475,10752,0.0,0.03841225802898407,1.1053595542907715,0.07191456109285355,15.327064605250714,0.32427978515625
graph.model.2.cv1.conv,backbone_early,w4,per_output_channel,16384,0.1921204360500838,0.9813713658127445,8704,0.0,0.03841225802898407,1.1053595542907715,0.07191456109285355,15.327064605250714,0.50543212890625
graph.model.2.cv1.conv,backbone_early,fixed-sd4,per_output_channel,16384,0.15531179585004382,0.9878655368225583,8704,0.0,0.03841225802898407,1.1053595542907715,0.07191456109285355,15.327064605250714,0.093994140625
graph.model.2.cv1.conv,backbone_early,exact-ternary,per_tensor,16384,0.6322001850602691,0.7748050601560942,4100,0.0,0.03841225802898407,1.1053595542907715,0.07191456109285355,15.327064605250714,0.9078369140625
graph.model.2.cv1.conv,backbone_early,twn-v3,per_output_filter,16384,0.6849660636785295,0.7285749425024637,4608,0.0,0.03841225802898407,1.1053595542907715,0.07191456109285355,15.327064605250714,0.6170654296875
graph.model.2.cv1.conv,backbone_early,paper-twn-v2,per_tensor,16384,0.7150010396756598,0.6991233891543935,4100,0.0,0.03841225802898407,1.1053595542907715,0.07191456109285355,15.327064605250714,0.60748291015625
graph.model.2.cv2.conv,backbone_early,w8,per_output_channel,49152,0.010088647724731127,0.9999491389309207,50176,0.0,0.047688622027635574,0.8247010707855225,0.07178538292646408,11.44946590989826,0.02301025390625
graph.model.2.cv2.conv,backbone_early,w7,per_output_channel,49152,0.020437619160365357,0.9997911538524229,44032,0.0,0.047688622027635574,0.8247010707855225,0.07178538292646408,11.44946590989826,0.0445556640625
graph.model.2.cv2.conv,backbone_early,w6,per_output_channel,49152,0.04094384007808315,0.9991613881074487,37888,0.0,0.047688622027635574,0.8247010707855225,0.07178538292646408,11.44946590989826,0.0865071639418602
graph.model.2.cv2.conv,backbone_early,w5,per_output_channel,49152,0.08058781621420796,0.9967474879804022,31744,0.0,0.047688622027635574,0.8247010707855225,0.07178538292646408,11.44946590989826,0.1617635041475296
graph.model.2.cv2.conv,backbone_early,w4,per_output_channel,49152,0.1539535436534186,0.9880781080123207,25600,0.0,0.047688622027635574,0.8247010707855225,0.07178538292646408,11.44946590989826,0.2812906801700592
graph.model.2.cv2.conv,backbone_early,fixed-sd4,per_output_channel,49152,0.17365925737115814,0.984805786020457,25600,0.0,0.047688622027635574,0.8247010707855225,0.07178538292646408,11.44946590989826,0.0426228828728199
graph.model.2.cv2.conv,backbone_early,exact-ternary,per_tensor,49152,0.5731683353472586,0.819437688414724,12292,0.0,0.047688622027635574,0.8247010707855225,0.07178538292646408,11.44946590989826,0.7070109248161316
graph.model.2.cv2.conv,backbone_early,twn-v3,per_output_filter,49152,0.5492228739395392,0.8356759148985886,13312,0.0,0.047688622027635574,0.8247010707855225,0.07178538292646408,11.44946590989826,0.5257161259651184
graph.model.2.cv2.conv,backbone_early,paper-twn-v2,per_tensor,49152,0.5982814973382448,0.8012859602586193,12292,0.0,0.047688622027635574,0.8247010707855225,0.07178538292646408,11.44946590989826,0.5274861454963684
graph.model.2.m.0.cv1.conv,backbone_early,w8,per_output_channel,2048,0.008499163142059552,0.9999638458020501,2176,0.0,0.03692101687192917,0.7150052785873413,0.06149077042937279,11.574988643801479,0.02685546875
graph.model.2.m.0.cv1.conv,backbone_early,w7,per_output_channel,2048,0.017718392061809824,0.9998429866193034,1920,0.0,0.03692101687192917,0.7150052785873413,0.06149077042937279,11.574988643801479,0.05078125
graph.model.2.m.0.cv1.conv,backbone_early,w6,per_output_channel,2048,0.03522827285011272,0.9993794000366579,1664,0.0,0.03692101687192917,0.7150052785873413,0.06149077042937279,11.574988643801479,0.09619140625
graph.model.2.m.0.cv1.conv,backbone_early,w5,per_output_channel,2048,0.06982080012270356,0.9975595089398898,1408,0.0,0.03692101687192917,0.7150052785873413,0.06149077042937279,11.574988643801479,0.17236328125
graph.model.2.m.0.cv1.conv,backbone_early,w4,per_output_channel,2048,0.1444015160551425,0.9895192427768483,1152,0.0,0.03692101687192917,0.7150052785873413,0.06149077042937279,11.574988643801479,0.31640625
graph.model.2.m.0.cv1.conv,backbone_early,fixed-sd4,per_output_channel,2048,0.14979818479804707,0.988716625150951,1152,0.0,0.03692101687192917,0.7150052785873413,0.06149077042937279,11.574988643801479,0.04736328125
graph.model.2.m.0.cv1.conv,backbone_early,exact-ternary,per_tensor,2048,0.6035238537762643,0.7973449428716823,516,0.0,0.03692101687192917,0.7150052785873413,0.06149077042937279,11.574988643801479,0.80126953125
graph.model.2.m.0.cv1.conv,backbone_early,twn-v3,per_output_filter,2048,0.5804943735564148,0.8142642769879346,640,0.0,0.03692101687192917,0.7150052785873413,0.06149077042937279,11.574988643801479,0.54833984375
graph.model.2.m.0.cv1.conv,backbone_early,paper-twn-v2,per_tensor,2048,0.6518038346962443,0.7583876262074796,516,0.0,0.03692101687192917,0.7150052785873413,0.06149077042937279,11.574988643801479,0.56982421875
graph.model.2.m.0.cv2.conv,backbone_early,w8,per_output_channel,2048,0.009061971242484614,0.9999589448149621,2176,0.0,0.10042258352041245,1.21840500831604,0.15995356440544128,7.576506159532628,0.0234375
graph.model.2.m.0.cv2.conv,backbone_early,w7,per_output_channel,2048,0.018927722324237586,0.9998208932042386,1920,0.0,0.10042258352041245,1.21840500831604,0.15995356440544128,7.576506159532628,0.04736328125
graph.model.2.m.0.cv2.conv,backbone_early,w6,per_output_channel,2048,0.03788388064840934,0.9992821909335765,1664,0.0,0.10042258352041245,1.21840500831604,0.15995356440544128,7.576506159532628,0.099609375
graph.model.2.m.0.cv2.conv,backbone_early,w5,per_output_channel,2048,0.07696820870483263,0.9970334899382994,1408,0.0,0.10042258352041245,1.21840500831604,0.15995356440544128,7.576506159532628,0.20849609375
graph.model.2.m.0.cv2.conv,backbone_early,w4,per_output_channel,2048,0.14591725224586488,0.989296741608695,1152,0.0,0.10042258352041245,1.21840500831604,0.15995356440544128,7.576506159532628,0.34716796875
graph.model.2.m.0.cv2.conv,backbone_early,fixed-sd4,per_output_channel,2048,0.14600614317914284,0.9892836367147767,1152,0.0,0.10042258352041245,1.21840500831604,0.15995356440544128,7.576506159532628,0.04296875
graph.model.2.m.0.cv2.conv,backbone_early,exact-ternary,per_tensor,2048,0.5909154716560231,0.806733478515394,516,0.0,0.10042258352041245,1.21840500831604,0.15995356440544128,7.576506159532628,0.7744140625
graph.model.2.m.0.cv2.conv,backbone_early,twn-v3,per_output_filter,2048,0.6036117038705896,0.797278349699761,640,0.0,0.10042258352041245,1.21840500831604,0.15995356440544128,7.576506159532628,0.5654296875
graph.model.2.m.0.cv2.conv,backbone_early,paper-twn-v2,per_tensor,2048,0.6314084721319694,0.77545041190264,516,0.0,0.10042258352041245,1.21840500831604,0.15995356440544128,7.576506159532628,0.55615234375
graph.model.2.m.0.cv3.conv,backbone_early,w8,per_output_channel,4096,0.008528673930902276,0.9999637183439548,4352,0.0,0.1494823396205902,2.133418560028076,0.22804896533489227,9.355044879384597,0.019775390625
graph.model.2.m.0.cv3.conv,backbone_early,w7,per_output_channel,4096,0.017538621276581727,0.9998461968545815,3840,0.0,0.1494823396205902,2.133418560028076,0.22804896533489227,9.355044879384597,0.04150390625
graph.model.2.m.0.cv3.conv,backbone_early,w6,per_output_channel,4096,0.03586245699518221,0.9993567634731069,3328,0.0,0.1494823396205902,2.133418560028076,0.22804896533489227,9.355044879384597,0.0859375
graph.model.2.m.0.cv3.conv,backbone_early,w5,per_output_channel,4096,0.07181454093497766,0.9974181015274419,2816,0.0,0.1494823396205902,2.133418560028076,0.22804896533489227,9.355044879384597,0.16162109375
graph.model.2.m.0.cv3.conv,backbone_early,w4,per_output_channel,4096,0.1435411554343524,0.9896444040064222,2304,0.0,0.1494823396205902,2.133418560028076,0.22804896533489227,9.355044879384597,0.296142578125
graph.model.2.m.0.cv3.conv,backbone_early,fixed-sd4,per_output_channel,4096,0.15702249897258044,0.987595112977992,2304,0.0,0.1494823396205902,2.133418560028076,0.22804896533489227,9.355044879384597,0.036865234375
graph.model.2.m.0.cv3.conv,backbone_early,exact-ternary,per_tensor,4096,0.5727143979342086,0.8197549746106191,1028,0.0,0.1494823396205902,2.133418560028076,0.22804896533489227,9.355044879384597,0.713134765625
graph.model.2.m.0.cv3.conv,backbone_early,twn-v3,per_output_filter,4096,0.5693163860676379,0.8221186238201152,1280,0.0,0.1494823396205902,2.133418560028076,0.22804896533489227,9.355044879384597,0.55712890625
graph.model.2.m.0.cv3.conv,backbone_early,paper-twn-v2,per_tensor,4096,0.6006769553293022,0.7994919028874029,1028,0.0,0.1494823396205902,2.133418560028076,0.22804896533489227,9.355044879384597,0.535888671875
graph.model.2.m.0.m.0.cv1.conv,backbone_early,w8,per_output_channel,9216,0.012655857689179099,0.9999199607919913,9344,0.0,0.14254160225391388,2.397067070007324,0.24408464133739471,9.820636318768656,0.0349392369389534
graph.model.2.m.0.m.0.cv1.conv,backbone_early,w7,per_output_channel,9216,0.02559217326336152,0.999672519968202,8192,0.0,0.14254160225391388,2.397067070007324,0.24408464133739471,9.820636318768656,0.0704210102558136
graph.model.2.m.0.m.0.cv1.conv,backbone_early,w6,per_output_channel,9216,0.05039330293669556,0.9987294444918801,7040,0.0,0.14254160225391388,2.397067070007324,0.24408464133739471,9.820636318768656,0.1379123330116272
graph.model.2.m.0.m.0.cv1.conv,backbone_early,w5,per_output_channel,9216,0.0999983388085316,0.9949874801241807,5888,0.0,0.14254160225391388,2.397067070007324,0.24408464133739471,9.820636318768656,0.2495659738779068
graph.model.2.m.0.m.0.cv1.conv,backbone_early,w4,per_output_channel,9216,0.18579268322570397,0.9825890222000386,4736,0.0,0.14254160225391388,2.397067070007324,0.24408464133739471,9.820636318768656,0.4164496660232544
graph.model.2.m.0.m.0.cv1.conv,backbone_early,fixed-sd4,per_output_channel,9216,0.17293310824981722,0.9849334832267564,4736,0.0,0.14254160225391388,2.397067070007324,0.24408464133739471,9.820636318768656,0.0655381977558136
graph.model.2.m.0.m.0.cv1.conv,backbone_early,exact-ternary,per_tensor,9216,0.6194082621854392,0.7850691861616341,2308,0.0,0.14254160225391388,2.397067070007324,0.24408464133739471,9.820636318768656,0.8467881679534912
graph.model.2.m.0.m.0.cv1.conv,backbone_early,twn-v3,per_output_filter,9216,0.6201202836916607,0.7845067809363997,2432,0.0,0.14254160225391388,2.397067070007324,0.24408464133739471,9.820636318768656,0.5717231035232544
graph.model.2.m.0.m.0.cv1.conv,backbone_early,paper-twn-v2,per_tensor,9216,0.6742461715271321,0.7385067630926272,2308,0.0,0.14254160225391388,2.397067070007324,0.24408464133739471,9.820636318768656,0.5756293535232544
graph.model.2.m.0.m.0.cv2.conv,backbone_early,w8,per_output_channel,9216,0.015288445141337046,0.9998831882350973,9344,0.0,0.03609585389494896,0.9965221285820007,0.056964121758937836,17.4529043654849,0.0320095494389534
graph.model.2.m.0.m.0.cv2.conv,backbone_early,w7,per_output_channel,9216,0.030132650494415877,0.9995459069832213,8192,0.0,0.03609585389494896,0.9965221285820007,0.056964121758937836,17.4529043654849,0.0603298619389534
graph.model.2.m.0.m.0.cv2.conv,backbone_early,w6,per_output_channel,9216,0.060469592840202584,0.9981700819026386,7040,0.0,0.03609585389494896,0.9965221285820007,0.056964121758937836,17.4529043654849,0.1212022602558136
graph.model.2.m.0.m.0.cv2.conv,backbone_early,w5,per_output_channel,9216,0.1173066169158451,0.9930957234666932,5888,0.0,0.03609585389494896,0.9965221285820007,0.056964121758937836,17.4529043654849,0.2179904580116272
graph.model.2.m.0.m.0.cv2.conv,backbone_early,w4,per_output_channel,9216,0.21248073378049412,0.9771653231174845,4736,0.0,0.03609585389494896,0.9965221285820007,0.056964121758937836,17.4529043654849,0.3543836772441864
graph.model.2.m.0.m.0.cv2.conv,backbone_early,fixed-sd4,per_output_channel,9216,0.1702720345296084,0.9853970564561917,4736,0.0,0.03609585389494896,0.9965221285820007,0.056964121758937836,17.4529043654849,0.0587022565305233
graph.model.2.m.0.m.0.cv2.conv,backbone_early,exact-ternary,per_tensor,9216,0.6197406259328168,0.7848066799075462,2308,0.0,0.03609585389494896,0.9965221285820007,0.056964121758937836,17.4529043654849,0.7377387285232544
graph.model.2.m.0.m.0.cv2.conv,backbone_early,twn-v3,per_output_filter,9216,0.6268999177895132,0.7790997966085657,2432,0.0,0.03609585389494896,0.9965221285820007,0.056964121758937836,17.4529043654849,0.5453559160232544
graph.model.2.m.0.m.0.cv2.conv,backbone_early,paper-twn-v2,per_tensor,9216,0.644881332381031,0.7642827141486802,2308,0.0,0.03609585389494896,0.9965221285820007,0.056964121758937836,17.4529043654849,0.5288628339767456
graph.model.2.m.0.m.1.cv1.conv,backbone_early,w8,per_output_channel,9216,0.012980479258723433,0.9999157673287759,9344,0.0,0.04661773890256882,1.451470136642456,0.07343263179063797,19.764153066369378,0.02398003451526165
graph.model.2.m.0.m.1.cv1.conv,backbone_early,w7,per_output_channel,9216,0.025808550059686783,0.9996668652937581,8192,0.0,0.04661773890256882,1.451470136642456,0.07343263179063797,19.764153066369378,0.0494791679084301
graph.model.2.m.0.m.1.cv1.conv,backbone_early,w6,per_output_channel,9216,0.050930059511699655,0.9987023363240534,7040,0.0,0.04661773890256882,1.451470136642456,0.07343263179063797,19.764153066369378,0.0946180522441864
graph.model.2.m.0.m.1.cv1.conv,backbone_early,w5,per_output_channel,9216,0.10027763059357157,0.9949594887287343,5888,0.0,0.04661773890256882,1.451470136642456,0.07343263179063797,19.764153066369378,0.1746961772441864
graph.model.2.m.0.m.1.cv1.conv,backbone_early,w4,per_output_channel,9216,0.18023693480624933,0.9836232620671878,4736,0.0,0.04661773890256882,1.451470136642456,0.07343263179063797,19.764153066369378,0.2954643964767456
graph.model.2.m.0.m.1.cv1.conv,backbone_early,fixed-sd4,per_output_channel,9216,0.17276974164162845,0.9849623372745994,4736,0.0,0.04661773890256882,1.451470136642456,0.07343263179063797,19.764153066369378,0.0458984375
graph.model.2.m.0.m.1.cv1.conv,backbone_early,exact-ternary,per_tensor,9216,0.6147818950183681,0.7886971672052803,2308,0.0,0.04661773890256882,1.451470136642456,0.07343263179063797,19.764153066369378,0.7428385615348816
graph.model.2.m.0.m.1.cv1.conv,backbone_early,twn-v3,per_output_filter,9216,0.590825475060646,0.8067994627780309,2432,0.0,0.04661773890256882,1.451470136642456,0.07343263179063797,19.764153066369378,0.5264756679534912
graph.model.2.m.0.m.1.cv1.conv,backbone_early,paper-twn-v2,per_tensor,9216,0.6425610490136463,0.766234442937747,2308,0.0,0.04661773890256882,1.451470136642456,0.07343263179063797,19.764153066369378,0.52734375
graph.model.2.m.0.m.1.cv2.conv,backbone_early,w8,per_output_channel,9216,0.01101631378679213,0.9999393686609355,9344,0.0,0.0912654921412468,1.0932059288024902,0.13188986480236053,8.288693380560572,0.0222439244389534
graph.model.2.m.0.m.1.cv2.conv,backbone_early,w7,per_output_channel,9216,0.022087180716598914,0.9997560714406621,8192,0.0,0.0912654921412468,1.0932059288024902,0.13188986480236053,8.288693380560572,0.0442708320915699
graph.model.2.m.0.m.1.cv2.conv,backbone_early,w6,per_output_channel,9216,0.04410311656052957,0.9990271200130048,7040,0.0,0.0912654921412468,1.0932059288024902,0.13188986480236053,8.288693380560572,0.0807291641831398
graph.model.2.m.0.m.1.cv2.conv,backbone_early,w5,per_output_channel,9216,0.08612294456758683,0.9962845508413196,5888,0.0,0.0912654921412468,1.0932059288024902,0.13188986480236053,8.288693380560572,0.1578776091337204
graph.model.2.m.0.m.1.cv2.conv,backbone_early,w4,per_output_channel,9216,0.1618494044617033,0.9868154556481215,4736,0.0,0.0912654921412468,1.0932059288024902,0.13188986480236053,8.288693380560572,0.2663845419883728
graph.model.2.m.0.m.1.cv2.conv,backbone_early,fixed-sd4,per_output_channel,9216,0.1768414452131925,0.9842394855979747,4736,0.0,0.0912654921412468,1.0932059288024902,0.13188986480236053,8.288693380560572,0.0438368059694767
graph.model.2.m.0.m.1.cv2.conv,backbone_early,exact-ternary,per_tensor,9216,0.5566697021280125,0.8307339038089774,2308,0.0,0.0912654921412468,1.0932059288024902,0.13188986480236053,8.288693380560572,0.6407334804534912
graph.model.2.m.0.m.1.cv2.conv,backbone_early,twn-v3,per_output_filter,9216,0.5505162119280577,0.8348244158051193,2432,0.0,0.0912654921412468,1.0932059288024902,0.13188986480236053,8.288693380560572,0.5169270634651184
graph.model.2.m.0.m.1.cv2.conv,backbone_early,paper-twn-v2,per_tensor,9216,0.5725672886120875,0.8198576880327441,2308,0.0,0.0912654921412468,1.0932059288024902,0.13188986480236053,8.288693380560572,0.5009765625
graph.model.20.conv,neck,w8,per_output_channel,2359296,2.2913289909054925e-06,1.000000000000174,2361344,0.1098565012216568,0.018535956740379333,0.40502315759658813,0.026477035135030746,15.292539342175738,0.1098565012216568
graph.model.20.conv,neck,w7,per_output_channel,2359296,1.1575971551188788e-06,1.0000000000000109,2066432,0.1098565012216568,0.018535956740379333,0.40502315759658813,0.026477035135030746,15.292539342175738,0.1098565012216568
graph.model.20.conv,neck,w6,per_output_channel,2359296,3.2121682741096815e-07,0.999999963119475,1771520,0.1098565012216568,0.018535956740379333,0.40502315759658813,0.026477035135030746,15.292539342175738,0.1098565012216568
graph.model.20.conv,neck,w5,per_output_channel,2359296,0.1063898748175904,0.9943243924675622,1476608,0.1098565012216568,0.018535956740379333,0.40502315759658813,0.026477035135030746,15.292539342175738,0.1098565012216568
graph.model.20.conv,neck,w4,per_output_channel,2359296,0.18643310123991333,0.9824676508322656,1181696,0.1098565012216568,0.018535956740379333,0.40502315759658813,0.026477035135030746,15.292539342175738,0.298980712890625
graph.model.20.conv,neck,fixed-sd4,per_output_channel,2359296,0.18472655801724644,0.9827899049860366,1181696,0.1098565012216568,0.018535956740379333,0.40502315759658813,0.026477035135030746,15.292539342175738,0.1098565012216568
graph.model.20.conv,neck,exact-ternary,per_tensor,2359296,0.5592313272026999,0.8290116347486531,589828,0.1098565012216568,0.018535956740379333,0.40502315759658813,0.026477035135030746,15.292539342175738,0.5983238220214844
graph.model.20.conv,neck,twn-v3,per_output_filter,2359296,0.5474749300604064,0.836822051355342,591872,0.1098565012216568,0.018535956740379333,0.40502315759658813,0.026477035135030746,15.292539342175738,0.4938121438026428
graph.model.20.conv,neck,paper-twn-v2,per_tensor,2359296,0.5698259865755237,0.8217653607586001,589828,0.1098565012216568,0.018535956740379333,0.40502315759658813,0.026477035135030746,15.292539342175738,0.4787479043006897
graph.model.22.cv1.conv,neck,w8,per_output_channel,524288,0.013071402584923385,0.999914579376249,526336,0.0,0.05443548783659935,1.7189866304397583,0.08488254994153976,20.237101544982483,0.02829742431640625
graph.model.22.cv1.conv,neck,w7,per_output_channel,524288,0.02606253453320633,0.9996603063229098,460800,0.0,0.05443548783659935,1.7189866304397583,0.08488254994153976,20.237101544982483,0.05537986755371094
graph.model.22.cv1.conv,neck,w6,per_output_channel,524288,0.0508894454690029,0.9987042838507754,395264,0.0,0.05443548783659935,1.7189866304397583,0.08488254994153976,20.237101544982483,0.10367584228515625
graph.model.22.cv1.conv,neck,w5,per_output_channel,524288,0.09429095792795594,0.9955447303450589,329728,0.0,0.05443548783659935,1.7189866304397583,0.08488254994153976,20.237101544982483,0.178009033203125
graph.model.22.cv1.conv,neck,w4,per_output_channel,524288,0.16247155734347954,0.9867131957385447,264192,0.0,0.05443548783659935,1.7189866304397583,0.08488254994153976,20.237101544982483,0.27501869201660156
graph.model.22.cv1.conv,neck,fixed-sd4,per_output_channel,524288,0.18643048482126043,0.9824680784070963,264192,0.0,0.05443548783659935,1.7189866304397583,0.08488254994153976,20.237101544982483,0.053436279296875
graph.model.22.cv1.conv,neck,exact-ternary,per_tensor,524288,0.5590280234211082,0.8291488979165108,131076,0.0,0.05443548783659935,1.7189866304397583,0.08488254994153976,20.237101544982483,0.7662811279296875
graph.model.22.cv1.conv,neck,twn-v3,per_output_filter,524288,0.5255304325065929,0.8507748403945474,133120,0.0,0.05443548783659935,1.7189866304397583,0.08488254994153976,20.237101544982483,0.5049896240234375
graph.model.22.cv1.conv,neck,paper-twn-v2,per_tensor,524288,0.6023730945331656,0.7982146874444316,131076,0.0,0.05443548783659935,1.7189866304397583,0.08488254994153976,20.237101544982483,0.5573463439941406
graph.model.22.cv2.conv,neck,w8,per_output_channel,393216,0.016856301516601883,0.9998579158780289,395264,0.0,0.021568432450294495,0.9941079616546631,0.03444315865635872,28.857025090419807,0.03180186077952385
graph.model.22.cv2.conv,neck,w7,per_output_channel,393216,0.033678610537413445,0.9994326875821619,346112,0.0,0.021568432450294495,0.9941079616546631,0.03444315865635872,28.857025090419807,0.0630594864487648
graph.model.22.cv2.conv,neck,w6,per_output_channel,393216,0.06623173648318925,0.9978041230721283,296960,0.0,0.021568432450294495,0.9941079616546631,0.03444315865635872,28.857025090419807,0.120391845703125
graph.model.22.cv2.conv,neck,w5,per_output_channel,393216,0.12514414083400055,0.9921385802463956,247808,0.0,0.021568432450294495,0.9941079616546631,0.03444315865635872,28.857025090419807,0.2096405029296875
graph.model.22.cv2.conv,neck,w4,per_output_channel,393216,0.21618467957315476,0.976352506534796,198656,0.0,0.021568432450294495,0.9941079616546631,0.03444315865635872,28.857025090419807,0.32489266991615295
graph.model.22.cv2.conv,neck,fixed-sd4,per_output_channel,393216,0.18052284047741501,0.9835707677462677,198656,0.0,0.021568432450294495,0.9941079616546631,0.03444315865635872,28.857025090419807,0.0600433349609375
graph.model.22.cv2.conv,neck,exact-ternary,per_tensor,393216,0.6212054502920891,0.7836477457960344,98308,0.0,0.021568432450294495,0.9941079616546631,0.03444315865635872,28.857025090419807,0.7276356816291809
graph.model.22.cv2.conv,neck,twn-v3,per_output_filter,393216,0.6045947100107708,0.7965332409439744,100352,0.0,0.021568432450294495,0.9941079616546631,0.03444315865635872,28.857025090419807,0.5291544795036316
graph.model.22.cv2.conv,neck,paper-twn-v2,per_tensor,393216,0.6461272290137312,0.7632296761332619,98308,0.0,0.021568432450294495,0.9941079616546631,0.03444315865635872,28.857025090419807,0.5348841547966003
graph.model.22.m.0.0.cv1.conv,neck,w8,per_output_channel,294912,0.05077773802267106,0.9987103512037443,295424,0.0,0.037926360964775085,0.9131056070327759,0.055775292217731476,16.354050963916777,0.0432637520134449
graph.model.22.m.0.0.cv1.conv,neck,w7,per_output_channel,294912,0.036659425497328764,0.9993278177410462,258560,0.0,0.037926360964775085,0.9131056070327759,0.055775292217731476,16.354050963916777,0.0707329660654068
graph.model.22.m.0.0.cv1.conv,neck,w6,per_output_channel,294912,0.06983346160505637,0.9975585842415312,221696,0.0,0.037926360964775085,0.9131056070327759,0.055775292217731476,16.354050963916777,0.1282925009727478
graph.model.22.m.0.0.cv1.conv,neck,w5,per_output_channel,294912,0.12442617295997371,0.992228877391313,184832,0.0,0.037926360964775085,0.9131056070327759,0.055775292217731476,16.354050963916777,0.2111002653837204
graph.model.22.m.0.0.cv1.conv,neck,w4,per_output_channel,294912,0.2068191985178802,0.9783790758003345,147968,0.0,0.037926360964775085,0.9131056070327759,0.055775292217731476,16.354050963916777,0.3134697675704956
graph.model.22.m.0.0.cv1.conv,neck,fixed-sd4,per_output_channel,294912,0.18794366609871194,0.982179847679872,147968,0.0,0.037926360964775085,0.9131056070327759,0.055775292217731476,16.354050963916777,0.0687934011220932
graph.model.22.m.0.0.cv1.conv,neck,exact-ternary,per_tensor,294912,0.5776398255493098,0.8162917599174551,73732,0.0,0.037926360964775085,0.9131056070327759,0.055775292217731476,16.354050963916777,0.6508619785308838
graph.model.22.m.0.0.cv1.conv,neck,twn-v3,per_output_filter,294912,0.5651413977363786,0.8249940609268483,74240,0.0,0.037926360964775085,0.9131056070327759,0.055775292217731476,16.354050963916777,0.5058491826057434
graph.model.22.m.0.0.cv1.conv,neck,paper-twn-v2,per_tensor,294912,0.592949985470559,0.8052392285196549,73732,0.0,0.037926360964775085,0.9131056070327759,0.055775292217731476,16.354050963916777,0.5031365156173706
graph.model.22.m.0.0.cv2.conv,neck,w8,per_output_channel,294912,0.01881309619224471,0.9998229889679612,295936,0.0,0.03176463395357132,1.1197526454925537,0.049534838646650314,22.58618691561658,0.0366482213139534
graph.model.22.m.0.0.cv2.conv,neck,w7,per_output_channel,294912,0.0374015402957855,0.9993004046302144,259072,0.0,0.03176463395357132,1.1197526454925537,0.049534838646650314,22.58618691561658,0.0723470076918602
graph.model.22.m.0.0.cv2.conv,neck,w6,per_output_channel,294912,0.07287687801116664,0.9973408607469277,222208,0.0,0.03176463395357132,1.1197526454925537,0.049534838646650314,22.58618691561658,0.1361423134803772
graph.model.22.m.0.0.cv2.conv,neck,w5,per_output_channel,294912,0.13382803883599206,0.9910045174145297,185344,0.0,0.03176463395357132,1.1197526454925537,0.049534838646650314,22.58618691561658,0.23004150390625
graph.model.22.m.0.0.cv2.conv,neck,w4,per_output_channel,294912,0.22545189393498793,0.9742542905169989,148480,0.0,0.03176463395357132,1.1197526454925537,0.049534838646650314,22.58618691561658,0.3443027138710022
graph.model.22.m.0.0.cv2.conv,neck,fixed-sd4,per_output_channel,294912,0.1832393556582737,0.9830683272542079,148480,0.0,0.03176463395357132,1.1197526454925537,0.049534838646650314,22.58618691561658,0.0697394460439682
graph.model.22.m.0.0.cv2.conv,neck,exact-ternary,per_tensor,294912,0.628629520356111,0.7777048286917462,73732,0.0,0.03176463395357132,1.1197526454925537,0.049534838646650314,22.58618691561658,0.6928846836090088
graph.model.22.m.0.0.cv2.conv,neck,twn-v3,per_output_filter,294912,0.6200922738357799,0.7845288048403253,74752,0.0,0.03176463395357132,1.1197526454925537,0.049534838646650314,22.58618691561658,0.5184563398361206
graph.model.22.m.0.0.cv2.conv,neck,paper-twn-v2,per_tensor,294912,0.6457746586080608,0.7635279444087154,73732,0.0,0.03176463395357132,1.1197526454925537,0.049534838646650314,22.58618691561658,0.512451171875
graph.model.22.m.0.1.attn.pe.conv,neck_attention_safe,w8,per_output_channel,2304,0.0036038174331827714,0.9999935815006923,3328,0.0,0.16888611018657684,2.9285850524902344,0.320854514837265,9.07181954058124,0.0212673619389534
graph.model.22.m.0.1.attn.pe.conv,neck_attention_safe,w7,per_output_channel,2304,0.008148197182650658,0.9999668267182096,3040,0.0,0.16888611018657684,2.9285850524902344,0.320854514837265,9.07181954058124,0.0364583320915699
graph.model.22.m.0.1.attn.pe.conv,neck_attention_safe,w6,per_output_channel,2304,0.016990087713793744,0.9998556691372393,2752,0.0,0.16888611018657684,2.9285850524902344,0.320854514837265,9.07181954058124,0.0633680522441864
graph.model.22.m.0.1.attn.pe.conv,neck_attention_safe,w5,per_output_channel,2304,0.03896656853556864,0.9992404881534221,2464,0.0,0.16888611018657684,2.9285850524902344,0.320854514837265,9.07181954058124,0.1241319477558136
graph.model.22.m.0.1.attn.pe.conv,neck_attention_safe,w4,per_output_channel,2304,0.07974791763834967,0.9968150803363015,2176,0.0,0.16888611018657684,2.9285850524902344,0.320854514837265,9.07181954058124,0.234375
graph.model.22.m.0.1.attn.pe.conv,neck_attention_safe,fixed-sd4,per_output_channel,2304,0.10899299571835683,0.99404258806722,2176,0.0,0.16888611018657684,2.9285850524902344,0.320854514837265,9.07181954058124,0.0347222238779068
graph.model.22.m.0.1.attn.pe.conv,neck_attention_safe,exact-ternary,per_tensor,2304,0.5584293271029801,0.8295520617068239,580,0.0,0.16888611018657684,2.9285850524902344,0.320854514837265,9.07181954058124,0.8658854365348816
graph.model.22.m.0.1.attn.pe.conv,neck_attention_safe,twn-v3,per_output_filter,2304,0.4739949424670636,0.8805275569954194,1600,0.0,0.16888611018657684,2.9285850524902344,0.320854514837265,9.07181954058124,0.5711805820465088
graph.model.22.m.0.1.attn.pe.conv,neck_attention_safe,paper-twn-v2,per_tensor,2304,0.6621377183495336,0.7493821946867438,580,0.0,0.16888611018657684,2.9285850524902344,0.320854514837265,9.07181954058124,0.6514756679534912
graph.model.22.m.0.1.attn.proj.conv,neck_attention_safe,w8,per_output_channel,65536,0.0095873809793501,0.9999540224600897,66560,0.0,0.03933616727590561,0.5110859870910645,0.05243857204914093,9.746348072971912,0.01611328125
graph.model.22.m.0.1.attn.proj.conv,neck_attention_safe,w7,per_output_channel,65536,0.01938542140633899,0.9998120971803778,58368,0.0,0.03933616727590561,0.5110859870910645,0.05243857204914093,9.746348072971912,0.0325927734375
graph.model.22.m.0.1.attn.proj.conv,neck_attention_safe,w6,per_output_channel,65536,0.03888779034559134,0.9992435995264134,50176,0.0,0.03933616727590561,0.5110859870910645,0.05243857204914093,9.746348072971912,0.0630645751953125
graph.model.22.m.0.1.attn.proj.conv,neck_attention_safe,w5,per_output_channel,65536,0.07698115960809408,0.9970325260838476,41984,0.0,0.03933616727590561,0.5110859870910645,0.05243857204914093,9.746348072971912,0.121185302734375
graph.model.22.m.0.1.attn.proj.conv,neck_attention_safe,w4,per_output_channel,65536,0.14551964196121772,0.9893554590335926,33792,0.0,0.03933616727590561,0.5110859870910645,0.05243857204914093,9.746348072971912,0.2047119140625
graph.model.22.m.0.1.attn.proj.conv,neck_attention_safe,fixed-sd4,per_output_channel,65536,0.1788346136714159,0.9838792571410442,33792,0.0,0.03933616727590561,0.5110859870910645,0.05243857204914093,9.746348072971912,0.0306243896484375
graph.model.22.m.0.1.attn.proj.conv,neck_attention_safe,exact-ternary,per_tensor,65536,0.5004043323225366,0.8657918732752425,16388,0.0,0.03933616727590561,0.5110859870910645,0.05243857204914093,9.746348072971912,0.5330810546875
graph.model.22.m.0.1.attn.proj.conv,neck_attention_safe,twn-v3,per_output_filter,65536,0.4965864679955361,0.8679872578579241,17408,0.0,0.03933616727590561,0.5110859870910645,0.05243857204914093,9.746348072971912,0.47735595703125
graph.model.22.m.0.1.attn.proj.conv,neck_attention_safe,paper-twn-v2,per_tensor,65536,0.5058552796449511,0.8626183360674086,16388,0.0,0.03933616727590561,0.5110859870910645,0.05243857204914093,9.746348072971912,0.4567718505859375
graph.model.22.m.0.1.attn.qkv.v.conv,neck_attention_safe,w8,per_output_channel,65536,3.624492642907051e-07,1.0,66560,0.04949951171875,0.06909933686256409,2.2858333587646484,0.10782495886087418,21.199482250493467,0.04949951171875
graph.model.22.m.0.1.attn.qkv.v.conv,neck_attention_safe,w7,per_output_channel,65536,0.005330051293618419,0.9999857411475309,58368,0.04949951171875,0.06909933686256409,2.2858333587646484,0.10782495886087418,21.199482250493467,0.04949951171875
graph.model.22.m.0.1.attn.qkv.v.conv,neck_attention_safe,w6,per_output_channel,65536,0.03494720003069839,0.9993891302975164,50176,0.04949951171875,0.06909933686256409,2.2858333587646484,0.10782495886087418,21.199482250493467,0.126678466796875
graph.model.22.m.0.1.attn.qkv.v.conv,neck_attention_safe,w5,per_output_channel,65536,0.08217276110239254,0.9966181213929345,41984,0.04949951171875,0.06909933686256409,2.2858333587646484,0.10782495886087418,21.199482250493467,0.243743896484375
graph.model.22.m.0.1.attn.qkv.v.conv,neck_attention_safe,w4,per_output_channel,65536,0.18001595051549651,0.9836636123980073,33792,0.04949951171875,0.06909933686256409,2.2858333587646484,0.10782495886087418,21.199482250493467,0.3475341796875
graph.model.22.m.0.1.attn.qkv.v.conv,neck_attention_safe,fixed-sd4,per_output_channel,65536,1.7635808190956703e-07,1.0,33792,0.04949951171875,0.06909933686256409,2.2858333587646484,0.10782495886087418,21.199482250493467,0.04949951171875
graph.model.22.m.0.1.attn.qkv.v.conv,neck_attention_safe,exact-ternary,per_tensor,65536,0.5960086956559695,0.8029780537850922,16388,0.04949951171875,0.06909933686256409,2.2858333587646484,0.10782495886087418,21.199482250493467,0.7070159912109375
graph.model.22.m.0.1.attn.qkv.v.conv,neck_attention_safe,twn-v3,per_output_filter,65536,0.5859322678916538,0.8103600295198075,17408,0.04949951171875,0.06909933686256409,2.2858333587646484,0.10782495886087418,21.199482250493467,0.52972412109375
graph.model.22.m.0.1.attn.qkv.v.conv,neck_attention_safe,paper-twn-v2,per_tensor,65536,0.6197220982356505,0.7848213050788896,16388,0.04949951171875,0.06909933686256409,2.2858333587646484,0.10782495886087418,21.199482250493467,0.5381011962890625
graph.model.22.m.0.1.ffn.0.conv,neck_attention_safe,w8,per_output_channel,131072,0.011475567134229332,0.9999341510668631,133120,0.0,0.04072113707661629,0.8337188959121704,0.05779687315225601,14.400009031816737,0.02004241943359375
graph.model.22.m.0.1.ffn.0.conv,neck_attention_safe,w7,per_output_channel,131072,0.023118928576576814,0.9997327220959304,116736,0.0,0.04072113707661629,0.8337188959121704,0.05779687315225601,14.400009031816737,0.040374755859375
graph.model.22.m.0.1.ffn.0.conv,neck_attention_safe,w6,per_output_channel,131072,0.046162765232362506,0.998933970687256,100352,0.0,0.04072113707661629,0.8337188959121704,0.05779687315225601,14.400009031816737,0.078125
graph.model.22.m.0.1.ffn.0.conv,neck_attention_safe,w5,per_output_channel,131072,0.0910933126514274,0.9958423481374411,83968,0.0,0.04072113707661629,0.8337188959121704,0.05779687315225601,14.400009031816737,0.1503753662109375
graph.model.22.m.0.1.ffn.0.conv,neck_attention_safe,w4,per_output_channel,131072,0.16983316235558252,0.9854728842001189,67584,0.0,0.04072113707661629,0.8337188959121704,0.05779687315225601,14.400009031816737,0.25415802001953125
graph.model.22.m.0.1.ffn.0.conv,neck_attention_safe,fixed-sd4,per_output_channel,131072,0.1751255328829097,0.984546131287916,67584,0.0,0.04072113707661629,0.8337188959121704,0.05779687315225601,14.400009031816737,0.03852081298828125
graph.model.22.m.0.1.ffn.0.conv,neck_attention_safe,exact-ternary,per_tensor,131072,0.5634740752095881,0.8261336740754998,32772,0.0,0.04072113707661629,0.8337188959121704,0.05779687315225601,14.400009031816737,0.5922317504882812
graph.model.22.m.0.1.ffn.0.conv,neck_attention_safe,twn-v3,per_output_filter,131072,0.5564973017186743,0.830849395769477,34816,0.0,0.04072113707661629,0.8337188959121704,0.05779687315225601,14.400009031816737,0.4986724853515625
graph.model.22.m.0.1.ffn.0.conv,neck_attention_safe,paper-twn-v2,per_tensor,131072,0.5725764235479768,0.8198512671696726,32772,0.0,0.04072113707661629,0.8337188959121704,0.05779687315225601,14.400009031816737,0.48101043701171875
graph.model.22.m.0.1.ffn.1.conv,neck_attention_safe,w8,per_output_channel,131072,0.010319541426328521,0.9999466425683299,132096,0.0,0.07420028746128082,0.9332225322723389,0.09904246777296066,9.422357544229493,0.01595306396484375
graph.model.22.m.0.1.ffn.1.conv,neck_attention_safe,w7,per_output_channel,131072,0.020822324688584682,0.9997831343573071,115712,0.0,0.07420028746128082,0.9332225322723389,0.09904246777296066,9.422357544229493,0.03240966796875
graph.model.22.m.0.1.ffn.1.conv,neck_attention_safe,w6,per_output_channel,131072,0.04132294655462886,0.999145793074261,99328,0.0,0.07420028746128082,0.9332225322723389,0.09904246777296066,9.422357544229493,0.0628814697265625
graph.model.22.m.0.1.ffn.1.conv,neck_attention_safe,w5,per_output_channel,131072,0.07998425744340312,0.9967961521812174,82944,0.0,0.07420028746128082,0.9332225322723389,0.09904246777296066,9.422357544229493,0.1157073974609375
graph.model.22.m.0.1.ffn.1.conv,neck_attention_safe,w4,per_output_channel,131072,0.14610894933629512,0.9892684172471792,66560,0.0,0.07420028746128082,0.9332225322723389,0.09904246777296066,9.422357544229493,0.1953887939453125
graph.model.22.m.0.1.ffn.1.conv,neck_attention_safe,fixed-sd4,per_output_channel,131072,0.1840649203086408,0.9829140974253664,66560,0.0,0.07420028746128082,0.9332225322723389,0.09904246777296066,9.422357544229493,0.0306549072265625
graph.model.22.m.0.1.ffn.1.conv,neck_attention_safe,exact-ternary,per_tensor,131072,0.500814064150787,0.8655547888550343,32772,0.0,0.07420028746128082,0.9332225322723389,0.09904246777296066,9.422357544229493,0.5372695922851562
graph.model.22.m.0.1.ffn.1.conv,neck_attention_safe,twn-v3,per_output_filter,131072,0.4923395499903274,0.8704031803195507,33792,0.0,0.07420028746128082,0.9332225322723389,0.09904246777296066,9.422357544229493,0.47371673583984375
graph.model.22.m.0.1.ffn.1.conv,neck_attention_safe,paper-twn-v2,per_tensor,131072,0.5066950320735716,0.8621253509420701,32772,0.0,0.07420028746128082,0.9332225322723389,0.09904246777296066,9.422357544229493,0.4597015380859375
graph.model.23.detect_head.one2one_cv2.0.0.conv,detect_one2one_tower,w8,per_output_channel,147456,0.002252177957693322,0.9999974833835398,147712,0.132080078125,0.036434322595596313,2.7370047569274902,0.07431526482105255,36.81251614934064,0.132080078125
graph.model.23.detect_head.one2one_cv2.0.0.conv,detect_one2one_tower,w7,per_output_channel,147456,0.00367538121743844,0.9999932234665093,129280,0.132080078125,0.036434322595596313,2.7370047569274902,0.07431526482105255,36.81251614934064,0.132080078125
graph.model.23.detect_head.one2one_cv2.0.0.conv,detect_one2one_tower,w6,per_output_channel,147456,0.10222119230198892,0.9947617780912016,110848,0.132080078125,0.036434322595596313,2.7370047569274902,0.07431526482105255,36.81251614934064,0.1566297709941864
graph.model.23.detect_head.one2one_cv2.0.0.conv,detect_one2one_tower,w5,per_output_channel,147456,0.19339892477069007,0.9811202558889631,92416,0.132080078125,0.036434322595596313,2.7370047569274902,0.07431526482105255,36.81251614934064,0.3743014931678772
graph.model.23.detect_head.one2one_cv2.0.0.conv,detect_one2one_tower,w4,per_output_channel,147456,0.3080337699656688,0.9513754383208561,73984,0.132080078125,0.036434322595596313,2.7370047569274902,0.07431526482105255,36.81251614934064,0.5498996376991272
graph.model.23.detect_head.one2one_cv2.0.0.conv,detect_one2one_tower,fixed-sd4,per_output_channel,147456,4.993046853159533e-07,1.0000000000000029,73984,0.132080078125,0.036434322595596313,2.7370047569274902,0.07431526482105255,36.81251614934064,0.132080078125
graph.model.23.detect_head.one2one_cv2.0.0.conv,detect_one2one_tower,exact-ternary,per_tensor,147456,0.6989809931956205,0.7151402457918754,36868,0.132080078125,0.036434322595596313,2.7370047569274902,0.07431526482105255,36.81251614934064,0.9224514365196228
graph.model.23.detect_head.one2one_cv2.0.0.conv,detect_one2one_tower,twn-v3,per_output_filter,147456,0.6956551683880838,0.7183759193998134,37120,0.132080078125,0.036434322595596313,2.7370047569274902,0.07431526482105255,36.81251614934064,0.5671115517616272
graph.model.23.detect_head.one2one_cv2.0.0.conv,detect_one2one_tower,paper-twn-v2,per_tensor,147456,0.765142641383005,0.6438608066480219,36868,0.132080078125,0.036434322595596313,2.7370047569274902,0.07431526482105255,36.81251614934064,0.6022135615348816
graph.model.23.detect_head.one2one_cv2.0.1.conv,detect_one2one_tower,w8,per_output_channel,36864,2.570365738317749e-07,1.0000000590872724,37120,0.2906358540058136,0.013813823461532593,1.1083898544311523,0.041693489998579025,26.485651594077904,0.2906358540058136
graph.model.23.detect_head.one2one_cv2.0.1.conv,detect_one2one_tower,w7,per_output_channel,36864,0.0027759416468702974,0.99999610023277,32512,0.2906358540058136,0.013813823461532593,1.1083898544311523,0.041693489998579025,26.485651594077904,0.2906358540058136
graph.model.23.detect_head.one2one_cv2.0.1.conv,detect_one2one_tower,w6,per_output_channel,36864,0.10045428261521244,0.9949416858986005,27904,0.2906358540058136,0.013813823461532593,1.1083898544311523,0.041693489998579025,26.485651594077904,0.3037109375
graph.model.23.detect_head.one2one_cv2.0.1.conv,detect_one2one_tower,w5,per_output_channel,36864,0.18402955021693235,0.9829207432072918,23296,0.2906358540058136,0.013813823461532593,1.1083898544311523,0.041693489998579025,26.485651594077904,0.6090494990348816
graph.model.23.detect_head.one2one_cv2.0.1.conv,detect_one2one_tower,w4,per_output_channel,36864,0.28513121640083794,0.9584884843658591,18688,0.2906358540058136,0.013813823461532593,1.1083898544311523,0.041693489998579025,26.485651594077904,0.799560546875
graph.model.23.detect_head.one2one_cv2.0.1.conv,detect_one2one_tower,fixed-sd4,per_output_channel,36864,1.9181498594565487e-07,1.0000001181745344,18688,0.2906358540058136,0.013813823461532593,1.1083898544311523,0.041693489998579025,26.485651594077904,0.2906358540058136
graph.model.23.detect_head.one2one_cv2.0.1.conv,detect_one2one_tower,exact-ternary,per_tensor,36864,0.6654136613838566,0.7464747819963936,9220,0.2906358540058136,0.013813823461532593,1.1083898544311523,0.041693489998579025,26.485651594077904,0.9918891191482544
graph.model.23.detect_head.one2one_cv2.0.1.conv,detect_one2one_tower,twn-v3,per_output_filter,36864,0.8161380089907193,0.5778570838606478,9472,0.2906358540058136,0.013813823461532593,1.1083898544311523,0.041693489998579025,26.485651594077904,0.6733669638633728
graph.model.23.detect_head.one2one_cv2.0.1.conv,detect_one2one_tower,paper-twn-v2,per_tensor,36864,0.856085451650298,0.5168343342081212,9220,0.2906358540058136,0.013813823461532593,1.1083898544311523,0.041693489998579025,26.485651594077904,0.6808539628982544
graph.model.23.detect_head.one2one_cv2.0.2,detect_one2one_predictor,w8,per_output_channel,256,0.006905934571466006,0.9999761453311361,272,0.0,0.08084333688020706,0.5609292984008789,0.15807640552520752,3.4578984164279425,0.15234375
graph.model.23.detect_head.one2one_cv2.0.2,detect_one2one_predictor,w7,per_output_channel,256,0.014119891368605362,0.9999002596326344,240,0.0,0.08084333688020706,0.5609292984008789,0.15807640552520752,3.4578984164279425,0.25
graph.model.23.detect_head.one2one_cv2.0.2,detect_one2one_predictor,w6,per_output_channel,256,0.026851731955142157,0.9996394294173857,208,0.0,0.08084333688020706,0.5609292984008789,0.15807640552520752,3.4578984164279425,0.47265625
graph.model.23.detect_head.one2one_cv2.0.2,detect_one2one_predictor,w5,per_output_channel,256,0.04953602671670981,0.9987721965383728,176,0.0,0.08084333688020706,0.5609292984008789,0.15807640552520752,3.4578984164279425,0.62109375
graph.model.23.detect_head.one2one_cv2.0.2,detect_one2one_predictor,w4,per_output_channel,256,0.08377847879862076,0.9964843943790888,144,0.0,0.08084333688020706,0.5609292984008789,0.15807640552520752,3.4578984164279425,0.68359375
graph.model.23.detect_head.one2one_cv2.0.2,detect_one2one_predictor,fixed-sd4,per_output_channel,256,0.14664940524843037,0.9891884660828401,144,0.0,0.08084333688020706,0.5609292984008789,0.15807640552520752,3.4578984164279425,0.234375
graph.model.23.detect_head.one2one_cv2.0.2,detect_one2one_predictor,exact-ternary,per_tensor,256,0.34797424611926325,0.9375040644975028,68,0.0,0.08084333688020706,0.5609292984008789,0.15807640552520752,3.4578984164279425,0.84375
graph.model.23.detect_head.one2one_cv2.0.2,detect_one2one_predictor,twn-v3,per_output_filter,256,0.5099206347834684,0.8602214724210931,80,0.0,0.08084333688020706,0.5609292984008789,0.15807640552520752,3.4578984164279425,0.71484375
graph.model.23.detect_head.one2one_cv2.0.2,detect_one2one_predictor,paper-twn-v2,per_tensor,256,0.5149012948590224,0.8572493374175383,68,0.0,0.08084333688020706,0.5609292984008789,0.15807640552520752,3.4578984164279425,0.71484375
graph.model.23.detect_head.one2one_cv2.1.0.conv,detect_one2one_tower,w8,per_output_channel,294912,0.0011708786165963716,0.9999992630479845,295168,0.1227044016122818,0.009558940306305885,0.45645880699157715,0.01775319129228592,25.680468578004177,0.1227044016122818
graph.model.23.detect_head.one2one_cv2.1.0.conv,detect_one2one_tower,w7,per_output_channel,294912,0.003236483767613294,0.9999947184523112,258304,0.1227044016122818,0.009558940306305885,0.45645880699157715,0.01775319129228592,25.680468578004177,0.1227044016122818
graph.model.23.detect_head.one2one_cv2.1.0.conv,detect_one2one_tower,w6,per_output_channel,294912,0.07826441033975412,0.9969326610623923,221440,0.1227044016122818,0.009558940306305885,0.45645880699157715,0.01775319129228592,25.680468578004177,0.1300082802772522
graph.model.23.detect_head.one2one_cv2.1.0.conv,detect_one2one_tower,w5,per_output_channel,294912,0.16744287213123576,0.9858818373229578,184576,0.1227044016122818,0.009558940306305885,0.45645880699157715,0.01775319129228592,25.680468578004177,0.3338623046875
graph.model.23.detect_head.one2one_cv2.1.0.conv,detect_one2one_tower,w4,per_output_channel,294912,0.2673600129659818,0.963596727979828,147712,0.1227044016122818,0.009558940306305885,0.45645880699157715,0.01775319129228592,25.680468578004177,0.5189921259880066
graph.model.23.detect_head.one2one_cv2.1.0.conv,detect_one2one_tower,fixed-sd4,per_output_channel,294912,3.3250235376829767e-06,1.0000000409423948,147712,0.1227044016122818,0.009558940306305885,0.45645880699157715,0.01775319129228592,25.680468578004177,0.1227044016122818
graph.model.23.detect_head.one2one_cv2.1.0.conv,detect_one2one_tower,exact-ternary,per_tensor,294912,0.6564565341026269,0.7543638504289415,73732,0.1227044016122818,0.009558940306305885,0.45645880699157715,0.01775319129228592,25.680468578004177,0.8385111689567566
graph.model.23.detect_head.one2one_cv2.1.0.conv,detect_one2one_tower,twn-v3,per_output_filter,294912,0.6266147339426827,0.7793291565595482,73984,0.1227044016122818,0.009558940306305885,0.45645880699157715,0.01775319129228592,25.680468578004177,0.5245835781097412
graph.model.23.detect_head.one2one_cv2.1.0.conv,detect_one2one_tower,paper-twn-v2,per_tensor,294912,0.7107102397207954,0.7034848358094784,73732,0.1227044016122818,0.009558940306305885,0.45645880699157715,0.01775319129228592,25.680468578004177,0.5926479697227478
graph.model.23.detect_head.one2one_cv2.1.1.conv,detect_one2one_tower,w8,per_output_channel,36864,2.721561255929415e-07,1.000000000000007,37120,0.2605522871017456,0.012216402217745781,1.2662628889083862,0.041695576161146164,30.297329698072577,0.2605522871017456
graph.model.23.detect_head.one2one_cv2.1.1.conv,detect_one2one_tower,w7,per_output_channel,36864,0.0044206543114121925,0.9999902252722336,32512,0.2605522871017456,0.012216402217745781,1.2662628889083862,0.041695576161146164,30.297329698072577,0.2605522871017456
graph.model.23.detect_head.one2one_cv2.1.1.conv,detect_one2one_tower,w6,per_output_channel,36864,0.09037093158199647,0.9959082116333381,27904,0.2605522871017456,0.012216402217745781,1.2662628889083862,0.041695576161146164,30.297329698072577,0.2891981303691864
graph.model.23.detect_head.one2one_cv2.1.1.conv,detect_one2one_tower,w5,per_output_channel,36864,0.16309754888195324,0.9866099761743004,23296,0.2605522871017456,0.012216402217745781,1.2662628889083862,0.041695576161146164,30.297329698072577,0.5658366084098816
graph.model.23.detect_head.one2one_cv2.1.1.conv,detect_one2one_tower,w4,per_output_channel,36864,0.2543167004887473,0.9671211158973168,18688,0.2605522871017456,0.012216402217745781,1.2662628889083862,0.041695576161146164,30.297329698072577,0.7490776777267456
graph.model.23.detect_head.one2one_cv2.1.1.conv,detect_one2one_tower,fixed-sd4,per_output_channel,36864,2.1098570701552845e-07,0.9999999407595204,18688,0.2605522871017456,0.012216402217745781,1.2662628889083862,0.041695576161146164,30.297329698072577,0.2605522871017456
graph.model.23.detect_head.one2one_cv2.1.1.conv,detect_one2one_tower,exact-ternary,per_tensor,36864,0.6459629825330793,0.7633687735540796,9220,0.2605522871017456,0.012216402217745781,1.2662628889083862,0.041695576161146164,30.297329698072577,0.9937065839767456
graph.model.23.detect_head.one2one_cv2.1.1.conv,detect_one2one_tower,twn-v3,per_output_filter,36864,0.7961945701102076,0.6050407141403847,9472,0.2605522871017456,0.012216402217745781,1.2662628889083862,0.041695576161146164,30.297329698072577,0.6649034023284912
graph.model.23.detect_head.one2one_cv2.1.1.conv,detect_one2one_tower,paper-twn-v2,per_tensor,36864,0.8724984241957389,0.48861701631920623,9220,0.2605522871017456,0.012216402217745781,1.2662628889083862,0.041695576161146164,30.297329698072577,0.7187228798866272
graph.model.23.detect_head.one2one_cv2.1.2,detect_one2one_predictor,w8,per_output_channel,256,0.00665387244514231,0.9999778648877237,272,0.0,0.09179949015378952,0.6608896851539612,0.17437513172626495,3.6388096106723076,0.2109375
graph.model.23.detect_head.one2one_cv2.1.2,detect_one2one_predictor,w7,per_output_channel,256,0.014115670641301984,0.999900331663787,240,0.0,0.09179949015378952,0.6608896851539612,0.17437513172626495,3.6388096106723076,0.37890625
graph.model.23.detect_head.one2one_cv2.1.2,detect_one2one_predictor,w6,per_output_channel,256,0.024579776096120106,0.9996978585899102,208,0.0,0.09179949015378952,0.6608896851539612,0.17437513172626495,3.6388096106723076,0.49609375
graph.model.23.detect_head.one2one_cv2.1.2,detect_one2one_predictor,w5,per_output_channel,256,0.04679331827372426,0.9989046276125503,176,0.0,0.09179949015378952,0.6608896851539612,0.17437513172626495,3.6388096106723076,0.625
graph.model.23.detect_head.one2one_cv2.1.2,detect_one2one_predictor,w4,per_output_channel,256,0.0820328139894523,0.9966295944885578,144,0.0,0.09179949015378952,0.6608896851539612,0.17437513172626495,3.6388096106723076,0.71875
graph.model.23.detect_head.one2one_cv2.1.2,detect_one2one_predictor,fixed-sd4,per_output_channel,256,0.1607767213881628,0.9869907631045354,144,0.0,0.09179949015378952,0.6608896851539612,0.17437513172626495,3.6388096106723076,0.328125
graph.model.23.detect_head.one2one_cv2.1.2,detect_one2one_predictor,exact-ternary,per_tensor,256,0.34133546844942875,0.9399414683215601,68,0.0,0.09179949015378952,0.6608896851539612,0.17437513172626495,3.6388096106723076,0.80078125
graph.model.23.detect_head.one2one_cv2.1.2,detect_one2one_predictor,twn-v3,per_output_filter,256,0.4168229686150098,0.9089877556296319,80,0.0,0.09179949015378952,0.6608896851539612,0.17437513172626495,3.6388096106723076,0.734375
graph.model.23.detect_head.one2one_cv2.1.2,detect_one2one_predictor,paper-twn-v2,per_tensor,256,0.4285911345901422,0.9034985786931887,68,0.0,0.09179949015378952,0.6608896851539612,0.17437513172626495,3.6388096106723076,0.73046875
graph.model.23.detect_head.one2one_cv2.2.0.conv,detect_one2one_tower,w8,per_output_channel,294912,0.0009574763313605542,0.9999994638406718,295168,0.1039327010512352,0.0015416716923937201,0.057588398456573486,0.0026000645011663437,22.108197247761275,0.1039327010512352
graph.model.23.detect_head.one2one_cv2.2.0.conv,detect_one2one_tower,w7,per_output_channel,294912,0.003029463455798218,0.9999953532437378,258304,0.1039327010512352,0.0015416716923937201,0.057588398456573486,0.0026000645011663437,22.108197247761275,0.1039327010512352
graph.model.23.detect_head.one2one_cv2.2.0.conv,detect_one2one_tower,w6,per_output_channel,294912,0.06736568989626293,0.9977282887447995,221440,0.1039327010512352,0.0015416716923937201,0.057588398456573486,0.0026000645011663437,22.108197247761275,0.1213921457529068
graph.model.23.detect_head.one2one_cv2.2.0.conv,detect_one2one_tower,w5,per_output_channel,294912,0.1374925537001603,0.9905029461020992,184576,0.1039327010512352,0.0015416716923937201,0.057588398456573486,0.0026000645011663437,22.108197247761275,0.2879469096660614
graph.model.23.detect_head.one2one_cv2.2.0.conv,detect_one2one_tower,w4,per_output_channel,294912,0.24095193337759804,0.9705370943136247,147712,0.1039327010512352,0.0015416716923937201,0.057588398456573486,0.0026000645011663437,22.108197247761275,0.4467434287071228
graph.model.23.detect_head.one2one_cv2.2.0.conv,detect_one2one_tower,fixed-sd4,per_output_channel,294912,2.776901427266017e-06,0.9999999404264023,147712,0.1039327010512352,0.0015416716923937201,0.057588398456573486,0.0026000645011663437,22.108197247761275,0.1039327010512352
graph.model.23.detect_head.one2one_cv2.2.0.conv,detect_one2one_tower,exact-ternary,per_tensor,294912,0.6262254872227959,0.7796420897352371,73732,0.1039327010512352,0.0015416716923937201,0.057588398456573486,0.0026000645011663437,22.108197247761275,0.7814602255821228
graph.model.23.detect_head.one2one_cv2.2.0.conv,detect_one2one_tower,twn-v3,per_output_filter,294912,0.6075509023469191,0.7942807819852561,73984,0.1039327010512352,0.0015416716923937201,0.057588398456573486,0.0026000645011663437,22.108197247761275,0.548797607421875
graph.model.23.detect_head.one2one_cv2.2.0.conv,detect_one2one_tower,paper-twn-v2,per_tensor,294912,0.6691907159442627,0.7430906981614056,73732,0.1039327010512352,0.0015416716923937201,0.057588398456573486,0.0026000645011663437,22.108197247761275,0.5553181767463684
graph.model.23.detect_head.one2one_cv2.2.1.conv,detect_one2one_tower,w8,per_output_channel,36864,4.827844683907962e-07,1.0000000431377605,37120,0.2559136152267456,0.015582750551402569,1.2984272241592407,0.04880650341510773,26.510476112517605,0.2559136152267456
graph.model.23.detect_head.one2one_cv2.2.1.conv,detect_one2one_tower,w7,per_output_channel,36864,0.004038699758237897,0.9999917606564894,32512,0.2559136152267456,0.015582750551402569,1.2984272241592407,0.04880650341510773,26.510476112517605,0.2559136152267456
graph.model.23.detect_head.one2one_cv2.2.1.conv,detect_one2one_tower,w6,per_output_channel,36864,0.08453333256745575,0.9964206239037721,27904,0.2559136152267456,0.015582750551402569,1.2984272241592407,0.04880650341510773,26.510476112517605,0.2868109941482544
graph.model.23.detect_head.one2one_cv2.2.1.conv,detect_one2one_tower,w5,per_output_channel,36864,0.14897654846763245,0.9888407661507582,23296,0.2559136152267456,0.015582750551402569,1.2984272241592407,0.04880650341510773,26.510476112517605,0.5590549111366272
graph.model.23.detect_head.one2one_cv2.2.1.conv,detect_one2one_tower,w4,per_output_channel,36864,0.23848365773883778,0.9711465161220224,18688,0.2559136152267456,0.015582750551402569,1.2984272241592407,0.04880650341510773,26.510476112517605,0.7248263955116272
graph.model.23.detect_head.one2one_cv2.2.1.conv,detect_one2one_tower,fixed-sd4,per_output_channel,36864,1.9465429139407156e-07,1.0000000431377456,18688,0.2559136152267456,0.015582750551402569,1.2984272241592407,0.04880650341510773,26.510476112517605,0.2559136152267456
graph.model.23.detect_head.one2one_cv2.2.1.conv,detect_one2one_tower,exact-ternary,per_tensor,36864,0.6403061199161846,0.7681198016326212,9220,0.2559136152267456,0.015582750551402569,1.2984272241592407,0.04880650341510773,26.510476112517605,0.9815809726715088
graph.model.23.detect_head.one2one_cv2.2.1.conv,detect_one2one_tower,twn-v3,per_output_filter,36864,0.7664729922958775,0.6422765722169462,9472,0.2559136152267456,0.015582750551402569,1.2984272241592407,0.04880650341510773,26.510476112517605,0.6767306923866272
graph.model.23.detect_head.one2one_cv2.2.1.conv,detect_one2one_tower,paper-twn-v2,per_tensor,36864,0.8575381932620797,0.5144203019874071,9220,0.2559136152267456,0.015582750551402569,1.2984272241592407,0.04880650341510773,26.510476112517605,0.7087944746017456
graph.model.23.detect_head.one2one_cv2.2.2,detect_one2one_predictor,w8,per_output_channel,256,0.008471016446921421,0.9999641317235094,272,0.0,0.07857931405305862,0.7064422965049744,0.15762947499752045,4.292752146338654,0.26953125
graph.model.23.detect_head.one2one_cv2.2.2,detect_one2one_predictor,w7,per_output_channel,256,0.015411673120106153,0.9998811792564322,240,0.0,0.07857931405305862,0.7064422965049744,0.15762947499752045,4.292752146338654,0.42578125
graph.model.23.detect_head.one2one_cv2.2.2,detect_one2one_predictor,w6,per_output_channel,256,0.030257157614377087,0.9995420755924701,208,0.0,0.07857931405305862,0.7064422965049744,0.15762947499752045,4.292752146338654,0.53515625
graph.model.23.detect_head.one2one_cv2.2.2,detect_one2one_predictor,w5,per_output_channel,256,0.058135877345637035,0.9983086987076945,176,0.0,0.07857931405305862,0.7064422965049744,0.15762947499752045,4.292752146338654,0.68359375
graph.model.23.detect_head.one2one_cv2.2.2,detect_one2one_predictor,w4,per_output_channel,256,0.09075507752502564,0.9958732064697414,144,0.0,0.07857931405305862,0.7064422965049744,0.15762947499752045,4.292752146338654,0.74609375
graph.model.23.detect_head.one2one_cv2.2.2,detect_one2one_predictor,fixed-sd4,per_output_channel,256,0.16997337646874006,0.9854486199259684,144,0.0,0.07857931405305862,0.7064422965049744,0.15762947499752045,4.292752146338654,0.42578125
graph.model.23.detect_head.one2one_cv2.2.2,detect_one2one_predictor,exact-ternary,per_tensor,256,0.4044965362769505,0.9145394737097148,68,0.0,0.07857931405305862,0.7064422965049744,0.15762947499752045,4.292752146338654,0.8125
graph.model.23.detect_head.one2one_cv2.2.2,detect_one2one_predictor,twn-v3,per_output_filter,256,0.47385709732583414,0.8806017649927748,80,0.0,0.07857931405305862,0.7064422965049744,0.15762947499752045,4.292752146338654,0.74609375
graph.model.23.detect_head.one2one_cv2.2.2,detect_one2one_predictor,paper-twn-v2,per_tensor,256,0.47394303330636167,0.8805555266814701,68,0.0,0.07857931405305862,0.7064422965049744,0.15762947499752045,4.292752146338654,0.74609375
graph.model.23.detect_head.one2one_cv3.0.0.0.conv,detect_one2one_tower,w8,per_output_channel,2304,0.003698720763965218,0.9999931096213042,3328,0.0,0.2635982632637024,5.331969261169434,0.4249750077724457,12.379724508153787,0.0147569440305233
graph.model.23.detect_head.one2one_cv3.0.0.0.conv,detect_one2one_tower,w7,per_output_channel,2304,0.007863802263081528,0.9999691178804524,3040,0.0,0.2635982632637024,5.331969261169434,0.4249750077724457,12.379724508153787,0.03515625
graph.model.23.detect_head.one2one_cv3.0.0.0.conv,detect_one2one_tower,w6,per_output_channel,2304,0.017845126275749718,0.9998408308434177,2752,0.0,0.2635982632637024,5.331969261169434,0.4249750077724457,12.379724508153787,0.0720486119389534
graph.model.23.detect_head.one2one_cv3.0.0.0.conv,detect_one2one_tower,w5,per_output_channel,2304,0.038603996288593415,0.9992546713739519,2464,0.0,0.2635982632637024,5.331969261169434,0.4249750077724457,12.379724508153787,0.1397569477558136
graph.model.23.detect_head.one2one_cv3.0.0.0.conv,detect_one2one_tower,w4,per_output_channel,2304,0.07998044272406579,0.9967964945288273,2176,0.0,0.2635982632637024,5.331969261169434,0.4249750077724457,12.379724508153787,0.2526041567325592
graph.model.23.detect_head.one2one_cv3.0.0.0.conv,detect_one2one_tower,fixed-sd4,per_output_channel,2304,0.1108845692436675,0.9938333256858276,2176,0.0,0.2635982632637024,5.331969261169434,0.4249750077724457,12.379724508153787,0.0329861119389534
graph.model.23.detect_head.one2one_cv3.0.0.0.conv,detect_one2one_tower,exact-ternary,per_tensor,2304,0.5644912046494661,0.8254390182014896,580,0.0,0.2635982632637024,5.331969261169434,0.4249750077724457,12.379724508153787,0.7317708134651184
graph.model.23.detect_head.one2one_cv3.0.0.0.conv,detect_one2one_tower,twn-v3,per_output_filter,2304,0.4219374648364039,0.9066249071228152,1600,0.0,0.2635982632637024,5.331969261169434,0.4249750077724457,12.379724508153787,0.5607638955116272
graph.model.23.detect_head.one2one_cv3.0.0.0.conv,detect_one2one_tower,paper-twn-v2,per_tensor,2304,0.6006106733096347,0.7995416529536584,580,0.0,0.2635982632637024,5.331969261169434,0.4249750077724457,12.379724508153787,0.5902777910232544
graph.model.23.detect_head.one2one_cv3.0.0.1.conv,detect_one2one_tower,w8,per_output_channel,65536,0.01113041517162038,0.9999379251037699,66560,0.0,0.06452786922454834,1.4710824489593506,0.09700901806354523,15.161182531066341,0.02197265625
graph.model.23.detect_head.one2one_cv3.0.0.1.conv,detect_one2one_tower,w7,per_output_channel,65536,0.02238974927441345,0.9997493006114554,58368,0.0,0.06452786922454834,1.4710824489593506,0.09700901806354523,15.161182531066341,0.0427093505859375
graph.model.23.detect_head.one2one_cv3.0.0.1.conv,detect_one2one_tower,w6,per_output_channel,65536,0.04491001558930893,0.9989909827565753,50176,0.0,0.06452786922454834,1.4710824489593506,0.09700901806354523,15.161182531066341,0.085235595703125
graph.model.23.detect_head.one2one_cv3.0.0.1.conv,detect_one2one_tower,w5,per_output_channel,65536,0.08850214587116179,0.9960761339494859,41984,0.0,0.06452786922454834,1.4710824489593506,0.09700901806354523,15.161182531066341,0.1602020263671875
graph.model.23.detect_head.one2one_cv3.0.0.1.conv,detect_one2one_tower,w4,per_output_channel,65536,0.16432723302225513,0.9864058551257309,33792,0.0,0.06452786922454834,1.4710824489593506,0.09700901806354523,15.161182531066341,0.2722320556640625
graph.model.23.detect_head.one2one_cv3.0.0.1.conv,detect_one2one_tower,fixed-sd4,per_output_channel,65536,0.1756724171884845,0.9844487042502978,33792,0.0,0.06452786922454834,1.4710824489593506,0.09700901806354523,15.161182531066341,0.0402984619140625
graph.model.23.detect_head.one2one_cv3.0.0.1.conv,detect_one2one_tower,exact-ternary,per_tensor,65536,0.5690311654934781,0.8223159142353774,16388,0.0,0.06452786922454834,1.4710824489593506,0.09700901806354523,15.161182531066341,0.691314697265625
graph.model.23.detect_head.one2one_cv3.0.0.1.conv,detect_one2one_tower,twn-v3,per_output_filter,65536,0.5447864816666228,0.8385747670496513,17408,0.0,0.06452786922454834,1.4710824489593506,0.09700901806354523,15.161182531066341,0.5175933837890625
graph.model.23.detect_head.one2one_cv3.0.0.1.conv,detect_one2one_tower,paper-twn-v2,per_tensor,65536,0.5918635430220923,0.8060381792702748,16388,0.0,0.06452786922454834,1.4710824489593506,0.09700901806354523,15.161182531066341,0.52484130859375
graph.model.23.detect_head.one2one_cv3.0.1.0.conv,detect_one2one_tower,w8,per_output_channel,2304,0.003794728540302505,0.9999926947653818,3328,0.0,0.4962979853153229,16.35199737548828,1.4242936372756958,11.474778689486497,0.0186631940305233
graph.model.23.detect_head.one2one_cv3.0.1.0.conv,detect_one2one_tower,w7,per_output_channel,2304,0.007895958930665897,0.9999687958392568,3040,0.0,0.4962979853153229,16.35199737548828,1.4242936372756958,11.474778689486497,0.0338541679084301
graph.model.23.detect_head.one2one_cv3.0.1.0.conv,detect_one2one_tower,w6,per_output_channel,2304,0.017994946340341232,0.9998379156082886,2752,0.0,0.4962979853153229,16.35199737548828,1.4242936372756958,11.474778689486497,0.0785590261220932
graph.model.23.detect_head.one2one_cv3.0.1.0.conv,detect_one2one_tower,w5,per_output_channel,2304,0.03272405827833272,0.9994643326085368,2464,0.0,0.4962979853153229,16.35199737548828,1.4242936372756958,11.474778689486497,0.1553819477558136
graph.model.23.detect_head.one2one_cv3.0.1.0.conv,detect_one2one_tower,w4,per_output_channel,2304,0.07842764953790829,0.9969197635310477,2176,0.0,0.4962979853153229,16.35199737548828,1.4242936372756958,11.474778689486497,0.2534722089767456
graph.model.23.detect_head.one2one_cv3.0.1.0.conv,detect_one2one_tower,fixed-sd4,per_output_channel,2304,0.07412019534087323,0.997249302106857,2176,0.0,0.4962979853153229,16.35199737548828,1.4242936372756958,11.474778689486497,0.0329861119389534
graph.model.23.detect_head.one2one_cv3.0.1.0.conv,detect_one2one_tower,exact-ternary,per_tensor,2304,0.5433407151659279,0.8395121084611021,580,0.0,0.4962979853153229,16.35199737548828,1.4242936372756958,11.474778689486497,0.9895833134651184
graph.model.23.detect_head.one2one_cv3.0.1.0.conv,detect_one2one_tower,twn-v3,per_output_filter,2304,0.359281133508123,0.9332293544301309,1600,0.0,0.4962979853153229,16.35199737548828,1.4242936372756958,11.474778689486497,0.5060763955116272
graph.model.23.detect_head.one2one_cv3.0.1.0.conv,detect_one2one_tower,paper-twn-v2,per_tensor,2304,0.8611738073281134,0.5083104533961813,580,0.0,0.4962979853153229,16.35199737548828,1.4242936372756958,11.474778689486497,0.7022569179534912
graph.model.23.detect_head.one2one_cv3.0.1.1.conv,detect_one2one_tower,w8,per_output_channel,65536,0.011243008517233125,0.9999368056012738,66560,0.0,0.1481514275074005,10.055971145629883,0.24937523901462555,40.284650932593955,0.017242431640625
graph.model.23.detect_head.one2one_cv3.0.1.1.conv,detect_one2one_tower,w7,per_output_channel,65536,0.022126318078313296,0.9997551514023347,58368,0.0,0.1481514275074005,10.055971145629883,0.24937523901462555,40.284650932593955,0.033355712890625
graph.model.23.detect_head.one2one_cv3.0.1.1.conv,detect_one2one_tower,w6,per_output_channel,65536,0.044024209549136537,0.9990304173332374,50176,0.0,0.1481514275074005,10.055971145629883,0.24937523901462555,40.284650932593955,0.06475830078125
graph.model.23.detect_head.one2one_cv3.0.1.1.conv,detect_one2one_tower,w5,per_output_channel,65536,0.08273727387289899,0.996571289103331,41984,0.0,0.1481514275074005,10.055971145629883,0.24937523901462555,40.284650932593955,0.12274169921875
graph.model.23.detect_head.one2one_cv3.0.1.1.conv,detect_one2one_tower,w4,per_output_channel,65536,0.14669745849954183,0.9891814597399711,33792,0.0,0.1481514275074005,10.055971145629883,0.24937523901462555,40.284650932593955,0.2100830078125
graph.model.23.detect_head.one2one_cv3.0.1.1.conv,detect_one2one_tower,fixed-sd4,per_output_channel,65536,0.16349852125869743,0.9865435696745111,33792,0.0,0.1481514275074005,10.055971145629883,0.24937523901462555,40.284650932593955,0.03106689453125
graph.model.23.detect_head.one2one_cv3.0.1.1.conv,detect_one2one_tower,exact-ternary,per_tensor,65536,0.7141637957126558,0.6999785939760546,16388,0.0,0.1481514275074005,10.055971145629883,0.24937523901462555,40.284650932593955,0.5968475341796875
graph.model.23.detect_head.one2one_cv3.0.1.1.conv,detect_one2one_tower,twn-v3,per_output_filter,65536,0.6117289347347064,0.7910674121865205,17408,0.0,0.1481514275074005,10.055971145629883,0.24937523901462555,40.284650932593955,0.4942626953125
graph.model.23.detect_head.one2one_cv3.0.1.1.conv,detect_one2one_tower,paper-twn-v2,per_tensor,65536,0.7197706963085075,0.6942118874922653,16388,0.0,0.1481514275074005,10.055971145629883,0.24937523901462555,40.284650932593955,0.48419189453125
graph.model.23.detect_head.one2one_cv3.0.2,detect_one2one_predictor,w8,per_output_channel,20480,0.009052163445797193,0.9999588804225588,20800,0.0,0.06123967096209526,0.5141748189926147,0.08440277725458145,5.911641907649458,0.01850586012005806
graph.model.23.detect_head.one2one_cv3.0.2,detect_one2one_predictor,w7,per_output_channel,20480,0.018228274515861155,0.999833885683459,18240,0.0,0.06123967096209526,0.5141748189926147,0.08440277725458145,5.911641907649458,0.03774414211511612
graph.model.23.detect_head.one2one_cv3.0.2,detect_one2one_predictor,w6,per_output_channel,20480,0.036449078177678805,0.9993354262765936,15680,0.0,0.06123967096209526,0.5141748189926147,0.08440277725458145,5.911641907649458,0.07631836086511612
graph.model.23.detect_head.one2one_cv3.0.2,detect_one2one_predictor,w5,per_output_channel,20480,0.07069814170930053,0.9974976296473089,13120,0.0,0.06123967096209526,0.5141748189926147,0.08440277725458145,5.911641907649458,0.14291992783546448
graph.model.23.detect_head.one2one_cv3.0.2,detect_one2one_predictor,w4,per_output_channel,20480,0.13164711250653346,0.9912965321391569,10560,0.0,0.06123967096209526,0.5141748189926147,0.08440277725458145,5.911641907649458,0.24628905951976776
graph.model.23.detect_head.one2one_cv3.0.2,detect_one2one_predictor,fixed-sd4,per_output_channel,20480,0.1787231045715407,0.9838993723692308,10560,0.0,0.06123967096209526,0.5141748189926147,0.08440277725458145,5.911641907649458,0.034912109375
graph.model.23.detect_head.one2one_cv3.0.2,detect_one2one_predictor,exact-ternary,per_tensor,20480,0.5251567460173159,0.8510054259534776,5124,0.0,0.06123967096209526,0.5141748189926147,0.08440277725458145,5.911641907649458,0.656542956829071
graph.model.23.detect_head.one2one_cv3.0.2,detect_one2one_predictor,twn-v3,per_output_filter,20480,0.5387073081195954,0.8424929888008202,5440,0.0,0.06123967096209526,0.5141748189926147,0.08440277725458145,5.911641907649458,0.5355468988418579
graph.model.23.detect_head.one2one_cv3.0.2,detect_one2one_predictor,paper-twn-v2,per_tensor,20480,0.5455024138969617,0.8381092508930988,5124,0.0,0.06123967096209526,0.5141748189926147,0.08440277725458145,5.911641907649458,0.508496105670929
graph.model.23.detect_head.one2one_cv3.1.0.0.conv,detect_one2one_tower,w8,per_output_channel,4608,0.003518733418562529,0.9999938047465522,6656,0.0,0.32176676392555237,5.0614776611328125,0.5036324262619019,9.951298104568618,0.0106336809694767
graph.model.23.detect_head.one2one_cv3.1.0.0.conv,detect_one2one_tower,w7,per_output_channel,4608,0.007657063680282384,0.999970661807409,6080,0.0,0.32176676392555237,5.0614776611328125,0.5036324262619019,9.951298104568618,0.0217013880610466
graph.model.23.detect_head.one2one_cv3.1.0.0.conv,detect_one2one_tower,w6,per_output_channel,4608,0.017034424103353315,0.9998549390765936,5504,0.0,0.32176676392555237,5.0614776611328125,0.5036324262619019,9.951298104568618,0.0447048619389534
graph.model.23.detect_head.one2one_cv3.1.0.0.conv,detect_one2one_tower,w5,per_output_channel,4608,0.03722687286277499,0.9993068663514492,4928,0.0,0.32176676392555237,5.0614776611328125,0.5036324262619019,9.951298104568618,0.0935329869389534
graph.model.23.detect_head.one2one_cv3.1.0.0.conv,detect_one2one_tower,w4,per_output_channel,4608,0.08163332437952323,0.9966624182493352,4352,0.0,0.32176676392555237,5.0614776611328125,0.5036324262619019,9.951298104568618,0.1805555522441864
graph.model.23.detect_head.one2one_cv3.1.0.0.conv,detect_one2one_tower,fixed-sd4,per_output_channel,4608,0.11502930916179743,0.9933621762681722,4352,0.0,0.32176676392555237,5.0614776611328125,0.5036324262619019,9.951298104568618,0.0186631940305233
graph.model.23.detect_head.one2one_cv3.1.0.0.conv,detect_one2one_tower,exact-ternary,per_tensor,4608,0.6212539034763315,0.7836093170804465,1156,0.0,0.32176676392555237,5.0614776611328125,0.5036324262619019,9.951298104568618,0.6961805820465088
graph.model.23.detect_head.one2one_cv3.1.0.0.conv,detect_one2one_tower,twn-v3,per_output_filter,4608,0.4663577333229665,0.8845962155525338,3200,0.0,0.32176676392555237,5.0614776611328125,0.5036324262619019,9.951298104568618,0.4947916567325592
graph.model.23.detect_head.one2one_cv3.1.0.0.conv,detect_one2one_tower,paper-twn-v2,per_tensor,4608,0.6394431641550739,0.7688383704104209,1156,0.0,0.32176676392555237,5.0614776611328125,0.5036324262619019,9.951298104568618,0.5167100429534912
graph.model.23.detect_head.one2one_cv3.1.0.1.conv,detect_one2one_tower,w8,per_output_channel,131072,0.011980272430148178,0.9999281610156857,132096,0.0,0.03532322496175766,0.6945959329605103,0.05088856816291809,13.63657612290853,0.02358245849609375
graph.model.23.detect_head.one2one_cv3.1.0.1.conv,detect_one2one_tower,w7,per_output_channel,131072,0.02398629477134264,0.9997123420559305,115712,0.0,0.03532322496175766,0.6945959329605103,0.05088856816291809,13.63657612290853,0.04660797119140625
graph.model.23.detect_head.one2one_cv3.1.0.1.conv,detect_one2one_tower,w6,per_output_channel,131072,0.047563842386389145,0.9988681861010187,99328,0.0,0.03532322496175766,0.6945959329605103,0.05088856816291809,13.63657612290853,0.08921051025390625
graph.model.23.detect_head.one2one_cv3.1.0.1.conv,detect_one2one_tower,w5,per_output_channel,131072,0.09141523226975608,0.9958128021009172,82944,0.0,0.03532322496175766,0.6945959329605103,0.05088856816291809,13.63657612290853,0.16149139404296875
graph.model.23.detect_head.one2one_cv3.1.0.1.conv,detect_one2one_tower,w4,per_output_channel,131072,0.16450903497050187,0.9863755989902628,66560,0.0,0.03532322496175766,0.6945959329605103,0.05088856816291809,13.63657612290853,0.262481689453125
graph.model.23.detect_head.one2one_cv3.1.0.1.conv,detect_one2one_tower,fixed-sd4,per_output_channel,131072,0.1824524740183673,0.9832146794785421,66560,0.0,0.03532322496175766,0.6945959329605103,0.05088856816291809,13.63657612290853,0.04390716552734375
graph.model.23.detect_head.one2one_cv3.1.0.1.conv,detect_one2one_tower,exact-ternary,per_tensor,131072,0.5453285640818437,0.8382222992844741,32772,0.0,0.03532322496175766,0.6945959329605103,0.05088856816291809,13.63657612290853,0.6529541015625
graph.model.23.detect_head.one2one_cv3.1.0.1.conv,detect_one2one_tower,twn-v3,per_output_filter,131072,0.538076584898669,0.842895927095248,33792,0.0,0.03532322496175766,0.6945959329605103,0.05088856816291809,13.63657612290853,0.5147857666015625
graph.model.23.detect_head.one2one_cv3.1.0.1.conv,detect_one2one_tower,paper-twn-v2,per_tensor,131072,0.5631180691286909,0.8263763975820719,32772,0.0,0.03532322496175766,0.6945959329605103,0.05088856816291809,13.63657612290853,0.5059432983398438
graph.model.23.detect_head.one2one_cv3.1.1.0.conv,detect_one2one_tower,w8,per_output_channel,2304,0.003344087804792914,0.9999943695934586,3328,0.0,0.4540679156780243,14.17147445678711,1.143221139907837,12.391191803500071,0.014322916977107525
graph.model.23.detect_head.one2one_cv3.1.1.0.conv,detect_one2one_tower,w7,per_output_channel,2304,0.007850437707519252,0.9999692956714594,3040,0.0,0.4540679156780243,14.17147445678711,1.143221139907837,12.391191803500071,0.0334201380610466
graph.model.23.detect_head.one2one_cv3.1.1.0.conv,detect_one2one_tower,w6,per_output_channel,2304,0.016450316333822202,0.99986457790893,2752,0.0,0.4540679156780243,14.17147445678711,1.143221139907837,12.391191803500071,0.0572916679084301
graph.model.23.detect_head.one2one_cv3.1.1.0.conv,detect_one2one_tower,w5,per_output_channel,2304,0.03597014606649894,0.9993529438318739,2464,0.0,0.4540679156780243,14.17147445678711,1.143221139907837,12.391191803500071,0.1111111119389534
graph.model.23.detect_head.one2one_cv3.1.1.0.conv,detect_one2one_tower,w4,per_output_channel,2304,0.07787490630324197,0.996963160121392,2176,0.0,0.4540679156780243,14.17147445678711,1.143221139907837,12.391191803500071,0.1922743022441864
graph.model.23.detect_head.one2one_cv3.1.1.0.conv,detect_one2one_tower,fixed-sd4,per_output_channel,2304,0.08183743369240538,0.9966458315575872,2176,0.0,0.4540679156780243,14.17147445678711,1.143221139907837,12.391191803500071,0.0282118059694767
graph.model.23.detect_head.one2one_cv3.1.1.0.conv,detect_one2one_tower,exact-ternary,per_tensor,2304,0.6358425218998552,0.7718188176923884,580,0.0,0.4540679156780243,14.17147445678711,1.143221139907837,12.391191803500071,0.9639756679534912
graph.model.23.detect_head.one2one_cv3.1.1.0.conv,detect_one2one_tower,twn-v3,per_output_filter,2304,0.3072825958507735,0.951618378307731,1600,0.0,0.4540679156780243,14.17147445678711,1.143221139907837,12.391191803500071,0.4157986044883728
graph.model.23.detect_head.one2one_cv3.1.1.0.conv,detect_one2one_tower,paper-twn-v2,per_tensor,2304,0.8290971999098721,0.559104510225785,580,0.0,0.4540679156780243,14.17147445678711,1.143221139907837,12.391191803500071,0.69921875
graph.model.23.detect_head.one2one_cv3.1.1.1.conv,detect_one2one_tower,w8,per_output_channel,65536,0.01495710385443817,0.9998882052369366,66560,0.0,0.13217097520828247,20.987794876098633,0.2941291630268097,71.28779522942483,0.017791748046875
graph.model.23.detect_head.one2one_cv3.1.1.1.conv,detect_one2one_tower,w7,per_output_channel,65536,0.02906865570381892,0.9995774266239397,58368,0.0,0.13217097520828247,20.987794876098633,0.2941291630268097,71.28779522942483,0.0349578857421875
graph.model.23.detect_head.one2one_cv3.1.1.1.conv,detect_one2one_tower,w6,per_output_channel,65536,0.050944151793221135,0.9987014903743028,50176,0.0,0.13217097520828247,20.987794876098633,0.2941291630268097,71.28779522942483,0.06634521484375
graph.model.23.detect_head.one2one_cv3.1.1.1.conv,detect_one2one_tower,w5,per_output_channel,65536,0.08592844687684269,0.9963013020957545,41984,0.0,0.13217097520828247,20.987794876098633,0.2941291630268097,71.28779522942483,0.1226959228515625
graph.model.23.detect_head.one2one_cv3.1.1.1.conv,detect_one2one_tower,w4,per_output_channel,65536,0.14687406221348956,0.989155171567647,33792,0.0,0.13217097520828247,20.987794876098633,0.2941291630268097,71.28779522942483,0.2095184326171875
graph.model.23.detect_head.one2one_cv3.1.1.1.conv,detect_one2one_tower,fixed-sd4,per_output_channel,65536,0.17191995082247752,0.9851109393076891,33792,0.0,0.13217097520828247,20.987794876098633,0.2941291630268097,71.28779522942483,0.03302001953125
graph.model.23.detect_head.one2one_cv3.1.1.1.conv,detect_one2one_tower,exact-ternary,per_tensor,65536,0.7866821477733968,0.6173582763304415,16388,0.0,0.13217097520828247,20.987794876098633,0.2941291630268097,71.28779522942483,0.999053955078125
graph.model.23.detect_head.one2one_cv3.1.1.1.conv,detect_one2one_tower,twn-v3,per_output_filter,65536,0.6663192946686877,0.7456665746372678,17408,0.0,0.13217097520828247,20.987794876098633,0.2941291630268097,71.28779522942483,0.49609375
graph.model.23.detect_head.one2one_cv3.1.1.1.conv,detect_one2one_tower,paper-twn-v2,per_tensor,65536,0.8472694165470024,0.5311634402447932,16388,0.0,0.13217097520828247,20.987794876098633,0.2941291630268097,71.28779522942483,0.5010986328125
graph.model.23.detect_head.one2one_cv3.1.2,detect_one2one_predictor,w8,per_output_channel,20480,0.009879014260529076,0.9999510925927947,20800,0.0,0.058124613016843796,0.5937214493751526,0.08629600703716278,6.619993077621045,0.027099609375
graph.model.23.detect_head.one2one_cv3.1.2,detect_one2one_predictor,w7,per_output_channel,20480,0.019785322152418836,0.9998041665150699,18240,0.0,0.058124613016843796,0.5937214493751526,0.08629600703716278,6.619993077621045,0.05439453199505806
graph.model.23.detect_head.one2one_cv3.1.2,detect_one2one_predictor,w6,per_output_channel,20480,0.039287407316583325,0.9992280227566668,15680,0.0,0.058124613016843796,0.5937214493751526,0.08629600703716278,6.619993077621045,0.10468749701976776
graph.model.23.detect_head.one2one_cv3.1.2,detect_one2one_predictor,w5,per_output_channel,20480,0.07653075561645767,0.9970671434680191,13120,0.0,0.058124613016843796,0.5937214493751526,0.08629600703716278,6.619993077621045,0.192626953125
graph.model.23.detect_head.one2one_cv3.1.2,detect_one2one_predictor,w4,per_output_channel,20480,0.14157577397774562,0.9899273047320148,10560,0.0,0.058124613016843796,0.5937214493751526,0.08629600703716278,6.619993077621045,0.32490235567092896
graph.model.23.detect_head.one2one_cv3.1.2,detect_one2one_predictor,fixed-sd4,per_output_channel,20480,0.17531171742593046,0.9845130445615764,10560,0.0,0.058124613016843796,0.5937214493751526,0.08629600703716278,6.619993077621045,0.04912109300494194
graph.model.23.detect_head.one2one_cv3.1.2,detect_one2one_predictor,exact-ternary,per_tensor,20480,0.5277350794013613,0.8494089807028506,5124,0.0,0.058124613016843796,0.5937214493751526,0.08629600703716278,6.619993077621045,0.7940429449081421
graph.model.23.detect_head.one2one_cv3.1.2,detect_one2one_predictor,twn-v3,per_output_filter,20480,0.578434189729492,0.8157290105674802,5440,0.0,0.058124613016843796,0.5937214493751526,0.08629600703716278,6.619993077621045,0.594433605670929
graph.model.23.detect_head.one2one_cv3.1.2,detect_one2one_predictor,paper-twn-v2,per_tensor,20480,0.5895139514342298,0.8077581086706787,5124,0.0,0.058124613016843796,0.5937214493751526,0.08629600703716278,6.619993077621045,0.5660156011581421
graph.model.23.detect_head.one2one_cv3.2.0.0.conv,detect_one2one_tower,w8,per_output_channel,4608,0.0026408484709844484,0.9999963672955853,6656,0.0,0.19078630208969116,4.651133060455322,0.3797559142112732,12.103531535878147,0.0086805559694767
graph.model.23.detect_head.one2one_cv3.2.0.0.conv,detect_one2one_tower,w7,per_output_channel,4608,0.005662342527550005,0.9999839890924896,6080,0.0,0.19078630208969116,4.651133060455322,0.3797559142112732,12.103531535878147,0.01822916604578495
graph.model.23.detect_head.one2one_cv3.2.0.0.conv,detect_one2one_tower,w6,per_output_channel,4608,0.012933732420309804,0.9999164893109732,5504,0.0,0.19078630208969116,4.651133060455322,0.3797559142112732,12.103531535878147,0.0381944440305233
graph.model.23.detect_head.one2one_cv3.2.0.0.conv,detect_one2one_tower,w5,per_output_channel,4608,0.02925705960832484,0.9995720124871814,4928,0.0,0.19078630208969116,4.651133060455322,0.3797559142112732,12.103531535878147,0.0724826380610466
graph.model.23.detect_head.one2one_cv3.2.0.0.conv,detect_one2one_tower,w4,per_output_channel,4608,0.06218213509806982,0.9980648596472202,4352,0.0,0.19078630208969116,4.651133060455322,0.3797559142112732,12.103531535878147,0.1404079794883728
graph.model.23.detect_head.one2one_cv3.2.0.0.conv,detect_one2one_tower,fixed-sd4,per_output_channel,4608,0.13498890082964113,0.9908471269007271,4352,0.0,0.19078630208969116,4.651133060455322,0.3797559142112732,12.103531535878147,0.0167100690305233
graph.model.23.detect_head.one2one_cv3.2.0.0.conv,detect_one2one_tower,exact-ternary,per_tensor,4608,0.665938645759743,0.7460065748905473,1156,0.0,0.19078630208969116,4.651133060455322,0.3797559142112732,12.103531535878147,0.9819878339767456
graph.model.23.detect_head.one2one_cv3.2.0.0.conv,detect_one2one_tower,twn-v3,per_output_filter,4608,0.38921951409490124,0.9211449771558576,3200,0.0,0.19078630208969116,4.651133060455322,0.3797559142112732,12.103531535878147,0.4605034589767456
graph.model.23.detect_head.one2one_cv3.2.0.0.conv,detect_one2one_tower,paper-twn-v2,per_tensor,4608,0.7577028925008922,0.6525997023780409,1156,0.0,0.19078630208969116,4.651133060455322,0.3797559142112732,12.103531535878147,0.5870225429534912
graph.model.23.detect_head.one2one_cv3.2.0.1.conv,detect_one2one_tower,w8,per_output_channel,131072,0.011957298860495638,0.9999284726602989,132096,0.0,0.0307440385222435,0.5588124394416809,0.04378042370080948,12.753824505443916,0.02347564697265625
graph.model.23.detect_head.one2one_cv3.2.0.1.conv,detect_one2one_tower,w7,per_output_channel,131072,0.0240216999490672,0.9997114338495452,115712,0.0,0.0307440385222435,0.5588124394416809,0.04378042370080948,12.753824505443916,0.04624176025390625
graph.model.23.detect_head.one2one_cv3.2.0.1.conv,detect_one2one_tower,w6,per_output_channel,131072,0.04764076735875141,0.9988645088946428,99328,0.0,0.0307440385222435,0.5588124394416809,0.04378042370080948,12.753824505443916,0.08881378173828125
graph.model.23.detect_head.one2one_cv3.2.0.1.conv,detect_one2one_tower,w5,per_output_channel,131072,0.09204774395735738,0.9957546508582706,82944,0.0,0.0307440385222435,0.5588124394416809,0.04378042370080948,12.753824505443916,0.1613616943359375
graph.model.23.detect_head.one2one_cv3.2.0.1.conv,detect_one2one_tower,w4,per_output_channel,131072,0.16526774749969853,0.9862486958942464,66560,0.0,0.0307440385222435,0.5588124394416809,0.04378042370080948,12.753824505443916,0.26261138916015625
graph.model.23.detect_head.one2one_cv3.2.0.1.conv,detect_one2one_tower,fixed-sd4,per_output_channel,131072,0.18261234597001091,0.9831850049771426,66560,0.0,0.0307440385222435,0.5588124394416809,0.04378042370080948,12.753824505443916,0.04427337646484375
graph.model.23.detect_head.one2one_cv3.2.0.1.conv,detect_one2one_tower,exact-ternary,per_tensor,131072,0.5415279543438443,0.8406827072513693,32772,0.0,0.0307440385222435,0.5588124394416809,0.04378042370080948,12.753824505443916,0.6391754150390625
graph.model.23.detect_head.one2one_cv3.2.0.1.conv,detect_one2one_tower,twn-v3,per_output_filter,131072,0.5413108388204156,0.8408225950909588,33792,0.0,0.0307440385222435,0.5588124394416809,0.04378042370080948,12.753824505443916,0.5161590576171875
graph.model.23.detect_head.one2one_cv3.2.0.1.conv,detect_one2one_tower,paper-twn-v2,per_tensor,131072,0.5575445640208958,0.8301470105534047,32772,0.0,0.0307440385222435,0.5588124394416809,0.04378042370080948,12.753824505443916,0.49935150146484375
graph.model.23.detect_head.one2one_cv3.2.1.0.conv,detect_one2one_tower,w8,per_output_channel,2304,0.003405637376446285,0.9999940303495743,3328,0.0,0.3634701371192932,7.8847551345825195,0.7311967015266418,10.760204792414712,0.00824652798473835
graph.model.23.detect_head.one2one_cv3.2.1.0.conv,detect_one2one_tower,w7,per_output_channel,2304,0.0069351803496120815,0.9999759238364345,3040,0.0,0.3634701371192932,7.8847551345825195,0.7311967015266418,10.760204792414712,0.0164930559694767
graph.model.23.detect_head.one2one_cv3.2.1.0.conv,detect_one2one_tower,w6,per_output_channel,2304,0.015925281582328987,0.9998732482792506,2752,0.0,0.3634701371192932,7.8847551345825195,0.7311967015266418,10.760204792414712,0.0325520820915699
graph.model.23.detect_head.one2one_cv3.2.1.0.conv,detect_one2one_tower,w5,per_output_channel,2304,0.030681797141418263,0.9995291762294917,2464,0.0,0.3634701371192932,7.8847551345825195,0.7311967015266418,10.760204792414712,0.0607638880610466
graph.model.23.detect_head.one2one_cv3.2.1.0.conv,detect_one2one_tower,w4,per_output_channel,2304,0.06776546043707062,0.9977013189184304,2176,0.0,0.3634701371192932,7.8847551345825195,0.7311967015266418,10.760204792414712,0.1197916641831398
graph.model.23.detect_head.one2one_cv3.2.1.0.conv,detect_one2one_tower,fixed-sd4,per_output_channel,2304,0.10453068083512448,0.9945215460223022,2176,0.0,0.3634701371192932,7.8847551345825195,0.7311967015266418,10.760204792414712,0.015625
graph.model.23.detect_head.one2one_cv3.2.1.0.conv,detect_one2one_tower,exact-ternary,per_tensor,2304,0.6463179314297351,0.7630682351614466,580,0.0,0.3634701371192932,7.8847551345825195,0.7311967015266418,10.760204792414712,0.9865451455116272
graph.model.23.detect_head.one2one_cv3.2.1.0.conv,detect_one2one_tower,twn-v3,per_output_filter,2304,0.3705588145397433,0.9288089769328746,1600,0.0,0.3634701371192932,7.8847551345825195,0.7311967015266418,10.760204792414712,0.4049479067325592
graph.model.23.detect_head.one2one_cv3.2.1.0.conv,detect_one2one_tower,paper-twn-v2,per_tensor,2304,0.8020069743482766,0.5973146890581446,580,0.0,0.3634701371192932,7.8847551345825195,0.7311967015266418,10.760204792414712,0.5525173544883728
graph.model.23.detect_head.one2one_cv3.2.1.1.conv,detect_one2one_tower,w8,per_output_channel,65536,0.016189633794119265,0.9998688532038582,66560,0.0,0.11692722141742706,15.843395233154297,0.23375697433948517,67.7601932164918,0.02032470703125
graph.model.23.detect_head.one2one_cv3.2.1.1.conv,detect_one2one_tower,w7,per_output_channel,65536,0.030305692295125752,0.9995406877391536,58368,0.0,0.11692722141742706,15.843395233154297,0.23375697433948517,67.7601932164918,0.0384521484375
graph.model.23.detect_head.one2one_cv3.2.1.1.conv,detect_one2one_tower,w6,per_output_channel,65536,0.0547953758819729,0.9984976079967882,50176,0.0,0.11692722141742706,15.843395233154297,0.23375697433948517,67.7601932164918,0.0712738037109375
graph.model.23.detect_head.one2one_cv3.2.1.1.conv,detect_one2one_tower,w5,per_output_channel,65536,0.09638216094090317,0.995344387255176,41984,0.0,0.11692722141742706,15.843395233154297,0.23375697433948517,67.7601932164918,0.1264801025390625
graph.model.23.detect_head.one2one_cv3.2.1.1.conv,detect_one2one_tower,w4,per_output_channel,65536,0.16398285354020029,0.9864631374422022,33792,0.0,0.11692722141742706,15.843395233154297,0.23375697433948517,67.7601932164918,0.2069091796875
graph.model.23.detect_head.one2one_cv3.2.1.1.conv,detect_one2one_tower,fixed-sd4,per_output_channel,65536,0.17279086680955513,0.9849585342638331,33792,0.0,0.11692722141742706,15.843395233154297,0.23375697433948517,67.7601932164918,0.0374603271484375
graph.model.23.detect_head.one2one_cv3.2.1.1.conv,detect_one2one_tower,exact-ternary,per_tensor,65536,0.8052346876078297,0.5929561855801899,16388,0.0,0.11692722141742706,15.843395233154297,0.23375697433948517,67.7601932164918,0.6304779052734375
graph.model.23.detect_head.one2one_cv3.2.1.1.conv,detect_one2one_tower,twn-v3,per_output_filter,65536,0.6695784638181076,0.7427413512534663,17408,0.0,0.11692722141742706,15.843395233154297,0.23375697433948517,67.7601932164918,0.4890899658203125
graph.model.23.detect_head.one2one_cv3.2.1.1.conv,detect_one2one_tower,paper-twn-v2,per_tensor,65536,0.8099919968211399,0.586440872504668,16388,0.0,0.11692722141742706,15.843395233154297,0.23375697433948517,67.7601932164918,0.489654541015625
graph.model.23.detect_head.one2one_cv3.2.2,detect_one2one_predictor,w8,per_output_channel,20480,1.812711403155932e-07,1.0,20800,0.056884765625,0.05984047055244446,0.8088847398757935,0.09200885146856308,8.459247103144708,0.056884765625
graph.model.23.detect_head.one2one_cv3.2.2,detect_one2one_predictor,w7,per_output_channel,20480,1.7154583686754984e-07,1.0,18240,0.056884765625,0.05984047055244446,0.8088847398757935,0.09200885146856308,8.459247103144708,0.056884765625
graph.model.23.detect_head.one2one_cv3.2.2,detect_one2one_predictor,w6,per_output_channel,20480,0.030522818213363438,0.999533998149528,15680,0.056884765625,0.05984047055244446,0.8088847398757935,0.09200885146856308,8.459247103144708,0.056884765625
graph.model.23.detect_head.one2one_cv3.2.2,detect_one2one_predictor,w5,per_output_channel,20480,0.07712922097274331,0.997021180071422,13120,0.056884765625,0.05984047055244446,0.8088847398757935,0.09200885146856308,8.459247103144708,0.17539063096046448
graph.model.23.detect_head.one2one_cv3.2.2,detect_one2one_predictor,w4,per_output_channel,20480,0.17717090947525063,0.98418010885237,10560,0.056884765625,0.05984047055244446,0.8088847398757935,0.09200885146856308,8.459247103144708,0.3414062559604645
graph.model.23.detect_head.one2one_cv3.2.2,detect_one2one_predictor,fixed-sd4,per_output_channel,20480,1.7760752928235748e-07,1.0,10560,0.056884765625,0.05984047055244446,0.8088847398757935,0.09200885146856308,8.459247103144708,0.056884765625
graph.model.23.detect_head.one2one_cv3.2.2,detect_one2one_predictor,exact-ternary,per_tensor,20480,0.5710526326975693,0.8209133869247831,5124,0.056884765625,0.05984047055244446,0.8088847398757935,0.09200885146856308,8.459247103144708,0.828417956829071
graph.model.23.detect_head.one2one_cv3.2.2,detect_one2one_predictor,twn-v3,per_output_filter,20480,0.605949726393881,0.7955029153563423,5440,0.056884765625,0.05984047055244446,0.8088847398757935,0.09200885146856308,8.459247103144708,0.6058593988418579
graph.model.23.detect_head.one2one_cv3.2.2,detect_one2one_predictor,paper-twn-v2,per_tensor,20480,0.6211279117267934,0.7837091525485947,5124,0.056884765625,0.05984047055244446,0.8088847398757935,0.09200885146856308,8.459247103144708,0.587207019329071
graph.model.23.pose_head.one2one_cv2.0.0.conv,pose_one2one_tower,w8,per_output_channel,147456,0.00894162154612973,0.9999600026699291,147712,0.0,0.015673071146011353,0.12795141339302063,0.02006375975906849,6.376618192128785,0.012451171875
graph.model.23.pose_head.one2one_cv2.0.0.conv,pose_one2one_tower,w7,per_output_channel,147456,0.01769456657988723,0.9998434697120778,129280,0.0,0.015673071146011353,0.12795141339302063,0.02006375975906849,6.376618192128785,0.0246853306889534
graph.model.23.pose_head.one2one_cv2.0.0.conv,pose_one2one_tower,w6,per_output_channel,147456,0.03400902064160927,0.9994215627115657,110848,0.0,0.015673071146011353,0.12795141339302063,0.02006375975906849,6.376618192128785,0.0459323450922966
graph.model.23.pose_head.one2one_cv2.0.0.conv,pose_one2one_tower,w5,per_output_channel,147456,0.06331229511594577,0.997993767445477,92416,0.0,0.015673071146011353,0.12795141339302063,0.02006375975906849,6.376618192128785,0.0828721821308136
graph.model.23.pose_head.one2one_cv2.0.0.conv,pose_one2one_tower,w4,per_output_channel,147456,0.11505791662476181,0.9933587128387991,73984,0.0,0.015673071146011353,0.12795141339302063,0.02006375975906849,6.376618192128785,0.1441107839345932
graph.model.23.pose_head.one2one_cv2.0.0.conv,pose_one2one_tower,fixed-sd4,per_output_channel,147456,0.19079721267252034,0.981629533073404,73984,0.0,0.015673071146011353,0.12795141339302063,0.02006375975906849,6.376618192128785,0.0243801549077034
graph.model.23.pose_head.one2one_cv2.0.0.conv,pose_one2one_tower,exact-ternary,per_tensor,147456,0.4608793780255072,0.8874628546047603,36868,0.0,0.015673071146011353,0.12795141339302063,0.02006375975906849,6.376618192128785,0.4857245683670044
graph.model.23.pose_head.one2one_cv2.0.0.conv,pose_one2one_tower,twn-v3,per_output_filter,147456,0.4474889953311739,0.8942894560396092,37120,0.0,0.015673071146011353,0.12795141339302063,0.02006375975906849,6.376618192128785,0.4552069902420044
graph.model.23.pose_head.one2one_cv2.0.0.conv,pose_one2one_tower,paper-twn-v2,per_tensor,147456,0.4636876301266585,0.8859987934432176,36868,0.0,0.015673071146011353,0.12795141339302063,0.02006375975906849,6.376618192128785,0.4350721538066864
graph.model.23.pose_head.one2one_cv2.0.1.conv,pose_one2one_tower,w8,per_output_channel,36864,0.0069832018472134215,0.9999756052571205,37120,0.0,0.01605371944606304,0.10844343155622482,0.02001357264816761,5.402096122488183,0.009684245102107525
graph.model.23.pose_head.one2one_cv2.0.1.conv,pose_one2one_tower,w7,per_output_channel,36864,0.014021072520653174,0.9999016779714733,32512,0.0,0.01605371944606304,0.10844343155622482,0.02001357264816761,5.402096122488183,0.01798502542078495
graph.model.23.pose_head.one2one_cv2.0.1.conv,pose_one2one_tower,w6,per_output_channel,36864,0.02792782436570784,0.9996099265092132,27904,0.0,0.01605371944606304,0.10844343155622482,0.02001357264816761,5.402096122488183,0.034912109375
graph.model.23.pose_head.one2one_cv2.0.1.conv,pose_one2one_tower,w5,per_output_channel,36864,0.0541968946362235,0.9985302818358464,23296,0.0,0.01605371944606304,0.10844343155622482,0.02001357264816761,5.402096122488183,0.0640462264418602
graph.model.23.pose_head.one2one_cv2.0.1.conv,pose_one2one_tower,w4,per_output_channel,36864,0.10241853433468422,0.9947413949754476,18688,0.0,0.01605371944606304,0.10844343155622482,0.02001357264816761,5.402096122488183,0.1172688826918602
graph.model.23.pose_head.one2one_cv2.0.1.conv,pose_one2one_tower,fixed-sd4,per_output_channel,36864,0.18698163510857177,0.9823633992189693,18688,0.0,0.01605371944606304,0.10844343155622482,0.02001357264816761,5.402096122488183,0.01652018167078495
graph.model.23.pose_head.one2one_cv2.0.1.conv,pose_one2one_tower,exact-ternary,per_tensor,36864,0.43983518690117956,0.898078496458825,9220,0.0,0.01605371944606304,0.10844343155622482,0.02001357264816761,5.402096122488183,0.4502224326133728
graph.model.23.pose_head.one2one_cv2.0.1.conv,pose_one2one_tower,twn-v3,per_output_filter,36864,0.42297177842761,0.9061429263908016,9472,0.0,0.01605371944606304,0.10844343155622482,0.02001357264816761,5.402096122488183,0.4336479902267456
graph.model.23.pose_head.one2one_cv2.0.1.conv,pose_one2one_tower,paper-twn-v2,per_tensor,36864,0.44103095848315743,0.897491926346179,9220,0.0,0.01605371944606304,0.10844343155622482,0.02001357264816761,5.402096122488183,0.4198947548866272
graph.model.23.pose_head.one2one_cv2.0.2,pose_one2one_predictor,w8,per_output_channel,256,0.004869870291646418,0.9999880458084657,272,0.0,0.057755716145038605,0.1934848129749298,0.07090888172388077,2.6982590224580503,0.00390625
graph.model.23.pose_head.one2one_cv2.0.2,pose_one2one_predictor,w7,per_output_channel,256,0.01056377405908288,0.99994425783344,240,0.0,0.057755716145038605,0.1934848129749298,0.07090888172388077,2.6982590224580503,0.015625
graph.model.23.pose_head.one2one_cv2.0.2,pose_one2one_predictor,w6,per_output_channel,256,0.020854382615014957,0.9997825381557142,208,0.0,0.057755716145038605,0.1934848129749298,0.07090888172388077,2.6982590224580503,0.046875
graph.model.23.pose_head.one2one_cv2.0.2,pose_one2one_predictor,w5,per_output_channel,256,0.044614853612125825,0.9990042331654423,176,0.0,0.057755716145038605,0.1934848129749298,0.07090888172388077,2.6982590224580503,0.08203125
graph.model.23.pose_head.one2one_cv2.0.2,pose_one2one_predictor,w4,per_output_channel,256,0.08752352811459506,0.9961625641355434,144,0.0,0.057755716145038605,0.1934848129749298,0.07090888172388077,2.6982590224580503,0.125
graph.model.23.pose_head.one2one_cv2.0.2,pose_one2one_predictor,fixed-sd4,per_output_channel,256,0.17144511268865043,0.9851936098113364,144,0.0,0.057755716145038605,0.1934848129749298,0.07090888172388077,2.6982590224580503,0.01171875
graph.model.23.pose_head.one2one_cv2.0.2,pose_one2one_predictor,exact-ternary,per_tensor,256,0.42621451898161883,0.9046221346228802,68,0.0,0.057755716145038605,0.1934848129749298,0.07090888172388077,2.6982590224580503,0.43359375
graph.model.23.pose_head.one2one_cv2.0.2,pose_one2one_predictor,twn-v3,per_output_filter,256,0.42634243853520915,0.9045618164741996,80,0.0,0.057755716145038605,0.1934848129749298,0.07090888172388077,2.6982590224580503,0.4375
graph.model.23.pose_head.one2one_cv2.0.2,pose_one2one_predictor,paper-twn-v2,per_tensor,256,0.4276642260350628,0.903937675445614,68,0.0,0.057755716145038605,0.1934848129749298,0.07090888172388077,2.6982590224580503,0.4140625
graph.model.23.pose_head.one2one_cv2.1.0.conv,pose_one2one_tower,w8,per_output_channel,294912,1.738777729172783e-07,1.0000000335030255,295168,0.1546054482460022,0.0037949015386402607,0.02034313604235649,0.004911953117698431,4.141294164071804,0.1546054482460022
graph.model.23.pose_head.one2one_cv2.1.0.conv,pose_one2one_tower,w7,per_output_channel,294912,1.721086508564813e-07,1.0000000335030255,258304,0.1546054482460022,0.0037949015386402607,0.02034313604235649,0.004911953117698431,4.141294164071804,0.1546054482460022
graph.model.23.pose_head.one2one_cv2.1.0.conv,pose_one2one_tower,w6,per_output_channel,294912,1.7574888728809312e-07,0.9999999664969754,221440,0.1546054482460022,0.0037949015386402607,0.02034313604235649,0.004911953117698431,4.141294164071804,0.1546054482460022
graph.model.23.pose_head.one2one_cv2.1.0.conv,pose_one2one_tower,w5,per_output_channel,294912,1.4469479498868211e-07,1.0,184576,0.1546054482460022,0.0037949015386402607,0.02034313604235649,0.004911953117698431,4.141294164071804,0.1546054482460022
graph.model.23.pose_head.one2one_cv2.1.0.conv,pose_one2one_tower,w4,per_output_channel,294912,1.535238403996494e-07,0.9999999664969754,147712,0.1546054482460022,0.0037949015386402607,0.02034313604235649,0.004911953117698431,4.141294164071804,0.1546054482460022
graph.model.23.pose_head.one2one_cv2.1.0.conv,pose_one2one_tower,fixed-sd4,per_output_channel,294912,0.1729298411415259,0.9849341769179585,147712,0.1546054482460022,0.0037949015386402607,0.02034313604235649,0.004911953117698431,4.141294164071804,0.1546054482460022
graph.model.23.pose_head.one2one_cv2.1.0.conv,pose_one2one_tower,exact-ternary,per_tensor,294912,0.45155948340885765,0.892240932809022,73732,0.1546054482460022,0.0037949015386402607,0.02034313604235649,0.004911953117698431,4.141294164071804,0.4548984169960022
graph.model.23.pose_head.one2one_cv2.1.0.conv,pose_one2one_tower,twn-v3,per_output_filter,294912,0.43499446383038065,0.900433080622519,73984,0.1546054482460022,0.0037949015386402607,0.02034313604235649,0.004911953117698431,4.141294164071804,0.4382798969745636
graph.model.23.pose_head.one2one_cv2.1.0.conv,pose_one2one_tower,paper-twn-v2,per_tensor,294912,0.4522487023993356,0.8918918437364385,73732,0.1546054482460022,0.0037949015386402607,0.02034313604235649,0.004911953117698431,4.141294164071804,0.4448072612285614
graph.model.23.pose_head.one2one_cv2.1.1.conv,pose_one2one_tower,w8,per_output_channel,36864,0.007684708710220269,0.999970482364935,37120,0.0,0.01660449244081974,0.1399991661310196,0.02077087201178074,6.7012345302000975,0.01030815951526165
graph.model.23.pose_head.one2one_cv2.1.1.conv,pose_one2one_tower,w7,per_output_channel,36864,0.015386857567764964,0.9998816850695261,32512,0.0,0.01660449244081974,0.1399991661310196,0.02077087201178074,6.7012345302000975,0.0200466588139534
graph.model.23.pose_head.one2one_cv2.1.1.conv,pose_one2one_tower,w6,per_output_channel,36864,0.030803699747907847,0.9995254673475131,27904,0.0,0.01660449244081974,0.1399991661310196,0.02077087201178074,6.7012345302000975,0.0382215715944767
graph.model.23.pose_head.one2one_cv2.1.1.conv,pose_one2one_tower,w5,per_output_channel,36864,0.05953700942945413,0.9982261067779568,23296,0.0,0.01660449244081974,0.1399991661310196,0.02077087201178074,6.7012345302000975,0.0719401016831398
graph.model.23.pose_head.one2one_cv2.1.1.conv,pose_one2one_tower,w4,per_output_channel,36864,0.11130788990043125,0.9937859604175956,18688,0.0,0.01660449244081974,0.1399991661310196,0.02077087201178074,6.7012345302000975,0.1234537735581398
graph.model.23.pose_head.one2one_cv2.1.1.conv,pose_one2one_tower,fixed-sd4,per_output_channel,36864,0.1868195444295623,0.9823942987956399,18688,0.0,0.01660449244081974,0.1399991661310196,0.02077087201178074,6.7012345302000975,0.0191514752805233
graph.model.23.pose_head.one2one_cv2.1.1.conv,pose_one2one_tower,exact-ternary,per_tensor,36864,0.4520574433041316,0.8919888656240216,9220,0.0,0.01660449244081974,0.1399991661310196,0.02077087201178074,6.7012345302000975,0.4474012553691864
graph.model.23.pose_head.one2one_cv2.1.1.conv,pose_one2one_tower,twn-v3,per_output_filter,36864,0.4321920002953807,0.9017816443871584,9472,0.0,0.01660449244081974,0.1399991661310196,0.02077087201178074,6.7012345302000975,0.4353841245174408
graph.model.23.pose_head.one2one_cv2.1.1.conv,pose_one2one_tower,paper-twn-v2,per_tensor,36864,0.45316047288513817,0.891429040359837,9220,0.0,0.01660449244081974,0.1399991661310196,0.02077087201178074,6.7012345302000975,0.4159613847732544
graph.model.23.pose_head.one2one_cv2.1.2,pose_one2one_predictor,w8,per_output_channel,256,0.0047939277364016306,0.9999886423004075,272,0.0,0.057834427803754807,0.17860673367977142,0.07302474975585938,2.4051689320629257,0.01171875
graph.model.23.pose_head.one2one_cv2.1.2,pose_one2one_predictor,w7,per_output_channel,256,0.00997306208975242,0.999950177162383,240,0.0,0.057834427803754807,0.17860673367977142,0.07302474975585938,2.4051689320629257,0.015625
graph.model.23.pose_head.one2one_cv2.1.2,pose_one2one_predictor,w6,per_output_channel,256,0.019452414002779403,0.9998107866976831,208,0.0,0.057834427803754807,0.17860673367977142,0.07302474975585938,2.4051689320629257,0.02734375
graph.model.23.pose_head.one2one_cv2.1.2,pose_one2one_predictor,w5,per_output_channel,256,0.043627977050118345,0.9990477852643418,176,0.0,0.057834427803754807,0.17860673367977142,0.07302474975585938,2.4051689320629257,0.07421875
graph.model.23.pose_head.one2one_cv2.1.2,pose_one2one_predictor,w4,per_output_channel,256,0.08846701479761167,0.9960791648974326,144,0.0,0.057834427803754807,0.17860673367977142,0.07302474975585938,2.4051689320629257,0.15625
graph.model.23.pose_head.one2one_cv2.1.2,pose_one2one_predictor,fixed-sd4,per_output_channel,256,0.16830452079569577,0.985735030997555,144,0.0,0.057834427803754807,0.17860673367977142,0.07302474975585938,2.4051689320629257,0.01171875
graph.model.23.pose_head.one2one_cv2.1.2,pose_one2one_predictor,exact-ternary,per_tensor,256,0.4260298180854217,0.9047091562677195,68,0.0,0.057834427803754807,0.17860673367977142,0.07302474975585938,2.4051689320629257,0.5390625
graph.model.23.pose_head.one2one_cv2.1.2,pose_one2one_predictor,twn-v3,per_output_filter,256,0.42527749182527497,0.9050630699023365,80,0.0,0.057834427803754807,0.17860673367977142,0.07302474975585938,2.4051689320629257,0.484375
graph.model.23.pose_head.one2one_cv2.1.2,pose_one2one_predictor,paper-twn-v2,per_tensor,256,0.43088187129362965,0.9024083054016968,68,0.0,0.057834427803754807,0.17860673367977142,0.07302474975585938,2.4051689320629257,0.46484375
graph.model.23.pose_head.one2one_cv2.2.0.conv,pose_one2one_tower,w8,per_output_channel,294912,0.010115876424749553,0.9999488668134207,295168,0.0,0.0008061162661761045,0.007108652964234352,0.0010419508907943964,6.775282218105252,0.014858669601380825
graph.model.23.pose_head.one2one_cv2.2.0.conv,pose_one2one_tower,w7,per_output_channel,294912,0.019790148206087006,0.9998041737155977,258304,0.0,0.0008061162661761045,0.007108652964234352,0.0010419508907943964,6.775282218105252,0.0285780169069767
graph.model.23.pose_head.one2one_cv2.2.0.conv,pose_one2one_tower,w6,per_output_channel,294912,0.03760171120860771,0.9992927148253233,221440,0.0,0.0008061162661761045,0.007108652964234352,0.0010419508907943964,6.775282218105252,0.0525953508913517
graph.model.23.pose_head.one2one_cv2.2.0.conv,pose_one2one_tower,w5,per_output_channel,294912,0.06936570650747782,0.9975912315289902,184576,0.0,0.0008061162661761045,0.007108652964234352,0.0010419508907943964,6.775282218105252,0.0933702290058136
graph.model.23.pose_head.one2one_cv2.2.0.conv,pose_one2one_tower,w4,per_output_channel,294912,0.12412755019740371,0.9922662339998257,147712,0.0,0.0008061162661761045,0.007108652964234352,0.0010419508907943964,6.775282218105252,0.1595560759305954
graph.model.23.pose_head.one2one_cv2.2.0.conv,pose_one2one_tower,fixed-sd4,per_output_channel,294912,0.19189321683663088,0.9814158371262518,147712,0.0,0.0008061162661761045,0.007108652964234352,0.0010419508907943964,6.775282218105252,0.02879842184484005
graph.model.23.pose_head.one2one_cv2.2.0.conv,pose_one2one_tower,exact-ternary,per_tensor,294912,0.4771000275230593,0.8788490001609945,73732,0.0,0.0008061162661761045,0.007108652964234352,0.0010419508907943964,6.775282218105252,0.5069715976715088
graph.model.23.pose_head.one2one_cv2.2.0.conv,pose_one2one_tower,twn-v3,per_output_filter,294912,0.4635914426106809,0.8860490423723268,73984,0.0,0.0008061162661761045,0.007108652964234352,0.0010419508907943964,6.775282218105252,0.4647420346736908
graph.model.23.pose_head.one2one_cv2.2.0.conv,pose_one2one_tower,paper-twn-v2,per_tensor,294912,0.4811159023892133,0.8766570351725046,73732,0.0,0.0008061162661761045,0.007108652964234352,0.0010419508907943964,6.775282218105252,0.4459058940410614
graph.model.23.pose_head.one2one_cv2.2.1.conv,pose_one2one_tower,w8,per_output_channel,36864,0.007028640408033413,0.9999751980531815,37120,0.0,0.014386611059308052,0.10651639103889465,0.018198419362306595,5.848586446235159,0.00873480923473835
graph.model.23.pose_head.one2one_cv2.2.1.conv,pose_one2one_tower,w7,per_output_channel,36864,0.01410910101352322,0.9999003963727331,32512,0.0,0.014386611059308052,0.10651639103889465,0.018198419362306595,5.848586446235159,0.0179307721555233
graph.model.23.pose_head.one2one_cv2.2.1.conv,pose_one2one_tower,w6,per_output_channel,36864,0.028079952432159338,0.9996057749063986,27904,0.0,0.014386611059308052,0.10651639103889465,0.018198419362306595,5.848586446235159,0.0332845039665699
graph.model.23.pose_head.one2one_cv2.2.1.conv,pose_one2one_tower,w5,per_output_channel,36864,0.05525865114212615,0.998472003404356,23296,0.0,0.014386611059308052,0.10651639103889465,0.018198419362306595,5.848586446235159,0.0632595494389534
graph.model.23.pose_head.one2one_cv2.2.1.conv,pose_one2one_tower,w4,per_output_channel,36864,0.10487087779348891,0.9944857613852311,18688,0.0,0.014386611059308052,0.10651639103889465,0.018198419362306595,5.848586446235159,0.118896484375
graph.model.23.pose_head.one2one_cv2.2.1.conv,pose_one2one_tower,fixed-sd4,per_output_channel,36864,0.1858888022022561,0.9825708226207751,18688,0.0,0.014386611059308052,0.10651639103889465,0.018198419362306595,5.848586446235159,0.01578775979578495
graph.model.23.pose_head.one2one_cv2.2.1.conv,pose_one2one_tower,exact-ternary,per_tensor,36864,0.45491555502595704,0.8905344374653968,9220,0.0,0.014386611059308052,0.10651639103889465,0.018198419362306595,5.848586446235159,0.4633517861366272
graph.model.23.pose_head.one2one_cv2.2.1.conv,pose_one2one_tower,twn-v3,per_output_filter,36864,0.421809773922705,0.9066843307490169,9472,0.0,0.014386611059308052,0.10651639103889465,0.018198419362306595,5.848586446235159,0.4341905415058136
graph.model.23.pose_head.one2one_cv2.2.1.conv,pose_one2one_tower,paper-twn-v2,per_tensor,36864,0.45653413620571853,0.8897058747032159,9220,0.0,0.014386611059308052,0.10651639103889465,0.018198419362306595,5.848586446235159,0.4269748330116272
graph.model.23.pose_head.one2one_cv2.2.2,pose_one2one_predictor,w8,per_output_channel,256,0.003982756686183185,0.9999921659637357,272,0.0,0.07599888741970062,0.1892949342727661,0.08990776538848877,2.097663400700269,0.0
graph.model.23.pose_head.one2one_cv2.2.2,pose_one2one_predictor,w7,per_output_channel,256,0.00838760251235334,0.9999648320922497,240,0.0,0.07599888741970062,0.1892949342727661,0.08990776538848877,2.097663400700269,0.00390625
graph.model.23.pose_head.one2one_cv2.2.2,pose_one2one_predictor,w6,per_output_channel,256,0.016599543271580215,0.9998621232841808,208,0.0,0.07599888741970062,0.1892949342727661,0.08990776538848877,2.097663400700269,0.01171875
graph.model.23.pose_head.one2one_cv2.2.2,pose_one2one_predictor,w5,per_output_channel,256,0.03465173107047061,0.9993994597227558,176,0.0,0.07599888741970062,0.1892949342727661,0.08990776538848877,2.097663400700269,0.01953125
graph.model.23.pose_head.one2one_cv2.2.2,pose_one2one_predictor,w4,per_output_channel,256,0.07446339268972095,0.9972238203595786,144,0.0,0.07599888741970062,0.1892949342727661,0.08990776538848877,2.097663400700269,0.0859375
graph.model.23.pose_head.one2one_cv2.2.2,pose_one2one_predictor,fixed-sd4,per_output_channel,256,0.16598973990406826,0.9861274624988566,144,0.0,0.07599888741970062,0.1892949342727661,0.08990776538848877,2.097663400700269,0.00390625
graph.model.23.pose_head.one2one_cv2.2.2,pose_one2one_predictor,exact-ternary,per_tensor,256,0.3421325474808178,0.9396516937986329,68,0.0,0.07599888741970062,0.1892949342727661,0.08990776538848877,2.097663400700269,0.39453125
graph.model.23.pose_head.one2one_cv2.2.2,pose_one2one_predictor,twn-v3,per_output_filter,256,0.3480773754089762,0.9374658535126913,80,0.0,0.07599888741970062,0.1892949342727661,0.08990776538848877,2.097663400700269,0.4140625
graph.model.23.pose_head.one2one_cv2.2.2,pose_one2one_predictor,paper-twn-v2,per_tensor,256,0.3424428196870624,0.9395387095394251,68,0.0,0.07599888741970062,0.1892949342727661,0.08990776538848877,2.097663400700269,0.37890625
graph.model.23.pose_head.one2one_cv3.0.0.0.conv,pose_one2one_tower,w8,per_output_channel,2304,0.002274922543580866,0.9999973808548243,3328,0.0,1.0541129112243652,6.673213958740234,1.3247907161712646,5.030268266934523,0.00434027798473835
graph.model.23.pose_head.one2one_cv3.0.0.0.conv,pose_one2one_tower,w7,per_output_channel,2304,0.005081376279097598,0.999987175154729,3040,0.0,1.0541129112243652,6.673213958740234,1.3247907161712646,5.030268266934523,0.0078125
graph.model.23.pose_head.one2one_cv3.0.0.0.conv,pose_one2one_tower,w6,per_output_channel,2304,0.011078562294945892,0.9999385837558049,2752,0.0,1.0541129112243652,6.673213958740234,1.3247907161712646,5.030268266934523,0.015625
graph.model.23.pose_head.one2one_cv3.0.0.0.conv,pose_one2one_tower,w5,per_output_channel,2304,0.023585114651881917,0.999721850609973,2464,0.0,1.0541129112243652,6.673213958740234,1.3247907161712646,5.030268266934523,0.03081597201526165
graph.model.23.pose_head.one2one_cv3.0.0.0.conv,pose_one2one_tower,w4,per_output_channel,2304,0.05400809985131744,0.9985404341412769,2176,0.0,1.0541129112243652,6.673213958740234,1.3247907161712646,5.030268266934523,0.0659722238779068
graph.model.23.pose_head.one2one_cv3.0.0.0.conv,pose_one2one_tower,fixed-sd4,per_output_channel,2304,0.13687025899244418,0.9905890033701445,2176,0.0,1.0541129112243652,6.673213958740234,1.3247907161712646,5.030268266934523,0.00737847201526165
graph.model.23.pose_head.one2one_cv3.0.0.0.conv,pose_one2one_tower,exact-ternary,per_tensor,2304,0.4599953153381159,0.8879213675909643,580,0.0,1.0541129112243652,6.673213958740234,1.3247907161712646,5.030268266934523,0.44140625
graph.model.23.pose_head.one2one_cv3.0.0.0.conv,pose_one2one_tower,twn-v3,per_output_filter,2304,0.33734506648275125,0.9413810232084873,1600,0.0,1.0541129112243652,6.673213958740234,1.3247907161712646,5.030268266934523,0.3667534589767456
graph.model.23.pose_head.one2one_cv3.0.0.0.conv,pose_one2one_tower,paper-twn-v2,per_tensor,2304,0.46076394753582534,0.8875227912969513,580,0.0,1.0541129112243652,6.673213958740234,1.3247907161712646,5.030268266934523,0.41796875
graph.model.23.pose_head.one2one_cv3.0.0.1.conv,pose_one2one_tower,w8,per_output_channel,65536,0.006500048739563574,0.9999790255446861,66560,0.0,0.0744457021355629,0.4957982003688812,0.09196998924016953,5.390795872042628,0.0084381103515625
graph.model.23.pose_head.one2one_cv3.0.0.1.conv,pose_one2one_tower,w7,per_output_channel,65536,0.013098574948479786,0.9999143372074351,58368,0.0,0.0744457021355629,0.4957982003688812,0.09196998924016953,5.390795872042628,0.0170135498046875
graph.model.23.pose_head.one2one_cv3.0.0.1.conv,pose_one2one_tower,w6,per_output_channel,65536,0.026255831467856143,0.9996551555060407,50176,0.0,0.0744457021355629,0.4957982003688812,0.09196998924016953,5.390795872042628,0.033905029296875
graph.model.23.pose_head.one2one_cv3.0.0.1.conv,pose_one2one_tower,w5,per_output_channel,65536,0.05221519478831754,0.9986358941736467,41984,0.0,0.0744457021355629,0.4957982003688812,0.09196998924016953,5.390795872042628,0.065643310546875
graph.model.23.pose_head.one2one_cv3.0.0.1.conv,pose_one2one_tower,w4,per_output_channel,65536,0.10082382850562382,0.9949042583842379,33792,0.0,0.0744457021355629,0.4957982003688812,0.09196998924016953,5.390795872042628,0.119903564453125
graph.model.23.pose_head.one2one_cv3.0.0.1.conv,pose_one2one_tower,fixed-sd4,per_output_channel,65536,0.18293323449755597,0.9831254472558992,33792,0.0,0.0744457021355629,0.4957982003688812,0.09196998924016953,5.390795872042628,0.0159454345703125
graph.model.23.pose_head.one2one_cv3.0.0.1.conv,pose_one2one_tower,exact-ternary,per_tensor,65536,0.42505988571488595,0.9051653230985365,16388,0.0,0.0744457021355629,0.4957982003688812,0.09196998924016953,5.390795872042628,0.4333953857421875
graph.model.23.pose_head.one2one_cv3.0.0.1.conv,pose_one2one_tower,twn-v3,per_output_filter,65536,0.4221740420308598,0.9065148583104071,17408,0.0,0.0744457021355629,0.4957982003688812,0.09196998924016953,5.390795872042628,0.435760498046875
graph.model.23.pose_head.one2one_cv3.0.0.1.conv,pose_one2one_tower,paper-twn-v2,per_tensor,65536,0.42579121977156753,0.904821446987316,16388,0.0,0.0744457021355629,0.4957982003688812,0.09196998924016953,5.390795872042628,0.40966796875
graph.model.23.pose_head.one2one_cv3.0.1.0.conv,pose_one2one_tower,w8,per_output_channel,2304,0.0023073770214499722,0.999997315076364,3328,0.0,0.5185609459877014,1.7809436321258545,0.6159898042678833,2.889593294611636,0.00390625
graph.model.23.pose_head.one2one_cv3.0.1.0.conv,pose_one2one_tower,w7,per_output_channel,2304,0.004946629809303054,0.9999876911350127,3040,0.0,0.5185609459877014,1.7809436321258545,0.6159898042678833,2.889593294611636,0.0078125
graph.model.23.pose_head.one2one_cv3.0.1.0.conv,pose_one2one_tower,w6,per_output_channel,2304,0.010923667347187735,0.9999402674625848,2752,0.0,0.5185609459877014,1.7809436321258545,0.6159898042678833,2.889593294611636,0.01953125
graph.model.23.pose_head.one2one_cv3.0.1.0.conv,pose_one2one_tower,w5,per_output_channel,2304,0.023814954753215285,0.9997164740941155,2464,0.0,0.5185609459877014,1.7809436321258545,0.6159898042678833,2.889593294611636,0.0368923619389534
graph.model.23.pose_head.one2one_cv3.0.1.0.conv,pose_one2one_tower,w4,per_output_channel,2304,0.05314125469508705,0.9985870476680698,2176,0.0,0.5185609459877014,1.7809436321258545,0.6159898042678833,2.889593294611636,0.06640625
graph.model.23.pose_head.one2one_cv3.0.1.0.conv,pose_one2one_tower,fixed-sd4,per_output_channel,2304,0.13793803520514697,0.990440696723158,2176,0.0,0.5185609459877014,1.7809436321258545,0.6159898042678833,2.889593294611636,0.0069444444961845875
graph.model.23.pose_head.one2one_cv3.0.1.0.conv,pose_one2one_tower,exact-ternary,per_tensor,2304,0.38355209308283195,0.9235192050810863,580,0.0,0.5185609459877014,1.7809436321258545,0.6159898042678833,2.889593294611636,0.3576388955116272
graph.model.23.pose_head.one2one_cv3.0.1.0.conv,pose_one2one_tower,twn-v3,per_output_filter,2304,0.33183029184755974,0.9433391276290864,1600,0.0,0.5185609459877014,1.7809436321258545,0.6159898042678833,2.889593294611636,0.3637152910232544
graph.model.23.pose_head.one2one_cv3.0.1.0.conv,pose_one2one_tower,paper-twn-v2,per_tensor,2304,0.38363408601030374,0.9234851856153646,580,0.0,0.5185609459877014,1.7809436321258545,0.6159898042678833,2.889593294611636,0.36328125
graph.model.23.pose_head.one2one_cv3.0.1.1.conv,pose_one2one_tower,w8,per_output_channel,65536,0.006312994233997051,0.99998009379105,66560,0.0,0.07012015581130981,0.5800884366035461,0.08589739352464676,6.752340601656137,0.0084381103515625
graph.model.23.pose_head.one2one_cv3.0.1.1.conv,pose_one2one_tower,w7,per_output_channel,65536,0.01273552328915108,0.9999189205413168,58368,0.0,0.07012015581130981,0.5800884366035461,0.08589739352464676,6.752340601656137,0.01617431640625
graph.model.23.pose_head.one2one_cv3.0.1.1.conv,pose_one2one_tower,w6,per_output_channel,65536,0.02564599333200031,0.9996710982085912,50176,0.0,0.07012015581130981,0.5800884366035461,0.08589739352464676,6.752340601656137,0.0315399169921875
graph.model.23.pose_head.one2one_cv3.0.1.1.conv,pose_one2one_tower,w5,per_output_channel,65536,0.050796563671595206,0.9987090136001697,41984,0.0,0.07012015581130981,0.5800884366035461,0.08589739352464676,6.752340601656137,0.060882568359375
graph.model.23.pose_head.one2one_cv3.0.1.1.conv,pose_one2one_tower,w4,per_output_channel,65536,0.09772451928413226,0.9952135019121867,33792,0.0,0.07012015581130981,0.5800884366035461,0.08589739352464676,6.752340601656137,0.112640380859375
graph.model.23.pose_head.one2one_cv3.0.1.1.conv,pose_one2one_tower,fixed-sd4,per_output_channel,65536,0.1829898106874326,0.9831149220793234,33792,0.0,0.07012015581130981,0.5800884366035461,0.08589739352464676,6.752340601656137,0.0153350830078125
graph.model.23.pose_head.one2one_cv3.0.1.1.conv,pose_one2one_tower,exact-ternary,per_tensor,65536,0.41828270077221325,0.9083170008535919,16388,0.0,0.07012015581130981,0.5800884366035461,0.08589739352464676,6.752340601656137,0.4153594970703125
graph.model.23.pose_head.one2one_cv3.0.1.1.conv,pose_one2one_tower,twn-v3,per_output_filter,65536,0.41103710541773064,0.9116186143173105,17408,0.0,0.07012015581130981,0.5800884366035461,0.08589739352464676,6.752340601656137,0.4237060546875
graph.model.23.pose_head.one2one_cv3.0.1.1.conv,pose_one2one_tower,paper-twn-v2,per_tensor,65536,0.4186109536612195,0.9081656966485742,16388,0.0,0.07012015581130981,0.5800884366035461,0.08589739352464676,6.752340601656137,0.3998870849609375
graph.model.23.pose_head.one2one_cv3.0.2,pose_one2one_predictor,w8,per_output_channel,512,0.004791586538941083,0.9999885905003917,520,0.0,0.12288118898868561,0.36949536204338074,0.10544741153717041,2.4270998493726808,0.01953125
graph.model.23.pose_head.one2one_cv3.0.2,pose_one2one_predictor,w7,per_output_channel,512,0.009817563207079502,0.9999517848133392,456,0.0,0.12288118898868561,0.36949536204338074,0.10544741153717041,2.4270998493726808,0.03125
graph.model.23.pose_head.one2one_cv3.0.2,pose_one2one_predictor,w6,per_output_channel,512,0.019379002429520432,0.9998121203042937,392,0.0,0.12288118898868561,0.36949536204338074,0.10544741153717041,2.4270998493726808,0.060546875
graph.model.23.pose_head.one2one_cv3.0.2,pose_one2one_predictor,w5,per_output_channel,512,0.037486300227948306,0.9992970484152762,328,0.0,0.12288118898868561,0.36949536204338074,0.10544741153717041,2.4270998493726808,0.109375
graph.model.23.pose_head.one2one_cv3.0.2,pose_one2one_predictor,w4,per_output_channel,512,0.07010901872035334,0.9975393351543522,264,0.0,0.12288118898868561,0.36949536204338074,0.10544741153717041,2.4270998493726808,0.171875
graph.model.23.pose_head.one2one_cv3.0.2,pose_one2one_predictor,fixed-sd4,per_output_channel,512,0.17349065078672446,0.9848355213616761,264,0.0,0.12288118898868561,0.36949536204338074,0.10544741153717041,2.4270998493726808,0.025390625
graph.model.23.pose_head.one2one_cv3.0.2,pose_one2one_predictor,exact-ternary,per_tensor,512,0.34426619275799436,0.9388720403522159,132,0.0,0.12288118898868561,0.36949536204338074,0.10544741153717041,2.4270998493726808,0.458984375
graph.model.23.pose_head.one2one_cv3.0.2,pose_one2one_predictor,twn-v3,per_output_filter,512,0.34543439122453456,0.9384427794485244,136,0.0,0.12288118898868561,0.36949536204338074,0.10544741153717041,2.4270998493726808,0.43359375
graph.model.23.pose_head.one2one_cv3.0.2,pose_one2one_predictor,paper-twn-v2,per_tensor,512,0.34804617484975964,0.9374772417940156,132,0.0,0.12288118898868561,0.36949536204338074,0.10544741153717041,2.4270998493726808,0.41796875
graph.model.23.pose_head.one2one_cv3.1.0.0.conv,pose_one2one_tower,w8,per_output_channel,4608,0.0023258541160027756,0.9999973874939261,6656,0.0,0.7098897099494934,5.858829021453857,0.9282946586608887,6.3107491057117935,0.00434027798473835
graph.model.23.pose_head.one2one_cv3.1.0.0.conv,pose_one2one_tower,w7,per_output_channel,4608,0.0050176590779312654,0.9999874599085896,6080,0.0,0.7098897099494934,5.858829021453857,0.9282946586608887,6.3107491057117935,0.0088975690305233
graph.model.23.pose_head.one2one_cv3.1.0.0.conv,pose_one2one_tower,w6,per_output_channel,4608,0.010988367885151833,0.999939726210336,5504,0.0,0.7098897099494934,5.858829021453857,0.9282946586608887,6.3107491057117935,0.01627604104578495
graph.model.23.pose_head.one2one_cv3.1.0.0.conv,pose_one2one_tower,w5,per_output_channel,4608,0.024655168297516402,0.9996961351410121,4928,0.0,0.7098897099494934,5.858829021453857,0.9282946586608887,6.3107491057117935,0.0327690988779068
graph.model.23.pose_head.one2one_cv3.1.0.0.conv,pose_one2one_tower,w4,per_output_channel,4608,0.05425510782849653,0.9985271850842853,4352,0.0,0.7098897099494934,5.858829021453857,0.9282946586608887,6.3107491057117935,0.0616319440305233
graph.model.23.pose_head.one2one_cv3.1.0.0.conv,pose_one2one_tower,fixed-sd4,per_output_channel,4608,0.13706104692515045,0.9905625985933373,4352,0.0,0.7098897099494934,5.858829021453857,0.9282946586608887,6.3107491057117935,0.008029513992369175
graph.model.23.pose_head.one2one_cv3.1.0.0.conv,pose_one2one_tower,exact-ternary,per_tensor,4608,0.4769616640436441,0.8789243083774061,1156,0.0,0.7098897099494934,5.858829021453857,0.9282946586608887,6.3107491057117935,0.5358073115348816
graph.model.23.pose_head.one2one_cv3.1.0.0.conv,pose_one2one_tower,twn-v3,per_output_filter,4608,0.34176920977478015,0.9397838988377069,3200,0.0,0.7098897099494934,5.858829021453857,0.9282946586608887,6.3107491057117935,0.3658854067325592
graph.model.23.pose_head.one2one_cv3.1.0.0.conv,pose_one2one_tower,paper-twn-v2,per_tensor,4608,0.4830661312360704,0.8755840276470125,1156,0.0,0.7098897099494934,5.858829021453857,0.9282946586608887,6.3107491057117935,0.4557291567325592
graph.model.23.pose_head.one2one_cv3.1.0.1.conv,pose_one2one_tower,w8,per_output_channel,131072,0.007539068190790903,0.99997156660963,132096,0.0,0.04895024001598358,0.4257470965385437,0.06097129359841347,6.982670182917451,0.0101165771484375
graph.model.23.pose_head.one2one_cv3.1.0.1.conv,pose_one2one_tower,w7,per_output_channel,131072,0.015111544742687815,0.9998858202089083,115712,0.0,0.04895024001598358,0.4257470965385437,0.06097129359841347,6.982670182917451,0.02017974853515625
graph.model.23.pose_head.one2one_cv3.1.0.1.conv,pose_one2one_tower,w6,per_output_channel,131072,0.03012173370077161,0.999546239513507,99328,0.0,0.04895024001598358,0.4257470965385437,0.06097129359841347,6.982670182917451,0.0392608642578125
graph.model.23.pose_head.one2one_cv3.1.0.1.conv,pose_one2one_tower,w5,per_output_channel,131072,0.05826736073880383,0.9983009806368942,82944,0.0,0.04895024001598358,0.4257470965385437,0.06097129359841347,6.982670182917451,0.07331085205078125
graph.model.23.pose_head.one2one_cv3.1.0.1.conv,pose_one2one_tower,w4,per_output_channel,131072,0.10826618749479129,0.994121969080694,66560,0.0,0.04895024001598358,0.4257470965385437,0.06097129359841347,6.982670182917451,0.12868499755859375
graph.model.23.pose_head.one2one_cv3.1.0.1.conv,pose_one2one_tower,fixed-sd4,per_output_channel,131072,0.18624904592449953,0.9825025842936143,66560,0.0,0.04895024001598358,0.4257470965385437,0.06097129359841347,6.982670182917451,0.01924896240234375
graph.model.23.pose_head.one2one_cv3.1.0.1.conv,pose_one2one_tower,exact-ternary,per_tensor,131072,0.43285498275618994,0.9014637174920896,32772,0.0,0.04895024001598358,0.4257470965385437,0.06097129359841347,6.982670182917451,0.4451446533203125
graph.model.23.pose_head.one2one_cv3.1.0.1.conv,pose_one2one_tower,twn-v3,per_output_filter,131072,0.42827955228473147,0.9036464241925118,33792,0.0,0.04895024001598358,0.4257470965385437,0.06097129359841347,6.982670182917451,0.44073486328125
graph.model.23.pose_head.one2one_cv3.1.0.1.conv,pose_one2one_tower,paper-twn-v2,per_tensor,131072,0.43398066933147633,0.9009222344858906,32772,0.0,0.04895024001598358,0.4257470965385437,0.06097129359841347,6.982670182917451,0.41573333740234375
graph.model.23.pose_head.one2one_cv3.1.1.0.conv,pose_one2one_tower,w8,per_output_channel,2304,0.002283987387330352,0.9999974225748117,3328,0.0,0.5185514688491821,1.8961074352264404,0.6124660968780518,3.0957116850222577,0.0052083334885537624
graph.model.23.pose_head.one2one_cv3.1.1.0.conv,pose_one2one_tower,w7,per_output_channel,2304,0.004915541013629454,0.9999878189594457,3040,0.0,0.5185514688491821,1.8961074352264404,0.6124660968780518,3.0957116850222577,0.009982638992369175
graph.model.23.pose_head.one2one_cv3.1.1.0.conv,pose_one2one_tower,w6,per_output_channel,2304,0.010724551401649995,0.9999423770728089,2752,0.0,0.5185514688491821,1.8961074352264404,0.6124660968780518,3.0957116850222577,0.01519097201526165
graph.model.23.pose_head.one2one_cv3.1.1.0.conv,pose_one2one_tower,w5,per_output_channel,2304,0.02379664675042313,0.9997166552951845,2464,0.0,0.5185514688491821,1.8961074352264404,0.6124660968780518,3.0957116850222577,0.0360243059694767
graph.model.23.pose_head.one2one_cv3.1.1.0.conv,pose_one2one_tower,w4,per_output_channel,2304,0.05209101486690958,0.9986423305563457,2176,0.0,0.5185514688491821,1.8961074352264404,0.6124660968780518,3.0957116850222577,0.0750868022441864
graph.model.23.pose_head.one2one_cv3.1.1.0.conv,pose_one2one_tower,fixed-sd4,per_output_channel,2304,0.13486565858553243,0.9908638499695526,2176,0.0,0.5185514688491821,1.8961074352264404,0.6124660968780518,3.0957116850222577,0.00824652798473835
graph.model.23.pose_head.one2one_cv3.1.1.0.conv,pose_one2one_tower,exact-ternary,per_tensor,2304,0.3777120710209648,0.9259230832514711,580,0.0,0.5185514688491821,1.8961074352264404,0.6124660968780518,3.0957116850222577,0.3328993022441864
graph.model.23.pose_head.one2one_cv3.1.1.0.conv,pose_one2one_tower,twn-v3,per_output_filter,2304,0.3293298239213565,0.944214914777572,1600,0.0,0.5185514688491821,1.8961074352264404,0.6124660968780518,3.0957116850222577,0.3563368022441864
graph.model.23.pose_head.one2one_cv3.1.1.0.conv,pose_one2one_tower,paper-twn-v2,per_tensor,2304,0.3782413839247984,0.9257069267635722,580,0.0,0.5185514688491821,1.8961074352264404,0.6124660968780518,3.0957116850222577,0.3463541567325592
graph.model.23.pose_head.one2one_cv3.1.1.1.conv,pose_one2one_tower,w8,per_output_channel,65536,0.006401075705060395,0.9999795055784787,66560,0.0,0.07311639189720154,0.5153809785842896,0.08939098566770554,5.7629123480847655,0.007110595703125
graph.model.23.pose_head.one2one_cv3.1.1.1.conv,pose_one2one_tower,w7,per_output_channel,65536,0.012912706556186515,0.9999166789829239,58368,0.0,0.07311639189720154,0.5153809785842896,0.08939098566770554,5.7629123480847655,0.014862060546875
graph.model.23.pose_head.one2one_cv3.1.1.1.conv,pose_one2one_tower,w6,per_output_channel,65536,0.026003706713049274,0.999661897932405,50176,0.0,0.07311639189720154,0.5153809785842896,0.08939098566770554,5.7629123480847655,0.030853271484375
graph.model.23.pose_head.one2one_cv3.1.1.1.conv,pose_one2one_tower,w5,per_output_channel,65536,0.0517271498051183,0.9986612471246472,41984,0.0,0.07311639189720154,0.5153809785842896,0.08939098566770554,5.7629123480847655,0.0598602294921875
graph.model.23.pose_head.one2one_cv3.1.1.1.conv,pose_one2one_tower,w4,per_output_channel,65536,0.09982740760995343,0.9950047672601352,33792,0.0,0.07311639189720154,0.5153809785842896,0.08939098566770554,5.7629123480847655,0.109405517578125
graph.model.23.pose_head.one2one_cv3.1.1.1.conv,pose_one2one_tower,fixed-sd4,per_output_channel,65536,0.1833103062179059,0.9830550899157691,33792,0.0,0.07311639189720154,0.5153809785842896,0.08939098566770554,5.7629123480847655,0.014007568359375
graph.model.23.pose_head.one2one_cv3.1.1.1.conv,pose_one2one_tower,exact-ternary,per_tensor,65536,0.4189651961806867,0.9080023402891055,16388,0.0,0.07311639189720154,0.5153809785842896,0.08939098566770554,5.7629123480847655,0.409912109375
graph.model.23.pose_head.one2one_cv3.1.1.1.conv,pose_one2one_tower,twn-v3,per_output_filter,65536,0.4101842853304987,0.9120026122401422,17408,0.0,0.07311639189720154,0.5153809785842896,0.08939098566770554,5.7629123480847655,0.4198150634765625
graph.model.23.pose_head.one2one_cv3.1.1.1.conv,pose_one2one_tower,paper-twn-v2,per_tensor,65536,0.41918474518080306,0.9079008457017229,16388,0.0,0.07311639189720154,0.5153809785842896,0.08939098566770554,5.7629123480847655,0.397125244140625
graph.model.23.pose_head.one2one_cv3.1.2,pose_one2one_predictor,w8,per_output_channel,512,0.005070736091912276,0.9999870531334537,520,0.0,0.1250874102115631,0.4047866463661194,0.10629133135080338,2.5959641926310426,0.029296875
graph.model.23.pose_head.one2one_cv3.1.2,pose_one2one_predictor,w7,per_output_channel,512,0.009998593062088917,0.9999499736058747,456,0.0,0.1250874102115631,0.4047866463661194,0.10629133135080338,2.5959641926310426,0.048828125
graph.model.23.pose_head.one2one_cv3.1.2,pose_one2one_predictor,w6,per_output_channel,512,0.02015474355385753,0.9997968704599594,392,0.0,0.1250874102115631,0.4047866463661194,0.10629133135080338,2.5959641926310426,0.076171875
graph.model.23.pose_head.one2one_cv3.1.2,pose_one2one_predictor,w5,per_output_channel,512,0.03884785191277299,0.9992451244893955,328,0.0,0.1250874102115631,0.4047866463661194,0.10629133135080338,2.5959641926310426,0.10546875
graph.model.23.pose_head.one2one_cv3.1.2,pose_one2one_predictor,w4,per_output_channel,512,0.074718663765124,0.9972046824706032,264,0.0,0.1250874102115631,0.4047866463661194,0.10629133135080338,2.5959641926310426,0.1640625
graph.model.23.pose_head.one2one_cv3.1.2,pose_one2one_predictor,fixed-sd4,per_output_channel,512,0.1759063676136289,0.9844068685258275,264,0.0,0.1250874102115631,0.4047866463661194,0.10629133135080338,2.5959641926310426,0.048828125
graph.model.23.pose_head.one2one_cv3.1.2,pose_one2one_predictor,exact-ternary,per_tensor,512,0.3596147653506747,0.9331008476117203,132,0.0,0.1250874102115631,0.4047866463661194,0.10629133135080338,2.5959641926310426,0.4296875
graph.model.23.pose_head.one2one_cv3.1.2,pose_one2one_predictor,twn-v3,per_output_filter,512,0.3480847497714401,0.9374629624044228,136,0.0,0.1250874102115631,0.4047866463661194,0.10629133135080338,2.5959641926310426,0.419921875
graph.model.23.pose_head.one2one_cv3.1.2,pose_one2one_predictor,paper-twn-v2,per_tensor,512,0.36157393716612285,0.9323434491185321,132,0.0,0.1250874102115631,0.4047866463661194,0.10629133135080338,2.5959641926310426,0.40625
graph.model.23.pose_head.one2one_cv3.2.0.0.conv,pose_one2one_tower,w8,per_output_channel,4608,0.002205093666154402,0.9999974958504577,6656,0.0,0.39365440607070923,11.47838020324707,1.0783241987228394,10.64058002740828,0.0030381944961845875
graph.model.23.pose_head.one2one_cv3.2.0.0.conv,pose_one2one_tower,w7,per_output_channel,4608,0.00468661735349924,0.9999890272255246,6080,0.0,0.39365440607070923,11.47838020324707,1.0783241987228394,10.64058002740828,0.0078125
graph.model.23.pose_head.one2one_cv3.2.0.0.conv,pose_one2one_tower,w6,per_output_channel,4608,0.010928748104454284,0.9999404906046164,5504,0.0,0.39365440607070923,11.47838020324707,1.0783241987228394,10.64058002740828,0.01519097201526165
graph.model.23.pose_head.one2one_cv3.2.0.0.conv,pose_one2one_tower,w5,per_output_channel,4608,0.023174426348145857,0.9997315194638248,4928,0.0,0.39365440607070923,11.47838020324707,1.0783241987228394,10.64058002740828,0.033203125
graph.model.23.pose_head.one2one_cv3.2.0.0.conv,pose_one2one_tower,w4,per_output_channel,4608,0.04771818265398987,0.9988609207608007,4352,0.0,0.39365440607070923,11.47838020324707,1.0783241987228394,10.64058002740828,0.0627170130610466
graph.model.23.pose_head.one2one_cv3.2.0.0.conv,pose_one2one_tower,fixed-sd4,per_output_channel,4608,0.11952081307292169,0.9928317540816668,4352,0.0,0.39365440607070923,11.47838020324707,1.0783241987228394,10.64058002740828,0.007595486007630825
graph.model.23.pose_head.one2one_cv3.2.0.0.conv,pose_one2one_tower,exact-ternary,per_tensor,4608,0.44383575782214046,0.8961082028071867,1156,0.0,0.39365440607070923,11.47838020324707,1.0783241987228394,10.64058002740828,0.9806857705116272
graph.model.23.pose_head.one2one_cv3.2.0.0.conv,pose_one2one_tower,twn-v3,per_output_filter,4608,0.31737201860350195,0.9483012274982764,3200,0.0,0.39365440607070923,11.47838020324707,1.0783241987228394,10.64058002740828,0.3641493022441864
graph.model.23.pose_head.one2one_cv3.2.0.0.conv,pose_one2one_tower,paper-twn-v2,per_tensor,4608,0.8654048148351958,0.501073331654255,1156,0.0,0.39365440607070923,11.47838020324707,1.0783241987228394,10.64058002740828,0.6480034589767456
graph.model.23.pose_head.one2one_cv3.2.0.1.conv,pose_one2one_tower,w8,per_output_channel,131072,0.0068562479854875616,0.9999765376033736,132096,0.0,0.048205938190221786,0.3080267310142517,0.05951880291104317,5.175189282390521,0.00879669189453125
graph.model.23.pose_head.one2one_cv3.2.0.1.conv,pose_one2one_tower,w7,per_output_channel,131072,0.013777214861317354,0.9999051580966475,115712,0.0,0.048205938190221786,0.3080267310142517,0.05951880291104317,5.175189282390521,0.01720428466796875
graph.model.23.pose_head.one2one_cv3.2.0.1.conv,pose_one2one_tower,w6,per_output_channel,131072,0.027451323924345544,0.9996231406583603,99328,0.0,0.048205938190221786,0.3080267310142517,0.05951880291104317,5.175189282390521,0.033935546875
graph.model.23.pose_head.one2one_cv3.2.0.1.conv,pose_one2one_tower,w5,per_output_channel,131072,0.053526864478678784,0.9985664463136006,82944,0.0,0.048205938190221786,0.3080267310142517,0.05951880291104317,5.175189282390521,0.0649261474609375
graph.model.23.pose_head.one2one_cv3.2.0.1.conv,pose_one2one_tower,w4,per_output_channel,131072,0.1015859828042557,0.994826790730273,66560,0.0,0.048205938190221786,0.3080267310142517,0.05951880291104317,5.175189282390521,0.11811065673828125
graph.model.23.pose_head.one2one_cv3.2.0.1.conv,pose_one2one_tower,fixed-sd4,per_output_channel,131072,0.18626644671754441,0.9824992738700171,66560,0.0,0.048205938190221786,0.3080267310142517,0.05951880291104317,5.175189282390521,0.01654052734375
graph.model.23.pose_head.one2one_cv3.2.0.1.conv,pose_one2one_tower,exact-ternary,per_tensor,131072,0.4241730709963589,0.9055812122792753,32772,0.0,0.048205938190221786,0.3080267310142517,0.05951880291104317,5.175189282390521,0.43230438232421875
graph.model.23.pose_head.one2one_cv3.2.0.1.conv,pose_one2one_tower,twn-v3,per_output_filter,131072,0.4182241821225211,0.908343804825677,33792,0.0,0.048205938190221786,0.3080267310142517,0.05951880291104317,5.175189282390521,0.4329986572265625
graph.model.23.pose_head.one2one_cv3.2.0.1.conv,pose_one2one_tower,paper-twn-v2,per_tensor,131072,0.4248861016427886,0.9052467812193719,32772,0.0,0.048205938190221786,0.3080267310142517,0.05951880291104317,5.175189282390521,0.40937042236328125
graph.model.23.pose_head.one2one_cv3.2.1.0.conv,pose_one2one_tower,w8,per_output_channel,2304,0.0022692916678512674,0.9999973637785116,3328,0.0,0.5209242701530457,1.5903897285461426,0.6096993684768677,2.608222090061613,0.00390625
graph.model.23.pose_head.one2one_cv3.2.1.0.conv,pose_one2one_tower,w7,per_output_channel,2304,0.005019100989200304,0.9999873888234833,3040,0.0,0.5209242701530457,1.5903897285461426,0.6096993684768677,2.608222090061613,0.009114583022892475
graph.model.23.pose_head.one2one_cv3.2.1.0.conv,pose_one2one_tower,w6,per_output_channel,2304,0.01092344875570358,0.9999403270685309,2752,0.0,0.5209242701530457,1.5903897285461426,0.6096993684768677,2.608222090061613,0.0177951380610466
graph.model.23.pose_head.one2one_cv3.2.1.0.conv,pose_one2one_tower,w5,per_output_channel,2304,0.023748248705505817,0.9997179205124306,2464,0.0,0.5209242701530457,1.5903897285461426,0.6096993684768677,2.608222090061613,0.03125
graph.model.23.pose_head.one2one_cv3.2.1.0.conv,pose_one2one_tower,w4,per_output_channel,2304,0.052880922056083926,0.9986008637970902,2176,0.0,0.5209242701530457,1.5903897285461426,0.6096993684768677,2.608222090061613,0.0581597238779068
graph.model.23.pose_head.one2one_cv3.2.1.0.conv,pose_one2one_tower,fixed-sd4,per_output_channel,2304,0.1395165572285432,0.9902198271875812,2176,0.0,0.5209242701530457,1.5903897285461426,0.6096993684768677,2.608222090061613,0.00737847201526165
graph.model.23.pose_head.one2one_cv3.2.1.0.conv,pose_one2one_tower,exact-ternary,per_tensor,2304,0.3728103287647165,0.9279075701632916,580,0.0,0.5209242701530457,1.5903897285461426,0.6096993684768677,2.608222090061613,0.3402777910232544
graph.model.23.pose_head.one2one_cv3.2.1.0.conv,pose_one2one_tower,twn-v3,per_output_filter,2304,0.3434040366445513,0.939187789124622,1600,0.0,0.5209242701530457,1.5903897285461426,0.6096993684768677,2.608222090061613,0.3736979067325592
graph.model.23.pose_head.one2one_cv3.2.1.0.conv,pose_one2one_tower,paper-twn-v2,per_tensor,2304,0.37335362727950644,0.9276891686784041,580,0.0,0.5209242701530457,1.5903897285461426,0.6096993684768677,2.608222090061613,0.3606770932674408
graph.model.23.pose_head.one2one_cv3.2.1.1.conv,pose_one2one_tower,w8,per_output_channel,65536,0.005604787504184405,0.9999843688111684,66560,0.0,0.06929324567317963,0.32238131761550903,0.08384304493665695,3.8448171977920285,0.0066070556640625
graph.model.23.pose_head.one2one_cv3.2.1.1.conv,pose_one2one_tower,w7,per_output_channel,65536,0.011302161069749992,0.999936214596805,58368,0.0,0.06929324567317963,0.32238131761550903,0.08384304493665695,3.8448171977920285,0.0135650634765625
graph.model.23.pose_head.one2one_cv3.2.1.1.conv,pose_one2one_tower,w6,per_output_channel,65536,0.02272925667749662,0.9997415873023441,50176,0.0,0.06929324567317963,0.32238131761550903,0.08384304493665695,3.8448171977920285,0.0279693603515625
graph.model.23.pose_head.one2one_cv3.2.1.1.conv,pose_one2one_tower,w5,per_output_channel,65536,0.04546460285087068,0.9989660142884188,41984,0.0,0.06929324567317963,0.32238131761550903,0.08384304493665695,3.8448171977920285,0.0531768798828125
graph.model.23.pose_head.one2one_cv3.2.1.1.conv,pose_one2one_tower,w4,per_output_channel,65536,0.08848705207877626,0.9960773393340264,33792,0.0,0.06929324567317963,0.32238131761550903,0.08384304493665695,3.8448171977920285,0.0984344482421875
graph.model.23.pose_head.one2one_cv3.2.1.1.conv,pose_one2one_tower,fixed-sd4,per_output_channel,65536,0.18276311082837962,0.9831569547715733,33792,0.0,0.06929324567317963,0.32238131761550903,0.08384304493665695,3.8448171977920285,0.0126800537109375
graph.model.23.pose_head.one2one_cv3.2.1.1.conv,pose_one2one_tower,exact-ternary,per_tensor,65536,0.4024442949501909,0.9154445586008817,16388,0.0,0.06929324567317963,0.32238131761550903,0.08384304493665695,3.8448171977920285,0.396881103515625
graph.model.23.pose_head.one2one_cv3.2.1.1.conv,pose_one2one_tower,twn-v3,per_output_filter,65536,0.3928867952747684,0.9195868093141594,17408,0.0,0.06929324567317963,0.32238131761550903,0.08384304493665695,3.8448171977920285,0.4116973876953125
graph.model.23.pose_head.one2one_cv3.2.1.1.conv,pose_one2one_tower,paper-twn-v2,per_tensor,65536,0.4025227917760835,0.9154099729953353,16388,0.0,0.06929324567317963,0.32238131761550903,0.08384304493665695,3.8448171977920285,0.38995361328125
graph.model.23.pose_head.one2one_cv3.2.2,pose_one2one_predictor,w8,per_output_channel,512,0.004750654609010665,0.9999888396686651,520,0.0,0.11284109950065613,0.29384708404541016,0.084848552942276,2.1638112064083965,0.01953125
graph.model.23.pose_head.one2one_cv3.2.2,pose_one2one_predictor,w7,per_output_channel,512,0.009464294082391824,0.9999552102827749,456,0.0,0.11284109950065613,0.29384708404541016,0.084848552942276,2.1638112064083965,0.03125
graph.model.23.pose_head.one2one_cv3.2.2,pose_one2one_predictor,w6,per_output_channel,512,0.018621897207892306,0.999826465048366,392,0.0,0.11284109950065613,0.29384708404541016,0.084848552942276,2.1638112064083965,0.0625
graph.model.23.pose_head.one2one_cv3.2.2,pose_one2one_predictor,w5,per_output_channel,512,0.035604659349817255,0.9993659665806344,328,0.0,0.11284109950065613,0.29384708404541016,0.084848552942276,2.1638112064083965,0.109375
graph.model.23.pose_head.one2one_cv3.2.2,pose_one2one_predictor,w4,per_output_channel,512,0.06684917896277683,0.9977632530881555,264,0.0,0.11284109950065613,0.29384708404541016,0.084848552942276,2.1638112064083965,0.140625
graph.model.23.pose_head.one2one_cv3.2.2,pose_one2one_predictor,fixed-sd4,per_output_channel,512,0.18090332869760714,0.9835009545999058,264,0.0,0.11284109950065613,0.29384708404541016,0.084848552942276,2.1638112064083965,0.03515625
graph.model.23.pose_head.one2one_cv3.2.2,pose_one2one_predictor,exact-ternary,per_tensor,512,0.33972925615338606,0.9405232154961792,132,0.0,0.11284109950065613,0.29384708404541016,0.084848552942276,2.1638112064083965,0.380859375
graph.model.23.pose_head.one2one_cv3.2.2,pose_one2one_predictor,twn-v3,per_output_filter,512,0.34009857924252207,0.9403898835850795,136,0.0,0.11284109950065613,0.29384708404541016,0.084848552942276,2.1638112064083965,0.390625
graph.model.23.pose_head.one2one_cv3.2.2,pose_one2one_predictor,paper-twn-v2,per_tensor,512,0.3398357839117517,0.9404847697319098,132,0.0,0.11284109950065613,0.29384708404541016,0.084848552942276,2.1638112064083965,0.375
graph.model.23.pose_head.one2one_cv4.0.0.conv,pose_one2one_tower,w8,per_output_channel,147456,0.009065084086258302,0.9999589163016056,147712,0.0,0.017593037337064743,0.19248685240745544,0.022916238754987717,8.38939380097449,0.01274956576526165
graph.model.23.pose_head.one2one_cv4.0.0.conv,pose_one2one_tower,w7,per_output_channel,147456,0.01785139832879083,0.999840520728785,129280,0.0,0.017593037337064743,0.19248685240745544,0.022916238754987717,8.38939380097449,0.0250379778444767
graph.model.23.pose_head.one2one_cv4.0.0.conv,pose_one2one_tower,w6,per_output_channel,147456,0.034508611224833674,0.9994044131358862,110848,0.0,0.017593037337064743,0.19248685240745544,0.022916238754987717,8.38939380097449,0.0465833880007267
graph.model.23.pose_head.one2one_cv4.0.0.conv,pose_one2one_tower,w5,per_output_channel,147456,0.06420914707690534,0.9979364944777577,92416,0.0,0.017593037337064743,0.19248685240745544,0.022916238754987717,8.38939380097449,0.0831570103764534
graph.model.23.pose_head.one2one_cv4.0.0.conv,pose_one2one_tower,w4,per_output_channel,147456,0.1165563189367164,0.9931841095101102,73984,0.0,0.017593037337064743,0.19248685240745544,0.022916238754987717,8.38939380097449,0.1464165598154068
graph.model.23.pose_head.one2one_cv4.0.0.conv,pose_one2one_tower,fixed-sd4,per_output_channel,147456,0.19086680659883914,0.9816159271208917,73984,0.0,0.017593037337064743,0.19248685240745544,0.022916238754987717,8.38939380097449,0.02298990823328495
graph.model.23.pose_head.one2one_cv4.0.0.conv,pose_one2one_tower,exact-ternary,per_tensor,147456,0.4829831274454642,0.8756296593307991,36868,0.0,0.017593037337064743,0.19248685240745544,0.022916238754987717,8.38939380097449,0.5017632246017456
graph.model.23.pose_head.one2one_cv4.0.0.conv,pose_one2one_tower,twn-v3,per_output_filter,147456,0.45429716807198656,0.8908501610080809,37120,0.0,0.017593037337064743,0.19248685240745544,0.022916238754987717,8.38939380097449,0.4568006694316864
graph.model.23.pose_head.one2one_cv4.0.0.conv,pose_one2one_tower,paper-twn-v2,per_tensor,147456,0.48653558300172933,0.873660803851714,36868,0.0,0.017593037337064743,0.19248685240745544,0.022916238754987717,8.38939380097449,0.4433051347732544
graph.model.23.pose_head.one2one_cv4.0.1.conv,pose_one2one_tower,w8,per_output_channel,36864,0.007360961638164845,0.9999728948211947,37120,0.0,0.02264655940234661,0.14733676612377167,0.028221573680639267,5.178972619488697,0.01006401889026165
graph.model.23.pose_head.one2one_cv4.0.1.conv,pose_one2one_tower,w7,per_output_channel,36864,0.014692150612006835,0.999892051489819,32512,0.0,0.02264655940234661,0.14733676612377167,0.028221573680639267,5.178972619488697,0.0195041224360466
graph.model.23.pose_head.one2one_cv4.0.1.conv,pose_one2one_tower,w6,per_output_channel,36864,0.029057585709614933,0.9995777292446304,27904,0.0,0.02264655940234661,0.14733676612377167,0.028221573680639267,5.178972619488697,0.0361328125
graph.model.23.pose_head.one2one_cv4.0.1.conv,pose_one2one_tower,w5,per_output_channel,36864,0.0561117779552792,0.9984244947326129,23296,0.0,0.02264655940234661,0.14733676612377167,0.028221573680639267,5.178972619488697,0.0686848983168602
graph.model.23.pose_head.one2one_cv4.0.1.conv,pose_one2one_tower,w4,per_output_channel,36864,0.10478395124360294,0.9944949159262415,18688,0.0,0.02264655940234661,0.14733676612377167,0.028221573680639267,5.178972619488697,0.1238878071308136
graph.model.23.pose_head.one2one_cv4.0.1.conv,pose_one2one_tower,fixed-sd4,per_output_channel,36864,0.18777170979414376,0.9822127391310334,18688,0.0,0.02264655940234661,0.14733676612377167,0.028221573680639267,5.178972619488697,0.01741536520421505
graph.model.23.pose_head.one2one_cv4.0.1.conv,pose_one2one_tower,exact-ternary,per_tensor,36864,0.4462763623168721,0.8948951273199569,9220,0.0,0.02264655940234661,0.14733676612377167,0.028221573680639267,5.178972619488697,0.4506293535232544
graph.model.23.pose_head.one2one_cv4.0.1.conv,pose_one2one_tower,twn-v3,per_output_filter,36864,0.43084196840910466,0.9024273745256524,9472,0.0,0.02264655940234661,0.14733676612377167,0.028221573680639267,5.178972619488697,0.4375542402267456
graph.model.23.pose_head.one2one_cv4.0.1.conv,pose_one2one_tower,paper-twn-v2,per_tensor,36864,0.4474317735815184,0.8943180508217398,9220,0.0,0.02264655940234661,0.14733676612377167,0.028221573680639267,5.178972619488697,0.4186740517616272
graph.model.23.pose_head.one2one_cv4.1.0.conv,pose_one2one_tower,w8,per_output_channel,294912,0.010396498354238134,0.99994593016482,295168,0.0,0.004581618122756481,0.05520888790488243,0.0060755591839551926,9.066327655534648,0.014614528976380825
graph.model.23.pose_head.one2one_cv4.1.0.conv,pose_one2one_tower,w7,per_output_channel,294912,0.020303107900081708,0.9997938650539367,258304,0.0,0.004581618122756481,0.05520888790488243,0.0060755591839551926,9.066327655534648,0.02782524935901165
graph.model.23.pose_head.one2one_cv4.1.0.conv,pose_one2one_tower,w6,per_output_channel,294912,0.03823899197275173,0.9992686309749303,221440,0.0,0.004581618122756481,0.05520888790488243,0.0060755591839551926,9.066327655534648,0.0500996895134449
graph.model.23.pose_head.one2one_cv4.1.0.conv,pose_one2one_tower,w5,per_output_channel,294912,0.06971340013829884,0.9975670562462268,184576,0.0,0.004581618122756481,0.05520888790488243,0.0060755591839551926,9.066327655534648,0.0887959823012352
graph.model.23.pose_head.one2one_cv4.1.0.conv,pose_one2one_tower,w4,per_output_channel,294912,0.12392776123829877,0.9922913001869763,147712,0.0,0.004581618122756481,0.05520888790488243,0.0060755591839551926,9.066327655534648,0.1533643901348114
graph.model.23.pose_head.one2one_cv4.1.0.conv,pose_one2one_tower,fixed-sd4,per_output_channel,294912,0.19172884258913628,0.9814480313186287,147712,0.0,0.004581618122756481,0.05520888790488243,0.0060755591839551926,9.066327655534648,0.0276217982172966
graph.model.23.pose_head.one2one_cv4.1.0.conv,pose_one2one_tower,exact-ternary,per_tensor,294912,0.5000615209167558,0.8659899962233433,73732,0.0,0.004581618122756481,0.05520888790488243,0.0060755591839551926,9.066327655534648,0.5274997353553772
graph.model.23.pose_head.one2one_cv4.1.0.conv,pose_one2one_tower,twn-v3,per_output_filter,294912,0.460580458347191,0.8876179468593981,73984,0.0,0.004581618122756481,0.05520888790488243,0.0060755591839551926,9.066327655534648,0.4609408974647522
graph.model.23.pose_head.one2one_cv4.1.0.conv,pose_one2one_tower,paper-twn-v2,per_tensor,294912,0.5051351213157592,0.863040334064615,73732,0.0,0.004581618122756481,0.05520888790488243,0.0060755591839551926,9.066327655534648,0.4545220136642456
graph.model.23.pose_head.one2one_cv4.1.1.conv,pose_one2one_tower,w8,per_output_channel,36864,0.007937984870480634,0.9999684646563264,37120,0.0,0.02315909042954445,0.3356700539588928,0.03023049235343933,11.024839676125982,0.011257595382630825
graph.model.23.pose_head.one2one_cv4.1.1.conv,pose_one2one_tower,w7,per_output_channel,36864,0.01586036219189372,0.9998741308088509,32512,0.0,0.02315909042954445,0.3356700539588928,0.03023049235343933,11.024839676125982,0.0212131068110466
graph.model.23.pose_head.one2one_cv4.1.1.conv,pose_one2one_tower,w6,per_output_channel,36864,0.031482286031128126,0.9995042450607521,27904,0.0,0.02315909042954445,0.3356700539588928,0.03023049235343933,11.024839676125982,0.041748046875
graph.model.23.pose_head.one2one_cv4.1.1.conv,pose_one2one_tower,w5,per_output_channel,36864,0.060864949657388145,0.9981459657538365,23296,0.0,0.02315909042954445,0.3356700539588928,0.03023049235343933,11.024839676125982,0.07666015625
graph.model.23.pose_head.one2one_cv4.1.1.conv,pose_one2one_tower,w4,per_output_channel,36864,0.1124193418589659,0.993660870073815,18688,0.0,0.02315909042954445,0.3356700539588928,0.03023049235343933,11.024839676125982,0.1337890625
graph.model.23.pose_head.one2one_cv4.1.1.conv,pose_one2one_tower,fixed-sd4,per_output_channel,36864,0.18714714481713843,0.9823318424854909,18688,0.0,0.02315909042954445,0.3356700539588928,0.03023049235343933,11.024839676125982,0.0189073346555233
graph.model.23.pose_head.one2one_cv4.1.1.conv,pose_one2one_tower,exact-ternary,per_tensor,36864,0.5071570782568798,0.8618536754857602,9220,0.0,0.02315909042954445,0.3356700539588928,0.03023049235343933,11.024839676125982,0.4813096821308136
graph.model.23.pose_head.one2one_cv4.1.1.conv,pose_one2one_tower,twn-v3,per_output_filter,36864,0.4430998985023032,0.8964722415932623,9472,0.0,0.02315909042954445,0.3356700539588928,0.03023049235343933,11.024839676125982,0.4424370527267456
graph.model.23.pose_head.one2one_cv4.1.1.conv,pose_one2one_tower,paper-twn-v2,per_tensor,36864,0.5093328217775803,0.8605696071514836,9220,0.0,0.02315909042954445,0.3356700539588928,0.03023049235343933,11.024839676125982,0.4332682192325592
graph.model.23.pose_head.one2one_cv4.2.0.conv,pose_one2one_tower,w8,per_output_channel,294912,0.009476546874437873,0.9999550191872361,295168,0.0,0.0012112853582948446,0.010579930618405342,0.0015737047651782632,6.699638058552276,0.01287841796875
graph.model.23.pose_head.one2one_cv4.2.0.conv,pose_one2one_tower,w7,per_output_channel,294912,0.01852507838159823,0.999828454540252,258304,0.0,0.0012112853582948446,0.010579930618405342,0.0015737047651782632,6.699638058552276,0.0251295305788517
graph.model.23.pose_head.one2one_cv4.2.0.conv,pose_one2one_tower,w6,per_output_channel,294912,0.035221034169271824,0.9993795724969714,221440,0.0,0.0012112853582948446,0.010579930618405342,0.0015737047651782632,6.699638058552276,0.0464206263422966
graph.model.23.pose_head.one2one_cv4.2.0.conv,pose_one2one_tower,w5,per_output_channel,294912,0.06492770719853698,0.9978899634595982,184576,0.0,0.0012112853582948446,0.010579930618405342,0.0015737047651782632,6.699638058552276,0.0843539759516716
graph.model.23.pose_head.one2one_cv4.2.0.conv,pose_one2one_tower,w4,per_output_channel,294912,0.11734752858419857,0.993090857826143,147712,0.0,0.0012112853582948446,0.010579930618405342,0.0015737047651782632,6.699638058552276,0.1457146555185318
graph.model.23.pose_head.one2one_cv4.2.0.conv,pose_one2one_tower,fixed-sd4,per_output_channel,294912,0.19160453300507818,0.981472303104888,147712,0.0,0.0012112853582948446,0.010579930618405342,0.0015737047651782632,6.699638058552276,0.0251803919672966
graph.model.23.pose_head.one2one_cv4.2.0.conv,pose_one2one_tower,exact-ternary,per_tensor,294912,0.4798166277203531,0.8773687266136704,73732,0.0,0.0012112853582948446,0.010579930618405342,0.0015737047651782632,6.699638058552276,0.507965087890625
graph.model.23.pose_head.one2one_cv4.2.0.conv,pose_one2one_tower,twn-v3,per_output_filter,294912,0.4561431959232383,0.8899063227362005,73984,0.0,0.0012112853582948446,0.010579930618405342,0.0015737047651782632,6.699638058552276,0.4586961567401886
graph.model.23.pose_head.one2one_cv4.2.0.conv,pose_one2one_tower,paper-twn-v2,per_tensor,294912,0.483795933431497,0.8751807428787106,73732,0.0,0.0012112853582948446,0.010579930618405342,0.0015737047651782632,6.699638058552276,0.4454684853553772
graph.model.23.pose_head.one2one_cv4.2.1.conv,pose_one2one_tower,w8,per_output_channel,36864,0.0066840284996682806,0.999977639038569,37120,0.0,0.018144210800528526,0.12538555264472961,0.022691454738378525,5.513799350052906,0.00786675326526165
graph.model.23.pose_head.one2one_cv4.2.1.conv,pose_one2one_tower,w7,per_output_channel,36864,0.01341997897672244,0.9999099473651424,32512,0.0,0.018144210800528526,0.12538555264472961,0.022691454738378525,5.513799350052906,0.01643880270421505
graph.model.23.pose_head.one2one_cv4.2.1.conv,pose_one2one_tower,w6,per_output_channel,36864,0.026910712938354293,0.9996379404181006,27904,0.0,0.018144210800528526,0.12538555264472961,0.022691454738378525,5.513799350052906,0.0321994349360466
graph.model.23.pose_head.one2one_cv4.2.1.conv,pose_one2one_tower,w5,per_output_channel,36864,0.05242574163784992,0.9986248125298296,23296,0.0,0.018144210800528526,0.12538555264472961,0.022691454738378525,5.513799350052906,0.0608723945915699
graph.model.23.pose_head.one2one_cv4.2.1.conv,pose_one2one_tower,w4,per_output_channel,36864,0.09974691825695142,0.995012877976342,18688,0.0,0.018144210800528526,0.12538555264472961,0.022691454738378525,5.513799350052906,0.1108669713139534
graph.model.23.pose_head.one2one_cv4.2.1.conv,pose_one2one_tower,fixed-sd4,per_output_channel,36864,0.18676895587102707,0.9824038699794957,18688,0.0,0.018144210800528526,0.12538555264472961,0.022691454738378525,5.513799350052906,0.015380859375
graph.model.23.pose_head.one2one_cv4.2.1.conv,pose_one2one_tower,exact-ternary,per_tensor,36864,0.4453105183882423,0.8953762434936321,9220,0.0,0.018144210800528526,0.12538555264472961,0.022691454738378525,5.513799350052906,0.4469400942325592
graph.model.23.pose_head.one2one_cv4.2.1.conv,pose_one2one_tower,twn-v3,per_output_filter,36864,0.4147525353984403,0.9099342610288245,9472,0.0,0.018144210800528526,0.12538555264472961,0.022691454738378525,5.513799350052906,0.4282497763633728
graph.model.23.pose_head.one2one_cv4.2.1.conv,pose_one2one_tower,paper-twn-v2,per_tensor,36864,0.44639118567569236,0.8948380003807074,9220,0.0,0.018144210800528526,0.12538555264472961,0.022691454738378525,5.513799350052906,0.4179416298866272
graph.model.23.pose_head.one2one_cv4_kpts.0,pose_one2one_predictor,w8,per_output_channel,384,0.006029059623853419,0.9999817813475443,408,0.0,0.10260320454835892,0.7354614734649658,0.1594315469264984,4.5819542559708735,0.0052083334885537624
graph.model.23.pose_head.one2one_cv4_kpts.0,pose_one2one_predictor,w7,per_output_channel,384,0.010828510133361793,0.9999414388644062,360,0.0,0.10260320454835892,0.7354614734649658,0.1594315469264984,4.5819542559708735,0.010416666977107525
graph.model.23.pose_head.one2one_cv4_kpts.0,pose_one2one_predictor,w6,per_output_channel,384,0.024755303955286374,0.9996935161630053,312,0.0,0.10260320454835892,0.7354614734649658,0.1594315469264984,4.5819542559708735,0.0234375
graph.model.23.pose_head.one2one_cv4_kpts.0,pose_one2one_predictor,w5,per_output_channel,384,0.05009731448253102,0.9987442083985166,264,0.0,0.10260320454835892,0.7354614734649658,0.1594315469264984,4.5819542559708735,0.0807291641831398
graph.model.23.pose_head.one2one_cv4_kpts.0,pose_one2one_predictor,w4,per_output_channel,384,0.10387542282709683,0.9945903340975579,216,0.0,0.10260320454835892,0.7354614734649658,0.1594315469264984,4.5819542559708735,0.1458333283662796
graph.model.23.pose_head.one2one_cv4_kpts.0,pose_one2one_predictor,fixed-sd4,per_output_channel,384,0.17828061637817236,0.9839796596548418,216,0.0,0.10260320454835892,0.7354614734649658,0.1594315469264984,4.5819542559708735,0.010416666977107525
graph.model.23.pose_head.one2one_cv4_kpts.0,pose_one2one_predictor,exact-ternary,per_tensor,384,0.558779533244612,0.8293161717549654,100,0.0,0.10260320454835892,0.7354614734649658,0.1594315469264984,4.5819542559708735,0.8515625
graph.model.23.pose_head.one2one_cv4_kpts.0,pose_one2one_predictor,twn-v3,per_output_filter,384,0.46011514461265757,0.8878592261732835,120,0.0,0.10260320454835892,0.7354614734649658,0.1594315469264984,4.5819542559708735,0.4791666567325592
graph.model.23.pose_head.one2one_cv4_kpts.0,pose_one2one_predictor,paper-twn-v2,per_tensor,384,0.6132029431516564,0.7899254387011573,100,0.0,0.10260320454835892,0.7354614734649658,0.1594315469264984,4.5819542559708735,0.5416666865348816
graph.model.23.pose_head.one2one_cv4_kpts.1,pose_one2one_predictor,w8,per_output_channel,384,0.006406190244919973,0.9999795462819956,408,0.0,0.1003013625741005,0.8047208189964294,0.14720822870731354,5.44325219383974,0.010416666977107525
graph.model.23.pose_head.one2one_cv4_kpts.1,pose_one2one_predictor,w7,per_output_channel,384,0.012671113509805135,0.9999198303948565,360,0.0,0.1003013625741005,0.8047208189964294,0.14720822870731354,5.44325219383974,0.01822916604578495
graph.model.23.pose_head.one2one_cv4_kpts.1,pose_one2one_predictor,w6,per_output_channel,384,0.025529305157742606,0.9996740543056214,312,0.0,0.1003013625741005,0.8047208189964294,0.14720822870731354,5.44325219383974,0.0364583320915699
graph.model.23.pose_head.one2one_cv4_kpts.1,pose_one2one_predictor,w5,per_output_channel,384,0.05242251422457424,0.9986249196752509,264,0.0,0.1003013625741005,0.8047208189964294,0.14720822870731354,5.44325219383974,0.0703125
graph.model.23.pose_head.one2one_cv4_kpts.1,pose_one2one_predictor,w4,per_output_channel,384,0.10942684816088642,0.9939947720607059,216,0.0,0.1003013625741005,0.8047208189964294,0.14720822870731354,5.44325219383974,0.140625
graph.model.23.pose_head.one2one_cv4_kpts.1,pose_one2one_predictor,fixed-sd4,per_output_channel,384,0.16061081518833312,0.9870178054573064,216,0.0,0.1003013625741005,0.8047208189964294,0.14720822870731354,5.44325219383974,0.01822916604578495
graph.model.23.pose_head.one2one_cv4_kpts.1,pose_one2one_predictor,exact-ternary,per_tensor,384,0.5731740004648432,0.8194336683243382,100,0.0,0.1003013625741005,0.8047208189964294,0.14720822870731354,5.44325219383974,0.6614583134651184
graph.model.23.pose_head.one2one_cv4_kpts.1,pose_one2one_predictor,twn-v3,per_output_filter,384,0.5001847008410777,0.865918724036425,120,0.0,0.1003013625741005,0.8047208189964294,0.14720822870731354,5.44325219383974,0.4557291567325592
graph.model.23.pose_head.one2one_cv4_kpts.1,pose_one2one_predictor,paper-twn-v2,per_tensor,384,0.5946729695588268,0.8039677332402023,100,0.0,0.1003013625741005,0.8047208189964294,0.14720822870731354,5.44325219383974,0.4947916567325592
graph.model.23.pose_head.one2one_cv4_kpts.2,pose_one2one_predictor,w8,per_output_channel,384,0.005730717998174629,0.9999836432277176,408,0.0,0.08048957586288452,0.5236656665802002,0.11021286994218826,4.751401117810087,0.0052083334885537624
graph.model.23.pose_head.one2one_cv4_kpts.2,pose_one2one_predictor,w7,per_output_channel,384,0.01157143204199777,0.9999330888870448,360,0.0,0.08048957586288452,0.5236656665802002,0.11021286994218826,4.751401117810087,0.0078125
graph.model.23.pose_head.one2one_cv4_kpts.2,pose_one2one_predictor,w6,per_output_channel,384,0.021926035815269636,0.9997595796274144,312,0.0,0.08048957586288452,0.5236656665802002,0.11021286994218826,4.751401117810087,0.01822916604578495
graph.model.23.pose_head.one2one_cv4_kpts.2,pose_one2one_predictor,w5,per_output_channel,384,0.04978549376845613,0.998759806677155,264,0.0,0.08048957586288452,0.5236656665802002,0.11021286994218826,4.751401117810087,0.046875
graph.model.23.pose_head.one2one_cv4_kpts.2,pose_one2one_predictor,w4,per_output_channel,384,0.09458978497019846,0.9955163053796859,216,0.0,0.08048957586288452,0.5236656665802002,0.11021286994218826,4.751401117810087,0.1197916641831398
graph.model.23.pose_head.one2one_cv4_kpts.2,pose_one2one_predictor,fixed-sd4,per_output_channel,384,0.16716629249209758,0.98592869859229,216,0.0,0.08048957586288452,0.5236656665802002,0.11021286994218826,4.751401117810087,0.0078125
graph.model.23.pose_head.one2one_cv4_kpts.2,pose_one2one_predictor,exact-ternary,per_tensor,384,0.5520750327812036,0.8337944033544129,100,0.0,0.08048957586288452,0.5236656665802002,0.11021286994218826,4.751401117810087,0.4947916567325592
graph.model.23.pose_head.one2one_cv4_kpts.2,pose_one2one_predictor,twn-v3,per_output_filter,384,0.4580340219948613,0.8889346699695305,120,0.0,0.08048957586288452,0.5236656665802002,0.11021286994218826,4.751401117810087,0.4322916567325592
graph.model.23.pose_head.one2one_cv4_kpts.2,pose_one2one_predictor,paper-twn-v2,per_tensor,384,0.5542023826837014,0.8323818782514872,100,0.0,0.08048957586288452,0.5236656665802002,0.11021286994218826,4.751401117810087,0.4348958432674408
graph.model.3.conv,backbone_early,w8,per_output_channel,589824,0.016948446640991384,0.999856430322607,590848,0.0,0.021873436868190765,0.548614501953125,0.03272410109639168,16.75429898589337,0.03053961880505085
graph.model.3.conv,backbone_early,w7,per_output_channel,589824,0.03342366820576765,0.9994412883227876,517120,0.0,0.021873436868190765,0.548614501953125,0.03272410109639168,16.75429898589337,0.0591261126101017
graph.model.3.conv,backbone_early,w6,per_output_channel,589824,0.0636727644479129,0.9979707817839193,443392,0.0,0.021873436868190765,0.548614501953125,0.03272410109639168,16.75429898589337,0.1077304407954216
graph.model.3.conv,backbone_early,w5,per_output_channel,589824,0.11391156108972196,0.9934909306922529,369664,0.0,0.021873436868190765,0.548614501953125,0.03272410109639168,16.75429898589337,0.1815745085477829
graph.model.3.conv,backbone_early,w4,per_output_channel,589824,0.19249618885688258,0.9812976565001249,295936,0.0,0.021873436868190765,0.548614501953125,0.03272410109639168,16.75429898589337,0.2834845781326294
graph.model.3.conv,backbone_early,fixed-sd4,per_output_channel,589824,0.18852684714855583,0.9820681241450815,295936,0.0,0.021873436868190765,0.548614501953125,0.03272410109639168,16.75429898589337,0.0581495501101017
graph.model.3.conv,backbone_early,exact-ternary,per_tensor,589824,0.5922264019009613,0.8057716456282791,147460,0.0,0.021873436868190765,0.548614501953125,0.03272410109639168,16.75429898589337,0.6714308261871338
graph.model.3.conv,backbone_early,twn-v3,per_output_filter,589824,0.5782767427630232,0.8158407352480773,148480,0.0,0.021873436868190765,0.548614501953125,0.03272410109639168,16.75429898589337,0.5118577480316162
graph.model.3.conv,backbone_early,paper-twn-v2,per_tensor,589824,0.6091141256471964,0.7930826733091347,147460,0.0,0.021873436868190765,0.548614501953125,0.03272410109639168,16.75429898589337,0.5062747597694397
graph.model.4.cv1.conv,backbone_early,w8,per_output_channel,65536,0.011779279347304134,0.9999305590598776,66560,0.0,0.06369438022375107,1.4979362487792969,0.0941246822476387,15.909032569437237,0.0231170654296875
graph.model.4.cv1.conv,backbone_early,w7,per_output_channel,65536,0.023676834307258254,0.9997195791201584,58368,0.0,0.06369438022375107,1.4979362487792969,0.0941246822476387,15.909032569437237,0.0471954345703125
graph.model.4.cv1.conv,backbone_early,w6,per_output_channel,65536,0.047386396602950166,0.9988765817705635,50176,0.0,0.06369438022375107,1.4979362487792969,0.0941246822476387,15.909032569437237,0.089447021484375
graph.model.4.cv1.conv,backbone_early,w5,per_output_channel,65536,0.09369523044188116,0.995600864558249,41984,0.0,0.06369438022375107,1.4979362487792969,0.0941246822476387,15.909032569437237,0.1688995361328125
graph.model.4.cv1.conv,backbone_early,w4,per_output_channel,65536,0.17482460191228572,0.9845995096605145,33792,0.0,0.06369438022375107,1.4979362487792969,0.0941246822476387,15.909032569437237,0.2823638916015625
graph.model.4.cv1.conv,backbone_early,fixed-sd4,per_output_channel,65536,0.1747010368032013,0.9846215417958761,33792,0.0,0.06369438022375107,1.4979362487792969,0.0941246822476387,15.909032569437237,0.0439910888671875
graph.model.4.cv1.conv,backbone_early,exact-ternary,per_tensor,65536,0.5804434349618306,0.8143005475591585,16388,0.0,0.06369438022375107,1.4979362487792969,0.0941246822476387,15.909032569437237,0.658721923828125
graph.model.4.cv1.conv,backbone_early,twn-v3,per_output_filter,65536,0.5692032256964521,0.8221967869936981,17408,0.0,0.06369438022375107,1.4979362487792969,0.0941246822476387,15.909032569437237,0.5178375244140625
graph.model.4.cv1.conv,backbone_early,paper-twn-v2,per_tensor,65536,0.5968483297650689,0.8023540155102697,16388,0.0,0.06369438022375107,1.4979362487792969,0.0941246822476387,15.909032569437237,0.5037078857421875
graph.model.4.cv2.conv,backbone_early,w8,per_output_channel,196608,0.011511262426326245,0.9999337420195266,198656,0.0,0.06018025800585747,1.1596691608428955,0.08516260236501694,13.586041027304656,0.02091471292078495
graph.model.4.cv2.conv,backbone_early,w7,per_output_channel,196608,0.022975049081599058,0.9997360906574224,174080,0.0,0.06018025800585747,1.1596691608428955,0.08516260236501694,13.586041027304656,0.0413309745490551
graph.model.4.cv2.conv,backbone_early,w6,per_output_channel,196608,0.045875516700088305,0.9989472282625086,149504,0.0,0.06018025800585747,1.1596691608428955,0.08516260236501694,13.586041027304656,0.0800882950425148
graph.model.4.cv2.conv,backbone_early,w5,per_output_channel,196608,0.08903350202126183,0.9960286261950241,124928,0.0,0.06018025800585747,1.1596691608428955,0.08516260236501694,13.586041027304656,0.1481475830078125
graph.model.4.cv2.conv,backbone_early,w4,per_output_channel,196608,0.1622754511380984,0.986745527755538,100352,0.0,0.06018025800585747,1.1596691608428955,0.08516260236501694,13.586041027304656,0.2445068359375
graph.model.4.cv2.conv,backbone_early,fixed-sd4,per_output_channel,196608,0.18001503491564777,0.983663819608662,100352,0.0,0.06018025800585747,1.1596691608428955,0.08516260236501694,13.586041027304656,0.0396931953728199
graph.model.4.cv2.conv,backbone_early,exact-ternary,per_tensor,196608,0.5463584066112979,0.8375514424818282,49156,0.0,0.06018025800585747,1.1596691608428955,0.08516260236501694,13.586041027304656,0.61407470703125
graph.model.4.cv2.conv,backbone_early,twn-v3,per_output_filter,196608,0.529010158585866,0.8486154160085606,51200,0.0,0.06018025800585747,1.1596691608428955,0.08516260236501694,13.586041027304656,0.4951731264591217
graph.model.4.cv2.conv,backbone_early,paper-twn-v2,per_tensor,196608,0.5586756702622026,0.8293861390398954,49156,0.0,0.06018025800585747,1.1596691608428955,0.08516260236501694,13.586041027304656,0.4907633364200592
graph.model.4.m.0.cv1.conv,backbone_early,w8,per_output_channel,8192,0.008015201065854157,0.9999679232626575,8448,0.0,0.060047447681427,0.7077674865722656,0.08250687271356583,8.53223202380922,0.0128173828125
graph.model.4.m.0.cv1.conv,backbone_early,w7,per_output_channel,8192,0.016277259866519934,0.9998675218362953,7424,0.0,0.060047447681427,0.7077674865722656,0.08250687271356583,8.53223202380922,0.026611328125
graph.model.4.m.0.cv1.conv,backbone_early,w6,per_output_channel,8192,0.03327705638125123,0.9994461476718549,6400,0.0,0.060047447681427,0.7077674865722656,0.08250687271356583,8.53223202380922,0.05224609375
graph.model.4.m.0.cv1.conv,backbone_early,w5,per_output_channel,8192,0.06589318607004133,0.9978266606363269,5376,0.0,0.060047447681427,0.7077674865722656,0.08250687271356583,8.53223202380922,0.1015625
graph.model.4.m.0.cv1.conv,backbone_early,w4,per_output_channel,8192,0.1290376524964839,0.9916396382532825,4352,0.0,0.060047447681427,0.7077674865722656,0.08250687271356583,8.53223202380922,0.185791015625
graph.model.4.m.0.cv1.conv,backbone_early,fixed-sd4,per_output_channel,8192,0.17264451524090849,0.9849841867231689,4352,0.0,0.060047447681427,0.7077674865722656,0.08250687271356583,8.53223202380922,0.0255126953125
graph.model.4.m.0.cv1.conv,backbone_early,exact-ternary,per_tensor,8192,0.5335612223276431,0.8457614651097777,2052,0.0,0.060047447681427,0.7077674865722656,0.08250687271356583,8.53223202380922,0.574951171875
graph.model.4.m.0.cv1.conv,backbone_early,twn-v3,per_output_filter,8192,0.48973964128479397,0.87186870169747,2304,0.0,0.060047447681427,0.7077674865722656,0.08250687271356583,8.53223202380922,0.47705078125
graph.model.4.m.0.cv1.conv,backbone_early,paper-twn-v2,per_tensor,8192,0.5418932278794796,0.8404473590979814,2052,0.0,0.060047447681427,0.7077674865722656,0.08250687271356583,8.53223202380922,0.470947265625
graph.model.4.m.0.cv2.conv,backbone_early,w8,per_output_channel,8192,0.008223569310589263,0.9999662217901281,8448,0.0,0.13466575741767883,1.5438964366912842,0.1841859072446823,8.369994112914755,0.012451171875
graph.model.4.m.0.cv2.conv,backbone_early,w7,per_output_channel,8192,0.016723972244494047,0.9998601168614185,7424,0.0,0.13466575741767883,1.5438964366912842,0.1841859072446823,8.369994112914755,0.0247802734375
graph.model.4.m.0.cv2.conv,backbone_early,w6,per_output_channel,8192,0.03368895131333245,0.9994323526421843,6400,0.0,0.13466575741767883,1.5438964366912842,0.1841859072446823,8.369994112914755,0.05126953125
graph.model.4.m.0.cv2.conv,backbone_early,w5,per_output_channel,8192,0.06721914995382726,0.9977382272222503,5376,0.0,0.13466575741767883,1.5438964366912842,0.1841859072446823,8.369994112914755,0.103515625
graph.model.4.m.0.cv2.conv,backbone_early,w4,per_output_channel,8192,0.1309734273944339,0.9913858411548191,4352,0.0,0.13466575741767883,1.5438964366912842,0.1841859072446823,8.369994112914755,0.18994140625
graph.model.4.m.0.cv2.conv,backbone_early,fixed-sd4,per_output_channel,8192,0.1725382664073914,0.9850028815411708,4352,0.0,0.13466575741767883,1.5438964366912842,0.1841859072446823,8.369994112914755,0.021728515625
graph.model.4.m.0.cv2.conv,backbone_early,exact-ternary,per_tensor,8192,0.5299951695203676,0.8480006926323838,2052,0.0,0.13466575741767883,1.5438964366912842,0.1841859072446823,8.369994112914755,0.558349609375
graph.model.4.m.0.cv2.conv,backbone_early,twn-v3,per_output_filter,8192,0.5042504257156419,0.863557504113393,2304,0.0,0.13466575741767883,1.5438964366912842,0.1841859072446823,8.369994112914755,0.48193359375
graph.model.4.m.0.cv2.conv,backbone_early,paper-twn-v2,per_tensor,8192,0.5371879715558306,0.8434626208111816,2052,0.0,0.13466575741767883,1.5438964366912842,0.1841859072446823,8.369994112914755,0.468505859375
graph.model.4.m.0.cv3.conv,backbone_early,w8,per_output_channel,16384,0.00823333481534869,0.9999661338591191,16896,0.0,0.06702814996242523,0.8030730485916138,0.09081419557332993,8.834109425646208,0.01513671875
graph.model.4.m.0.cv3.conv,backbone_early,w7,per_output_channel,16384,0.016746703607761596,0.9998597940785121,14848,0.0,0.06702814996242523,0.8030730485916138,0.09081419557332993,8.834109425646208,0.029541015625
graph.model.4.m.0.cv3.conv,backbone_early,w6,per_output_channel,16384,0.033749389182647305,0.9994304319909109,12800,0.0,0.06702814996242523,0.8030730485916138,0.09081419557332993,8.834109425646208,0.05621337890625
graph.model.4.m.0.cv3.conv,backbone_early,w5,per_output_channel,16384,0.0684374403475535,0.997655390412338,10752,0.0,0.06702814996242523,0.8030730485916138,0.09081419557332993,8.834109425646208,0.10931396484375
graph.model.4.m.0.cv3.conv,backbone_early,w4,per_output_channel,16384,0.13275142431775266,0.9911494409528478,8704,0.0,0.06702814996242523,0.8030730485916138,0.09081419557332993,8.834109425646208,0.203125
graph.model.4.m.0.cv3.conv,backbone_early,fixed-sd4,per_output_channel,16384,0.1711132909978701,0.985251396272523,8704,0.0,0.06702814996242523,0.8030730485916138,0.09081419557332993,8.834109425646208,0.02886962890625
graph.model.4.m.0.cv3.conv,backbone_early,exact-ternary,per_tensor,16384,0.514829583169169,0.8572925899698727,4100,0.0,0.06702814996242523,0.8030730485916138,0.09081419557332993,8.834109425646208,0.5535888671875
graph.model.4.m.0.cv3.conv,backbone_early,twn-v3,per_output_filter,16384,0.4988766056519612,0.8666729762775613,4608,0.0,0.06702814996242523,0.8030730485916138,0.09081419557332993,8.834109425646208,0.48193359375
graph.model.4.m.0.cv3.conv,backbone_early,paper-twn-v2,per_tensor,16384,0.5218156795186675,0.8530582939971879,4100,0.0,0.06702814996242523,0.8030730485916138,0.09081419557332993,8.834109425646208,0.46722412109375
graph.model.4.m.0.m.0.cv1.conv,backbone_early,w8,per_output_channel,36864,0.013363016082595722,0.9999106752552516,37120,0.0,0.08313440531492233,1.5959076881408691,0.12067928165197372,13.204863096760333,0.0230848528444767
graph.model.4.m.0.m.0.cv1.conv,backbone_early,w7,per_output_channel,36864,0.026632451787752476,0.999645258278535,32512,0.0,0.08313440531492233,1.5959076881408691,0.12067928165197372,13.204863096760333,0.0460340715944767
graph.model.4.m.0.m.0.cv1.conv,backbone_early,w6,per_output_channel,36864,0.05266270783854426,0.9986124001696852,27904,0.0,0.08313440531492233,1.5959076881408691,0.12067928165197372,13.204863096760333,0.0906575545668602
graph.model.4.m.0.m.0.cv1.conv,backbone_early,w5,per_output_channel,36864,0.1005816222187284,0.9949287438795846,23296,0.0,0.08313440531492233,1.5959076881408691,0.12067928165197372,13.204863096760333,0.1634114533662796
graph.model.4.m.0.m.0.cv1.conv,backbone_early,w4,per_output_channel,36864,0.1775747915214944,0.9841071585690941,18688,0.0,0.08313440531492233,1.5959076881408691,0.12067928165197372,13.204863096760333,0.2673882246017456
graph.model.4.m.0.m.0.cv1.conv,backbone_early,fixed-sd4,per_output_channel,36864,0.18212517690609378,0.9832753030021592,18688,0.0,0.08313440531492233,1.5959076881408691,0.12067928165197372,13.204863096760333,0.0453559011220932
graph.model.4.m.0.m.0.cv1.conv,backbone_early,exact-ternary,per_tensor,36864,0.5688184443106646,0.8224630823564154,9220,0.0,0.08313440531492233,1.5959076881408691,0.12067928165197372,13.204863096760333,0.6439887285232544
graph.model.4.m.0.m.0.cv1.conv,backbone_early,twn-v3,per_output_filter,36864,0.5567445201289405,0.830683744050833,9472,0.0,0.08313440531492233,1.5959076881408691,0.12067928165197372,13.204863096760333,0.5097385048866272
graph.model.4.m.0.m.0.cv1.conv,backbone_early,paper-twn-v2,per_tensor,36864,0.5833041855785308,0.8122537249741582,9220,0.0,0.08313440531492233,1.5959076881408691,0.12067928165197372,13.204863096760333,0.4989963173866272
graph.model.4.m.0.m.0.cv2.conv,backbone_early,w8,per_output_channel,36864,0.012226366641966606,0.9999252682441723,37120,0.0,0.046320393681526184,1.0181643962860107,0.06585080176591873,15.440816893903339,0.02069769985973835
graph.model.4.m.0.m.0.cv2.conv,backbone_early,w7,per_output_channel,36864,0.024495428807419364,0.9996999902316164,32512,0.0,0.046320393681526184,1.0181643962860107,0.06585080176591873,15.440816893903339,0.0406629778444767
graph.model.4.m.0.m.0.cv2.conv,backbone_early,w6,per_output_channel,36864,0.04820948229870719,0.9988372093879482,27904,0.0,0.046320393681526184,1.0181643962860107,0.06585080176591873,15.440816893903339,0.0806749165058136
graph.model.4.m.0.m.0.cv2.conv,backbone_early,w5,per_output_channel,36864,0.09308863056210298,0.9956577851239699,23296,0.0,0.046320393681526184,1.0181643962860107,0.06585080176591873,15.440816893903339,0.1475965678691864
graph.model.4.m.0.m.0.cv2.conv,backbone_early,w4,per_output_channel,36864,0.16454125971078487,0.9863702238422386,18688,0.0,0.046320393681526184,1.0181643962860107,0.06585080176591873,15.440816893903339,0.2472601979970932
graph.model.4.m.0.m.0.cv2.conv,backbone_early,fixed-sd4,per_output_channel,36864,0.18475200416154988,0.9827852279202139,18688,0.0,0.046320393681526184,1.0181643962860107,0.06585080176591873,15.440816893903339,0.0373806431889534
graph.model.4.m.0.m.0.cv2.conv,backbone_early,exact-ternary,per_tensor,36864,0.5501788037629078,0.8350468848301069,9220,0.0,0.046320393681526184,1.0181643962860107,0.06585080176591873,15.440816893903339,0.6216362714767456
graph.model.4.m.0.m.0.cv2.conv,backbone_early,twn-v3,per_output_filter,36864,0.5395564522487184,0.8419495101441596,9472,0.0,0.046320393681526184,1.0181643962860107,0.06585080176591873,15.440816893903339,0.5042317509651184
graph.model.4.m.0.m.0.cv2.conv,backbone_early,paper-twn-v2,per_tensor,36864,0.5632332111982274,0.8262979788208041,9220,0.0,0.046320393681526184,1.0181643962860107,0.06585080176591873,15.440816893903339,0.4916178286075592
graph.model.4.m.0.m.1.cv1.conv,backbone_early,w8,per_output_channel,36864,0.01267922782398931,0.9999195846495254,37120,0.0,0.046487439423799515,0.721880316734314,0.06610779464244843,10.894154652060342,0.02303059957921505
graph.model.4.m.0.m.1.cv1.conv,backbone_early,w7,per_output_channel,36864,0.02530961819303986,0.9996796658415347,32512,0.0,0.046487439423799515,0.721880316734314,0.06610779464244843,10.894154652060342,0.0448404960334301
graph.model.4.m.0.m.1.cv1.conv,backbone_early,w6,per_output_channel,36864,0.050148100038849154,0.9987416916687064,27904,0.0,0.046487439423799515,0.721880316734314,0.06610779464244843,10.894154652060342,0.0855034738779068
graph.model.4.m.0.m.1.cv1.conv,backbone_early,w5,per_output_channel,36864,0.09540015773584229,0.995438894492691,23296,0.0,0.046487439423799515,0.721880316734314,0.06610779464244843,10.894154652060342,0.1559787392616272
graph.model.4.m.0.m.1.cv1.conv,backbone_early,w4,per_output_channel,36864,0.16879425000381207,0.9856513275306408,18688,0.0,0.046487439423799515,0.721880316734314,0.06610779464244843,10.894154652060342,0.24853515625
graph.model.4.m.0.m.1.cv1.conv,backbone_early,fixed-sd4,per_output_channel,36864,0.18245130959893294,0.9832149797834063,18688,0.0,0.046487439423799515,0.721880316734314,0.06610779464244843,10.894154652060342,0.0439453125
graph.model.4.m.0.m.1.cv1.conv,backbone_early,exact-ternary,per_tensor,36864,0.5516445461015539,0.8340793294447194,9220,0.0,0.046487439423799515,0.721880316734314,0.06610779464244843,10.894154652060342,0.6243218183517456
graph.model.4.m.0.m.1.cv1.conv,backbone_early,twn-v3,per_output_filter,36864,0.5408799761821717,0.8410997307662202,9472,0.0,0.046487439423799515,0.721880316734314,0.06610779464244843,10.894154652060342,0.5054253339767456
graph.model.4.m.0.m.1.cv1.conv,backbone_early,paper-twn-v2,per_tensor,36864,0.5646895199748982,0.8253033980879089,9220,0.0,0.046487439423799515,0.721880316734314,0.06610779464244843,10.894154652060342,0.49365234375
graph.model.4.m.0.m.1.cv2.conv,backbone_early,w8,per_output_channel,36864,0.011634684722013311,0.9999322772466457,37120,0.0,0.07128223776817322,0.9015500545501709,0.09859870374202728,9.142318168241642,0.01996527798473835
graph.model.4.m.0.m.1.cv2.conv,backbone_early,w7,per_output_channel,36864,0.023334283201466653,0.9997277190064722,32512,0.0,0.07128223776817322,0.9015500545501709,0.09859870374202728,9.142318168241642,0.0396864153444767
graph.model.4.m.0.m.1.cv2.conv,backbone_early,w6,per_output_channel,36864,0.04618136910187475,0.9989330549588796,27904,0.0,0.07128223776817322,0.9015500545501709,0.09859870374202728,9.142318168241642,0.0760362446308136
graph.model.4.m.0.m.1.cv2.conv,backbone_early,w5,per_output_channel,36864,0.08933103444576762,0.9960019410259541,23296,0.0,0.07128223776817322,0.9015500545501709,0.09859870374202728,9.142318168241642,0.1413303017616272
graph.model.4.m.0.m.1.cv2.conv,backbone_early,w4,per_output_channel,36864,0.16039835552146414,0.987052330780295,18688,0.0,0.07128223776817322,0.9015500545501709,0.09859870374202728,9.142318168241642,0.233154296875
graph.model.4.m.0.m.1.cv2.conv,backbone_early,fixed-sd4,per_output_channel,36864,0.18377286095474069,0.9829686600512952,18688,0.0,0.07128223776817322,0.9015500545501709,0.09859870374202728,9.142318168241642,0.0373806431889534
graph.model.4.m.0.m.1.cv2.conv,backbone_early,exact-ternary,per_tensor,36864,0.5283044741392846,0.8490549414854837,9220,0.0,0.07128223776817322,0.9015500545501709,0.09859870374202728,9.142318168241642,0.5876736044883728
graph.model.4.m.0.m.1.cv2.conv,backbone_early,twn-v3,per_output_filter,36864,0.5220217539694716,0.8529322084608153,9472,0.0,0.07128223776817322,0.9015500545501709,0.09859870374202728,9.142318168241642,0.4989149272441864
graph.model.4.m.0.m.1.cv2.conv,backbone_early,paper-twn-v2,per_tensor,36864,0.5380327041651355,0.8429239136002479,9220,0.0,0.07128223776817322,0.9015500545501709,0.09859870374202728,9.142318168241642,0.4803602397441864
graph.model.5.conv,backbone_deep,w8,per_output_channel,2359296,0.08147740729150528,0.9966751203741174,2361344,0.0,0.021528443321585655,0.6369156241416931,0.0298744048923254,21.31576111163369,0.03209855780005455
graph.model.5.conv,backbone_deep,w7,per_output_channel,2359296,0.03321526758353647,0.9994481488104283,2066432,0.0,0.021528443321585655,0.6369156241416931,0.0298744048923254,21.31576111163369,0.05079396441578865
graph.model.5.conv,backbone_deep,w6,per_output_channel,2359296,0.062318260298914754,0.9980564431812528,1771520,0.0,0.021528443321585655,0.6369156241416931,0.0298744048923254,21.31576111163369,0.0915273055434227
graph.model.5.conv,backbone_deep,w5,per_output_channel,2359296,0.11061671147315778,0.9938631609304971,1476608,0.0,0.021528443321585655,0.6369156241416931,0.0298744048923254,21.31576111163369,0.15268367528915405
graph.model.5.conv,backbone_deep,w4,per_output_channel,2359296,0.18469436665617794,0.9827960418885106,1181696,0.0,0.021528443321585655,0.6369156241416931,0.0298744048923254,21.31576111163369,0.23581865429878235
graph.model.5.conv,backbone_deep,fixed-sd4,per_output_channel,2359296,0.1908154420211655,0.9816258713546998,1181696,0.0,0.021528443321585655,0.6369156241416931,0.0298744048923254,21.31576111163369,0.0497606061398983
graph.model.5.conv,backbone_deep,exact-ternary,per_tensor,2359296,0.5421128024648207,0.8403057583912862,589828,0.0,0.021528443321585655,0.6369156241416931,0.0298744048923254,21.31576111163369,0.5696330666542053
graph.model.5.conv,backbone_deep,twn-v3,per_output_filter,2359296,0.5281961672745102,0.8491223586154781,591872,0.0,0.021528443321585655,0.6369156241416931,0.0298744048923254,21.31576111163369,0.4840342104434967
graph.model.5.conv,backbone_deep,paper-twn-v2,per_tensor,2359296,0.5497757479331961,0.8353123104326309,589828,0.0,0.021528443321585655,0.6369156241416931,0.0298744048923254,21.31576111163369,0.4717119038105011
graph.model.6.cv1.conv,backbone_deep,w8,per_output_channel,262144,0.012608679762157782,0.9999204227659535,264192,0.0,0.06093158572912216,2.014036178588867,0.08450314402580261,23.763385357950206,0.02042388916015625
graph.model.6.cv1.conv,backbone_deep,w7,per_output_channel,262144,0.02520071347119652,0.9996823651101968,231424,0.0,0.06093158572912216,2.014036178588867,0.08450314402580261,23.763385357950206,0.04018402099609375
graph.model.6.cv1.conv,backbone_deep,w6,per_output_channel,262144,0.050029571056817365,0.9987477739151432,198656,0.0,0.06093158572912216,2.014036178588867,0.08450314402580261,23.763385357950206,0.07909774780273438
graph.model.6.cv1.conv,backbone_deep,w5,per_output_channel,262144,0.0962648868384541,0.995355777720183,165888,0.0,0.06093158572912216,2.014036178588867,0.08450314402580261,23.763385357950206,0.1446380615234375
graph.model.6.cv1.conv,backbone_deep,w4,per_output_channel,262144,0.17222390483787464,0.9850578249522779,133120,0.0,0.06093158572912216,2.014036178588867,0.08450314402580261,23.763385357950206,0.23622512817382812
graph.model.6.cv1.conv,backbone_deep,fixed-sd4,per_output_channel,262144,0.1825037972062586,0.9832050176682091,133120,0.0,0.06093158572912216,2.014036178588867,0.08450314402580261,23.763385357950206,0.038909912109375
graph.model.6.cv1.conv,backbone_deep,exact-ternary,per_tensor,262144,0.5415468272287922,0.8406704705347701,65540,0.0,0.06093158572912216,2.014036178588867,0.08450314402580261,23.763385357950206,0.5749015808105469
graph.model.6.cv1.conv,backbone_deep,twn-v3,per_output_filter,262144,0.529759869863544,0.848147695095253,67584,0.0,0.06093158572912216,2.014036178588867,0.08450314402580261,23.763385357950206,0.4892768859863281
graph.model.6.cv1.conv,backbone_deep,paper-twn-v2,per_tensor,262144,0.549749276219897,0.8353297153194655,65540,0.0,0.06093158572912216,2.014036178588867,0.08450314402580261,23.763385357950206,0.4749603271484375
graph.model.6.cv2.conv,backbone_deep,w8,per_output_channel,393216,0.011822985233998499,0.9999302393514437,395264,0.0,0.045375969260931015,1.0862987041473389,0.061725739389657974,17.574753281564355,0.0184326171875
graph.model.6.cv2.conv,backbone_deep,w7,per_output_channel,393216,0.02363587141617355,0.9997208043925155,346112,0.0,0.045375969260931015,1.0862987041473389,0.061725739389657974,17.574753281564355,0.03645579144358635
graph.model.6.cv2.conv,backbone_deep,w6,per_output_channel,393216,0.04665854740387567,0.9989108525735544,296960,0.0,0.045375969260931015,1.0862987041473389,0.061725739389657974,17.574753281564355,0.07052866369485855
graph.model.6.cv2.conv,backbone_deep,w5,per_output_channel,393216,0.08822942561993789,0.9961001620872343,247808,0.0,0.045375969260931015,1.0862987041473389,0.061725739389657974,17.574753281564355,0.1263936311006546
graph.model.6.cv2.conv,backbone_deep,w4,per_output_channel,393216,0.15441264371753757,0.9880064283489818,198656,0.0,0.045375969260931015,1.0862987041473389,0.061725739389657974,17.574753281564355,0.2016703337430954
graph.model.6.cv2.conv,backbone_deep,fixed-sd4,per_output_channel,393216,0.1862630885095321,0.9824998810870178,198656,0.0,0.045375969260931015,1.0862987041473389,0.061725739389657974,17.574753281564355,0.0349324531853199
graph.model.6.cv2.conv,backbone_deep,exact-ternary,per_tensor,393216,0.5155812636261314,0.8568407926390318,98308,0.0,0.045375969260931015,1.0862987041473389,0.061725739389657974,17.574753281564355,0.5654118657112122
graph.model.6.cv2.conv,backbone_deep,twn-v3,per_output_filter,393216,0.49397997997127363,0.8694732886648953,100352,0.0,0.045375969260931015,1.0862987041473389,0.061725739389657974,17.574753281564355,0.4749298095703125
graph.model.6.cv2.conv,backbone_deep,paper-twn-v2,per_tensor,393216,0.5235839458577709,0.851974138631363,98308,0.0,0.045375969260931015,1.0862987041473389,0.061725739389657974,17.574753281564355,0.47173309326171875
graph.model.6.m.0.cv1.conv,backbone_deep,w8,per_output_channel,32768,0.009583464314316156,0.9999541168172636,33280,0.0,0.05032849684357643,0.6883100271224976,0.06805668771266937,10.07376837420732,0.015655517578125
graph.model.6.m.0.cv1.conv,backbone_deep,w7,per_output_channel,32768,0.019365578651083338,0.9998125140575301,29184,0.0,0.05032849684357643,0.6883100271224976,0.06805668771266937,10.07376837420732,0.02947998046875
graph.model.6.m.0.cv1.conv,backbone_deep,w6,per_output_channel,32768,0.03876992562245319,0.9992481480038448,25088,0.0,0.05032849684357643,0.6883100271224976,0.06805668771266937,10.07376837420732,0.058349609375
graph.model.6.m.0.cv1.conv,backbone_deep,w5,per_output_channel,32768,0.07660114210019882,0.997061769745494,20992,0.0,0.05032849684357643,0.6883100271224976,0.06805668771266937,10.07376837420732,0.112518310546875
graph.model.6.m.0.cv1.conv,backbone_deep,w4,per_output_channel,32768,0.14485524859262347,0.9894528282292147,16896,0.0,0.05032849684357643,0.6883100271224976,0.06805668771266937,10.07376837420732,0.197906494140625
graph.model.6.m.0.cv1.conv,backbone_deep,fixed-sd4,per_output_channel,32768,0.17922528137903557,0.9838080661312407,16896,0.0,0.05032849684357643,0.6883100271224976,0.06805668771266937,10.07376837420732,0.02789306640625
graph.model.6.m.0.cv1.conv,backbone_deep,exact-ternary,per_tensor,32768,0.5225640218974716,0.8525999968249895,8196,0.0,0.05032849684357643,0.6883100271224976,0.06805668771266937,10.07376837420732,0.543426513671875
graph.model.6.m.0.cv1.conv,backbone_deep,twn-v3,per_output_filter,32768,0.5024294173265235,0.8646182282400328,8704,0.0,0.05032849684357643,0.6883100271224976,0.06805668771266937,10.07376837420732,0.4742431640625
graph.model.6.m.0.cv1.conv,backbone_deep,paper-twn-v2,per_tensor,32768,0.5284065993103361,0.8489915578455115,8196,0.0,0.05032849684357643,0.6883100271224976,0.06805668771266937,10.07376837420732,0.46209716796875
graph.model.6.m.0.cv2.conv,backbone_deep,w8,per_output_channel,32768,0.008642878725957273,0.9999626607031095,33280,0.0,0.10303041338920593,1.0085663795471191,0.1353367120027542,7.443818938771492,0.013763427734375
graph.model.6.m.0.cv2.conv,backbone_deep,w7,per_output_channel,32768,0.01740024237925241,0.9998485538487775,29184,0.0,0.10303041338920593,1.0085663795471191,0.1353367120027542,7.443818938771492,0.02728271484375
graph.model.6.m.0.cv2.conv,backbone_deep,w6,per_output_channel,32768,0.03506506024440234,0.9993850902983998,25088,0.0,0.10303041338920593,1.0085663795471191,0.1353367120027542,7.443818938771492,0.052490234375
graph.model.6.m.0.cv2.conv,backbone_deep,w5,per_output_channel,32768,0.06985810910042169,0.9975570055641045,20992,0.0,0.10303041338920593,1.0085663795471191,0.1353367120027542,7.443818938771492,0.101470947265625
graph.model.6.m.0.cv2.conv,backbone_deep,w4,per_output_channel,32768,0.13382300612257386,0.9910051815580719,16896,0.0,0.10303041338920593,1.0085663795471191,0.1353367120027542,7.443818938771492,0.183441162109375
graph.model.6.m.0.cv2.conv,backbone_deep,fixed-sd4,per_output_channel,32768,0.17854111919560128,0.9839323659519367,16896,0.0,0.10303041338920593,1.0085663795471191,0.1353367120027542,7.443818938771492,0.02587890625
graph.model.6.m.0.cv2.conv,backbone_deep,exact-ternary,per_tensor,32768,0.48810289645867955,0.8727861071954209,8196,0.0,0.10303041338920593,1.0085663795471191,0.1353367120027542,7.443818938771492,0.518951416015625
graph.model.6.m.0.cv2.conv,backbone_deep,twn-v3,per_output_filter,32768,0.4828122953436092,0.8757238503655095,8704,0.0,0.10303041338920593,1.0085663795471191,0.1353367120027542,7.443818938771492,0.474822998046875
graph.model.6.m.0.cv2.conv,backbone_deep,paper-twn-v2,per_tensor,32768,0.4927463971058088,0.870172891619283,8196,0.0,0.10303041338920593,1.0085663795471191,0.1353367120027542,7.443818938771492,0.451568603515625
graph.model.6.m.0.cv3.conv,backbone_deep,w8,per_output_channel,65536,0.009283846748559699,0.9999568771844297,66560,0.0,0.05140330642461777,0.8235131502151489,0.06855680048465729,11.994856296469504,0.0153961181640625
graph.model.6.m.0.cv3.conv,backbone_deep,w7,per_output_channel,65536,0.018772741929215648,0.9998237413990764,58368,0.0,0.05140330642461777,0.8235131502151489,0.06855680048465729,11.994856296469504,0.03106689453125
graph.model.6.m.0.cv3.conv,backbone_deep,w6,per_output_channel,65536,0.03774333125082458,0.9992874602614094,50176,0.0,0.05140330642461777,0.8235131502151489,0.06855680048465729,11.994856296469504,0.061187744140625
graph.model.6.m.0.cv3.conv,backbone_deep,w5,per_output_channel,65536,0.07468140904954068,0.9972073184243118,41984,0.0,0.05140330642461777,0.8235131502151489,0.06855680048465729,11.994856296469504,0.1154327392578125
graph.model.6.m.0.cv3.conv,backbone_deep,w4,per_output_channel,65536,0.14172904744116888,0.9899054234863675,33792,0.0,0.05140330642461777,0.8235131502151489,0.06855680048465729,11.994856296469504,0.2025909423828125
graph.model.6.m.0.cv3.conv,backbone_deep,fixed-sd4,per_output_channel,65536,0.17946561224441285,0.9837643162233809,33792,0.0,0.05140330642461777,0.8235131502151489,0.06855680048465729,11.994856296469504,0.0291900634765625
graph.model.6.m.0.cv3.conv,backbone_deep,exact-ternary,per_tensor,65536,0.5021614527532566,0.8647738440050162,16388,0.0,0.05140330642461777,0.8235131502151489,0.06855680048465729,11.994856296469504,0.5365447998046875
graph.model.6.m.0.cv3.conv,backbone_deep,twn-v3,per_output_filter,65536,0.4952713167080258,0.86873832277079,17408,0.0,0.05140330642461777,0.8235131502151489,0.06855680048465729,11.994856296469504,0.479095458984375
graph.model.6.m.0.cv3.conv,backbone_deep,paper-twn-v2,per_tensor,65536,0.5079696081223353,0.8613749062034437,16388,0.0,0.05140330642461777,0.8235131502151489,0.06855680048465729,11.994856296469504,0.457244873046875
graph.model.6.m.0.m.0.cv1.conv,backbone_deep,w8,per_output_channel,147456,0.013882006818023903,0.9999037080015276,147968,0.0,0.053350817412137985,1.156353235244751,0.07387746125459671,15.625519239227684,0.0228407122194767
graph.model.6.m.0.m.0.cv1.conv,backbone_deep,w7,per_output_channel,147456,0.027686697545549446,0.9996166622386681,129536,0.0,0.053350817412137985,1.156353235244751,0.07387746125459671,15.625519239227684,0.04486083984375
graph.model.6.m.0.m.0.cv1.conv,backbone_deep,w6,per_output_channel,147456,0.054036519016218025,0.9985389967322171,111104,0.0,0.053350817412137985,1.156353235244751,0.07387746125459671,15.625519239227684,0.0844184011220932
graph.model.6.m.0.m.0.cv1.conv,backbone_deep,w5,per_output_channel,147456,0.10080895151646818,0.9949057216867258,92672,0.0,0.053350817412137985,1.156353235244751,0.07387746125459671,15.625519239227684,0.1476169228553772
graph.model.6.m.0.m.0.cv1.conv,backbone_deep,w4,per_output_channel,147456,0.17448150461772727,0.9846604346074564,74240,0.0,0.053350817412137985,1.156353235244751,0.07387746125459671,15.625519239227684,0.2341851145029068
graph.model.6.m.0.m.0.cv1.conv,backbone_deep,fixed-sd4,per_output_channel,147456,0.18601308740859165,0.9825471526480375,74240,0.0,0.053350817412137985,1.156353235244751,0.07387746125459671,15.625519239227684,0.0422905832529068
graph.model.6.m.0.m.0.cv1.conv,backbone_deep,exact-ternary,per_tensor,147456,0.5398464442167927,0.8417634713917265,36868,0.0,0.053350817412137985,1.156353235244751,0.07387746125459671,15.625519239227684,0.5746595859527588
graph.model.6.m.0.m.0.cv1.conv,backbone_deep,twn-v3,per_output_filter,147456,0.5276240991053385,0.8494779410045922,37376,0.0,0.053350817412137985,1.156353235244751,0.07387746125459671,15.625519239227684,0.48834228515625
graph.model.6.m.0.m.0.cv1.conv,backbone_deep,paper-twn-v2,per_tensor,147456,0.5479797226638945,0.8364915707701138,36868,0.0,0.053350817412137985,1.156353235244751,0.07387746125459671,15.625519239227684,0.4731038510799408
graph.model.6.m.0.m.0.cv2.conv,backbone_deep,w8,per_output_channel,147456,0.01338561449189522,0.9999105720950204,147968,0.0,0.034408144652843475,0.8268957138061523,0.04717692732810974,17.506363725241282,0.02091471292078495
graph.model.6.m.0.m.0.cv2.conv,backbone_deep,w7,per_output_channel,147456,0.02663565903505608,0.9996453017765781,129536,0.0,0.034408144652843475,0.8268957138061523,0.04717692732810974,17.506363725241282,0.0402696393430233
graph.model.6.m.0.m.0.cv2.conv,backbone_deep,w6,per_output_channel,147456,0.05192984997332279,0.9986506772687861,111104,0.0,0.034408144652843475,0.8268957138061523,0.04717692732810974,17.506363725241282,0.0765516459941864
graph.model.6.m.0.m.0.cv2.conv,backbone_deep,w5,per_output_channel,147456,0.09643799844588377,0.9953389865241802,92672,0.0,0.034408144652843475,0.8268957138061523,0.04717692732810974,17.506363725241282,0.1327311247587204
graph.model.6.m.0.m.0.cv2.conv,backbone_deep,w4,per_output_channel,147456,0.16624378579770693,0.986084591226909,74240,0.0,0.034408144652843475,0.8268957138061523,0.04717692732810974,17.506363725241282,0.2129787802696228
graph.model.6.m.0.m.0.cv2.conv,backbone_deep,fixed-sd4,per_output_channel,147456,0.18679222225340422,0.982399460784198,74240,0.0,0.034408144652843475,0.8268957138061523,0.04717692732810974,17.506363725241282,0.0397610142827034
graph.model.6.m.0.m.0.cv2.conv,backbone_deep,exact-ternary,per_tensor,147456,0.5322959191432735,0.8465582767388338,36868,0.0,0.034408144652843475,0.8268957138061523,0.04717692732810974,17.506363725241282,0.5597262978553772
graph.model.6.m.0.m.0.cv2.conv,backbone_deep,twn-v3,per_output_filter,147456,0.512982742271072,0.858398974193087,37376,0.0,0.034408144652843475,0.8268957138061523,0.04717692732810974,17.506363725241282,0.4799329936504364
graph.model.6.m.0.m.0.cv2.conv,backbone_deep,paper-twn-v2,per_tensor,147456,0.5393667890099955,0.8420708567380325,36868,0.0,0.034408144652843475,0.8268957138061523,0.04717692732810974,17.506363725241282,0.4681803286075592
graph.model.6.m.0.m.1.cv1.conv,backbone_deep,w8,per_output_channel,147456,0.013707604791941427,0.9999060648359719,147968,0.0,0.032579731196165085,0.511841356754303,0.04496143013238907,11.362396151311456,0.0214708112180233
graph.model.6.m.0.m.1.cv1.conv,backbone_deep,w7,per_output_channel,147456,0.027250404603868808,0.9996285868292201,129536,0.0,0.032579731196165085,0.511841356754303,0.04496143013238907,11.362396151311456,0.0433417409658432
graph.model.6.m.0.m.1.cv1.conv,backbone_deep,w6,per_output_channel,147456,0.05345300502932635,0.9985704071853074,111104,0.0,0.032579731196165085,0.511841356754303,0.04496143013238907,11.362396151311456,0.08245849609375
graph.model.6.m.0.m.1.cv1.conv,backbone_deep,w5,per_output_channel,147456,0.09901900819732798,0.9950856317427182,92672,0.0,0.032579731196165085,0.511841356754303,0.04496143013238907,11.362396151311456,0.1432088166475296
graph.model.6.m.0.m.1.cv1.conv,backbone_deep,w4,per_output_channel,147456,0.17070633649078634,0.9853220154774867,74240,0.0,0.032579731196165085,0.511841356754303,0.04496143013238907,11.362396151311456,0.2262437641620636
graph.model.6.m.0.m.1.cv1.conv,backbone_deep,fixed-sd4,per_output_channel,147456,0.1870994768526927,0.9823409985246727,74240,0.0,0.032579731196165085,0.511841356754303,0.04496143013238907,11.362396151311456,0.04132080078125
graph.model.6.m.0.m.1.cv1.conv,backbone_deep,exact-ternary,per_tensor,147456,0.537120822970175,0.8435053367870657,36868,0.0,0.032579731196165085,0.511841356754303,0.04496143013238907,11.362396151311456,0.5705227255821228
graph.model.6.m.0.m.1.cv1.conv,backbone_deep,twn-v3,per_output_filter,147456,0.5230134516422764,0.8523245170625662,37376,0.0,0.032579731196165085,0.511841356754303,0.04496143013238907,11.362396151311456,0.4856296181678772
graph.model.6.m.0.m.1.cv1.conv,backbone_deep,paper-twn-v2,per_tensor,147456,0.5449497965721618,0.8384687967930554,36868,0.0,0.032579731196165085,0.511841356754303,0.04496143013238907,11.362396151311456,0.4712999165058136
graph.model.6.m.0.m.1.cv2.conv,backbone_deep,w8,per_output_channel,147456,0.012471573019138395,0.9999221953621263,147968,0.0,0.05047433450818062,0.6637802124023438,0.06826494634151459,9.717695314859855,0.0203111432492733
graph.model.6.m.0.m.1.cv2.conv,backbone_deep,w7,per_output_channel,147456,0.024892767683391905,0.9996900720800084,129536,0.0,0.05047433450818062,0.6637802124023438,0.06826494634151459,9.717695314859855,0.040283203125
graph.model.6.m.0.m.1.cv2.conv,backbone_deep,w6,per_output_channel,147456,0.048665887437494136,0.9988150901360624,111104,0.0,0.05047433450818062,0.6637802124023438,0.06826494634151459,9.717695314859855,0.0755683034658432
graph.model.6.m.0.m.1.cv2.conv,backbone_deep,w5,per_output_channel,147456,0.09098095415754419,0.9958525938571554,92672,0.0,0.05047433450818062,0.6637802124023438,0.06826494634151459,9.717695314859855,0.1333957314491272
graph.model.6.m.0.m.1.cv2.conv,backbone_deep,w4,per_output_channel,147456,0.15956476879480982,0.9871874518829697,74240,0.0,0.05047433450818062,0.6637802124023438,0.06826494634151459,9.717695314859855,0.2146470844745636
graph.model.6.m.0.m.1.cv2.conv,backbone_deep,fixed-sd4,per_output_channel,147456,0.18736478334425946,0.9822904550297384,74240,0.0,0.05047433450818062,0.6637802124023438,0.06826494634151459,9.717695314859855,0.0384996198117733
graph.model.6.m.0.m.1.cv2.conv,backbone_deep,exact-ternary,per_tensor,147456,0.5177707499526366,0.8555194169457823,36868,0.0,0.05047433450818062,0.6637802124023438,0.06826494634151459,9.717695314859855,0.5485500693321228
graph.model.6.m.0.m.1.cv2.conv,backbone_deep,twn-v3,per_output_filter,147456,0.5111668392437585,0.8594814176041642,37376,0.0,0.05047433450818062,0.6637802124023438,0.06826494634151459,9.717695314859855,0.4842529296875
graph.model.6.m.0.m.1.cv2.conv,backbone_deep,paper-twn-v2,per_tensor,147456,0.5242090529517657,0.8515894826832487,36868,0.0,0.05047433450818062,0.6637802124023438,0.06826494634151459,9.717695314859855,0.4627821147441864
graph.model.7.conv,backbone_deep,w8,per_output_channel,2359296,0.0010958431944581412,0.9999992941165832,2361344,0.04765404760837555,0.017431501299142838,0.4772680699825287,0.024205677211284637,19.709263529557198,0.04765404760837555
graph.model.7.conv,backbone_deep,w7,per_output_channel,2359296,0.0038059320880436515,0.999992764658427,2066432,0.04765404760837555,0.017431501299142838,0.4772680699825287,0.024205677211284637,19.709263529557198,0.04765404760837555
graph.model.7.conv,backbone_deep,w6,per_output_channel,2359296,0.04023680185628551,0.9991901108483058,1771520,0.04765404760837555,0.017431501299142838,0.4772680699825287,0.024205677211284637,19.709263529557198,0.09510167688131332
graph.model.7.conv,backbone_deep,w5,per_output_channel,2359296,0.09111607853349948,0.9958401739495779,1476608,0.04765404760837555,0.017431501299142838,0.4772680699825287,0.024205677211284637,19.709263529557198,0.17735502123832703
graph.model.7.conv,backbone_deep,w4,per_output_channel,2359296,0.1681387471583959,0.9857632780643265,1181696,0.04765404760837555,0.017431501299142838,0.4772680699825287,0.024205677211284637,19.709263529557198,0.269487589597702
graph.model.7.conv,backbone_deep,fixed-sd4,per_output_channel,2359296,1.9110025407755674e-06,1.0,1181696,0.04765404760837555,0.017431501299142838,0.4772680699825287,0.024205677211284637,19.709263529557198,0.04765404760837555
graph.model.7.conv,backbone_deep,exact-ternary,per_tensor,2359296,0.5336576681139179,0.8457005540299432,589828,0.04765404760837555,0.017431501299142838,0.4772680699825287,0.024205677211284637,19.709263529557198,0.5899484157562256
graph.model.7.conv,backbone_deep,twn-v3,per_output_filter,2359296,0.5156355683552648,0.8568080197487848,591872,0.04765404760837555,0.017431501299142838,0.4772680699825287,0.024205677211284637,19.709263529557198,0.4903212785720825
graph.model.7.conv,backbone_deep,paper-twn-v2,per_tensor,2359296,0.543900809588343,0.8391495680537073,589828,0.04765404760837555,0.017431501299142838,0.4772680699825287,0.024205677211284637,19.709263529557198,0.4755227863788605
graph.model.8.cv1.conv,backbone_deep,w8,per_output_channel,262144,0.011475564784081857,0.9999342276983673,264192,0.0,0.06283207982778549,1.2608425617218018,0.0853051170706749,14.732514925603633,0.018306732177734375
graph.model.8.cv1.conv,backbone_deep,w7,per_output_channel,262144,0.023099122876575406,0.9997331940527238,231424,0.0,0.06283207982778549,1.2608425617218018,0.0853051170706749,14.732514925603633,0.036876678466796875
graph.model.8.cv1.conv,backbone_deep,w6,per_output_channel,262144,0.0459267967928104,0.9989448863541555,198656,0.0,0.06283207982778549,1.2608425617218018,0.0853051170706749,14.732514925603633,0.07248687744140625
graph.model.8.cv1.conv,backbone_deep,w5,per_output_channel,262144,0.08934979528577351,0.9960003307284969,165888,0.0,0.06283207982778549,1.2608425617218018,0.0853051170706749,14.732514925603633,0.13346099853515625
graph.model.8.cv1.conv,backbone_deep,w4,per_output_channel,262144,0.16133696450096385,0.9868993999450856,133120,0.0,0.06283207982778549,1.2608425617218018,0.0853051170706749,14.732514925603633,0.2188720703125
graph.model.8.cv1.conv,backbone_deep,fixed-sd4,per_output_channel,262144,0.18343492352327012,0.9830318918345844,133120,0.0,0.06283207982778549,1.2608425617218018,0.0853051170706749,14.732514925603633,0.035106658935546875
graph.model.8.cv1.conv,backbone_deep,exact-ternary,per_tensor,262144,0.5191122706228012,0.8547061200473767,65540,0.0,0.06283207982778549,1.2608425617218018,0.0853051170706749,14.732514925603633,0.5630874633789062
graph.model.8.cv1.conv,backbone_deep,twn-v3,per_output_filter,262144,0.504092224472245,0.8636498302128179,67584,0.0,0.06283207982778549,1.2608425617218018,0.0853051170706749,14.732514925603633,0.479705810546875
graph.model.8.cv1.conv,backbone_deep,paper-twn-v2,per_tensor,262144,0.5268159882398138,0.8499795669369059,65540,0.0,0.06283207982778549,1.2608425617218018,0.0853051170706749,14.732514925603633,0.4687461853027344
graph.model.8.cv2.conv,backbone_deep,w8,per_output_channel,393216,0.013323589622842311,0.9999112155908374,395264,0.0,0.04004088044166565,1.387922763824463,0.05537993460893631,25.020419326807385,0.0216547641903162
graph.model.8.cv2.conv,backbone_deep,w7,per_output_channel,393216,0.026638589927233232,0.9996452670950822,346112,0.0,0.04004088044166565,1.387922763824463,0.05537993460893631,25.020419326807385,0.04279835894703865
graph.model.8.cv2.conv,backbone_deep,w6,per_output_channel,393216,0.05247418377913108,0.9986222897376281,296960,0.0,0.04004088044166565,1.387922763824463,0.05537993460893631,25.020419326807385,0.08259836584329605
graph.model.8.cv2.conv,backbone_deep,w5,per_output_channel,393216,0.09893798906349827,0.995093556829487,247808,0.0,0.04004088044166565,1.387922763824463,0.05537993460893631,25.020419326807385,0.1447499543428421
graph.model.8.cv2.conv,backbone_deep,w4,per_output_channel,393216,0.17142173918072418,0.9851976410199705,198656,0.0,0.04004088044166565,1.387922763824463,0.05537993460893631,25.020419326807385,0.2276051789522171
graph.model.8.cv2.conv,backbone_deep,fixed-sd4,per_output_channel,393216,0.18489627013276994,0.98275808705875,198656,0.0,0.04004088044166565,1.387922763824463,0.05537993460893631,25.020419326807385,0.04139455035328865
graph.model.8.cv2.conv,backbone_deep,exact-ternary,per_tensor,393216,0.5339067519997236,0.8455432154399763,98308,0.0,0.04004088044166565,1.387922763824463,0.05537993460893631,25.020419326807385,0.5775044560432434
graph.model.8.cv2.conv,backbone_deep,twn-v3,per_output_filter,393216,0.5123638706798838,0.8587684283776226,100352,0.0,0.04004088044166565,1.387922763824463,0.05537993460893631,25.020419326807385,0.47963204979896545
graph.model.8.cv2.conv,backbone_deep,paper-twn-v2,per_tensor,393216,0.5425693071681239,0.8400110697859073,98308,0.0,0.04004088044166565,1.387922763824463,0.05537993460893631,25.020419326807385,0.47582754492759705
graph.model.8.m.0.cv1.conv,backbone_deep,w8,per_output_channel,32768,0.01125569727933883,0.9999366761319725,33280,0.0,0.05631653219461441,1.1485542058944702,0.07698352634906769,14.781631028480753,0.0189208984375
graph.model.8.m.0.cv1.conv,backbone_deep,w7,per_output_channel,32768,0.022438706056560963,0.9997481840944139,29184,0.0,0.05631653219461441,1.1485542058944702,0.07698352634906769,14.781631028480753,0.037567138671875
graph.model.8.m.0.cv1.conv,backbone_deep,w6,per_output_channel,32768,0.044692708266119485,0.9990006937291894,25088,0.0,0.05631653219461441,1.1485542058944702,0.07698352634906769,14.781631028480753,0.073638916015625
graph.model.8.m.0.cv1.conv,backbone_deep,w5,per_output_channel,32768,0.08859503905006279,0.996067767165828,20992,0.0,0.05631653219461441,1.1485542058944702,0.07698352634906769,14.781631028480753,0.136993408203125
graph.model.8.m.0.cv1.conv,backbone_deep,w4,per_output_channel,32768,0.1644087385419984,0.9863922448195211,16896,0.0,0.05631653219461441,1.1485542058944702,0.07698352634906769,14.781631028480753,0.22625732421875
graph.model.8.m.0.cv1.conv,backbone_deep,fixed-sd4,per_output_channel,32768,0.17744830562582364,0.9841302159824749,16896,0.0,0.05631653219461441,1.1485542058944702,0.07698352634906769,14.781631028480753,0.0361328125
graph.model.8.m.0.cv1.conv,backbone_deep,exact-ternary,per_tensor,32768,0.5342119158909282,0.8453506413301735,8196,0.0,0.05631653219461441,1.1485542058944702,0.07698352634906769,14.781631028480753,0.56463623046875
graph.model.8.m.0.cv1.conv,backbone_deep,twn-v3,per_output_filter,32768,0.5213605262032662,0.853336466224842,8704,0.0,0.05631653219461441,1.1485542058944702,0.07698352634906769,14.781631028480753,0.479400634765625
graph.model.8.m.0.cv1.conv,backbone_deep,paper-twn-v2,per_tensor,32768,0.5418176270585116,0.8404960791156122,8196,0.0,0.05631653219461441,1.1485542058944702,0.07698352634906769,14.781631028480753,0.470458984375
graph.model.8.m.0.cv2.conv,backbone_deep,w8,per_output_channel,32768,0.00875480949940734,0.999961560215195,33280,0.0,0.11365489661693573,1.3906750679016113,0.1483197808265686,9.355457732927158,0.0133056640625
graph.model.8.m.0.cv2.conv,backbone_deep,w7,per_output_channel,32768,0.017669360941499065,0.9998437023362133,29184,0.0,0.11365489661693573,1.3906750679016113,0.1483197808265686,9.355457732927158,0.02606201171875
graph.model.8.m.0.cv2.conv,backbone_deep,w6,per_output_channel,32768,0.03557264112233835,0.9993671133761828,25088,0.0,0.11365489661693573,1.3906750679016113,0.1483197808265686,9.355457732927158,0.0501708984375
graph.model.8.m.0.cv2.conv,backbone_deep,w5,per_output_channel,32768,0.07126234012967325,0.9974575085233701,20992,0.0,0.11365489661693573,1.3906750679016113,0.1483197808265686,9.355457732927158,0.09930419921875
graph.model.8.m.0.cv2.conv,backbone_deep,w4,per_output_channel,32768,0.13680339544835804,0.9905983178091408,16896,0.0,0.11365489661693573,1.3906750679016113,0.1483197808265686,9.355457732927158,0.180084228515625
graph.model.8.m.0.cv2.conv,backbone_deep,fixed-sd4,per_output_channel,32768,0.1808386026189819,0.9835126974023376,16896,0.0,0.11365489661693573,1.3906750679016113,0.1483197808265686,9.355457732927158,0.024444580078125
graph.model.8.m.0.cv2.conv,backbone_deep,exact-ternary,per_tensor,32768,0.48639067474123854,0.8737413960826165,8196,0.0,0.11365489661693573,1.3906750679016113,0.1483197808265686,9.355457732927158,0.505828857421875
graph.model.8.m.0.cv2.conv,backbone_deep,twn-v3,per_output_filter,32768,0.4799832718679726,0.8772776646393645,8704,0.0,0.11365489661693573,1.3906750679016113,0.1483197808265686,9.355457732927158,0.470001220703125
graph.model.8.m.0.cv2.conv,backbone_deep,paper-twn-v2,per_tensor,32768,0.49023359054704146,0.8715911133367219,8196,0.0,0.11365489661693573,1.3906750679016113,0.1483197808265686,9.355457732927158,0.44451904296875
graph.model.8.m.0.cv3.conv,backbone_deep,w8,per_output_channel,65536,0.010821551172454563,0.9999414425730522,66560,0.0,0.041410647332668304,0.7369593381881714,0.05815231055021286,12.657921685991175,0.0198822021484375
graph.model.8.m.0.cv3.conv,backbone_deep,w7,per_output_channel,65536,0.021793453785811864,0.9997625877499225,58368,0.0,0.041410647332668304,0.7369593381881714,0.05815231055021286,12.657921685991175,0.0407562255859375
graph.model.8.m.0.cv3.conv,backbone_deep,w6,per_output_channel,65536,0.04375606594575355,0.9990422088477875,50176,0.0,0.041410647332668304,0.7369593381881714,0.05815231055021286,12.657921685991175,0.080108642578125
graph.model.8.m.0.cv3.conv,backbone_deep,w5,per_output_channel,65536,0.08561656699522974,0.9963281952670524,41984,0.0,0.041410647332668304,0.7369593381881714,0.05815231055021286,12.657921685991175,0.1502532958984375
graph.model.8.m.0.cv3.conv,backbone_deep,w4,per_output_channel,65536,0.15941169965786708,0.9872122453335266,33792,0.0,0.041410647332668304,0.7369593381881714,0.05815231055021286,12.657921685991175,0.251922607421875
graph.model.8.m.0.cv3.conv,backbone_deep,fixed-sd4,per_output_channel,65536,0.176183553989481,0.9843573278360309,33792,0.0,0.041410647332668304,0.7369593381881714,0.05815231055021286,12.657921685991175,0.0388946533203125
graph.model.8.m.0.cv3.conv,backbone_deep,exact-ternary,per_tensor,65536,0.5367416172045688,0.8437466233189016,16388,0.0,0.041410647332668304,0.7369593381881714,0.05815231055021286,12.657921685991175,0.6039886474609375
graph.model.8.m.0.cv3.conv,backbone_deep,twn-v3,per_output_filter,65536,0.5250388559573832,0.8510782571156205,17408,0.0,0.041410647332668304,0.7369593381881714,0.05815231055021286,12.657921685991175,0.49749755859375
graph.model.8.m.0.cv3.conv,backbone_deep,paper-twn-v2,per_tensor,65536,0.5486728163026695,0.8360371646347451,16388,0.0,0.041410647332668304,0.7369593381881714,0.05815231055021286,12.657921685991175,0.4881439208984375
graph.model.8.m.0.m.0.cv1.conv,backbone_deep,w8,per_output_channel,147456,0.015267814227724955,0.9998834591692252,147968,0.0,0.057570140808820724,1.5225942134857178,0.08040248602628708,18.919033510624637,0.02569580078125
graph.model.8.m.0.m.0.cv1.conv,backbone_deep,w7,per_output_channel,147456,0.03041665441913356,0.9995373679554086,129536,0.0,0.057570140808820724,1.5225942134857178,0.08040248602628708,18.919033510624637,0.0488145612180233
graph.model.8.m.0.m.0.cv1.conv,backbone_deep,w6,per_output_channel,147456,0.059238776324264976,0.9982438326797739,111104,0.0,0.057570140808820724,1.5225942134857178,0.08040248602628708,18.919033510624637,0.0926649272441864
graph.model.8.m.0.m.0.cv1.conv,backbone_deep,w5,per_output_channel,147456,0.10908462322161652,0.9940325335769514,92672,0.0,0.057570140808820724,1.5225942134857178,0.08040248602628708,18.919033510624637,0.15936279296875
graph.model.8.m.0.m.0.cv1.conv,backbone_deep,w4,per_output_channel,147456,0.18539845500461333,0.9826635500201839,74240,0.0,0.057570140808820724,1.5225942134857178,0.08040248602628708,18.919033510624637,0.2457546591758728
graph.model.8.m.0.m.0.cv1.conv,backbone_deep,fixed-sd4,per_output_channel,147456,0.18650897278674677,0.9824532717394518,74240,0.0,0.057570140808820724,1.5225942134857178,0.08040248602628708,18.919033510624637,0.0470174141228199
graph.model.8.m.0.m.0.cv1.conv,backbone_deep,exact-ternary,per_tensor,147456,0.54938024529036,0.8355724873716784,36868,0.0,0.057570140808820724,1.5225942134857178,0.08040248602628708,18.919033510624637,0.5790541172027588
graph.model.8.m.0.m.0.cv1.conv,backbone_deep,twn-v3,per_output_filter,147456,0.5412272890431437,0.8408763984410792,37376,0.0,0.057570140808820724,1.5225942134857178,0.08040248602628708,18.919033510624637,0.4914618730545044
graph.model.8.m.0.m.0.cv1.conv,backbone_deep,paper-twn-v2,per_tensor,147456,0.5574877661952465,0.8301851928632881,36868,0.0,0.057570140808820724,1.5225942134857178,0.08040248602628708,18.919033510624637,0.4742363691329956
graph.model.8.m.0.m.0.cv2.conv,backbone_deep,w8,per_output_channel,147456,0.015485158546559685,0.9998802645049913,147968,0.0,0.029840728268027306,0.6683197021484375,0.04203440248966217,15.88119106071686,0.02573649026453495
graph.model.8.m.0.m.0.cv2.conv,backbone_deep,w7,per_output_channel,147456,0.030891599961054683,0.999522727036326,129536,0.0,0.029840728268027306,0.6683197021484375,0.04203440248966217,15.88119106071686,0.0498114675283432
graph.model.8.m.0.m.0.cv2.conv,backbone_deep,w6,per_output_channel,147456,0.060585018991355356,0.998163061827437,111104,0.0,0.029840728268027306,0.6683197021484375,0.04203440248966217,15.88119106071686,0.0941908061504364
graph.model.8.m.0.m.0.cv2.conv,backbone_deep,w5,per_output_channel,147456,0.11228121060835984,0.9936765315798255,92672,0.0,0.029840728268027306,0.6683197021484375,0.04203440248966217,15.88119106071686,0.1631401926279068
graph.model.8.m.0.m.0.cv2.conv,backbone_deep,w4,per_output_channel,147456,0.19334007176929757,0.9811318020590586,74240,0.0,0.029840728268027306,0.6683197021484375,0.04203440248966217,15.88119106071686,0.2562798261642456
graph.model.8.m.0.m.0.cv2.conv,backbone_deep,fixed-sd4,per_output_channel,147456,0.185361319905252,0.9826704246320593,74240,0.0,0.029840728268027306,0.6683197021484375,0.04203440248966217,15.88119106071686,0.0480753593146801
graph.model.8.m.0.m.0.cv2.conv,backbone_deep,exact-ternary,per_tensor,147456,0.5603534066431417,0.8282535877949029,36868,0.0,0.029840728268027306,0.6683197021484375,0.04203440248966217,15.88119106071686,0.5762668251991272
graph.model.8.m.0.m.0.cv2.conv,backbone_deep,twn-v3,per_output_filter,147456,0.5503316625162434,0.8349461077216367,37376,0.0,0.029840728268027306,0.6683197021484375,0.04203440248966217,15.88119106071686,0.4913262128829956
graph.model.8.m.0.m.0.cv2.conv,backbone_deep,paper-twn-v2,per_tensor,147456,0.5681379984684883,0.8229333523105881,36868,0.0,0.029840728268027306,0.6683197021484375,0.04203440248966217,15.88119106071686,0.4738837480545044
graph.model.8.m.0.m.1.cv1.conv,backbone_deep,w8,per_output_channel,147456,0.015202739519028275,0.9998844028928688,147968,0.0,0.01995856501162052,0.44837984442710876,0.028035108000040054,15.961277730900195,0.02568901889026165
graph.model.8.m.0.m.1.cv1.conv,backbone_deep,w7,per_output_channel,147456,0.03033297486905453,0.9995399245836356,129536,0.0,0.01995856501162052,0.44837984442710876,0.028035108000040054,15.961277730900195,0.0508287213742733
graph.model.8.m.0.m.1.cv1.conv,backbone_deep,w6,per_output_channel,147456,0.05918743033311571,0.9982469652684398,111104,0.0,0.01995856501162052,0.44837984442710876,0.028035108000040054,15.961277730900195,0.0961710587143898
graph.model.8.m.0.m.1.cv1.conv,backbone_deep,w5,per_output_channel,147456,0.10968872814005921,0.9939660935108802,92672,0.0,0.01995856501162052,0.44837984442710876,0.028035108000040054,15.961277730900195,0.1642591655254364
graph.model.8.m.0.m.1.cv1.conv,backbone_deep,w4,per_output_channel,147456,0.1873831680861778,0.9822870327511801,74240,0.0,0.01995856501162052,0.44837984442710876,0.028035108000040054,15.961277730900195,0.2546793520450592
graph.model.8.m.0.m.1.cv1.conv,backbone_deep,fixed-sd4,per_output_channel,147456,0.18572566838925564,0.9826016952616052,74240,0.0,0.01995856501162052,0.44837984442710876,0.028035108000040054,15.961277730900195,0.0486382395029068
graph.model.8.m.0.m.1.cv1.conv,backbone_deep,exact-ternary,per_tensor,147456,0.5533641882840951,0.8329395048358473,36868,0.0,0.01995856501162052,0.44837984442710876,0.028035108000040054,15.961277730900195,0.5855034589767456
graph.model.8.m.0.m.1.cv1.conv,backbone_deep,twn-v3,per_output_filter,147456,0.5439189882451444,0.8391377911723404,37376,0.0,0.01995856501162052,0.44837984442710876,0.028035108000040054,15.961277730900195,0.4903157651424408
graph.model.8.m.0.m.1.cv1.conv,backbone_deep,paper-twn-v2,per_tensor,147456,0.5620260025601043,0.8271196824769478,36868,0.0,0.01995856501162052,0.44837984442710876,0.028035108000040054,15.961277730900195,0.4767049252986908
graph.model.8.m.0.m.1.cv2.conv,backbone_deep,w8,per_output_channel,147456,0.12740919572558382,0.9918788564989982,147968,0.0,0.03584166243672371,0.9623714685440063,0.05211474001407623,18.45594326478545,0.0353664830327034
graph.model.8.m.0.m.1.cv2.conv,backbone_deep,w7,per_output_channel,147456,0.03307449641370356,0.9994528824107574,129536,0.0,0.03584166243672371,0.9623714685440063,0.05211474001407623,18.45594326478545,0.0559353306889534
graph.model.8.m.0.m.1.cv2.conv,backbone_deep,w6,per_output_channel,147456,0.06507130759318994,0.9978805939989136,111104,0.0,0.03584166243672371,0.9623714685440063,0.05211474001407623,18.45594326478545,0.10614013671875
graph.model.8.m.0.m.1.cv2.conv,backbone_deep,w5,per_output_channel,147456,0.12155646335466176,0.9925845184718869,92672,0.0,0.03584166243672371,0.9623714685440063,0.05211474001407623,18.45594326478545,0.1832071989774704
graph.model.8.m.0.m.1.cv2.conv,backbone_deep,w4,per_output_channel,147456,0.21110190297198025,0.9774640881765684,74240,0.0,0.03584166243672371,0.9623714685440063,0.05211474001407623,18.45594326478545,0.2853257954120636
graph.model.8.m.0.m.1.cv2.conv,backbone_deep,fixed-sd4,per_output_channel,147456,0.18431634112599568,0.9828670843127393,74240,0.0,0.03584166243672371,0.9623714685440063,0.05211474001407623,18.45594326478545,0.0536770299077034
graph.model.8.m.0.m.1.cv2.conv,backbone_deep,exact-ternary,per_tensor,147456,0.5878664991304164,0.8089579389618662,36868,0.0,0.03584166243672371,0.9623714685440063,0.05211474001407623,18.45594326478545,0.6000502109527588
graph.model.8.m.0.m.1.cv2.conv,backbone_deep,twn-v3,per_output_filter,147456,0.580453498625001,0.8142934200838668,37376,0.0,0.03584166243672371,0.9623714685440063,0.05211474001407623,18.45594326478545,0.5013495683670044
graph.model.8.m.0.m.1.cv2.conv,backbone_deep,paper-twn-v2,per_tensor,147456,0.5969679409021946,0.8022651155278278,36868,0.0,0.03584166243672371,0.9623714685440063,0.05211474001407623,18.45594326478545,0.4825303852558136
graph.model.9.cv1.conv,backbone_deep,w8,per_output_channel,131072,0.013231798162554523,0.9999125182842203,132096,0.0,0.043819669634103775,1.3067846298217773,0.05974964052438736,21.81669982001402,0.0216522216796875
graph.model.9.cv1.conv,backbone_deep,w7,per_output_channel,131072,0.026382785205706506,0.9996519086040749,115712,0.0,0.043819669634103775,1.3067846298217773,0.05974964052438736,21.81669982001402,0.042877197265625
graph.model.9.cv1.conv,backbone_deep,w6,per_output_channel,131072,0.05271764132307896,0.9986094404546811,99328,0.0,0.043819669634103775,1.3067846298217773,0.05974964052438736,21.81669982001402,0.0830535888671875
graph.model.9.cv1.conv,backbone_deep,w5,per_output_channel,131072,0.10157451591169123,0.9948279062059469,82944,0.0,0.043819669634103775,1.3067846298217773,0.05974964052438736,21.81669982001402,0.1485748291015625
graph.model.9.cv1.conv,backbone_deep,w4,per_output_channel,131072,0.17849682006709447,0.9839404969052618,66560,0.0,0.043819669634103775,1.3067846298217773,0.05974964052438736,21.81669982001402,0.23839569091796875
graph.model.9.cv1.conv,backbone_deep,fixed-sd4,per_output_channel,131072,0.1816303483344221,0.9833668923480695,66560,0.0,0.043819669634103775,1.3067846298217773,0.05974964052438736,21.81669982001402,0.0413360595703125
graph.model.9.cv1.conv,backbone_deep,exact-ternary,per_tensor,131072,0.5291725318934537,0.8485143100697756,32772,0.0,0.043819669634103775,1.3067846298217773,0.05974964052438736,21.81669982001402,0.5476455688476562
graph.model.9.cv1.conv,backbone_deep,twn-v3,per_output_filter,131072,0.5258969726873566,0.8505483548323243,33792,0.0,0.043819669634103775,1.3067846298217773,0.05974964052438736,21.81669982001402,0.4842987060546875
graph.model.9.cv1.conv,backbone_deep,paper-twn-v2,per_tensor,131072,0.5354071220373008,0.8445941117908299,32772,0.0,0.043819669634103775,1.3067846298217773,0.05974964052438736,21.81669982001402,0.463653564453125
graph.model.9.cv2.conv,backbone_deep,w8,per_output_channel,524288,0.018153538972872987,0.9998353095269684,526336,0.0,0.01916695013642311,1.1914334297180176,0.028428509831428528,41.90945204274313,0.02718353271484375
graph.model.9.cv2.conv,backbone_deep,w7,per_output_channel,524288,0.03629283870641209,0.9993413588504049,460800,0.0,0.01916695013642311,1.1914334297180176,0.028428509831428528,41.90945204274313,0.05345916748046875
graph.model.9.cv2.conv,backbone_deep,w6,per_output_channel,524288,0.07108055228628345,0.9974706689235001,395264,0.0,0.01916695013642311,1.1914334297180176,0.028428509831428528,41.90945204274313,0.1016845703125
graph.model.9.cv2.conv,backbone_deep,w5,per_output_channel,524288,0.13199752475948742,0.9912499846148669,329728,0.0,0.01916695013642311,1.1914334297180176,0.028428509831428528,41.90945204274313,0.17348480224609375
graph.model.9.cv2.conv,backbone_deep,w4,per_output_channel,524288,0.22020289975914448,0.9754541598627193,264192,0.0,0.01916695013642311,1.1914334297180176,0.028428509831428528,41.90945204274313,0.2639427185058594
graph.model.9.cv2.conv,backbone_deep,fixed-sd4,per_output_channel,524288,0.18313822097102173,0.9830872543028172,264192,0.0,0.01916695013642311,1.1914334297180176,0.028428509831428528,41.90945204274313,0.05183219909667969
graph.model.9.cv2.conv,backbone_deep,exact-ternary,per_tensor,524288,0.596766805448816,0.8024148233280161,131076,0.0,0.01916695013642311,1.1914334297180176,0.028428509831428528,41.90945204274313,0.6270828247070312
graph.model.9.cv2.conv,backbone_deep,twn-v3,per_output_filter,524288,0.5734297175004034,0.8192548023108048,133120,0.0,0.01916695013642311,1.1914334297180176,0.028428509831428528,41.90945204274313,0.497894287109375
graph.model.9.cv2.conv,backbone_deep,paper-twn-v2,per_tensor,524288,0.6083892478170212,0.793638763625929,131076,0.0,0.01916695013642311,1.1914334297180176,0.028428509831428528,41.90945204274313,0.4937248229980469
